dataset_id,dataset_name,fold,estimator,n_train,n_test,n_original_features,n_transformed_features,accuracy,f1,auroc,fit_time,predict_time
14,Breast Cancer,1,RandomFuzzyRules__max_rules__2,257,29,9,38,0.7586206896551724,0.36363636363636365,0.6011904761904762,0.036678000004030764,0.0003583999932743609
14,Breast Cancer,1,RandomFuzzyRules__max_rules__3,257,29,9,38,0.7586206896551724,0.36363636363636365,0.6011904761904762,0.04513290000613779,0.00040950000402517617
14,Breast Cancer,1,RandomFuzzyRules__max_rules__4,257,29,9,38,0.7586206896551724,0.36363636363636365,0.6011904761904762,0.039501599996583536,0.0003819999983534217
14,Breast Cancer,1,RandomFuzzyRules__max_rules__5,257,29,9,38,0.7931034482758621,0.5,0.6636904761904762,0.046027000003959984,0.00038040001527406275
14,Breast Cancer,1,RandomFuzzyRules__max_rules__6,257,29,9,38,0.7586206896551724,0.36363636363636365,0.6011904761904762,0.0503096999891568,0.0003994999860879034
14,Breast Cancer,1,RandomFuzzyRules__max_rules__7,257,29,9,38,0.7586206896551724,0.36363636363636365,0.6011904761904762,0.04777859998284839,0.00031129998387768865
14,Breast Cancer,2,RandomFuzzyRules__max_rules__2,257,29,9,39,0.6896551724137931,0.0,0.5,0.03951850000885315,0.00039430000470019877
14,Breast Cancer,2,RandomFuzzyRules__max_rules__3,257,29,9,39,0.6896551724137931,0.0,0.5,0.04647380000096746,0.0003766999871004373
14,Breast Cancer,2,RandomFuzzyRules__max_rules__4,257,29,9,39,0.6896551724137931,0.0,0.5,0.05094079999253154,0.00036959999124519527
14,Breast Cancer,2,RandomFuzzyRules__max_rules__5,257,29,9,39,0.6896551724137931,0.0,0.5,0.049577900004806,0.0005163000023458153
14,Breast Cancer,2,RandomFuzzyRules__max_rules__6,257,29,9,39,0.6896551724137931,0.0,0.5,0.044780600001104176,0.00036450001061894
14,Breast Cancer,2,RandomFuzzyRules__max_rules__7,257,29,9,39,0.6896551724137931,0.0,0.5,0.04659520002314821,0.0004290000069886446
14,Breast Cancer,3,RandomFuzzyRules__max_rules__2,257,29,9,39,0.7931034482758621,0.5714285714285714,0.6972222222222222,0.037712100020144135,0.0003960000176448375
14,Breast Cancer,3,RandomFuzzyRules__max_rules__3,257,29,9,39,0.7931034482758621,0.5714285714285714,0.6972222222222222,0.044515700021293014,0.00038059998769313097
14,Breast Cancer,3,RandomFuzzyRules__max_rules__4,257,29,9,39,0.7931034482758621,0.5714285714285714,0.6972222222222222,0.04815360001521185,0.0003803000145126134
14,Breast Cancer,3,RandomFuzzyRules__max_rules__5,257,29,9,39,0.7931034482758621,0.5714285714285714,0.6972222222222222,0.043936100002611056,0.00030819998937658966
14,Breast Cancer,3,RandomFuzzyRules__max_rules__6,257,29,9,39,0.7931034482758621,0.5714285714285714,0.6972222222222222,0.05055849999189377,0.00038690000656060874
14,Breast Cancer,3,RandomFuzzyRules__max_rules__7,257,29,9,39,0.7931034482758621,0.5714285714285714,0.6972222222222222,0.05455410000286065,0.00041810001130215824
14,Breast Cancer,4,RandomFuzzyRules__max_rules__2,257,29,9,39,0.7241379310344828,0.42857142857142855,0.6166666666666667,0.039019000018015504,0.00040439999429509044
14,Breast Cancer,4,RandomFuzzyRules__max_rules__3,257,29,9,39,0.7241379310344828,0.3333333333333333,0.5861111111111111,0.03734489998896606,0.00040569997509010136
14,Breast Cancer,4,RandomFuzzyRules__max_rules__4,257,29,9,39,0.7241379310344828,0.3333333333333333,0.5861111111111111,0.04876450001029298,0.00034240001696161926
14,Breast Cancer,4,RandomFuzzyRules__max_rules__5,257,29,9,39,0.7241379310344828,0.42857142857142855,0.6166666666666667,0.05907849999493919,0.0003792999777942896
14,Breast Cancer,4,RandomFuzzyRules__max_rules__6,257,29,9,39,0.7241379310344828,0.3333333333333333,0.5861111111111111,0.045520000014221296,0.0009689999860711396
14,Breast Cancer,4,RandomFuzzyRules__max_rules__7,257,29,9,39,0.7241379310344828,0.3333333333333333,0.5861111111111111,0.04767359999823384,0.0003009999927598983
14,Breast Cancer,5,RandomFuzzyRules__max_rules__2,257,29,9,39,0.6551724137931034,0.0,0.475,0.04027279998990707,0.0004155999922659248
14,Breast Cancer,5,RandomFuzzyRules__max_rules__3,257,29,9,39,0.6206896551724138,0.0,0.45,0.04008940001949668,0.00030350001179613173
14,Breast Cancer,5,RandomFuzzyRules__max_rules__4,257,29,9,39,0.6206896551724138,0.0,0.45,0.0559722000034526,0.0005834999901708215
14,Breast Cancer,5,RandomFuzzyRules__max_rules__5,257,29,9,39,0.6551724137931034,0.0,0.475,0.04518159999861382,0.0003667999990284443
14,Breast Cancer,5,RandomFuzzyRules__max_rules__6,257,29,9,39,0.6206896551724138,0.0,0.45,0.0541598999989219,0.0003150000120513141
14,Breast Cancer,5,RandomFuzzyRules__max_rules__7,257,29,9,39,0.6206896551724138,0.0,0.45,0.05327649999526329,0.000363900006050244
14,Breast Cancer,6,RandomFuzzyRules__max_rules__2,257,29,9,39,0.7586206896551724,0.36363636363636365,0.6111111111111112,0.0431801000086125,0.00036810000892728567
14,Breast Cancer,6,RandomFuzzyRules__max_rules__3,257,29,9,39,0.7241379310344828,0.3333333333333333,0.5861111111111111,0.04759239999111742,0.00046449998626485467
14,Breast Cancer,6,RandomFuzzyRules__max_rules__4,257,29,9,39,0.7241379310344828,0.3333333333333333,0.5861111111111111,0.048377900006016716,0.0003858999989461154
14,Breast Cancer,6,RandomFuzzyRules__max_rules__5,257,29,9,39,0.7586206896551724,0.36363636363636365,0.6111111111111112,0.05173419998027384,0.0003622999938670546
14,Breast Cancer,6,RandomFuzzyRules__max_rules__6,257,29,9,39,0.7241379310344828,0.3333333333333333,0.5861111111111111,0.05523959998390637,0.0003485999768599868
14,Breast Cancer,6,RandomFuzzyRules__max_rules__7,257,29,9,39,0.7241379310344828,0.3333333333333333,0.5861111111111111,0.05047940000076778,0.0003760000108741224
14,Breast Cancer,7,RandomFuzzyRules__max_rules__2,258,28,9,38,0.8571428571428571,0.7142857142857143,0.7875,0.033539700001711026,0.000291600008495152
14,Breast Cancer,7,RandomFuzzyRules__max_rules__3,258,28,9,38,0.8214285714285714,0.6153846153846154,0.7249999999999999,0.04043610001099296,0.000374700000975281
14,Breast Cancer,7,RandomFuzzyRules__max_rules__4,258,28,9,38,0.8214285714285714,0.6153846153846154,0.7249999999999999,0.04117950002546422,0.00039030000334605575
14,Breast Cancer,7,RandomFuzzyRules__max_rules__5,258,28,9,38,0.8571428571428571,0.6666666666666666,0.75,0.046537699992768466,0.000397899973904714
14,Breast Cancer,7,RandomFuzzyRules__max_rules__6,258,28,9,38,0.8214285714285714,0.6153846153846154,0.7249999999999999,0.06650929999887012,0.00039420000393874943
14,Breast Cancer,7,RandomFuzzyRules__max_rules__7,258,28,9,38,0.8214285714285714,0.6153846153846154,0.7249999999999999,0.05010309998760931,0.0003972999984398484
14,Breast Cancer,8,RandomFuzzyRules__max_rules__2,258,28,9,39,0.75,0.36363636363636365,0.6,0.03511660001822747,0.0003411000070627779
14,Breast Cancer,8,RandomFuzzyRules__max_rules__3,258,28,9,39,0.75,0.2222222222222222,0.5625,0.04068820000975393,0.0009219000057782978
14,Breast Cancer,8,RandomFuzzyRules__max_rules__4,258,28,9,39,0.7142857142857143,0.2,0.5375,0.047296500008087605,0.0002972999936901033
14,Breast Cancer,8,RandomFuzzyRules__max_rules__5,258,28,9,39,0.75,0.36363636363636365,0.6,0.05791910001426004,0.0003823000006377697
14,Breast Cancer,8,RandomFuzzyRules__max_rules__6,258,28,9,39,0.75,0.2222222222222222,0.5625,0.05357879999792203,0.0004102000093553215
14,Breast Cancer,8,RandomFuzzyRules__max_rules__7,258,28,9,39,0.7142857142857143,0.2,0.5375,0.0529689000104554,0.00039820000529289246
14,Breast Cancer,9,RandomFuzzyRules__max_rules__2,258,28,9,39,0.75,0.46153846153846156,0.6375000000000001,0.037332600011723116,0.0004345000197645277
14,Breast Cancer,9,RandomFuzzyRules__max_rules__3,258,28,9,39,0.75,0.46153846153846156,0.6375000000000001,0.043745000002672896,0.00041909998981282115
14,Breast Cancer,9,RandomFuzzyRules__max_rules__4,258,28,9,39,0.75,0.46153846153846156,0.6375000000000001,0.04223650001222268,0.0003907000063918531
14,Breast Cancer,9,RandomFuzzyRules__max_rules__5,258,28,9,39,0.75,0.46153846153846156,0.6375000000000001,0.04762150000897236,0.00038660000427626073
14,Breast Cancer,9,RandomFuzzyRules__max_rules__6,258,28,9,39,0.75,0.46153846153846156,0.6375000000000001,0.0728573999949731,0.0005219999875407666
14,Breast Cancer,9,RandomFuzzyRules__max_rules__7,258,28,9,39,0.75,0.46153846153846156,0.6375000000000001,0.05312860000412911,0.0003934999986086041
14,Breast Cancer,10,RandomFuzzyRules__max_rules__2,258,28,9,39,0.7142857142857143,0.5,0.6500000000000001,0.04371520000859164,0.0003315999929327518
14,Breast Cancer,10,RandomFuzzyRules__max_rules__3,258,28,9,39,0.7142857142857143,0.5,0.6500000000000001,0.043063499993877485,0.0005049000028520823
14,Breast Cancer,10,RandomFuzzyRules__max_rules__4,258,28,9,39,0.7142857142857143,0.5,0.6500000000000001,0.04130279997480102,0.00039939998532645404
14,Breast Cancer,10,RandomFuzzyRules__max_rules__5,258,28,9,39,0.7142857142857143,0.5,0.6500000000000001,0.052298399998107925,0.0004110000154469162
14,Breast Cancer,10,RandomFuzzyRules__max_rules__6,258,28,9,39,0.7142857142857143,0.5,0.6500000000000001,0.045084600016707554,0.00040779999108053744
14,Breast Cancer,10,RandomFuzzyRules__max_rules__7,258,28,9,39,0.7142857142857143,0.5,0.6500000000000001,0.052963499998440966,0.0004157999937888235
15,Breast Cancer Wisconsin (Original),1,RandomFuzzyRules__max_rules__2,629,70,9,9,0.8428571428571429,0.7441860465116279,0.9447463768115942,0.058242600003723055,0.000311999989207834
15,Breast Cancer Wisconsin (Original),1,RandomFuzzyRules__max_rules__3,629,70,9,9,0.9571428571428572,0.9387755102040817,0.9723731884057971,0.06547979998867959,0.00041429998236708343
15,Breast Cancer Wisconsin (Original),1,RandomFuzzyRules__max_rules__4,629,70,9,9,0.9285714285714286,0.8936170212765957,0.9519927536231885,0.06296429998474196,0.0003158999898005277
15,Breast Cancer Wisconsin (Original),1,RandomFuzzyRules__max_rules__5,629,70,9,9,0.9285714285714286,0.8979591836734694,0.9782608695652175,0.09995150001486763,0.0005348999984562397
15,Breast Cancer Wisconsin (Original),1,RandomFuzzyRules__max_rules__6,629,70,9,9,0.9285714285714286,0.8936170212765957,0.9877717391304348,0.07954220002284274,0.00041000000783242285
15,Breast Cancer Wisconsin (Original),1,RandomFuzzyRules__max_rules__7,629,70,9,9,0.9285714285714286,0.8936170212765957,0.9877717391304348,0.09923040002468042,0.0005546000029426068
15,Breast Cancer Wisconsin (Original),2,RandomFuzzyRules__max_rules__2,629,70,9,9,0.9,0.8292682926829268,0.889945652173913,0.08443359998636879,0.0003887999919243157
15,Breast Cancer Wisconsin (Original),2,RandomFuzzyRules__max_rules__3,629,70,9,9,0.9714285714285714,0.9565217391304348,0.9556159420289855,0.07758030001423322,0.00038090001908130944
15,Breast Cancer Wisconsin (Original),2,RandomFuzzyRules__max_rules__4,629,70,9,9,0.9428571428571428,0.9090909090909091,0.9039855072463768,0.08466679998673499,0.0004039999912492931
15,Breast Cancer Wisconsin (Original),2,RandomFuzzyRules__max_rules__5,629,70,9,9,0.9571428571428572,0.9361702127659575,0.9923007246376812,0.07905070000560954,0.00037189997965469956
15,Breast Cancer Wisconsin (Original),2,RandomFuzzyRules__max_rules__6,629,70,9,9,0.9571428571428572,0.9333333333333333,0.9565217391304347,0.08521449999534525,0.00039820000529289246
15,Breast Cancer Wisconsin (Original),2,RandomFuzzyRules__max_rules__7,629,70,9,9,0.9571428571428572,0.9333333333333333,0.9565217391304347,0.0847203999874182,0.0004020000051241368
15,Breast Cancer Wisconsin (Original),3,RandomFuzzyRules__max_rules__2,629,70,9,9,0.9,0.8372093023255814,0.9651268115942029,0.057130000001052395,0.00039549998473376036
15,Breast Cancer Wisconsin (Original),3,RandomFuzzyRules__max_rules__3,629,70,9,9,0.9428571428571428,0.9130434782608695,0.9673913043478262,0.07033629997749813,0.00039239999023266137
15,Breast Cancer Wisconsin (Original),3,RandomFuzzyRules__max_rules__4,629,70,9,9,0.9571428571428572,0.9361702127659575,0.9574275362318841,0.08067329999175854,0.00042379999649710953
15,Breast Cancer Wisconsin (Original),3,RandomFuzzyRules__max_rules__5,629,70,9,9,0.9,0.8571428571428571,0.9746376811594203,0.08355779998237267,0.000522699992870912
15,Breast Cancer Wisconsin (Original),3,RandomFuzzyRules__max_rules__6,629,70,9,9,0.9428571428571428,0.9130434782608695,0.9519927536231884,0.09342450002441183,0.00043929999810643494
15,Breast Cancer Wisconsin (Original),3,RandomFuzzyRules__max_rules__7,629,70,9,9,0.9428571428571428,0.9130434782608695,0.9519927536231884,0.09180589998140931,0.00041959999362006783
15,Breast Cancer Wisconsin (Original),4,RandomFuzzyRules__max_rules__2,629,70,9,9,0.9,0.851063829787234,0.9728260869565217,0.07017720001749694,0.0003622999938670546
15,Breast Cancer Wisconsin (Original),4,RandomFuzzyRules__max_rules__3,629,70,9,9,0.9857142857142858,0.9795918367346939,0.9913949275362319,0.06677550001768395,0.00038159999530762434
15,Breast Cancer Wisconsin (Original),4,RandomFuzzyRules__max_rules__4,629,70,9,9,0.9571428571428572,0.9387755102040817,0.9882246376811594,0.08190999997896142,0.0003924999909941107
15,Breast Cancer Wisconsin (Original),4,RandomFuzzyRules__max_rules__5,629,70,9,9,0.9285714285714286,0.9056603773584906,0.9941123188405798,0.10209850000683218,0.0004133000038564205
15,Breast Cancer Wisconsin (Original),4,RandomFuzzyRules__max_rules__6,629,70,9,9,0.9285714285714286,0.8979591836734694,0.9827898550724639,0.10619099999894388,0.0004116999916732311
15,Breast Cancer Wisconsin (Original),4,RandomFuzzyRules__max_rules__7,629,70,9,9,0.9285714285714286,0.8979591836734694,0.9827898550724639,0.09522859999560751,0.0003263999824412167
15,Breast Cancer Wisconsin (Original),5,RandomFuzzyRules__max_rules__2,629,70,9,9,0.9,0.8444444444444444,0.9397644927536233,0.056551899993792176,0.000375300005543977
15,Breast Cancer Wisconsin (Original),5,RandomFuzzyRules__max_rules__3,629,70,9,9,0.9571428571428572,0.9387755102040817,0.9918478260869565,0.06677149998722598,0.00040580000495538116
15,Breast Cancer Wisconsin (Original),5,RandomFuzzyRules__max_rules__4,629,70,9,9,0.9428571428571428,0.9230769230769231,0.9945652173913044,0.08489110000664368,0.00038380001205950975
15,Breast Cancer Wisconsin (Original),5,RandomFuzzyRules__max_rules__5,629,70,9,9,0.9142857142857143,0.8695652173913043,0.931159420289855,0.08532690000720322,0.0005281000048853457
15,Breast Cancer Wisconsin (Original),5,RandomFuzzyRules__max_rules__6,629,70,9,9,0.9428571428571428,0.92,0.9759963768115941,0.08965960002387874,0.0004126999992877245
15,Breast Cancer Wisconsin (Original),5,RandomFuzzyRules__max_rules__7,629,70,9,9,0.9428571428571428,0.92,0.9759963768115941,0.09616029998869635,0.00043819998973049223
15,Breast Cancer Wisconsin (Original),6,RandomFuzzyRules__max_rules__2,629,70,9,9,0.9285714285714286,0.8936170212765957,0.9927536231884058,0.06159149997984059,0.0004992999893147498
15,Breast Cancer Wisconsin (Original),6,RandomFuzzyRules__max_rules__3,629,70,9,9,0.9714285714285714,0.9565217391304348,0.9981884057971016,0.06195289999595843,0.0003859999997075647
15,Breast Cancer Wisconsin (Original),6,RandomFuzzyRules__max_rules__4,629,70,9,9,0.9571428571428572,0.9387755102040817,0.990036231884058,0.06739410001318902,0.0004040999920107424
15,Breast Cancer Wisconsin (Original),6,RandomFuzzyRules__max_rules__5,629,70,9,9,0.9285714285714286,0.9019607843137255,0.9769021739130435,0.0716991999943275,0.0004082999948877841
15,Breast Cancer Wisconsin (Original),6,RandomFuzzyRules__max_rules__6,629,70,9,9,0.9857142857142858,0.9787234042553191,1.0,0.08855320001021028,0.00041760000749491155
15,Breast Cancer Wisconsin (Original),6,RandomFuzzyRules__max_rules__7,629,70,9,9,0.9857142857142858,0.9787234042553191,1.0,0.0769834999809973,0.000295600009849295
15,Breast Cancer Wisconsin (Original),7,RandomFuzzyRules__max_rules__2,629,70,9,9,0.9,0.8444444444444444,0.9302536231884058,0.05832969999755733,0.0003598000039346516
15,Breast Cancer Wisconsin (Original),7,RandomFuzzyRules__max_rules__3,629,70,9,9,0.9285714285714286,0.8936170212765957,0.9338768115942029,0.07189910000306554,0.0002938999969046563
15,Breast Cancer Wisconsin (Original),7,RandomFuzzyRules__max_rules__4,629,70,9,9,0.9428571428571428,0.9166666666666666,0.9895833333333334,0.08552699998836033,0.00031099998159334064
15,Breast Cancer Wisconsin (Original),7,RandomFuzzyRules__max_rules__5,629,70,9,9,0.9142857142857143,0.8695652173913043,0.9918478260869565,0.08637659999658354,0.00033629999961704016
15,Breast Cancer Wisconsin (Original),7,RandomFuzzyRules__max_rules__6,629,70,9,9,0.9428571428571428,0.9166666666666666,0.9556159420289855,0.08245640000677668,0.0003677000058814883
15,Breast Cancer Wisconsin (Original),7,RandomFuzzyRules__max_rules__7,629,70,9,9,0.9428571428571428,0.9166666666666666,0.9556159420289855,0.08308330000727437,0.00041009997949004173
15,Breast Cancer Wisconsin (Original),8,RandomFuzzyRules__max_rules__2,629,70,9,9,0.9,0.8292682926829268,0.9565217391304347,0.0730189000023529,0.00039519998244941235
15,Breast Cancer Wisconsin (Original),8,RandomFuzzyRules__max_rules__3,629,70,9,9,0.9571428571428572,0.9333333333333333,0.9782608695652174,0.06344070000341162,0.00032029999420046806
15,Breast Cancer Wisconsin (Original),8,RandomFuzzyRules__max_rules__4,629,70,9,9,0.9285714285714286,0.8837209302325582,0.9384057971014492,0.06571029999759048,0.00041959999362006783
15,Breast Cancer Wisconsin (Original),8,RandomFuzzyRules__max_rules__5,629,70,9,9,0.9285714285714286,0.9019607843137255,0.9678442028985508,0.07913929998176172,0.00041310000233352184
15,Breast Cancer Wisconsin (Original),8,RandomFuzzyRules__max_rules__6,629,70,9,9,0.9571428571428572,0.9333333333333333,0.9778079710144928,0.0839542000030633,0.00042779999785125256
15,Breast Cancer Wisconsin (Original),8,RandomFuzzyRules__max_rules__7,629,70,9,9,0.9571428571428572,0.9333333333333333,0.9778079710144928,0.08847360001527704,0.0004236999957356602
15,Breast Cancer Wisconsin (Original),9,RandomFuzzyRules__max_rules__2,629,70,9,9,0.9285714285714286,0.8936170212765957,0.9902222222222222,0.054617300018435344,0.00036269999691285193
15,Breast Cancer Wisconsin (Original),9,RandomFuzzyRules__max_rules__3,629,70,9,9,0.9571428571428572,0.9387755102040817,0.9755555555555555,0.07010499999159947,0.0003792000061366707
15,Breast Cancer Wisconsin (Original),9,RandomFuzzyRules__max_rules__4,629,70,9,9,0.9714285714285714,0.96,0.9693333333333334,0.07179770001675934,0.00032010002178139985
15,Breast Cancer Wisconsin (Original),9,RandomFuzzyRules__max_rules__5,629,70,9,9,0.9571428571428572,0.9387755102040817,0.9657777777777777,0.10189059999538586,0.00037570000858977437
15,Breast Cancer Wisconsin (Original),9,RandomFuzzyRules__max_rules__6,629,70,9,9,0.9428571428571428,0.9166666666666666,0.9742222222222222,0.06979799998225644,0.00043399998685345054
15,Breast Cancer Wisconsin (Original),9,RandomFuzzyRules__max_rules__7,629,70,9,9,0.9428571428571428,0.9166666666666666,0.9742222222222222,0.08424139997805469,0.00042520000715740025
15,Breast Cancer Wisconsin (Original),10,RandomFuzzyRules__max_rules__2,630,69,9,9,0.927536231884058,0.8936170212765957,0.9518518518518518,0.05292410001857206,0.00035390001721680164
15,Breast Cancer Wisconsin (Original),10,RandomFuzzyRules__max_rules__3,630,69,9,9,0.927536231884058,0.8837209302325582,0.9328703703703703,0.06976340000983328,0.00040920000174082816
15,Breast Cancer Wisconsin (Original),10,RandomFuzzyRules__max_rules__4,630,69,9,9,0.9420289855072463,0.92,0.9662037037037038,0.06921330001205206,0.0004056000034324825
15,Breast Cancer Wisconsin (Original),10,RandomFuzzyRules__max_rules__5,630,69,9,9,0.9420289855072463,0.92,0.9814814814814814,0.07497660000808537,0.0002986000035889447
15,Breast Cancer Wisconsin (Original),10,RandomFuzzyRules__max_rules__6,630,69,9,9,0.9420289855072463,0.9090909090909091,0.9754629629629631,0.07828390001668595,0.0004028000112157315
15,Breast Cancer Wisconsin (Original),10,RandomFuzzyRules__max_rules__7,630,69,9,9,0.9420289855072463,0.9090909090909091,0.9754629629629631,0.08127910000621341,0.00040079999598674476
17,Breast Cancer Wisconsin (Diagnostic),1,RandomFuzzyRules__max_rules__2,512,57,30,30,0.9122807017543859,0.8888888888888888,0.9727272727272727,0.04474260000279173,0.0003129999968223274
17,Breast Cancer Wisconsin (Diagnostic),1,RandomFuzzyRules__max_rules__3,512,57,30,30,0.9298245614035088,0.9090909090909091,0.9753246753246754,0.06335689997649752,0.0003971999976783991
17,Breast Cancer Wisconsin (Diagnostic),1,RandomFuzzyRules__max_rules__4,512,57,30,30,0.9298245614035088,0.9090909090909091,0.9753246753246754,0.0707844999851659,0.00041859998600557446
17,Breast Cancer Wisconsin (Diagnostic),1,RandomFuzzyRules__max_rules__5,512,57,30,30,0.9649122807017544,0.9523809523809523,0.9909090909090909,0.07202680001500994,0.0003245999978389591
17,Breast Cancer Wisconsin (Diagnostic),1,RandomFuzzyRules__max_rules__6,512,57,30,30,0.8947368421052632,0.8571428571428571,0.974025974025974,0.06453329999931157,0.00040970000554807484
17,Breast Cancer Wisconsin (Diagnostic),1,RandomFuzzyRules__max_rules__7,512,57,30,30,0.9298245614035088,0.9166666666666666,0.9987012987012986,0.07867319998331368,0.00041859998600557446
17,Breast Cancer Wisconsin (Diagnostic),2,RandomFuzzyRules__max_rules__2,512,57,30,30,0.8947368421052632,0.88,0.9909090909090909,0.05505239998456091,0.0003651999868452549
17,Breast Cancer Wisconsin (Diagnostic),2,RandomFuzzyRules__max_rules__3,512,57,30,30,0.9649122807017544,0.9545454545454546,0.996103896103896,0.05325799999991432,0.0004231999919284135
17,Breast Cancer Wisconsin (Diagnostic),2,RandomFuzzyRules__max_rules__4,512,57,30,30,0.9649122807017544,0.9545454545454546,0.996103896103896,0.09547569998539984,0.0004264000162947923
17,Breast Cancer Wisconsin (Diagnostic),2,RandomFuzzyRules__max_rules__5,512,57,30,30,0.9298245614035088,0.9166666666666666,0.9857142857142857,0.08390850000432692,0.00041229999624192715
17,Breast Cancer Wisconsin (Diagnostic),2,RandomFuzzyRules__max_rules__6,512,57,30,30,0.9649122807017544,0.9565217391304348,1.0,0.11042189999716356,0.00043429998913779855
17,Breast Cancer Wisconsin (Diagnostic),2,RandomFuzzyRules__max_rules__7,512,57,30,30,0.9298245614035088,0.9166666666666666,0.9987012987012986,0.08876259997487068,0.00042379999649710953
17,Breast Cancer Wisconsin (Diagnostic),3,RandomFuzzyRules__max_rules__2,512,57,30,30,0.9824561403508771,0.9767441860465116,0.996031746031746,0.08950180001556873,0.00031999999191612005
17,Breast Cancer Wisconsin (Diagnostic),3,RandomFuzzyRules__max_rules__3,512,57,30,30,0.9649122807017544,0.95,0.9854497354497354,0.07962880001286976,0.0004014000005554408
17,Breast Cancer Wisconsin (Diagnostic),3,RandomFuzzyRules__max_rules__4,512,57,30,30,0.9649122807017544,0.95,0.9854497354497354,0.09642109999549575,0.0004220000118948519
17,Breast Cancer Wisconsin (Diagnostic),3,RandomFuzzyRules__max_rules__5,512,57,30,30,0.9298245614035088,0.9047619047619048,0.9788359788359788,0.07959379997919314,0.0005549000052269548
17,Breast Cancer Wisconsin (Diagnostic),3,RandomFuzzyRules__max_rules__6,512,57,30,30,0.9473684210526315,0.926829268292683,0.9814814814814814,0.10269420000258833,0.0004239999980200082
17,Breast Cancer Wisconsin (Diagnostic),3,RandomFuzzyRules__max_rules__7,512,57,30,30,0.9473684210526315,0.9333333333333333,0.9947089947089947,0.06704660001560114,0.00041939999209716916
17,Breast Cancer Wisconsin (Diagnostic),4,RandomFuzzyRules__max_rules__2,512,57,30,30,0.8421052631578947,0.7692307692307693,0.906084656084656,0.06367140001384541,0.0004003999929409474
17,Breast Cancer Wisconsin (Diagnostic),4,RandomFuzzyRules__max_rules__3,512,57,30,30,0.8245614035087719,0.7058823529411765,0.9537037037037037,0.08810349999112077,0.0004189999890513718
17,Breast Cancer Wisconsin (Diagnostic),4,RandomFuzzyRules__max_rules__4,512,57,30,30,0.8771929824561403,0.8108108108108109,0.962962962962963,0.09297199998400174,0.0004141000099480152
17,Breast Cancer Wisconsin (Diagnostic),4,RandomFuzzyRules__max_rules__5,512,57,30,30,0.7894736842105263,0.6470588235294118,0.91005291005291,0.06196659998386167,0.00041680000140331686
17,Breast Cancer Wisconsin (Diagnostic),4,RandomFuzzyRules__max_rules__6,512,57,30,30,0.8771929824561403,0.8205128205128205,0.9497354497354497,0.09881550000864081,0.00041599999531172216
17,Breast Cancer Wisconsin (Diagnostic),4,RandomFuzzyRules__max_rules__7,512,57,30,30,0.8771929824561403,0.8,0.9537037037037037,0.10420109998085536,0.0004138000076636672
17,Breast Cancer Wisconsin (Diagnostic),5,RandomFuzzyRules__max_rules__2,512,57,30,30,0.8771929824561403,0.8372093023255814,0.9206349206349206,0.05980339998495765,0.00039850000757724047
17,Breast Cancer Wisconsin (Diagnostic),5,RandomFuzzyRules__max_rules__3,512,57,30,30,0.9298245614035088,0.9,0.9312169312169312,0.06066089999512769,0.00038850001874379814
17,Breast Cancer Wisconsin (Diagnostic),5,RandomFuzzyRules__max_rules__4,512,57,30,30,0.9298245614035088,0.8947368421052632,0.9074074074074073,0.05961810000007972,0.00041030001011677086
17,Breast Cancer Wisconsin (Diagnostic),5,RandomFuzzyRules__max_rules__5,512,57,30,30,0.9298245614035088,0.9,0.9074074074074073,0.07952499997918494,0.0004124999977648258
17,Breast Cancer Wisconsin (Diagnostic),5,RandomFuzzyRules__max_rules__6,512,57,30,30,0.9473684210526315,0.926829268292683,0.9722222222222222,0.07724610000150278,0.0004296999832149595
17,Breast Cancer Wisconsin (Diagnostic),5,RandomFuzzyRules__max_rules__7,512,57,30,30,0.8947368421052632,0.8636363636363636,0.9828042328042328,0.07754129997920245,0.00037739999243058264
17,Breast Cancer Wisconsin (Diagnostic),6,RandomFuzzyRules__max_rules__2,512,57,30,30,0.8947368421052632,0.8571428571428571,0.9543650793650794,0.054273400019155815,0.00037200000951997936
17,Breast Cancer Wisconsin (Diagnostic),6,RandomFuzzyRules__max_rules__3,512,57,30,30,0.8947368421052632,0.8333333333333334,0.9801587301587302,0.06506149997585453,0.0005352000007405877
17,Breast Cancer Wisconsin (Diagnostic),6,RandomFuzzyRules__max_rules__4,512,57,30,30,0.8947368421052632,0.8333333333333334,0.9801587301587302,0.0660904000105802,0.0004149000160396099
17,Breast Cancer Wisconsin (Diagnostic),6,RandomFuzzyRules__max_rules__5,512,57,30,30,0.9298245614035088,0.9,0.9801587301587302,0.0719655999855604,0.0004419000179041177
17,Breast Cancer Wisconsin (Diagnostic),6,RandomFuzzyRules__max_rules__6,512,57,30,30,0.8771929824561403,0.8292682926829268,0.962962962962963,0.0625937000149861,0.00045870000030845404
17,Breast Cancer Wisconsin (Diagnostic),6,RandomFuzzyRules__max_rules__7,512,57,30,30,0.9122807017543859,0.8936170212765957,0.9722222222222223,0.10072700001182966,0.000430300016887486
17,Breast Cancer Wisconsin (Diagnostic),7,RandomFuzzyRules__max_rules__2,512,57,30,30,0.8771929824561403,0.8372093023255814,0.9378306878306878,0.08214339998085052,0.0004025000089313835
17,Breast Cancer Wisconsin (Diagnostic),7,RandomFuzzyRules__max_rules__3,512,57,30,30,0.8771929824561403,0.8205128205128205,0.9232804232804233,0.08525790000567213,0.00039850000757724047
17,Breast Cancer Wisconsin (Diagnostic),7,RandomFuzzyRules__max_rules__4,512,57,30,30,0.8771929824561403,0.8205128205128205,0.9232804232804233,0.06274299998767674,0.0005039999959990382
17,Breast Cancer Wisconsin (Diagnostic),7,RandomFuzzyRules__max_rules__5,512,57,30,30,0.9824561403508771,0.9767441860465116,0.9986772486772486,0.09615100000519305,0.00039370000013150275
17,Breast Cancer Wisconsin (Diagnostic),7,RandomFuzzyRules__max_rules__6,512,57,30,30,0.8771929824561403,0.8372093023255814,0.9457671957671958,0.06932560002314858,0.00043680000817403197
17,Breast Cancer Wisconsin (Diagnostic),7,RandomFuzzyRules__max_rules__7,512,57,30,30,0.8771929824561403,0.8292682926829268,0.9642857142857143,0.07603759999619797,0.0004029999836347997
17,Breast Cancer Wisconsin (Diagnostic),8,RandomFuzzyRules__max_rules__2,512,57,30,30,0.8771929824561403,0.851063829787234,0.962962962962963,0.07364360001520254,0.0004063999804202467
17,Breast Cancer Wisconsin (Diagnostic),8,RandomFuzzyRules__max_rules__3,512,57,30,30,0.9649122807017544,0.9523809523809523,0.9973544973544973,0.06734120001783594,0.00045720001799054444
17,Breast Cancer Wisconsin (Diagnostic),8,RandomFuzzyRules__max_rules__4,512,57,30,30,0.9649122807017544,0.9523809523809523,0.9973544973544973,0.06108650000533089,0.00027409999165683985
17,Breast Cancer Wisconsin (Diagnostic),8,RandomFuzzyRules__max_rules__5,512,57,30,30,0.9298245614035088,0.9130434782608695,0.9933862433862434,0.0970114000083413,0.0004501000221353024
17,Breast Cancer Wisconsin (Diagnostic),8,RandomFuzzyRules__max_rules__6,512,57,30,30,0.8596491228070176,0.8181818181818182,0.966931216931217,0.07623399997828528,0.00044559998787008226
17,Breast Cancer Wisconsin (Diagnostic),8,RandomFuzzyRules__max_rules__7,512,57,30,30,0.8947368421052632,0.875,0.9907407407407407,0.09968970000045374,0.00036819998058490455
17,Breast Cancer Wisconsin (Diagnostic),9,RandomFuzzyRules__max_rules__2,512,57,30,30,0.8596491228070176,0.8181818181818182,0.9193121693121693,0.05817989999195561,0.00036720000207424164
17,Breast Cancer Wisconsin (Diagnostic),9,RandomFuzzyRules__max_rules__3,512,57,30,30,0.8947368421052632,0.8421052631578947,0.8961640211640212,0.05159830002230592,0.00030070001957938075
17,Breast Cancer Wisconsin (Diagnostic),9,RandomFuzzyRules__max_rules__4,512,57,30,30,0.9298245614035088,0.8947368421052632,0.9880952380952381,0.07354670000495389,0.0006439000135287642
17,Breast Cancer Wisconsin (Diagnostic),9,RandomFuzzyRules__max_rules__5,512,57,30,30,0.8771929824561403,0.8444444444444444,0.9232804232804233,0.06436879999819212,0.0004090000002179295
17,Breast Cancer Wisconsin (Diagnostic),9,RandomFuzzyRules__max_rules__6,512,57,30,30,0.8947368421052632,0.85,0.9682539682539683,0.0875260999891907,0.0004335999838076532
17,Breast Cancer Wisconsin (Diagnostic),9,RandomFuzzyRules__max_rules__7,512,57,30,30,0.8947368421052632,0.8421052631578947,0.9563492063492063,0.09099870000500232,0.00044269999489188194
17,Breast Cancer Wisconsin (Diagnostic),10,RandomFuzzyRules__max_rules__2,513,56,30,30,0.9285714285714286,0.9,0.9877551020408163,0.04956519999541342,0.000391399982618168
17,Breast Cancer Wisconsin (Diagnostic),10,RandomFuzzyRules__max_rules__3,513,56,30,30,0.9464285714285714,0.9230769230769231,1.0,0.05390369999804534,0.0003853999951388687
17,Breast Cancer Wisconsin (Diagnostic),10,RandomFuzzyRules__max_rules__4,513,56,30,30,0.9642857142857143,0.95,1.0,0.05825050000566989,0.00039289999403990805
17,Breast Cancer Wisconsin (Diagnostic),10,RandomFuzzyRules__max_rules__5,513,56,30,30,0.9821428571428571,0.9767441860465116,0.998639455782313,0.06282989997998811,0.00037639998481608927
17,Breast Cancer Wisconsin (Diagnostic),10,RandomFuzzyRules__max_rules__6,513,56,30,30,0.9642857142857143,0.9523809523809523,0.998639455782313,0.06612559998757206,0.0004312999953981489
17,Breast Cancer Wisconsin (Diagnostic),10,RandomFuzzyRules__max_rules__7,513,56,30,30,0.9642857142857143,0.9523809523809523,0.9945578231292517,0.08729450000100769,0.0004425000224728137
27,Credit Approval,1,RandomFuzzyRules__max_rules__2,621,69,15,46,0.855072463768116,0.8717948717948718,0.8896434634974533,0.05050179999670945,0.0003908999788109213
27,Credit Approval,1,RandomFuzzyRules__max_rules__3,621,69,15,46,0.8695652173913043,0.8831168831168831,0.8883701188455009,0.054633199993986636,0.0004953999887220562
27,Credit Approval,1,RandomFuzzyRules__max_rules__4,621,69,15,46,0.8115942028985508,0.8395061728395061,0.8289473684210528,0.06375610001850873,0.00039090000791475177
27,Credit Approval,1,RandomFuzzyRules__max_rules__5,621,69,15,46,0.8695652173913043,0.8831168831168831,0.8883701188455009,0.09135070000775158,0.00044910001452080905
27,Credit Approval,1,RandomFuzzyRules__max_rules__6,621,69,15,46,0.855072463768116,0.8717948717948718,0.8641765704584041,0.09904760000063106,0.0005814000032842159
27,Credit Approval,1,RandomFuzzyRules__max_rules__7,621,69,15,46,0.8985507246376812,0.9090909090909091,0.9078947368421053,0.09996739999041893,0.00043569999979808927
27,Credit Approval,2,RandomFuzzyRules__max_rules__2,621,69,15,46,0.8405797101449275,0.8405797101449275,0.849320882852292,0.07167770000523888,0.0003231999871786684
27,Credit Approval,2,RandomFuzzyRules__max_rules__3,621,69,15,46,0.8405797101449275,0.8405797101449275,0.8875212224108658,0.08062240001163445,0.00043710001045838
27,Credit Approval,2,RandomFuzzyRules__max_rules__4,621,69,15,46,0.8405797101449275,0.8405797101449275,0.851867572156197,0.08769039998878725,0.000447300000814721
27,Credit Approval,2,RandomFuzzyRules__max_rules__5,621,69,15,46,0.8405797101449275,0.8405797101449275,0.8875212224108658,0.10247670000535436,0.0004403000057209283
27,Credit Approval,2,RandomFuzzyRules__max_rules__6,621,69,15,46,0.8405797101449275,0.8405797101449275,0.849320882852292,0.08978629999910481,0.0004540000227279961
27,Credit Approval,2,RandomFuzzyRules__max_rules__7,621,69,15,46,0.855072463768116,0.8571428571428571,0.8629032258064516,0.09170420002192259,0.00043250000453554094
27,Credit Approval,3,RandomFuzzyRules__max_rules__2,621,69,15,46,0.855072463768116,0.8529411764705882,0.8654499151103565,0.05198380001820624,0.0003243999963160604
27,Credit Approval,3,RandomFuzzyRules__max_rules__3,621,69,15,46,0.8695652173913043,0.8695652173913043,0.933786078098472,0.09259379998547956,0.0004358000005595386
27,Credit Approval,3,RandomFuzzyRules__max_rules__4,621,69,15,46,0.855072463768116,0.8529411764705882,0.866723259762309,0.06919090001611039,0.00044659999548457563
27,Credit Approval,3,RandomFuzzyRules__max_rules__5,621,69,15,46,0.8695652173913043,0.8695652173913043,0.933786078098472,0.05562729999655858,0.0003183000080753118
27,Credit Approval,3,RandomFuzzyRules__max_rules__6,621,69,15,46,0.855072463768116,0.8529411764705882,0.8654499151103565,0.10200129999429919,0.0003727999865077436
27,Credit Approval,3,RandomFuzzyRules__max_rules__7,621,69,15,46,0.855072463768116,0.8529411764705882,0.8820033955857386,0.08925230000750162,0.00031850000959821045
27,Credit Approval,4,RandomFuzzyRules__max_rules__2,621,69,15,46,0.7246376811594203,0.7164179104477612,0.735144312393888,0.06572439998853952,0.00038869999116286635
27,Credit Approval,4,RandomFuzzyRules__max_rules__3,621,69,15,46,0.7391304347826086,0.7352941176470589,0.803904923599321,0.08008839999092743,0.00033019998227246106
27,Credit Approval,4,RandomFuzzyRules__max_rules__4,621,69,15,46,0.7391304347826086,0.7352941176470589,0.7398132427843803,0.0817823999968823,0.0005919999966863543
27,Credit Approval,4,RandomFuzzyRules__max_rules__5,621,69,15,46,0.7391304347826086,0.7352941176470589,0.7979626485568762,0.061795699992217124,0.00043200000072829425
27,Credit Approval,4,RandomFuzzyRules__max_rules__6,621,69,15,46,0.7246376811594203,0.7164179104477612,0.735144312393888,0.07686309999553487,0.0004408999811857939
27,Credit Approval,4,RandomFuzzyRules__max_rules__7,621,69,15,46,0.7246376811594203,0.7164179104477612,0.735144312393888,0.07077489999937825,0.0004450000124052167
27,Credit Approval,5,RandomFuzzyRules__max_rules__2,621,69,15,46,0.9420289855072463,0.9459459459459459,0.9443972835314092,0.05616859998553991,0.0003845000173896551
27,Credit Approval,5,RandomFuzzyRules__max_rules__3,621,69,15,46,0.9420289855072463,0.9459459459459459,0.9490662139219017,0.05605800001649186,0.0003932999970857054
27,Credit Approval,5,RandomFuzzyRules__max_rules__4,621,69,15,46,0.9420289855072463,0.9459459459459459,0.9448217317487267,0.054812899994431064,0.0004379000165499747
27,Credit Approval,5,RandomFuzzyRules__max_rules__5,621,69,15,46,0.9420289855072463,0.9459459459459459,0.9490662139219017,0.0631831000209786,0.00044010000419802964
27,Credit Approval,5,RandomFuzzyRules__max_rules__6,621,69,15,46,0.9420289855072463,0.9459459459459459,0.9443972835314092,0.087290600000415,0.00045540000428445637
27,Credit Approval,5,RandomFuzzyRules__max_rules__7,621,69,15,46,0.9420289855072463,0.9444444444444444,0.9584040747028864,0.0674394000088796,0.00048279998009093106
27,Credit Approval,6,RandomFuzzyRules__max_rules__2,621,69,15,46,0.7971014492753623,0.7941176470588235,0.8068760611205432,0.07260159999714233,0.00043200000072829425
27,Credit Approval,6,RandomFuzzyRules__max_rules__3,621,69,15,46,0.8115942028985508,0.8169014084507042,0.8726655348047538,0.07891290000407025,0.00044559998787008226
27,Credit Approval,6,RandomFuzzyRules__max_rules__4,621,69,15,46,0.7971014492753623,0.7941176470588235,0.8068760611205432,0.06652950000716373,0.00041969999438151717
27,Credit Approval,6,RandomFuzzyRules__max_rules__5,621,69,15,46,0.7971014492753623,0.8,0.8764855687606112,0.06270569999469444,0.00044350000098347664
27,Credit Approval,6,RandomFuzzyRules__max_rules__6,621,69,15,46,0.782608695652174,0.7887323943661971,0.7835314091680816,0.08824929999536835,0.00044529998558573425
27,Credit Approval,6,RandomFuzzyRules__max_rules__7,621,69,15,46,0.8115942028985508,0.8115942028985508,0.8098471986417657,0.09266480000223964,0.0004453999863471836
27,Credit Approval,7,RandomFuzzyRules__max_rules__2,621,69,15,46,0.9130434782608695,0.9166666666666666,0.9206281833616299,0.050589000020409,0.0004101000085938722
27,Credit Approval,7,RandomFuzzyRules__max_rules__3,621,69,15,46,0.8695652173913043,0.88,0.8713921901528013,0.07066430000122637,0.00044070000876672566
27,Credit Approval,7,RandomFuzzyRules__max_rules__4,621,69,15,46,0.8840579710144928,0.8918918918918919,0.8870967741935484,0.06511460000183433,0.0004531000158749521
27,Credit Approval,7,RandomFuzzyRules__max_rules__5,621,69,15,46,0.8695652173913043,0.88,0.8713921901528013,0.0675172999908682,0.0004400000034365803
27,Credit Approval,7,RandomFuzzyRules__max_rules__6,621,69,15,46,0.8695652173913043,0.88,0.8713921901528013,0.06448190001538023,0.000431500026024878
27,Credit Approval,7,RandomFuzzyRules__max_rules__7,621,69,15,46,0.8985507246376812,0.9066666666666666,0.9405772495755518,0.0702418000146281,0.00042240001494064927
27,Credit Approval,8,RandomFuzzyRules__max_rules__2,621,69,15,46,0.782608695652174,0.7945205479452054,0.7884615384615385,0.062075599998934194,0.0004175000067334622
27,Credit Approval,8,RandomFuzzyRules__max_rules__3,621,69,15,46,0.7971014492753623,0.8108108108108109,0.8200854700854701,0.05401579997851513,0.0004113999893888831
27,Credit Approval,8,RandomFuzzyRules__max_rules__4,621,69,15,46,0.782608695652174,0.7945205479452054,0.7884615384615385,0.06837580000865273,0.0004183000128250569
27,Credit Approval,8,RandomFuzzyRules__max_rules__5,621,69,15,46,0.782608695652174,0.8,0.8021367521367522,0.06244519999017939,0.00042219998431392014
27,Credit Approval,8,RandomFuzzyRules__max_rules__6,621,69,15,46,0.782608695652174,0.7945205479452054,0.7884615384615385,0.06563810000079684,0.0004265999887138605
27,Credit Approval,8,RandomFuzzyRules__max_rules__7,621,69,15,46,0.782608695652174,0.7945205479452054,0.7884615384615385,0.06796669997856952,0.00043590000132098794
27,Credit Approval,9,RandomFuzzyRules__max_rules__2,621,69,15,46,0.855072463768116,0.8571428571428571,0.8679487179487179,0.04752070002723485,0.00042959998245351017
27,Credit Approval,9,RandomFuzzyRules__max_rules__3,621,69,15,46,0.855072463768116,0.8571428571428571,0.9068376068376068,0.048256400012178347,0.0004157999937888235
27,Credit Approval,9,RandomFuzzyRules__max_rules__4,621,69,15,46,0.855072463768116,0.8571428571428571,0.8559829059829059,0.06146749999606982,0.0003252000024076551
27,Credit Approval,9,RandomFuzzyRules__max_rules__5,621,69,15,46,0.855072463768116,0.8571428571428571,0.9068376068376068,0.0594627000100445,0.00043410001671873033
27,Credit Approval,9,RandomFuzzyRules__max_rules__6,621,69,15,46,0.855072463768116,0.8571428571428571,0.8679487179487179,0.06073130000731908,0.0004416000156197697
27,Credit Approval,9,RandomFuzzyRules__max_rules__7,621,69,15,46,0.8260869565217391,0.8333333333333334,0.8658119658119657,0.07882890000473708,0.0004397000011522323
27,Credit Approval,10,RandomFuzzyRules__max_rules__2,621,69,15,46,0.9420289855072463,0.9459459459459459,0.9487179487179487,0.055202399991685525,0.00031159998616203666
27,Credit Approval,10,RandomFuzzyRules__max_rules__3,621,69,15,46,0.9565217391304348,0.96,0.9935897435897436,0.05871189999743365,0.0002962999860756099
27,Credit Approval,10,RandomFuzzyRules__max_rules__4,621,69,15,46,0.927536231884058,0.935064935064935,0.9324786324786325,0.05971319999662228,0.0004211000050418079
27,Credit Approval,10,RandomFuzzyRules__max_rules__5,621,69,15,46,0.9420289855072463,0.9473684210526315,0.9717948717948718,0.05968159998883493,0.00036349997390061617
27,Credit Approval,10,RandomFuzzyRules__max_rules__6,621,69,15,46,0.9420289855072463,0.9459459459459459,0.9487179487179487,0.08981740000308491,0.0004422999918460846
27,Credit Approval,10,RandomFuzzyRules__max_rules__7,621,69,15,46,0.9420289855072463,0.9473684210526315,0.9594017094017094,0.07306500000413507,0.00048760001664049923
43,Haberman's Survival,1,RandomFuzzyRules__max_rules__2,275,31,3,3,0.8387096774193549,0.6153846153846154,0.7635869565217392,0.15538730000844225,0.00037429999792948365
43,Haberman's Survival,1,RandomFuzzyRules__max_rules__3,275,31,3,3,0.8387096774193549,0.6153846153846154,0.7635869565217392,0.09990380000090227,0.00038320000749081373
43,Haberman's Survival,1,RandomFuzzyRules__max_rules__4,275,31,3,3,0.8387096774193549,0.6153846153846154,0.7635869565217392,0.10580560000380501,0.0003858999989461154
43,Haberman's Survival,1,RandomFuzzyRules__max_rules__5,275,31,3,3,0.8387096774193549,0.6153846153846154,0.7635869565217392,0.11660760000813752,0.0004067000118084252
43,Haberman's Survival,1,RandomFuzzyRules__max_rules__6,275,31,3,3,0.8387096774193549,0.6153846153846154,0.7635869565217392,0.13431610001134686,0.00037900000461377203
43,Haberman's Survival,1,RandomFuzzyRules__max_rules__7,275,31,3,3,0.8387096774193549,0.6153846153846154,0.7635869565217392,0.14453669998329133,0.0003858999989461154
43,Haberman's Survival,2,RandomFuzzyRules__max_rules__2,275,31,3,3,0.7096774193548387,0.18181818181818182,0.6657608695652174,0.16388700000243261,0.00035829999251291156
43,Haberman's Survival,2,RandomFuzzyRules__max_rules__3,275,31,3,3,0.7096774193548387,0.18181818181818182,0.6711956521739131,0.10161439998773858,0.0002956999815069139
43,Haberman's Survival,2,RandomFuzzyRules__max_rules__4,275,31,3,3,0.7096774193548387,0.18181818181818182,0.6630434782608696,0.12246980000054464,0.0003749000024981797
43,Haberman's Survival,2,RandomFuzzyRules__max_rules__5,275,31,3,3,0.7096774193548387,0.18181818181818182,0.6521739130434783,0.11937620001845062,0.00038300000596791506
43,Haberman's Survival,2,RandomFuzzyRules__max_rules__6,275,31,3,3,0.7419354838709677,0.3333333333333333,0.6630434782608695,0.1376544999948237,0.00038279997534118593
43,Haberman's Survival,2,RandomFuzzyRules__max_rules__7,275,31,3,3,0.7096774193548387,0.18181818181818182,0.6657608695652174,0.1499249000044074,0.0003623999946285039
43,Haberman's Survival,3,RandomFuzzyRules__max_rules__2,275,31,3,3,0.7741935483870968,0.2222222222222222,0.7989130434782609,0.1649297999974806,0.00036860001273453236
43,Haberman's Survival,3,RandomFuzzyRules__max_rules__3,275,31,3,3,0.7741935483870968,0.2222222222222222,0.7989130434782609,0.14486530001158826,0.00037200000951997936
43,Haberman's Survival,3,RandomFuzzyRules__max_rules__4,275,31,3,3,0.7741935483870968,0.2222222222222222,0.7989130434782609,0.10628020000876859,0.0003965000214520842
43,Haberman's Survival,3,RandomFuzzyRules__max_rules__5,275,31,3,3,0.7741935483870968,0.2222222222222222,0.8396739130434783,0.12607160001061857,0.0003772999916691333
43,Haberman's Survival,3,RandomFuzzyRules__max_rules__6,275,31,3,3,0.7741935483870968,0.2222222222222222,0.8396739130434783,0.1367890000110492,0.00037819999852217734
43,Haberman's Survival,3,RandomFuzzyRules__max_rules__7,275,31,3,3,0.8064516129032258,0.4,0.8016304347826086,0.150223200005712,0.00039870000910013914
43,Haberman's Survival,4,RandomFuzzyRules__max_rules__2,275,31,3,3,0.6451612903225806,0.15384615384615385,0.5244565217391304,0.1640991999884136,0.00036720000207424164
43,Haberman's Survival,4,RandomFuzzyRules__max_rules__3,275,31,3,3,0.6129032258064516,0.14285714285714285,0.49184782608695654,0.10594149999087676,0.0004650999908335507
43,Haberman's Survival,4,RandomFuzzyRules__max_rules__4,275,31,3,3,0.6451612903225806,0.15384615384615385,0.5244565217391304,0.11181990001932718,0.00040160000207833946
43,Haberman's Survival,4,RandomFuzzyRules__max_rules__5,275,31,3,3,0.6129032258064516,0.14285714285714285,0.4809782608695652,0.11836019999464042,0.0004078999918419868
43,Haberman's Survival,4,RandomFuzzyRules__max_rules__6,275,31,3,3,0.6451612903225806,0.15384615384615385,0.5244565217391304,0.13594880001619458,0.00039480000850744545
43,Haberman's Survival,4,RandomFuzzyRules__max_rules__7,275,31,3,3,0.6451612903225806,0.15384615384615385,0.5244565217391304,0.1482100999855902,0.00037910000537522137
43,Haberman's Survival,5,RandomFuzzyRules__max_rules__2,275,31,3,3,0.7419354838709677,0.3333333333333333,0.7391304347826088,0.1607806999818422,0.000361100013833493
43,Haberman's Survival,5,RandomFuzzyRules__max_rules__3,275,31,3,3,0.8387096774193549,0.6153846153846154,0.8641304347826086,0.10542760000680573,0.0004535999905783683
43,Haberman's Survival,5,RandomFuzzyRules__max_rules__4,275,31,3,3,0.8064516129032258,0.625,0.8043478260869565,0.10829220002051443,0.0003735999925993383
43,Haberman's Survival,5,RandomFuzzyRules__max_rules__5,275,31,3,3,0.8064516129032258,0.5714285714285714,0.8505434782608696,0.12327740000910126,0.0003806999884545803
43,Haberman's Survival,5,RandomFuzzyRules__max_rules__6,275,31,3,3,0.8064516129032258,0.5714285714285714,0.8505434782608696,0.1331773999845609,0.00037689998862333596
43,Haberman's Survival,5,RandomFuzzyRules__max_rules__7,275,31,3,3,0.7419354838709677,0.3333333333333333,0.7391304347826088,0.1463923999981489,0.00038419998600147665
43,Haberman's Survival,6,RandomFuzzyRules__max_rules__2,275,31,3,3,0.7096774193548387,0.18181818181818182,0.5934343434343434,0.1621504999930039,0.00038419998600147665
43,Haberman's Survival,6,RandomFuzzyRules__max_rules__3,275,31,3,3,0.7096774193548387,0.18181818181818182,0.5934343434343434,0.10452269998495467,0.0003929999948013574
43,Haberman's Survival,6,RandomFuzzyRules__max_rules__4,275,31,3,3,0.7096774193548387,0.18181818181818182,0.5934343434343434,0.10826350000570528,0.0003744999994523823
43,Haberman's Survival,6,RandomFuzzyRules__max_rules__5,275,31,3,3,0.7096774193548387,0.18181818181818182,0.5858585858585857,0.11991690000286326,0.00038159999530762434
43,Haberman's Survival,6,RandomFuzzyRules__max_rules__6,275,31,3,3,0.7096774193548387,0.18181818181818182,0.5858585858585857,0.1373361999867484,0.0003789000038523227
43,Haberman's Survival,6,RandomFuzzyRules__max_rules__7,275,31,3,3,0.6774193548387096,0.0,0.5808080808080808,0.14628499999525957,0.0002750999992713332
43,Haberman's Survival,7,RandomFuzzyRules__max_rules__2,276,30,3,3,0.8,0.4,0.8181818181818181,0.17050139998900704,0.0003657999914139509
43,Haberman's Survival,7,RandomFuzzyRules__max_rules__3,276,30,3,3,0.7666666666666667,0.36363636363636365,0.8011363636363636,0.10594869998749346,0.0004175000067334622
43,Haberman's Survival,7,RandomFuzzyRules__max_rules__4,276,30,3,3,0.8,0.4,0.8181818181818181,0.1058756000129506,0.00040869999793358147
43,Haberman's Survival,7,RandomFuzzyRules__max_rules__5,276,30,3,3,0.8,0.4,0.8238636363636364,0.17913470001076348,0.0003619000199250877
43,Haberman's Survival,7,RandomFuzzyRules__max_rules__6,276,30,3,3,0.8,0.4,0.8238636363636364,0.13442750001559034,0.00037779999547638
43,Haberman's Survival,7,RandomFuzzyRules__max_rules__7,276,30,3,3,0.8333333333333334,0.5454545454545454,0.8295454545454546,0.1467852999921888,0.00040199997602030635
43,Haberman's Survival,8,RandomFuzzyRules__max_rules__2,276,30,3,3,0.7333333333333333,0.2,0.46874999999999994,0.1616500999953132,0.00037540000630542636
43,Haberman's Survival,8,RandomFuzzyRules__max_rules__3,276,30,3,3,0.7333333333333333,0.2,0.46874999999999994,0.1029084000037983,0.0003687999851536006
43,Haberman's Survival,8,RandomFuzzyRules__max_rules__4,276,30,3,3,0.7,0.0,0.5056818181818181,0.1071679999877233,0.00038850001874379814
43,Haberman's Survival,8,RandomFuzzyRules__max_rules__5,276,30,3,3,0.7,0.0,0.48863636363636354,0.11972960000275634,0.0002837000065483153
43,Haberman's Survival,8,RandomFuzzyRules__max_rules__6,276,30,3,3,0.7333333333333333,0.2,0.5113636363636364,0.1368132999923546,0.00036249999538995326
43,Haberman's Survival,8,RandomFuzzyRules__max_rules__7,276,30,3,3,0.7,0.0,0.46874999999999994,0.14635789999738336,0.00037880000309087336
43,Haberman's Survival,9,RandomFuzzyRules__max_rules__2,276,30,3,3,0.7,0.0,0.8693181818181819,0.1642504000046756,0.00038740001036785543
43,Haberman's Survival,9,RandomFuzzyRules__max_rules__3,276,30,3,3,0.7,0.0,0.8693181818181819,0.10863040000549518,0.0002849999873433262
43,Haberman's Survival,9,RandomFuzzyRules__max_rules__4,276,30,3,3,0.7,0.0,0.8693181818181819,0.11253189999843016,0.0003902000025846064
43,Haberman's Survival,9,RandomFuzzyRules__max_rules__5,276,30,3,3,0.7,0.0,0.8579545454545454,0.1261176000116393,0.00039889998151920736
43,Haberman's Survival,9,RandomFuzzyRules__max_rules__6,276,30,3,3,0.7,0.0,0.8693181818181819,0.13296659998013638,0.0002730999840423465
43,Haberman's Survival,9,RandomFuzzyRules__max_rules__7,276,30,3,3,0.7,0.18181818181818182,0.8011363636363636,0.14577959998860024,0.0002730999840423465
43,Haberman's Survival,10,RandomFuzzyRules__max_rules__2,276,30,3,3,0.6666666666666666,0.0,0.5994318181818181,0.168183699977817,0.00035519999801181257
43,Haberman's Survival,10,RandomFuzzyRules__max_rules__3,276,30,3,3,0.6666666666666666,0.0,0.5994318181818181,0.10403079999377951,0.0004335000121500343
43,Haberman's Survival,10,RandomFuzzyRules__max_rules__4,276,30,3,3,0.6666666666666666,0.0,0.5994318181818181,0.12106889998540282,0.0004974999756086618
43,Haberman's Survival,10,RandomFuzzyRules__max_rules__5,276,30,3,3,0.6333333333333333,0.0,0.6306818181818181,0.1170914999966044,0.0004817000008188188
43,Haberman's Survival,10,RandomFuzzyRules__max_rules__6,276,30,3,3,0.6666666666666666,0.0,0.5994318181818181,0.13380479998886585,0.00037120000342838466
43,Haberman's Survival,10,RandomFuzzyRules__max_rules__7,276,30,3,3,0.6666666666666666,0.0,0.5994318181818181,0.14069659999222495,0.00038499999209307134
45,Heart Disease,1,RandomFuzzyRules__max_rules__2,272,31,13,25,0.8387096774193549,0.8148148148148148,0.8298319327731091,0.03797649999614805,0.0003186000103596598
45,Heart Disease,1,RandomFuzzyRules__max_rules__3,272,31,13,25,0.8064516129032258,0.8,0.8529411764705882,0.04260299997986294,0.00036479998379945755
45,Heart Disease,1,RandomFuzzyRules__max_rules__4,272,31,13,25,0.8064516129032258,0.7857142857142857,0.838235294117647,0.046616300009191036,0.00042260001646354795
45,Heart Disease,1,RandomFuzzyRules__max_rules__5,272,31,13,25,0.8064516129032258,0.7692307692307693,0.8046218487394957,0.054535799979930744,0.000513400009367615
45,Heart Disease,1,RandomFuzzyRules__max_rules__6,272,31,13,25,0.8064516129032258,0.7692307692307693,0.8277310924369748,0.05372639998677187,0.00039999998989515007
45,Heart Disease,1,RandomFuzzyRules__max_rules__7,272,31,13,25,0.7741935483870968,0.7407407407407407,0.8298319327731094,0.056685700023081154,0.0004023000074084848
45,Heart Disease,2,RandomFuzzyRules__max_rules__2,272,31,13,25,0.6451612903225806,0.56,0.6743697478991596,0.0405830999952741,0.0003938000008929521
45,Heart Disease,2,RandomFuzzyRules__max_rules__3,272,31,13,25,0.7419354838709677,0.7333333333333333,0.7815126050420167,0.04202730001998134,0.0003831000067293644
45,Heart Disease,2,RandomFuzzyRules__max_rules__4,272,31,13,25,0.7741935483870968,0.7878787878787878,0.8550420168067225,0.0449267000076361,0.0004008999967481941
45,Heart Disease,2,RandomFuzzyRules__max_rules__5,272,31,13,25,0.7419354838709677,0.7333333333333333,0.8277310924369747,0.05473800000618212,0.00040920000174082816
45,Heart Disease,2,RandomFuzzyRules__max_rules__6,272,31,13,25,0.6451612903225806,0.56,0.6491596638655461,0.04931540001416579,0.0004057000041939318
45,Heart Disease,2,RandomFuzzyRules__max_rules__7,272,31,13,25,0.6774193548387096,0.6666666666666666,0.7352941176470589,0.052783100021770224,0.00029700002050958574
45,Heart Disease,3,RandomFuzzyRules__max_rules__2,272,31,13,25,0.7741935483870968,0.7741935483870968,0.8403361344537815,0.03455080001731403,0.0003798999823629856
45,Heart Disease,3,RandomFuzzyRules__max_rules__3,272,31,13,25,0.8064516129032258,0.8125,0.8466386554621849,0.04113120000693016,0.0003741999971680343
45,Heart Disease,3,RandomFuzzyRules__max_rules__4,272,31,13,25,0.7741935483870968,0.7741935483870968,0.8298319327731092,0.054624399985186756,0.0003941000031773001
45,Heart Disease,3,RandomFuzzyRules__max_rules__5,272,31,13,25,0.7419354838709677,0.7333333333333333,0.7394957983193277,0.054142899985890836,0.00041220002458430827
45,Heart Disease,3,RandomFuzzyRules__max_rules__6,272,31,13,25,0.7741935483870968,0.7878787878787878,0.8361344537815125,0.05512899998575449,0.0004054000019095838
45,Heart Disease,3,RandomFuzzyRules__max_rules__7,272,31,13,25,0.7096774193548387,0.6086956521739131,0.7373949579831932,0.0694911000027787,0.0009118000161834061
45,Heart Disease,4,RandomFuzzyRules__max_rules__2,273,30,13,25,0.8333333333333334,0.8,0.8257918552036198,0.041855999996187165,0.0003761000116355717
45,Heart Disease,4,RandomFuzzyRules__max_rules__3,273,30,13,25,0.8,0.7857142857142857,0.8122171945701357,0.0450167000235524,0.0003870000073220581
45,Heart Disease,4,RandomFuzzyRules__max_rules__4,273,30,13,25,0.8,0.7857142857142857,0.8144796380090498,0.05988149999757297,0.00039569998625665903
45,Heart Disease,4,RandomFuzzyRules__max_rules__5,273,30,13,25,0.7333333333333333,0.6666666666666666,0.7194570135746606,0.045786499977111816,0.0003887999919243157
45,Heart Disease,4,RandomFuzzyRules__max_rules__6,273,30,13,25,0.8333333333333334,0.8148148148148148,0.8619909502262443,0.05048399997758679,0.0003800999838858843
45,Heart Disease,4,RandomFuzzyRules__max_rules__7,273,30,13,25,0.7333333333333333,0.6666666666666666,0.7194570135746606,0.058892900007776916,0.0004099000070709735
45,Heart Disease,5,RandomFuzzyRules__max_rules__2,273,30,13,25,0.7333333333333333,0.75,0.7276785714285715,0.04298239998752251,0.00034470000537112355
45,Heart Disease,5,RandomFuzzyRules__max_rules__3,273,30,13,25,0.7666666666666667,0.7878787878787878,0.8683035714285714,0.04291220000595786,0.0004026999813504517
45,Heart Disease,5,RandomFuzzyRules__max_rules__4,273,30,13,25,0.6666666666666666,0.6875,0.7767857142857142,0.06572380001307465,0.0008609999786131084
45,Heart Disease,5,RandomFuzzyRules__max_rules__5,273,30,13,25,0.7,0.7096774193548387,0.7455357142857142,0.05269660000340082,0.00040370001806877553
45,Heart Disease,5,RandomFuzzyRules__max_rules__6,273,30,13,25,0.7333333333333333,0.7647058823529411,0.8102678571428572,0.05219710001256317,0.0003837999829556793
45,Heart Disease,5,RandomFuzzyRules__max_rules__7,273,30,13,25,0.7333333333333333,0.7333333333333333,0.7366071428571428,0.05728150001959875,0.00039560001459904015
45,Heart Disease,6,RandomFuzzyRules__max_rules__2,273,30,13,25,0.8,0.75,0.7946428571428571,0.04239859999506734,0.0003563000063877553
45,Heart Disease,6,RandomFuzzyRules__max_rules__3,273,30,13,25,0.6666666666666666,0.5833333333333334,0.6696428571428571,0.041547900007572025,0.00042460000258870423
45,Heart Disease,6,RandomFuzzyRules__max_rules__4,273,30,13,25,0.7666666666666667,0.7586206896551724,0.7589285714285714,0.041734800004633144,0.0003997999883722514
45,Heart Disease,6,RandomFuzzyRules__max_rules__5,273,30,13,25,0.7,0.6666666666666666,0.6964285714285715,0.048487899999599904,0.00039140001172199845
45,Heart Disease,6,RandomFuzzyRules__max_rules__6,273,30,13,25,0.8,0.7692307692307693,0.8080357142857143,0.052117900020675734,0.0003944000054616481
45,Heart Disease,6,RandomFuzzyRules__max_rules__7,273,30,13,25,0.6666666666666666,0.5833333333333334,0.6584821428571428,0.05619750000187196,0.0003972999984398484
45,Heart Disease,7,RandomFuzzyRules__max_rules__2,273,30,13,25,0.8333333333333334,0.8148148148148148,0.8214285714285714,0.04104460001690313,0.00038740001036785543
45,Heart Disease,7,RandomFuzzyRules__max_rules__3,273,30,13,25,0.7,0.6086956521739131,0.7053571428571429,0.043201499996939674,0.0003777000238187611
45,Heart Disease,7,RandomFuzzyRules__max_rules__4,273,30,13,25,0.8,0.7857142857142857,0.8236607142857142,0.04442009999183938,0.00038059998769313097
45,Heart Disease,7,RandomFuzzyRules__max_rules__5,273,30,13,25,0.7333333333333333,0.6666666666666666,0.7232142857142857,0.05376989999786019,0.00039000000106170774
45,Heart Disease,7,RandomFuzzyRules__max_rules__6,273,30,13,25,0.8333333333333334,0.8148148148148148,0.8459821428571428,0.06000050000147894,0.00043659997754730284
45,Heart Disease,7,RandomFuzzyRules__max_rules__7,273,30,13,25,0.7333333333333333,0.6666666666666666,0.7232142857142857,0.051698499999474734,0.00041879998752847314
45,Heart Disease,8,RandomFuzzyRules__max_rules__2,273,30,13,25,0.6,0.5384615384615384,0.59375,0.040971800015540794,0.0003490000090096146
45,Heart Disease,8,RandomFuzzyRules__max_rules__3,273,30,13,25,0.7,0.7096774193548387,0.7366071428571428,0.04037479998078197,0.000380899989977479
45,Heart Disease,8,RandomFuzzyRules__max_rules__4,273,30,13,25,0.6333333333333333,0.6206896551724138,0.7544642857142856,0.04770870000356808,0.0004036999889649451
45,Heart Disease,8,RandomFuzzyRules__max_rules__5,273,30,13,25,0.6333333333333333,0.5925925925925926,0.6294642857142857,0.05247349999262951,0.0004084999964106828
45,Heart Disease,8,RandomFuzzyRules__max_rules__6,273,30,13,25,0.7333333333333333,0.7333333333333333,0.7790178571428571,0.05503840002347715,0.0004913000157102942
45,Heart Disease,8,RandomFuzzyRules__max_rules__7,273,30,13,25,0.6,0.5384615384615384,0.7120535714285714,0.0521217999921646,0.0004031000135000795
45,Heart Disease,9,RandomFuzzyRules__max_rules__2,273,30,13,25,0.8,0.7692307692307693,0.8080357142857143,0.04235620002145879,0.0003769999893847853
45,Heart Disease,9,RandomFuzzyRules__max_rules__3,273,30,13,25,0.7333333333333333,0.6923076923076923,0.7276785714285714,0.049589099973673,0.00043479999294504523
45,Heart Disease,9,RandomFuzzyRules__max_rules__4,273,30,13,25,0.8333333333333334,0.8275862068965517,0.8683035714285714,0.0536292000033427,0.00037540000630542636
45,Heart Disease,9,RandomFuzzyRules__max_rules__5,273,30,13,25,0.7333333333333333,0.6923076923076923,0.7276785714285714,0.04982019998715259,0.00041050001163966954
45,Heart Disease,9,RandomFuzzyRules__max_rules__6,273,30,13,25,0.8333333333333334,0.8148148148148148,0.8571428571428571,0.06061559999943711,0.0004220000118948519
45,Heart Disease,9,RandomFuzzyRules__max_rules__7,273,30,13,25,0.7333333333333333,0.6923076923076923,0.7276785714285714,0.05677470000227913,0.00038979999953880906
45,Heart Disease,10,RandomFuzzyRules__max_rules__2,273,30,13,25,0.7333333333333333,0.6666666666666666,0.7142857142857143,0.03985909998300485,0.00036490001366473734
45,Heart Disease,10,RandomFuzzyRules__max_rules__3,273,30,13,25,0.7333333333333333,0.7142857142857143,0.8191964285714286,0.044315499981166795,0.0003918999864254147
45,Heart Disease,10,RandomFuzzyRules__max_rules__4,273,30,13,25,0.6666666666666666,0.6428571428571429,0.7388392857142856,0.05551229999400675,0.00039319999632425606
45,Heart Disease,10,RandomFuzzyRules__max_rules__5,273,30,13,25,0.7,0.6666666666666666,0.6964285714285715,0.062210400006733835,0.0003657999914139509
45,Heart Disease,10,RandomFuzzyRules__max_rules__6,273,30,13,25,0.7333333333333333,0.6923076923076923,0.7410714285714286,0.05432110000401735,0.00039569998625665903
45,Heart Disease,10,RandomFuzzyRules__max_rules__7,273,30,13,25,0.6666666666666666,0.6153846153846154,0.6919642857142857,0.053140099975280464,0.0004017000028397888
46,Hepatitis,1,RandomFuzzyRules__max_rules__2,139,16,19,31,0.8125,0.896551724137931,0.4102564102564103,0.03166209999471903,0.00033239999902434647
46,Hepatitis,1,RandomFuzzyRules__max_rules__3,139,16,19,31,0.8125,0.896551724137931,0.4102564102564103,0.039258900011191145,0.0004199000250082463
46,Hepatitis,1,RandomFuzzyRules__max_rules__4,139,16,19,31,0.8125,0.896551724137931,0.9230769230769231,0.03433880000375211,0.00034589998540468514
46,Hepatitis,1,RandomFuzzyRules__max_rules__5,139,16,19,31,0.8125,0.896551724137931,1.0,0.043746599985752255,0.0003803999861702323
46,Hepatitis,1,RandomFuzzyRules__max_rules__6,139,16,19,31,0.9375,0.9629629629629629,1.0,0.043626500002574176,0.00039579998701810837
46,Hepatitis,1,RandomFuzzyRules__max_rules__7,139,16,19,31,0.8125,0.896551724137931,1.0,0.06144030002178624,0.00035509999725036323
46,Hepatitis,2,RandomFuzzyRules__max_rules__2,139,16,19,31,0.8125,0.8888888888888888,0.4743589743589744,0.02314390000537969,0.0002604999754112214
46,Hepatitis,2,RandomFuzzyRules__max_rules__3,139,16,19,31,0.8125,0.8888888888888888,0.5512820512820513,0.03819289998500608,0.00047369999811053276
46,Hepatitis,2,RandomFuzzyRules__max_rules__4,139,16,19,31,0.8125,0.8888888888888888,0.5512820512820513,0.03679980000015348,0.00036380000528879464
46,Hepatitis,2,RandomFuzzyRules__max_rules__5,139,16,19,31,0.8125,0.8888888888888888,0.5,0.04656359998625703,0.0008584999886807054
46,Hepatitis,2,RandomFuzzyRules__max_rules__6,139,16,19,31,0.8125,0.8888888888888888,0.5256410256410257,0.04086370000732131,0.00038750001112930477
46,Hepatitis,2,RandomFuzzyRules__max_rules__7,139,16,19,31,0.8125,0.8888888888888888,0.5,0.045007400010945275,0.0003775999939534813
46,Hepatitis,3,RandomFuzzyRules__max_rules__2,139,16,19,31,0.9375,0.9629629629629629,0.858974358974359,0.0364193000132218,0.0003157000173814595
46,Hepatitis,3,RandomFuzzyRules__max_rules__3,139,16,19,31,0.6875,0.8148148148148148,0.8333333333333335,0.036347299988847226,0.00047400000039488077
46,Hepatitis,3,RandomFuzzyRules__max_rules__4,139,16,19,31,0.6875,0.8148148148148148,0.8333333333333335,0.04750640000565909,0.0003609000123105943
46,Hepatitis,3,RandomFuzzyRules__max_rules__5,139,16,19,31,0.6875,0.8148148148148148,0.8461538461538461,0.05955460001132451,0.0008479999960400164
46,Hepatitis,3,RandomFuzzyRules__max_rules__6,139,16,19,31,0.875,0.9285714285714286,0.5641025641025641,0.04369300001417287,0.00040690001333132386
46,Hepatitis,3,RandomFuzzyRules__max_rules__7,139,16,19,31,0.8125,0.896551724137931,0.9487179487179488,0.04458899999735877,0.00038770001265220344
46,Hepatitis,4,RandomFuzzyRules__max_rules__2,139,16,19,31,0.8125,0.8888888888888888,0.625,0.03212560000247322,0.0003262000100221485
46,Hepatitis,4,RandomFuzzyRules__max_rules__3,139,16,19,31,0.75,0.8571428571428571,0.5416666666666666,0.03291799998260103,0.00038369998219422996
46,Hepatitis,4,RandomFuzzyRules__max_rules__4,139,16,19,31,0.75,0.8571428571428571,0.5416666666666666,0.03864929999690503,0.00037819999852217734
46,Hepatitis,4,RandomFuzzyRules__max_rules__5,139,16,19,31,0.75,0.8571428571428571,0.5416666666666666,0.04250109998974949,0.00040699998498894274
46,Hepatitis,4,RandomFuzzyRules__max_rules__6,139,16,19,31,0.8125,0.8888888888888888,0.6041666666666667,0.04097990001901053,0.0004132000030949712
46,Hepatitis,4,RandomFuzzyRules__max_rules__7,139,16,19,31,0.75,0.8571428571428571,0.3333333333333333,0.04257379999035038,0.0003552999987732619
46,Hepatitis,5,RandomFuzzyRules__max_rules__2,139,16,19,31,0.8125,0.8888888888888888,0.625,0.03237639999133535,0.00034180001239292324
46,Hepatitis,5,RandomFuzzyRules__max_rules__3,139,16,19,31,0.8125,0.8888888888888888,0.75,0.036572500015608966,0.00037799999699927866
46,Hepatitis,5,RandomFuzzyRules__max_rules__4,139,16,19,31,0.8125,0.8888888888888888,0.75,0.03780459999688901,0.00040180000360123813
46,Hepatitis,5,RandomFuzzyRules__max_rules__5,139,16,19,31,0.8125,0.8888888888888888,0.53125,0.0491749000211712,0.00036070001078769565
46,Hepatitis,5,RandomFuzzyRules__max_rules__6,139,16,19,31,0.8125,0.8888888888888888,0.6041666666666667,0.042536100023426116,0.0003918000147677958
46,Hepatitis,5,RandomFuzzyRules__max_rules__7,139,16,19,31,0.8125,0.8888888888888888,0.625,0.047050499997567385,0.0004068999842274934
46,Hepatitis,6,RandomFuzzyRules__max_rules__2,140,15,19,31,0.8666666666666667,0.9166666666666666,0.6805555555555556,0.029602900001918897,0.0003581999917514622
46,Hepatitis,6,RandomFuzzyRules__max_rules__3,140,15,19,31,0.8,0.88,0.6805555555555556,0.03579850000096485,0.00036249999538995326
46,Hepatitis,6,RandomFuzzyRules__max_rules__4,140,15,19,31,0.8666666666666667,0.9166666666666666,0.7777777777777779,0.038209699996514246,0.00038839998887851834
46,Hepatitis,6,RandomFuzzyRules__max_rules__5,140,15,19,31,0.8666666666666667,0.9166666666666666,0.7916666666666667,0.039984700008062646,0.00038510002195835114
46,Hepatitis,6,RandomFuzzyRules__max_rules__6,140,15,19,31,0.8,0.88,0.6944444444444444,0.04293530000722967,0.00038189999759197235
46,Hepatitis,6,RandomFuzzyRules__max_rules__7,140,15,19,31,0.8,0.88,0.6944444444444444,0.04385830002138391,0.0003878000134136528
46,Hepatitis,7,RandomFuzzyRules__max_rules__2,140,15,19,31,0.8666666666666667,0.9230769230769231,0.638888888888889,0.03270810001413338,0.0003426999901421368
46,Hepatitis,7,RandomFuzzyRules__max_rules__3,140,15,19,31,0.8666666666666667,0.9230769230769231,0.7222222222222223,0.034705800004303455,0.0003829000052064657
46,Hepatitis,7,RandomFuzzyRules__max_rules__4,140,15,19,31,0.6666666666666666,0.8,0.5833333333333333,0.041023400000995025,0.00037560000782832503
46,Hepatitis,7,RandomFuzzyRules__max_rules__5,140,15,19,31,0.6666666666666666,0.8,0.5833333333333334,0.04117830001632683,0.00038469998980872333
46,Hepatitis,7,RandomFuzzyRules__max_rules__6,140,15,19,31,0.6666666666666666,0.8,0.75,0.04363319999538362,0.00039500001003034413
46,Hepatitis,7,RandomFuzzyRules__max_rules__7,140,15,19,31,0.8666666666666667,0.9230769230769231,0.638888888888889,0.04610870001488365,0.000378400000045076
46,Hepatitis,8,RandomFuzzyRules__max_rules__2,140,15,19,31,0.7333333333333333,0.8461538461538461,0.7777777777777777,0.03314210000098683,0.0004214999789837748
46,Hepatitis,8,RandomFuzzyRules__max_rules__3,140,15,19,31,0.8,0.88,0.6805555555555556,0.03396689999499358,0.0003899000003002584
46,Hepatitis,8,RandomFuzzyRules__max_rules__4,140,15,19,31,0.6666666666666666,0.8,0.5277777777777778,0.03996809999807738,0.0003835999814327806
46,Hepatitis,8,RandomFuzzyRules__max_rules__5,140,15,19,31,0.7333333333333333,0.8461538461538461,0.625,0.04184960000566207,0.0004091000009793788
46,Hepatitis,8,RandomFuzzyRules__max_rules__6,140,15,19,31,0.7333333333333333,0.8461538461538461,0.9166666666666666,0.046407599991653115,0.0003929999948013574
46,Hepatitis,8,RandomFuzzyRules__max_rules__7,140,15,19,31,0.8,0.88,0.6527777777777778,0.043559999990975484,0.0003515999997034669
46,Hepatitis,9,RandomFuzzyRules__max_rules__2,140,15,19,31,0.7333333333333333,0.8333333333333334,0.5833333333333335,0.032486499985679984,0.0003333000058773905
46,Hepatitis,9,RandomFuzzyRules__max_rules__3,140,15,19,31,0.7333333333333333,0.8333333333333334,0.4722222222222223,0.034984600002644584,0.0003656000189948827
46,Hepatitis,9,RandomFuzzyRules__max_rules__4,140,15,19,31,0.7333333333333333,0.8333333333333334,0.4722222222222223,0.03757210000185296,0.000308599992422387
46,Hepatitis,9,RandomFuzzyRules__max_rules__5,140,15,19,31,0.7333333333333333,0.8333333333333334,0.5833333333333335,0.0413364999985788,0.0003684000112116337
46,Hepatitis,9,RandomFuzzyRules__max_rules__6,140,15,19,31,0.7333333333333333,0.8333333333333334,0.44444444444444453,0.04936249999445863,0.00040940000326372683
46,Hepatitis,9,RandomFuzzyRules__max_rules__7,140,15,19,31,0.7333333333333333,0.8333333333333334,0.6111111111111112,0.04705550000653602,0.0003988000098615885
46,Hepatitis,10,RandomFuzzyRules__max_rules__2,140,15,19,31,0.8,0.88,0.625,0.032636099989758804,0.0003664000250864774
46,Hepatitis,10,RandomFuzzyRules__max_rules__3,140,15,19,31,0.8,0.88,0.6805555555555556,0.03575159999309108,0.00037719999090768397
46,Hepatitis,10,RandomFuzzyRules__max_rules__4,140,15,19,31,0.8,0.88,0.6805555555555556,0.04602270000032149,0.0003905999765265733
46,Hepatitis,10,RandomFuzzyRules__max_rules__5,140,15,19,31,0.8,0.88,0.6805555555555556,0.037485099979676306,0.00038350000977516174
46,Hepatitis,10,RandomFuzzyRules__max_rules__6,140,15,19,31,0.8,0.88,0.6527777777777778,0.04316509998170659,0.0003992999845650047
46,Hepatitis,10,RandomFuzzyRules__max_rules__7,140,15,19,31,0.8,0.88,0.6527777777777778,0.045404600008623675,0.0004067000118084252
52,Ionosphere,1,RandomFuzzyRules__max_rules__2,315,36,34,34,0.8333333333333334,0.88,0.7993311036789298,0.03559409998706542,0.0003510000242386013
52,Ionosphere,1,RandomFuzzyRules__max_rules__3,315,36,34,34,0.7777777777777778,0.8461538461538461,0.7491638795986622,0.05162949999794364,0.0004078999918419868
52,Ionosphere,1,RandomFuzzyRules__max_rules__4,315,36,34,34,0.8333333333333334,0.8846153846153846,0.7324414715719063,0.05854009999893606,0.00039030000334605575
52,Ionosphere,1,RandomFuzzyRules__max_rules__5,315,36,34,34,0.8333333333333334,0.8846153846153846,0.7224080267558528,0.05934320000233129,0.0004110999871045351
52,Ionosphere,1,RandomFuzzyRules__max_rules__6,315,36,34,34,0.8333333333333334,0.8846153846153846,0.7324414715719063,0.07617780001601204,0.0003944000054616481
52,Ionosphere,1,RandomFuzzyRules__max_rules__7,315,36,34,34,0.8611111111111112,0.8979591836734694,0.7341137123745819,0.06244059998425655,0.00041290000081062317
52,Ionosphere,2,RandomFuzzyRules__max_rules__2,316,35,34,34,0.8285714285714286,0.8695652173913043,0.8840579710144928,0.052059899986488745,0.0004002999921794981
52,Ionosphere,2,RandomFuzzyRules__max_rules__3,316,35,34,34,0.8,0.8571428571428571,0.7789855072463767,0.06410320001305081,0.00045510000200010836
52,Ionosphere,2,RandomFuzzyRules__max_rules__4,316,35,34,34,0.7428571428571429,0.8301886792452831,0.677536231884058,0.06754019999061711,0.000384299986762926
52,Ionosphere,2,RandomFuzzyRules__max_rules__5,316,35,34,34,0.7428571428571429,0.8301886792452831,0.6992753623188406,0.055349100002786145,0.00037590001011267304
52,Ionosphere,2,RandomFuzzyRules__max_rules__6,316,35,34,34,0.7142857142857143,0.7619047619047619,0.7934782608695652,0.05657190000056289,0.0004173999768681824
52,Ionosphere,2,RandomFuzzyRules__max_rules__7,316,35,34,34,0.8285714285714286,0.8636363636363636,0.9057971014492754,0.061356799997156486,0.0004144000122323632
52,Ionosphere,3,RandomFuzzyRules__max_rules__2,316,35,34,34,0.8571428571428571,0.8979591836734694,0.782608695652174,0.05418489998555742,0.0003806000167969614
52,Ionosphere,3,RandomFuzzyRules__max_rules__3,316,35,34,34,0.8,0.8627450980392157,0.592391304347826,0.06755599999451078,0.00035180000122636557
52,Ionosphere,3,RandomFuzzyRules__max_rules__4,316,35,34,34,0.7714285714285715,0.8461538461538461,0.7010869565217391,0.05224429999361746,0.0002901999978348613
52,Ionosphere,3,RandomFuzzyRules__max_rules__5,316,35,34,34,0.7714285714285715,0.84,0.5742753623188406,0.08427230000961572,0.0004394999996293336
52,Ionosphere,3,RandomFuzzyRules__max_rules__6,316,35,34,34,0.8,0.8205128205128205,0.9891304347826088,0.07335849999799393,0.00041849998524412513
52,Ionosphere,3,RandomFuzzyRules__max_rules__7,316,35,34,34,0.8571428571428571,0.8936170212765957,0.7735507246376812,0.08623049999005161,0.00029180001001805067
52,Ionosphere,4,RandomFuzzyRules__max_rules__2,316,35,34,34,0.7714285714285715,0.8333333333333334,0.8768115942028984,0.05077410000376403,0.0002896999940276146
52,Ionosphere,4,RandomFuzzyRules__max_rules__3,316,35,34,34,0.7428571428571429,0.8085106382978723,0.717391304347826,0.06945469998754561,0.00040669998270459473
52,Ionosphere,4,RandomFuzzyRules__max_rules__4,316,35,34,34,0.8285714285714286,0.8846153846153846,0.7971014492753623,0.0626293999957852,0.0005466000002343208
52,Ionosphere,4,RandomFuzzyRules__max_rules__5,316,35,34,34,0.8285714285714286,0.8846153846153846,0.8188405797101449,0.05238910001935437,0.00039160001324489713
52,Ionosphere,4,RandomFuzzyRules__max_rules__6,316,35,34,34,0.7714285714285715,0.8260869565217391,0.7608695652173914,0.057961300015449524,0.0003978000022470951
52,Ionosphere,4,RandomFuzzyRules__max_rules__7,316,35,34,34,0.7714285714285715,0.8260869565217391,0.7898550724637682,0.06567630000063218,0.0004185000143479556
52,Ionosphere,5,RandomFuzzyRules__max_rules__2,316,35,34,34,0.8285714285714286,0.875,0.9021739130434783,0.05390769999939948,0.00030360001255758107
52,Ionosphere,5,RandomFuzzyRules__max_rules__3,316,35,34,34,0.8285714285714286,0.8846153846153846,0.6557971014492754,0.06145300000207499,0.00038159999530762434
52,Ionosphere,5,RandomFuzzyRules__max_rules__4,316,35,34,34,0.8,0.8571428571428571,0.7119565217391304,0.06500230001984164,0.00041179999243468046
52,Ionosphere,5,RandomFuzzyRules__max_rules__5,316,35,34,34,0.8571428571428571,0.9019607843137255,0.786231884057971,0.07482740000705235,0.00040839999564923346
52,Ionosphere,5,RandomFuzzyRules__max_rules__6,316,35,34,34,0.8571428571428571,0.9019607843137255,0.786231884057971,0.05944159999489784,0.0003913000109605491
52,Ionosphere,5,RandomFuzzyRules__max_rules__7,316,35,34,34,0.8571428571428571,0.8936170212765957,0.8333333333333334,0.0678153999906499,0.0004230000195093453
52,Ionosphere,6,RandomFuzzyRules__max_rules__2,316,35,34,34,0.9428571428571428,0.9565217391304348,0.8881118881118881,0.053223099996102974,0.000367600005120039
52,Ionosphere,6,RandomFuzzyRules__max_rules__3,316,35,34,34,0.8285714285714286,0.88,0.5629370629370629,0.05869340000208467,0.0004087999986950308
52,Ionosphere,6,RandomFuzzyRules__max_rules__4,316,35,34,34,0.8,0.8571428571428571,0.6503496503496503,0.0495375000173226,0.00038079998921602964
52,Ionosphere,6,RandomFuzzyRules__max_rules__5,316,35,34,34,0.8285714285714286,0.875,0.7027972027972028,0.052836299990303814,0.00038029998540878296
52,Ionosphere,6,RandomFuzzyRules__max_rules__6,316,35,34,34,0.8285714285714286,0.875,0.6713286713286712,0.057372900017071515,0.0005104999872855842
52,Ionosphere,6,RandomFuzzyRules__max_rules__7,316,35,34,34,0.9428571428571428,0.9565217391304348,0.8828671328671328,0.06965920000220649,0.00042580001172609627
52,Ionosphere,7,RandomFuzzyRules__max_rules__2,316,35,34,34,0.8,0.8444444444444444,0.7604895104895104,0.05451429999084212,0.0003716999781318009
52,Ionosphere,7,RandomFuzzyRules__max_rules__3,316,35,34,34,0.6571428571428571,0.7692307692307693,0.4772727272727273,0.0825712000078056,0.0003635000030044466
52,Ionosphere,7,RandomFuzzyRules__max_rules__4,316,35,34,34,0.7428571428571429,0.8235294117647058,0.6923076923076923,0.050756000011460856,0.00038339997990988195
52,Ionosphere,7,RandomFuzzyRules__max_rules__5,316,35,34,34,0.7428571428571429,0.8235294117647058,0.7062937062937062,0.05467389998375438,0.0004215999797452241
52,Ionosphere,7,RandomFuzzyRules__max_rules__6,316,35,34,34,0.7428571428571429,0.8235294117647058,0.6923076923076923,0.05808000001707114,0.00043340001138858497
52,Ionosphere,7,RandomFuzzyRules__max_rules__7,316,35,34,34,0.7714285714285715,0.8181818181818182,0.7657342657342657,0.07687290001194924,0.0003839000128209591
52,Ionosphere,8,RandomFuzzyRules__max_rules__2,316,35,34,34,0.9142857142857143,0.9361702127659575,0.9475524475524476,0.05369639999116771,0.0003420000139158219
52,Ionosphere,8,RandomFuzzyRules__max_rules__3,316,35,34,34,0.7428571428571429,0.8301886792452831,0.5052447552447552,0.04937559997779317,0.00042749999556690454
52,Ionosphere,8,RandomFuzzyRules__max_rules__4,316,35,34,34,0.8857142857142857,0.9166666666666666,0.7587412587412588,0.05332559999078512,0.0004033000150229782
52,Ionosphere,8,RandomFuzzyRules__max_rules__5,316,35,34,34,0.8571428571428571,0.8979591836734694,0.7342657342657343,0.055434799985960126,0.000533199985511601
52,Ionosphere,8,RandomFuzzyRules__max_rules__6,316,35,34,34,0.8857142857142857,0.9166666666666666,0.7587412587412588,0.058239900012267753,0.0004555000050459057
52,Ionosphere,8,RandomFuzzyRules__max_rules__7,316,35,34,34,0.9428571428571428,0.9565217391304348,0.8636363636363636,0.05613829998765141,0.0004079999926034361
52,Ionosphere,9,RandomFuzzyRules__max_rules__2,316,35,34,34,0.7714285714285715,0.8181818181818182,0.7937062937062938,0.04678360000252724,0.0003566000086721033
52,Ionosphere,9,RandomFuzzyRules__max_rules__3,316,35,34,34,0.7142857142857143,0.8,0.5297202797202797,0.04006810000282712,0.0004152000183239579
52,Ionosphere,9,RandomFuzzyRules__max_rules__4,316,35,34,34,0.7142857142857143,0.8,0.6573426573426573,0.04749709999305196,0.0004253000079188496
52,Ionosphere,9,RandomFuzzyRules__max_rules__5,316,35,34,34,0.6571428571428571,0.75,0.5227272727272727,0.05429910001112148,0.00038460001815110445
52,Ionosphere,9,RandomFuzzyRules__max_rules__6,316,35,34,34,0.7428571428571429,0.7692307692307693,0.8636363636363638,0.06659360000048764,0.00042279998888261616
52,Ionosphere,9,RandomFuzzyRules__max_rules__7,316,35,34,34,0.7714285714285715,0.8181818181818182,0.7622377622377622,0.06354649999411777,0.0005784999812021852
52,Ionosphere,10,RandomFuzzyRules__max_rules__2,316,35,34,34,0.8285714285714286,0.8695652173913043,0.8216783216783217,0.0541605000034906,0.000374700000975281
52,Ionosphere,10,RandomFuzzyRules__max_rules__3,316,35,34,34,0.8285714285714286,0.875,0.8251748251748252,0.0446315000008326,0.0003209999995306134
52,Ionosphere,10,RandomFuzzyRules__max_rules__4,316,35,34,34,0.8285714285714286,0.88,0.7972027972027972,0.050102700013667345,0.00042130000656470656
52,Ionosphere,10,RandomFuzzyRules__max_rules__5,316,35,34,34,0.8,0.8627450980392157,0.7762237762237763,0.055557800020324066,0.0005600000149570405
52,Ionosphere,10,RandomFuzzyRules__max_rules__6,316,35,34,34,0.7714285714285715,0.7894736842105263,0.937062937062937,0.06075509998481721,0.0004454999871086329
52,Ionosphere,10,RandomFuzzyRules__max_rules__7,316,35,34,34,0.8285714285714286,0.8636363636363636,0.8216783216783217,0.06756250001490116,0.00042729999404400587
74,Musk (Version 1),1,RandomFuzzyRules__max_rules__2,428,48,168,685,0.6666666666666666,0.5294117647058824,0.6014109347442681,0.05116999999154359,0.0005994999955873936
74,Musk (Version 1),1,RandomFuzzyRules__max_rules__3,428,48,168,685,0.6666666666666666,0.5294117647058824,0.6014109347442681,0.048858100024517626,0.0006128000095486641
74,Musk (Version 1),1,RandomFuzzyRules__max_rules__4,428,48,168,685,0.6666666666666666,0.5294117647058824,0.6014109347442681,0.05746380001073703,0.0006689000001642853
74,Musk (Version 1),1,RandomFuzzyRules__max_rules__5,428,48,168,685,0.6458333333333334,0.37037037037037035,0.6790123456790124,0.0561026000068523,0.0006565999938175082
74,Musk (Version 1),1,RandomFuzzyRules__max_rules__6,428,48,168,685,0.6041666666666666,0.5581395348837209,0.628747795414462,0.0870297999936156,0.0006552999839186668
74,Musk (Version 1),1,RandomFuzzyRules__max_rules__7,428,48,168,685,0.6666666666666666,0.5294117647058824,0.6014109347442681,0.08210829997551627,0.0007971999875735492
74,Musk (Version 1),2,RandomFuzzyRules__max_rules__2,428,48,168,686,0.625,0.4,0.6763668430335097,0.05737840000074357,0.0006278000073507428
74,Musk (Version 1),2,RandomFuzzyRules__max_rules__3,428,48,168,686,0.625,0.4,0.6763668430335097,0.048857999994652346,0.0006606999959331006
74,Musk (Version 1),2,RandomFuzzyRules__max_rules__4,428,48,168,686,0.625,0.4,0.6763668430335097,0.057934599986765534,0.0006643000233452767
74,Musk (Version 1),2,RandomFuzzyRules__max_rules__5,428,48,168,686,0.625,0.4,0.6763668430335097,0.06661670000175945,0.0006534999993164092
74,Musk (Version 1),2,RandomFuzzyRules__max_rules__6,428,48,168,686,0.6666666666666666,0.6,0.7654320987654321,0.0764832999848295,0.0006328999879769981
74,Musk (Version 1),2,RandomFuzzyRules__max_rules__7,428,48,168,686,0.625,0.4,0.6763668430335097,0.06527869999990799,0.000657000025967136
74,Musk (Version 1),3,RandomFuzzyRules__max_rules__2,428,48,168,685,0.6875,0.4827586206896552,0.826278659611993,0.04798939998727292,0.0006453999958466738
74,Musk (Version 1),3,RandomFuzzyRules__max_rules__3,428,48,168,685,0.6875,0.4827586206896552,0.826278659611993,0.058165599999483675,0.0006722999969497323
74,Musk (Version 1),3,RandomFuzzyRules__max_rules__4,428,48,168,685,0.6875,0.4827586206896552,0.826278659611993,0.05880810000235215,0.0006449999928008765
74,Musk (Version 1),3,RandomFuzzyRules__max_rules__5,428,48,168,685,0.7291666666666666,0.5517241379310345,0.6728395061728395,0.060608600004343316,0.0005330999847501516
74,Musk (Version 1),3,RandomFuzzyRules__max_rules__6,428,48,168,685,0.6875,0.6153846153846154,0.6904761904761905,0.07679079999797978,0.0006723999977111816
74,Musk (Version 1),3,RandomFuzzyRules__max_rules__7,428,48,168,685,0.6875,0.4827586206896552,0.826278659611993,0.08094549999805167,0.0006620999774895608
74,Musk (Version 1),4,RandomFuzzyRules__max_rules__2,428,48,168,686,0.5416666666666666,0.47619047619047616,0.58994708994709,0.05757710000034422,0.0006693000032100827
74,Musk (Version 1),4,RandomFuzzyRules__max_rules__3,428,48,168,686,0.5416666666666666,0.47619047619047616,0.58994708994709,0.07976130000315607,0.0006751999899279326
74,Musk (Version 1),4,RandomFuzzyRules__max_rules__4,428,48,168,686,0.5416666666666666,0.47619047619047616,0.6049382716049383,0.0677589000260923,0.000679599994327873
74,Musk (Version 1),4,RandomFuzzyRules__max_rules__5,428,48,168,686,0.625,0.3076923076923077,0.7522045855379189,0.06432340000174008,0.0008393999887630343
74,Musk (Version 1),4,RandomFuzzyRules__max_rules__6,428,48,168,686,0.6458333333333334,0.5853658536585366,0.7319223985890654,0.059695300005842,0.0006749000167474151
74,Musk (Version 1),4,RandomFuzzyRules__max_rules__7,428,48,168,686,0.5416666666666666,0.47619047619047616,0.58994708994709,0.10149920001276769,0.00046380001003853977
74,Musk (Version 1),5,RandomFuzzyRules__max_rules__2,428,48,168,686,0.625,0.4375,0.5564373897707231,0.0502379999961704,0.0004430000262800604
74,Musk (Version 1),5,RandomFuzzyRules__max_rules__3,428,48,168,686,0.625,0.4375,0.5564373897707231,0.05061269999714568,0.0006737999792676419
74,Musk (Version 1),5,RandomFuzzyRules__max_rules__4,428,48,168,686,0.625,0.4375,0.5564373897707231,0.06989220000104979,0.0006851000071037561
74,Musk (Version 1),5,RandomFuzzyRules__max_rules__5,428,48,168,686,0.625,0.4375,0.5564373897707231,0.07616050000069663,0.0006827000179328024
74,Musk (Version 1),5,RandomFuzzyRules__max_rules__6,428,48,168,686,0.6041666666666666,0.4864864864864865,0.6878306878306879,0.060820800019428134,0.0006720999954268336
74,Musk (Version 1),5,RandomFuzzyRules__max_rules__7,428,48,168,686,0.625,0.4375,0.5564373897707231,0.07330679998267442,0.0006908999930601567
74,Musk (Version 1),6,RandomFuzzyRules__max_rules__2,428,48,168,685,0.625,0.5263157894736842,0.609347442680776,0.047546699992381036,0.0006525000208057463
74,Musk (Version 1),6,RandomFuzzyRules__max_rules__3,428,48,168,685,0.625,0.5263157894736842,0.609347442680776,0.053350399975897744,0.0006553999846801162
74,Musk (Version 1),6,RandomFuzzyRules__max_rules__4,428,48,168,685,0.625,0.5263157894736842,0.609347442680776,0.05975720001151785,0.0006782000127714127
74,Musk (Version 1),6,RandomFuzzyRules__max_rules__5,428,48,168,685,0.625,0.5263157894736842,0.609347442680776,0.08634499998879619,0.000686999992467463
74,Musk (Version 1),6,RandomFuzzyRules__max_rules__6,428,48,168,685,0.6666666666666666,0.38461538461538464,0.7839506172839507,0.08089330000802875,0.0006804000004194677
74,Musk (Version 1),6,RandomFuzzyRules__max_rules__7,428,48,168,685,0.625,0.5263157894736842,0.609347442680776,0.06697429998894222,0.0004910000134259462
74,Musk (Version 1),7,RandomFuzzyRules__max_rules__2,429,47,168,687,0.7021276595744681,0.6111111111111112,0.7051282051282052,0.07088729998213239,0.0004720000142697245
74,Musk (Version 1),7,RandomFuzzyRules__max_rules__3,429,47,168,687,0.7021276595744681,0.6111111111111112,0.7051282051282052,0.06425460000173189,0.0006677000201307237
74,Musk (Version 1),7,RandomFuzzyRules__max_rules__4,429,47,168,687,0.7021276595744681,0.6111111111111112,0.7051282051282052,0.05657960000098683,0.0006441000150516629
74,Musk (Version 1),7,RandomFuzzyRules__max_rules__5,429,47,168,687,0.7021276595744681,0.6111111111111112,0.7051282051282052,0.07628229999681935,0.0006566000229213387
74,Musk (Version 1),7,RandomFuzzyRules__max_rules__6,429,47,168,687,0.7659574468085106,0.7317073170731707,0.7802197802197801,0.07527840000693686,0.0006602999928873032
74,Musk (Version 1),7,RandomFuzzyRules__max_rules__7,429,47,168,687,0.7021276595744681,0.6111111111111112,0.7051282051282052,0.06336669999291189,0.0006573999999091029
74,Musk (Version 1),8,RandomFuzzyRules__max_rules__2,429,47,168,687,0.7021276595744681,0.5333333333333333,0.8583333333333333,0.050758999976096675,0.000660400022752583
74,Musk (Version 1),8,RandomFuzzyRules__max_rules__3,429,47,168,687,0.7021276595744681,0.5333333333333333,0.8583333333333333,0.048994600016158074,0.0006751999899279326
74,Musk (Version 1),8,RandomFuzzyRules__max_rules__4,429,47,168,687,0.7021276595744681,0.5333333333333333,0.8583333333333333,0.06517660000827163,0.0007821000181138515
74,Musk (Version 1),8,RandomFuzzyRules__max_rules__5,429,47,168,687,0.7659574468085106,0.6206896551724138,0.7805555555555556,0.06927410000935197,0.0005017000075895339
74,Musk (Version 1),8,RandomFuzzyRules__max_rules__6,429,47,168,687,0.7659574468085106,0.6206896551724138,0.7805555555555556,0.06396969998604618,0.0006527999939862639
74,Musk (Version 1),8,RandomFuzzyRules__max_rules__7,429,47,168,687,0.6595744680851063,0.6363636363636364,0.7305555555555555,0.07206720000249334,0.0006579000037163496
74,Musk (Version 1),9,RandomFuzzyRules__max_rules__2,429,47,168,686,0.7446808510638298,0.6,0.7268518518518519,0.05671770000481047,0.0006254999898374081
74,Musk (Version 1),9,RandomFuzzyRules__max_rules__3,429,47,168,686,0.7446808510638298,0.6,0.7268518518518519,0.051314800017280504,0.0006593000143766403
74,Musk (Version 1),9,RandomFuzzyRules__max_rules__4,429,47,168,686,0.7446808510638298,0.6,0.7268518518518519,0.056871899985708296,0.0006340999971143901
74,Musk (Version 1),9,RandomFuzzyRules__max_rules__5,429,47,168,686,0.7446808510638298,0.6,0.7268518518518519,0.05535989999771118,0.0006487999926321208
74,Musk (Version 1),9,RandomFuzzyRules__max_rules__6,429,47,168,686,0.7021276595744681,0.6666666666666666,0.7574074074074073,0.06075869998312555,0.0006359000108204782
74,Musk (Version 1),9,RandomFuzzyRules__max_rules__7,429,47,168,686,0.5106382978723404,0.4888888888888889,0.46481481481481485,0.09383559998241253,0.0006161000055726618
74,Musk (Version 1),10,RandomFuzzyRules__max_rules__2,429,47,168,687,0.5957446808510638,0.3448275862068966,0.5361111111111112,0.04742720001377165,0.0006311000033747405
74,Musk (Version 1),10,RandomFuzzyRules__max_rules__3,429,47,168,687,0.5957446808510638,0.3448275862068966,0.5361111111111112,0.04969620000338182,0.0006227999983821064
74,Musk (Version 1),10,RandomFuzzyRules__max_rules__4,429,47,168,687,0.5957446808510638,0.3448275862068966,0.5361111111111112,0.053289500006940216,0.0006625999812968075
74,Musk (Version 1),10,RandomFuzzyRules__max_rules__5,429,47,168,687,0.5957446808510638,0.3448275862068966,0.5361111111111112,0.06631449999986216,0.0005509000038728118
74,Musk (Version 1),10,RandomFuzzyRules__max_rules__6,429,47,168,687,0.574468085106383,0.3333333333333333,0.5342592592592593,0.0697789000114426,0.000674300012178719
74,Musk (Version 1),10,RandomFuzzyRules__max_rules__7,429,47,168,687,0.5957446808510638,0.3448275862068966,0.5361111111111112,0.07486750002135523,0.0004734999965876341
75,Musk (Version 2),1,RandomFuzzyRules__max_rules__2,5938,660,166,166,0.8560606060606061,0.3356643356643357,0.7067169161571439,0.4623310000170022,0.001285699981963262
75,Musk (Version 2),1,RandomFuzzyRules__max_rules__3,5938,660,166,166,0.853030303030303,0.32167832167832167,0.6905703141471643,0.5333175999985542,0.0011841999948956072
75,Musk (Version 2),1,RandomFuzzyRules__max_rules__4,5938,660,166,166,0.8575757575757575,0.3380281690140845,0.6496327921849743,0.5353498999902513,0.00129640000523068
75,Musk (Version 2),1,RandomFuzzyRules__max_rules__5,5938,660,166,166,0.8681818181818182,0.35555555555555557,0.6497909199522103,0.5995297000044957,0.001736300007905811
75,Musk (Version 2),1,RandomFuzzyRules__max_rules__6,5938,660,166,166,0.8545454545454545,0.1111111111111111,0.7351447747557804,0.594072200008668,0.0012233000015839934
75,Musk (Version 2),1,RandomFuzzyRules__max_rules__7,5938,660,166,166,0.8575757575757575,0.3380281690140845,0.6991179984538618,0.5747938999847975,0.0012097999860998243
75,Musk (Version 2),2,RandomFuzzyRules__max_rules__2,5938,660,166,166,0.8560606060606061,0.26356589147286824,0.6336882423220184,0.5416914999950677,0.0012250000145286322
75,Musk (Version 2),2,RandomFuzzyRules__max_rules__3,5938,660,166,166,0.8575757575757575,0.27692307692307694,0.643351605875325,0.5190877999993972,0.0010938000050373375
75,Musk (Version 2),2,RandomFuzzyRules__max_rules__4,5938,660,166,166,0.8590909090909091,0.2677165354330709,0.637536017991426,0.5962676000199281,0.001250800007255748
75,Musk (Version 2),2,RandomFuzzyRules__max_rules__5,5938,660,166,166,0.8575757575757575,0.265625,0.6591995221027479,0.5586758999852464,0.0012564999924506992
75,Musk (Version 2),2,RandomFuzzyRules__max_rules__6,5938,660,166,166,0.85,0.15384615384615385,0.7785596317379999,0.5404736999771558,0.0012170000118203461
75,Musk (Version 2),2,RandomFuzzyRules__max_rules__7,5938,660,166,166,0.8575757575757575,0.265625,0.6591995221027479,0.5800081999914255,0.0010896999738179147
75,Musk (Version 2),3,RandomFuzzyRules__max_rules__2,5938,660,166,166,0.8575757575757575,0.2878787878787879,0.7074548457375782,0.524072400003206,0.0011955999943893403
75,Musk (Version 2),3,RandomFuzzyRules__max_rules__3,5938,660,166,166,0.8575757575757575,0.2878787878787879,0.6771733783118983,0.60557109999354,0.0012558000162243843
75,Musk (Version 2),3,RandomFuzzyRules__max_rules__4,5938,660,166,166,0.8712121212121212,0.3795620437956204,0.6137377890224189,0.5679043999989517,0.0011100999836344272
75,Musk (Version 2),3,RandomFuzzyRules__max_rules__5,5938,660,166,166,0.8666666666666667,0.3125,0.6306311054887905,0.5623167000012472,0.0012607999960891902
75,Musk (Version 2),3,RandomFuzzyRules__max_rules__6,5938,660,166,166,0.8560606060606061,0.18803418803418803,0.7694321456181039,0.6051564000081271,0.0013116000045556575
75,Musk (Version 2),3,RandomFuzzyRules__max_rules__7,5938,660,166,166,0.8560606060606061,0.2748091603053435,0.6762597512123129,0.5702586999977939,0.0010574999905657023
75,Musk (Version 2),4,RandomFuzzyRules__max_rules__2,5938,660,166,166,0.8606060606060606,0.3333333333333333,0.684192494201982,0.49545319998287596,0.0029126000008545816
75,Musk (Version 2),4,RandomFuzzyRules__max_rules__3,5938,660,166,166,0.8560606060606061,0.30656934306569344,0.6821016937240847,0.5259594999952242,0.002196500019636005
75,Musk (Version 2),4,RandomFuzzyRules__max_rules__4,5938,660,166,166,0.8666666666666667,0.35294117647058826,0.6596563356525406,0.6527693000098225,0.0013877000019419938
75,Musk (Version 2),4,RandomFuzzyRules__max_rules__5,5938,660,166,166,0.853030303030303,0.2706766917293233,0.6410587532504041,0.5991995999938808,0.001299499999731779
75,Musk (Version 2),4,RandomFuzzyRules__max_rules__6,5938,660,166,166,0.853030303030303,0.18487394957983194,0.6854575163398693,0.6044535000110045,0.0012038999993819743
75,Musk (Version 2),4,RandomFuzzyRules__max_rules__7,5938,660,166,166,0.8545454545454545,0.30434782608695654,0.6915366505024948,0.6372441999847069,0.0012909999932162464
75,Musk (Version 2),5,RandomFuzzyRules__max_rules__2,5938,660,166,166,0.8560606060606061,0.24,0.6568715299739969,0.5041769999952521,0.001284700003452599
75,Musk (Version 2),5,RandomFuzzyRules__max_rules__3,5938,660,166,166,0.853030303030303,0.21138211382113822,0.6885849321807576,0.5367180999892298,0.001197999983560294
75,Musk (Version 2),5,RandomFuzzyRules__max_rules__4,5938,660,166,166,0.8621212121212121,0.272,0.6271610794855577,0.5428531999932602,0.0014697999868076295
75,Musk (Version 2),5,RandomFuzzyRules__max_rules__5,5938,660,166,166,0.85,0.23255813953488372,0.6255885866891561,0.5530091999971773,0.0011753999860957265
75,Musk (Version 2),5,RandomFuzzyRules__max_rules__6,5938,660,166,166,0.8560606060606061,0.12844036697247707,0.6282416192283365,0.5696549999993294,0.0014104000001680106
75,Musk (Version 2),5,RandomFuzzyRules__max_rules__7,5938,660,166,166,0.8560606060606061,0.22764227642276422,0.6916508538899431,0.5944343000010122,0.0013069999986328185
75,Musk (Version 2),6,RandomFuzzyRules__max_rules__2,5938,660,166,166,0.8696969696969697,0.36764705882352944,0.7487701173659428,0.5153936000133399,0.0032412000000476837
75,Musk (Version 2),6,RandomFuzzyRules__max_rules__3,5938,660,166,166,0.8681818181818182,0.35555555555555557,0.7201226368683674,0.5051753000007011,0.001115199993364513
75,Musk (Version 2),6,RandomFuzzyRules__max_rules__4,5938,660,166,166,0.8893939393939394,0.5034013605442177,0.6097494553376905,0.5992946999904234,0.0011155999964103103
75,Musk (Version 2),6,RandomFuzzyRules__max_rules__5,5938,660,166,166,0.8757575757575757,0.3880597014925373,0.6564147164242041,0.543150199984666,0.001298599992878735
75,Musk (Version 2),6,RandomFuzzyRules__max_rules__6,5938,660,166,166,0.853030303030303,0.1565217391304348,0.7186467777074987,0.5839447999896947,0.0013565999979618937
75,Musk (Version 2),6,RandomFuzzyRules__max_rules__7,5938,660,166,166,0.8666666666666667,0.35294117647058826,0.6906669477826973,0.6106836999824736,0.001277300005313009
75,Musk (Version 2),7,RandomFuzzyRules__max_rules__2,5938,660,166,166,0.8545454545454545,0.3142857142857143,0.6763124604680582,0.47560469998279586,0.0013451999984681606
75,Musk (Version 2),7,RandomFuzzyRules__max_rules__3,5938,660,166,166,0.853030303030303,0.302158273381295,0.6558173448590905,0.5010680000123102,0.0011812000011559576
75,Musk (Version 2),7,RandomFuzzyRules__max_rules__4,5938,660,166,166,0.8484848484848485,0.29577464788732394,0.5995414294750159,0.5510443999955896,0.0013928999833296984
75,Musk (Version 2),7,RandomFuzzyRules__max_rules__5,5938,660,166,166,0.85,0.2556390977443609,0.5794767727879683,0.5271514000196476,0.0013202000118326396
75,Musk (Version 2),7,RandomFuzzyRules__max_rules__6,5938,660,166,166,0.8409090909090909,0.11764705882352941,0.5932953826691967,0.6129228000063449,0.001193600008264184
75,Musk (Version 2),7,RandomFuzzyRules__max_rules__7,5938,660,166,166,0.853030303030303,0.3120567375886525,0.6732816782627029,0.5798056999919936,0.001315299974521622
75,Musk (Version 2),8,RandomFuzzyRules__max_rules__2,5938,660,166,166,0.8681818181818182,0.33587786259541985,0.7074868488637771,0.48638379998737946,0.00106969999615103
75,Musk (Version 2),8,RandomFuzzyRules__max_rules__3,5938,660,166,166,0.8636363636363636,0.296875,0.6818753431693796,0.5513197999971453,0.0012873000232502818
75,Musk (Version 2),8,RandomFuzzyRules__max_rules__4,5938,660,166,166,0.8787878787878788,0.43661971830985913,0.6290582546626756,0.6160542000143323,0.0012797000235877931
75,Musk (Version 2),8,RandomFuzzyRules__max_rules__5,5938,660,166,166,0.8575757575757575,0.27692307692307694,0.6026674223773003,0.5454240999824833,0.0012781999830622226
75,Musk (Version 2),8,RandomFuzzyRules__max_rules__6,5938,660,166,166,0.8545454545454545,0.1724137931034483,0.7647850652686019,0.5861992999853101,0.00306099999579601
75,Musk (Version 2),8,RandomFuzzyRules__max_rules__7,5938,660,166,166,0.8575757575757575,0.265625,0.665474060822898,0.5890746999939438,0.0013233000063337386
75,Musk (Version 2),9,RandomFuzzyRules__max_rules__2,5939,659,166,166,0.8649468892261002,0.2992125984251969,0.6623017140423719,0.46015780000016093,0.0013737000117544085
75,Musk (Version 2),9,RandomFuzzyRules__max_rules__3,5939,659,166,166,0.8634294385432474,0.296875,0.6384719117072998,0.5391689999960363,0.0013688000035472214
75,Musk (Version 2),9,RandomFuzzyRules__max_rules__4,5939,659,166,166,0.8649468892261002,0.3597122302158273,0.6181287483587068,0.5307073000003584,0.0010939000057987869
75,Musk (Version 2),9,RandomFuzzyRules__max_rules__5,5939,659,166,166,0.849772382397572,0.2204724409448819,0.5831825117995671,0.5607721999986097,0.001349900005152449
75,Musk (Version 2),9,RandomFuzzyRules__max_rules__6,5939,659,166,166,0.8619119878603946,0.24793388429752067,0.6276393768409099,0.5797123999800533,0.0009335999784525484
75,Musk (Version 2),9,RandomFuzzyRules__max_rules__7,5939,659,166,166,0.858877086494689,0.27906976744186046,0.6715905461513892,0.6584303000126965,0.0012257999915163964
75,Musk (Version 2),10,RandomFuzzyRules__max_rules__2,5939,659,166,166,0.8694992412746586,0.3384615384615385,0.6395897654281556,0.5742698999820277,0.0013334999966900796
75,Musk (Version 2),10,RandomFuzzyRules__max_rules__3,5939,659,166,166,0.8452200303490136,0.32894736842105265,0.7008676674119025,0.5712046999833547,0.0013393999834079295
75,Musk (Version 2),10,RandomFuzzyRules__max_rules__4,5939,659,166,166,0.8634294385432474,0.3283582089552239,0.626832038042514,0.6100739999965299,0.0013236000086180866
75,Musk (Version 2),10,RandomFuzzyRules__max_rules__5,5939,659,166,166,0.8634294385432474,0.296875,0.6257674154512226,0.6441049000131898,0.001275100017664954
75,Musk (Version 2),10,RandomFuzzyRules__max_rules__6,5939,659,166,166,0.8573596358118362,0.16071428571428573,0.6409205436672698,0.6566556000034325,0.0013736000109929591
75,Musk (Version 2),10,RandomFuzzyRules__max_rules__7,5939,659,166,166,0.849772382397572,0.28776978417266186,0.6575641435111254,0.6623474000080023,0.0014017000212334096
94,Spambase,1,RandomFuzzyRules__max_rules__2,4140,461,57,57,0.6594360086767896,0.314410480349345,0.7749123636220411,0.22197010001400486,0.0006550999823957682
94,Spambase,1,RandomFuzzyRules__max_rules__3,4140,461,57,57,0.6594360086767896,0.3022222222222222,0.8109909803458191,0.26300690000061877,0.0006332999910227954
94,Spambase,1,RandomFuzzyRules__max_rules__4,4140,461,57,57,0.6594360086767896,0.3022222222222222,0.8109909803458191,0.28467510000336915,0.0006814000080339611
94,Spambase,1,RandomFuzzyRules__max_rules__5,4140,461,57,57,0.6811279826464208,0.3950617283950617,0.8015676080192209,0.29595810000319034,0.0006455999973695725
94,Spambase,1,RandomFuzzyRules__max_rules__6,4140,461,57,57,0.7049891540130152,0.46875,0.8352436094371578,0.3357100999855902,0.0006512999825645238
94,Spambase,1,RandomFuzzyRules__max_rules__7,4140,461,57,57,0.7049891540130152,0.46875,0.8352436094371578,0.34039539998047985,0.0006825999880675226
94,Spambase,2,RandomFuzzyRules__max_rules__2,4141,460,57,57,0.6826086956521739,0.3706896551724138,0.7662858724009802,0.25046830001519993,0.000604800006840378
94,Spambase,2,RandomFuzzyRules__max_rules__3,4141,460,57,57,0.6543478260869565,0.28699551569506726,0.7892817614040637,0.28148080001119524,0.0006597000174224377
94,Spambase,2,RandomFuzzyRules__max_rules__4,4141,460,57,57,0.6543478260869565,0.28699551569506726,0.7892817614040637,0.27027649999945424,0.0006613000005017966
94,Spambase,2,RandomFuzzyRules__max_rules__5,4141,460,57,57,0.6826086956521739,0.39669421487603307,0.7489030753419241,0.3433004999824334,0.000599899998633191
94,Spambase,2,RandomFuzzyRules__max_rules__6,4141,460,57,57,0.6891304347826087,0.4163265306122449,0.789617756344375,0.32106889999704435,0.0007145999989006668
94,Spambase,2,RandomFuzzyRules__max_rules__7,4141,460,57,57,0.6891304347826087,0.4163265306122449,0.789617756344375,0.30032589999609627,0.0005443999834824353
94,Spambase,3,RandomFuzzyRules__max_rules__2,4141,460,57,57,0.6543478260869565,0.29955947136563876,0.8200252984425647,0.2200070999970194,0.0006029000214766711
94,Spambase,3,RandomFuzzyRules__max_rules__3,4141,460,57,57,0.6478260869565218,0.2894736842105263,0.8451063325164044,0.26427770001464523,0.0006602999928873032
94,Spambase,3,RandomFuzzyRules__max_rules__4,4141,460,57,57,0.6478260869565218,0.2894736842105263,0.8451063325164044,0.28723999997600913,0.000675299990689382
94,Spambase,3,RandomFuzzyRules__max_rules__5,4141,460,57,57,0.6543478260869565,0.3510204081632653,0.7946280338366669,0.2918333999987226,0.0006719999946653843
94,Spambase,3,RandomFuzzyRules__max_rules__6,4141,460,57,57,0.6934782608695652,0.4291497975708502,0.8556308799114554,0.3136708000092767,0.0006574999715667218
94,Spambase,3,RandomFuzzyRules__max_rules__7,4141,460,57,57,0.6934782608695652,0.4291497975708502,0.8556308799114554,0.31682149998960085,0.0006660999788437039
94,Spambase,4,RandomFuzzyRules__max_rules__2,4141,460,57,57,0.6608695652173913,0.30973451327433627,0.774896532604606,0.24836590001359582,0.0006426000036299229
94,Spambase,4,RandomFuzzyRules__max_rules__3,4141,460,57,57,0.6608695652173913,0.3157894736842105,0.8116497356383294,0.2919777999923099,0.0007312999805435538
94,Spambase,4,RandomFuzzyRules__max_rules__4,4141,460,57,57,0.6413043478260869,0.3319838056680162,0.7477375789619597,0.26892569998744875,0.0006525999924633652
94,Spambase,4,RandomFuzzyRules__max_rules__5,4141,460,57,57,0.6695652173913044,0.3968253968253968,0.7687577971841026,0.2729260000050999,0.000745400000596419
94,Spambase,4,RandomFuzzyRules__max_rules__6,4141,460,57,57,0.6978260869565217,0.4908424908424908,0.7803025802491139,0.3032985999889206,0.0006713999900966883
94,Spambase,4,RandomFuzzyRules__max_rules__7,4141,460,57,57,0.6978260869565217,0.4908424908424908,0.7803025802491139,0.3238740999950096,0.0006664000102318823
94,Spambase,5,RandomFuzzyRules__max_rules__2,4141,460,57,57,0.6739130434782609,0.3644067796610169,0.7794807817976593,0.23525369999697432,0.0006324999849312007
94,Spambase,5,RandomFuzzyRules__max_rules__3,4141,460,57,57,0.6760869565217391,0.3605150214592275,0.8129368898394028,0.22797010000795126,0.0006676999910268933
94,Spambase,5,RandomFuzzyRules__max_rules__4,4141,460,57,57,0.6717391304347826,0.37344398340248963,0.8069169686528447,0.2874819999851752,0.0007781999884173274
94,Spambase,5,RandomFuzzyRules__max_rules__5,4141,460,57,57,0.6630434782608695,0.3673469387755102,0.8019069684548209,0.3101827999926172,0.0007375999994110316
94,Spambase,5,RandomFuzzyRules__max_rules__6,4141,460,57,57,0.7021739130434783,0.4627450980392157,0.8264124042060239,0.3060925000172574,0.0005535999953281134
94,Spambase,5,RandomFuzzyRules__max_rules__7,4141,460,57,57,0.7021739130434783,0.4627450980392157,0.8264124042060239,0.2882742999936454,0.00045980000868439674
94,Spambase,6,RandomFuzzyRules__max_rules__2,4141,460,57,57,0.6652173913043479,0.3185840707964602,0.7860452682231331,0.21839800002635457,0.0006257999921217561
94,Spambase,6,RandomFuzzyRules__max_rules__3,4141,460,57,57,0.6739130434782609,0.358974358974359,0.8356502108952653,0.27873630000976846,0.0006181000208016485
94,Spambase,6,RandomFuzzyRules__max_rules__4,4141,460,57,57,0.6739130434782609,0.358974358974359,0.8356502108952653,0.27848499998799525,0.0009141000045929104
94,Spambase,6,RandomFuzzyRules__max_rules__5,4141,460,57,57,0.7,0.4566929133858268,0.8061149725737142,0.2989094000076875,0.0006895000115036964
94,Spambase,6,RandomFuzzyRules__max_rules__6,4141,460,57,57,0.7130434782608696,0.472,0.8163428978791659,0.33251190002192743,0.0006303999980445951
94,Spambase,6,RandomFuzzyRules__max_rules__7,4141,460,57,57,0.7130434782608696,0.472,0.8163428978791659,0.31549490001634695,0.0006860000139568001
94,Spambase,7,RandomFuzzyRules__max_rules__2,4141,460,57,57,0.6543478260869565,0.273972602739726,0.7719360779421376,0.24776669999118894,0.0006596999883186072
94,Spambase,7,RandomFuzzyRules__max_rules__3,4141,460,57,57,0.6478260869565218,0.25,0.8070753876314383,0.27895320000243373,0.0007464000082109123
94,Spambase,7,RandomFuzzyRules__max_rules__4,4141,460,57,57,0.6478260869565218,0.25,0.8070753876314383,0.26753489999100566,0.0006673999887425452
94,Spambase,7,RandomFuzzyRules__max_rules__5,4141,460,57,57,0.6673913043478261,0.35443037974683544,0.7716786471019228,0.3037614000204485,0.000807800010079518
94,Spambase,7,RandomFuzzyRules__max_rules__6,4141,460,57,57,0.6978260869565217,0.41841004184100417,0.8322541040416642,0.28126449999399483,0.001045300014084205
94,Spambase,7,RandomFuzzyRules__max_rules__7,4141,460,57,57,0.6978260869565217,0.41841004184100417,0.8322541040416642,0.2982075000181794,0.0006197000038810074
94,Spambase,8,RandomFuzzyRules__max_rules__2,4141,460,57,57,0.6608695652173913,0.2972972972972973,0.829531277847086,0.2541384999931324,0.0006677000201307237
94,Spambase,8,RandomFuzzyRules__max_rules__3,4141,460,57,57,0.6652173913043479,0.32456140350877194,0.8407691241410722,0.25358229997800663,0.0006386000022757798
94,Spambase,8,RandomFuzzyRules__max_rules__4,4141,460,57,57,0.6434782608695652,0.21904761904761905,0.8137190835462087,0.27398999998695217,0.0006662999803666025
94,Spambase,8,RandomFuzzyRules__max_rules__5,4141,460,57,57,0.6804347826086956,0.4048582995951417,0.8168082536287848,0.2555537000007462,0.0006952000258024782
94,Spambase,8,RandomFuzzyRules__max_rules__6,4141,460,57,57,0.6978260869565217,0.4279835390946502,0.8583338283926414,0.3131195000023581,0.0005072999920230359
94,Spambase,8,RandomFuzzyRules__max_rules__7,4141,460,57,57,0.6978260869565217,0.4279835390946502,0.8583338283926414,0.2996614000003319,0.0005615999980363995
94,Spambase,9,RandomFuzzyRules__max_rules__2,4141,460,57,57,0.6891304347826087,0.46037735849056605,0.7561040812689361,0.2331115000124555,0.0006520999886561185
94,Spambase,9,RandomFuzzyRules__max_rules__3,4141,460,57,57,0.6652173913043479,0.3063063063063063,0.7842432523416305,0.25265049998415634,0.0006682999955955893
94,Spambase,9,RandomFuzzyRules__max_rules__4,4141,460,57,57,0.6804347826086956,0.4575645756457565,0.7449553456504089,0.27332429998205043,0.0006745999853592366
94,Spambase,9,RandomFuzzyRules__max_rules__5,4141,460,57,57,0.6891304347826087,0.46037735849056605,0.7561040812689361,0.3451825999945868,0.0006161000055726618
94,Spambase,9,RandomFuzzyRules__max_rules__6,4141,460,57,57,0.691304347826087,0.39316239316239315,0.7899760391294877,0.27364879997912794,0.0006807000027038157
94,Spambase,9,RandomFuzzyRules__max_rules__7,4141,460,57,57,0.7130434782608696,0.611764705882353,0.7487177963920079,0.2822327000030782,0.0006965000065974891
94,Spambase,10,RandomFuzzyRules__max_rules__2,4141,460,57,57,0.6608695652173913,0.30973451327433627,0.7788867106279332,0.209982400003355,0.0006722999969497323
94,Spambase,10,RandomFuzzyRules__max_rules__3,4141,460,57,57,0.6565217391304348,0.2818181818181818,0.8081249133646209,0.23193710000487044,0.0006729000015184283
94,Spambase,10,RandomFuzzyRules__max_rules__4,4141,460,57,57,0.6565217391304348,0.2818181818181818,0.8081249133646209,0.27868479999597184,0.0006342999986372888
94,Spambase,10,RandomFuzzyRules__max_rules__5,4141,460,57,57,0.6673913043478261,0.35443037974683544,0.7850056436761125,0.31631489997380413,0.0006185999955050647
94,Spambase,10,RandomFuzzyRules__max_rules__6,4141,460,57,57,0.7021739130434783,0.43621399176954734,0.8226697558367493,0.2955728000088129,0.000634799973340705
94,Spambase,10,RandomFuzzyRules__max_rules__7,4141,460,57,57,0.7021739130434783,0.43621399176954734,0.821283589774055,0.2886870999936946,0.0006652000010944903
95,SPECT Heart,1,RandomFuzzyRules__max_rules__2,240,27,22,44,0.8148148148148148,0.8979591836734694,0.5,0.03453319999971427,0.00035099999513477087
95,SPECT Heart,1,RandomFuzzyRules__max_rules__3,240,27,22,44,0.6296296296296297,0.7222222222222222,0.6681818181818182,0.04075699998065829,0.0002882999833673239
95,SPECT Heart,1,RandomFuzzyRules__max_rules__4,240,27,22,44,0.6296296296296297,0.7619047619047619,0.609090909090909,0.04707800000323914,0.0003848000196740031
95,SPECT Heart,1,RandomFuzzyRules__max_rules__5,240,27,22,44,0.7037037037037037,0.8095238095238095,0.75,0.05683389998739585,0.0003288000007160008
95,SPECT Heart,1,RandomFuzzyRules__max_rules__6,240,27,22,44,0.6666666666666666,0.7692307692307693,0.7,0.0494553999742493,0.0004275999963283539
95,SPECT Heart,1,RandomFuzzyRules__max_rules__7,240,27,22,44,0.6666666666666666,0.7804878048780488,0.5727272727272728,0.05678949999855831,0.00031110001145862043
95,SPECT Heart,2,RandomFuzzyRules__max_rules__2,240,27,22,44,0.8148148148148148,0.8979591836734694,0.5,0.0403756000159774,0.0004259000124875456
95,SPECT Heart,2,RandomFuzzyRules__max_rules__3,240,27,22,44,0.8148148148148148,0.8979591836734694,0.5,0.03378180001163855,0.0003228000132367015
95,SPECT Heart,2,RandomFuzzyRules__max_rules__4,240,27,22,44,0.8518518518518519,0.9047619047619048,0.7772727272727274,0.04919959997641854,0.0004057000041939318
95,SPECT Heart,2,RandomFuzzyRules__max_rules__5,240,27,22,44,0.8518518518518519,0.9047619047619048,0.840909090909091,0.0582148999965284,0.00051860001985915
95,SPECT Heart,2,RandomFuzzyRules__max_rules__6,240,27,22,44,0.8148148148148148,0.8979591836734694,0.42272727272727273,0.05969239998375997,0.0003173000004608184
95,SPECT Heart,2,RandomFuzzyRules__max_rules__7,240,27,22,44,0.8518518518518519,0.9047619047619048,0.8727272727272729,0.07143760001054034,0.0008989999769255519
95,SPECT Heart,3,RandomFuzzyRules__max_rules__2,240,27,22,44,0.7777777777777778,0.875,0.5,0.03447710000909865,0.00038759998278692365
95,SPECT Heart,3,RandomFuzzyRules__max_rules__3,240,27,22,44,0.7777777777777778,0.875,0.5,0.05433749998337589,0.0003267000138293952
95,SPECT Heart,3,RandomFuzzyRules__max_rules__4,240,27,22,44,0.7777777777777778,0.8636363636363636,0.6349206349206349,0.06613920000381768,0.0003274999908171594
95,SPECT Heart,3,RandomFuzzyRules__max_rules__5,240,27,22,44,0.8148148148148148,0.8888888888888888,0.7063492063492063,0.06571019999682903,0.00042639998719096184
95,SPECT Heart,3,RandomFuzzyRules__max_rules__6,240,27,22,44,0.7407407407407407,0.8292682926829268,0.6547619047619048,0.052693900011945516,0.00032530000316910446
95,SPECT Heart,3,RandomFuzzyRules__max_rules__7,240,27,22,44,0.7407407407407407,0.8444444444444444,0.5515873015873015,0.06066439999267459,0.00031430000672116876
95,SPECT Heart,4,RandomFuzzyRules__max_rules__2,240,27,22,44,0.7777777777777778,0.875,0.5,0.03853849999723025,0.00031430000672116876
95,SPECT Heart,4,RandomFuzzyRules__max_rules__3,240,27,22,44,0.7777777777777778,0.875,0.5,0.04341880002175458,0.0004182000120636076
95,SPECT Heart,4,RandomFuzzyRules__max_rules__4,240,27,22,44,0.8518518518518519,0.9090909090909091,0.8928571428571428,0.04091320000588894,0.00042290001874789596
95,SPECT Heart,4,RandomFuzzyRules__max_rules__5,240,27,22,44,0.7777777777777778,0.8571428571428571,0.8214285714285714,0.043606000021100044,0.00038519999361597
95,SPECT Heart,4,RandomFuzzyRules__max_rules__6,240,27,22,44,0.8148148148148148,0.8888888888888888,0.6746031746031746,0.06324359998689033,0.0004042999935336411
95,SPECT Heart,4,RandomFuzzyRules__max_rules__7,240,27,22,44,0.7777777777777778,0.8571428571428571,0.7341269841269842,0.04780679999385029,0.00040820002323016524
95,SPECT Heart,5,RandomFuzzyRules__max_rules__2,240,27,22,44,0.7777777777777778,0.875,0.5,0.0347722000151407,0.00032479999936185777
95,SPECT Heart,5,RandomFuzzyRules__max_rules__3,240,27,22,44,0.7777777777777778,0.875,0.5,0.038670599984470755,0.00031189998844638467
95,SPECT Heart,5,RandomFuzzyRules__max_rules__4,240,27,22,44,0.7777777777777778,0.8421052631578947,0.7817460317460319,0.046784100006334484,0.00039560001459904015
95,SPECT Heart,5,RandomFuzzyRules__max_rules__5,240,27,22,44,0.8888888888888888,0.926829268292683,0.869047619047619,0.04327749999356456,0.00040610000723972917
95,SPECT Heart,5,RandomFuzzyRules__max_rules__6,240,27,22,44,0.7037037037037037,0.7894736842105263,0.6587301587301588,0.050391800003126264,0.0004324000037740916
95,SPECT Heart,5,RandomFuzzyRules__max_rules__7,240,27,22,44,0.7037037037037037,0.7777777777777778,0.7857142857142857,0.04864059999817982,0.00042729999404400587
95,SPECT Heart,6,RandomFuzzyRules__max_rules__2,240,27,22,44,0.7777777777777778,0.875,0.5,0.041854399984003976,0.0004076000186614692
95,SPECT Heart,6,RandomFuzzyRules__max_rules__3,240,27,22,44,0.7777777777777778,0.875,0.5,0.04256640002131462,0.00043620000360533595
95,SPECT Heart,6,RandomFuzzyRules__max_rules__4,240,27,22,44,0.7407407407407407,0.8292682926829268,0.7976190476190477,0.047425400000065565,0.0003409000055398792
95,SPECT Heart,6,RandomFuzzyRules__max_rules__5,240,27,22,44,0.6666666666666666,0.7692307692307693,0.623015873015873,0.04219189999275841,0.0004317999992053956
95,SPECT Heart,6,RandomFuzzyRules__max_rules__6,240,27,22,44,0.6666666666666666,0.7692307692307693,0.5912698412698414,0.04657700000097975,0.00045750002027489245
95,SPECT Heart,6,RandomFuzzyRules__max_rules__7,240,27,22,44,0.7037037037037037,0.8,0.6904761904761905,0.047863799991318956,0.0004411999834701419
95,SPECT Heart,7,RandomFuzzyRules__max_rules__2,240,27,22,44,0.7777777777777778,0.875,0.5,0.038605199981248006,0.00042070000199601054
95,SPECT Heart,7,RandomFuzzyRules__max_rules__3,240,27,22,44,0.7777777777777778,0.875,0.5,0.04021819998160936,0.0003586999955587089
95,SPECT Heart,7,RandomFuzzyRules__max_rules__4,240,27,22,44,0.7777777777777778,0.8571428571428571,0.7063492063492064,0.050354800012428313,0.00042130000656470656
95,SPECT Heart,7,RandomFuzzyRules__max_rules__5,240,27,22,44,0.7777777777777778,0.8571428571428571,0.8452380952380952,0.05615770001895726,0.00043250000453554094
95,SPECT Heart,7,RandomFuzzyRules__max_rules__6,240,27,22,44,0.8148148148148148,0.8717948717948718,0.8134920634920635,0.0590714999998454,0.0004076999903190881
95,SPECT Heart,7,RandomFuzzyRules__max_rules__7,240,27,22,44,0.7777777777777778,0.8571428571428571,0.8095238095238095,0.05597929999930784,0.00043999997433274984
95,SPECT Heart,8,RandomFuzzyRules__max_rules__2,241,26,22,44,0.8076923076923077,0.8936170212765957,0.5,0.056670599995413795,0.0012106999929528683
95,SPECT Heart,8,RandomFuzzyRules__max_rules__3,241,26,22,44,0.8076923076923077,0.8936170212765957,0.5,0.05055960000026971,0.0004302999877836555
95,SPECT Heart,8,RandomFuzzyRules__max_rules__4,241,26,22,44,0.7307692307692307,0.8205128205128205,0.7333333333333334,0.044573099992703646,0.00042139997822232544
95,SPECT Heart,8,RandomFuzzyRules__max_rules__5,241,26,22,44,0.8076923076923077,0.8780487804878049,0.7571428571428571,0.06299590002163313,0.00039610001840628684
95,SPECT Heart,8,RandomFuzzyRules__max_rules__6,241,26,22,44,0.7692307692307693,0.85,0.7238095238095238,0.06748210001387633,0.00040779999108053744
95,SPECT Heart,8,RandomFuzzyRules__max_rules__7,241,26,22,44,0.8076923076923077,0.8780487804878049,0.8142857142857143,0.06741770001826808,0.0004200999974273145
95,SPECT Heart,9,RandomFuzzyRules__max_rules__2,241,26,22,44,0.8076923076923077,0.8936170212765957,0.5,0.038470500003313646,0.00046029998338781297
95,SPECT Heart,9,RandomFuzzyRules__max_rules__3,241,26,22,44,0.8076923076923077,0.8936170212765957,0.5,0.06287570000858977,0.00045960000716149807
95,SPECT Heart,9,RandomFuzzyRules__max_rules__4,241,26,22,44,0.9230769230769231,0.9523809523809523,0.9428571428571428,0.05275350000010803,0.0004397000011522323
95,SPECT Heart,9,RandomFuzzyRules__max_rules__5,241,26,22,44,0.9230769230769231,0.9545454545454546,0.9523809523809523,0.059192200016696006,0.0004290000069886446
95,SPECT Heart,9,RandomFuzzyRules__max_rules__6,241,26,22,44,0.8461538461538461,0.9090909090909091,0.8761904761904762,0.06827059999341145,0.0004123999970033765
95,SPECT Heart,9,RandomFuzzyRules__max_rules__7,241,26,22,44,0.8846153846153846,0.9333333333333333,0.842857142857143,0.16361730001517572,0.0051404999976512045
95,SPECT Heart,10,RandomFuzzyRules__max_rules__2,241,26,22,44,0.8076923076923077,0.8936170212765957,0.5,0.046195499977329746,0.0004112000169698149
95,SPECT Heart,10,RandomFuzzyRules__max_rules__3,241,26,22,44,0.6153846153846154,0.7058823529411765,0.6857142857142857,0.03828429998247884,0.00042070000199601054
95,SPECT Heart,10,RandomFuzzyRules__max_rules__4,241,26,22,44,0.8076923076923077,0.8717948717948718,0.8571428571428572,0.042727199994260445,0.00043489999370649457
95,SPECT Heart,10,RandomFuzzyRules__max_rules__5,241,26,22,44,0.7692307692307693,0.85,0.8095238095238095,0.04078420001314953,0.0004094999749213457
95,SPECT Heart,10,RandomFuzzyRules__max_rules__6,241,26,22,44,0.6538461538461539,0.7692307692307693,0.6714285714285715,0.05295569999725558,0.000453799992101267
95,SPECT Heart,10,RandomFuzzyRules__max_rules__7,241,26,22,44,0.7692307692307693,0.85,0.7904761904761904,0.052665800001705065,0.0004107999848201871
105,Congressional Voting Records,1,RandomFuzzyRules__max_rules__2,391,44,16,32,0.9545454545454546,0.9444444444444444,0.962962962962963,0.03587089999928139,0.00037280001561157405
105,Congressional Voting Records,1,RandomFuzzyRules__max_rules__3,391,44,16,32,0.9545454545454546,0.9444444444444444,0.962962962962963,0.04017110000131652,0.0003637000045273453
105,Congressional Voting Records,1,RandomFuzzyRules__max_rules__4,391,44,16,32,0.9545454545454546,0.9444444444444444,0.962962962962963,0.042912900011288,0.00040710001485422254
105,Congressional Voting Records,1,RandomFuzzyRules__max_rules__5,391,44,16,32,0.9545454545454546,0.9444444444444444,0.962962962962963,0.04922729998361319,0.00041649999911896884
105,Congressional Voting Records,1,RandomFuzzyRules__max_rules__6,391,44,16,32,0.9545454545454546,0.9444444444444444,0.962962962962963,0.04815400001825765,0.00041229999624192715
105,Congressional Voting Records,1,RandomFuzzyRules__max_rules__7,391,44,16,32,0.9545454545454546,0.9444444444444444,0.962962962962963,0.04786050002439879,0.00037250001332722604
105,Congressional Voting Records,2,RandomFuzzyRules__max_rules__2,391,44,16,32,0.9772727272727273,0.9714285714285714,0.9814814814814815,0.03686379999271594,0.00038979999953880906
105,Congressional Voting Records,2,RandomFuzzyRules__max_rules__3,391,44,16,32,0.9772727272727273,0.9714285714285714,0.9814814814814815,0.04238890000851825,0.0004039000195916742
105,Congressional Voting Records,2,RandomFuzzyRules__max_rules__4,391,44,16,32,0.9772727272727273,0.9714285714285714,0.9814814814814815,0.04618930001743138,0.0003858999989461154
105,Congressional Voting Records,2,RandomFuzzyRules__max_rules__5,391,44,16,32,0.9772727272727273,0.9714285714285714,0.9814814814814815,0.04898890000185929,0.0004042999935336411
105,Congressional Voting Records,2,RandomFuzzyRules__max_rules__6,391,44,16,32,0.9772727272727273,0.9714285714285714,0.9814814814814815,0.04914660000940785,0.00041310000233352184
105,Congressional Voting Records,2,RandomFuzzyRules__max_rules__7,391,44,16,32,0.9772727272727273,0.9714285714285714,0.9814814814814815,0.051627099979668856,0.00042440000106580555
105,Congressional Voting Records,3,RandomFuzzyRules__max_rules__2,391,44,16,32,0.9772727272727273,0.9696969696969697,0.9705882352941176,0.036486700002569705,0.00042019999818876386
105,Congressional Voting Records,3,RandomFuzzyRules__max_rules__3,391,44,16,32,0.9772727272727273,0.9696969696969697,0.9705882352941176,0.04099159999168478,0.00045930000487715006
105,Congressional Voting Records,3,RandomFuzzyRules__max_rules__4,391,44,16,32,0.9772727272727273,0.9696969696969697,0.9705882352941176,0.04442449999623932,0.00038910002331249416
105,Congressional Voting Records,3,RandomFuzzyRules__max_rules__5,391,44,16,32,0.9772727272727273,0.9696969696969697,0.9705882352941176,0.05324429998290725,0.00030590000096708536
105,Congressional Voting Records,3,RandomFuzzyRules__max_rules__6,391,44,16,32,0.9772727272727273,0.9696969696969697,0.9705882352941176,0.05804030000581406,0.0004351999959908426
105,Congressional Voting Records,3,RandomFuzzyRules__max_rules__7,391,44,16,32,0.9772727272727273,0.9696969696969697,0.9705882352941176,0.06042120000347495,0.0004233999934513122
105,Congressional Voting Records,4,RandomFuzzyRules__max_rules__2,391,44,16,32,0.9090909090909091,0.8888888888888888,0.9248366013071895,0.03742520001833327,0.000291600008495152
105,Congressional Voting Records,4,RandomFuzzyRules__max_rules__3,391,44,16,32,0.9090909090909091,0.8888888888888888,0.9248366013071895,0.05763589998241514,0.0005969000048935413
105,Congressional Voting Records,4,RandomFuzzyRules__max_rules__4,391,44,16,32,0.9318181818181818,0.9142857142857143,0.9335511982570807,0.05183529999339953,0.00030029998742975295
105,Congressional Voting Records,4,RandomFuzzyRules__max_rules__5,391,44,16,32,0.9318181818181818,0.9142857142857143,0.9335511982570807,0.05251989999669604,0.0003285999991931021
105,Congressional Voting Records,4,RandomFuzzyRules__max_rules__6,391,44,16,32,0.9318181818181818,0.9142857142857143,0.9335511982570807,0.048431300005177036,0.00041970002348534763
105,Congressional Voting Records,4,RandomFuzzyRules__max_rules__7,391,44,16,32,0.9318181818181818,0.9142857142857143,0.9335511982570807,0.05940460000419989,0.00046770001063123345
105,Congressional Voting Records,5,RandomFuzzyRules__max_rules__2,391,44,16,32,0.9318181818181818,0.918918918918919,0.9444444444444444,0.03899000000092201,0.00038670000503771007
105,Congressional Voting Records,5,RandomFuzzyRules__max_rules__3,391,44,16,32,0.9318181818181818,0.918918918918919,0.9444444444444444,0.038720799988368526,0.00038720000884495676
105,Congressional Voting Records,5,RandomFuzzyRules__max_rules__4,391,44,16,32,0.9318181818181818,0.918918918918919,0.9444444444444444,0.049582399980863556,0.0004211000050418079
105,Congressional Voting Records,5,RandomFuzzyRules__max_rules__5,391,44,16,32,0.9318181818181818,0.918918918918919,0.9444444444444444,0.047880199999781325,0.0004139999800827354
105,Congressional Voting Records,5,RandomFuzzyRules__max_rules__6,391,44,16,32,0.9318181818181818,0.918918918918919,0.9444444444444444,0.05011350000859238,0.0004099999787285924
105,Congressional Voting Records,5,RandomFuzzyRules__max_rules__7,391,44,16,32,0.9318181818181818,0.918918918918919,0.9444444444444444,0.047782500012544915,0.0004078999918419868
105,Congressional Voting Records,6,RandomFuzzyRules__max_rules__2,392,43,16,32,0.9302325581395349,0.918918918918919,0.9423076923076923,0.043220399995334446,0.000430900021456182
105,Congressional Voting Records,6,RandomFuzzyRules__max_rules__3,392,43,16,32,0.9302325581395349,0.918918918918919,0.9423076923076923,0.04268199999933131,0.0004474999732337892
105,Congressional Voting Records,6,RandomFuzzyRules__max_rules__4,392,43,16,32,0.9302325581395349,0.918918918918919,0.9423076923076923,0.04525279998779297,0.00038640000275336206
105,Congressional Voting Records,6,RandomFuzzyRules__max_rules__5,392,43,16,32,0.9302325581395349,0.918918918918919,0.9423076923076923,0.05197020000196062,0.000443900004029274
105,Congressional Voting Records,6,RandomFuzzyRules__max_rules__6,392,43,16,32,0.9302325581395349,0.918918918918919,0.9423076923076923,0.05738659997587092,0.0004329000075813383
105,Congressional Voting Records,6,RandomFuzzyRules__max_rules__7,392,43,16,32,0.9302325581395349,0.918918918918919,0.9423076923076923,0.05645510001340881,0.00042970001231878996
105,Congressional Voting Records,7,RandomFuzzyRules__max_rules__2,392,43,16,32,1.0,1.0,1.0,0.04666329998872243,0.00040729998727329075
105,Congressional Voting Records,7,RandomFuzzyRules__max_rules__3,392,43,16,32,1.0,1.0,1.0,0.04295459997956641,0.0003997999883722514
105,Congressional Voting Records,7,RandomFuzzyRules__max_rules__4,392,43,16,32,1.0,1.0,1.0,0.04853550001280382,0.00040499999886378646
105,Congressional Voting Records,7,RandomFuzzyRules__max_rules__5,392,43,16,32,1.0,1.0,1.0,0.04583979997551069,0.00041439998312853277
105,Congressional Voting Records,7,RandomFuzzyRules__max_rules__6,392,43,16,32,1.0,1.0,1.0,0.04860100001678802,0.00044219999108463526
105,Congressional Voting Records,7,RandomFuzzyRules__max_rules__7,392,43,16,32,1.0,1.0,1.0,0.06294830000842921,0.0004230000195093453
105,Congressional Voting Records,8,RandomFuzzyRules__max_rules__2,392,43,16,32,1.0,1.0,1.0,0.03856650000670925,0.0003624000237323344
105,Congressional Voting Records,8,RandomFuzzyRules__max_rules__3,392,43,16,32,1.0,1.0,1.0,0.051304199994774535,0.0003536999865900725
105,Congressional Voting Records,8,RandomFuzzyRules__max_rules__4,392,43,16,32,1.0,1.0,1.0,0.046511099993949756,0.0004036999889649451
105,Congressional Voting Records,8,RandomFuzzyRules__max_rules__5,392,43,16,32,1.0,1.0,1.0,0.05032599999685772,0.0004459000192582607
105,Congressional Voting Records,8,RandomFuzzyRules__max_rules__6,392,43,16,32,1.0,1.0,1.0,0.05043049997766502,0.0003701999958138913
105,Congressional Voting Records,8,RandomFuzzyRules__max_rules__7,392,43,16,32,1.0,1.0,1.0,0.048723199986852705,0.0004501999937929213
105,Congressional Voting Records,9,RandomFuzzyRules__max_rules__2,392,43,16,32,1.0,1.0,1.0,0.03905820002546534,0.00036380000528879464
105,Congressional Voting Records,9,RandomFuzzyRules__max_rules__3,392,43,16,32,1.0,1.0,1.0,0.054974200000287965,0.000451600004453212
105,Congressional Voting Records,9,RandomFuzzyRules__max_rules__4,392,43,16,32,1.0,1.0,1.0,0.05621020001126453,0.000434300018241629
105,Congressional Voting Records,9,RandomFuzzyRules__max_rules__5,392,43,16,32,1.0,1.0,1.0,0.060293199989246204,0.000395399983972311
105,Congressional Voting Records,9,RandomFuzzyRules__max_rules__6,392,43,16,32,1.0,1.0,1.0,0.06280879999394529,0.00045510000200010836
105,Congressional Voting Records,9,RandomFuzzyRules__max_rules__7,392,43,16,32,1.0,1.0,1.0,0.0672476000036113,0.00034950001281686127
105,Congressional Voting Records,10,RandomFuzzyRules__max_rules__2,392,43,16,32,0.8604651162790697,0.8125,0.8506944444444443,0.04874150000978261,0.0003573999856598675
105,Congressional Voting Records,10,RandomFuzzyRules__max_rules__3,392,43,16,32,0.8604651162790697,0.8125,0.8506944444444443,0.04652629999327473,0.00043330001062713563
105,Congressional Voting Records,10,RandomFuzzyRules__max_rules__4,392,43,16,32,0.8604651162790697,0.8125,0.8506944444444443,0.047191399993607774,0.0004233000217936933
105,Congressional Voting Records,10,RandomFuzzyRules__max_rules__5,392,43,16,32,0.8604651162790697,0.8125,0.8506944444444443,0.058450599986827,0.00034819997381418943
105,Congressional Voting Records,10,RandomFuzzyRules__max_rules__6,392,43,16,32,0.8604651162790697,0.8125,0.8506944444444443,0.05526880000252277,0.0004172000044491142
105,Congressional Voting Records,10,RandomFuzzyRules__max_rules__7,392,43,16,32,0.8604651162790697,0.8125,0.8506944444444443,0.05425210000248626,0.0004327000060584396
144,Statlog (German Credit Data),1,RandomFuzzyRules__max_rules__2,900,100,20,61,0.7,0.4230769230769231,0.6047619047619048,0.07764709999901243,0.0004454999871086329
144,Statlog (German Credit Data),1,RandomFuzzyRules__max_rules__3,900,100,20,61,0.7,0.4230769230769231,0.6047619047619048,0.07722349997493438,0.00047920001088641584
144,Statlog (German Credit Data),1,RandomFuzzyRules__max_rules__4,900,100,20,61,0.7,0.4230769230769231,0.6047619047619048,0.09155489999102429,0.0013933000154793262
144,Statlog (German Credit Data),1,RandomFuzzyRules__max_rules__5,900,100,20,61,0.69,0.24390243902439024,0.5471428571428572,0.07459269999526441,0.0004870999837294221
144,Statlog (German Credit Data),1,RandomFuzzyRules__max_rules__6,900,100,20,61,0.73,0.37209302325581395,0.5976190476190476,0.09046249999664724,0.0004717000119853765
144,Statlog (German Credit Data),1,RandomFuzzyRules__max_rules__7,900,100,20,61,0.73,0.37209302325581395,0.5976190476190476,0.09124789998168126,0.0005063999851699919
144,Statlog (German Credit Data),2,RandomFuzzyRules__max_rules__2,900,100,20,61,0.74,0.3157894736842105,0.6354761904761905,0.080033900012495,0.000450699997600168
144,Statlog (German Credit Data),2,RandomFuzzyRules__max_rules__3,900,100,20,61,0.77,0.5106382978723404,0.6642857142857143,0.07333350001135841,0.00046300000394694507
144,Statlog (German Credit Data),2,RandomFuzzyRules__max_rules__4,900,100,20,61,0.77,0.5106382978723404,0.6642857142857143,0.09811589997843839,0.0004718000127468258
144,Statlog (German Credit Data),2,RandomFuzzyRules__max_rules__5,900,100,20,61,0.73,0.37209302325581395,0.6078571428571429,0.08927690002019517,0.0004791000101249665
144,Statlog (German Credit Data),2,RandomFuzzyRules__max_rules__6,900,100,20,61,0.79,0.5116279069767442,0.6690476190476191,0.09235429999534972,0.0005073999927844852
144,Statlog (German Credit Data),2,RandomFuzzyRules__max_rules__7,900,100,20,61,0.79,0.5116279069767442,0.6690476190476191,0.0911744000040926,0.00047870000707916915
144,Statlog (German Credit Data),3,RandomFuzzyRules__max_rules__2,900,100,20,61,0.71,0.43137254901960786,0.611904761904762,0.05847330001415685,0.0004318999999668449
144,Statlog (German Credit Data),3,RandomFuzzyRules__max_rules__3,900,100,20,61,0.71,0.43137254901960786,0.611904761904762,0.06439790001604706,0.00047389999963343143
144,Statlog (German Credit Data),3,RandomFuzzyRules__max_rules__4,900,100,20,61,0.71,0.43137254901960786,0.611904761904762,0.08972459999495186,0.0004880000196862966
144,Statlog (German Credit Data),3,RandomFuzzyRules__max_rules__5,900,100,20,61,0.7,0.4230769230769231,0.6073809523809525,0.08537230000365525,0.0005069999897386879
144,Statlog (German Credit Data),3,RandomFuzzyRules__max_rules__6,900,100,20,61,0.72,0.36363636363636365,0.5904761904761905,0.09968230000231415,0.00048719998449087143
144,Statlog (German Credit Data),3,RandomFuzzyRules__max_rules__7,900,100,20,61,0.72,0.36363636363636365,0.5904761904761905,0.07866790000116453,0.00047119997907429934
144,Statlog (German Credit Data),4,RandomFuzzyRules__max_rules__2,900,100,20,61,0.71,0.4727272727272727,0.6309523809523809,0.07777260002330877,0.00039969998761080205
144,Statlog (German Credit Data),4,RandomFuzzyRules__max_rules__3,900,100,20,61,0.71,0.4727272727272727,0.6309523809523809,0.07997350001824088,0.00045950000640004873
144,Statlog (German Credit Data),4,RandomFuzzyRules__max_rules__4,900,100,20,61,0.71,0.4727272727272727,0.6309523809523809,0.08531339999171905,0.0004589999734889716
144,Statlog (German Credit Data),4,RandomFuzzyRules__max_rules__5,900,100,20,61,0.7,0.4642857142857143,0.6238095238095238,0.08783780000521801,0.0004901000065729022
144,Statlog (German Credit Data),4,RandomFuzzyRules__max_rules__6,900,100,20,61,0.71,0.3829787234042553,0.5928571428571429,0.09224399999948218,0.00045179997687228024
144,Statlog (German Credit Data),4,RandomFuzzyRules__max_rules__7,900,100,20,61,0.71,0.3829787234042553,0.5928571428571429,0.12064239999745041,0.0006179000192787498
144,Statlog (German Credit Data),5,RandomFuzzyRules__max_rules__2,900,100,20,61,0.73,0.18181818181818182,0.5647619047619048,0.07884470000863075,0.0004684000159613788
144,Statlog (German Credit Data),5,RandomFuzzyRules__max_rules__3,900,100,20,61,0.73,0.425531914893617,0.6166666666666667,0.08684089998132549,0.00044249999336898327
144,Statlog (German Credit Data),5,RandomFuzzyRules__max_rules__4,900,100,20,61,0.73,0.425531914893617,0.6166666666666667,0.0770734999969136,0.00043069999082945287
144,Statlog (German Credit Data),5,RandomFuzzyRules__max_rules__5,900,100,20,61,0.7,0.4,0.5952380952380952,0.09962210000958294,0.0003281999961473048
144,Statlog (German Credit Data),5,RandomFuzzyRules__max_rules__6,900,100,20,61,0.75,0.3902439024390244,0.6119047619047618,0.07405100000323728,0.00034710002364590764
144,Statlog (German Credit Data),5,RandomFuzzyRules__max_rules__7,900,100,20,61,0.75,0.3902439024390244,0.6119047619047618,0.09617189998971298,0.0009932999964803457
144,Statlog (German Credit Data),6,RandomFuzzyRules__max_rules__2,900,100,20,61,0.75,0.2857142857142857,0.6395238095238095,0.08309390000067651,0.00046049998491071165
144,Statlog (German Credit Data),6,RandomFuzzyRules__max_rules__3,900,100,20,61,0.75,0.46808510638297873,0.6404761904761904,0.06414820000645705,0.0004687000182457268
144,Statlog (German Credit Data),6,RandomFuzzyRules__max_rules__4,900,100,20,61,0.75,0.46808510638297873,0.6404761904761904,0.0896270000084769,0.0005068000173196197
144,Statlog (German Credit Data),6,RandomFuzzyRules__max_rules__5,900,100,20,61,0.73,0.4489795918367347,0.6261904761904762,0.09342680001282133,0.000464899989310652
144,Statlog (German Credit Data),6,RandomFuzzyRules__max_rules__6,900,100,20,61,0.74,0.4090909090909091,0.6142857142857143,0.0798808999825269,0.0004822000046260655
144,Statlog (German Credit Data),6,RandomFuzzyRules__max_rules__7,900,100,20,61,0.74,0.4090909090909091,0.6142857142857143,0.08783400000538677,0.0006259999936446548
144,Statlog (German Credit Data),7,RandomFuzzyRules__max_rules__2,900,100,20,61,0.65,0.2553191489361702,0.5214285714285714,0.07723100000293925,0.0004786999779753387
144,Statlog (German Credit Data),7,RandomFuzzyRules__max_rules__3,900,100,20,61,0.65,0.2553191489361702,0.5214285714285714,0.08624309999868274,0.00045870000030845404
144,Statlog (German Credit Data),7,RandomFuzzyRules__max_rules__4,900,100,20,61,0.65,0.2553191489361702,0.5214285714285714,0.08478940001805313,0.00048069999320432544
144,Statlog (German Credit Data),7,RandomFuzzyRules__max_rules__5,900,100,20,61,0.64,0.28,0.5238095238095237,0.08788010000716895,0.0004788000078406185
144,Statlog (German Credit Data),7,RandomFuzzyRules__max_rules__6,900,100,20,61,0.66,0.15,0.5,0.10516859998460859,0.00046439998550340533
144,Statlog (German Credit Data),7,RandomFuzzyRules__max_rules__7,900,100,20,61,0.66,0.15,0.5,0.1012114999757614,0.0004702000005636364
144,Statlog (German Credit Data),8,RandomFuzzyRules__max_rules__2,900,100,20,61,0.72,0.48148148148148145,0.638095238095238,0.08469769998919219,0.00039770000148564577
144,Statlog (German Credit Data),8,RandomFuzzyRules__max_rules__3,900,100,20,61,0.64,0.3333333333333333,0.5428571428571428,0.08243969999602996,0.0004710000066552311
144,Statlog (German Credit Data),8,RandomFuzzyRules__max_rules__4,900,100,20,61,0.72,0.48148148148148145,0.638095238095238,0.08722749998560175,0.0004791999817825854
144,Statlog (German Credit Data),8,RandomFuzzyRules__max_rules__5,900,100,20,61,0.71,0.4727272727272727,0.6309523809523809,0.07834690000163391,0.0004842999915126711
144,Statlog (German Credit Data),8,RandomFuzzyRules__max_rules__6,900,100,20,61,0.73,0.4,0.6071428571428572,0.08891719998791814,0.0004760999872814864
144,Statlog (German Credit Data),8,RandomFuzzyRules__max_rules__7,900,100,20,61,0.73,0.4,0.6071428571428572,0.09983660001307726,0.00046519999159500003
144,Statlog (German Credit Data),9,RandomFuzzyRules__max_rules__2,900,100,20,61,0.69,0.27906976744186046,0.6323809523809524,0.06252639999729581,0.00043890002416446805
144,Statlog (German Credit Data),9,RandomFuzzyRules__max_rules__3,900,100,20,61,0.76,0.5714285714285714,0.6952380952380952,0.07365900001605041,0.0004749000072479248
144,Statlog (German Credit Data),9,RandomFuzzyRules__max_rules__4,900,100,20,61,0.76,0.5714285714285714,0.6952380952380952,0.09249280000221916,0.00047279999125748873
144,Statlog (German Credit Data),9,RandomFuzzyRules__max_rules__5,900,100,20,61,0.75,0.5098039215686274,0.7038095238095238,0.0964531000063289,0.00048779998905956745
144,Statlog (German Credit Data),9,RandomFuzzyRules__max_rules__6,900,100,20,61,0.72,0.391304347826087,0.6000000000000001,0.0859712999954354,0.0004810999962501228
144,Statlog (German Credit Data),9,RandomFuzzyRules__max_rules__7,900,100,20,61,0.72,0.391304347826087,0.6000000000000001,0.11601349999546073,0.000621499988483265
144,Statlog (German Credit Data),10,RandomFuzzyRules__max_rules__2,900,100,20,61,0.7,0.25,0.6380952380952379,0.0971494999830611,0.0004172000044491142
144,Statlog (German Credit Data),10,RandomFuzzyRules__max_rules__3,900,100,20,61,0.77,0.5490196078431373,0.6833333333333333,0.09092630000668578,0.0004302999877836555
144,Statlog (German Credit Data),10,RandomFuzzyRules__max_rules__4,900,100,20,61,0.77,0.5490196078431373,0.6833333333333333,0.09995639999397099,0.0004504999960772693
144,Statlog (German Credit Data),10,RandomFuzzyRules__max_rules__5,900,100,20,61,0.73,0.37209302325581395,0.6542857142857141,0.07005460001528263,0.00034699999378062785
144,Statlog (German Credit Data),10,RandomFuzzyRules__max_rules__6,900,100,20,61,0.71,0.2926829268292683,0.5642857142857143,0.09311799998977222,0.0004096000047866255
144,Statlog (German Credit Data),10,RandomFuzzyRules__max_rules__7,900,100,20,61,0.71,0.2926829268292683,0.5642857142857143,0.10248239999054931,0.00040049999370239675
151,"Connectionist Bench (Sonar, Mines vs. Rocks)",1,RandomFuzzyRules__max_rules__2,187,21,60,60,0.8095238095238095,0.7777777777777778,0.8818181818181818,0.036396500014234334,0.00034710002364590764
151,"Connectionist Bench (Sonar, Mines vs. Rocks)",1,RandomFuzzyRules__max_rules__3,187,21,60,60,0.7619047619047619,0.6666666666666666,0.8363636363636364,0.04606910000438802,0.0004034000157844275
151,"Connectionist Bench (Sonar, Mines vs. Rocks)",1,RandomFuzzyRules__max_rules__4,187,21,60,60,0.8095238095238095,0.7777777777777778,0.8818181818181818,0.04848080000374466,0.0004154000198468566
151,"Connectionist Bench (Sonar, Mines vs. Rocks)",1,RandomFuzzyRules__max_rules__5,187,21,60,60,0.8095238095238095,0.7777777777777778,0.8909090909090909,0.05302220000885427,0.0004023000074084848
151,"Connectionist Bench (Sonar, Mines vs. Rocks)",1,RandomFuzzyRules__max_rules__6,187,21,60,60,0.8095238095238095,0.75,0.9,0.05795710001257248,0.0004014000005554408
151,"Connectionist Bench (Sonar, Mines vs. Rocks)",1,RandomFuzzyRules__max_rules__7,187,21,60,60,0.7619047619047619,0.7058823529411765,0.7909090909090909,0.04952709999633953,0.00040940000326372683
151,"Connectionist Bench (Sonar, Mines vs. Rocks)",2,RandomFuzzyRules__max_rules__2,187,21,60,60,0.7619047619047619,0.782608695652174,0.8727272727272727,0.04063719999976456,0.00034929998219013214
151,"Connectionist Bench (Sonar, Mines vs. Rocks)",2,RandomFuzzyRules__max_rules__3,187,21,60,60,0.7619047619047619,0.782608695652174,0.8727272727272727,0.042786500009242445,0.00040660001104697585
151,"Connectionist Bench (Sonar, Mines vs. Rocks)",2,RandomFuzzyRules__max_rules__4,187,21,60,60,0.7619047619047619,0.782608695652174,0.8727272727272727,0.05199859998538159,0.0004379000165499747
151,"Connectionist Bench (Sonar, Mines vs. Rocks)",2,RandomFuzzyRules__max_rules__5,187,21,60,60,0.7619047619047619,0.782608695652174,0.8727272727272727,0.058800999977393076,0.0005403000104706734
151,"Connectionist Bench (Sonar, Mines vs. Rocks)",2,RandomFuzzyRules__max_rules__6,187,21,60,60,0.7619047619047619,0.7058823529411765,0.7909090909090909,0.07147349999286234,0.0004104999825358391
151,"Connectionist Bench (Sonar, Mines vs. Rocks)",2,RandomFuzzyRules__max_rules__7,187,21,60,60,0.7619047619047619,0.782608695652174,0.8727272727272727,0.07159649999812245,0.00039179998566396534
151,"Connectionist Bench (Sonar, Mines vs. Rocks)",3,RandomFuzzyRules__max_rules__2,187,21,60,60,0.5714285714285714,0.3076923076923077,0.5818181818181818,0.035089699988020584,0.00041130001773126423
151,"Connectionist Bench (Sonar, Mines vs. Rocks)",3,RandomFuzzyRules__max_rules__3,187,21,60,60,0.5714285714285714,0.3076923076923077,0.5818181818181818,0.046312599995872006,0.0004296000115573406
151,"Connectionist Bench (Sonar, Mines vs. Rocks)",3,RandomFuzzyRules__max_rules__4,187,21,60,60,0.5714285714285714,0.18181818181818182,0.7636363636363637,0.049358699994627386,0.0004123999970033765
151,"Connectionist Bench (Sonar, Mines vs. Rocks)",3,RandomFuzzyRules__max_rules__5,187,21,60,60,0.6190476190476191,0.42857142857142855,0.6181818181818182,0.05292929999995977,0.00045479999971576035
151,"Connectionist Bench (Sonar, Mines vs. Rocks)",3,RandomFuzzyRules__max_rules__6,187,21,60,60,0.6190476190476191,0.3333333333333333,0.8090909090909091,0.06047759999637492,0.00041710000368766487
151,"Connectionist Bench (Sonar, Mines vs. Rocks)",3,RandomFuzzyRules__max_rules__7,187,21,60,60,0.5714285714285714,0.3076923076923077,0.5818181818181818,0.05350099998759106,0.0005703999777324498
151,"Connectionist Bench (Sonar, Mines vs. Rocks)",4,RandomFuzzyRules__max_rules__2,187,21,60,60,0.8571428571428571,0.8571428571428571,0.890909090909091,0.036716300004627556,0.0003397999971639365
151,"Connectionist Bench (Sonar, Mines vs. Rocks)",4,RandomFuzzyRules__max_rules__3,187,21,60,60,0.7619047619047619,0.7368421052631579,0.8636363636363636,0.044435400021029636,0.0003996000159531832
151,"Connectionist Bench (Sonar, Mines vs. Rocks)",4,RandomFuzzyRules__max_rules__4,187,21,60,60,0.8571428571428571,0.8571428571428571,0.8727272727272727,0.03985370000009425,0.0004234999942127615
151,"Connectionist Bench (Sonar, Mines vs. Rocks)",4,RandomFuzzyRules__max_rules__5,187,21,60,60,0.8571428571428571,0.8571428571428571,0.8727272727272727,0.05352640000637621,0.00043760001426562667
151,"Connectionist Bench (Sonar, Mines vs. Rocks)",4,RandomFuzzyRules__max_rules__6,187,21,60,60,0.8095238095238095,0.8181818181818182,0.9090909090909091,0.06363910000072792,0.00040329998591914773
151,"Connectionist Bench (Sonar, Mines vs. Rocks)",4,RandomFuzzyRules__max_rules__7,187,21,60,60,0.8095238095238095,0.8181818181818182,0.9090909090909091,0.06151040000258945,0.0004428999964147806
151,"Connectionist Bench (Sonar, Mines vs. Rocks)",5,RandomFuzzyRules__max_rules__2,187,21,60,60,0.47619047619047616,0.5217391304347826,0.5227272727272727,0.040337400016142055,0.00036890001501888037
151,"Connectionist Bench (Sonar, Mines vs. Rocks)",5,RandomFuzzyRules__max_rules__3,187,21,60,60,0.5714285714285714,0.5714285714285714,0.6045454545454546,0.04669260000810027,0.00029009999707341194
151,"Connectionist Bench (Sonar, Mines vs. Rocks)",5,RandomFuzzyRules__max_rules__4,187,21,60,60,0.5714285714285714,0.5714285714285714,0.6045454545454546,0.057270599994808435,0.0003158999898005277
151,"Connectionist Bench (Sonar, Mines vs. Rocks)",5,RandomFuzzyRules__max_rules__5,187,21,60,60,0.5714285714285714,0.5714285714285714,0.6090909090909091,0.0557422999991104,0.0004309999931138009
151,"Connectionist Bench (Sonar, Mines vs. Rocks)",5,RandomFuzzyRules__max_rules__6,187,21,60,60,0.5714285714285714,0.5714285714285714,0.5454545454545455,0.05659459999878891,0.00033710000570863485
151,"Connectionist Bench (Sonar, Mines vs. Rocks)",5,RandomFuzzyRules__max_rules__7,187,21,60,60,0.5714285714285714,0.5714285714285714,0.6045454545454546,0.07237030001124367,0.0004799000162165612
151,"Connectionist Bench (Sonar, Mines vs. Rocks)",6,RandomFuzzyRules__max_rules__2,187,21,60,60,0.8095238095238095,0.8,0.7999999999999999,0.05177499999990687,0.00041080001392401755
151,"Connectionist Bench (Sonar, Mines vs. Rocks)",6,RandomFuzzyRules__max_rules__3,187,21,60,60,0.8095238095238095,0.8,0.8772727272727273,0.052267399994889274,0.0005611999949906021
151,"Connectionist Bench (Sonar, Mines vs. Rocks)",6,RandomFuzzyRules__max_rules__4,187,21,60,60,0.7619047619047619,0.7368421052631579,0.8636363636363636,0.07276549999369308,0.0003035999834537506
151,"Connectionist Bench (Sonar, Mines vs. Rocks)",6,RandomFuzzyRules__max_rules__5,187,21,60,60,0.8571428571428571,0.8571428571428571,0.881818181818182,0.06584180000936612,0.00041859998600557446
151,"Connectionist Bench (Sonar, Mines vs. Rocks)",6,RandomFuzzyRules__max_rules__6,187,21,60,60,0.6666666666666666,0.6666666666666666,0.7909090909090909,0.062112399988109246,0.0004008999967481941
151,"Connectionist Bench (Sonar, Mines vs. Rocks)",6,RandomFuzzyRules__max_rules__7,187,21,60,60,0.6666666666666666,0.631578947368421,0.7,0.054867400001967326,0.000311999989207834
151,"Connectionist Bench (Sonar, Mines vs. Rocks)",7,RandomFuzzyRules__max_rules__2,187,21,60,60,0.7619047619047619,0.7368421052631579,0.8045454545454545,0.04737029998796061,0.00033569999504834414
151,"Connectionist Bench (Sonar, Mines vs. Rocks)",7,RandomFuzzyRules__max_rules__3,187,21,60,60,0.7142857142857143,0.6666666666666666,0.8045454545454545,0.059870699973544106,0.00046179999480955303
151,"Connectionist Bench (Sonar, Mines vs. Rocks)",7,RandomFuzzyRules__max_rules__4,187,21,60,60,0.7619047619047619,0.6666666666666666,0.8727272727272727,0.08534679998410866,0.0012780999823007733
151,"Connectionist Bench (Sonar, Mines vs. Rocks)",7,RandomFuzzyRules__max_rules__5,187,21,60,60,0.7619047619047619,0.6666666666666666,0.8727272727272727,0.06684519999544136,0.00032359999022446573
151,"Connectionist Bench (Sonar, Mines vs. Rocks)",7,RandomFuzzyRules__max_rules__6,187,21,60,60,0.7619047619047619,0.6666666666666666,0.8181818181818182,0.04910040000686422,0.00030980000155977905
151,"Connectionist Bench (Sonar, Mines vs. Rocks)",7,RandomFuzzyRules__max_rules__7,187,21,60,60,0.5714285714285714,0.6086956521739131,0.7363636363636364,0.06206539997947402,0.0004298999847378582
151,"Connectionist Bench (Sonar, Mines vs. Rocks)",8,RandomFuzzyRules__max_rules__2,187,21,60,60,0.5714285714285714,0.4,0.6203703703703703,0.039435099984984845,0.00039229998947121203
151,"Connectionist Bench (Sonar, Mines vs. Rocks)",8,RandomFuzzyRules__max_rules__3,187,21,60,60,0.7619047619047619,0.6666666666666666,0.7824074074074074,0.04933909999090247,0.0004140000091865659
151,"Connectionist Bench (Sonar, Mines vs. Rocks)",8,RandomFuzzyRules__max_rules__4,187,21,60,60,0.7619047619047619,0.6666666666666666,0.7824074074074074,0.06070319999707863,0.00033239999902434647
151,"Connectionist Bench (Sonar, Mines vs. Rocks)",8,RandomFuzzyRules__max_rules__5,187,21,60,60,0.6666666666666666,0.5333333333333333,0.7685185185185185,0.05025899998145178,0.00044010000419802964
151,"Connectionist Bench (Sonar, Mines vs. Rocks)",8,RandomFuzzyRules__max_rules__6,187,21,60,60,0.7142857142857143,0.5714285714285714,0.8055555555555555,0.05009889998473227,0.00042810000013560057
151,"Connectionist Bench (Sonar, Mines vs. Rocks)",8,RandomFuzzyRules__max_rules__7,187,21,60,60,0.7619047619047619,0.6666666666666666,0.7824074074074074,0.053636299999197945,0.0005271999980323017
151,"Connectionist Bench (Sonar, Mines vs. Rocks)",9,RandomFuzzyRules__max_rules__2,188,20,60,60,0.55,0.47058823529411764,0.6161616161616161,0.03417309999349527,0.0003931000246666372
151,"Connectionist Bench (Sonar, Mines vs. Rocks)",9,RandomFuzzyRules__max_rules__3,188,20,60,60,0.6,0.5,0.5151515151515151,0.0390002999920398,0.0004222999850753695
151,"Connectionist Bench (Sonar, Mines vs. Rocks)",9,RandomFuzzyRules__max_rules__4,188,20,60,60,0.55,0.47058823529411764,0.6161616161616161,0.04730440001003444,0.00037640001391991973
151,"Connectionist Bench (Sonar, Mines vs. Rocks)",9,RandomFuzzyRules__max_rules__5,188,20,60,60,0.65,0.5882352941176471,0.6262626262626263,0.04975540001760237,0.00036130001535639167
151,"Connectionist Bench (Sonar, Mines vs. Rocks)",9,RandomFuzzyRules__max_rules__6,188,20,60,60,0.55,0.5714285714285714,0.46464646464646464,0.06057050000526942,0.00043050001841038465
151,"Connectionist Bench (Sonar, Mines vs. Rocks)",9,RandomFuzzyRules__max_rules__7,188,20,60,60,0.55,0.5714285714285714,0.46464646464646464,0.05322229999001138,0.0004343999898992479
151,"Connectionist Bench (Sonar, Mines vs. Rocks)",10,RandomFuzzyRules__max_rules__2,188,20,60,60,0.8,0.75,0.8535353535353534,0.03844780000508763,0.0003714999766089022
151,"Connectionist Bench (Sonar, Mines vs. Rocks)",10,RandomFuzzyRules__max_rules__3,188,20,60,60,0.65,0.5333333333333333,0.7171717171717171,0.059038100007455796,0.0004358000005595386
151,"Connectionist Bench (Sonar, Mines vs. Rocks)",10,RandomFuzzyRules__max_rules__4,188,20,60,60,0.8,0.75,0.8535353535353534,0.049644799990346655,0.0003905000048689544
151,"Connectionist Bench (Sonar, Mines vs. Rocks)",10,RandomFuzzyRules__max_rules__5,188,20,60,60,0.85,0.8235294117647058,0.8484848484848484,0.04656349998549558,0.00039579998701810837
151,"Connectionist Bench (Sonar, Mines vs. Rocks)",10,RandomFuzzyRules__max_rules__6,188,20,60,60,0.8,0.75,0.8383838383838382,0.040558100008638576,0.0004261000140104443
151,"Connectionist Bench (Sonar, Mines vs. Rocks)",10,RandomFuzzyRules__max_rules__7,188,20,60,60,0.7,0.7,0.7777777777777777,0.0531922000227496,0.000363900006050244
161,Mammographic Mass,1,RandomFuzzyRules__max_rules__2,864,97,5,5,0.7731958762886598,0.7555555555555555,0.8717948717948718,0.10062889999244362,0.0003772999916691333
161,Mammographic Mass,1,RandomFuzzyRules__max_rules__3,864,97,5,5,0.7628865979381443,0.7415730337078652,0.8771367521367521,0.09490769999683835,0.0003893999964930117
161,Mammographic Mass,1,RandomFuzzyRules__max_rules__4,864,97,5,5,0.7731958762886598,0.7555555555555555,0.8717948717948718,0.08889680000720546,0.0004160999960731715
161,Mammographic Mass,1,RandomFuzzyRules__max_rules__5,864,97,5,5,0.7731958762886598,0.7555555555555555,0.8681623931623932,0.10665309999603778,0.0004197999951429665
161,Mammographic Mass,1,RandomFuzzyRules__max_rules__6,864,97,5,5,0.7835051546391752,0.7692307692307693,0.8794871794871796,0.1092816999880597,0.00039939998532645404
161,Mammographic Mass,1,RandomFuzzyRules__max_rules__7,864,97,5,5,0.7525773195876289,0.7446808510638298,0.8226495726495727,0.10608620001585223,0.0003999000182375312
161,Mammographic Mass,2,RandomFuzzyRules__max_rules__2,865,96,5,5,0.8229166666666666,0.8,0.8296296296296297,0.09300709998933598,0.0003929999948013574
161,Mammographic Mass,2,RandomFuzzyRules__max_rules__3,865,96,5,5,0.7916666666666666,0.7619047619047619,0.8429193899782135,0.10565090001909994,0.0003868000057991594
161,Mammographic Mass,2,RandomFuzzyRules__max_rules__4,865,96,5,5,0.8229166666666666,0.8,0.8296296296296297,0.12257529998896644,0.00042669998947530985
161,Mammographic Mass,2,RandomFuzzyRules__max_rules__5,865,96,5,5,0.8229166666666666,0.8,0.8411764705882354,0.1097994000010658,0.0003031000087503344
161,Mammographic Mass,2,RandomFuzzyRules__max_rules__6,865,96,5,5,0.78125,0.7586206896551724,0.8398692810457516,0.11582740000449121,0.0003377000102773309
161,Mammographic Mass,2,RandomFuzzyRules__max_rules__7,865,96,5,5,0.8020833333333334,0.7865168539325843,0.8577342047930283,0.10509409999940544,0.00040520000038668513
161,Mammographic Mass,3,RandomFuzzyRules__max_rules__2,865,96,5,5,0.78125,0.7407407407407407,0.7540305010893246,0.07770809999783523,0.00041390000842511654
161,Mammographic Mass,3,RandomFuzzyRules__max_rules__3,865,96,5,5,0.8541666666666666,0.8541666666666666,0.9198257080610022,0.09754859999520704,0.0003941000031773001
161,Mammographic Mass,3,RandomFuzzyRules__max_rules__4,865,96,5,5,0.7916666666666666,0.7560975609756098,0.7877995642701525,0.08751710000797175,0.0003876000118907541
161,Mammographic Mass,3,RandomFuzzyRules__max_rules__5,865,96,5,5,0.7916666666666666,0.7560975609756098,0.7877995642701525,0.1007746999966912,0.00042890000622719526
161,Mammographic Mass,3,RandomFuzzyRules__max_rules__6,865,96,5,5,0.78125,0.7586206896551724,0.7485838779956426,0.11354769999161363,0.0004159000236541033
161,Mammographic Mass,3,RandomFuzzyRules__max_rules__7,865,96,5,5,0.8333333333333334,0.8367346938775511,0.918082788671024,0.11399310000706464,0.00041900001815520227
161,Mammographic Mass,4,RandomFuzzyRules__max_rules__2,865,96,5,5,0.8125,0.8043478260869565,0.918082788671024,0.09109490000992082,0.0004037999897263944
161,Mammographic Mass,4,RandomFuzzyRules__max_rules__3,865,96,5,5,0.8229166666666666,0.8247422680412371,0.8810457516339869,0.10104139999020845,0.00038399998447857797
161,Mammographic Mass,4,RandomFuzzyRules__max_rules__4,865,96,5,5,0.8125,0.8043478260869565,0.918082788671024,0.09499479999067262,0.0005431000026874244
161,Mammographic Mass,4,RandomFuzzyRules__max_rules__5,865,96,5,5,0.8125,0.8043478260869565,0.8740740740740741,0.10351390001596883,0.0004146000137552619
161,Mammographic Mass,4,RandomFuzzyRules__max_rules__6,865,96,5,5,0.8125,0.8043478260869565,0.8740740740740741,0.10756380000384524,0.0004008000250905752
161,Mammographic Mass,4,RandomFuzzyRules__max_rules__7,865,96,5,5,0.7604166666666666,0.7472527472527473,0.8263616557734205,0.1321567000122741,0.0004167000006418675
161,Mammographic Mass,5,RandomFuzzyRules__max_rules__2,865,96,5,5,0.7604166666666666,0.735632183908046,0.838562091503268,0.08271990000503138,0.00039530001231469214
161,Mammographic Mass,5,RandomFuzzyRules__max_rules__3,865,96,5,5,0.7708333333333334,0.7441860465116279,0.8538126361655773,0.09373819999746047,0.00040450002416037023
161,Mammographic Mass,5,RandomFuzzyRules__max_rules__4,865,96,5,5,0.7604166666666666,0.735632183908046,0.838562091503268,0.12008680001599714,0.00037700001848861575
161,Mammographic Mass,5,RandomFuzzyRules__max_rules__5,865,96,5,5,0.7604166666666666,0.735632183908046,0.8318082788671024,0.09370459997444414,0.0004039999912492931
161,Mammographic Mass,5,RandomFuzzyRules__max_rules__6,865,96,5,5,0.7604166666666666,0.735632183908046,0.8318082788671024,0.12789299999712966,0.00040099999750964344
161,Mammographic Mass,5,RandomFuzzyRules__max_rules__7,865,96,5,5,0.7916666666666666,0.7777777777777778,0.8599128540305011,0.1254287000047043,0.00039450000622309744
161,Mammographic Mass,6,RandomFuzzyRules__max_rules__2,865,96,5,5,0.78125,0.7835051546391752,0.8225524475524475,0.10776929999701679,0.0003969999961555004
161,Mammographic Mass,6,RandomFuzzyRules__max_rules__3,865,96,5,5,0.78125,0.7835051546391752,0.7856206293706294,0.1082188000145834,0.00038919999497011304
161,Mammographic Mass,6,RandomFuzzyRules__max_rules__4,865,96,5,5,0.78125,0.7835051546391752,0.8225524475524475,0.12472569997771643,0.00033320000511594117
161,Mammographic Mass,6,RandomFuzzyRules__max_rules__5,865,96,5,5,0.78125,0.7835051546391752,0.7871503496503496,0.11646449999534525,0.00039980001747608185
161,Mammographic Mass,6,RandomFuzzyRules__max_rules__6,865,96,5,5,0.7291666666666666,0.6904761904761905,0.7274912587412588,0.15121330000692979,0.0002865999995265156
161,Mammographic Mass,6,RandomFuzzyRules__max_rules__7,865,96,5,5,0.78125,0.7835051546391752,0.8225524475524475,0.1264493000053335,0.0005124000017531216
161,Mammographic Mass,7,RandomFuzzyRules__max_rules__2,865,96,5,5,0.8020833333333334,0.7764705882352941,0.8813374125874125,0.08564750000368804,0.00034500000765547156
161,Mammographic Mass,7,RandomFuzzyRules__max_rules__3,865,96,5,5,0.8229166666666666,0.8131868131868132,0.8780594405594405,0.08696960000088438,0.0004073999880347401
161,Mammographic Mass,7,RandomFuzzyRules__max_rules__4,865,96,5,5,0.8020833333333334,0.7764705882352941,0.8813374125874125,0.09451460000127554,0.0005330000130925328
161,Mammographic Mass,7,RandomFuzzyRules__max_rules__5,865,96,5,5,0.8020833333333334,0.7764705882352941,0.8813374125874125,0.08991800001240335,0.00039339999784715474
161,Mammographic Mass,7,RandomFuzzyRules__max_rules__6,865,96,5,5,0.8229166666666666,0.7733333333333333,0.8365384615384617,0.10585409999475814,0.0004996999923605472
161,Mammographic Mass,7,RandomFuzzyRules__max_rules__7,865,96,5,5,0.8020833333333334,0.8,0.8846153846153846,0.11347879999084398,0.000398799980757758
161,Mammographic Mass,8,RandomFuzzyRules__max_rules__2,865,96,5,5,0.8229166666666666,0.8045977011494253,0.8649475524475525,0.07626470000832342,0.0003430000215303153
161,Mammographic Mass,8,RandomFuzzyRules__max_rules__3,865,96,5,5,0.84375,0.8351648351648352,0.8684440559440559,0.09451179997995496,0.0004073999880347401
161,Mammographic Mass,8,RandomFuzzyRules__max_rules__4,865,96,5,5,0.8229166666666666,0.8045977011494253,0.8649475524475525,0.09677460000966676,0.00038189999759197235
161,Mammographic Mass,8,RandomFuzzyRules__max_rules__5,865,96,5,5,0.8229166666666666,0.8045977011494253,0.8356643356643357,0.09313670001574792,0.0003992000129073858
161,Mammographic Mass,8,RandomFuzzyRules__max_rules__6,865,96,5,5,0.7916666666666666,0.7619047619047619,0.7801573426573427,0.12551349998102523,0.00035119999665766954
161,Mammographic Mass,8,RandomFuzzyRules__max_rules__7,865,96,5,5,0.8125,0.8043478260869565,0.8170891608391609,0.10646579999593087,0.00042070000199601054
161,Mammographic Mass,9,RandomFuzzyRules__max_rules__2,865,96,5,5,0.8645833333333334,0.8470588235294118,0.833916083916084,0.0923252000065986,0.00026440000510774553
161,Mammographic Mass,9,RandomFuzzyRules__max_rules__3,865,96,5,5,0.8645833333333334,0.8433734939759037,0.8572989510489512,0.08600720000686124,0.0004006999952252954
161,Mammographic Mass,9,RandomFuzzyRules__max_rules__4,865,96,5,5,0.8541666666666666,0.8292682926829268,0.8468094405594405,0.08704660000512376,0.0003895999980159104
161,Mammographic Mass,9,RandomFuzzyRules__max_rules__5,865,96,5,5,0.8541666666666666,0.8292682926829268,0.8417832167832168,0.10631830000784248,0.00039000000106170774
161,Mammographic Mass,9,RandomFuzzyRules__max_rules__6,865,96,5,5,0.8229166666666666,0.8045977011494253,0.8367569930069929,0.1041380999959074,0.0004112999886274338
161,Mammographic Mass,9,RandomFuzzyRules__max_rules__7,865,96,5,5,0.8645833333333334,0.8470588235294118,0.8734702797202797,0.12287670001387596,0.00041080001392401755
161,Mammographic Mass,10,RandomFuzzyRules__max_rules__2,865,96,5,5,0.8020833333333334,0.7865168539325843,0.9029720279720279,0.0838244000042323,0.0003865999751724303
161,Mammographic Mass,10,RandomFuzzyRules__max_rules__3,865,96,5,5,0.8333333333333334,0.8222222222222222,0.8618881118881119,0.09731230000033975,0.0005213999829720706
161,Mammographic Mass,10,RandomFuzzyRules__max_rules__4,865,96,5,5,0.8020833333333334,0.7865168539325843,0.9029720279720279,0.09825320000527427,0.0003929999948013574
161,Mammographic Mass,10,RandomFuzzyRules__max_rules__5,865,96,5,5,0.8020833333333334,0.7865168539325843,0.8830856643356644,0.09457270000712015,0.0005138999840710312
161,Mammographic Mass,10,RandomFuzzyRules__max_rules__6,865,96,5,5,0.8020833333333334,0.7466666666666667,0.7899912587412586,0.09785860002739355,0.00039840000681579113
161,Mammographic Mass,10,RandomFuzzyRules__max_rules__7,865,96,5,5,0.8229166666666666,0.8172043010752689,0.8653846153846152,0.11153489997377619,0.0004512000014074147
174,Parkinsons,1,RandomFuzzyRules__max_rules__2,175,20,20,20,0.9,0.9375,0.8933333333333333,0.040678199991816655,0.0003422000154387206
174,Parkinsons,1,RandomFuzzyRules__max_rules__3,175,20,20,20,0.85,0.9090909090909091,0.9066666666666667,0.041073800006415695,0.00036509998608380556
174,Parkinsons,1,RandomFuzzyRules__max_rules__4,175,20,20,20,0.85,0.9032258064516129,0.9333333333333333,0.046275600005174056,0.00036429997999221087
174,Parkinsons,1,RandomFuzzyRules__max_rules__5,175,20,20,20,0.85,0.9090909090909091,0.92,0.0472470999811776,0.0004005999944638461
174,Parkinsons,1,RandomFuzzyRules__max_rules__6,175,20,20,20,0.9,0.9375,0.8666666666666667,0.056501899991417304,0.0003887999919243157
174,Parkinsons,1,RandomFuzzyRules__max_rules__7,175,20,20,20,0.85,0.9090909090909091,0.9066666666666667,0.06033119998755865,0.0004029999836347997
174,Parkinsons,2,RandomFuzzyRules__max_rules__2,175,20,20,20,0.9,0.9375,0.8133333333333334,0.03688130000955425,0.0003336000081617385
174,Parkinsons,2,RandomFuzzyRules__max_rules__3,175,20,20,20,0.95,0.967741935483871,0.9733333333333334,0.04497440002160147,0.00037789999623782933
174,Parkinsons,2,RandomFuzzyRules__max_rules__4,175,20,20,20,0.9,0.9375,0.8666666666666667,0.05707570002414286,0.0005288999818731099
174,Parkinsons,2,RandomFuzzyRules__max_rules__5,175,20,20,20,0.95,0.967741935483871,0.9866666666666667,0.051086400024360046,0.00038899999344721437
174,Parkinsons,2,RandomFuzzyRules__max_rules__6,175,20,20,20,0.85,0.9032258064516129,0.7733333333333333,0.05762960002175532,0.0003968999953940511
174,Parkinsons,2,RandomFuzzyRules__max_rules__7,175,20,20,20,0.9,0.9375,0.9733333333333334,0.06986839999444783,0.0003795000084210187
174,Parkinsons,3,RandomFuzzyRules__max_rules__2,175,20,20,20,0.9,0.9333333333333333,0.8066666666666666,0.04089490001206286,0.0003625999961514026
174,Parkinsons,3,RandomFuzzyRules__max_rules__3,175,20,20,20,0.9,0.9333333333333333,0.8066666666666666,0.04620479998993687,0.0005201000021770597
174,Parkinsons,3,RandomFuzzyRules__max_rules__4,175,20,20,20,0.9,0.9375,0.6933333333333334,0.04076030000578612,0.00038350000977516174
174,Parkinsons,3,RandomFuzzyRules__max_rules__5,175,20,20,20,0.85,0.9032258064516129,0.7466666666666667,0.051589999988209456,0.00053039999329485
174,Parkinsons,3,RandomFuzzyRules__max_rules__6,175,20,20,20,0.75,0.8484848484848485,0.6399999999999999,0.05525929998839274,0.00040019999141804874
174,Parkinsons,3,RandomFuzzyRules__max_rules__7,175,20,20,20,0.9,0.9333333333333333,0.8666666666666667,0.05787300001247786,0.00037640001391991973
174,Parkinsons,4,RandomFuzzyRules__max_rules__2,175,20,20,20,0.9,0.9375,0.8266666666666667,0.038424900005338714,0.00034619998768903315
174,Parkinsons,4,RandomFuzzyRules__max_rules__3,175,20,20,20,0.9,0.9333333333333333,0.96,0.04350679999333806,0.00037289998726919293
174,Parkinsons,4,RandomFuzzyRules__max_rules__4,175,20,20,20,0.9,0.9375,0.8266666666666667,0.041568699991330504,0.00041879998752847314
174,Parkinsons,4,RandomFuzzyRules__max_rules__5,175,20,20,20,0.9,0.9375,0.9733333333333334,0.04403309998451732,0.00042039999971166253
174,Parkinsons,4,RandomFuzzyRules__max_rules__6,175,20,20,20,0.9,0.9375,0.7466666666666666,0.06765869999071583,0.0004358000005595386
174,Parkinsons,4,RandomFuzzyRules__max_rules__7,175,20,20,20,0.85,0.9032258064516129,0.96,0.05760299999383278,0.0004086000262759626
174,Parkinsons,5,RandomFuzzyRules__max_rules__2,175,20,20,20,0.95,0.9655172413793104,1.0,0.03551089999382384,0.0003983000060543418
174,Parkinsons,5,RandomFuzzyRules__max_rules__3,175,20,20,20,0.95,0.967741935483871,0.9866666666666667,0.04308899998432025,0.00040240000816993415
174,Parkinsons,5,RandomFuzzyRules__max_rules__4,175,20,20,20,0.9,0.9375,0.8533333333333334,0.044463500002166256,0.000382099999114871
174,Parkinsons,5,RandomFuzzyRules__max_rules__5,175,20,20,20,0.9,0.9375,1.0,0.051713100023334846,0.00037059999885968864
174,Parkinsons,5,RandomFuzzyRules__max_rules__6,175,20,20,20,1.0,1.0,1.0,0.0662542000063695,0.0003704000264406204
174,Parkinsons,5,RandomFuzzyRules__max_rules__7,175,20,20,20,0.9,0.9333333333333333,0.9333333333333333,0.06077839998761192,0.0004135000053793192
174,Parkinsons,6,RandomFuzzyRules__max_rules__2,176,19,20,20,0.8421052631578947,0.9032258064516129,0.6,0.03509789999225177,0.00039500001003034413
174,Parkinsons,6,RandomFuzzyRules__max_rules__3,176,19,20,20,0.7368421052631579,0.8275862068965517,0.8,0.04472940001869574,0.0011744000075850636
174,Parkinsons,6,RandomFuzzyRules__max_rules__4,176,19,20,20,0.7368421052631579,0.8275862068965517,0.75,0.04603170001064427,0.000648700020974502
174,Parkinsons,6,RandomFuzzyRules__max_rules__5,176,19,20,20,0.8421052631578947,0.9032258064516129,0.8166666666666667,0.05377639998914674,0.00040580000495538116
174,Parkinsons,6,RandomFuzzyRules__max_rules__6,176,19,20,20,0.7894736842105263,0.8666666666666667,0.5333333333333333,0.04595669999253005,0.00037189997965469956
174,Parkinsons,6,RandomFuzzyRules__max_rules__7,176,19,20,20,0.7368421052631579,0.8275862068965517,0.7666666666666667,0.060050200001569465,0.0002945000014733523
174,Parkinsons,7,RandomFuzzyRules__max_rules__2,176,19,20,20,0.7894736842105263,0.875,0.48333333333333334,0.046460999990813434,0.000381199992261827
174,Parkinsons,7,RandomFuzzyRules__max_rules__3,176,19,20,20,0.5789473684210527,0.7142857142857143,0.4666666666666667,0.04439009999623522,0.0005512999778147787
174,Parkinsons,7,RandomFuzzyRules__max_rules__4,176,19,20,20,0.8421052631578947,0.9090909090909091,0.5833333333333334,0.04359590000240132,0.0002663999912329018
174,Parkinsons,7,RandomFuzzyRules__max_rules__5,176,19,20,20,0.7894736842105263,0.875,0.9333333333333333,0.05689469998469576,0.0002906000008806586
174,Parkinsons,7,RandomFuzzyRules__max_rules__6,176,19,20,20,0.7894736842105263,0.875,0.4666666666666667,0.06430569998337887,0.00036279999767430127
174,Parkinsons,7,RandomFuzzyRules__max_rules__7,176,19,20,20,0.6842105263157895,0.8,0.75,0.05985520000103861,0.00039099997957237065
174,Parkinsons,8,RandomFuzzyRules__max_rules__2,176,19,20,20,0.8947368421052632,0.9333333333333333,0.7857142857142857,0.032538200000999495,0.0003299000090919435
174,Parkinsons,8,RandomFuzzyRules__max_rules__3,176,19,20,20,0.7894736842105263,0.8666666666666667,0.9571428571428572,0.041094599990174174,0.0004293000092729926
174,Parkinsons,8,RandomFuzzyRules__max_rules__4,176,19,20,20,0.8421052631578947,0.9032258064516129,0.6714285714285715,0.046769300010055304,0.00042240001494064927
174,Parkinsons,8,RandomFuzzyRules__max_rules__5,176,19,20,20,0.8947368421052632,0.9333333333333333,0.9142857142857143,0.04636870001559146,0.0003766000154428184
174,Parkinsons,8,RandomFuzzyRules__max_rules__6,176,19,20,20,0.8947368421052632,0.9333333333333333,0.7857142857142857,0.04920539999147877,0.0003829000052064657
174,Parkinsons,8,RandomFuzzyRules__max_rules__7,176,19,20,20,0.7894736842105263,0.8666666666666667,0.9571428571428572,0.05093590001342818,0.0003856000257655978
174,Parkinsons,9,RandomFuzzyRules__max_rules__2,176,19,20,20,0.8421052631578947,0.8888888888888888,0.9285714285714286,0.036673199996585026,0.00032500000088475645
174,Parkinsons,9,RandomFuzzyRules__max_rules__3,176,19,20,20,0.7894736842105263,0.8571428571428571,0.8857142857142858,0.03857770000468008,0.00040859999717213213
174,Parkinsons,9,RandomFuzzyRules__max_rules__4,176,19,20,20,0.7368421052631579,0.8275862068965517,0.8571428571428572,0.042928600014420226,0.0003501000173855573
174,Parkinsons,9,RandomFuzzyRules__max_rules__5,176,19,20,20,0.7894736842105263,0.8461538461538461,0.942857142857143,0.05009740000241436,0.000350600021192804
174,Parkinsons,9,RandomFuzzyRules__max_rules__6,176,19,20,20,0.7894736842105263,0.8571428571428571,0.9428571428571428,0.05541159998392686,0.0003895999980159104
174,Parkinsons,9,RandomFuzzyRules__max_rules__7,176,19,20,20,0.7368421052631579,0.8148148148148148,0.8142857142857143,0.05200419999891892,0.0003932999970857054
174,Parkinsons,10,RandomFuzzyRules__max_rules__2,176,19,20,20,0.7894736842105263,0.8666666666666667,0.6571428571428573,0.03566029999637976,0.00033900002017617226
174,Parkinsons,10,RandomFuzzyRules__max_rules__3,176,19,20,20,0.7894736842105263,0.875,0.7428571428571429,0.03968760001589544,0.0003595000016503036
174,Parkinsons,10,RandomFuzzyRules__max_rules__4,176,19,20,20,0.7894736842105263,0.875,0.6142857142857143,0.04856819999986328,0.0004167000006418675
174,Parkinsons,10,RandomFuzzyRules__max_rules__5,176,19,20,20,0.7894736842105263,0.875,0.8,0.05244719999609515,0.0002868000010494143
174,Parkinsons,10,RandomFuzzyRules__max_rules__6,176,19,20,20,0.7894736842105263,0.875,0.5142857142857142,0.05148019999614917,0.0003520999744068831
174,Parkinsons,10,RandomFuzzyRules__max_rules__7,176,19,20,20,0.7368421052631579,0.8387096774193549,0.6142857142857143,0.05065610000747256,0.0004143000114709139
176,Blood Transfusion Service Center,1,RandomFuzzyRules__max_rules__2,673,75,4,4,0.76,0.1,0.564327485380117,0.08180009998613968,0.0003279999946244061
176,Blood Transfusion Service Center,1,RandomFuzzyRules__max_rules__3,673,75,4,4,0.76,0.1,0.564327485380117,0.08078170000226237,0.0003881000156980008
176,Blood Transfusion Service Center,1,RandomFuzzyRules__max_rules__4,673,75,4,4,0.7333333333333333,0.09090909090909091,0.5896686159844056,0.09318249998614192,0.0004566999850794673
176,Blood Transfusion Service Center,1,RandomFuzzyRules__max_rules__5,673,75,4,4,0.76,0.1,0.564327485380117,0.10213479999219999,0.00039969998761080205
176,Blood Transfusion Service Center,1,RandomFuzzyRules__max_rules__6,673,75,4,4,0.76,0.1,0.564327485380117,0.11753089999547228,0.00040779999108053744
176,Blood Transfusion Service Center,1,RandomFuzzyRules__max_rules__7,673,75,4,4,0.76,0.1,0.6359649122807017,0.1253152000135742,0.0004072000156156719
176,Blood Transfusion Service Center,2,RandomFuzzyRules__max_rules__2,673,75,4,4,0.8133333333333334,0.46153846153846156,0.7490253411306043,0.08562850000453182,0.000322499981848523
176,Blood Transfusion Service Center,2,RandomFuzzyRules__max_rules__3,673,75,4,4,0.8133333333333334,0.5,0.7407407407407408,0.07694510000874288,0.0002978999982587993
176,Blood Transfusion Service Center,2,RandomFuzzyRules__max_rules__4,673,75,4,4,0.8133333333333334,0.46153846153846156,0.7490253411306043,0.1049226000031922,0.0003829999768640846
176,Blood Transfusion Service Center,2,RandomFuzzyRules__max_rules__5,673,75,4,4,0.8133333333333334,0.46153846153846156,0.7490253411306043,0.10622990000410937,0.0003163999936077744
176,Blood Transfusion Service Center,2,RandomFuzzyRules__max_rules__6,673,75,4,4,0.8133333333333334,0.46153846153846156,0.7490253411306043,0.11451389998546802,0.0003169999981764704
176,Blood Transfusion Service Center,2,RandomFuzzyRules__max_rules__7,673,75,4,4,0.8133333333333334,0.46153846153846156,0.7490253411306043,0.11231909997877665,0.00031740000122226775
176,Blood Transfusion Service Center,3,RandomFuzzyRules__max_rules__2,673,75,4,4,0.76,0.18181818181818182,0.6652046783625731,0.08174709999002516,0.0003961999900639057
176,Blood Transfusion Service Center,3,RandomFuzzyRules__max_rules__3,673,75,4,4,0.76,0.18181818181818182,0.6652046783625731,0.10209759999997914,0.00037349999183788896
176,Blood Transfusion Service Center,3,RandomFuzzyRules__max_rules__4,673,75,4,4,0.76,0.18181818181818182,0.6652046783625731,0.0972380000166595,0.0003952000115532428
176,Blood Transfusion Service Center,3,RandomFuzzyRules__max_rules__5,673,75,4,4,0.76,0.18181818181818182,0.6652046783625731,0.10133789997780696,0.0003693999897222966
176,Blood Transfusion Service Center,3,RandomFuzzyRules__max_rules__6,673,75,4,4,0.76,0.18181818181818182,0.6652046783625731,0.10311259998707101,0.0003899000003002584
176,Blood Transfusion Service Center,3,RandomFuzzyRules__max_rules__7,673,75,4,4,0.76,0.18181818181818182,0.6652046783625731,0.11861100001260638,0.00039220001781359315
176,Blood Transfusion Service Center,4,RandomFuzzyRules__max_rules__2,673,75,4,4,0.76,0.1,0.7607212475633529,0.0995855999935884,0.0004908999835606664
176,Blood Transfusion Service Center,4,RandomFuzzyRules__max_rules__3,673,75,4,4,0.76,0.1,0.7607212475633529,0.09726750000845641,0.0003963000199291855
176,Blood Transfusion Service Center,4,RandomFuzzyRules__max_rules__4,673,75,4,4,0.7733333333333333,0.32,0.7548732943469786,0.08537469999282621,0.00041409998084418476
176,Blood Transfusion Service Center,4,RandomFuzzyRules__max_rules__5,673,75,4,4,0.76,0.1,0.7607212475633529,0.11507880000863224,0.00039709999691694975
176,Blood Transfusion Service Center,4,RandomFuzzyRules__max_rules__6,673,75,4,4,0.7466666666666667,0.09523809523809523,0.787524366471735,0.11984359999769367,0.00039760000072419643
176,Blood Transfusion Service Center,4,RandomFuzzyRules__max_rules__7,673,75,4,4,0.76,0.1,0.7884990253411306,0.12061199999880046,0.00031880001188255847
176,Blood Transfusion Service Center,5,RandomFuzzyRules__max_rules__2,673,75,4,4,0.7733333333333333,0.19047619047619047,0.8518518518518519,0.09761779999826103,0.00040779999108053744
176,Blood Transfusion Service Center,5,RandomFuzzyRules__max_rules__3,673,75,4,4,0.7733333333333333,0.19047619047619047,0.8518518518518519,0.08996420001494698,0.00034890000824816525
176,Blood Transfusion Service Center,5,RandomFuzzyRules__max_rules__4,673,75,4,4,0.76,0.18181818181818182,0.841130604288499,0.10344040000927635,0.00030659997719340026
176,Blood Transfusion Service Center,5,RandomFuzzyRules__max_rules__5,673,75,4,4,0.7733333333333333,0.19047619047619047,0.8518518518518519,0.1224655999976676,0.00039790000300854445
176,Blood Transfusion Service Center,5,RandomFuzzyRules__max_rules__6,673,75,4,4,0.7733333333333333,0.19047619047619047,0.8518518518518519,0.11768470000242814,0.0003871000080835074
176,Blood Transfusion Service Center,5,RandomFuzzyRules__max_rules__7,673,75,4,4,0.7733333333333333,0.19047619047619047,0.8518518518518519,0.10994419999769889,0.0003969999961555004
176,Blood Transfusion Service Center,6,RandomFuzzyRules__max_rules__2,673,75,4,4,0.7333333333333333,0.09090909090909091,0.5253411306042884,0.08686660000239499,0.00038519999361597
176,Blood Transfusion Service Center,6,RandomFuzzyRules__max_rules__3,673,75,4,4,0.7333333333333333,0.09090909090909091,0.5253411306042884,0.09528810001211241,0.0003920000162906945
176,Blood Transfusion Service Center,6,RandomFuzzyRules__max_rules__4,673,75,4,4,0.7466666666666667,0.09523809523809523,0.5423976608187134,0.10235240001929924,0.0003692000173032284
176,Blood Transfusion Service Center,6,RandomFuzzyRules__max_rules__5,673,75,4,4,0.7333333333333333,0.09090909090909091,0.5253411306042884,0.14089370000874624,0.0003996000159531832
176,Blood Transfusion Service Center,6,RandomFuzzyRules__max_rules__6,673,75,4,4,0.7333333333333333,0.09090909090909091,0.5253411306042884,0.11425080001936294,0.00039280002238228917
176,Blood Transfusion Service Center,6,RandomFuzzyRules__max_rules__7,673,75,4,4,0.7333333333333333,0.09090909090909091,0.5253411306042884,0.11026549999951385,0.0003882000164594501
176,Blood Transfusion Service Center,7,RandomFuzzyRules__max_rules__2,673,75,4,4,0.7866666666666666,0.2,0.6481481481481481,0.09555229998659343,0.00038559999666176736
176,Blood Transfusion Service Center,7,RandomFuzzyRules__max_rules__3,673,75,4,4,0.7866666666666666,0.2,0.6481481481481481,0.0976754000002984,0.0003716999781318009
176,Blood Transfusion Service Center,7,RandomFuzzyRules__max_rules__4,673,75,4,4,0.7733333333333333,0.19047619047619047,0.655458089668616,0.10692349998862483,0.0004169000021647662
176,Blood Transfusion Service Center,7,RandomFuzzyRules__max_rules__5,673,75,4,4,0.76,0.1,0.6466861598440545,0.10915570001816377,0.00031030000536702573
176,Blood Transfusion Service Center,7,RandomFuzzyRules__max_rules__6,673,75,4,4,0.7866666666666666,0.2,0.6481481481481481,0.13660689999233,0.00042310002027079463
176,Blood Transfusion Service Center,7,RandomFuzzyRules__max_rules__7,673,75,4,4,0.7866666666666666,0.2,0.726608187134503,0.12524689998826943,0.0004015000013168901
176,Blood Transfusion Service Center,8,RandomFuzzyRules__max_rules__2,673,75,4,4,0.7733333333333333,0.10526315789473684,0.7680311890838206,0.10650080000050366,0.0002854999911505729
176,Blood Transfusion Service Center,8,RandomFuzzyRules__max_rules__3,673,75,4,4,0.7733333333333333,0.10526315789473684,0.7680311890838206,0.10615660002804361,0.00029779999749735
176,Blood Transfusion Service Center,8,RandomFuzzyRules__max_rules__4,673,75,4,4,0.7866666666666666,0.2,0.7631578947368421,0.11099630000535399,0.00042320002103224397
176,Blood Transfusion Service Center,8,RandomFuzzyRules__max_rules__5,673,75,4,4,0.7733333333333333,0.10526315789473684,0.7680311890838206,0.1135610000055749,0.0003999000182375312
176,Blood Transfusion Service Center,8,RandomFuzzyRules__max_rules__6,673,75,4,4,0.7733333333333333,0.10526315789473684,0.7680311890838206,0.11344069999177009,0.0003932999970857054
176,Blood Transfusion Service Center,8,RandomFuzzyRules__max_rules__7,673,75,4,4,0.7733333333333333,0.10526315789473684,0.77729044834308,0.12257629999658093,0.0004126999992877245
176,Blood Transfusion Service Center,9,RandomFuzzyRules__max_rules__2,674,74,4,4,0.7432432432432432,0.0,0.7198142414860681,0.08808539999881759,0.00039850000757724047
176,Blood Transfusion Service Center,9,RandomFuzzyRules__max_rules__3,674,74,4,4,0.7432432432432432,0.0,0.7198142414860681,0.0887578000256326,0.0004068000125698745
176,Blood Transfusion Service Center,9,RandomFuzzyRules__max_rules__4,674,74,4,4,0.7567567567567568,0.1,0.7404540763673891,0.08707219999632798,0.0003740000247489661
176,Blood Transfusion Service Center,9,RandomFuzzyRules__max_rules__5,674,74,4,4,0.7432432432432432,0.0,0.7198142414860681,0.10257489999639802,0.0005055000074207783
176,Blood Transfusion Service Center,9,RandomFuzzyRules__max_rules__6,674,74,4,4,0.7432432432432432,0.0,0.7198142414860681,0.10870250000152737,0.00035600000410340726
176,Blood Transfusion Service Center,9,RandomFuzzyRules__max_rules__7,674,74,4,4,0.7567567567567568,0.0,0.7435500515995873,0.11514149999129586,0.0002933999930974096
176,Blood Transfusion Service Center,10,RandomFuzzyRules__max_rules__2,674,74,4,4,0.7567567567567568,0.1,0.5887512899896801,0.08760880000772886,0.0002801000082399696
176,Blood Transfusion Service Center,10,RandomFuzzyRules__max_rules__3,674,74,4,4,0.7567567567567568,0.1,0.5887512899896801,0.09296330000506714,0.00038529999437741935
176,Blood Transfusion Service Center,10,RandomFuzzyRules__max_rules__4,674,74,4,4,0.7567567567567568,0.1,0.5887512899896801,0.09972530000959523,0.0004014000005554408
176,Blood Transfusion Service Center,10,RandomFuzzyRules__max_rules__5,674,74,4,4,0.7567567567567568,0.1,0.5887512899896801,0.11018469999544322,0.0004121999954804778
176,Blood Transfusion Service Center,10,RandomFuzzyRules__max_rules__6,674,74,4,4,0.7432432432432432,0.0,0.5954592363261094,0.11896169997635297,0.0004315999976824969
176,Blood Transfusion Service Center,10,RandomFuzzyRules__max_rules__7,674,74,4,4,0.7567567567567568,0.0,0.6615067079463364,0.12452759998268448,0.0003978000022470951
222,Bank Marketing,1,RandomFuzzyRules__max_rules__2,40689,4522,16,47,0.8936311366651923,0.2936857562408223,0.5879166139988836,2.344500400009565,0.002853300014976412
222,Bank Marketing,1,RandomFuzzyRules__max_rules__3,40689,4522,16,47,0.8960636886333481,0.3543956043956044,0.852924091640522,2.5005295999872033,0.0023141000128816813
222,Bank Marketing,1,RandomFuzzyRules__max_rules__4,40689,4522,16,47,0.8960636886333481,0.3543956043956044,0.852924091640522,2.7671074999962,0.002531500009354204
222,Bank Marketing,1,RandomFuzzyRules__max_rules__5,40689,4522,16,47,0.8934099955771783,0.31339031339031337,0.6494290338905939,2.4321356999862473,0.0029380000196397305
222,Bank Marketing,1,RandomFuzzyRules__max_rules__6,40689,4522,16,47,0.8934099955771783,0.31339031339031337,0.6494290338905939,2.4605871999810915,0.0029405999812297523
222,Bank Marketing,1,RandomFuzzyRules__max_rules__7,40689,4522,16,47,0.8936311366651923,0.3215796897038082,0.6092438705352515,2.8997741999919526,0.005588500003796071
222,Bank Marketing,2,RandomFuzzyRules__max_rules__2,40690,4521,16,47,0.8942711789427118,0.28869047619047616,0.5870301436604968,2.197251800011145,0.0027849999896716326
222,Bank Marketing,2,RandomFuzzyRules__max_rules__3,40690,4521,16,47,0.8993585489935855,0.3724137931034483,0.8600410566977058,2.2968921000137925,0.0027544999902602285
222,Bank Marketing,2,RandomFuzzyRules__max_rules__4,40690,4521,16,47,0.8993585489935855,0.3724137931034483,0.8600410566977058,2.4147315000009257,0.0021059999999124557
222,Bank Marketing,2,RandomFuzzyRules__max_rules__5,40690,4521,16,47,0.8971466489714665,0.33093525179856115,0.6242714523142774,2.3600448000070173,0.0029300000169314444
222,Bank Marketing,2,RandomFuzzyRules__max_rules__6,40690,4521,16,47,0.8971466489714665,0.33093525179856115,0.6242714523142774,2.3405968000006396,0.002206300006946549
222,Bank Marketing,2,RandomFuzzyRules__max_rules__7,40690,4521,16,47,0.8967042689670427,0.3319027181688126,0.6214421639384073,2.488981900009094,0.002884100016672164
222,Bank Marketing,3,RandomFuzzyRules__max_rules__2,40690,4521,16,47,0.8929440389294404,0.30857142857142855,0.5939565804577018,2.0820526000170503,0.003156099992338568
222,Bank Marketing,3,RandomFuzzyRules__max_rules__3,40690,4521,16,47,0.8933864189338642,0.35904255319148937,0.8376493061737842,2.2688121999963187,0.0025828999932855368
222,Bank Marketing,3,RandomFuzzyRules__max_rules__4,40690,4521,16,47,0.8933864189338642,0.35904255319148937,0.8376493061737842,2.279628500022227,0.0026698999863583595
222,Bank Marketing,3,RandomFuzzyRules__max_rules__5,40690,4521,16,47,0.8940499889404999,0.3393103448275862,0.6485598796837532,2.3753350999904796,0.003060499991988763
222,Bank Marketing,3,RandomFuzzyRules__max_rules__6,40690,4521,16,47,0.8940499889404999,0.3393103448275862,0.6485598796837532,2.396334700024454,0.0044827999954577535
222,Bank Marketing,3,RandomFuzzyRules__max_rules__7,40690,4521,16,47,0.8922804689228047,0.33012379642365886,0.644041864447231,2.5767820999899413,0.0030041999998502433
222,Bank Marketing,4,RandomFuzzyRules__max_rules__2,40690,4521,16,47,0.8942711789427118,0.29080118694362017,0.5865829011520205,2.0562927999999374,0.0029220999858807772
222,Bank Marketing,4,RandomFuzzyRules__max_rules__3,40690,4521,16,47,0.8958195089581951,0.34492350486787204,0.8505427679555709,2.176165499986382,0.0023077999940142035
222,Bank Marketing,4,RandomFuzzyRules__max_rules__4,40690,4521,16,47,0.8958195089581951,0.34492350486787204,0.8505427679555709,2.2243559999915306,0.0026012000162154436
222,Bank Marketing,4,RandomFuzzyRules__max_rules__5,40690,4521,16,47,0.896040698960407,0.3208092485549133,0.6340187463774429,2.781311700004153,0.0027117999852634966
222,Bank Marketing,4,RandomFuzzyRules__max_rules__6,40690,4521,16,47,0.896040698960407,0.3208092485549133,0.6340187463774429,2.6721763999958057,0.0020867999992333353
222,Bank Marketing,4,RandomFuzzyRules__max_rules__7,40690,4521,16,47,0.8951559389515594,0.32285714285714284,0.631169711824405,2.6182179000170436,0.002283300011185929
222,Bank Marketing,5,RandomFuzzyRules__max_rules__2,40690,4521,16,47,0.8929440389294404,0.29239766081871343,0.588503803448106,2.043041600001743,0.003308300016215071
222,Bank Marketing,5,RandomFuzzyRules__max_rules__3,40690,4521,16,47,0.8962618889626189,0.34951456310679613,0.8497870031177668,2.2028477999847382,0.0028677999798674136
222,Bank Marketing,5,RandomFuzzyRules__max_rules__4,40690,4521,16,47,0.8962618889626189,0.34951456310679613,0.8497870031177668,2.237641900021117,0.002954800002044067
222,Bank Marketing,5,RandomFuzzyRules__max_rules__5,40690,4521,16,47,0.8958195089581951,0.3261802575107296,0.6406037500331475,2.4941394999914337,0.0026692000101320446
222,Bank Marketing,5,RandomFuzzyRules__max_rules__6,40690,4521,16,47,0.8958195089581951,0.3261802575107296,0.6406037500331475,2.4400231000036,0.00260470001376234
222,Bank Marketing,5,RandomFuzzyRules__max_rules__7,40690,4521,16,47,0.8962618889626189,0.3385049365303244,0.6236284004682332,2.4632179999898653,0.0027797999791800976
222,Bank Marketing,6,RandomFuzzyRules__max_rules__2,40690,4521,16,47,0.893828798938288,0.2920353982300885,0.5881900852745188,2.0750113999820314,0.002922500018030405
222,Bank Marketing,6,RandomFuzzyRules__max_rules__3,40690,4521,16,47,0.8955983189559832,0.35342465753424657,0.8410189945107607,2.1514700000116136,0.0029501999961212277
222,Bank Marketing,6,RandomFuzzyRules__max_rules__4,40690,4521,16,47,0.8955983189559832,0.35342465753424657,0.8410189945107607,2.2369866000080947,0.003101600013906136
222,Bank Marketing,6,RandomFuzzyRules__max_rules__5,40690,4521,16,47,0.8942711789427118,0.3171428571428571,0.6476817055661418,2.451722099998733,0.0027221000054851174
222,Bank Marketing,6,RandomFuzzyRules__max_rules__6,40690,4521,16,47,0.8942711789427118,0.3171428571428571,0.6476817055661418,2.3810248999798205,0.003380399983143434
222,Bank Marketing,6,RandomFuzzyRules__max_rules__7,40690,4521,16,47,0.8918380889183809,0.30638297872340425,0.6283798693795909,2.435849800007418,0.00288759998511523
222,Bank Marketing,7,RandomFuzzyRules__max_rules__2,40690,4521,16,47,0.8882990488829905,0.2383107088989442,0.5685745309143808,2.100416600005701,0.003282599995145574
222,Bank Marketing,7,RandomFuzzyRules__max_rules__3,40690,4521,16,47,0.8920592789205928,0.3126760563380282,0.8498935489125699,2.2657752000086475,0.0026285000203642994
222,Bank Marketing,7,RandomFuzzyRules__max_rules__4,40690,4521,16,47,0.8920592789205928,0.3126760563380282,0.8498935489125699,2.335978899995098,0.0030881999991834164
222,Bank Marketing,7,RandomFuzzyRules__max_rules__5,40690,4521,16,47,0.891616898916169,0.28362573099415206,0.6579368567001679,2.32374369999161,0.0024719000211916864
222,Bank Marketing,7,RandomFuzzyRules__max_rules__6,40690,4521,16,47,0.891616898916169,0.28362573099415206,0.6579368567001679,2.5711061999900267,0.0041754999838303775
222,Bank Marketing,7,RandomFuzzyRules__max_rules__7,40690,4521,16,47,0.8898473788984738,0.2761627906976744,0.6303062173496331,2.482009500003187,0.0019643999985419214
222,Bank Marketing,8,RandomFuzzyRules__max_rules__2,40690,4521,16,47,0.88940499889405,0.2603550295857988,0.5767089471949571,2.2482222999969963,0.002964999992400408
222,Bank Marketing,8,RandomFuzzyRules__max_rules__3,40690,4521,16,47,0.8940499889404999,0.3356449375866852,0.8567020619689283,2.1675047999888193,0.002758399990852922
222,Bank Marketing,8,RandomFuzzyRules__max_rules__4,40690,4521,16,47,0.8940499889404999,0.3356449375866852,0.8567020619689283,2.58855549999862,0.002676599979167804
222,Bank Marketing,8,RandomFuzzyRules__max_rules__5,40690,4521,16,47,0.8929440389294404,0.3045977011494253,0.635694830113914,2.544793499982916,0.0025907999952323735
222,Bank Marketing,8,RandomFuzzyRules__max_rules__6,40690,4521,16,47,0.8929440389294404,0.3045977011494253,0.635694830113914,2.4397526999819092,0.002819799992721528
222,Bank Marketing,8,RandomFuzzyRules__max_rules__7,40690,4521,16,47,0.8920592789205928,0.3008595988538682,0.6208134605695322,2.5249036999884993,0.0025102999934460968
222,Bank Marketing,9,RandomFuzzyRules__max_rules__2,40690,4521,16,47,0.8947135589471356,0.30409356725146197,0.5916215701724811,2.428453999978956,0.002814900013618171
222,Bank Marketing,9,RandomFuzzyRules__max_rules__3,40690,4521,16,47,0.898252598982526,0.41624365482233505,0.8359064537392366,2.4123481000133324,0.002308800001628697
222,Bank Marketing,9,RandomFuzzyRules__max_rules__4,40690,4521,16,47,0.898252598982526,0.41624365482233505,0.8359064537392366,2.3291337999980897,0.002895799989346415
222,Bank Marketing,9,RandomFuzzyRules__max_rules__5,40690,4521,16,47,0.8944923689449237,0.34746922024623805,0.8325576010243548,2.234587500017369,0.00275869999313727
222,Bank Marketing,9,RandomFuzzyRules__max_rules__6,40690,4521,16,47,0.8964830789648308,0.36585365853658536,0.6529685079042774,2.3833713999774773,0.0029566999874077737
222,Bank Marketing,9,RandomFuzzyRules__max_rules__7,40690,4521,16,47,0.8949347489493474,0.3624161073825503,0.6415389853430871,2.3239541000220925,0.002560499997343868
222,Bank Marketing,10,RandomFuzzyRules__max_rules__2,40690,4521,16,47,0.893607608936076,0.31383737517831667,0.5964324679604956,2.1998557999904733,0.0027168000233359635
222,Bank Marketing,10,RandomFuzzyRules__max_rules__3,40690,4521,16,47,0.8944923689449237,0.36821192052980134,0.8382826617317811,2.290666400018381,0.002888000017264858
222,Bank Marketing,10,RandomFuzzyRules__max_rules__4,40690,4521,16,47,0.8944923689449237,0.36821192052980134,0.8382826617317811,2.290420500008622,0.00200899998890236
222,Bank Marketing,10,RandomFuzzyRules__max_rules__5,40690,4521,16,47,0.8940499889404999,0.3393103448275862,0.6313053801364543,2.29079769999953,0.0029681000160053372
222,Bank Marketing,10,RandomFuzzyRules__max_rules__6,40690,4521,16,47,0.8940499889404999,0.3393103448275862,0.6313053801364543,2.2537360999849625,0.0031974999874364585
222,Bank Marketing,10,RandomFuzzyRules__max_rules__7,40690,4521,16,47,0.893828798938288,0.3442622950819672,0.6406617582992071,2.3589310999959707,0.0021951000089757144
225,ILPD (Indian Liver Patient Dataset),1,RandomFuzzyRules__max_rules__2,524,59,10,11,0.7288135593220338,0.2,0.5504201680672269,0.05059669999172911,0.00031599999056197703
225,ILPD (Indian Liver Patient Dataset),1,RandomFuzzyRules__max_rules__3,524,59,10,11,0.6949152542372882,0.0,0.5182072829131653,0.06249969999771565,0.0004173999768681824
225,ILPD (Indian Liver Patient Dataset),1,RandomFuzzyRules__max_rules__4,524,59,10,11,0.7288135593220338,0.2,0.5504201680672269,0.06556429999182001,0.0004099999787285924
225,ILPD (Indian Liver Patient Dataset),1,RandomFuzzyRules__max_rules__5,524,59,10,11,0.7288135593220338,0.1111111111111111,0.48459383753501395,0.06970829999772832,0.00042810000013560057
225,ILPD (Indian Liver Patient Dataset),1,RandomFuzzyRules__max_rules__6,524,59,10,11,0.7457627118644068,0.2857142857142857,0.5322128851540615,0.09350410001934506,0.00046209999709390104
225,ILPD (Indian Liver Patient Dataset),1,RandomFuzzyRules__max_rules__7,524,59,10,11,0.7457627118644068,0.2857142857142857,0.526610644257703,0.07695280000916682,0.0007337999995797873
225,ILPD (Indian Liver Patient Dataset),2,RandomFuzzyRules__max_rules__2,524,59,10,11,0.6949152542372882,0.18181818181818182,0.5875350140056024,0.0658380999811925,0.0005391000013332814
225,ILPD (Indian Liver Patient Dataset),2,RandomFuzzyRules__max_rules__3,524,59,10,11,0.6949152542372882,0.18181818181818182,0.5875350140056024,0.056470499985152856,0.00030419998802244663
225,ILPD (Indian Liver Patient Dataset),2,RandomFuzzyRules__max_rules__4,524,59,10,11,0.6949152542372882,0.18181818181818182,0.5875350140056024,0.06491789998835884,0.00040040002204477787
225,ILPD (Indian Liver Patient Dataset),2,RandomFuzzyRules__max_rules__5,524,59,10,11,0.711864406779661,0.10526315789473684,0.5420168067226891,0.07522600001539104,0.0003992000129073858
225,ILPD (Indian Liver Patient Dataset),2,RandomFuzzyRules__max_rules__6,524,59,10,11,0.6949152542372882,0.18181818181818182,0.5903361344537816,0.0716748999839183,0.0004065999819431454
225,ILPD (Indian Liver Patient Dataset),2,RandomFuzzyRules__max_rules__7,524,59,10,11,0.6949152542372882,0.18181818181818182,0.5875350140056024,0.07914389998768456,0.0004107999848201871
225,ILPD (Indian Liver Patient Dataset),3,RandomFuzzyRules__max_rules__2,524,59,10,11,0.7457627118644068,0.21052631578947367,0.6092436974789915,0.07366719999117777,0.00039409997407346964
225,ILPD (Indian Liver Patient Dataset),3,RandomFuzzyRules__max_rules__3,524,59,10,11,0.711864406779661,0.0,0.6008403361344539,0.06911129999207333,0.00041730000521056354
225,ILPD (Indian Liver Patient Dataset),3,RandomFuzzyRules__max_rules__4,524,59,10,11,0.7288135593220338,0.1111111111111111,0.5896358543417367,0.057427699997788295,0.00038869999116286635
225,ILPD (Indian Liver Patient Dataset),3,RandomFuzzyRules__max_rules__5,524,59,10,11,0.7796610169491526,0.38095238095238093,0.6169467787114846,0.08963750000111759,0.0004000999906565994
225,ILPD (Indian Liver Patient Dataset),3,RandomFuzzyRules__max_rules__6,524,59,10,11,0.7796610169491526,0.43478260869565216,0.6568627450980392,0.07715190001181327,0.0004126999992877245
225,ILPD (Indian Liver Patient Dataset),3,RandomFuzzyRules__max_rules__7,524,59,10,11,0.7288135593220338,0.1111111111111111,0.5896358543417367,0.0768404999980703,0.0004143000114709139
225,ILPD (Indian Liver Patient Dataset),4,RandomFuzzyRules__max_rules__2,525,58,10,11,0.7241379310344828,0.1111111111111111,0.5491071428571428,0.06146719999378547,0.000381499994546175
225,ILPD (Indian Liver Patient Dataset),4,RandomFuzzyRules__max_rules__3,525,58,10,11,0.7068965517241379,0.0,0.5119047619047619,0.08891309998580255,0.0003145999799016863
225,ILPD (Indian Liver Patient Dataset),4,RandomFuzzyRules__max_rules__4,525,58,10,11,0.7241379310344828,0.1111111111111111,0.5491071428571428,0.07659110001986846,0.0003451000084169209
225,ILPD (Indian Liver Patient Dataset),4,RandomFuzzyRules__max_rules__5,525,58,10,11,0.7413793103448276,0.11764705882352941,0.45238095238095233,0.09193090000189841,0.000361100013833493
225,ILPD (Indian Liver Patient Dataset),4,RandomFuzzyRules__max_rules__6,525,58,10,11,0.7413793103448276,0.21052631578947367,0.5282738095238095,0.07279619999462739,0.00041080001392401755
225,ILPD (Indian Liver Patient Dataset),4,RandomFuzzyRules__max_rules__7,525,58,10,11,0.7413793103448276,0.21052631578947367,0.5267857142857143,0.07687479999731295,0.00041429998236708343
225,ILPD (Indian Liver Patient Dataset),5,RandomFuzzyRules__max_rules__2,525,58,10,11,0.7758620689655172,0.3157894736842105,0.730654761904762,0.06904649999341927,0.0003989000106230378
225,ILPD (Indian Liver Patient Dataset),5,RandomFuzzyRules__max_rules__3,525,58,10,11,0.7586206896551724,0.2222222222222222,0.6517857142857142,0.06938829997670837,0.00040260000969283283
225,ILPD (Indian Liver Patient Dataset),5,RandomFuzzyRules__max_rules__4,525,58,10,11,0.6724137931034483,0.0,0.5364583333333333,0.07036109999171458,0.0004261000140104443
225,ILPD (Indian Liver Patient Dataset),5,RandomFuzzyRules__max_rules__5,525,58,10,11,0.7586206896551724,0.2222222222222222,0.6346726190476191,0.0743452999740839,0.00042580001172609627
225,ILPD (Indian Liver Patient Dataset),5,RandomFuzzyRules__max_rules__6,525,58,10,11,0.7758620689655172,0.3157894736842105,0.6979166666666666,0.09276930001215078,0.000454399996669963
225,ILPD (Indian Liver Patient Dataset),5,RandomFuzzyRules__max_rules__7,525,58,10,11,0.6724137931034483,0.0,0.5364583333333333,0.07968230001279153,0.0004209000035189092
225,ILPD (Indian Liver Patient Dataset),6,RandomFuzzyRules__max_rules__2,525,58,10,11,0.7241379310344828,0.1111111111111111,0.6279761904761905,0.06307279999600723,0.000364200008334592
225,ILPD (Indian Liver Patient Dataset),6,RandomFuzzyRules__max_rules__3,525,58,10,11,0.7241379310344828,0.1111111111111111,0.6279761904761905,0.05887319997418672,0.0004005999944638461
225,ILPD (Indian Liver Patient Dataset),6,RandomFuzzyRules__max_rules__4,525,58,10,11,0.7241379310344828,0.1111111111111111,0.6279761904761905,0.0730405000213068,0.0004211000050418079
225,ILPD (Indian Liver Patient Dataset),6,RandomFuzzyRules__max_rules__5,525,58,10,11,0.7241379310344828,0.1111111111111111,0.6279761904761905,0.09294380000210367,0.00040599997737444937
225,ILPD (Indian Liver Patient Dataset),6,RandomFuzzyRules__max_rules__6,525,58,10,11,0.7241379310344828,0.1111111111111111,0.6279761904761905,0.06750560001819395,0.00039900001138448715
225,ILPD (Indian Liver Patient Dataset),6,RandomFuzzyRules__max_rules__7,525,58,10,11,0.7241379310344828,0.1111111111111111,0.6279761904761905,0.07631220002076589,0.0004110000154469162
225,ILPD (Indian Liver Patient Dataset),7,RandomFuzzyRules__max_rules__2,525,58,10,11,0.6896551724137931,0.35714285714285715,0.6197991391678623,0.07180790000711568,0.00042100000428035855
225,ILPD (Indian Liver Patient Dataset),7,RandomFuzzyRules__max_rules__3,525,58,10,11,0.6896551724137931,0.35714285714285715,0.6197991391678623,0.06524510000599548,0.00042370002483949065
225,ILPD (Indian Liver Patient Dataset),7,RandomFuzzyRules__max_rules__4,525,58,10,11,0.6379310344827587,0.16,0.5050215208034433,0.08121780000510626,0.0004118999931961298
225,ILPD (Indian Liver Patient Dataset),7,RandomFuzzyRules__max_rules__5,525,58,10,11,0.7413793103448276,0.34782608695652173,0.6377331420373026,0.07449199998518452,0.00031350000062957406
225,ILPD (Indian Liver Patient Dataset),7,RandomFuzzyRules__max_rules__6,525,58,10,11,0.7068965517241379,0.32,0.6269727403156384,0.06986119999783114,0.0004105999832972884
225,ILPD (Indian Liver Patient Dataset),7,RandomFuzzyRules__max_rules__7,525,58,10,11,0.6379310344827587,0.27586206896551724,0.6312769010043042,0.07137130000046454,0.0004163999983575195
225,ILPD (Indian Liver Patient Dataset),8,RandomFuzzyRules__max_rules__2,525,58,10,11,0.6551724137931034,0.23076923076923078,0.4992826398852224,0.06359190001967363,0.0003727999865077436
225,ILPD (Indian Liver Patient Dataset),8,RandomFuzzyRules__max_rules__3,525,58,10,11,0.6551724137931034,0.23076923076923078,0.4992826398852224,0.05961880000540987,0.00037719999090768397
225,ILPD (Indian Liver Patient Dataset),8,RandomFuzzyRules__max_rules__4,525,58,10,11,0.6551724137931034,0.23076923076923078,0.4992826398852224,0.06516100000590086,0.00039110000943765044
225,ILPD (Indian Liver Patient Dataset),8,RandomFuzzyRules__max_rules__5,525,58,10,11,0.6896551724137931,0.25,0.5322812051649929,0.07574100000783801,0.0003741999971680343
225,ILPD (Indian Liver Patient Dataset),8,RandomFuzzyRules__max_rules__6,525,58,10,11,0.6551724137931034,0.23076923076923078,0.5021520803443329,0.072484300006181,0.00042409999878145754
225,ILPD (Indian Liver Patient Dataset),8,RandomFuzzyRules__max_rules__7,525,58,10,11,0.6551724137931034,0.23076923076923078,0.4992826398852224,0.07319599998299964,0.0004222999850753695
225,ILPD (Indian Liver Patient Dataset),9,RandomFuzzyRules__max_rules__2,525,58,10,11,0.7241379310344828,0.2727272727272727,0.7187948350071737,0.06769490000442602,0.0003690999874379486
225,ILPD (Indian Liver Patient Dataset),9,RandomFuzzyRules__max_rules__3,525,58,10,11,0.7241379310344828,0.2727272727272727,0.7187948350071737,0.07010050001554191,0.000535300001502037
225,ILPD (Indian Liver Patient Dataset),9,RandomFuzzyRules__max_rules__4,525,58,10,11,0.7241379310344828,0.2727272727272727,0.7187948350071737,0.07050929998513311,0.0004188999882899225
225,ILPD (Indian Liver Patient Dataset),9,RandomFuzzyRules__max_rules__5,525,58,10,11,0.7068965517241379,0.19047619047619047,0.6886657101865136,0.06777009999495931,0.00033229999826289713
225,ILPD (Indian Liver Patient Dataset),9,RandomFuzzyRules__max_rules__6,525,58,10,11,0.7413793103448276,0.2857142857142857,0.718077474892396,0.06300759999430738,0.00041450001299381256
225,ILPD (Indian Liver Patient Dataset),9,RandomFuzzyRules__max_rules__7,525,58,10,11,0.7241379310344828,0.2727272727272727,0.7187948350071737,0.08214149999548681,0.00041149999015033245
225,ILPD (Indian Liver Patient Dataset),10,RandomFuzzyRules__max_rules__2,525,58,10,11,0.7068965517241379,0.2608695652173913,0.5954088952654233,0.06615419997251593,0.0004225999873597175
225,ILPD (Indian Liver Patient Dataset),10,RandomFuzzyRules__max_rules__3,525,58,10,11,0.7241379310344828,0.3333333333333333,0.5868005738880918,0.06478030001744628,0.0003893999964930117
225,ILPD (Indian Liver Patient Dataset),10,RandomFuzzyRules__max_rules__4,525,58,10,11,0.7068965517241379,0.2608695652173913,0.5954088952654233,0.06356390001019463,0.0004000999906565994
225,ILPD (Indian Liver Patient Dataset),10,RandomFuzzyRules__max_rules__5,525,58,10,11,0.7068965517241379,0.19047619047619047,0.5753228120516499,0.0759447000164073,0.00042749999556690454
225,ILPD (Indian Liver Patient Dataset),10,RandomFuzzyRules__max_rules__6,525,58,10,11,0.7241379310344828,0.2727272727272727,0.5896700143472023,0.07266060000983998,0.0004917000187560916
225,ILPD (Indian Liver Patient Dataset),10,RandomFuzzyRules__max_rules__7,525,58,10,11,0.7241379310344828,0.3333333333333333,0.5868005738880918,0.07062509999377653,0.00041989999590441585
264,EEG Eye State,1,RandomFuzzyRules__max_rules__2,13482,1498,14,14,0.5827770360480641,0.29218573046432617,0.5734301135708522,0.5103229000233114,0.0006425000028684735
264,EEG Eye State,1,RandomFuzzyRules__max_rules__3,13482,1498,14,14,0.5827770360480641,0.29218573046432617,0.5734301135708522,0.7069112000172026,0.0009989000100176781
264,EEG Eye State,1,RandomFuzzyRules__max_rules__4,13482,1498,14,14,0.5827770360480641,0.29218573046432617,0.5734301135708522,0.6337731000094209,0.0006905000191181898
264,EEG Eye State,1,RandomFuzzyRules__max_rules__5,13482,1498,14,14,0.5674232309746329,0.16709511568123395,0.5736363931165687,0.6316219000145793,0.0009110000100918114
264,EEG Eye State,1,RandomFuzzyRules__max_rules__6,13482,1498,14,14,0.5827770360480641,0.29218573046432617,0.5734301135708522,0.644709399988642,0.0006966999790165573
264,EEG Eye State,1,RandomFuzzyRules__max_rules__7,13482,1498,14,14,0.5854472630173565,0.3227917121046892,0.5731778940389716,0.6734929000085685,0.000596800004132092
264,EEG Eye State,2,RandomFuzzyRules__max_rules__2,13482,1498,14,14,0.5947930574098799,0.3263041065482797,0.5262713665974864,0.6937228000024334,0.0006325000140350312
264,EEG Eye State,2,RandomFuzzyRules__max_rules__3,13482,1498,14,14,0.5947930574098799,0.3263041065482797,0.5262713665974864,0.6894896000158042,0.0006619000050704926
264,EEG Eye State,2,RandomFuzzyRules__max_rules__4,13482,1498,14,14,0.5947930574098799,0.3263041065482797,0.5262713665974864,0.6351685999834444,0.0007400999893434346
264,EEG Eye State,2,RandomFuzzyRules__max_rules__5,13482,1498,14,14,0.5947930574098799,0.3263041065482797,0.5262713665974864,0.627571999997599,0.0006684000254608691
264,EEG Eye State,2,RandomFuzzyRules__max_rules__6,13482,1498,14,14,0.5947930574098799,0.3263041065482797,0.5262713665974864,0.6356977999967057,0.0006643999950028956
264,EEG Eye State,2,RandomFuzzyRules__max_rules__7,13482,1498,14,14,0.5907877169559412,0.3567681007345226,0.526075896460279,0.6165587000141386,0.0006832000217400491
264,EEG Eye State,3,RandomFuzzyRules__max_rules__2,13482,1498,14,14,0.5814419225634179,0.34345549738219894,0.5771098163841808,0.515205200004857,0.0006677999917883426
264,EEG Eye State,3,RandomFuzzyRules__max_rules__3,13482,1498,14,14,0.5814419225634179,0.34345549738219894,0.5771098163841808,0.6028177999833133,0.00074819999281317
264,EEG Eye State,3,RandomFuzzyRules__max_rules__4,13482,1498,14,14,0.5827770360480641,0.3400211193241816,0.5773584327798917,0.6832583999785129,0.0007332999957725406
264,EEG Eye State,3,RandomFuzzyRules__max_rules__5,13482,1498,14,14,0.568090787716956,0.34046890927624873,0.5695162069064914,0.6946338000125252,0.0015328000008594245
264,EEG Eye State,3,RandomFuzzyRules__max_rules__6,13482,1498,14,14,0.5834445927903872,0.3389830508474576,0.576997218378877,0.7011318999866489,0.0006848000048194081
264,EEG Eye State,3,RandomFuzzyRules__max_rules__7,13482,1498,14,14,0.5834445927903872,0.28604118993135014,0.557286261962412,0.6499056999746244,0.0006897000130265951
264,EEG Eye State,4,RandomFuzzyRules__max_rules__2,13482,1498,14,14,0.5627503337783711,0.2964554242749731,0.5452418785310734,0.5366207999759354,0.0006794999935664237
264,EEG Eye State,4,RandomFuzzyRules__max_rules__3,13482,1498,14,14,0.5627503337783711,0.2964554242749731,0.5452418785310734,0.5720136000018101,0.0006620999774895608
264,EEG Eye State,4,RandomFuzzyRules__max_rules__4,13482,1498,14,14,0.5627503337783711,0.2888165038002172,0.5455697639225182,0.6195744999859016,0.0007188000017777085
264,EEG Eye State,4,RandomFuzzyRules__max_rules__5,13482,1498,14,14,0.5527369826435247,0.30785123966942146,0.5506024443675775,0.6160198999859858,0.0006601999921258539
264,EEG Eye State,4,RandomFuzzyRules__max_rules__6,13482,1498,14,14,0.562082777036048,0.28695652173913044,0.5455310302086936,0.6468247000011615,0.0008057000231929123
264,EEG Eye State,4,RandomFuzzyRules__max_rules__7,13482,1498,14,14,0.568090787716956,0.24150058616647127,0.523391560013836,0.6378743999812286,0.0007503999804612249
264,EEG Eye State,5,RandomFuzzyRules__max_rules__2,13482,1498,14,14,0.5774365821094793,0.33717277486910996,0.5678200305545947,0.5785434999852441,0.001285300008021295
264,EEG Eye State,5,RandomFuzzyRules__max_rules__3,13482,1498,14,14,0.5774365821094793,0.33717277486910996,0.5678200305545947,0.5854465000156779,0.0007556999917142093
264,EEG Eye State,5,RandomFuzzyRules__max_rules__4,13482,1498,14,14,0.5801068090787717,0.3343915343915344,0.5678632681886314,0.5915429000160657,0.0006914999976288527
264,EEG Eye State,5,RandomFuzzyRules__max_rules__5,13482,1498,14,14,0.5674232309746329,0.35070140280561124,0.5727635333794535,0.6244084999780171,0.0006354000070132315
264,EEG Eye State,5,RandomFuzzyRules__max_rules__6,13482,1498,14,14,0.5794392523364486,0.33403805496828753,0.5680091952035051,0.5942236999981105,0.0006681999948341399
264,EEG Eye State,5,RandomFuzzyRules__max_rules__7,13482,1498,14,14,0.5767690253671562,0.271264367816092,0.5424971895537876,0.6397626000107266,0.0006978000164963305
264,EEG Eye State,6,RandomFuzzyRules__max_rules__2,13482,1498,14,14,0.5781041388518025,0.30701754385964913,0.5356097947653639,0.5750983000034466,0.0014058999950066209
264,EEG Eye State,6,RandomFuzzyRules__max_rules__3,13482,1498,14,14,0.5781041388518025,0.30701754385964913,0.5356097947653639,0.636825299996417,0.0005010000022593886
264,EEG Eye State,6,RandomFuzzyRules__max_rules__4,13482,1498,14,14,0.5794392523364486,0.3,0.5357061786579038,0.757185099995695,0.0007176999934017658
264,EEG Eye State,6,RandomFuzzyRules__max_rules__5,13482,1498,14,14,0.5614152202937249,0.31347962382445144,0.5324417372881356,0.7474010000005364,0.0006504000048153102
264,EEG Eye State,6,RandomFuzzyRules__max_rules__6,13482,1498,14,14,0.5774365821094793,0.29431438127090304,0.5359160613397902,0.8278972000116482,0.0006604999944102019
264,EEG Eye State,6,RandomFuzzyRules__max_rules__7,13482,1498,14,14,0.5801068090787717,0.2538552787663108,0.5262668626772743,0.8262810000160243,0.0009529000089969486
264,EEG Eye State,7,RandomFuzzyRules__max_rules__2,13482,1498,14,14,0.5687583444592791,0.3228511530398323,0.5424710668165571,0.7241101000108756,0.0007329999934881926
264,EEG Eye State,7,RandomFuzzyRules__max_rules__3,13482,1498,14,14,0.5687583444592791,0.3228511530398323,0.5424710668165571,2.1911397999792825,0.0006591999845113605
264,EEG Eye State,7,RandomFuzzyRules__max_rules__4,13482,1498,14,14,0.568090787716956,0.31243358129649307,0.5427548137899227,0.9735086000000592,0.0006668000132776797
264,EEG Eye State,7,RandomFuzzyRules__max_rules__5,13482,1498,14,14,0.5660881174899867,0.336734693877551,0.5505736192782197,1.1099099999992177,0.0005942000134382397
264,EEG Eye State,7,RandomFuzzyRules__max_rules__6,13482,1498,14,14,0.5687583444592791,0.3127659574468085,0.5432196183558169,1.211647099989932,0.0006516999856103212
264,EEG Eye State,7,RandomFuzzyRules__max_rules__7,13482,1498,14,14,0.5654205607476636,0.2542955326460481,0.5215431511587686,1.3923637999978382,0.0009964000200852752
264,EEG Eye State,8,RandomFuzzyRules__max_rules__2,13482,1498,14,14,0.5594125500667557,0.046242774566473986,0.5989103516592373,1.1651453000085894,0.0006062999891582876
264,EEG Eye State,8,RandomFuzzyRules__max_rules__3,13482,1498,14,14,0.5594125500667557,0.046242774566473986,0.5989103516592373,1.1363005000166595,0.0006282000103965402
264,EEG Eye State,8,RandomFuzzyRules__max_rules__4,13482,1498,14,14,0.5594125500667557,0.046242774566473986,0.5989103516592373,1.2774033000168856,0.0006147999956738204
264,EEG Eye State,8,RandomFuzzyRules__max_rules__5,13482,1498,14,14,0.5594125500667557,0.046242774566473986,0.5989184564816066,0.772085300006438,0.0008208000217564404
264,EEG Eye State,8,RandomFuzzyRules__max_rules__6,13482,1498,14,14,0.5594125500667557,0.046242774566473986,0.5989103516592373,0.7068559000035748,0.0005976000102236867
264,EEG Eye State,8,RandomFuzzyRules__max_rules__7,13482,1498,14,14,0.5594125500667557,0.046242774566473986,0.5989103516592373,0.6982486000051722,0.0005674000130966306
264,EEG Eye State,9,RandomFuzzyRules__max_rules__2,13482,1498,14,14,0.5694259012016022,0.29508196721311475,0.5265387905803953,0.6648370000184514,0.0006679999933112413
264,EEG Eye State,9,RandomFuzzyRules__max_rules__3,13482,1498,14,14,0.5694259012016022,0.29508196721311475,0.5265387905803953,0.7281309000100009,0.0005778000049758703
264,EEG Eye State,9,RandomFuzzyRules__max_rules__4,13482,1498,14,14,0.5694259012016022,0.288864388092613,0.5262118960781665,0.7358364000101574,0.0006202000076882541
264,EEG Eye State,9,RandomFuzzyRules__max_rules__5,13482,1498,14,14,0.5647530040053405,0.3236514522821577,0.5479625377099374,0.6257135000196286,0.0006249000143725425
264,EEG Eye State,9,RandomFuzzyRules__max_rules__6,13482,1498,14,14,0.5674232309746329,0.2831858407079646,0.5272060876221352,0.6312272999784909,0.0006905999907758087
264,EEG Eye State,9,RandomFuzzyRules__max_rules__7,13482,1498,14,14,0.5634178905206942,0.22327790973871733,0.48709982439551536,0.7910770000016782,0.0007984999974723905
264,EEG Eye State,10,RandomFuzzyRules__max_rules__2,13482,1498,14,14,0.5607476635514018,0.30148619957537154,0.5371020757350624,0.548024899995653,0.0006701000093016773
264,EEG Eye State,10,RandomFuzzyRules__max_rules__3,13482,1498,14,14,0.5607476635514018,0.30148619957537154,0.5371020757350624,1.0257888000051025,0.0006362000131048262
264,EEG Eye State,10,RandomFuzzyRules__max_rules__4,13482,1498,14,14,0.5634178905206942,0.2982832618025751,0.5368472240983384,0.903649799991399,0.0007198000093922019
264,EEG Eye State,10,RandomFuzzyRules__max_rules__5,13482,1498,14,14,0.5580774365821095,0.3258655804480652,0.5407969741996488,0.5955111999937799,0.0007000999758020043
264,EEG Eye State,10,RandomFuzzyRules__max_rules__6,13482,1498,14,14,0.5627503337783711,0.2964554242749731,0.5373785402314377,0.6044573000108358,0.0006954999989829957
264,EEG Eye State,10,RandomFuzzyRules__max_rules__7,13482,1498,14,14,0.568090787716956,0.2689265536723164,0.5183069926606331,0.7312096999958158,0.0007403999916277826
267,Banknote Authentication,1,RandomFuzzyRules__max_rules__2,1234,138,4,4,0.8623188405797102,0.8613138686131386,0.90355546093251,0.09599359999992885,0.00038410001434385777
267,Banknote Authentication,1,RandomFuzzyRules__max_rules__3,1234,138,4,4,0.8840579710144928,0.8840579710144928,0.8878007238662976,0.10106439999071881,0.0004090000002179295
267,Banknote Authentication,1,RandomFuzzyRules__max_rules__4,1234,138,4,4,0.8695652173913043,0.8695652173913043,0.9235682350436449,0.1149536999873817,0.00039709999691694975
267,Banknote Authentication,1,RandomFuzzyRules__max_rules__5,1234,138,4,4,0.8695652173913043,0.8695652173913043,0.9114328294656164,0.14710280002327636,0.0004385999927762896
267,Banknote Authentication,1,RandomFuzzyRules__max_rules__6,1234,138,4,4,0.8623188405797102,0.8613138686131386,0.9058973813072174,0.12917559998459183,0.00033179999445565045
267,Banknote Authentication,1,RandomFuzzyRules__max_rules__7,1234,138,4,4,0.8695652173913043,0.8695652173913043,0.9235682350436449,0.15211609998368658,0.0006410999922081828
267,Banknote Authentication,2,RandomFuzzyRules__max_rules__2,1234,138,4,4,0.8695652173913043,0.8656716417910447,0.927400468384075,0.12538219999987632,0.00038399998447857797
267,Banknote Authentication,2,RandomFuzzyRules__max_rules__3,1234,138,4,4,0.8695652173913043,0.8676470588235294,0.9103683202043857,0.10488560001249425,0.0003003999881912023
267,Banknote Authentication,2,RandomFuzzyRules__max_rules__4,1234,138,4,4,0.8768115942028986,0.8740740740740741,0.9365552480306578,0.11479849999886937,0.00041909998981282115
267,Banknote Authentication,2,RandomFuzzyRules__max_rules__5,1234,138,4,4,0.8695652173913043,0.8656716417910447,0.9361294443261656,0.1381651999836322,0.0004317999992053956
267,Banknote Authentication,2,RandomFuzzyRules__max_rules__6,1234,138,4,4,0.8695652173913043,0.8656716417910447,0.929529486906536,0.15608050001901574,0.00031870001112110913
267,Banknote Authentication,2,RandomFuzzyRules__max_rules__7,1234,138,4,4,0.8768115942028986,0.8740740740740741,0.9365552480306578,0.150296999985585,0.00030380001408047974
267,Banknote Authentication,3,RandomFuzzyRules__max_rules__2,1235,137,4,4,0.8759124087591241,0.8740740740740741,0.9406816220880069,0.10171000001719221,0.0004763000179082155
267,Banknote Authentication,3,RandomFuzzyRules__max_rules__3,1235,137,4,4,0.8759124087591241,0.8740740740740741,0.9163071613459879,0.10990389998187311,0.00040469999657943845
267,Banknote Authentication,3,RandomFuzzyRules__max_rules__4,1235,137,4,4,0.8686131386861314,0.8676470588235294,0.9503882657463331,0.10981700001866557,0.00044040000648237765
267,Banknote Authentication,3,RandomFuzzyRules__max_rules__5,1235,137,4,4,0.8759124087591241,0.8740740740740741,0.9439171699741156,0.126242700003786,0.00040600000647827983
267,Banknote Authentication,3,RandomFuzzyRules__max_rules__6,1235,137,4,4,0.8759124087591241,0.8740740740740741,0.9426229508196722,0.13371689998893999,0.0004282999725546688
267,Banknote Authentication,3,RandomFuzzyRules__max_rules__7,1235,137,4,4,0.8686131386861314,0.8676470588235294,0.9503882657463331,0.13894649999565445,0.0004408999811857939
267,Banknote Authentication,4,RandomFuzzyRules__max_rules__2,1235,137,4,4,0.8467153284671532,0.8421052631578947,0.9150129421915444,0.1194000999967102,0.0003979999746661633
267,Banknote Authentication,4,RandomFuzzyRules__max_rules__3,1235,137,4,4,0.8686131386861314,0.8695652173913043,0.9005608283002589,0.10553600001730956,0.00040270001045428216
267,Banknote Authentication,4,RandomFuzzyRules__max_rules__4,1235,137,4,4,0.8540145985401459,0.8507462686567164,0.9281708369283865,0.10344769997755066,0.0003904000041075051
267,Banknote Authentication,4,RandomFuzzyRules__max_rules__5,1235,137,4,4,0.8540145985401459,0.8507462686567164,0.9296807592752373,0.1501822000136599,0.00043730001198127866
267,Banknote Authentication,4,RandomFuzzyRules__max_rules__6,1235,137,4,4,0.8467153284671532,0.8421052631578947,0.9150129421915444,0.13597800000570714,0.0004241999995429069
267,Banknote Authentication,4,RandomFuzzyRules__max_rules__7,1235,137,4,4,0.8540145985401459,0.8507462686567164,0.9281708369283865,0.15228519999072887,0.00037510000402107835
267,Banknote Authentication,5,RandomFuzzyRules__max_rules__2,1235,137,4,4,0.9051094890510949,0.9022556390977443,0.9475841242450388,0.12938479997683316,0.00043059999006800354
267,Banknote Authentication,5,RandomFuzzyRules__max_rules__3,1235,137,4,4,0.9124087591240876,0.9104477611940298,0.9255823986194995,0.14116470000590198,0.000454099994385615
267,Banknote Authentication,5,RandomFuzzyRules__max_rules__4,1235,137,4,4,0.9124087591240876,0.9104477611940298,0.9605263157894737,0.12804609999875538,0.000458099995739758
267,Banknote Authentication,5,RandomFuzzyRules__max_rules__5,1235,137,4,4,0.9124087591240876,0.9104477611940298,0.9559965487489215,0.1281304000003729,0.0004275999963283539
267,Banknote Authentication,5,RandomFuzzyRules__max_rules__6,1235,137,4,4,0.9051094890510949,0.9022556390977443,0.9510353753235548,0.15095200002542697,0.0004230999911669642
267,Banknote Authentication,5,RandomFuzzyRules__max_rules__7,1235,137,4,4,0.9124087591240876,0.9104477611940298,0.9605263157894737,0.16503790000570007,0.0004084999964106828
267,Banknote Authentication,6,RandomFuzzyRules__max_rules__2,1235,137,4,4,0.9051094890510949,0.9022556390977443,0.9445642795513374,0.127074599993648,0.000387699983548373
267,Banknote Authentication,6,RandomFuzzyRules__max_rules__3,1235,137,4,4,0.8978102189781022,0.8955223880597015,0.9283865401207938,0.13482809998095036,0.0004386999935377389
267,Banknote Authentication,6,RandomFuzzyRules__max_rules__4,1235,137,4,4,0.8978102189781022,0.8955223880597015,0.9549180327868853,0.12053449999075383,0.00041859998600557446
267,Banknote Authentication,6,RandomFuzzyRules__max_rules__5,1235,137,4,4,0.9051094890510949,0.9022556390977443,0.9484469370146679,0.13559600000735372,0.0002975000243168324
267,Banknote Authentication,6,RandomFuzzyRules__max_rules__6,1235,137,4,4,0.9051094890510949,0.9022556390977443,0.9460742018981881,0.1525678999896627,0.0004267999902367592
267,Banknote Authentication,6,RandomFuzzyRules__max_rules__7,1235,137,4,4,0.8978102189781022,0.8955223880597015,0.9549180327868853,0.17738390000886284,0.00044269999489188194
267,Banknote Authentication,7,RandomFuzzyRules__max_rules__2,1235,137,4,4,0.8759124087591241,0.8702290076335878,0.940681622088007,0.1056463000131771,0.0004225000157020986
267,Banknote Authentication,7,RandomFuzzyRules__max_rules__3,1235,137,4,4,0.9051094890510949,0.9022556390977443,0.9380931837791199,0.12623659998644143,0.0004022000066470355
267,Banknote Authentication,7,RandomFuzzyRules__max_rules__4,1235,137,4,4,0.8905109489051095,0.8888888888888888,0.9467213114754098,0.14493310000398196,0.00040679998346604407
267,Banknote Authentication,7,RandomFuzzyRules__max_rules__5,1235,137,4,4,0.8905109489051095,0.8872180451127819,0.951251078515962,0.13911499999812804,0.0004220000118948519
267,Banknote Authentication,7,RandomFuzzyRules__max_rules__6,1235,137,4,4,0.8759124087591241,0.8702290076335878,0.941544434857636,0.1425320999987889,0.00041629999759607017
267,Banknote Authentication,7,RandomFuzzyRules__max_rules__7,1235,137,4,4,0.8905109489051095,0.8888888888888888,0.9467213114754098,0.15731800001231022,0.0005240000027697533
267,Banknote Authentication,8,RandomFuzzyRules__max_rules__2,1235,137,4,4,0.8540145985401459,0.8571428571428571,0.9106988783433996,0.11571260000346228,0.00036959999124519527
267,Banknote Authentication,8,RandomFuzzyRules__max_rules__3,1235,137,4,4,0.8686131386861314,0.8714285714285714,0.8955996548748921,0.11597780001466163,0.00042210001265630126
267,Banknote Authentication,8,RandomFuzzyRules__max_rules__4,1235,137,4,4,0.8467153284671532,0.851063829787234,0.9279551337359793,0.13152259998605587,0.0004023000074084848
267,Banknote Authentication,8,RandomFuzzyRules__max_rules__5,1235,137,4,4,0.8540145985401459,0.8571428571428571,0.9229939603106125,0.1335003999993205,0.00041459998465143144
267,Banknote Authentication,8,RandomFuzzyRules__max_rules__6,1235,137,4,4,0.8540145985401459,0.8571428571428571,0.9117773943054357,0.15293569999630563,0.00041069998405873775
267,Banknote Authentication,8,RandomFuzzyRules__max_rules__7,1235,137,4,4,0.8467153284671532,0.851063829787234,0.9279551337359793,0.13536549999844283,0.00043620000360533595
267,Banknote Authentication,9,RandomFuzzyRules__max_rules__2,1235,137,4,4,0.9124087591240876,0.9047619047619048,0.9706643658326143,0.1145842999976594,0.0003643000090960413
267,Banknote Authentication,9,RandomFuzzyRules__max_rules__3,1235,137,4,4,0.9416058394160584,0.9384615384615385,0.9620362381363244,0.1298201000026893,0.0004259000124875456
267,Banknote Authentication,9,RandomFuzzyRules__max_rules__4,1235,137,4,4,0.9124087591240876,0.9047619047619048,0.9730371009490941,0.12571660001412965,0.0004160999960731715
267,Banknote Authentication,9,RandomFuzzyRules__max_rules__5,1235,137,4,4,0.927007299270073,0.921875,0.9741156169111302,0.1358604999841191,0.0004236999957356602
267,Banknote Authentication,9,RandomFuzzyRules__max_rules__6,1235,137,4,4,0.9124087591240876,0.9047619047619048,0.9708800690250214,0.1457014000043273,0.0004361000028438866
267,Banknote Authentication,9,RandomFuzzyRules__max_rules__7,1235,137,4,4,0.9124087591240876,0.9047619047619048,0.9730371009490941,0.1504752000037115,0.00042070000199601054
267,Banknote Authentication,10,RandomFuzzyRules__max_rules__2,1235,137,4,4,0.8540145985401459,0.855072463768116,0.9160914581535806,0.11922920000506565,0.0004146999854128808
267,Banknote Authentication,10,RandomFuzzyRules__max_rules__3,1235,137,4,4,0.8686131386861314,0.8695652173913043,0.9104831751509922,0.11635719999321736,0.0004050999996252358
267,Banknote Authentication,10,RandomFuzzyRules__max_rules__4,1235,137,4,4,0.8540145985401459,0.855072463768116,0.9314063848144953,0.1342745999863837,0.0004008999967481941
267,Banknote Authentication,10,RandomFuzzyRules__max_rules__5,1235,137,4,4,0.8540145985401459,0.855072463768116,0.9249352890422778,0.14315339998574927,0.0004160999960731715
267,Banknote Authentication,10,RandomFuzzyRules__max_rules__6,1235,137,4,4,0.8540145985401459,0.855072463768116,0.9216997411561692,0.14692299999296665,0.0004228999896440655
267,Banknote Authentication,10,RandomFuzzyRules__max_rules__7,1235,137,4,4,0.8540145985401459,0.855072463768116,0.9314063848144953,0.14950430000317283,0.0004202999989502132
277,Thoracic Surgery Data,1,RandomFuzzyRules__max_rules__2,423,47,16,36,0.851063829787234,0.0,0.5,0.040168299979995936,0.00031800000579096377
277,Thoracic Surgery Data,1,RandomFuzzyRules__max_rules__3,423,47,16,36,0.851063829787234,0.0,0.5,0.05359240001416765,0.0004167000006418675
277,Thoracic Surgery Data,1,RandomFuzzyRules__max_rules__4,423,47,16,36,0.851063829787234,0.0,0.5,0.05542800002149306,0.00044460000935941935
277,Thoracic Surgery Data,1,RandomFuzzyRules__max_rules__5,423,47,16,36,0.851063829787234,0.0,0.5,0.0630028999876231,0.0004110999871045351
277,Thoracic Surgery Data,1,RandomFuzzyRules__max_rules__6,423,47,16,36,0.851063829787234,0.0,0.5,0.05347300000721589,0.00042050000047311187
277,Thoracic Surgery Data,1,RandomFuzzyRules__max_rules__7,423,47,16,36,0.851063829787234,0.0,0.5,0.05810580000979826,0.0004118000215385109
277,Thoracic Surgery Data,2,RandomFuzzyRules__max_rules__2,423,47,16,37,0.8297872340425532,0.0,0.4875,0.04814610001631081,0.0003766000154428184
277,Thoracic Surgery Data,2,RandomFuzzyRules__max_rules__3,423,47,16,37,0.851063829787234,0.2222222222222222,0.5589285714285713,0.05336620000889525,0.0005398000066634268
277,Thoracic Surgery Data,2,RandomFuzzyRules__max_rules__4,423,47,16,37,0.851063829787234,0.2222222222222222,0.5589285714285713,0.057829400000628084,0.0003905000048689544
277,Thoracic Surgery Data,2,RandomFuzzyRules__max_rules__5,423,47,16,37,0.851063829787234,0.2222222222222222,0.5589285714285713,0.05647439998574555,0.0004292000085115433
277,Thoracic Surgery Data,2,RandomFuzzyRules__max_rules__6,423,47,16,37,0.851063829787234,0.0,0.3732142857142857,0.06488140000146814,0.00043680000817403197
277,Thoracic Surgery Data,2,RandomFuzzyRules__max_rules__7,423,47,16,37,0.851063829787234,0.2222222222222222,0.5589285714285713,0.05677940000896342,0.0003279999946244061
277,Thoracic Surgery Data,3,RandomFuzzyRules__max_rules__2,423,47,16,37,0.851063829787234,0.0,0.5,0.048065299983136356,0.00036959999124519527
277,Thoracic Surgery Data,3,RandomFuzzyRules__max_rules__3,423,47,16,37,0.851063829787234,0.0,0.5,0.049320499994792044,0.00039840000681579113
277,Thoracic Surgery Data,3,RandomFuzzyRules__max_rules__4,423,47,16,37,0.851063829787234,0.0,0.5,0.047966499987524,0.0003992000129073858
277,Thoracic Surgery Data,3,RandomFuzzyRules__max_rules__5,423,47,16,37,0.851063829787234,0.0,0.5,0.0663846000097692,0.0003969999961555004
277,Thoracic Surgery Data,3,RandomFuzzyRules__max_rules__6,423,47,16,37,0.851063829787234,0.0,0.5,0.07368130001123063,0.0004025000089313835
277,Thoracic Surgery Data,3,RandomFuzzyRules__max_rules__7,423,47,16,37,0.851063829787234,0.0,0.5,0.05771490000188351,0.0003732999903149903
277,Thoracic Surgery Data,4,RandomFuzzyRules__max_rules__2,423,47,16,37,0.8085106382978723,0.0,0.475,0.04449689999455586,0.0004014000005554408
277,Thoracic Surgery Data,4,RandomFuzzyRules__max_rules__3,423,47,16,37,0.8085106382978723,0.0,0.475,0.04943419998744503,0.0003958999877795577
277,Thoracic Surgery Data,4,RandomFuzzyRules__max_rules__4,423,47,16,37,0.8085106382978723,0.0,0.475,0.06430719999480061,0.00038889999268576503
277,Thoracic Surgery Data,4,RandomFuzzyRules__max_rules__5,423,47,16,37,0.8085106382978723,0.0,0.475,0.057688399974722415,0.00044380000326782465
277,Thoracic Surgery Data,4,RandomFuzzyRules__max_rules__6,423,47,16,37,0.8085106382978723,0.0,0.475,0.057956799981184304,0.00042719999328255653
277,Thoracic Surgery Data,4,RandomFuzzyRules__max_rules__7,423,47,16,37,0.8297872340425532,0.2,0.5464285714285714,0.06901320000179112,0.00040439999429509044
277,Thoracic Surgery Data,5,RandomFuzzyRules__max_rules__2,423,47,16,37,0.851063829787234,0.0,0.5,0.04263730000820942,0.00035790001857094467
277,Thoracic Surgery Data,5,RandomFuzzyRules__max_rules__3,423,47,16,37,0.851063829787234,0.0,0.5,0.055882499989820644,0.00041920001967810094
277,Thoracic Surgery Data,5,RandomFuzzyRules__max_rules__4,423,47,16,37,0.851063829787234,0.0,0.5,0.05358659999910742,0.00040040002204477787
277,Thoracic Surgery Data,5,RandomFuzzyRules__max_rules__5,423,47,16,37,0.851063829787234,0.0,0.5,0.053818599990336224,0.00039820000529289246
277,Thoracic Surgery Data,5,RandomFuzzyRules__max_rules__6,423,47,16,37,0.851063829787234,0.0,0.5,0.06151060000411235,0.00042139997822232544
277,Thoracic Surgery Data,5,RandomFuzzyRules__max_rules__7,423,47,16,37,0.851063829787234,0.0,0.5,0.05602859999635257,0.00039049997576512396
277,Thoracic Surgery Data,6,RandomFuzzyRules__max_rules__2,423,47,16,37,0.851063829787234,0.0,0.5,0.04760069999611005,0.00037020002491772175
277,Thoracic Surgery Data,6,RandomFuzzyRules__max_rules__3,423,47,16,37,0.851063829787234,0.0,0.5,0.06096380000235513,0.0003896999987773597
277,Thoracic Surgery Data,6,RandomFuzzyRules__max_rules__4,423,47,16,37,0.851063829787234,0.0,0.5714285714285714,0.04869480000343174,0.0003718000079970807
277,Thoracic Surgery Data,6,RandomFuzzyRules__max_rules__5,423,47,16,37,0.851063829787234,0.0,0.5,0.061029700009385124,0.00042230001417919993
277,Thoracic Surgery Data,6,RandomFuzzyRules__max_rules__6,423,47,16,37,0.851063829787234,0.0,0.5,0.06082709998008795,0.00033209999673999846
277,Thoracic Surgery Data,6,RandomFuzzyRules__max_rules__7,423,47,16,37,0.851063829787234,0.0,0.5,0.06335479998961091,0.00040439999429509044
277,Thoracic Surgery Data,7,RandomFuzzyRules__max_rules__2,423,47,16,37,0.8297872340425532,0.0,0.4875,0.051122099976055324,0.00031129998387768865
277,Thoracic Surgery Data,7,RandomFuzzyRules__max_rules__3,423,47,16,37,0.8297872340425532,0.0,0.4875,0.056976000021677464,0.00036550001823343337
277,Thoracic Surgery Data,7,RandomFuzzyRules__max_rules__4,423,47,16,37,0.8297872340425532,0.0,0.4875,0.05966909998096526,0.0004113999893888831
277,Thoracic Surgery Data,7,RandomFuzzyRules__max_rules__5,423,47,16,37,0.8297872340425532,0.0,0.4875,0.07273719998192973,0.00030339998193085194
277,Thoracic Surgery Data,7,RandomFuzzyRules__max_rules__6,423,47,16,37,0.8297872340425532,0.0,0.4875,0.07383970002410933,0.0004650999908335507
277,Thoracic Surgery Data,7,RandomFuzzyRules__max_rules__7,423,47,16,37,0.8297872340425532,0.0,0.4875,0.05880210001487285,0.00040019999141804874
277,Thoracic Surgery Data,8,RandomFuzzyRules__max_rules__2,423,47,16,37,0.8723404255319149,0.25,0.5714285714285714,0.041953999985707924,0.00036700000055134296
277,Thoracic Surgery Data,8,RandomFuzzyRules__max_rules__3,423,47,16,37,0.8723404255319149,0.25,0.5714285714285714,0.0581841999955941,0.0004078000201843679
277,Thoracic Surgery Data,8,RandomFuzzyRules__max_rules__4,423,47,16,37,0.851063829787234,0.0,0.5714285714285714,0.04756939999060705,0.00033650000113993883
277,Thoracic Surgery Data,8,RandomFuzzyRules__max_rules__5,423,47,16,37,0.851063829787234,0.0,0.5714285714285714,0.054990400007227436,0.00039149998337961733
277,Thoracic Surgery Data,8,RandomFuzzyRules__max_rules__6,423,47,16,37,0.851063829787234,0.0,0.5714285714285714,0.060061900003347546,0.000433700013672933
277,Thoracic Surgery Data,8,RandomFuzzyRules__max_rules__7,423,47,16,37,0.851063829787234,0.0,0.5,0.058531699993181974,0.00040530000114813447
277,Thoracic Surgery Data,9,RandomFuzzyRules__max_rules__2,423,47,16,37,0.8297872340425532,0.0,0.4875,0.04135339998174459,0.00036109998472966254
277,Thoracic Surgery Data,9,RandomFuzzyRules__max_rules__3,423,47,16,37,0.851063829787234,0.2222222222222222,0.5589285714285713,0.045357499999227,0.00038449998828582466
277,Thoracic Surgery Data,9,RandomFuzzyRules__max_rules__4,423,47,16,37,0.8297872340425532,0.0,0.4875,0.04719049998675473,0.00046850001672282815
277,Thoracic Surgery Data,9,RandomFuzzyRules__max_rules__5,423,47,16,37,0.8297872340425532,0.0,0.4875,0.05260930000804365,0.00043689997983165085
277,Thoracic Surgery Data,9,RandomFuzzyRules__max_rules__6,423,47,16,37,0.8297872340425532,0.0,0.4875,0.05428889999166131,0.00041459998465143144
277,Thoracic Surgery Data,9,RandomFuzzyRules__max_rules__7,423,47,16,37,0.851063829787234,0.2222222222222222,0.5589285714285713,0.06063419999554753,0.0004202999989502132
277,Thoracic Surgery Data,10,RandomFuzzyRules__max_rules__2,423,47,16,37,0.8297872340425532,0.0,0.4875,0.0442748999921605,0.0003682999813463539
277,Thoracic Surgery Data,10,RandomFuzzyRules__max_rules__3,423,47,16,37,0.8723404255319149,0.25,0.5714285714285714,0.05023630001232959,0.0003893999964930117
277,Thoracic Surgery Data,10,RandomFuzzyRules__max_rules__4,423,47,16,37,0.8297872340425532,0.0,0.5839285714285715,0.04538869997486472,0.0004284000024199486
277,Thoracic Surgery Data,10,RandomFuzzyRules__max_rules__5,423,47,16,37,0.8297872340425532,0.0,0.5839285714285715,0.05402809998486191,0.00042810000013560057
277,Thoracic Surgery Data,10,RandomFuzzyRules__max_rules__6,423,47,16,37,0.8297872340425532,0.0,0.5839285714285715,0.05505470000207424,0.00038979999953880906
277,Thoracic Surgery Data,10,RandomFuzzyRules__max_rules__7,423,47,16,37,0.8297872340425532,0.0,0.4875,0.05886550000286661,0.0004126999992877245
327,Phishing Websites,1,RandomFuzzyRules__max_rules__2,9949,1106,30,30,0.8851717902350814,0.9007036747458952,0.8995096739994699,0.43768960001762025,0.00074230000609532
327,Phishing Websites,1,RandomFuzzyRules__max_rules__3,9949,1106,30,30,0.8725135623869801,0.8885375494071146,0.870419758812616,0.49723849998554215,0.0007646999729331583
327,Phishing Websites,1,RandomFuzzyRules__max_rules__4,9949,1106,30,30,0.8815551537070524,0.8994627782041443,0.9035051683010866,0.5712180999980774,0.0007052999862935394
327,Phishing Websites,1,RandomFuzzyRules__max_rules__5,9949,1106,30,30,0.8851717902350814,0.9007036747458952,0.8995096739994699,0.5390403000055812,0.0007325999904423952
327,Phishing Websites,1,RandomFuzzyRules__max_rules__6,9949,1106,30,30,0.8815551537070524,0.8994627782041443,0.9035051683010866,0.6432054000033531,0.0006904000183567405
327,Phishing Websites,1,RandomFuzzyRules__max_rules__7,9949,1106,30,30,0.8842676311030742,0.9,0.8987278028094354,0.6781055000028573,0.0007847000088077039
327,Phishing Websites,2,RandomFuzzyRules__max_rules__2,9949,1106,30,30,0.8933092224231465,0.9063492063492063,0.9066392790882586,0.5041268999921158,0.0008134000236168504
327,Phishing Websites,2,RandomFuzzyRules__max_rules__3,9949,1106,30,30,0.8833634719710669,0.8967173738991193,0.8829578584680626,0.5556637000117917,0.000539699976798147
327,Phishing Websites,2,RandomFuzzyRules__max_rules__4,9949,1106,30,30,0.8933092224231465,0.9076682316118936,0.9149416909620991,0.6402255999855697,0.0007473999867215753
327,Phishing Websites,2,RandomFuzzyRules__max_rules__5,9949,1106,30,30,0.8933092224231465,0.9063492063492063,0.9066392790882586,0.5967971000063699,0.0007385000062640756
327,Phishing Websites,2,RandomFuzzyRules__max_rules__6,9949,1106,30,30,0.8933092224231465,0.9076682316118936,0.9149416909620991,0.5963995999773033,0.000753700005589053
327,Phishing Websites,2,RandomFuzzyRules__max_rules__7,9949,1106,30,30,0.8924050632911392,0.9056304520222046,0.9058607209117413,0.5863643999909982,0.0007959000067785382
327,Phishing Websites,3,RandomFuzzyRules__max_rules__2,9949,1106,30,30,0.9023508137432188,0.9146919431279621,0.9121024383779487,0.4623823000001721,0.0007358999864663929
327,Phishing Websites,3,RandomFuzzyRules__max_rules__3,9949,1106,30,30,0.8924050632911392,0.9051792828685259,0.8909422210442619,0.536059199977899,0.0007193000055849552
327,Phishing Websites,3,RandomFuzzyRules__max_rules__4,9949,1106,30,30,0.8905967450271248,0.9056897895557288,0.9146766498807316,0.5380790999915916,0.000756499997805804
327,Phishing Websites,3,RandomFuzzyRules__max_rules__5,9949,1106,30,30,0.9023508137432188,0.9146919431279621,0.9121024383779487,0.6458532999968156,0.0006174000154715031
327,Phishing Websites,3,RandomFuzzyRules__max_rules__6,9949,1106,30,30,0.8905967450271248,0.9056897895557288,0.9146766498807316,0.5861469999945257,0.0007094999891705811
327,Phishing Websites,3,RandomFuzzyRules__max_rules__7,9949,1106,30,30,0.9014466546112115,0.9139700078926598,0.9115259740259741,0.6903261999832466,0.0008086999878287315
327,Phishing Websites,4,RandomFuzzyRules__max_rules__2,9949,1106,30,30,0.9050632911392406,0.915526950925181,0.9151570368407104,0.4590447999944445,0.0009843999869190156
327,Phishing Websites,4,RandomFuzzyRules__max_rules__3,9949,1106,30,30,0.9005424954792043,0.9111470113085622,0.9003379273787437,0.5658503999875393,0.0007992000028025359
327,Phishing Websites,4,RandomFuzzyRules__max_rules__4,9949,1106,30,30,0.906871609403255,0.9181890389197777,0.9260866684336071,0.5483592999808025,0.0006470999796874821
327,Phishing Websites,4,RandomFuzzyRules__max_rules__5,9949,1106,30,30,0.9050632911392406,0.915526950925181,0.9151570368407104,0.6378165000060108,0.0007403999916277826
327,Phishing Websites,4,RandomFuzzyRules__max_rules__6,9949,1106,30,30,0.906871609403255,0.9181890389197777,0.9260866684336071,0.616407599998638,0.0006865999894216657
327,Phishing Websites,4,RandomFuzzyRules__max_rules__7,9949,1106,30,30,0.903254972875226,0.9140562248995984,0.9135469122714021,0.7491328000032809,0.0008065000001806766
327,Phishing Websites,5,RandomFuzzyRules__max_rules__2,9949,1106,30,30,0.891500904159132,0.9043062200956937,0.9029502385369733,0.6632048999890685,0.0006146000232547522
327,Phishing Websites,5,RandomFuzzyRules__max_rules__3,9949,1106,30,30,0.8833634719710669,0.8963855421686747,0.8836486217863769,0.6386788999952842,0.0007927999831736088
327,Phishing Websites,5,RandomFuzzyRules__max_rules__4,9949,1106,30,30,0.8851717902350814,0.9002356637863315,0.909438775510204,0.6091132999863476,0.0007125000120140612
327,Phishing Websites,5,RandomFuzzyRules__max_rules__5,9949,1106,30,30,0.891500904159132,0.9043062200956937,0.9029502385369733,0.6260568000143394,0.0005711000121664256
327,Phishing Websites,5,RandomFuzzyRules__max_rules__6,9949,1106,30,30,0.8851717902350814,0.9002356637863315,0.909438775510204,0.6987663999898359,0.0013992000021971762
327,Phishing Websites,5,RandomFuzzyRules__max_rules__7,9949,1106,30,30,0.8887884267631103,0.9021479713603818,0.9005300821627352,0.6779988000052981,0.0008581000147387385
327,Phishing Websites,6,RandomFuzzyRules__max_rules__2,9950,1105,30,30,0.8950226244343892,0.9092331768388107,0.9090924174547869,0.5683693000173662,0.0006886000046506524
327,Phishing Websites,6,RandomFuzzyRules__max_rules__3,9950,1105,30,30,0.881447963800905,0.8962787015043547,0.8764891322382612,0.5112620999861974,0.0007318999851122499
327,Phishing Websites,6,RandomFuzzyRules__max_rules__4,9950,1105,30,30,0.885972850678733,0.9024767801857585,0.9089148830263812,0.5325559000193607,0.0007530000002589077
327,Phishing Websites,6,RandomFuzzyRules__max_rules__5,9950,1105,30,30,0.8950226244343892,0.9092331768388107,0.9090924174547869,0.5730332999955863,0.0008607000054325908
327,Phishing Websites,6,RandomFuzzyRules__max_rules__6,9950,1105,30,30,0.885972850678733,0.9024767801857585,0.9089148830263812,0.6416076000023168,0.0007541000086348504
327,Phishing Websites,6,RandomFuzzyRules__max_rules__7,9950,1105,30,30,0.8941176470588236,0.90852228303362,0.9083208893313423,0.6211921999929473,0.0007328999927267432
327,Phishing Websites,7,RandomFuzzyRules__max_rules__2,9950,1105,30,30,0.9113122171945701,0.9210950080515298,0.9222415795586527,0.4870257999864407,0.000735200010240078
327,Phishing Websites,7,RandomFuzzyRules__max_rules__3,9950,1105,30,30,0.902262443438914,0.9123376623376623,0.9027957524473204,0.5637380999978632,0.0007353999826591462
327,Phishing Websites,7,RandomFuzzyRules__max_rules__4,9950,1105,30,30,0.9104072398190045,0.9218626677190213,0.9280869420939107,0.577358100010315,0.0007859999896027148
327,Phishing Websites,7,RandomFuzzyRules__max_rules__5,9950,1105,30,30,0.9113122171945701,0.9210950080515298,0.9222415795586527,0.5715420999913476,0.0006799999973736703
327,Phishing Websites,7,RandomFuzzyRules__max_rules__6,9950,1105,30,30,0.9104072398190045,0.9218626677190213,0.9280869420939107,0.6719090999977197,0.0006616000027861446
327,Phishing Websites,7,RandomFuzzyRules__max_rules__7,9950,1105,30,30,0.9076923076923077,0.9181380417335474,0.9191289198606273,0.6510705999971833,0.0007725000032223761
327,Phishing Websites,8,RandomFuzzyRules__max_rules__2,9950,1105,30,30,0.9031674208144796,0.9141940657578188,0.9139339638294341,0.4365566999767907,0.0007732000085525215
327,Phishing Websites,8,RandomFuzzyRules__max_rules__3,9950,1105,30,30,0.8914027149321267,0.9027552674230146,0.8923577235772358,0.5014428999857046,0.000746600009733811
327,Phishing Websites,8,RandomFuzzyRules__max_rules__4,9950,1105,30,30,0.890497737556561,0.9043478260869565,0.9109440849510536,0.5322836000123061,0.0007582000107504427
327,Phishing Websites,8,RandomFuzzyRules__max_rules__5,9950,1105,30,30,0.9031674208144796,0.9141940657578188,0.9139339638294341,0.5710686999955215,0.0007241000130306929
327,Phishing Websites,8,RandomFuzzyRules__max_rules__6,9950,1105,30,30,0.890497737556561,0.9043478260869565,0.9109440849510536,0.5619007999775931,0.0008623999892733991
327,Phishing Websites,8,RandomFuzzyRules__max_rules__7,9950,1105,30,30,0.9004524886877828,0.912,0.911539737846358,0.5911037999903783,0.0008634999976493418
327,Phishing Websites,9,RandomFuzzyRules__max_rules__2,9950,1105,30,30,0.8968325791855204,0.9096671949286846,0.9072285076886303,0.468633000011323,0.0007867999956943095
327,Phishing Websites,9,RandomFuzzyRules__max_rules__3,9950,1105,30,30,0.890497737556561,0.9035856573705179,0.8888783762250019,0.5268320000031963,0.0008067000017035753
327,Phishing Websites,9,RandomFuzzyRules__max_rules__4,9950,1105,30,30,0.8941176470588236,0.9088074824629774,0.9113483653360953,0.580632199998945,0.0006980000180192292
327,Phishing Websites,9,RandomFuzzyRules__max_rules__5,9950,1105,30,30,0.8968325791855204,0.9096671949286846,0.9072285076886303,0.6368158999830484,0.0009205999958794564
327,Phishing Websites,9,RandomFuzzyRules__max_rules__6,9950,1105,30,30,0.8941176470588236,0.9088074824629774,0.9113483653360953,0.5989548000216018,0.0005529999907594174
327,Phishing Websites,9,RandomFuzzyRules__max_rules__7,9950,1105,30,30,0.8959276018099548,0.9089469517022961,0.9065346718720951,0.7628803999978118,0.000763299991376698
327,Phishing Websites,10,RandomFuzzyRules__max_rules__2,9950,1105,30,30,0.897737556561086,0.9102462271644162,0.9092087615860621,0.4423712000134401,0.001983099995413795
327,Phishing Websites,10,RandomFuzzyRules__max_rules__3,9950,1105,30,30,0.8914027149321267,0.9041533546325878,0.8907457573101745,0.458009599999059,0.0007785999914631248
327,Phishing Websites,10,RandomFuzzyRules__max_rules__4,9950,1105,30,30,0.8823529411764706,0.8990683229813664,0.9068799298860649,0.41322539999964647,0.0007310999790206552
327,Phishing Websites,10,RandomFuzzyRules__max_rules__5,9950,1105,30,30,0.897737556561086,0.9102462271644162,0.9092087615860621,0.6294622999848798,0.0007312999805435538
327,Phishing Websites,10,RandomFuzzyRules__max_rules__6,9950,1105,30,30,0.8823529411764706,0.8990683229813664,0.9068799298860649,0.522692200000165,0.0007573000038973987
327,Phishing Websites,10,RandomFuzzyRules__max_rules__7,9950,1105,30,30,0.8968325791855204,0.9095238095238095,0.9084103524287573,0.45940669998526573,0.0008178999996744096
329,Diabetic Retinopathy Debrecen,1,RandomFuzzyRules__max_rules__2,1035,116,18,21,0.603448275862069,0.640625,0.6030465949820788,0.07411010001669638,0.00028860001475550234
329,Diabetic Retinopathy Debrecen,1,RandomFuzzyRules__max_rules__3,1035,116,18,21,0.6120689655172413,0.6666666666666666,0.6429211469534051,0.057636700017610565,0.0003941000031773001
329,Diabetic Retinopathy Debrecen,1,RandomFuzzyRules__max_rules__4,1035,116,18,21,0.6120689655172413,0.6666666666666666,0.6429211469534051,0.0713947000040207,0.0004214000073261559
329,Diabetic Retinopathy Debrecen,1,RandomFuzzyRules__max_rules__5,1035,116,18,21,0.5517241379310345,0.6,0.5978195937873357,0.0737029000010807,0.0004064000095240772
329,Diabetic Retinopathy Debrecen,1,RandomFuzzyRules__max_rules__6,1035,116,18,21,0.5517241379310345,0.6,0.5978195937873357,0.07063080000807531,0.0004248000041116029
329,Diabetic Retinopathy Debrecen,1,RandomFuzzyRules__max_rules__7,1035,116,18,21,0.5862068965517241,0.6129032258064516,0.6264934289127838,0.07293619998381473,0.0004017000028397888
329,Diabetic Retinopathy Debrecen,2,RandomFuzzyRules__max_rules__2,1036,115,18,21,0.7043478260869566,0.7301587301587301,0.7965998785670916,0.060037000017473474,0.00042860000394284725
329,Diabetic Retinopathy Debrecen,2,RandomFuzzyRules__max_rules__3,1036,115,18,21,0.7130434782608696,0.7441860465116279,0.7972070431086824,0.060548600013135,0.0004146000137552619
329,Diabetic Retinopathy Debrecen,2,RandomFuzzyRules__max_rules__4,1036,115,18,21,0.6260869565217392,0.6766917293233082,0.7029447480267151,0.06613330001709983,0.0004005999944638461
329,Diabetic Retinopathy Debrecen,2,RandomFuzzyRules__max_rules__5,1036,115,18,21,0.6695652173913044,0.6984126984126984,0.7088646023072253,0.06928399999742396,0.00046529999235644937
329,Diabetic Retinopathy Debrecen,2,RandomFuzzyRules__max_rules__6,1036,115,18,21,0.6521739130434783,0.6875,0.7100789313904068,0.07725409997510724,0.00042810000013560057
329,Diabetic Retinopathy Debrecen,2,RandomFuzzyRules__max_rules__7,1036,115,18,21,0.6260869565217392,0.6861313868613139,0.7122040072859745,0.07418170000892133,0.00036780000664293766
329,Diabetic Retinopathy Debrecen,3,RandomFuzzyRules__max_rules__2,1036,115,18,21,0.6608695652173913,0.706766917293233,0.6882210078931391,0.05538579999119975,0.0003615999885369092
329,Diabetic Retinopathy Debrecen,3,RandomFuzzyRules__max_rules__3,1036,115,18,21,0.6347826086956522,0.6956521739130435,0.6821493624772313,0.05843899998581037,0.00040520000038668513
329,Diabetic Retinopathy Debrecen,3,RandomFuzzyRules__max_rules__4,1036,115,18,21,0.6608695652173913,0.7111111111111111,0.6701578627808136,0.05990580000798218,0.0003966999938711524
329,Diabetic Retinopathy Debrecen,3,RandomFuzzyRules__max_rules__5,1036,115,18,21,0.6086956521739131,0.6715328467153284,0.6621129326047359,0.10064749998855405,0.00043769998592324555
329,Diabetic Retinopathy Debrecen,3,RandomFuzzyRules__max_rules__6,1036,115,18,21,0.6869565217391305,0.7272727272727273,0.6967213114754098,0.07843240001238883,0.00043149999692104757
329,Diabetic Retinopathy Debrecen,3,RandomFuzzyRules__max_rules__7,1036,115,18,21,0.6608695652173913,0.7310344827586207,0.7055251973284761,0.07599670000490732,0.0004262000147718936
329,Diabetic Retinopathy Debrecen,4,RandomFuzzyRules__max_rules__2,1036,115,18,21,0.6347826086956522,0.6818181818181818,0.6414693381906496,0.05355420001433231,0.00035390001721680164
329,Diabetic Retinopathy Debrecen,4,RandomFuzzyRules__max_rules__3,1036,115,18,21,0.6434782608695652,0.6917293233082706,0.6636308439587129,0.05909240001346916,0.0003924999909941107
329,Diabetic Retinopathy Debrecen,4,RandomFuzzyRules__max_rules__4,1036,115,18,21,0.6347826086956522,0.6666666666666666,0.6540680024286581,0.06453199998941272,0.0004386999935377389
329,Diabetic Retinopathy Debrecen,4,RandomFuzzyRules__max_rules__5,1036,115,18,21,0.591304347826087,0.6299212598425197,0.6092896174863388,0.07160759999533184,0.0004304999893065542
329,Diabetic Retinopathy Debrecen,4,RandomFuzzyRules__max_rules__6,1036,115,18,21,0.591304347826087,0.6299212598425197,0.6092896174863388,0.08102780001354404,0.00041939999209716916
329,Diabetic Retinopathy Debrecen,4,RandomFuzzyRules__max_rules__7,1036,115,18,21,0.6347826086956522,0.6440677966101694,0.6558894960534305,0.07641440001316369,0.00042119997669942677
329,Diabetic Retinopathy Debrecen,5,RandomFuzzyRules__max_rules__2,1036,115,18,21,0.6173913043478261,0.65625,0.6695506982392228,0.05561070001567714,0.0003693999897222966
329,Diabetic Retinopathy Debrecen,5,RandomFuzzyRules__max_rules__3,1036,115,18,21,0.6173913043478261,0.6666666666666666,0.6750151791135397,0.05960589999449439,0.0003850999928545207
329,Diabetic Retinopathy Debrecen,5,RandomFuzzyRules__max_rules__4,1036,115,18,21,0.6086956521739131,0.6666666666666666,0.6370673952641165,0.06227819999912754,0.00039140001172199845
329,Diabetic Retinopathy Debrecen,5,RandomFuzzyRules__max_rules__5,1036,115,18,21,0.6260869565217392,0.656,0.648755312689739,0.06885540002258494,0.00043250000453554094
329,Diabetic Retinopathy Debrecen,5,RandomFuzzyRules__max_rules__6,1036,115,18,21,0.6086956521739131,0.6564885496183206,0.6514875531268973,0.07240820000879467,0.0004311000229790807
329,Diabetic Retinopathy Debrecen,5,RandomFuzzyRules__max_rules__7,1036,115,18,21,0.6,0.6617647058823529,0.6608986035215543,0.08136159999412484,0.00043479999294504523
329,Diabetic Retinopathy Debrecen,6,RandomFuzzyRules__max_rules__2,1036,115,18,21,0.5826086956521739,0.6129032258064516,0.6023072252580449,0.060229499998968095,0.00041089998558163643
329,Diabetic Retinopathy Debrecen,6,RandomFuzzyRules__max_rules__3,1036,115,18,21,0.5739130434782609,0.6141732283464567,0.6077717061323619,0.059531600010814145,0.00036619999445974827
329,Diabetic Retinopathy Debrecen,6,RandomFuzzyRules__max_rules__4,1036,115,18,21,0.5304347826086957,0.5909090909090909,0.5760473588342441,0.0657266000052914,0.0004028999828733504
329,Diabetic Retinopathy Debrecen,6,RandomFuzzyRules__max_rules__5,1036,115,18,21,0.48695652173913045,0.562962962962963,0.5470552519732848,0.07123509998200461,0.0004110999871045351
329,Diabetic Retinopathy Debrecen,6,RandomFuzzyRules__max_rules__6,1036,115,18,21,0.5391304347826087,0.576,0.5768063145112325,0.07012240000767633,0.0004172000044491142
329,Diabetic Retinopathy Debrecen,6,RandomFuzzyRules__max_rules__7,1036,115,18,21,0.5391304347826087,0.6074074074074074,0.5944140862173649,0.08340939998743124,0.0004199999966658652
329,Diabetic Retinopathy Debrecen,7,RandomFuzzyRules__max_rules__2,1036,115,18,21,0.5565217391304348,0.5984251968503937,0.6098967820279296,0.06135059997905046,0.0004118999931961298
329,Diabetic Retinopathy Debrecen,7,RandomFuzzyRules__max_rules__3,1036,115,18,21,0.5826086956521739,0.6363636363636364,0.6423800850030358,0.07837440000730567,0.0003842000151053071
329,Diabetic Retinopathy Debrecen,7,RandomFuzzyRules__max_rules__4,1036,115,18,21,0.5478260869565217,0.59375,0.5218579234972677,0.06441089999862015,0.0003127999952994287
329,Diabetic Retinopathy Debrecen,7,RandomFuzzyRules__max_rules__5,1036,115,18,21,0.5391304347826087,0.5826771653543307,0.5166970248937462,0.08466949997819029,0.00043899999582208693
329,Diabetic Retinopathy Debrecen,7,RandomFuzzyRules__max_rules__6,1036,115,18,21,0.5391304347826087,0.5826771653543307,0.5166970248937462,0.06875760000548325,0.00046850001672282815
329,Diabetic Retinopathy Debrecen,7,RandomFuzzyRules__max_rules__7,1036,115,18,21,0.5652173913043478,0.6031746031746031,0.5950212507589557,0.09031090000644326,0.0003677999775391072
329,Diabetic Retinopathy Debrecen,8,RandomFuzzyRules__max_rules__2,1036,115,18,21,0.5826086956521739,0.6363636363636364,0.6197632058287796,0.0607187999994494,0.0003691999881993979
329,Diabetic Retinopathy Debrecen,8,RandomFuzzyRules__max_rules__3,1036,115,18,21,0.6,0.6567164179104478,0.6316029143897995,0.062246099987532943,0.00031999999191612005
329,Diabetic Retinopathy Debrecen,8,RandomFuzzyRules__max_rules__4,1036,115,18,21,0.5826086956521739,0.6417910447761194,0.618093503339405,0.06513210001867265,0.0004233999934513122
329,Diabetic Retinopathy Debrecen,8,RandomFuzzyRules__max_rules__5,1036,115,18,21,0.591304347826087,0.6356589147286822,0.6089860352155434,0.07840519997989759,0.0004684999876189977
329,Diabetic Retinopathy Debrecen,8,RandomFuzzyRules__max_rules__6,1036,115,18,21,0.6086956521739131,0.6564885496183206,0.6253794778384942,0.10110900001018308,0.00035700001171790063
329,Diabetic Retinopathy Debrecen,8,RandomFuzzyRules__max_rules__7,1036,115,18,21,0.6086956521739131,0.6564885496183206,0.635853066180935,0.07038619997911155,0.0004056000034324825
329,Diabetic Retinopathy Debrecen,9,RandomFuzzyRules__max_rules__2,1036,115,18,21,0.6086956521739131,0.6511627906976745,0.629933211900425,0.06958839998696931,0.00042940001003444195
329,Diabetic Retinopathy Debrecen,9,RandomFuzzyRules__max_rules__3,1036,115,18,21,0.6086956521739131,0.6511627906976745,0.6112629022465087,0.06014299998059869,0.0003195000172127038
329,Diabetic Retinopathy Debrecen,9,RandomFuzzyRules__max_rules__4,1036,115,18,21,0.5304347826086957,0.5846153846153846,0.5491803278688524,0.06717649998608977,0.0004369000089354813
329,Diabetic Retinopathy Debrecen,9,RandomFuzzyRules__max_rules__5,1036,115,18,21,0.591304347826087,0.6356589147286822,0.5935033394049788,0.06586580001749098,0.0003285999991931021
329,Diabetic Retinopathy Debrecen,9,RandomFuzzyRules__max_rules__6,1036,115,18,21,0.5565217391304348,0.6046511627906976,0.5487249544626593,0.08638100000098348,0.00032629998167976737
329,Diabetic Retinopathy Debrecen,9,RandomFuzzyRules__max_rules__7,1036,115,18,21,0.5478260869565217,0.59375,0.5995749848208864,0.07549970000400208,0.0004278999986127019
329,Diabetic Retinopathy Debrecen,10,RandomFuzzyRules__max_rules__2,1036,115,18,21,0.591304347826087,0.6412213740458015,0.6508803885853066,0.05089159999624826,0.00039679999463260174
329,Diabetic Retinopathy Debrecen,10,RandomFuzzyRules__max_rules__3,1036,115,18,21,0.591304347826087,0.6466165413533834,0.6584699453551912,0.058598300005542114,0.00039579998701810837
329,Diabetic Retinopathy Debrecen,10,RandomFuzzyRules__max_rules__4,1036,115,18,21,0.5478260869565217,0.5666666666666667,0.6414693381906497,0.08139050001045689,0.0004290000069886446
329,Diabetic Retinopathy Debrecen,10,RandomFuzzyRules__max_rules__5,1036,115,18,21,0.5652173913043478,0.6212121212121212,0.5761991499696418,0.08007220001309179,0.000434600020525977
329,Diabetic Retinopathy Debrecen,10,RandomFuzzyRules__max_rules__6,1036,115,18,21,0.5478260869565217,0.6,0.616575591985428,0.07135640000342391,0.0004167000006418675
329,Diabetic Retinopathy Debrecen,10,RandomFuzzyRules__max_rules__7,1036,115,18,21,0.6,0.6617647058823529,0.611111111111111,0.07381739999982528,0.00040970000554807484
451,Breast Cancer Coimbra,1,RandomFuzzyRules__max_rules__2,104,12,9,9,0.5833333333333334,0.7058823529411765,0.6944444444444444,0.03455670000403188,0.00034619998768903315
451,Breast Cancer Coimbra,1,RandomFuzzyRules__max_rules__3,104,12,9,9,0.5833333333333334,0.6666666666666666,0.45833333333333337,0.039947700017364696,0.0003060999733861536
451,Breast Cancer Coimbra,1,RandomFuzzyRules__max_rules__4,104,12,9,9,0.5833333333333334,0.7058823529411765,0.38888888888888884,0.03233729998464696,0.00034229998709633946
451,Breast Cancer Coimbra,1,RandomFuzzyRules__max_rules__5,104,12,9,9,0.5833333333333334,0.6666666666666666,0.6111111111111112,0.043760000000474975,0.00030610000248998404
451,Breast Cancer Coimbra,1,RandomFuzzyRules__max_rules__6,104,12,9,9,0.5833333333333334,0.6666666666666666,0.7222222222222223,0.05797629998414777,0.0003446000046096742
451,Breast Cancer Coimbra,1,RandomFuzzyRules__max_rules__7,104,12,9,9,0.5833333333333334,0.6666666666666666,0.6111111111111112,0.05376740000792779,0.0003921000170521438
451,Breast Cancer Coimbra,2,RandomFuzzyRules__max_rules__2,104,12,9,9,0.8333333333333334,0.8571428571428571,0.8055555555555556,0.033414100005757064,0.000288200011709705
451,Breast Cancer Coimbra,2,RandomFuzzyRules__max_rules__3,104,12,9,9,0.8333333333333334,0.8571428571428571,0.8055555555555556,0.035719400009838864,0.0003100999747402966
451,Breast Cancer Coimbra,2,RandomFuzzyRules__max_rules__4,104,12,9,9,0.8333333333333334,0.8571428571428571,0.8055555555555556,0.0363906999991741,0.0003301000106148422
451,Breast Cancer Coimbra,2,RandomFuzzyRules__max_rules__5,104,12,9,9,0.8333333333333334,0.8571428571428571,0.8055555555555556,0.04478620001464151,0.00035859999479725957
451,Breast Cancer Coimbra,2,RandomFuzzyRules__max_rules__6,104,12,9,9,0.8333333333333334,0.8571428571428571,0.8055555555555556,0.04452409999794327,0.00036890001501888037
451,Breast Cancer Coimbra,2,RandomFuzzyRules__max_rules__7,104,12,9,9,0.6666666666666666,0.6666666666666666,0.7222222222222223,0.04866209998726845,0.00036539998836815357
451,Breast Cancer Coimbra,3,RandomFuzzyRules__max_rules__2,104,12,9,9,0.75,0.7692307692307693,0.7714285714285715,0.0335579999955371,0.00033989999792538583
451,Breast Cancer Coimbra,3,RandomFuzzyRules__max_rules__3,104,12,9,9,0.6666666666666666,0.6666666666666666,0.6857142857142858,0.0380077000008896,0.0003634000022429973
451,Breast Cancer Coimbra,3,RandomFuzzyRules__max_rules__4,104,12,9,9,0.6666666666666666,0.6666666666666666,0.6,0.0383051999961026,0.0003093999985139817
451,Breast Cancer Coimbra,3,RandomFuzzyRules__max_rules__5,104,12,9,9,0.6666666666666666,0.6666666666666666,0.6,0.041629399987868965,0.0003505999920889735
451,Breast Cancer Coimbra,3,RandomFuzzyRules__max_rules__6,104,12,9,9,0.75,0.7692307692307693,0.7142857142857143,0.04731319998973049,0.00036720000207424164
451,Breast Cancer Coimbra,3,RandomFuzzyRules__max_rules__7,104,12,9,9,0.75,0.7692307692307693,0.6285714285714287,0.046640099986689165,0.0003691999881993979
451,Breast Cancer Coimbra,4,RandomFuzzyRules__max_rules__2,104,12,9,9,0.8333333333333334,0.875,0.9142857142857144,0.037209699978120625,0.0003296000068075955
451,Breast Cancer Coimbra,4,RandomFuzzyRules__max_rules__3,104,12,9,9,0.75,0.8235294117647058,0.8857142857142857,0.039783200016245246,0.00035170000046491623
451,Breast Cancer Coimbra,4,RandomFuzzyRules__max_rules__4,104,12,9,9,0.75,0.8235294117647058,0.8857142857142857,0.03898300000582822,0.0003422000154387206
451,Breast Cancer Coimbra,4,RandomFuzzyRules__max_rules__5,104,12,9,9,0.6666666666666666,0.7777777777777778,0.6571428571428571,0.04250229999888688,0.00034500000765547156
451,Breast Cancer Coimbra,4,RandomFuzzyRules__max_rules__6,104,12,9,9,0.9166666666666666,0.9333333333333333,0.9714285714285715,0.046121600025799125,0.0003730999887920916
451,Breast Cancer Coimbra,4,RandomFuzzyRules__max_rules__7,104,12,9,9,0.75,0.8235294117647058,0.8857142857142857,0.058584899990819395,0.0003789000038523227
451,Breast Cancer Coimbra,5,RandomFuzzyRules__max_rules__2,104,12,9,9,0.6666666666666666,0.75,0.6,0.032818100007716566,0.00030460002017207444
451,Breast Cancer Coimbra,5,RandomFuzzyRules__max_rules__3,104,12,9,9,0.6666666666666666,0.75,0.6571428571428571,0.035333900013938546,0.0003740000247489661
451,Breast Cancer Coimbra,5,RandomFuzzyRules__max_rules__4,104,12,9,9,0.5833333333333334,0.6153846153846154,0.5428571428571428,0.03764920000685379,0.0003519000019878149
451,Breast Cancer Coimbra,5,RandomFuzzyRules__max_rules__5,104,12,9,9,0.5833333333333334,0.6153846153846154,0.5428571428571428,0.04456940002273768,0.00034080000477842987
451,Breast Cancer Coimbra,5,RandomFuzzyRules__max_rules__6,104,12,9,9,0.5833333333333334,0.6666666666666666,0.6285714285714286,0.04322900000261143,0.0003895000263582915
451,Breast Cancer Coimbra,5,RandomFuzzyRules__max_rules__7,104,12,9,9,0.75,0.8235294117647058,0.8285714285714285,0.0477258000173606,0.0003556000010576099
451,Breast Cancer Coimbra,6,RandomFuzzyRules__max_rules__2,104,12,9,9,0.6666666666666666,0.7777777777777778,0.42857142857142855,0.030318600009195507,0.0005846999993082136
451,Breast Cancer Coimbra,6,RandomFuzzyRules__max_rules__3,104,12,9,9,0.3333333333333333,0.3333333333333333,0.3285714285714285,0.03506480000214651,0.00034479997702874243
451,Breast Cancer Coimbra,6,RandomFuzzyRules__max_rules__4,104,12,9,9,0.5,0.625,0.39999999999999997,0.0397458000225015,0.0003510999958962202
451,Breast Cancer Coimbra,6,RandomFuzzyRules__max_rules__5,104,12,9,9,0.5,0.625,0.39999999999999997,0.040980399993713945,0.0003276999923400581
451,Breast Cancer Coimbra,6,RandomFuzzyRules__max_rules__6,104,12,9,9,0.5,0.625,0.39999999999999997,0.05141460002050735,0.0003794000076595694
451,Breast Cancer Coimbra,6,RandomFuzzyRules__max_rules__7,104,12,9,9,0.6666666666666666,0.7777777777777778,0.7428571428571429,0.047816600010264665,0.0003711000026669353
451,Breast Cancer Coimbra,7,RandomFuzzyRules__max_rules__2,105,11,9,9,0.7272727272727273,0.7692307692307693,0.7333333333333333,0.03271649999078363,0.0003093999985139817
451,Breast Cancer Coimbra,7,RandomFuzzyRules__max_rules__3,105,11,9,9,0.7272727272727273,0.7272727272727273,0.8333333333333333,0.03801220000605099,0.0003622000222094357
451,Breast Cancer Coimbra,7,RandomFuzzyRules__max_rules__4,105,11,9,9,0.8181818181818182,0.8571428571428571,0.9333333333333333,0.039061799994669855,0.0003315000212751329
451,Breast Cancer Coimbra,7,RandomFuzzyRules__max_rules__5,105,11,9,9,0.6363636363636364,0.6666666666666666,0.7000000000000001,0.04404219999560155,0.00037850000080652535
451,Breast Cancer Coimbra,7,RandomFuzzyRules__max_rules__6,105,11,9,9,1.0,1.0,1.0,0.044919799984199926,0.00037239998346194625
451,Breast Cancer Coimbra,7,RandomFuzzyRules__max_rules__7,105,11,9,9,0.7272727272727273,0.7692307692307693,0.9,0.04943630000343546,0.0003671000013127923
451,Breast Cancer Coimbra,8,RandomFuzzyRules__max_rules__2,105,11,9,9,0.7272727272727273,0.7692307692307693,0.6666666666666666,0.03429189999587834,0.00030670000705868006
451,Breast Cancer Coimbra,8,RandomFuzzyRules__max_rules__3,105,11,9,9,0.7272727272727273,0.7692307692307693,0.6666666666666666,0.04270330001600087,0.00034249998861923814
451,Breast Cancer Coimbra,8,RandomFuzzyRules__max_rules__4,105,11,9,9,0.7272727272727273,0.7272727272727273,0.7666666666666667,0.03815330000361428,0.00032229998032562435
451,Breast Cancer Coimbra,8,RandomFuzzyRules__max_rules__5,105,11,9,9,0.6363636363636364,0.6666666666666666,0.8333333333333333,0.044219300005352125,0.0003313000197522342
451,Breast Cancer Coimbra,8,RandomFuzzyRules__max_rules__6,105,11,9,9,0.9090909090909091,0.9230769230769231,0.8333333333333334,0.04889599999296479,0.00037039999733678997
451,Breast Cancer Coimbra,8,RandomFuzzyRules__max_rules__7,105,11,9,9,0.6363636363636364,0.7142857142857143,0.7333333333333333,0.046949599985964596,0.0003525000065565109
451,Breast Cancer Coimbra,9,RandomFuzzyRules__max_rules__2,105,11,9,9,0.5454545454545454,0.6153846153846154,0.6666666666666666,0.0312553999829106,0.00030499999411404133
451,Breast Cancer Coimbra,9,RandomFuzzyRules__max_rules__3,105,11,9,9,0.5454545454545454,0.6153846153846154,0.6666666666666666,0.03583390000858344,0.0003486999776214361
451,Breast Cancer Coimbra,9,RandomFuzzyRules__max_rules__4,105,11,9,9,0.5454545454545454,0.6153846153846154,0.6666666666666666,0.03872640000190586,0.0003496999852359295
451,Breast Cancer Coimbra,9,RandomFuzzyRules__max_rules__5,105,11,9,9,0.5454545454545454,0.6153846153846154,0.6666666666666666,0.04243960001622327,0.00036589999217540026
451,Breast Cancer Coimbra,9,RandomFuzzyRules__max_rules__6,105,11,9,9,0.8181818181818182,0.8333333333333334,0.9333333333333333,0.06122299999697134,0.00037399999564513564
451,Breast Cancer Coimbra,9,RandomFuzzyRules__max_rules__7,105,11,9,9,0.7272727272727273,0.8,0.8333333333333334,0.04799050002475269,0.0003220000071451068
451,Breast Cancer Coimbra,10,RandomFuzzyRules__max_rules__2,105,11,9,9,0.5454545454545454,0.7058823529411765,0.8333333333333333,0.033556200010934845,0.0002924000145867467
451,Breast Cancer Coimbra,10,RandomFuzzyRules__max_rules__3,105,11,9,9,0.5454545454545454,0.7058823529411765,0.8333333333333333,0.036304399982327595,0.00034500000765547156
451,Breast Cancer Coimbra,10,RandomFuzzyRules__max_rules__4,105,11,9,9,0.7272727272727273,0.8,0.7666666666666666,0.03912359999958426,0.0003630999999586493
451,Breast Cancer Coimbra,10,RandomFuzzyRules__max_rules__5,105,11,9,9,0.7272727272727273,0.7272727272727273,0.7666666666666666,0.04243750000023283,0.00035719998413696885
451,Breast Cancer Coimbra,10,RandomFuzzyRules__max_rules__6,105,11,9,9,0.8181818181818182,0.8571428571428571,0.8666666666666667,0.04447520000394434,0.00035990000469610095
451,Breast Cancer Coimbra,10,RandomFuzzyRules__max_rules__7,105,11,9,9,0.8181818181818182,0.8571428571428571,0.9,0.050375299993902445,0.00038919999497011304
519,Heart Failure Clinical Records,1,RandomFuzzyRules__max_rules__2,269,30,12,17,0.8666666666666667,0.7777777777777778,0.8975,0.03728489999775775,0.00035829999251291156
519,Heart Failure Clinical Records,1,RandomFuzzyRules__max_rules__3,269,30,12,17,0.8666666666666667,0.8,0.8150000000000001,0.037080800015246496,0.0003370000049471855
519,Heart Failure Clinical Records,1,RandomFuzzyRules__max_rules__4,269,30,12,17,0.8333333333333334,0.7058823529411765,0.9125,0.04066460000467487,0.00032679998548701406
519,Heart Failure Clinical Records,1,RandomFuzzyRules__max_rules__5,269,30,12,17,0.8666666666666667,0.8,0.8150000000000001,0.05401150000398047,0.00039300002390518785
519,Heart Failure Clinical Records,1,RandomFuzzyRules__max_rules__6,269,30,12,17,0.8333333333333334,0.7058823529411765,0.8900000000000001,0.0457800000149291,0.00034660001983866096
519,Heart Failure Clinical Records,1,RandomFuzzyRules__max_rules__7,269,30,12,17,0.8333333333333334,0.7058823529411765,0.8900000000000001,0.05536729999585077,0.00037239998346194625
519,Heart Failure Clinical Records,2,RandomFuzzyRules__max_rules__2,269,30,12,17,0.9,0.8571428571428571,0.985,0.03598229997442104,0.0003383999865036458
519,Heart Failure Clinical Records,2,RandomFuzzyRules__max_rules__3,269,30,12,17,0.9666666666666667,0.9473684210526315,0.9299999999999999,0.04222000000299886,0.00034669999149627984
519,Heart Failure Clinical Records,2,RandomFuzzyRules__max_rules__4,269,30,12,17,0.9333333333333333,0.8888888888888888,0.9800000000000001,0.041870799992466345,0.00034420000156387687
519,Heart Failure Clinical Records,2,RandomFuzzyRules__max_rules__5,269,30,12,17,0.9666666666666667,0.9473684210526315,0.9299999999999999,0.04497540000011213,0.0003658000205177814
519,Heart Failure Clinical Records,2,RandomFuzzyRules__max_rules__6,269,30,12,17,0.9333333333333333,0.9,0.9650000000000001,0.044402400002582,0.0003949000092688948
519,Heart Failure Clinical Records,2,RandomFuzzyRules__max_rules__7,269,30,12,17,0.9333333333333333,0.9,0.9650000000000001,0.05111049997503869,0.00039560001459904015
519,Heart Failure Clinical Records,3,RandomFuzzyRules__max_rules__2,269,30,12,17,0.8666666666666667,0.75,0.8,0.03512019998743199,0.0003056999994441867
519,Heart Failure Clinical Records,3,RandomFuzzyRules__max_rules__3,269,30,12,17,0.8333333333333334,0.7058823529411765,0.72,0.03967319999355823,0.0003583999932743609
519,Heart Failure Clinical Records,3,RandomFuzzyRules__max_rules__4,269,30,12,17,0.8333333333333334,0.6666666666666666,0.8,0.042910899996059015,0.00037120000342838466
519,Heart Failure Clinical Records,3,RandomFuzzyRules__max_rules__5,269,30,12,17,0.8333333333333334,0.7058823529411765,0.73,0.04496769999968819,0.00037789999623782933
519,Heart Failure Clinical Records,3,RandomFuzzyRules__max_rules__6,269,30,12,17,0.8666666666666667,0.75,0.8,0.04771519999485463,0.0003890000225510448
519,Heart Failure Clinical Records,3,RandomFuzzyRules__max_rules__7,269,30,12,17,0.8666666666666667,0.75,0.8,0.0480628999939654,0.0002699000178836286
519,Heart Failure Clinical Records,4,RandomFuzzyRules__max_rules__2,269,30,12,17,0.8666666666666667,0.8181818181818182,0.92,0.03511349999462254,0.00026130001060664654
519,Heart Failure Clinical Records,4,RandomFuzzyRules__max_rules__3,269,30,12,17,0.8,0.7272727272727273,0.845,0.0345794000022579,0.00026920001255348325
519,Heart Failure Clinical Records,4,RandomFuzzyRules__max_rules__4,269,30,12,17,0.8,0.7272727272727273,0.845,0.053129800013266504,0.0003268000145908445
519,Heart Failure Clinical Records,4,RandomFuzzyRules__max_rules__5,269,30,12,17,0.8,0.7272727272727273,0.845,0.04108669998822734,0.0002733999863266945
519,Heart Failure Clinical Records,4,RandomFuzzyRules__max_rules__6,269,30,12,17,0.8666666666666667,0.8181818181818182,0.915,0.06104940001387149,0.00038910002331249416
519,Heart Failure Clinical Records,4,RandomFuzzyRules__max_rules__7,269,30,12,17,0.8666666666666667,0.8181818181818182,0.915,0.04780440000467934,0.0002738000184763223
519,Heart Failure Clinical Records,5,RandomFuzzyRules__max_rules__2,269,30,12,17,0.9333333333333333,0.9,0.9500000000000001,0.04366610001306981,0.00026409997371956706
519,Heart Failure Clinical Records,5,RandomFuzzyRules__max_rules__3,269,30,12,17,0.8666666666666667,0.7777777777777778,0.9225,0.03934219997609034,0.0002761000068858266
519,Heart Failure Clinical Records,5,RandomFuzzyRules__max_rules__4,269,30,12,17,0.8666666666666667,0.7777777777777778,0.9225,0.043848700006492436,0.0003066000062972307
519,Heart Failure Clinical Records,5,RandomFuzzyRules__max_rules__5,269,30,12,17,0.8666666666666667,0.7777777777777778,0.9225,0.06173000001581386,0.0002739999908953905
519,Heart Failure Clinical Records,5,RandomFuzzyRules__max_rules__6,269,30,12,17,0.9333333333333333,0.8888888888888888,0.9650000000000001,0.06687209999654442,0.00028330000350251794
519,Heart Failure Clinical Records,5,RandomFuzzyRules__max_rules__7,269,30,12,17,0.9333333333333333,0.8888888888888888,0.9650000000000001,0.054477800003951415,0.00037429999792948365
519,Heart Failure Clinical Records,6,RandomFuzzyRules__max_rules__2,269,30,12,17,0.8333333333333334,0.6666666666666666,0.745,0.037977400003001094,0.0002941999991890043
519,Heart Failure Clinical Records,6,RandomFuzzyRules__max_rules__3,269,30,12,17,0.7333333333333333,0.5555555555555556,0.7575,0.03346209999290295,0.00034860000596381724
519,Heart Failure Clinical Records,6,RandomFuzzyRules__max_rules__4,269,30,12,17,0.7666666666666667,0.5882352941176471,0.74,0.03875110001536086,0.00029429999995045364
519,Heart Failure Clinical Records,6,RandomFuzzyRules__max_rules__5,269,30,12,17,0.7666666666666667,0.5882352941176471,0.74,0.04395649998332374,0.00036780000664293766
519,Heart Failure Clinical Records,6,RandomFuzzyRules__max_rules__6,269,30,12,17,0.8,0.5714285714285714,0.72,0.04669859999557957,0.00037269998574629426
519,Heart Failure Clinical Records,6,RandomFuzzyRules__max_rules__7,269,30,12,17,0.8,0.5714285714285714,0.72,0.0497363000176847,0.0003960000176448375
519,Heart Failure Clinical Records,7,RandomFuzzyRules__max_rules__2,269,30,12,17,0.8333333333333334,0.6153846153846154,0.9735449735449735,0.03531060001114383,0.00037230001180432737
519,Heart Failure Clinical Records,7,RandomFuzzyRules__max_rules__3,269,30,12,17,0.8,0.5714285714285714,0.873015873015873,0.03915409999899566,0.0003451000084169209
519,Heart Failure Clinical Records,7,RandomFuzzyRules__max_rules__4,269,30,12,17,0.8,0.5714285714285714,0.873015873015873,0.04080240000621416,0.00035269997897557914
519,Heart Failure Clinical Records,7,RandomFuzzyRules__max_rules__5,269,30,12,17,0.8,0.5714285714285714,0.873015873015873,0.0539211000141222,0.0003696999920066446
519,Heart Failure Clinical Records,7,RandomFuzzyRules__max_rules__6,269,30,12,17,0.8333333333333334,0.6153846153846154,0.9629629629629629,0.045429499994497746,0.0003657999914139509
519,Heart Failure Clinical Records,7,RandomFuzzyRules__max_rules__7,269,30,12,17,0.8333333333333334,0.6153846153846154,0.9629629629629629,0.0481570000119973,0.00038770001265220344
519,Heart Failure Clinical Records,8,RandomFuzzyRules__max_rules__2,269,30,12,17,0.8666666666666667,0.75,0.8756613756613757,0.03488730001845397,0.00034440000308677554
519,Heart Failure Clinical Records,8,RandomFuzzyRules__max_rules__3,269,30,12,17,0.7666666666666667,0.631578947368421,0.7671957671957672,0.0445923000224866,0.00035849999403581023
519,Heart Failure Clinical Records,8,RandomFuzzyRules__max_rules__4,269,30,12,17,0.7666666666666667,0.631578947368421,0.7671957671957672,0.0407407000020612,0.00041779997991397977
519,Heart Failure Clinical Records,8,RandomFuzzyRules__max_rules__5,269,30,12,17,0.7666666666666667,0.631578947368421,0.7671957671957672,0.04298430000199005,0.00037789999623782933
519,Heart Failure Clinical Records,8,RandomFuzzyRules__max_rules__6,269,30,12,17,0.8333333333333334,0.6666666666666666,0.8783068783068783,0.04646130002220161,0.0004017000028397888
519,Heart Failure Clinical Records,8,RandomFuzzyRules__max_rules__7,269,30,12,17,0.8333333333333334,0.6666666666666666,0.8783068783068783,0.06790209998143837,0.000402199977543205
519,Heart Failure Clinical Records,9,RandomFuzzyRules__max_rules__2,269,30,12,17,0.7666666666666667,0.5882352941176471,0.7063492063492064,0.036999399977503344,0.00036819998058490455
519,Heart Failure Clinical Records,9,RandomFuzzyRules__max_rules__3,269,30,12,17,0.8333333333333334,0.6666666666666666,0.7883597883597884,0.037949000019580126,0.0003619000199250877
519,Heart Failure Clinical Records,9,RandomFuzzyRules__max_rules__4,269,30,12,17,0.7333333333333333,0.5,0.6904761904761905,0.04130969999823719,0.0003586999955587089
519,Heart Failure Clinical Records,9,RandomFuzzyRules__max_rules__5,269,30,12,17,0.8333333333333334,0.6666666666666666,0.7645502645502646,0.05348999999114312,0.0003674999752547592
519,Heart Failure Clinical Records,9,RandomFuzzyRules__max_rules__6,269,30,12,17,0.7666666666666667,0.5882352941176471,0.7089947089947091,0.05208980001043528,0.0003853000234812498
519,Heart Failure Clinical Records,9,RandomFuzzyRules__max_rules__7,269,30,12,17,0.7666666666666667,0.5882352941176471,0.7089947089947091,0.04942589998245239,0.00041489998693577945
519,Heart Failure Clinical Records,10,RandomFuzzyRules__max_rules__2,270,29,12,17,0.8620689655172413,0.7142857142857143,0.9055555555555556,0.03452379998634569,0.00031060000765137374
519,Heart Failure Clinical Records,10,RandomFuzzyRules__max_rules__3,270,29,12,17,0.8275862068965517,0.6666666666666666,0.7861111111111112,0.0466854999831412,0.0003960999893024564
519,Heart Failure Clinical Records,10,RandomFuzzyRules__max_rules__4,270,29,12,17,0.7586206896551724,0.36363636363636365,0.8666666666666667,0.0414951000129804,0.0003453000099398196
519,Heart Failure Clinical Records,10,RandomFuzzyRules__max_rules__5,270,29,12,17,0.8275862068965517,0.6666666666666666,0.7861111111111112,0.04363659999216907,0.00034810000215657055
519,Heart Failure Clinical Records,10,RandomFuzzyRules__max_rules__6,270,29,12,17,0.8620689655172413,0.7142857142857143,0.9055555555555557,0.049664099991787225,0.00037789999623782933
519,Heart Failure Clinical Records,10,RandomFuzzyRules__max_rules__7,270,29,12,17,0.8620689655172413,0.7142857142857143,0.9055555555555557,0.06305130000691861,0.00028899998869746923
529,Early Stage Diabetes Risk Prediction,1,RandomFuzzyRules__max_rules__2,468,52,16,31,0.9230769230769231,0.9375,0.9421875000000001,0.03854209999553859,0.00032980000833049417
529,Early Stage Diabetes Risk Prediction,1,RandomFuzzyRules__max_rules__3,468,52,16,31,0.8653846153846154,0.8852459016393442,0.9031250000000001,0.039233800023794174,0.0003538999881129712
529,Early Stage Diabetes Risk Prediction,1,RandomFuzzyRules__max_rules__4,468,52,16,31,0.8653846153846154,0.8852459016393442,0.8718750000000001,0.04181580001022667,0.00036050000926479697
529,Early Stage Diabetes Risk Prediction,1,RandomFuzzyRules__max_rules__5,468,52,16,31,0.9038461538461539,0.9253731343283582,0.95625,0.04303319999598898,0.0003862000012304634
529,Early Stage Diabetes Risk Prediction,1,RandomFuzzyRules__max_rules__6,468,52,16,31,0.9038461538461539,0.9230769230769231,0.9359374999999999,0.04877580000902526,0.0004033000150229782
529,Early Stage Diabetes Risk Prediction,1,RandomFuzzyRules__max_rules__7,468,52,16,31,0.8846153846153846,0.9142857142857143,0.92578125,0.04769269999815151,0.000374099996406585
529,Early Stage Diabetes Risk Prediction,2,RandomFuzzyRules__max_rules__2,468,52,16,31,0.9038461538461539,0.9180327868852459,0.91953125,0.03666489999159239,0.0003223999810870737
529,Early Stage Diabetes Risk Prediction,2,RandomFuzzyRules__max_rules__3,468,52,16,31,0.8076923076923077,0.8275862068965517,0.8515625,0.03703160001896322,0.00037379999412223697
529,Early Stage Diabetes Risk Prediction,2,RandomFuzzyRules__max_rules__4,468,52,16,31,0.8076923076923077,0.8275862068965517,0.825,0.040768800012301654,0.00037460000021383166
529,Early Stage Diabetes Risk Prediction,2,RandomFuzzyRules__max_rules__5,468,52,16,31,0.8653846153846154,0.8923076923076924,0.909375,0.044429400004446507,0.000520800007507205
529,Early Stage Diabetes Risk Prediction,2,RandomFuzzyRules__max_rules__6,468,52,16,31,0.9038461538461539,0.9230769230769231,0.9046874999999999,0.04443589999573305,0.0003671000013127923
529,Early Stage Diabetes Risk Prediction,2,RandomFuzzyRules__max_rules__7,468,52,16,31,0.8846153846153846,0.9090909090909091,0.93125,0.0603869000042323,0.0003856000257655978
529,Early Stage Diabetes Risk Prediction,3,RandomFuzzyRules__max_rules__2,468,52,16,31,0.8846153846153846,0.9032258064516129,0.9015625,0.03666050001629628,0.0003671000013127923
529,Early Stage Diabetes Risk Prediction,3,RandomFuzzyRules__max_rules__3,468,52,16,31,0.8653846153846154,0.8888888888888888,0.8859375,0.038383300008717924,0.0004107999848201871
529,Early Stage Diabetes Risk Prediction,3,RandomFuzzyRules__max_rules__4,468,52,16,31,0.8653846153846154,0.8888888888888888,0.8859375,0.04093570000259206,0.00036529998760670424
529,Early Stage Diabetes Risk Prediction,3,RandomFuzzyRules__max_rules__5,468,52,16,31,0.9230769230769231,0.9411764705882353,0.978125,0.049796100007370114,0.00039110000943765044
529,Early Stage Diabetes Risk Prediction,3,RandomFuzzyRules__max_rules__6,468,52,16,31,0.9230769230769231,0.9375,0.9484375,0.05368149999412708,0.00034389999927952886
529,Early Stage Diabetes Risk Prediction,3,RandomFuzzyRules__max_rules__7,468,52,16,31,0.9230769230769231,0.9411764705882353,0.9695312500000001,0.05247540000709705,0.00036139998701401055
529,Early Stage Diabetes Risk Prediction,4,RandomFuzzyRules__max_rules__2,468,52,16,31,0.9038461538461539,0.9253731343283582,0.9218750000000001,0.03688579998561181,0.0003577999887056649
529,Early Stage Diabetes Risk Prediction,4,RandomFuzzyRules__max_rules__3,468,52,16,31,0.8461538461538461,0.875,0.9125,0.03662509997957386,0.00038800001493655145
529,Early Stage Diabetes Risk Prediction,4,RandomFuzzyRules__max_rules__4,468,52,16,31,0.8461538461538461,0.875,0.8375,0.04142759999376722,0.0003556000010576099
529,Early Stage Diabetes Risk Prediction,4,RandomFuzzyRules__max_rules__5,468,52,16,31,0.8653846153846154,0.9014084507042254,0.9671875,0.04349540002294816,0.0004967999993823469
529,Early Stage Diabetes Risk Prediction,4,RandomFuzzyRules__max_rules__6,468,52,16,31,0.8846153846153846,0.9117647058823529,0.884375,0.04753750000963919,0.00028909998945891857
529,Early Stage Diabetes Risk Prediction,4,RandomFuzzyRules__max_rules__7,468,52,16,31,0.8461538461538461,0.8888888888888888,0.9585937499999999,0.06292470000335015,0.0003212000010535121
529,Early Stage Diabetes Risk Prediction,5,RandomFuzzyRules__max_rules__2,468,52,16,31,0.9038461538461539,0.9180327868852459,0.92109375,0.03833759998087771,0.00028959999326616526
529,Early Stage Diabetes Risk Prediction,5,RandomFuzzyRules__max_rules__3,468,52,16,31,0.8653846153846154,0.8888888888888888,0.88828125,0.0429842000012286,0.0002998999843839556
529,Early Stage Diabetes Risk Prediction,5,RandomFuzzyRules__max_rules__4,468,52,16,31,0.8653846153846154,0.8888888888888888,0.8953125,0.044804700009990484,0.0003865000035148114
529,Early Stage Diabetes Risk Prediction,5,RandomFuzzyRules__max_rules__5,468,52,16,31,0.9038461538461539,0.9253731343283582,0.9531250000000001,0.05189770000288263,0.00045620001037605107
529,Early Stage Diabetes Risk Prediction,5,RandomFuzzyRules__max_rules__6,468,52,16,31,0.8653846153846154,0.8985507246376812,0.91875,0.051745900011155754,0.0003899000003002584
529,Early Stage Diabetes Risk Prediction,5,RandomFuzzyRules__max_rules__7,468,52,16,31,0.9230769230769231,0.9393939393939394,0.9640625,0.052019900002051145,0.00039629999082535505
529,Early Stage Diabetes Risk Prediction,6,RandomFuzzyRules__max_rules__2,468,52,16,31,0.8846153846153846,0.896551724137931,0.90625,0.04004779999377206,0.0003567000094335526
529,Early Stage Diabetes Risk Prediction,6,RandomFuzzyRules__max_rules__3,468,52,16,31,0.8461538461538461,0.8709677419354839,0.875,0.04067700001178309,0.0003921000170521438
529,Early Stage Diabetes Risk Prediction,6,RandomFuzzyRules__max_rules__4,468,52,16,31,0.8461538461538461,0.8709677419354839,0.875,0.051781499991193414,0.0003417000116314739
529,Early Stage Diabetes Risk Prediction,6,RandomFuzzyRules__max_rules__5,468,52,16,31,0.9038461538461539,0.9230769230769231,0.9406249999999999,0.05613469998934306,0.0005049000028520823
529,Early Stage Diabetes Risk Prediction,6,RandomFuzzyRules__max_rules__6,468,52,16,31,0.8269230769230769,0.8571428571428571,0.86875,0.05930320001789369,0.0003915000124834478
529,Early Stage Diabetes Risk Prediction,6,RandomFuzzyRules__max_rules__7,468,52,16,31,0.9230769230769231,0.9393939393939394,0.9507812500000001,0.046542399999452755,0.00041569999302737415
529,Early Stage Diabetes Risk Prediction,7,RandomFuzzyRules__max_rules__2,468,52,16,31,0.9423076923076923,0.9523809523809523,0.95390625,0.038091299997176975,0.0004072000156156719
529,Early Stage Diabetes Risk Prediction,7,RandomFuzzyRules__max_rules__3,468,52,16,31,0.9038461538461539,0.9206349206349206,0.9203125,0.03885809998610057,0.00039339999784715474
529,Early Stage Diabetes Risk Prediction,7,RandomFuzzyRules__max_rules__4,468,52,16,31,0.9230769230769231,0.9375,0.940625,0.04210419999435544,0.00039930001366883516
529,Early Stage Diabetes Risk Prediction,7,RandomFuzzyRules__max_rules__5,468,52,16,31,0.9423076923076923,0.9538461538461539,0.9703125,0.06067460001213476,0.00036589999217540026
529,Early Stage Diabetes Risk Prediction,7,RandomFuzzyRules__max_rules__6,468,52,16,31,0.9230769230769231,0.9375,0.9468750000000001,0.04712510001263581,0.0004254000086802989
529,Early Stage Diabetes Risk Prediction,7,RandomFuzzyRules__max_rules__7,468,52,16,31,0.9038461538461539,0.927536231884058,0.96484375,0.05491880001500249,0.0004104000108782202
529,Early Stage Diabetes Risk Prediction,8,RandomFuzzyRules__max_rules__2,468,52,16,31,0.8269230769230769,0.8615384615384616,0.859375,0.03493169997818768,0.00037659998633898795
529,Early Stage Diabetes Risk Prediction,8,RandomFuzzyRules__max_rules__3,468,52,16,31,0.8461538461538461,0.8787878787878788,0.86328125,0.037935900007141754,0.0003774000215344131
529,Early Stage Diabetes Risk Prediction,8,RandomFuzzyRules__max_rules__4,468,52,16,31,0.8461538461538461,0.8787878787878788,0.87890625,0.041930299979867414,0.0004459999909158796
529,Early Stage Diabetes Risk Prediction,8,RandomFuzzyRules__max_rules__5,468,52,16,31,0.8846153846153846,0.9117647058823529,0.9296875,0.0543648999882862,0.00041629999759607017
529,Early Stage Diabetes Risk Prediction,8,RandomFuzzyRules__max_rules__6,468,52,16,31,0.8461538461538461,0.8857142857142857,0.86640625,0.04951710000750609,0.00041870001587085426
529,Early Stage Diabetes Risk Prediction,8,RandomFuzzyRules__max_rules__7,468,52,16,31,0.9038461538461539,0.9230769230769231,0.95234375,0.05617620001430623,0.0004169000021647662
529,Early Stage Diabetes Risk Prediction,9,RandomFuzzyRules__max_rules__2,468,52,16,31,0.8653846153846154,0.8923076923076924,0.9031250000000001,0.03627519999281503,0.0003978000022470951
529,Early Stage Diabetes Risk Prediction,9,RandomFuzzyRules__max_rules__3,468,52,16,31,0.8461538461538461,0.8823529411764706,0.8796875,0.041639899980509654,0.00040129999979399145
529,Early Stage Diabetes Risk Prediction,9,RandomFuzzyRules__max_rules__4,468,52,16,31,0.8461538461538461,0.8823529411764706,0.8937499999999999,0.04243469997891225,0.00039209998794831336
529,Early Stage Diabetes Risk Prediction,9,RandomFuzzyRules__max_rules__5,468,52,16,31,0.8461538461538461,0.8857142857142857,0.9515625000000001,0.04705900000408292,0.000385499995900318
529,Early Stage Diabetes Risk Prediction,9,RandomFuzzyRules__max_rules__6,468,52,16,31,0.8461538461538461,0.8888888888888888,0.8796875,0.04879770000115968,0.0004072000156156719
529,Early Stage Diabetes Risk Prediction,9,RandomFuzzyRules__max_rules__7,468,52,16,31,0.8461538461538461,0.8888888888888888,0.934375,0.05333299998892471,0.0004338000144343823
529,Early Stage Diabetes Risk Prediction,10,RandomFuzzyRules__max_rules__2,468,52,16,31,0.8653846153846154,0.8813559322033898,0.8882812499999999,0.03780150000238791,0.00044319999869912863
529,Early Stage Diabetes Risk Prediction,10,RandomFuzzyRules__max_rules__3,468,52,16,31,0.8653846153846154,0.8813559322033898,0.8882812499999999,0.04077789999428205,0.0004150999884586781
529,Early Stage Diabetes Risk Prediction,10,RandomFuzzyRules__max_rules__4,468,52,16,31,0.8653846153846154,0.8813559322033898,0.8898437499999999,0.04433569998946041,0.0003983000060543418
529,Early Stage Diabetes Risk Prediction,10,RandomFuzzyRules__max_rules__5,468,52,16,31,0.9038461538461539,0.9206349206349206,0.934375,0.054126600007293746,0.0004070000140927732
529,Early Stage Diabetes Risk Prediction,10,RandomFuzzyRules__max_rules__6,468,52,16,31,0.9423076923076923,0.9538461538461539,0.95625,0.05305060002137907,0.0004379000165499747
529,Early Stage Diabetes Risk Prediction,10,RandomFuzzyRules__max_rules__7,468,52,16,31,0.9038461538461539,0.9253731343283582,0.9468750000000001,0.06469790000119247,0.00032640001154504716
