dataset_id,dataset_name,fold,estimator,n_train,n_test,n_original_features,n_transformed_features,accuracy,f1,auroc,fit_time,predict_time
14,Breast Cancer,1,RandomFuzzyRules__threshold__0_1,257,29,9,38,0.7931034482758621,0.4,0.625,1.107250999993994,0.00038779999886173755
14,Breast Cancer,1,RandomFuzzyRules__threshold__0_2,257,29,9,38,0.7586206896551724,0.2222222222222222,0.625,0.046804099998553284,0.0003858999989461154
14,Breast Cancer,1,RandomFuzzyRules__threshold__0_3,257,29,9,38,0.7586206896551724,0.36363636363636365,0.6607142857142857,0.04699060000712052,0.0003755999932764098
14,Breast Cancer,1,RandomFuzzyRules__threshold__0_4,257,29,9,38,0.7586206896551724,0.36363636363636365,0.6607142857142857,0.04756519998773001,0.0003696000057971105
14,Breast Cancer,1,RandomFuzzyRules__threshold__0_5,257,29,9,38,0.7586206896551724,0.36363636363636365,0.6607142857142857,0.04349650000222027,0.000367900007404387
14,Breast Cancer,1,RandomFuzzyRules__threshold__0_6,257,29,9,38,0.7586206896551724,0.36363636363636365,0.6607142857142857,0.04602480000176001,0.0003643000090960413
14,Breast Cancer,1,RandomFuzzyRules__threshold__0_7,257,29,9,38,0.7586206896551724,0.36363636363636365,0.6607142857142857,0.06264079999527894,0.00039539999852422625
14,Breast Cancer,1,RandomFuzzyRules__threshold__0_8,257,29,9,38,0.6896551724137931,0.18181818181818182,0.6130952380952381,0.04770460000145249,0.00036700000055134296
14,Breast Cancer,1,RandomFuzzyRules__threshold__0_9,257,29,9,38,0.7586206896551724,0.46153846153846156,0.6279761904761905,0.04736270000285003,0.0003549999964889139
14,Breast Cancer,2,RandomFuzzyRules__threshold__0_1,257,29,9,39,0.7241379310344828,0.2,0.5555555555555556,0.045644700003322214,0.00037349999183788896
14,Breast Cancer,2,RandomFuzzyRules__threshold__0_2,257,29,9,39,0.7241379310344828,0.2,0.5555555555555556,0.0480976999970153,0.0003811000060522929
14,Breast Cancer,2,RandomFuzzyRules__threshold__0_3,257,29,9,39,0.6896551724137931,0.0,0.5055555555555555,0.04691350000211969,0.0003569999971659854
14,Breast Cancer,2,RandomFuzzyRules__threshold__0_4,257,29,9,39,0.6896551724137931,0.0,0.5055555555555555,0.04637209999782499,0.0003558000025805086
14,Breast Cancer,2,RandomFuzzyRules__threshold__0_5,257,29,9,39,0.6896551724137931,0.0,0.5055555555555555,0.04586679999192711,0.0003795000084210187
14,Breast Cancer,2,RandomFuzzyRules__threshold__0_6,257,29,9,39,0.6896551724137931,0.0,0.5055555555555555,0.045191000011982396,0.0003696999920066446
14,Breast Cancer,2,RandomFuzzyRules__threshold__0_7,257,29,9,39,0.6896551724137931,0.0,0.5055555555555555,0.04599600000074133,0.0003623999946285039
14,Breast Cancer,2,RandomFuzzyRules__threshold__0_8,257,29,9,39,0.7241379310344828,0.2,0.5555555555555556,0.04743140000209678,0.00041710000368766487
14,Breast Cancer,2,RandomFuzzyRules__threshold__0_9,257,29,9,39,0.6896551724137931,0.0,0.6972222222222222,0.046677000005729496,0.00037090000114403665
14,Breast Cancer,3,RandomFuzzyRules__threshold__0_1,257,29,9,39,0.6896551724137931,0.18181818181818182,0.5305555555555556,0.04710229999909643,0.00035230000503361225
14,Breast Cancer,3,RandomFuzzyRules__threshold__0_2,257,29,9,39,0.6896551724137931,0.18181818181818182,0.5305555555555556,0.044859199988422915,0.0003615000023273751
14,Breast Cancer,3,RandomFuzzyRules__threshold__0_3,257,29,9,39,0.7931034482758621,0.5714285714285714,0.7083333333333334,0.053112500012503006,0.0002952999930130318
14,Breast Cancer,3,RandomFuzzyRules__threshold__0_4,257,29,9,39,0.7931034482758621,0.5714285714285714,0.7083333333333334,0.05885510001098737,0.0002893000055337325
14,Breast Cancer,3,RandomFuzzyRules__threshold__0_5,257,29,9,39,0.7931034482758621,0.5714285714285714,0.7083333333333334,0.05558509999536909,0.0004090000002179295
14,Breast Cancer,3,RandomFuzzyRules__threshold__0_6,257,29,9,39,0.7931034482758621,0.5714285714285714,0.7083333333333334,0.06085480000183452,0.00043539999751374125
14,Breast Cancer,3,RandomFuzzyRules__threshold__0_7,257,29,9,39,0.7931034482758621,0.5714285714285714,0.7083333333333334,0.06203780000214465,0.00036269999691285193
14,Breast Cancer,3,RandomFuzzyRules__threshold__0_8,257,29,9,39,0.7586206896551724,0.46153846153846156,0.6527777777777777,0.05775500000163447,0.00044920000073034316
14,Breast Cancer,3,RandomFuzzyRules__threshold__0_9,257,29,9,39,0.7931034482758621,0.5714285714285714,0.7583333333333333,0.0612801999959629,0.000295600009849295
14,Breast Cancer,4,RandomFuzzyRules__threshold__0_1,257,29,9,39,0.7586206896551724,0.46153846153846156,0.6416666666666666,0.06016410001029726,0.0004290999931981787
14,Breast Cancer,4,RandomFuzzyRules__threshold__0_2,257,29,9,39,0.7586206896551724,0.46153846153846156,0.6416666666666666,0.059662900006514974,0.0003440000000409782
14,Breast Cancer,4,RandomFuzzyRules__threshold__0_3,257,29,9,39,0.7241379310344828,0.3333333333333333,0.5861111111111111,0.059861899993848056,0.00042270000267308205
14,Breast Cancer,4,RandomFuzzyRules__threshold__0_4,257,29,9,39,0.7241379310344828,0.3333333333333333,0.5861111111111111,0.043169600001419894,0.00028780000866390765
14,Breast Cancer,4,RandomFuzzyRules__threshold__0_5,257,29,9,39,0.7241379310344828,0.3333333333333333,0.5861111111111111,0.05432370000926312,0.00038109999150037766
14,Breast Cancer,4,RandomFuzzyRules__threshold__0_6,257,29,9,39,0.7241379310344828,0.3333333333333333,0.5861111111111111,0.06412860000273213,0.000411600005463697
14,Breast Cancer,4,RandomFuzzyRules__threshold__0_7,257,29,9,39,0.7241379310344828,0.3333333333333333,0.5861111111111111,0.06196180000551976,0.00036099999852012843
14,Breast Cancer,4,RandomFuzzyRules__threshold__0_8,257,29,9,39,0.6896551724137931,0.18181818181818182,0.6694444444444445,0.062496799990185536,0.0003947000077459961
14,Breast Cancer,4,RandomFuzzyRules__threshold__0_9,257,29,9,39,0.6896551724137931,0.4,0.7444444444444445,0.05964769999263808,0.00029489998996723443
14,Breast Cancer,5,RandomFuzzyRules__threshold__0_1,257,29,9,39,0.6206896551724138,0.0,0.45,0.05993940000189468,0.0003969999961555004
14,Breast Cancer,5,RandomFuzzyRules__threshold__0_2,257,29,9,39,0.6206896551724138,0.0,0.45,0.05961860000388697,0.00037059999885968864
14,Breast Cancer,5,RandomFuzzyRules__threshold__0_3,257,29,9,39,0.6206896551724138,0.0,0.45,0.0621742999937851,0.0004271000070730224
14,Breast Cancer,5,RandomFuzzyRules__threshold__0_4,257,29,9,39,0.6206896551724138,0.0,0.45,0.06057630000577774,0.00040639999497216195
14,Breast Cancer,5,RandomFuzzyRules__threshold__0_5,257,29,9,39,0.6206896551724138,0.0,0.45,0.056718599997111596,0.0003956000000471249
14,Breast Cancer,5,RandomFuzzyRules__threshold__0_6,257,29,9,39,0.6206896551724138,0.0,0.45,0.05873169998812955,0.00040689999877940863
14,Breast Cancer,5,RandomFuzzyRules__threshold__0_7,257,29,9,39,0.6206896551724138,0.0,0.45,0.06250780000118539,0.0004031999997096136
14,Breast Cancer,5,RandomFuzzyRules__threshold__0_8,257,29,9,39,0.6206896551724138,0.0,0.35000000000000003,0.060686299999360926,0.00033739999344106764
14,Breast Cancer,5,RandomFuzzyRules__threshold__0_9,257,29,9,39,0.6551724137931034,0.0,0.5833333333333333,0.06692060000204947,0.00041029999556485564
14,Breast Cancer,6,RandomFuzzyRules__threshold__0_1,257,29,9,39,0.7241379310344828,0.3333333333333333,0.5861111111111111,0.05869780000648461,0.0004163999983575195
14,Breast Cancer,6,RandomFuzzyRules__threshold__0_2,257,29,9,39,0.7241379310344828,0.3333333333333333,0.5861111111111111,0.06146179999632295,0.00038219999987632036
14,Breast Cancer,6,RandomFuzzyRules__threshold__0_3,257,29,9,39,0.7241379310344828,0.3333333333333333,0.5861111111111111,0.0621541000000434,0.00038559999666176736
14,Breast Cancer,6,RandomFuzzyRules__threshold__0_4,257,29,9,39,0.7241379310344828,0.3333333333333333,0.5861111111111111,0.06157649999659043,0.0004243000003043562
14,Breast Cancer,6,RandomFuzzyRules__threshold__0_5,257,29,9,39,0.7241379310344828,0.3333333333333333,0.5861111111111111,0.04221860000689048,0.0003853999951388687
14,Breast Cancer,6,RandomFuzzyRules__threshold__0_6,257,29,9,39,0.7241379310344828,0.3333333333333333,0.5861111111111111,0.04259040000033565,0.0002855000057024881
14,Breast Cancer,6,RandomFuzzyRules__threshold__0_7,257,29,9,39,0.7241379310344828,0.3333333333333333,0.5861111111111111,0.05693399999290705,0.0002871000033337623
14,Breast Cancer,6,RandomFuzzyRules__threshold__0_8,257,29,9,39,0.7241379310344828,0.3333333333333333,0.39166666666666666,0.04648079999606125,0.00039990000368561596
14,Breast Cancer,6,RandomFuzzyRules__threshold__0_9,257,29,9,39,0.7586206896551724,0.36363636363636365,0.5222222222222221,0.044943100001546554,0.0003831999929388985
14,Breast Cancer,7,RandomFuzzyRules__threshold__0_1,258,28,9,38,0.8214285714285714,0.6153846153846154,0.7249999999999999,0.047926999992341734,0.00037930000689812005
14,Breast Cancer,7,RandomFuzzyRules__threshold__0_2,258,28,9,38,0.8214285714285714,0.6153846153846154,0.7249999999999999,0.047302599996328354,0.00035269999352749437
14,Breast Cancer,7,RandomFuzzyRules__threshold__0_3,258,28,9,38,0.8214285714285714,0.6153846153846154,0.7249999999999999,0.046737900003790855,0.0003837999975075945
14,Breast Cancer,7,RandomFuzzyRules__threshold__0_4,258,28,9,38,0.8214285714285714,0.6153846153846154,0.7249999999999999,0.04776529999799095,0.00036669999826699495
14,Breast Cancer,7,RandomFuzzyRules__threshold__0_5,258,28,9,38,0.8214285714285714,0.6153846153846154,0.7249999999999999,0.04246640000201296,0.0003527999942889437
14,Breast Cancer,7,RandomFuzzyRules__threshold__0_6,258,28,9,38,0.8214285714285714,0.6153846153846154,0.7249999999999999,0.04770129999087658,0.00038100000529084355
14,Breast Cancer,7,RandomFuzzyRules__threshold__0_7,258,28,9,38,0.8214285714285714,0.6153846153846154,0.7249999999999999,0.0510579000110738,0.00038299999141599983
14,Breast Cancer,7,RandomFuzzyRules__threshold__0_8,258,28,9,38,0.8214285714285714,0.6153846153846154,0.8125,0.04709400000865571,0.000348599991411902
14,Breast Cancer,7,RandomFuzzyRules__threshold__0_9,258,28,9,38,0.75,0.36363636363636365,0.79375,0.052864500001305714,0.000388599990401417
14,Breast Cancer,8,RandomFuzzyRules__threshold__0_1,258,28,9,39,0.7142857142857143,0.2,0.5375,0.046900200002710335,0.00035260000731796026
14,Breast Cancer,8,RandomFuzzyRules__threshold__0_2,258,28,9,39,0.7142857142857143,0.2,0.5375,0.06600429999525659,0.00036160000308882445
14,Breast Cancer,8,RandomFuzzyRules__threshold__0_3,258,28,9,39,0.7142857142857143,0.2,0.5375,0.0468605999922147,0.0003504000051179901
14,Breast Cancer,8,RandomFuzzyRules__threshold__0_4,258,28,9,39,0.7142857142857143,0.2,0.5375,0.04789409998920746,0.00039310001011472195
14,Breast Cancer,8,RandomFuzzyRules__threshold__0_5,258,28,9,39,0.7142857142857143,0.2,0.5375,0.046742999998969026,0.0003240000078221783
14,Breast Cancer,8,RandomFuzzyRules__threshold__0_6,258,28,9,39,0.75,0.2222222222222222,0.603125,0.0938358999992488,0.00037709999014623463
14,Breast Cancer,8,RandomFuzzyRules__threshold__0_7,258,28,9,39,0.75,0.2222222222222222,0.603125,0.0756416999938665,0.0004230999911669642
14,Breast Cancer,8,RandomFuzzyRules__threshold__0_8,258,28,9,39,0.7142857142857143,0.2,0.578125,0.06864880000648554,0.0003749000024981797
14,Breast Cancer,8,RandomFuzzyRules__threshold__0_9,258,28,9,39,0.75,0.2222222222222222,0.684375,0.07661519999965094,0.00039250000554602593
14,Breast Cancer,9,RandomFuzzyRules__threshold__0_1,258,28,9,39,0.8214285714285714,0.5454545454545454,0.6875,0.06769929999427404,0.00040950000402517617
14,Breast Cancer,9,RandomFuzzyRules__threshold__0_2,258,28,9,39,0.8214285714285714,0.5454545454545454,0.6875,0.06431629999133293,0.00039090000791475177
14,Breast Cancer,9,RandomFuzzyRules__threshold__0_3,258,28,9,39,0.75,0.46153846153846156,0.678125,0.068247600007453,0.0003890000079991296
14,Breast Cancer,9,RandomFuzzyRules__threshold__0_4,258,28,9,39,0.75,0.46153846153846156,0.678125,0.06277140000020154,0.0004702000005636364
14,Breast Cancer,9,RandomFuzzyRules__threshold__0_5,258,28,9,39,0.75,0.46153846153846156,0.678125,0.054582400000072084,0.00036700000055134296
14,Breast Cancer,9,RandomFuzzyRules__threshold__0_6,258,28,9,39,0.75,0.46153846153846156,0.678125,0.08628770000359509,0.00031350000062957406
14,Breast Cancer,9,RandomFuzzyRules__threshold__0_7,258,28,9,39,0.75,0.46153846153846156,0.678125,0.05501519999234006,0.0003952999977627769
14,Breast Cancer,9,RandomFuzzyRules__threshold__0_8,258,28,9,39,0.7857142857142857,0.4,0.59375,0.06129220000002533,0.0003335999936098233
14,Breast Cancer,9,RandomFuzzyRules__threshold__0_9,258,28,9,39,0.75,0.46153846153846156,0.796875,0.05146259999310132,0.0003664999967440963
14,Breast Cancer,10,RandomFuzzyRules__threshold__0_1,258,28,9,39,0.7142857142857143,0.5,0.6500000000000001,0.04944010000326671,0.0003971999976783991
14,Breast Cancer,10,RandomFuzzyRules__threshold__0_2,258,28,9,39,0.7142857142857143,0.5,0.6500000000000001,0.0538961999991443,0.0003963000053772703
14,Breast Cancer,10,RandomFuzzyRules__threshold__0_3,258,28,9,39,0.7142857142857143,0.5,0.6500000000000001,0.04699240000627469,0.0004093999887118116
14,Breast Cancer,10,RandomFuzzyRules__threshold__0_4,258,28,9,39,0.7142857142857143,0.5,0.6500000000000001,0.047611899994080886,0.0003865000035148114
14,Breast Cancer,10,RandomFuzzyRules__threshold__0_5,258,28,9,39,0.7142857142857143,0.5,0.6500000000000001,0.04213010000239592,0.00035349999961908907
14,Breast Cancer,10,RandomFuzzyRules__threshold__0_6,258,28,9,39,0.7142857142857143,0.5,0.6500000000000001,0.05157609999878332,0.0003758999955607578
14,Breast Cancer,10,RandomFuzzyRules__threshold__0_7,258,28,9,39,0.7142857142857143,0.5,0.6500000000000001,0.04658400001062546,0.00039849999302532524
14,Breast Cancer,10,RandomFuzzyRules__threshold__0_8,258,28,9,39,0.7142857142857143,0.42857142857142855,0.6000000000000001,0.048162700011744164,0.00037519999023061246
14,Breast Cancer,10,RandomFuzzyRules__threshold__0_9,258,28,9,39,0.7857142857142857,0.5714285714285714,0.675,0.04952289999346249,0.00038750001112930477
15,Breast Cancer Wisconsin (Original),1,RandomFuzzyRules__threshold__0_1,629,70,9,9,0.9142857142857143,0.8695652173913043,0.983695652173913,0.06827540000085719,0.00036290001298766583
15,Breast Cancer Wisconsin (Original),1,RandomFuzzyRules__threshold__0_2,629,70,9,9,0.9428571428571428,0.9090909090909091,0.9818840579710144,0.06934590000309981,0.0003677000058814883
15,Breast Cancer Wisconsin (Original),1,RandomFuzzyRules__threshold__0_3,629,70,9,9,0.9428571428571428,0.9130434782608695,0.9836956521739131,0.08458539999264758,0.00039590000233147293
15,Breast Cancer Wisconsin (Original),1,RandomFuzzyRules__threshold__0_4,629,70,9,9,0.9428571428571428,0.9166666666666666,0.9791666666666667,0.07737790000101086,0.0004267000040272251
15,Breast Cancer Wisconsin (Original),1,RandomFuzzyRules__threshold__0_5,629,70,9,9,0.9714285714285714,0.96,0.9918478260869565,0.059125600004335865,0.0004059000057168305
15,Breast Cancer Wisconsin (Original),1,RandomFuzzyRules__threshold__0_6,629,70,9,9,0.9571428571428572,0.9387755102040817,0.9918478260869565,0.06988039999851026,0.0004027999966638163
15,Breast Cancer Wisconsin (Original),1,RandomFuzzyRules__threshold__0_7,629,70,9,9,0.9285714285714286,0.8936170212765957,0.9891304347826086,0.09121870000672061,0.00040299999818671495
15,Breast Cancer Wisconsin (Original),1,RandomFuzzyRules__threshold__0_8,629,70,9,9,0.9714285714285714,0.9583333333333334,0.980072463768116,0.08721120000700466,0.00048389998846687376
15,Breast Cancer Wisconsin (Original),1,RandomFuzzyRules__threshold__0_9,629,70,9,9,0.9285714285714286,0.8888888888888888,0.9846014492753623,0.09065980000013951,0.0003972999984398484
15,Breast Cancer Wisconsin (Original),2,RandomFuzzyRules__threshold__0_1,629,70,9,9,0.9714285714285714,0.9565217391304348,0.9972826086956522,0.08672309998655692,0.0004430000117281452
15,Breast Cancer Wisconsin (Original),2,RandomFuzzyRules__threshold__0_2,629,70,9,9,0.9142857142857143,0.875,0.955163043478261,0.09107480000238866,0.00038779999886173755
15,Breast Cancer Wisconsin (Original),2,RandomFuzzyRules__threshold__0_3,629,70,9,9,0.9428571428571428,0.92,0.9963768115942029,0.08963139999832492,0.0004582999972626567
15,Breast Cancer Wisconsin (Original),2,RandomFuzzyRules__threshold__0_4,629,70,9,9,0.9285714285714286,0.8888888888888888,0.9927536231884058,0.12001229998713825,0.00040350000199396163
15,Breast Cancer Wisconsin (Original),2,RandomFuzzyRules__threshold__0_5,629,70,9,9,0.9285714285714286,0.8837209302325582,0.985054347826087,0.07738780000363477,0.00039820000529289246
15,Breast Cancer Wisconsin (Original),2,RandomFuzzyRules__threshold__0_6,629,70,9,9,0.9714285714285714,0.9565217391304348,1.0,0.0897456999955466,0.00041880000208038837
15,Breast Cancer Wisconsin (Original),2,RandomFuzzyRules__threshold__0_7,629,70,9,9,0.9714285714285714,0.9565217391304348,1.0,0.0907866999914404,0.000381799996830523
15,Breast Cancer Wisconsin (Original),2,RandomFuzzyRules__threshold__0_8,629,70,9,9,0.9714285714285714,0.9565217391304348,0.9728260869565217,0.09899680000671651,0.0004107999993721023
15,Breast Cancer Wisconsin (Original),2,RandomFuzzyRules__threshold__0_9,629,70,9,9,0.9428571428571428,0.9090909090909091,0.9936594202898551,0.0914782999898307,0.0004267999902367592
15,Breast Cancer Wisconsin (Original),3,RandomFuzzyRules__threshold__0_1,629,70,9,9,0.9428571428571428,0.9166666666666666,0.9918478260869565,0.09243180000339635,0.0004317999992053956
15,Breast Cancer Wisconsin (Original),3,RandomFuzzyRules__threshold__0_2,629,70,9,9,0.9285714285714286,0.8979591836734694,0.9773550724637682,0.08904019999317825,0.00045599999430123717
15,Breast Cancer Wisconsin (Original),3,RandomFuzzyRules__threshold__0_3,629,70,9,9,0.9142857142857143,0.8695652173913043,0.9855072463768116,0.09489589999429882,0.0004383999912533909
15,Breast Cancer Wisconsin (Original),3,RandomFuzzyRules__threshold__0_4,629,70,9,9,0.9428571428571428,0.9166666666666666,0.9855072463768116,0.0917602999979863,0.0004209000035189092
15,Breast Cancer Wisconsin (Original),3,RandomFuzzyRules__threshold__0_5,629,70,9,9,0.9714285714285714,0.96,0.9895833333333334,0.07665190000261646,0.0003971999976783991
15,Breast Cancer Wisconsin (Original),3,RandomFuzzyRules__threshold__0_6,629,70,9,9,0.9428571428571428,0.9166666666666666,0.9895833333333334,0.09914789999311324,0.00037930000689812005
15,Breast Cancer Wisconsin (Original),3,RandomFuzzyRules__threshold__0_7,629,70,9,9,0.9285714285714286,0.8888888888888888,0.9895833333333334,0.12591010000323877,0.0004374999989522621
15,Breast Cancer Wisconsin (Original),3,RandomFuzzyRules__threshold__0_8,629,70,9,9,0.9428571428571428,0.9166666666666666,0.9510869565217391,0.0956368999904953,0.00041619999683462083
15,Breast Cancer Wisconsin (Original),3,RandomFuzzyRules__threshold__0_9,629,70,9,9,0.9428571428571428,0.9130434782608695,0.9864130434782609,0.08678240000153892,0.00029120000544935465
15,Breast Cancer Wisconsin (Original),4,RandomFuzzyRules__threshold__0_1,629,70,9,9,0.9142857142857143,0.8846153846153846,0.9655797101449276,0.09088630000769626,0.0003899000003002584
15,Breast Cancer Wisconsin (Original),4,RandomFuzzyRules__threshold__0_2,629,70,9,9,0.9571428571428572,0.9411764705882353,0.9891304347826086,0.11783289999584667,0.00038750001112930477
15,Breast Cancer Wisconsin (Original),4,RandomFuzzyRules__threshold__0_3,629,70,9,9,0.9142857142857143,0.8888888888888888,0.9963768115942029,0.10586860000330489,0.0003851000074064359
15,Breast Cancer Wisconsin (Original),4,RandomFuzzyRules__threshold__0_4,629,70,9,9,0.9,0.8727272727272727,0.9963768115942029,0.07885839999653399,0.0003691000019898638
15,Breast Cancer Wisconsin (Original),4,RandomFuzzyRules__threshold__0_5,629,70,9,9,0.9428571428571428,0.9230769230769231,0.9918478260869565,0.07919059999403544,0.0004034000012325123
15,Breast Cancer Wisconsin (Original),4,RandomFuzzyRules__threshold__0_6,629,70,9,9,0.9571428571428572,0.9411764705882353,0.9918478260869565,0.1000004999950761,0.0003782999992836267
15,Breast Cancer Wisconsin (Original),4,RandomFuzzyRules__threshold__0_7,629,70,9,9,0.9857142857142858,0.9795918367346939,0.9954710144927537,0.09096010000212118,0.000268299991148524
15,Breast Cancer Wisconsin (Original),4,RandomFuzzyRules__threshold__0_8,629,70,9,9,0.9857142857142858,0.9795918367346939,0.9936594202898551,0.07227340000099503,0.00040699999954085797
15,Breast Cancer Wisconsin (Original),4,RandomFuzzyRules__threshold__0_9,629,70,9,9,0.9857142857142858,0.9795918367346939,0.9963768115942029,0.12960949999978766,0.0003674000035971403
15,Breast Cancer Wisconsin (Original),5,RandomFuzzyRules__threshold__0_1,629,70,9,9,0.9285714285714286,0.8979591836734694,0.9624094202898551,0.08614250000391621,0.00031439999293070287
15,Breast Cancer Wisconsin (Original),5,RandomFuzzyRules__threshold__0_2,629,70,9,9,0.9428571428571428,0.9230769230769231,0.9646739130434783,0.07449659999110736,0.00025270000332966447
15,Breast Cancer Wisconsin (Original),5,RandomFuzzyRules__threshold__0_3,629,70,9,9,0.9285714285714286,0.8979591836734694,0.9646739130434783,0.11685049999505281,0.00038139999378472567
15,Breast Cancer Wisconsin (Original),5,RandomFuzzyRules__threshold__0_4,629,70,9,9,0.9571428571428572,0.9411764705882353,0.9728260869565217,0.10720169999694917,0.0004025000089313835
15,Breast Cancer Wisconsin (Original),5,RandomFuzzyRules__threshold__0_5,629,70,9,9,0.9571428571428572,0.9411764705882353,0.9827898550724639,0.0713815000053728,0.0002660000027390197
15,Breast Cancer Wisconsin (Original),5,RandomFuzzyRules__threshold__0_6,629,70,9,9,0.9571428571428572,0.9411764705882353,0.9827898550724639,0.1100875999982236,0.0002795999898808077
15,Breast Cancer Wisconsin (Original),5,RandomFuzzyRules__threshold__0_7,629,70,9,9,0.9428571428571428,0.92,0.9882246376811594,0.07036159999552183,0.0003704999980982393
15,Breast Cancer Wisconsin (Original),5,RandomFuzzyRules__threshold__0_8,629,70,9,9,0.9285714285714286,0.8979591836734694,0.9583333333333333,0.08454010001150891,0.00040330000047106296
15,Breast Cancer Wisconsin (Original),5,RandomFuzzyRules__threshold__0_9,629,70,9,9,0.9,0.851063829787234,0.9809782608695652,0.07423850000486709,0.00038949999725446105
15,Breast Cancer Wisconsin (Original),6,RandomFuzzyRules__threshold__0_1,629,70,9,9,0.9714285714285714,0.9583333333333334,0.993659420289855,0.07069270001375116,0.00038729999505449086
15,Breast Cancer Wisconsin (Original),6,RandomFuzzyRules__threshold__0_2,629,70,9,9,0.9857142857142858,0.9787234042553191,0.9981884057971016,0.0702886000071885,0.0004065999964950606
15,Breast Cancer Wisconsin (Original),6,RandomFuzzyRules__threshold__0_3,629,70,9,9,0.9571428571428572,0.9411764705882353,1.0,0.07018490000336897,0.0004057000041939318
15,Breast Cancer Wisconsin (Original),6,RandomFuzzyRules__threshold__0_4,629,70,9,9,0.9857142857142858,0.9787234042553191,1.0,0.07120829999621492,0.0003735000063898042
15,Breast Cancer Wisconsin (Original),6,RandomFuzzyRules__threshold__0_5,629,70,9,9,0.9714285714285714,0.96,1.0,0.06080770000698976,0.0003954999992856756
15,Breast Cancer Wisconsin (Original),6,RandomFuzzyRules__threshold__0_6,629,70,9,9,0.9857142857142858,0.9795918367346939,1.0,0.07119819999206811,0.00041980000969488174
15,Breast Cancer Wisconsin (Original),6,RandomFuzzyRules__threshold__0_7,629,70,9,9,1.0,1.0,1.0,0.0878342999931192,0.0003977999876951799
15,Breast Cancer Wisconsin (Original),6,RandomFuzzyRules__threshold__0_8,629,70,9,9,1.0,1.0,1.0,0.07107719998748507,0.0003829000052064657
15,Breast Cancer Wisconsin (Original),6,RandomFuzzyRules__threshold__0_9,629,70,9,9,0.9857142857142858,0.9787234042553191,0.9990942028985508,0.0704457999963779,0.0003800999984377995
15,Breast Cancer Wisconsin (Original),7,RandomFuzzyRules__threshold__0_1,629,70,9,9,0.9428571428571428,0.9166666666666666,0.9941123188405797,0.07315589999780059,0.00040920000174082816
15,Breast Cancer Wisconsin (Original),7,RandomFuzzyRules__threshold__0_2,629,70,9,9,0.9428571428571428,0.9166666666666666,0.9859601449275363,0.08172909999848343,0.00037819999852217734
15,Breast Cancer Wisconsin (Original),7,RandomFuzzyRules__threshold__0_3,629,70,9,9,0.9571428571428572,0.9361702127659575,0.9963768115942029,0.07155540000530891,0.00041870000131893903
15,Breast Cancer Wisconsin (Original),7,RandomFuzzyRules__threshold__0_4,629,70,9,9,0.9285714285714286,0.8936170212765957,0.9782608695652174,0.074953600007575,0.0003958000015700236
15,Breast Cancer Wisconsin (Original),7,RandomFuzzyRules__threshold__0_5,629,70,9,9,0.9428571428571428,0.92,0.9932065217391305,0.05806080000184011,0.0004124000115552917
15,Breast Cancer Wisconsin (Original),7,RandomFuzzyRules__threshold__0_6,629,70,9,9,0.9571428571428572,0.9387755102040817,0.9932065217391305,0.07413979999546427,0.0003727000002982095
15,Breast Cancer Wisconsin (Original),7,RandomFuzzyRules__threshold__0_7,629,70,9,9,0.9571428571428572,0.9361702127659575,0.9972826086956522,0.0763586000102805,0.00037569999403785914
15,Breast Cancer Wisconsin (Original),7,RandomFuzzyRules__threshold__0_8,629,70,9,9,0.9714285714285714,0.9565217391304348,0.9701086956521738,0.07082809999701567,0.00038889999268576503
15,Breast Cancer Wisconsin (Original),7,RandomFuzzyRules__threshold__0_9,629,70,9,9,0.9571428571428572,0.9333333333333333,0.9923007246376812,0.08673920000728685,0.00044809999235440046
15,Breast Cancer Wisconsin (Original),8,RandomFuzzyRules__threshold__0_1,629,70,9,9,0.9285714285714286,0.9019607843137255,0.9904891304347826,0.07101629998942371,0.00041259999852627516
15,Breast Cancer Wisconsin (Original),8,RandomFuzzyRules__threshold__0_2,629,70,9,9,0.9571428571428572,0.9387755102040817,0.9941123188405797,0.07099530000414234,0.0003778000100282952
15,Breast Cancer Wisconsin (Original),8,RandomFuzzyRules__threshold__0_3,629,70,9,9,0.9571428571428572,0.9333333333333333,0.9932065217391304,0.07679650001227856,0.00040080001053866
15,Breast Cancer Wisconsin (Original),8,RandomFuzzyRules__threshold__0_4,629,70,9,9,0.9428571428571428,0.9230769230769231,0.9963768115942029,0.06838470000366215,0.0004124999977648258
15,Breast Cancer Wisconsin (Original),8,RandomFuzzyRules__threshold__0_5,629,70,9,9,0.9571428571428572,0.9411764705882353,0.9981884057971014,0.058327200007624924,0.0003968999953940511
15,Breast Cancer Wisconsin (Original),8,RandomFuzzyRules__threshold__0_6,629,70,9,9,0.9857142857142858,0.9787234042553191,0.9981884057971014,0.0716757000045618,0.0003904000041075051
15,Breast Cancer Wisconsin (Original),8,RandomFuzzyRules__threshold__0_7,629,70,9,9,0.9571428571428572,0.9333333333333333,0.9909420289855072,0.07190270000137389,0.00036050000926479697
15,Breast Cancer Wisconsin (Original),8,RandomFuzzyRules__threshold__0_8,629,70,9,9,0.9571428571428572,0.9333333333333333,0.9411231884057971,0.07095379999373108,0.00038779999886173755
15,Breast Cancer Wisconsin (Original),8,RandomFuzzyRules__threshold__0_9,629,70,9,9,0.9428571428571428,0.9090909090909091,0.9855072463768115,0.08756820000417065,0.00037209999572951347
15,Breast Cancer Wisconsin (Original),9,RandomFuzzyRules__threshold__0_1,629,70,9,9,0.9428571428571428,0.9166666666666666,0.9866666666666667,0.09203539999725763,0.0003479000006336719
15,Breast Cancer Wisconsin (Original),9,RandomFuzzyRules__threshold__0_2,629,70,9,9,0.9428571428571428,0.9166666666666666,0.9866666666666667,0.08231070000329055,0.0003971999976783991
15,Breast Cancer Wisconsin (Original),9,RandomFuzzyRules__threshold__0_3,629,70,9,9,0.9571428571428572,0.9387755102040817,0.9884444444444445,0.07945269999618176,0.000374700000975281
15,Breast Cancer Wisconsin (Original),9,RandomFuzzyRules__threshold__0_4,629,70,9,9,0.9714285714285714,0.96,0.992,0.07033600000431761,0.0003941000031773001
15,Breast Cancer Wisconsin (Original),9,RandomFuzzyRules__threshold__0_5,629,70,9,9,0.9857142857142858,0.9803921568627451,0.9955555555555555,0.06130789998860564,0.000294700002996251
15,Breast Cancer Wisconsin (Original),9,RandomFuzzyRules__threshold__0_6,629,70,9,9,0.9857142857142858,0.9803921568627451,0.9955555555555555,0.10035110000171699,0.0002825999981723726
15,Breast Cancer Wisconsin (Original),9,RandomFuzzyRules__threshold__0_7,629,70,9,9,0.9714285714285714,0.96,0.9955555555555555,0.08110569999553263,0.00036619999445974827
15,Breast Cancer Wisconsin (Original),9,RandomFuzzyRules__threshold__0_8,629,70,9,9,0.9428571428571428,0.9166666666666666,0.9644444444444444,0.08949989998654928,0.0003782999992836267
15,Breast Cancer Wisconsin (Original),9,RandomFuzzyRules__threshold__0_9,629,70,9,9,0.9142857142857143,0.8695652173913043,0.9875555555555555,0.09192170000460465,0.0003257000062149018
15,Breast Cancer Wisconsin (Original),10,RandomFuzzyRules__threshold__0_1,630,69,9,9,0.9420289855072463,0.9166666666666666,0.9907407407407407,0.09323069998936262,0.00033039999834727496
15,Breast Cancer Wisconsin (Original),10,RandomFuzzyRules__threshold__0_2,630,69,9,9,0.9420289855072463,0.9166666666666666,0.9944444444444445,0.08590950000507291,0.0003355000080773607
15,Breast Cancer Wisconsin (Original),10,RandomFuzzyRules__threshold__0_3,630,69,9,9,0.9420289855072463,0.9166666666666666,0.9879629629629629,0.089564199995948,0.00039960000140126795
15,Breast Cancer Wisconsin (Original),10,RandomFuzzyRules__threshold__0_4,630,69,9,9,0.9420289855072463,0.9130434782608695,0.9944444444444444,0.0892734999943059,0.00041680000140331686
15,Breast Cancer Wisconsin (Original),10,RandomFuzzyRules__threshold__0_5,630,69,9,9,0.9710144927536232,0.96,0.9976851851851851,0.07664739999745507,0.00044659999548457563
15,Breast Cancer Wisconsin (Original),10,RandomFuzzyRules__threshold__0_6,630,69,9,9,0.9710144927536232,0.9583333333333334,0.9976851851851851,0.09900019998895004,0.0004667000030167401
15,Breast Cancer Wisconsin (Original),10,RandomFuzzyRules__threshold__0_7,630,69,9,9,0.9565217391304348,0.9361702127659575,0.9953703703703705,0.09385530000145081,0.0004408999957377091
15,Breast Cancer Wisconsin (Original),10,RandomFuzzyRules__threshold__0_8,630,69,9,9,0.9565217391304348,0.9361702127659575,0.9703703703703703,0.09935250000853557,0.00038240000139921904
15,Breast Cancer Wisconsin (Original),10,RandomFuzzyRules__threshold__0_9,630,69,9,9,0.9420289855072463,0.9090909090909091,0.9814814814814814,0.09618290000071283,0.0004265000025043264
17,Breast Cancer Wisconsin (Diagnostic),1,RandomFuzzyRules__threshold__0_1,512,57,30,30,0.9473684210526315,0.9302325581395349,0.9948051948051948,0.05964059999678284,0.000368200009688735
17,Breast Cancer Wisconsin (Diagnostic),1,RandomFuzzyRules__threshold__0_2,512,57,30,30,0.9649122807017544,0.9523809523809523,0.9974025974025974,0.05846830000518821,0.0003665999975055456
17,Breast Cancer Wisconsin (Diagnostic),1,RandomFuzzyRules__threshold__0_3,512,57,30,30,0.9649122807017544,0.9523809523809523,0.9948051948051948,0.0616091999982018,0.0003895999980159104
17,Breast Cancer Wisconsin (Diagnostic),1,RandomFuzzyRules__threshold__0_4,512,57,30,30,0.9649122807017544,0.9565217391304348,0.9974025974025974,0.05989269999554381,0.0003539000026648864
17,Breast Cancer Wisconsin (Diagnostic),1,RandomFuzzyRules__threshold__0_5,512,57,30,30,0.9122807017543859,0.8888888888888888,0.9922077922077922,0.047631399997044355,0.0004044999950565398
17,Breast Cancer Wisconsin (Diagnostic),1,RandomFuzzyRules__threshold__0_6,512,57,30,30,0.9473684210526315,0.926829268292683,0.9948051948051948,0.05945719999726862,0.0003473999968264252
17,Breast Cancer Wisconsin (Diagnostic),1,RandomFuzzyRules__threshold__0_7,512,57,30,30,0.9649122807017544,0.9565217391304348,0.9987012987012986,0.05973050001193769,0.0004003999929409474
17,Breast Cancer Wisconsin (Diagnostic),1,RandomFuzzyRules__threshold__0_8,512,57,30,30,0.9473684210526315,0.9333333333333333,0.9805194805194805,0.06084170000394806,0.00039679999463260174
17,Breast Cancer Wisconsin (Diagnostic),1,RandomFuzzyRules__threshold__0_9,512,57,30,30,0.9122807017543859,0.8979591836734694,0.9935064935064934,0.06061319999571424,0.00036109999928157777
17,Breast Cancer Wisconsin (Diagnostic),2,RandomFuzzyRules__threshold__0_1,512,57,30,30,0.9649122807017544,0.9523809523809523,0.9987012987012986,0.06040760000178125,0.0003603000077418983
17,Breast Cancer Wisconsin (Diagnostic),2,RandomFuzzyRules__threshold__0_2,512,57,30,30,0.9824561403508771,0.9767441860465116,0.996103896103896,0.05984159999934491,0.0003934999986086041
17,Breast Cancer Wisconsin (Diagnostic),2,RandomFuzzyRules__threshold__0_3,512,57,30,30,0.9473684210526315,0.9302325581395349,0.9922077922077922,0.06082349999633152,0.00038440000207629055
17,Breast Cancer Wisconsin (Diagnostic),2,RandomFuzzyRules__threshold__0_4,512,57,30,30,0.9824561403508771,0.9777777777777777,0.9857142857142857,0.060833900002762675,0.0003597000031732023
17,Breast Cancer Wisconsin (Diagnostic),2,RandomFuzzyRules__threshold__0_5,512,57,30,30,0.9473684210526315,0.9302325581395349,0.9792207792207792,0.048498299991479144,0.0003763999993680045
17,Breast Cancer Wisconsin (Diagnostic),2,RandomFuzzyRules__threshold__0_6,512,57,30,30,0.9473684210526315,0.9361702127659575,0.974025974025974,0.05951449999702163,0.0004059999919263646
17,Breast Cancer Wisconsin (Diagnostic),2,RandomFuzzyRules__threshold__0_7,512,57,30,30,0.9473684210526315,0.9333333333333333,0.9844155844155844,0.06622849999985192,0.0003932999970857054
17,Breast Cancer Wisconsin (Diagnostic),2,RandomFuzzyRules__threshold__0_8,512,57,30,30,0.9473684210526315,0.9361702127659575,0.9922077922077922,0.061157900010584854,0.00040010000520851463
17,Breast Cancer Wisconsin (Diagnostic),2,RandomFuzzyRules__threshold__0_9,512,57,30,30,0.8947368421052632,0.88,0.9883116883116883,0.06168719999550376,0.0003935999993700534
17,Breast Cancer Wisconsin (Diagnostic),3,RandomFuzzyRules__threshold__0_1,512,57,30,30,0.9649122807017544,0.95,1.0,0.07134209999640007,0.00045249999675434083
17,Breast Cancer Wisconsin (Diagnostic),3,RandomFuzzyRules__threshold__0_2,512,57,30,30,0.9473684210526315,0.9230769230769231,1.0,0.06140399999276269,0.00037650000012945384
17,Breast Cancer Wisconsin (Diagnostic),3,RandomFuzzyRules__threshold__0_3,512,57,30,30,0.9473684210526315,0.9230769230769231,1.0,0.060979699992458336,0.000382099999114871
17,Breast Cancer Wisconsin (Diagnostic),3,RandomFuzzyRules__threshold__0_4,512,57,30,30,0.9298245614035088,0.9090909090909091,0.9775132275132274,0.060989699995843694,0.0004158000083407387
17,Breast Cancer Wisconsin (Diagnostic),3,RandomFuzzyRules__threshold__0_5,512,57,30,30,0.9122807017543859,0.8780487804878049,0.9563492063492063,0.048310300000594,0.0004027999966638163
17,Breast Cancer Wisconsin (Diagnostic),3,RandomFuzzyRules__threshold__0_6,512,57,30,30,0.9649122807017544,0.95,0.9973544973544973,0.07124240000848658,0.0004199999966658652
17,Breast Cancer Wisconsin (Diagnostic),3,RandomFuzzyRules__threshold__0_7,512,57,30,30,0.9473684210526315,0.9302325581395349,0.9894179894179894,0.07041520001075696,0.0004393999988678843
17,Breast Cancer Wisconsin (Diagnostic),3,RandomFuzzyRules__threshold__0_8,512,57,30,30,0.9122807017543859,0.8888888888888888,0.9814814814814815,0.06339370000932831,0.00039430000470019877
17,Breast Cancer Wisconsin (Diagnostic),3,RandomFuzzyRules__threshold__0_9,512,57,30,30,0.9473684210526315,0.9333333333333333,0.9986772486772486,0.07129799999529496,0.00040210000588558614
17,Breast Cancer Wisconsin (Diagnostic),4,RandomFuzzyRules__threshold__0_1,512,57,30,30,0.8421052631578947,0.7428571428571429,0.9325396825396826,0.06281659999513067,0.00039539999852422625
17,Breast Cancer Wisconsin (Diagnostic),4,RandomFuzzyRules__threshold__0_2,512,57,30,30,0.8421052631578947,0.7428571428571429,0.9404761904761905,0.06031719999737106,0.00038409999979194254
17,Breast Cancer Wisconsin (Diagnostic),4,RandomFuzzyRules__threshold__0_3,512,57,30,30,0.9122807017543859,0.8648648648648649,0.9722222222222222,0.06044030000339262,0.00040780000563245267
17,Breast Cancer Wisconsin (Diagnostic),4,RandomFuzzyRules__threshold__0_4,512,57,30,30,0.8771929824561403,0.8108108108108109,0.951058201058201,0.059469500003615394,0.0004000000044470653
17,Breast Cancer Wisconsin (Diagnostic),4,RandomFuzzyRules__threshold__0_5,512,57,30,30,0.8596491228070176,0.8,0.9523809523809524,0.04833140000118874,0.00037910000537522137
17,Breast Cancer Wisconsin (Diagnostic),4,RandomFuzzyRules__threshold__0_6,512,57,30,30,0.8421052631578947,0.7428571428571429,0.9325396825396826,0.06852909999724943,0.0004067999980179593
17,Breast Cancer Wisconsin (Diagnostic),4,RandomFuzzyRules__threshold__0_7,512,57,30,30,0.8421052631578947,0.7272727272727273,0.9365079365079365,0.07063960000232328,0.0004323999892221764
17,Breast Cancer Wisconsin (Diagnostic),4,RandomFuzzyRules__threshold__0_8,512,57,30,30,0.9122807017543859,0.8780487804878049,0.9682539682539683,0.06036600000516046,0.00040079999598674476
17,Breast Cancer Wisconsin (Diagnostic),4,RandomFuzzyRules__threshold__0_9,512,57,30,30,0.8245614035087719,0.7619047619047619,0.921957671957672,0.05981979999342002,0.0003991999983554706
17,Breast Cancer Wisconsin (Diagnostic),5,RandomFuzzyRules__threshold__0_1,512,57,30,30,0.9298245614035088,0.9,0.9629629629629628,0.07264040000154637,0.00038890000723768026
17,Breast Cancer Wisconsin (Diagnostic),5,RandomFuzzyRules__threshold__0_2,512,57,30,30,0.9649122807017544,0.95,0.9656084656084656,0.06054540000332054,0.0003922000032616779
17,Breast Cancer Wisconsin (Diagnostic),5,RandomFuzzyRules__threshold__0_3,512,57,30,30,0.9473684210526315,0.9230769230769231,0.9722222222222223,0.06074770000122953,0.000363900006050244
17,Breast Cancer Wisconsin (Diagnostic),5,RandomFuzzyRules__threshold__0_4,512,57,30,30,0.9824561403508771,0.975609756097561,0.9603174603174602,0.061748599997372366,0.00039939999987836927
17,Breast Cancer Wisconsin (Diagnostic),5,RandomFuzzyRules__threshold__0_5,512,57,30,30,0.9649122807017544,0.95,0.9603174603174603,0.048527199993259273,0.0003527000080794096
17,Breast Cancer Wisconsin (Diagnostic),5,RandomFuzzyRules__threshold__0_6,512,57,30,30,0.9122807017543859,0.8717948717948718,0.9576719576719577,0.061860100002377294,0.0003907000063918531
17,Breast Cancer Wisconsin (Diagnostic),5,RandomFuzzyRules__threshold__0_7,512,57,30,30,0.9649122807017544,0.9523809523809523,0.9894179894179893,0.06394649999856483,0.00040669999725650996
17,Breast Cancer Wisconsin (Diagnostic),5,RandomFuzzyRules__threshold__0_8,512,57,30,30,0.8947368421052632,0.8571428571428571,0.9484126984126984,0.06101029999263119,0.00040299999818671495
17,Breast Cancer Wisconsin (Diagnostic),5,RandomFuzzyRules__threshold__0_9,512,57,30,30,0.9122807017543859,0.8888888888888888,0.9510582010582009,0.061448100008419715,0.00038749999657738954
17,Breast Cancer Wisconsin (Diagnostic),6,RandomFuzzyRules__threshold__0_1,512,57,30,30,0.9298245614035088,0.8947368421052632,0.9748677248677249,0.05993010000383947,0.000403900005039759
17,Breast Cancer Wisconsin (Diagnostic),6,RandomFuzzyRules__threshold__0_2,512,57,30,30,0.8947368421052632,0.8333333333333334,0.9801587301587302,0.05979189999925438,0.0003728000010596588
17,Breast Cancer Wisconsin (Diagnostic),6,RandomFuzzyRules__threshold__0_3,512,57,30,30,0.8947368421052632,0.8333333333333334,0.9761904761904763,0.06033659999957308,0.0004098999925190583
17,Breast Cancer Wisconsin (Diagnostic),6,RandomFuzzyRules__threshold__0_4,512,57,30,30,0.8947368421052632,0.8571428571428571,0.9814814814814815,0.06004580001172144,0.0004104999970877543
17,Breast Cancer Wisconsin (Diagnostic),6,RandomFuzzyRules__threshold__0_5,512,57,30,30,0.8947368421052632,0.8333333333333334,0.992063492063492,0.05669080000370741,0.00039700001070741564
17,Breast Cancer Wisconsin (Diagnostic),6,RandomFuzzyRules__threshold__0_6,512,57,30,30,0.8947368421052632,0.8333333333333334,0.9801587301587302,0.06573069999285508,0.0006168999971123412
17,Breast Cancer Wisconsin (Diagnostic),6,RandomFuzzyRules__threshold__0_7,512,57,30,30,0.8947368421052632,0.8421052631578947,0.9735449735449735,0.062370300001930445,0.0004008999967481941
17,Breast Cancer Wisconsin (Diagnostic),6,RandomFuzzyRules__threshold__0_8,512,57,30,30,0.8947368421052632,0.85,0.9801587301587302,0.06061930001305882,0.0004037999897263944
17,Breast Cancer Wisconsin (Diagnostic),6,RandomFuzzyRules__threshold__0_9,512,57,30,30,0.8771929824561403,0.851063829787234,0.9722222222222222,0.07030710000253748,0.0003902000025846064
17,Breast Cancer Wisconsin (Diagnostic),7,RandomFuzzyRules__threshold__0_1,512,57,30,30,0.9473684210526315,0.9230769230769231,0.9841269841269842,0.05995270000130404,0.0003826000029221177
17,Breast Cancer Wisconsin (Diagnostic),7,RandomFuzzyRules__threshold__0_2,512,57,30,30,0.9298245614035088,0.8947368421052632,0.9814814814814814,0.06487039999046829,0.0003952999977627769
17,Breast Cancer Wisconsin (Diagnostic),7,RandomFuzzyRules__threshold__0_3,512,57,30,30,0.8947368421052632,0.85,0.9616402116402116,0.0679558999981964,0.0004120999947190285
17,Breast Cancer Wisconsin (Diagnostic),7,RandomFuzzyRules__threshold__0_4,512,57,30,30,0.9649122807017544,0.9545454545454546,0.996031746031746,0.06162900000344962,0.00038519999361597
17,Breast Cancer Wisconsin (Diagnostic),7,RandomFuzzyRules__threshold__0_5,512,57,30,30,0.8771929824561403,0.8444444444444444,0.9748677248677249,0.049177199995028786,0.00037429999792948365
17,Breast Cancer Wisconsin (Diagnostic),7,RandomFuzzyRules__threshold__0_6,512,57,30,30,0.9122807017543859,0.8717948717948718,0.9788359788359788,0.07121780001034494,0.00032839999767020345
17,Breast Cancer Wisconsin (Diagnostic),7,RandomFuzzyRules__threshold__0_7,512,57,30,30,0.9122807017543859,0.8780487804878049,0.966931216931217,0.06826569999975618,0.0003488000074867159
17,Breast Cancer Wisconsin (Diagnostic),7,RandomFuzzyRules__threshold__0_8,512,57,30,30,0.8596491228070176,0.8095238095238095,0.9616402116402116,0.07370470000023488,0.00045530000352300704
17,Breast Cancer Wisconsin (Diagnostic),7,RandomFuzzyRules__threshold__0_9,512,57,30,30,0.9122807017543859,0.8936170212765957,0.9656084656084657,0.07566780000342987,0.00041360000614076853
17,Breast Cancer Wisconsin (Diagnostic),8,RandomFuzzyRules__threshold__0_1,512,57,30,30,0.9824561403508771,0.975609756097561,0.9907407407407407,0.07428689999505877,0.0004735999973490834
17,Breast Cancer Wisconsin (Diagnostic),8,RandomFuzzyRules__threshold__0_2,512,57,30,30,0.9824561403508771,0.975609756097561,0.9920634920634921,0.07254539999121334,0.00044439999328460544
17,Breast Cancer Wisconsin (Diagnostic),8,RandomFuzzyRules__threshold__0_3,512,57,30,30,0.8947368421052632,0.8571428571428571,0.9656084656084656,0.06960599999001715,0.00043569999979808927
17,Breast Cancer Wisconsin (Diagnostic),8,RandomFuzzyRules__threshold__0_4,512,57,30,30,0.9473684210526315,0.9333333333333333,1.0,0.07449579999956768,0.00043309999455232173
17,Breast Cancer Wisconsin (Diagnostic),8,RandomFuzzyRules__threshold__0_5,512,57,30,30,0.9473684210526315,0.9302325581395349,0.9907407407407407,0.07867889999761246,0.0004234999942127615
17,Breast Cancer Wisconsin (Diagnostic),8,RandomFuzzyRules__threshold__0_6,512,57,30,30,0.9122807017543859,0.8888888888888888,0.9867724867724867,0.07545600000594277,0.0004419000033522025
17,Breast Cancer Wisconsin (Diagnostic),8,RandomFuzzyRules__threshold__0_7,512,57,30,30,0.9122807017543859,0.8888888888888888,0.9814814814814814,0.07938740000827238,0.0004566999996313825
17,Breast Cancer Wisconsin (Diagnostic),8,RandomFuzzyRules__threshold__0_8,512,57,30,30,0.9473684210526315,0.9302325581395349,0.9947089947089947,0.069866899997578,0.0003606000100262463
17,Breast Cancer Wisconsin (Diagnostic),8,RandomFuzzyRules__threshold__0_9,512,57,30,30,0.8596491228070176,0.84,0.9920634920634921,0.07614209999155719,0.0004423000063979998
17,Breast Cancer Wisconsin (Diagnostic),9,RandomFuzzyRules__threshold__0_1,512,57,30,30,0.9122807017543859,0.8717948717948718,0.9477513227513227,0.07211740000639111,0.0004091000009793788
17,Breast Cancer Wisconsin (Diagnostic),9,RandomFuzzyRules__threshold__0_2,512,57,30,30,0.9298245614035088,0.9047619047619048,0.9854497354497355,0.07426670000131708,0.0004440000047907233
17,Breast Cancer Wisconsin (Diagnostic),9,RandomFuzzyRules__threshold__0_3,512,57,30,30,0.8947368421052632,0.85,0.9682539682539681,0.07245189999230206,0.0004107999993721023
17,Breast Cancer Wisconsin (Diagnostic),9,RandomFuzzyRules__threshold__0_4,512,57,30,30,0.9649122807017544,0.9523809523809523,0.9933862433862434,0.09149399999296293,0.00041969999438151717
17,Breast Cancer Wisconsin (Diagnostic),9,RandomFuzzyRules__threshold__0_5,512,57,30,30,0.9473684210526315,0.926829268292683,0.9907407407407407,0.06458029999339487,0.00047289999201893806
17,Breast Cancer Wisconsin (Diagnostic),9,RandomFuzzyRules__threshold__0_6,512,57,30,30,0.9298245614035088,0.9,0.9708994708994709,0.07331510000221897,0.00039659999310970306
17,Breast Cancer Wisconsin (Diagnostic),9,RandomFuzzyRules__threshold__0_7,512,57,30,30,0.9122807017543859,0.8648648648648649,0.9907407407407407,0.07237890000396874,0.0004915000026812777
17,Breast Cancer Wisconsin (Diagnostic),9,RandomFuzzyRules__threshold__0_8,512,57,30,30,0.8947368421052632,0.8571428571428571,0.9775132275132274,0.07482290000189096,0.0004381000035209581
17,Breast Cancer Wisconsin (Diagnostic),9,RandomFuzzyRules__threshold__0_9,512,57,30,30,0.9122807017543859,0.8888888888888888,0.9814814814814814,0.07398210000246763,0.0004710000066552311
17,Breast Cancer Wisconsin (Diagnostic),10,RandomFuzzyRules__threshold__0_1,513,56,30,30,0.9642857142857143,0.95,0.998639455782313,0.07328779999807011,0.00043059999006800354
17,Breast Cancer Wisconsin (Diagnostic),10,RandomFuzzyRules__threshold__0_2,513,56,30,30,0.9642857142857143,0.95,0.998639455782313,0.07187319999502506,0.0004309000069042668
17,Breast Cancer Wisconsin (Diagnostic),10,RandomFuzzyRules__threshold__0_3,513,56,30,30,0.9821428571428571,0.975609756097561,0.998639455782313,0.08418180000444409,0.00045179999142419547
17,Breast Cancer Wisconsin (Diagnostic),10,RandomFuzzyRules__threshold__0_4,513,56,30,30,1.0,1.0,1.0,0.0765149999933783,0.0004318999999668449
17,Breast Cancer Wisconsin (Diagnostic),10,RandomFuzzyRules__threshold__0_5,513,56,30,30,0.9464285714285714,0.9230769230769231,0.9972789115646259,0.06426709999504965,0.0004419000033522025
17,Breast Cancer Wisconsin (Diagnostic),10,RandomFuzzyRules__threshold__0_6,513,56,30,30,0.9642857142857143,0.95,0.998639455782313,0.07684509998944122,0.0005038000090280548
17,Breast Cancer Wisconsin (Diagnostic),10,RandomFuzzyRules__threshold__0_7,513,56,30,30,0.9642857142857143,0.95,0.9836734693877551,0.07595610000134911,0.00030280000646598637
17,Breast Cancer Wisconsin (Diagnostic),10,RandomFuzzyRules__threshold__0_8,513,56,30,30,0.9821428571428571,0.975609756097561,0.998639455782313,0.07498239999404177,0.00044859999616164714
17,Breast Cancer Wisconsin (Diagnostic),10,RandomFuzzyRules__threshold__0_9,513,56,30,30,0.9821428571428571,0.9767441860465116,0.9972789115646259,0.09583140000177082,0.0004710999928647652
27,Credit Approval,1,RandomFuzzyRules__threshold__0_1,621,69,15,46,0.8405797101449275,0.8607594936708861,0.8255517826825127,0.08984660000714939,0.0003732000041054562
27,Credit Approval,1,RandomFuzzyRules__threshold__0_2,621,69,15,46,0.8840579710144928,0.8947368421052632,0.898981324278438,0.06620229998952709,0.00028199999360367656
27,Credit Approval,1,RandomFuzzyRules__threshold__0_3,621,69,15,46,0.8695652173913043,0.8831168831168831,0.8624787775891342,0.07310270000016317,0.00027040000713896006
27,Credit Approval,1,RandomFuzzyRules__threshold__0_4,621,69,15,46,0.8695652173913043,0.8831168831168831,0.8624787775891342,0.06056949999765493,0.0004403999919304624
27,Credit Approval,1,RandomFuzzyRules__threshold__0_5,621,69,15,46,0.8695652173913043,0.8831168831168831,0.8624787775891342,0.06954500000574626,0.00037059999885968864
27,Credit Approval,1,RandomFuzzyRules__threshold__0_6,621,69,15,46,0.8695652173913043,0.8831168831168831,0.8624787775891342,0.08503410000412259,0.00043200000072829425
27,Credit Approval,1,RandomFuzzyRules__threshold__0_7,621,69,15,46,0.8695652173913043,0.8831168831168831,0.8624787775891342,0.07672549999551848,0.00038750001112930477
27,Credit Approval,1,RandomFuzzyRules__threshold__0_8,621,69,15,46,0.8985507246376812,0.9066666666666666,0.899830220713073,0.08368469998822547,0.0002860999957192689
27,Credit Approval,1,RandomFuzzyRules__threshold__0_9,621,69,15,46,0.8405797101449275,0.8607594936708861,0.8760611205432938,0.06696759999613278,0.00044499999785330147
27,Credit Approval,2,RandomFuzzyRules__threshold__0_1,621,69,15,46,0.8405797101449275,0.8405797101449275,0.850169779286927,0.06970670000009704,0.00042860000394284725
27,Credit Approval,2,RandomFuzzyRules__threshold__0_2,621,69,15,46,0.8405797101449275,0.8405797101449275,0.8573853989813243,0.0615929000050528,0.0003924999909941107
27,Credit Approval,2,RandomFuzzyRules__threshold__0_3,621,69,15,46,0.8405797101449275,0.8405797101449275,0.8573853989813243,0.06118910000077449,0.00038729999505449086
27,Credit Approval,2,RandomFuzzyRules__threshold__0_4,621,69,15,46,0.8405797101449275,0.8405797101449275,0.850169779286927,0.06851690000621602,0.00043289999302942306
27,Credit Approval,2,RandomFuzzyRules__threshold__0_5,621,69,15,46,0.8405797101449275,0.8405797101449275,0.850169779286927,0.04980019999493379,0.0004149000014876947
27,Credit Approval,2,RandomFuzzyRules__threshold__0_6,621,69,15,46,0.8405797101449275,0.8405797101449275,0.850169779286927,0.06269679999968503,0.0004040999920107424
27,Credit Approval,2,RandomFuzzyRules__threshold__0_7,621,69,15,46,0.8405797101449275,0.8405797101449275,0.850169779286927,0.06444469999405555,0.00042039999971166253
27,Credit Approval,2,RandomFuzzyRules__threshold__0_8,621,69,15,46,0.8405797101449275,0.8405797101449275,0.8607809847198642,0.06254839999019168,0.0004259000124875456
27,Credit Approval,2,RandomFuzzyRules__threshold__0_9,621,69,15,46,0.8405797101449275,0.8405797101449275,0.849320882852292,0.06141589999606367,0.0004149999876972288
27,Credit Approval,3,RandomFuzzyRules__threshold__0_1,621,69,15,46,0.8260869565217391,0.8285714285714286,0.8637521222410866,0.06899909999629017,0.00043420000292826444
27,Credit Approval,3,RandomFuzzyRules__threshold__0_2,621,69,15,46,0.855072463768116,0.8529411764705882,0.8760611205432938,0.06435659999260679,0.0004104000108782202
27,Credit Approval,3,RandomFuzzyRules__threshold__0_3,621,69,15,46,0.855072463768116,0.8529411764705882,0.8760611205432938,0.06385839999711607,0.000413799993111752
27,Credit Approval,3,RandomFuzzyRules__threshold__0_4,621,69,15,46,0.855072463768116,0.8529411764705882,0.8662988115449916,0.07702650000283029,0.0004833999992115423
27,Credit Approval,3,RandomFuzzyRules__threshold__0_5,621,69,15,46,0.855072463768116,0.8529411764705882,0.8662988115449916,0.04957200000353623,0.0004044999950565398
27,Credit Approval,3,RandomFuzzyRules__threshold__0_6,621,69,15,46,0.855072463768116,0.8529411764705882,0.8662988115449916,0.06371250000665896,0.00041900000360328704
27,Credit Approval,3,RandomFuzzyRules__threshold__0_7,621,69,15,46,0.855072463768116,0.8529411764705882,0.8662988115449916,0.06300150000606664,0.0004219000111334026
27,Credit Approval,3,RandomFuzzyRules__threshold__0_8,621,69,15,46,0.855072463768116,0.8529411764705882,0.8896434634974533,0.06327020000026096,0.0003876999981002882
27,Credit Approval,3,RandomFuzzyRules__threshold__0_9,621,69,15,46,0.855072463768116,0.8529411764705882,0.9393039049235994,0.06414980000408832,0.0003733000048669055
27,Credit Approval,4,RandomFuzzyRules__threshold__0_1,621,69,15,46,0.7246376811594203,0.7164179104477612,0.735144312393888,0.06289660000766162,0.0004078999918419868
27,Credit Approval,4,RandomFuzzyRules__threshold__0_2,621,69,15,46,0.7391304347826086,0.7352941176470589,0.7746179966044143,0.1011059999873396,0.0003972999984398484
27,Credit Approval,4,RandomFuzzyRules__threshold__0_3,621,69,15,46,0.7391304347826086,0.7352941176470589,0.7746179966044143,0.07032129999424797,0.00042290000419598073
27,Credit Approval,4,RandomFuzzyRules__threshold__0_4,621,69,15,46,0.7246376811594203,0.7164179104477612,0.735144312393888,0.06497760000638664,0.0004104999970877543
27,Credit Approval,4,RandomFuzzyRules__threshold__0_5,621,69,15,46,0.7246376811594203,0.7164179104477612,0.735144312393888,0.053955499999574386,0.0003924000047845766
27,Credit Approval,4,RandomFuzzyRules__threshold__0_6,621,69,15,46,0.7246376811594203,0.7164179104477612,0.735144312393888,0.06417700000747573,0.00042159999429713935
27,Credit Approval,4,RandomFuzzyRules__threshold__0_7,621,69,15,46,0.7246376811594203,0.7164179104477612,0.735144312393888,0.06266869998944458,0.0003963000053772703
27,Credit Approval,4,RandomFuzzyRules__threshold__0_8,621,69,15,46,0.7246376811594203,0.7164179104477612,0.735144312393888,0.06259239999053534,0.0003912000101990998
27,Credit Approval,4,RandomFuzzyRules__threshold__0_9,621,69,15,46,0.7246376811594203,0.7164179104477612,0.735144312393888,0.061359100000117905,0.0004056999896420166
27,Credit Approval,5,RandomFuzzyRules__threshold__0_1,621,69,15,46,0.9420289855072463,0.9459459459459459,0.9460950764006791,0.07326360000297427,0.0003307999868411571
27,Credit Approval,5,RandomFuzzyRules__threshold__0_2,621,69,15,46,0.9565217391304348,0.96,0.9558573853989812,0.08180439998977818,0.0005118999979458749
27,Credit Approval,5,RandomFuzzyRules__threshold__0_3,621,69,15,46,0.9420289855072463,0.9459459459459459,0.9460950764006791,0.07400029999553226,0.0004422000056365505
27,Credit Approval,5,RandomFuzzyRules__threshold__0_4,621,69,15,46,0.9420289855072463,0.9459459459459459,0.9460950764006791,0.07931979998829775,0.0004067000118084252
27,Credit Approval,5,RandomFuzzyRules__threshold__0_5,621,69,15,46,0.9420289855072463,0.9459459459459459,0.9460950764006791,0.06551809998927638,0.00046120000479277223
27,Credit Approval,5,RandomFuzzyRules__threshold__0_6,621,69,15,46,0.9420289855072463,0.9459459459459459,0.9460950764006791,0.0761692999949446,0.0004532999882940203
27,Credit Approval,5,RandomFuzzyRules__threshold__0_7,621,69,15,46,0.9420289855072463,0.9459459459459459,0.9460950764006791,0.08013450000726152,0.0004056000034324825
27,Credit Approval,5,RandomFuzzyRules__threshold__0_8,621,69,15,46,0.9420289855072463,0.9444444444444444,0.9460950764006791,0.07935520001046825,0.00047250000352505594
27,Credit Approval,5,RandomFuzzyRules__threshold__0_9,621,69,15,46,0.9420289855072463,0.9473684210526315,0.9524617996604414,0.07681460000458173,0.0004813999985344708
27,Credit Approval,6,RandomFuzzyRules__threshold__0_1,621,69,15,46,0.7971014492753623,0.8,0.8073005093378609,0.09638420000555925,0.0004195000074105337
27,Credit Approval,6,RandomFuzzyRules__threshold__0_2,621,69,15,46,0.7971014492753623,0.8,0.8026315789473685,0.07431280000309926,0.0004189000028418377
27,Credit Approval,6,RandomFuzzyRules__threshold__0_3,621,69,15,46,0.7971014492753623,0.8,0.8026315789473685,0.07897030000458471,0.0004928999987896532
27,Credit Approval,6,RandomFuzzyRules__threshold__0_4,621,69,15,46,0.7971014492753623,0.8,0.8073005093378609,0.08197379999910481,0.0004518000059761107
27,Credit Approval,6,RandomFuzzyRules__threshold__0_5,621,69,15,46,0.7971014492753623,0.8,0.8073005093378609,0.06402350000280421,0.0004791999963345006
27,Credit Approval,6,RandomFuzzyRules__threshold__0_6,621,69,15,46,0.7971014492753623,0.8,0.8073005093378609,0.07721930000116117,0.00042219999886583537
27,Credit Approval,6,RandomFuzzyRules__threshold__0_7,621,69,15,46,0.7971014492753623,0.8,0.8073005093378609,0.07831899999291636,0.00041480000072624534
27,Credit Approval,6,RandomFuzzyRules__threshold__0_8,621,69,15,46,0.7971014492753623,0.7941176470588235,0.8068760611205432,0.07778110000072047,0.0003628999984357506
27,Credit Approval,6,RandomFuzzyRules__threshold__0_9,621,69,15,46,0.7971014492753623,0.7941176470588235,0.8068760611205432,0.09066020000318531,0.00044580000394489616
27,Credit Approval,7,RandomFuzzyRules__threshold__0_1,621,69,15,46,0.8695652173913043,0.88,0.8713921901528013,0.08583929999440443,0.00040600000647827983
27,Credit Approval,7,RandomFuzzyRules__threshold__0_2,621,69,15,46,0.927536231884058,0.9295774647887324,0.9439728353140918,0.07989300000190269,0.00044069999421481043
27,Credit Approval,7,RandomFuzzyRules__threshold__0_3,621,69,15,46,0.8695652173913043,0.88,0.8713921901528013,0.08244260000356007,0.00043849999201484025
27,Credit Approval,7,RandomFuzzyRules__threshold__0_4,621,69,15,46,0.8840579710144928,0.8918918918918919,0.9091680814940577,0.07798990000446793,0.000421199991251342
27,Credit Approval,7,RandomFuzzyRules__threshold__0_5,621,69,15,46,0.8840579710144928,0.8918918918918919,0.9091680814940577,0.06613340000330936,0.0004582999972626567
27,Credit Approval,7,RandomFuzzyRules__threshold__0_6,621,69,15,46,0.8840579710144928,0.8918918918918919,0.9091680814940577,0.0807253000093624,0.0003858999989461154
27,Credit Approval,7,RandomFuzzyRules__threshold__0_7,621,69,15,46,0.8840579710144928,0.8918918918918919,0.9091680814940577,0.07628490000206511,0.00046359999396372586
27,Credit Approval,7,RandomFuzzyRules__threshold__0_8,621,69,15,46,0.8840579710144928,0.8947368421052632,0.8892190152801358,0.0839616000012029,0.00045509998744819313
27,Credit Approval,7,RandomFuzzyRules__threshold__0_9,621,69,15,46,0.8840579710144928,0.8947368421052632,0.8892190152801358,0.07886839999991935,0.0004681999998865649
27,Credit Approval,8,RandomFuzzyRules__threshold__0_1,621,69,15,46,0.782608695652174,0.7945205479452054,0.7884615384615385,0.06605020001006778,0.00034220000088680536
27,Credit Approval,8,RandomFuzzyRules__threshold__0_2,621,69,15,46,0.8115942028985508,0.8266666666666667,0.8320512820512821,0.06881820000126027,0.00044630000775214285
27,Credit Approval,8,RandomFuzzyRules__threshold__0_3,621,69,15,46,0.7971014492753623,0.8108108108108109,0.8320512820512821,0.06199269999342505,0.00041930000588763505
27,Credit Approval,8,RandomFuzzyRules__threshold__0_4,621,69,15,46,0.782608695652174,0.7945205479452054,0.7884615384615385,0.0629307999915909,0.0004211000050418079
27,Credit Approval,8,RandomFuzzyRules__threshold__0_5,621,69,15,46,0.782608695652174,0.7945205479452054,0.7884615384615385,0.050588099999004044,0.00042609999945852906
27,Credit Approval,8,RandomFuzzyRules__threshold__0_6,621,69,15,46,0.782608695652174,0.7945205479452054,0.7884615384615385,0.06575819999852683,0.00041879998752847314
27,Credit Approval,8,RandomFuzzyRules__threshold__0_7,621,69,15,46,0.782608695652174,0.7945205479452054,0.7884615384615385,0.0701478999981191,0.00042300000495743006
27,Credit Approval,8,RandomFuzzyRules__threshold__0_8,621,69,15,46,0.782608695652174,0.7887323943661971,0.7923076923076924,0.06302860000869259,0.000421799995820038
27,Credit Approval,8,RandomFuzzyRules__threshold__0_9,621,69,15,46,0.782608695652174,0.7887323943661971,0.7923076923076924,0.06307750000269152,0.0004262000002199784
27,Credit Approval,9,RandomFuzzyRules__threshold__0_1,621,69,15,46,0.855072463768116,0.8571428571428571,0.8683760683760683,0.0749638999986928,0.00038470000436063856
27,Credit Approval,9,RandomFuzzyRules__threshold__0_2,621,69,15,46,0.8695652173913043,0.8732394366197183,0.867948717948718,0.0636034000053769,0.00041220001003239304
27,Credit Approval,9,RandomFuzzyRules__threshold__0_3,621,69,15,46,0.855072463768116,0.8571428571428571,0.867948717948718,0.06207440000434872,0.0004023999936180189
27,Credit Approval,9,RandomFuzzyRules__threshold__0_4,621,69,15,46,0.855072463768116,0.8571428571428571,0.8683760683760683,0.09426199999870732,0.00043339999683666974
27,Credit Approval,9,RandomFuzzyRules__threshold__0_5,621,69,15,46,0.855072463768116,0.8571428571428571,0.8683760683760683,0.0526662999909604,0.0004045999958179891
27,Credit Approval,9,RandomFuzzyRules__threshold__0_6,621,69,15,46,0.855072463768116,0.8571428571428571,0.8683760683760683,0.062945600002422,0.0004270000063115731
27,Credit Approval,9,RandomFuzzyRules__threshold__0_7,621,69,15,46,0.855072463768116,0.8571428571428571,0.8683760683760683,0.06591630000912119,0.00042359999497421086
27,Credit Approval,9,RandomFuzzyRules__threshold__0_8,621,69,15,46,0.8260869565217391,0.8285714285714286,0.8769230769230769,0.06896259999484755,0.00042300000495743006
27,Credit Approval,9,RandomFuzzyRules__threshold__0_9,621,69,15,46,0.8260869565217391,0.8285714285714286,0.8769230769230769,0.06484099999943282,0.000425199992605485
27,Credit Approval,10,RandomFuzzyRules__threshold__0_1,621,69,15,46,0.9420289855072463,0.9459459459459459,0.9487179487179487,0.0654175999952713,0.0004276999970898032
27,Credit Approval,10,RandomFuzzyRules__threshold__0_2,621,69,15,46,0.9565217391304348,0.96,0.9735042735042735,0.06191449999460019,0.0004410999972606078
27,Credit Approval,10,RandomFuzzyRules__threshold__0_3,621,69,15,46,0.927536231884058,0.935064935064935,0.9222222222222223,0.08048210000561085,0.00042640000174287707
27,Credit Approval,10,RandomFuzzyRules__threshold__0_4,621,69,15,46,0.927536231884058,0.935064935064935,0.9222222222222223,0.06240730000718031,0.00040249999437946826
27,Credit Approval,10,RandomFuzzyRules__threshold__0_5,621,69,15,46,0.927536231884058,0.935064935064935,0.9222222222222223,0.050616699998499826,0.00040160000207833946
27,Credit Approval,10,RandomFuzzyRules__threshold__0_6,621,69,15,46,0.927536231884058,0.935064935064935,0.9222222222222223,0.0643768000009004,0.00039039998955558985
27,Credit Approval,10,RandomFuzzyRules__threshold__0_7,621,69,15,46,0.927536231884058,0.935064935064935,0.9222222222222223,0.06249299999035429,0.00042899999243672937
27,Credit Approval,10,RandomFuzzyRules__threshold__0_8,621,69,15,46,0.927536231884058,0.9333333333333333,0.9730769230769232,0.0628151999990223,0.00040699999954085797
27,Credit Approval,10,RandomFuzzyRules__threshold__0_9,621,69,15,46,0.9420289855072463,0.9473684210526315,0.9837606837606837,0.0717447000060929,0.0004197999951429665
43,Haberman's Survival,1,RandomFuzzyRules__threshold__0_1,275,31,3,3,0.8709677419354839,0.7142857142857143,0.8152173913043479,0.13318179998896085,0.00035960000241175294
43,Haberman's Survival,1,RandomFuzzyRules__threshold__0_2,275,31,3,3,0.7741935483870968,0.2222222222222222,0.7554347826086958,0.12860160000855103,0.0003630999999586493
43,Haberman's Survival,1,RandomFuzzyRules__threshold__0_3,275,31,3,3,0.7741935483870968,0.2222222222222222,0.7608695652173914,0.13500170000770595,0.0003628999984357506
43,Haberman's Survival,1,RandomFuzzyRules__threshold__0_4,275,31,3,3,0.8064516129032258,0.5,0.8152173913043479,0.13710779999382794,0.00039739999920129776
43,Haberman's Survival,1,RandomFuzzyRules__threshold__0_5,275,31,3,3,0.7419354838709677,0.0,0.4782608695652174,0.1246817000064766,0.0003699999942909926
43,Haberman's Survival,1,RandomFuzzyRules__threshold__0_6,275,31,3,3,0.7741935483870968,0.2222222222222222,0.6739130434782609,0.12860830000136048,0.0003566999948816374
43,Haberman's Survival,1,RandomFuzzyRules__threshold__0_7,275,31,3,3,0.8709677419354839,0.6666666666666666,0.8396739130434783,0.13215330000093672,0.0003873999958159402
43,Haberman's Survival,1,RandomFuzzyRules__threshold__0_8,275,31,3,3,0.8064516129032258,0.4,0.766304347826087,0.13088579999748617,0.000370699999621138
43,Haberman's Survival,1,RandomFuzzyRules__threshold__0_9,275,31,3,3,0.7419354838709677,0.0,0.32065217391304346,0.13726040000619832,0.0003938000008929521
43,Haberman's Survival,2,RandomFuzzyRules__threshold__0_1,275,31,3,3,0.7096774193548387,0.3076923076923077,0.6793478260869565,0.12619389999599662,0.0002902000123867765
43,Haberman's Survival,2,RandomFuzzyRules__threshold__0_2,275,31,3,3,0.7419354838709677,0.2,0.6195652173913044,0.12761999999929685,0.0003601000062189996
43,Haberman's Survival,2,RandomFuzzyRules__threshold__0_3,275,31,3,3,0.7419354838709677,0.42857142857142855,0.6902173913043478,0.12950650000129826,0.00036630000977311283
43,Haberman's Survival,2,RandomFuzzyRules__threshold__0_4,275,31,3,3,0.7741935483870968,0.46153846153846156,0.6684782608695652,0.13603039999725297,0.000337799996486865
43,Haberman's Survival,2,RandomFuzzyRules__threshold__0_5,275,31,3,3,0.7741935483870968,0.46153846153846156,0.6902173913043479,0.22139209999295417,0.00037340000562835485
43,Haberman's Survival,2,RandomFuzzyRules__threshold__0_6,275,31,3,3,0.7419354838709677,0.0,0.5788043478260869,0.21852510000462644,0.0004415000003064051
43,Haberman's Survival,2,RandomFuzzyRules__threshold__0_7,275,31,3,3,0.7741935483870968,0.46153846153846156,0.6766304347826088,0.23200750000250991,0.000375000003259629
43,Haberman's Survival,2,RandomFuzzyRules__threshold__0_8,275,31,3,3,0.7741935483870968,0.46153846153846156,0.6739130434782609,0.21270329999970272,0.0002624999906402081
43,Haberman's Survival,2,RandomFuzzyRules__threshold__0_9,275,31,3,3,0.7419354838709677,0.0,0.7201086956521738,0.22757209998962935,0.0003290999884484336
43,Haberman's Survival,3,RandomFuzzyRules__threshold__0_1,275,31,3,3,0.7741935483870968,0.36363636363636365,0.8097826086956521,0.23084829999424983,0.0002998999989358708
43,Haberman's Survival,3,RandomFuzzyRules__threshold__0_2,275,31,3,3,0.8064516129032258,0.4,0.8206521739130435,0.22244510000746232,0.0003028999926755205
43,Haberman's Survival,3,RandomFuzzyRules__threshold__0_3,275,31,3,3,0.7419354838709677,0.2,0.7989130434782609,0.21644750000268687,0.0003159000043524429
43,Haberman's Survival,3,RandomFuzzyRules__threshold__0_4,275,31,3,3,0.7741935483870968,0.2222222222222222,0.8043478260869565,0.23946449998766184,0.00028959999326616526
43,Haberman's Survival,3,RandomFuzzyRules__threshold__0_5,275,31,3,3,0.7741935483870968,0.2222222222222222,0.7989130434782609,0.21776469999167603,0.00037150000571273267
43,Haberman's Survival,3,RandomFuzzyRules__threshold__0_6,275,31,3,3,0.7741935483870968,0.2222222222222222,0.6956521739130435,0.22666070000559557,0.00030470000638160855
43,Haberman's Survival,3,RandomFuzzyRules__threshold__0_7,275,31,3,3,0.8064516129032258,0.4,0.6195652173913043,0.24259320000419393,0.0003378999972483143
43,Haberman's Survival,3,RandomFuzzyRules__threshold__0_8,275,31,3,3,0.8064516129032258,0.4,0.8043478260869565,0.12763090000953525,0.0003507999936118722
43,Haberman's Survival,3,RandomFuzzyRules__threshold__0_9,275,31,3,3,0.7419354838709677,0.0,0.7391304347826086,0.14427260000957176,0.0003899000003002584
43,Haberman's Survival,4,RandomFuzzyRules__threshold__0_1,275,31,3,3,0.6774193548387096,0.2857142857142857,0.5461956521739131,0.1889831000007689,0.000272599994787015
43,Haberman's Survival,4,RandomFuzzyRules__threshold__0_2,275,31,3,3,0.6129032258064516,0.25,0.5190217391304348,0.13118769999709912,0.0004064000095240772
43,Haberman's Survival,4,RandomFuzzyRules__threshold__0_3,275,31,3,3,0.6129032258064516,0.25,0.529891304347826,0.15918689999671187,0.0003980000037699938
43,Haberman's Survival,4,RandomFuzzyRules__threshold__0_4,275,31,3,3,0.6451612903225806,0.15384615384615385,0.5108695652173914,0.20906969999487046,0.0003614999877754599
43,Haberman's Survival,4,RandomFuzzyRules__threshold__0_5,275,31,3,3,0.6451612903225806,0.26666666666666666,0.5054347826086957,0.12976029999845196,0.0002711000124691054
43,Haberman's Survival,4,RandomFuzzyRules__threshold__0_6,275,31,3,3,0.6774193548387096,0.0,0.5054347826086957,0.21826949999376666,0.00030720001086592674
43,Haberman's Survival,4,RandomFuzzyRules__threshold__0_7,275,31,3,3,0.7096774193548387,0.18181818181818182,0.5353260869565217,0.19703260000096634,0.0003667999990284443
43,Haberman's Survival,4,RandomFuzzyRules__threshold__0_8,275,31,3,3,0.6774193548387096,0.16666666666666666,0.5081521739130435,0.1521359000034863,0.0003875999973388389
43,Haberman's Survival,4,RandomFuzzyRules__threshold__0_9,275,31,3,3,0.7096774193548387,0.0,0.4782608695652174,0.24382730000070296,0.0003428000054555014
43,Haberman's Survival,5,RandomFuzzyRules__threshold__0_1,275,31,3,3,0.8387096774193549,0.7058823529411765,0.9565217391304348,0.1256056999991415,0.0003147999959765002
43,Haberman's Survival,5,RandomFuzzyRules__threshold__0_2,275,31,3,3,0.8387096774193549,0.6153846153846154,0.9565217391304348,0.1766011999861803,0.00027629999385681003
43,Haberman's Survival,5,RandomFuzzyRules__threshold__0_3,275,31,3,3,0.7741935483870968,0.2222222222222222,0.9130434782608695,0.14488180000626016,0.000287600007141009
43,Haberman's Survival,5,RandomFuzzyRules__threshold__0_4,275,31,3,3,0.8387096774193549,0.6153846153846154,0.9510869565217391,0.1481078999931924,0.0003968999953940511
43,Haberman's Survival,5,RandomFuzzyRules__threshold__0_5,275,31,3,3,0.8387096774193549,0.6153846153846154,0.9456521739130435,0.12052320000657346,0.000308899994706735
43,Haberman's Survival,5,RandomFuzzyRules__threshold__0_6,275,31,3,3,0.7741935483870968,0.2222222222222222,0.9347826086956522,0.128551099987817,0.0003431000077398494
43,Haberman's Survival,5,RandomFuzzyRules__threshold__0_7,275,31,3,3,0.8064516129032258,0.5714285714285714,0.8913043478260869,0.1445034000062151,0.00039909999759402126
43,Haberman's Survival,5,RandomFuzzyRules__threshold__0_8,275,31,3,3,0.7741935483870968,0.2222222222222222,0.9347826086956522,0.1510839999973541,0.00035319999733474106
43,Haberman's Survival,5,RandomFuzzyRules__threshold__0_9,275,31,3,3,0.7096774193548387,0.0,0.657608695652174,0.14515149999351706,0.00029290000384207815
43,Haberman's Survival,6,RandomFuzzyRules__threshold__0_1,275,31,3,3,0.7419354838709677,0.3333333333333333,0.5883838383838385,0.14246550000098068,0.00038240000139921904
43,Haberman's Survival,6,RandomFuzzyRules__threshold__0_2,275,31,3,3,0.7096774193548387,0.0,0.5883838383838383,0.13096569999470375,0.00038779999886173755
43,Haberman's Survival,6,RandomFuzzyRules__threshold__0_3,275,31,3,3,0.7096774193548387,0.18181818181818182,0.5934343434343434,0.20556529999885242,0.000331600007484667
43,Haberman's Survival,6,RandomFuzzyRules__threshold__0_4,275,31,3,3,0.7096774193548387,0.0,0.5833333333333333,0.22881349999806844,0.0002825999981723726
43,Haberman's Survival,6,RandomFuzzyRules__threshold__0_5,275,31,3,3,0.6129032258064516,0.0,0.47474747474747475,0.12917000000015832,0.00040190000436268747
43,Haberman's Survival,6,RandomFuzzyRules__threshold__0_6,275,31,3,3,0.6774193548387096,0.0,0.5,0.13377960000070743,0.00037540000630542636
43,Haberman's Survival,6,RandomFuzzyRules__threshold__0_7,275,31,3,3,0.6774193548387096,0.0,0.49999999999999994,0.13597560000198428,0.00039429999014828354
43,Haberman's Survival,6,RandomFuzzyRules__threshold__0_8,275,31,3,3,0.7096774193548387,0.0,0.5732323232323232,0.129555799998343,0.00034189999860245734
43,Haberman's Survival,6,RandomFuzzyRules__threshold__0_9,275,31,3,3,0.6774193548387096,0.0,0.4797979797979798,0.1400385000015376,0.00033799999800976366
43,Haberman's Survival,7,RandomFuzzyRules__threshold__0_1,276,30,3,3,0.8,0.5,0.8210227272727273,0.14618730000802316,0.0003673999890452251
43,Haberman's Survival,7,RandomFuzzyRules__threshold__0_2,276,30,3,3,0.7666666666666667,0.36363636363636365,0.7784090909090908,0.1349457999895094,0.0003854000096907839
43,Haberman's Survival,7,RandomFuzzyRules__threshold__0_3,276,30,3,3,0.8,0.5,0.8039772727272727,0.15028210000309628,0.0003966000076616183
43,Haberman's Survival,7,RandomFuzzyRules__threshold__0_4,276,30,3,3,0.8,0.5,0.7954545454545454,0.2073895000066841,0.00028389999351929873
43,Haberman's Survival,7,RandomFuzzyRules__threshold__0_5,276,30,3,3,0.7333333333333333,0.2,0.8011363636363636,0.17750780000642408,0.00037310000334400684
43,Haberman's Survival,7,RandomFuzzyRules__threshold__0_6,276,30,3,3,0.7,0.0,0.7414772727272727,0.13198150000243913,0.00039260000630747527
43,Haberman's Survival,7,RandomFuzzyRules__threshold__0_7,276,30,3,3,0.7666666666666667,0.36363636363636365,0.7613636363636364,0.14749279999523424,0.0003904000041075051
43,Haberman's Survival,7,RandomFuzzyRules__threshold__0_8,276,30,3,3,0.8,0.5,0.8011363636363636,0.14371760000358336,0.00039590000233147293
43,Haberman's Survival,7,RandomFuzzyRules__threshold__0_9,276,30,3,3,0.7,0.0,0.3835227272727273,0.1328365999943344,0.0003625999961514026
43,Haberman's Survival,8,RandomFuzzyRules__threshold__0_1,276,30,3,3,0.7,0.18181818181818182,0.4630681818181818,0.13232970000535715,0.00037549999251496047
43,Haberman's Survival,8,RandomFuzzyRules__threshold__0_2,276,30,3,3,0.7,0.18181818181818182,0.46874999999999994,0.1375526999909198,0.0003386000025784597
43,Haberman's Survival,8,RandomFuzzyRules__threshold__0_3,276,30,3,3,0.7333333333333333,0.2,0.46874999999999994,0.22101750000729226,0.0003508000081637874
43,Haberman's Survival,8,RandomFuzzyRules__threshold__0_4,276,30,3,3,0.7333333333333333,0.2,0.4744318181818182,0.2486088000005111,0.0002953999937744811
43,Haberman's Survival,8,RandomFuzzyRules__threshold__0_5,276,30,3,3,0.6666666666666666,0.0,0.48863636363636365,0.21011250000447035,0.0003890999942086637
43,Haberman's Survival,8,RandomFuzzyRules__threshold__0_6,276,30,3,3,0.7,0.0,0.49431818181818177,0.2277977999910945,0.0002835999912349507
43,Haberman's Survival,8,RandomFuzzyRules__threshold__0_7,276,30,3,3,0.7,0.0,0.4460227272727273,0.19463189999805763,0.0002871000033337623
43,Haberman's Survival,8,RandomFuzzyRules__threshold__0_8,276,30,3,3,0.7333333333333333,0.2,0.4744318181818182,0.21279199999116827,0.0003006000042660162
43,Haberman's Survival,8,RandomFuzzyRules__threshold__0_9,276,30,3,3,0.7,0.0,0.4943181818181818,0.2283605999982683,0.0003073999978369102
43,Haberman's Survival,9,RandomFuzzyRules__threshold__0_1,276,30,3,3,0.8333333333333334,0.6666666666666666,0.875,0.22150939999846742,0.0002813000028254464
43,Haberman's Survival,9,RandomFuzzyRules__threshold__0_2,276,30,3,3,0.7333333333333333,0.2,0.8693181818181818,0.2308511000010185,0.00029749999521300197
43,Haberman's Survival,9,RandomFuzzyRules__threshold__0_3,276,30,3,3,0.7,0.0,0.7215909090909091,0.22000509999634232,0.0002897000085795298
43,Haberman's Survival,9,RandomFuzzyRules__threshold__0_4,276,30,3,3,0.7333333333333333,0.2,0.78125,0.21752910000213888,0.00030780000088270754
43,Haberman's Survival,9,RandomFuzzyRules__threshold__0_5,276,30,3,3,0.7,0.0,0.78125,0.2179924999945797,0.00045249999675434083
43,Haberman's Survival,9,RandomFuzzyRules__threshold__0_6,276,30,3,3,0.7,0.18181818181818182,0.7130681818181818,0.15154489999986254,0.00040129999979399145
43,Haberman's Survival,9,RandomFuzzyRules__threshold__0_7,276,30,3,3,0.7333333333333333,0.3333333333333333,0.6761363636363635,0.18872230000852142,0.00035539999953471124
43,Haberman's Survival,9,RandomFuzzyRules__threshold__0_8,276,30,3,3,0.8333333333333334,0.6153846153846154,0.7982954545454546,0.1463106000010157,0.000715899994247593
43,Haberman's Survival,9,RandomFuzzyRules__threshold__0_9,276,30,3,3,0.7,0.0,0.5568181818181818,0.2013808999909088,0.0003652000013971701
43,Haberman's Survival,10,RandomFuzzyRules__threshold__0_1,276,30,3,3,0.5666666666666667,0.0,0.5653409090909091,0.14929569998639636,0.0003581999917514622
43,Haberman's Survival,10,RandomFuzzyRules__threshold__0_2,276,30,3,3,0.5666666666666667,0.0,0.6306818181818181,0.1965312999964226,0.0003530999965732917
43,Haberman's Survival,10,RandomFuzzyRules__threshold__0_3,276,30,3,3,0.6,0.0,0.6164772727272727,0.15026680000300985,0.0003947999939555302
43,Haberman's Survival,10,RandomFuzzyRules__threshold__0_4,276,30,3,3,0.6333333333333333,0.0,0.625,0.20381940000515897,0.00027049999334849417
43,Haberman's Survival,10,RandomFuzzyRules__threshold__0_5,276,30,3,3,0.6666666666666666,0.16666666666666666,0.49431818181818177,0.12395039999682922,0.0002812000020639971
43,Haberman's Survival,10,RandomFuzzyRules__threshold__0_6,276,30,3,3,0.6666666666666666,0.16666666666666666,0.3977272727272727,0.15419430000474676,0.0002733000001171604
43,Haberman's Survival,10,RandomFuzzyRules__threshold__0_7,276,30,3,3,0.7,0.0,0.6590909090909091,0.13957749999826774,0.0002837000065483153
43,Haberman's Survival,10,RandomFuzzyRules__threshold__0_8,276,30,3,3,0.6333333333333333,0.0,0.5965909090909092,0.19843190000392497,0.00026980000257026404
43,Haberman's Survival,10,RandomFuzzyRules__threshold__0_9,276,30,3,3,0.7,0.18181818181818182,0.3806818181818181,0.17578469999716617,0.0003339000104460865
45,Heart Disease,1,RandomFuzzyRules__threshold__0_1,272,31,13,25,0.9032258064516129,0.8888888888888888,0.9012605042016807,0.04868430001079105,0.00035770000249613076
45,Heart Disease,1,RandomFuzzyRules__threshold__0_2,272,31,13,25,0.7419354838709677,0.75,0.8235294117647058,0.047097199989366345,0.0003584000078262761
45,Heart Disease,1,RandomFuzzyRules__threshold__0_3,272,31,13,25,0.7419354838709677,0.75,0.8235294117647058,0.047374400004628114,0.00039570000080857426
45,Heart Disease,1,RandomFuzzyRules__threshold__0_4,272,31,13,25,0.7096774193548387,0.6666666666666666,0.7899159663865545,0.04744149999169167,0.0003586000093491748
45,Heart Disease,1,RandomFuzzyRules__threshold__0_5,272,31,13,25,0.7419354838709677,0.6666666666666666,0.8235294117647058,0.04241500000352971,0.0003730999887920916
45,Heart Disease,1,RandomFuzzyRules__threshold__0_6,272,31,13,25,0.7419354838709677,0.6666666666666666,0.8235294117647058,0.04726080001273658,0.0003614000015659258
45,Heart Disease,1,RandomFuzzyRules__threshold__0_7,272,31,13,25,0.7741935483870968,0.7586206896551724,0.7563025210084033,0.04842330000246875,0.00038159999530762434
45,Heart Disease,1,RandomFuzzyRules__threshold__0_8,272,31,13,25,0.8387096774193549,0.8148148148148148,0.8529411764705883,0.05987500000628643,0.0003887000057147816
45,Heart Disease,1,RandomFuzzyRules__threshold__0_9,272,31,13,25,0.8709677419354839,0.8461538461538461,0.8928571428571428,0.04755540000041947,0.00036669999826699495
45,Heart Disease,2,RandomFuzzyRules__threshold__0_1,272,31,13,25,0.9354838709677419,0.9285714285714286,0.930672268907563,0.04793860000791028,0.0003652000013971701
45,Heart Disease,2,RandomFuzzyRules__threshold__0_2,272,31,13,25,0.7741935483870968,0.7878787878787878,0.8760504201680672,0.047626400002627634,0.00039319999632425606
45,Heart Disease,2,RandomFuzzyRules__threshold__0_3,272,31,13,25,0.6451612903225806,0.56,0.6197478991596639,0.04786069999681786,0.00037059999885968864
45,Heart Disease,2,RandomFuzzyRules__threshold__0_4,272,31,13,25,0.6451612903225806,0.56,0.6197478991596639,0.04952459999185521,0.0003819999983534217
45,Heart Disease,2,RandomFuzzyRules__threshold__0_5,272,31,13,25,0.6451612903225806,0.56,0.6197478991596639,0.049679700008709915,0.0003723999980138615
45,Heart Disease,2,RandomFuzzyRules__threshold__0_6,272,31,13,25,0.6451612903225806,0.56,0.6197478991596639,0.04847989999689162,0.0003837999975075945
45,Heart Disease,2,RandomFuzzyRules__threshold__0_7,272,31,13,25,0.6451612903225806,0.56,0.6197478991596639,0.04686589998891577,0.0002812999882735312
45,Heart Disease,2,RandomFuzzyRules__threshold__0_8,272,31,13,25,0.7096774193548387,0.6896551724137931,0.7100840336134454,0.05230630000005476,0.00038359999598469585
45,Heart Disease,2,RandomFuzzyRules__threshold__0_9,272,31,13,25,0.8387096774193549,0.8275862068965517,0.9012605042016807,0.047662500001024455,0.00035090000892523676
45,Heart Disease,3,RandomFuzzyRules__threshold__0_1,272,31,13,25,0.8064516129032258,0.8,0.8172268907563025,0.047732799997902475,0.0003715999919222668
45,Heart Disease,3,RandomFuzzyRules__threshold__0_2,272,31,13,25,0.7419354838709677,0.6923076923076923,0.8172268907563025,0.05914529999427032,0.00039169999945443124
45,Heart Disease,3,RandomFuzzyRules__threshold__0_3,272,31,13,25,0.7419354838709677,0.6923076923076923,0.8172268907563025,0.04791919999115635,0.0003846000035991892
45,Heart Disease,3,RandomFuzzyRules__threshold__0_4,272,31,13,25,0.7096774193548387,0.7272727272727273,0.7436974789915966,0.047952699998859316,0.0003677000058814883
45,Heart Disease,3,RandomFuzzyRules__threshold__0_5,272,31,13,25,0.7741935483870968,0.7741935483870968,0.8403361344537814,0.05308769999828655,0.00038810000114608556
45,Heart Disease,3,RandomFuzzyRules__threshold__0_6,272,31,13,25,0.7741935483870968,0.72,0.8067226890756302,0.048527199993259273,0.0003834000090137124
45,Heart Disease,3,RandomFuzzyRules__threshold__0_7,272,31,13,25,0.7741935483870968,0.7586206896551724,0.76890756302521,0.048404700006358325,0.0003848000051220879
45,Heart Disease,3,RandomFuzzyRules__threshold__0_8,272,31,13,25,0.7419354838709677,0.6923076923076923,0.7920168067226891,0.06164630000421312,0.0004243000003043562
45,Heart Disease,3,RandomFuzzyRules__threshold__0_9,272,31,13,25,0.8387096774193549,0.8275862068965517,0.8592436974789917,0.04891959999804385,0.00040749998879618943
45,Heart Disease,4,RandomFuzzyRules__threshold__0_1,273,30,13,25,0.7666666666666667,0.72,0.7714932126696832,0.047298099991166964,0.0003524000057950616
45,Heart Disease,4,RandomFuzzyRules__threshold__0_2,273,30,13,25,0.7,0.6086956521739131,0.7714932126696832,0.05649709999852348,0.0004093000025022775
45,Heart Disease,4,RandomFuzzyRules__threshold__0_3,273,30,13,25,0.7,0.6086956521739131,0.7714932126696832,0.054865099999005906,0.00039459999243263155
45,Heart Disease,4,RandomFuzzyRules__threshold__0_4,273,30,13,25,0.7333333333333333,0.6666666666666666,0.7194570135746606,0.048232800007099286,0.0003637000045273453
45,Heart Disease,4,RandomFuzzyRules__threshold__0_5,273,30,13,25,0.7333333333333333,0.6666666666666666,0.7194570135746606,0.04995839999173768,0.00043080000614281744
45,Heart Disease,4,RandomFuzzyRules__threshold__0_6,273,30,13,25,0.7333333333333333,0.6666666666666666,0.7194570135746606,0.04753669998899568,0.00041799999598879367
45,Heart Disease,4,RandomFuzzyRules__threshold__0_7,273,30,13,25,0.6666666666666666,0.6153846153846154,0.755656108597285,0.042767300008563325,0.00035180000122636557
45,Heart Disease,4,RandomFuzzyRules__threshold__0_8,273,30,13,25,0.8,0.7692307692307693,0.8031674208144796,0.06563620000088122,0.0004633000062312931
45,Heart Disease,4,RandomFuzzyRules__threshold__0_9,273,30,13,25,0.8,0.7692307692307693,0.8031674208144796,0.06150799999886658,0.00042039999971166253
45,Heart Disease,5,RandomFuzzyRules__threshold__0_1,273,30,13,25,0.8,0.7857142857142857,0.8258928571428571,0.05880149999575224,0.0004078999918419868
45,Heart Disease,5,RandomFuzzyRules__threshold__0_2,273,30,13,25,0.7666666666666667,0.7407407407407407,0.8258928571428571,0.06181339999602642,0.0004698999982792884
45,Heart Disease,5,RandomFuzzyRules__threshold__0_3,273,30,13,25,0.7666666666666667,0.7407407407407407,0.8258928571428571,0.06119569999282248,0.000418099996750243
45,Heart Disease,5,RandomFuzzyRules__threshold__0_4,273,30,13,25,0.6333333333333333,0.5925925925925926,0.7433035714285714,0.05995569999504369,0.00037879998853895813
45,Heart Disease,5,RandomFuzzyRules__threshold__0_5,273,30,13,25,0.7,0.7272727272727273,0.7633928571428571,0.05462560000887606,0.0004074000025866553
45,Heart Disease,5,RandomFuzzyRules__threshold__0_6,273,30,13,25,0.7,0.7272727272727273,0.7633928571428571,0.06197510000492912,0.0004200999974273145
45,Heart Disease,5,RandomFuzzyRules__threshold__0_7,273,30,13,25,0.7,0.7272727272727273,0.7633928571428571,0.057657199999084696,0.00029520000680349767
45,Heart Disease,5,RandomFuzzyRules__threshold__0_8,273,30,13,25,0.7666666666666667,0.7741935483870968,0.8392857142857143,0.058915100002195686,0.0003904999903170392
45,Heart Disease,5,RandomFuzzyRules__threshold__0_9,273,30,13,25,0.7333333333333333,0.7333333333333333,0.8392857142857143,0.06336959998589009,0.00045769999269396067
45,Heart Disease,6,RandomFuzzyRules__threshold__0_1,273,30,13,25,0.7,0.6086956521739131,0.6875,0.06361630000174046,0.00041620001138653606
45,Heart Disease,6,RandomFuzzyRules__threshold__0_2,273,30,13,25,0.7,0.6086956521739131,0.6875,0.06210819999978412,0.0003794999938691035
45,Heart Disease,6,RandomFuzzyRules__threshold__0_3,273,30,13,25,0.7,0.6086956521739131,0.6875,0.060731099991244264,0.0004101000085938722
45,Heart Disease,6,RandomFuzzyRules__threshold__0_4,273,30,13,25,0.6333333333333333,0.47619047619047616,0.6875,0.06233900001097936,0.0004803000047104433
45,Heart Disease,6,RandomFuzzyRules__threshold__0_5,273,30,13,25,0.8,0.75,0.8459821428571428,0.053668199994717725,0.00046180000936146826
45,Heart Disease,6,RandomFuzzyRules__threshold__0_6,273,30,13,25,0.8,0.75,0.8459821428571428,0.061562999995658174,0.00042969999776687473
45,Heart Disease,6,RandomFuzzyRules__threshold__0_7,273,30,13,25,0.7,0.6666666666666666,0.7410714285714286,0.060993799997959286,0.0004827999946428463
45,Heart Disease,6,RandomFuzzyRules__threshold__0_8,273,30,13,25,0.6333333333333333,0.47619047619047616,0.6160714285714286,0.06379539999761619,0.00041000000783242285
45,Heart Disease,6,RandomFuzzyRules__threshold__0_9,273,30,13,25,0.7,0.6666666666666666,0.7299107142857143,0.06087810000462923,0.0003961000038543716
45,Heart Disease,7,RandomFuzzyRules__threshold__0_1,273,30,13,25,0.8333333333333334,0.8148148148148148,0.8392857142857143,0.06784530000004452,0.0004267000040272251
45,Heart Disease,7,RandomFuzzyRules__threshold__0_2,273,30,13,25,0.8,0.7692307692307693,0.8392857142857143,0.06120550000923686,0.00040079999598674476
45,Heart Disease,7,RandomFuzzyRules__threshold__0_3,273,30,13,25,0.8,0.7692307692307693,0.8392857142857143,0.06299399999261368,0.0004312999953981489
45,Heart Disease,7,RandomFuzzyRules__threshold__0_4,273,30,13,25,0.7333333333333333,0.6666666666666666,0.7232142857142857,0.06814960000338033,0.0004437000025063753
45,Heart Disease,7,RandomFuzzyRules__threshold__0_5,273,30,13,25,0.7333333333333333,0.6666666666666666,0.7232142857142857,0.055283100009546615,0.00047539999650325626
45,Heart Disease,7,RandomFuzzyRules__threshold__0_6,273,30,13,25,0.7333333333333333,0.6666666666666666,0.7232142857142857,0.061189600004581735,0.00040609999268781394
45,Heart Disease,7,RandomFuzzyRules__threshold__0_7,273,30,13,25,0.7333333333333333,0.6666666666666666,0.7232142857142857,0.07809139999153558,0.0003921000025002286
45,Heart Disease,7,RandomFuzzyRules__threshold__0_8,273,30,13,25,0.8,0.7692307692307693,0.8125000000000001,0.07236619999457616,0.0002884999994421378
45,Heart Disease,7,RandomFuzzyRules__threshold__0_9,273,30,13,25,0.8,0.7692307692307693,0.8125000000000001,0.04909359999874141,0.00042320000648032874
45,Heart Disease,8,RandomFuzzyRules__threshold__0_1,273,30,13,25,0.8333333333333334,0.8148148148148148,0.8616071428571428,0.048714600008679554,0.00036859999818261713
45,Heart Disease,8,RandomFuzzyRules__threshold__0_2,273,30,13,25,0.5666666666666667,0.5185185185185185,0.6316964285714286,0.04747289999795612,0.00037009999505244195
45,Heart Disease,8,RandomFuzzyRules__threshold__0_3,273,30,13,25,0.6666666666666666,0.6666666666666666,0.6830357142857142,0.04983479999646079,0.00042749999556690454
45,Heart Disease,8,RandomFuzzyRules__threshold__0_4,273,30,13,25,0.6333333333333333,0.6206896551724138,0.6875,0.04804439999861643,0.0003391999925952405
45,Heart Disease,8,RandomFuzzyRules__threshold__0_5,273,30,13,25,0.6333333333333333,0.5925925925925926,0.6294642857142857,0.04373910000140313,0.0004101999948034063
45,Heart Disease,8,RandomFuzzyRules__threshold__0_6,273,30,13,25,0.6333333333333333,0.5925925925925926,0.6294642857142857,0.04794049999327399,0.00038979999953880906
45,Heart Disease,8,RandomFuzzyRules__threshold__0_7,273,30,13,25,0.6333333333333333,0.5925925925925926,0.6294642857142857,0.04968719999305904,0.00039739999920129776
45,Heart Disease,8,RandomFuzzyRules__threshold__0_8,273,30,13,25,0.6666666666666666,0.6666666666666666,0.6986607142857144,0.054128399991896003,0.00038409999979194254
45,Heart Disease,8,RandomFuzzyRules__threshold__0_9,273,30,13,25,0.6333333333333333,0.5925925925925926,0.6986607142857144,0.04795060001197271,0.000380899989977479
45,Heart Disease,9,RandomFuzzyRules__threshold__0_1,273,30,13,25,0.9333333333333333,0.9230769230769231,0.9285714285714286,0.04902590000710916,0.0004101999948034063
45,Heart Disease,9,RandomFuzzyRules__threshold__0_2,273,30,13,25,0.8,0.7692307692307693,0.8258928571428571,0.04792309999174904,0.0003521000035107136
45,Heart Disease,9,RandomFuzzyRules__threshold__0_3,273,30,13,25,0.7333333333333333,0.7142857142857143,0.7522321428571428,0.04860039999766741,0.0003625999961514026
45,Heart Disease,9,RandomFuzzyRules__threshold__0_4,273,30,13,25,0.7333333333333333,0.7142857142857143,0.8058035714285714,0.06618619999790099,0.0004096999909961596
45,Heart Disease,9,RandomFuzzyRules__threshold__0_5,273,30,13,25,0.7333333333333333,0.7142857142857143,0.8013392857142857,0.04309760000614915,0.0003902000025846064
45,Heart Disease,9,RandomFuzzyRules__threshold__0_6,273,30,13,25,0.7666666666666667,0.7586206896551724,0.7455357142857143,0.05336040000838693,0.00038919999497011304
45,Heart Disease,9,RandomFuzzyRules__threshold__0_7,273,30,13,25,0.7666666666666667,0.7586206896551724,0.7455357142857143,0.047901900004944764,0.00039760000072419643
45,Heart Disease,9,RandomFuzzyRules__threshold__0_8,273,30,13,25,0.7666666666666667,0.7407407407407407,0.7968750000000001,0.04860239999834448,0.00037429999792948365
45,Heart Disease,9,RandomFuzzyRules__threshold__0_9,273,30,13,25,0.7666666666666667,0.7407407407407407,0.7968750000000001,0.048400999992736615,0.0004081999941263348
45,Heart Disease,10,RandomFuzzyRules__threshold__0_1,273,30,13,25,0.7333333333333333,0.6923076923076923,0.7388392857142857,0.051853400000254624,0.00037480000173673034
45,Heart Disease,10,RandomFuzzyRules__threshold__0_2,273,30,13,25,0.7,0.64,0.7388392857142857,0.05081580000114627,0.0003730000025825575
45,Heart Disease,10,RandomFuzzyRules__threshold__0_3,273,30,13,25,0.7,0.64,0.7388392857142857,0.04861480000545271,0.00038690000656060874
45,Heart Disease,10,RandomFuzzyRules__threshold__0_4,273,30,13,25,0.7,0.6086956521739131,0.7946428571428571,0.049491400000988506,0.00040869999793358147
45,Heart Disease,10,RandomFuzzyRules__threshold__0_5,273,30,13,25,0.7,0.64,0.7477678571428572,0.04314160000649281,0.00034410000080242753
45,Heart Disease,10,RandomFuzzyRules__threshold__0_6,273,30,13,25,0.7,0.64,0.7477678571428572,0.04806129999633413,0.0003983999922638759
45,Heart Disease,10,RandomFuzzyRules__threshold__0_7,273,30,13,25,0.7,0.7096774193548387,0.7232142857142857,0.04982779998681508,0.00042290000419598073
45,Heart Disease,10,RandomFuzzyRules__threshold__0_8,273,30,13,25,0.7333333333333333,0.6923076923076923,0.7879464285714286,0.051321499995538034,0.00038409999979194254
45,Heart Disease,10,RandomFuzzyRules__threshold__0_9,273,30,13,25,0.8,0.7692307692307693,0.8147321428571429,0.048024099989561364,0.00043510000978130847
46,Hepatitis,1,RandomFuzzyRules__threshold__0_1,139,16,19,31,0.875,0.9285714285714286,1.0,0.03690330000245012,0.00035849999403581023
46,Hepatitis,1,RandomFuzzyRules__threshold__0_2,139,16,19,31,0.8125,0.896551724137931,0.6153846153846154,0.03714260000560898,0.0003311000036774203
46,Hepatitis,1,RandomFuzzyRules__threshold__0_3,139,16,19,31,0.9375,0.9629629629629629,1.0,0.039936700006364845,0.0003003000019816682
46,Hepatitis,1,RandomFuzzyRules__threshold__0_4,139,16,19,31,0.9375,0.9629629629629629,1.0,0.03981089999433607,0.0003375000087544322
46,Hepatitis,1,RandomFuzzyRules__threshold__0_5,139,16,19,31,0.9375,0.9629629629629629,1.0,0.03798149999056477,0.0003325999859953299
46,Hepatitis,1,RandomFuzzyRules__threshold__0_6,139,16,19,31,0.8125,0.896551724137931,0.6153846153846154,0.0402306000032695,0.000374399998690933
46,Hepatitis,1,RandomFuzzyRules__threshold__0_7,139,16,19,31,0.8125,0.896551724137931,0.5384615384615385,0.040070899995043874,0.00033889999031089246
46,Hepatitis,1,RandomFuzzyRules__threshold__0_8,139,16,19,31,0.8125,0.896551724137931,1.0,0.04824469999584835,0.0003513999981805682
46,Hepatitis,1,RandomFuzzyRules__threshold__0_9,139,16,19,31,0.9375,0.9629629629629629,1.0,0.04003259999444708,0.0003615000023273751
46,Hepatitis,2,RandomFuzzyRules__threshold__0_1,139,16,19,31,0.8125,0.8888888888888888,0.5256410256410258,0.0442038000037428,0.00035319999733474106
46,Hepatitis,2,RandomFuzzyRules__threshold__0_2,139,16,19,31,0.8125,0.8888888888888888,0.5,0.04391429999668617,0.00038440000207629055
46,Hepatitis,2,RandomFuzzyRules__threshold__0_3,139,16,19,31,0.8125,0.8888888888888888,0.38461538461538464,0.03971389999787789,0.0003485000052023679
46,Hepatitis,2,RandomFuzzyRules__threshold__0_4,139,16,19,31,0.8125,0.8888888888888888,0.6666666666666667,0.040237299996078946,0.00033229999826289713
46,Hepatitis,2,RandomFuzzyRules__threshold__0_5,139,16,19,31,0.8125,0.8888888888888888,0.5128205128205129,0.03750209999270737,0.00036410000757314265
46,Hepatitis,2,RandomFuzzyRules__threshold__0_6,139,16,19,31,0.8125,0.8888888888888888,0.6666666666666667,0.04031359999498818,0.0003563000063877553
46,Hepatitis,2,RandomFuzzyRules__threshold__0_7,139,16,19,31,0.8125,0.8888888888888888,0.6666666666666667,0.04087199999776203,0.00035909999860450625
46,Hepatitis,2,RandomFuzzyRules__threshold__0_8,139,16,19,31,0.75,0.8571428571428571,0.717948717948718,0.04041609998967033,0.00037059999885968864
46,Hepatitis,2,RandomFuzzyRules__threshold__0_9,139,16,19,31,0.8125,0.8888888888888888,0.5769230769230769,0.03878810000605881,0.00035849999403581023
46,Hepatitis,3,RandomFuzzyRules__threshold__0_1,139,16,19,31,0.875,0.9285714285714286,0.8846153846153847,0.040670100002898835,0.000341199993272312
46,Hepatitis,3,RandomFuzzyRules__threshold__0_2,139,16,19,31,0.75,0.8571428571428571,0.8333333333333335,0.039878900002804585,0.0003041000018129125
46,Hepatitis,3,RandomFuzzyRules__threshold__0_3,139,16,19,31,0.9375,0.9629629629629629,1.0,0.04075099999317899,0.0003687999997055158
46,Hepatitis,3,RandomFuzzyRules__threshold__0_4,139,16,19,31,0.9375,0.9629629629629629,1.0,0.03329880000092089,0.0003398000117158517
46,Hepatitis,3,RandomFuzzyRules__threshold__0_5,139,16,19,31,0.6875,0.8148148148148148,0.8461538461538461,0.04726939999090973,0.0003770000039367005
46,Hepatitis,3,RandomFuzzyRules__threshold__0_6,139,16,19,31,0.8125,0.88,0.8205128205128205,0.05943009999464266,0.0004398000019136816
46,Hepatitis,3,RandomFuzzyRules__threshold__0_7,139,16,19,31,0.8125,0.896551724137931,0.7948717948717949,0.05391240000608377,0.00040249999437946826
46,Hepatitis,3,RandomFuzzyRules__threshold__0_8,139,16,19,31,0.875,0.9285714285714286,0.9743589743589745,0.050693800003500655,0.00040490001265425235
46,Hepatitis,3,RandomFuzzyRules__threshold__0_9,139,16,19,31,0.75,0.8571428571428571,0.8461538461538463,0.05985050000890624,0.0004478999908315018
46,Hepatitis,4,RandomFuzzyRules__threshold__0_1,139,16,19,31,0.6875,0.8148148148148148,0.5625,0.057618899998487905,0.0003980999899795279
46,Hepatitis,4,RandomFuzzyRules__threshold__0_2,139,16,19,31,0.6875,0.8148148148148148,0.5625,0.05166680000547785,0.00042219999886583537
46,Hepatitis,4,RandomFuzzyRules__threshold__0_3,139,16,19,31,0.6875,0.8148148148148148,0.5625,0.058485399989876896,0.00038299999141599983
46,Hepatitis,4,RandomFuzzyRules__threshold__0_4,139,16,19,31,0.8125,0.8888888888888888,0.5833333333333333,0.039683499999227934,0.0003853999951388687
46,Hepatitis,4,RandomFuzzyRules__threshold__0_5,139,16,19,31,0.75,0.8461538461538461,0.8541666666666667,0.04914210000424646,0.0003834000090137124
46,Hepatitis,4,RandomFuzzyRules__threshold__0_6,139,16,19,31,0.8125,0.8888888888888888,0.7604166666666666,0.055966200001421385,0.00036950000503566116
46,Hepatitis,4,RandomFuzzyRules__threshold__0_7,139,16,19,31,0.75,0.8571428571428571,0.5416666666666666,0.05257759999949485,0.0003676999913295731
46,Hepatitis,4,RandomFuzzyRules__threshold__0_8,139,16,19,31,0.6875,0.8148148148148148,0.6354166666666666,0.05063440000230912,0.00045449999743141234
46,Hepatitis,4,RandomFuzzyRules__threshold__0_9,139,16,19,31,0.75,0.8571428571428571,0.875,0.0526883000129601,0.000375000003259629
46,Hepatitis,5,RandomFuzzyRules__threshold__0_1,139,16,19,31,0.8125,0.8888888888888888,0.78125,0.05143279999902006,0.00038899999344721437
46,Hepatitis,5,RandomFuzzyRules__threshold__0_2,139,16,19,31,0.8125,0.8888888888888888,0.5,0.05169559999194462,0.00038910000876057893
46,Hepatitis,5,RandomFuzzyRules__threshold__0_3,139,16,19,31,0.8125,0.8888888888888888,0.8541666666666666,0.05495130000053905,0.0004571000026771799
46,Hepatitis,5,RandomFuzzyRules__threshold__0_4,139,16,19,31,0.8125,0.8888888888888888,0.7083333333333334,0.05199229999561794,0.0003659000067273155
46,Hepatitis,5,RandomFuzzyRules__threshold__0_5,139,16,19,31,0.8125,0.8888888888888888,0.5416666666666666,0.04863109999860171,0.00040360000275541097
46,Hepatitis,5,RandomFuzzyRules__threshold__0_6,139,16,19,31,0.8125,0.8888888888888888,0.8020833333333333,0.0527390000061132,0.0004200999974273145
46,Hepatitis,5,RandomFuzzyRules__threshold__0_7,139,16,19,31,0.8125,0.8888888888888888,0.7083333333333334,0.05219299999589566,0.0003659000067273155
46,Hepatitis,5,RandomFuzzyRules__threshold__0_8,139,16,19,31,0.8125,0.8888888888888888,0.7916666666666667,0.05075130000477657,0.00041769999370444566
46,Hepatitis,5,RandomFuzzyRules__threshold__0_9,139,16,19,31,0.8125,0.8888888888888888,0.6458333333333333,0.05440189999353606,0.00039430000470019877
46,Hepatitis,6,RandomFuzzyRules__threshold__0_1,140,15,19,31,0.8666666666666667,0.9166666666666666,0.6527777777777778,0.055912000010721385,0.00038270000368356705
46,Hepatitis,6,RandomFuzzyRules__threshold__0_2,140,15,19,31,0.8666666666666667,0.9166666666666666,0.6527777777777778,0.05253650000668131,0.00037930000689812005
46,Hepatitis,6,RandomFuzzyRules__threshold__0_3,140,15,19,31,0.7333333333333333,0.8461538461538461,0.8055555555555556,0.05600440000125673,0.00041290000081062317
46,Hepatitis,6,RandomFuzzyRules__threshold__0_4,140,15,19,31,0.8,0.88,0.8055555555555556,0.04801140000927262,0.0003415000101085752
46,Hepatitis,6,RandomFuzzyRules__threshold__0_5,140,15,19,31,0.8,0.88,0.7083333333333334,0.04002960000070743,0.00026309999520890415
46,Hepatitis,6,RandomFuzzyRules__threshold__0_6,140,15,19,31,0.8,0.88,0.7083333333333334,0.03834879999340046,0.0003735000063898042
46,Hepatitis,6,RandomFuzzyRules__threshold__0_7,140,15,19,31,0.8666666666666667,0.9166666666666666,0.7916666666666667,0.03994460000831168,0.00036380000528879464
46,Hepatitis,6,RandomFuzzyRules__threshold__0_8,140,15,19,31,0.8666666666666667,0.9230769230769231,0.9722222222222223,0.03964799999084789,0.00037190000875853
46,Hepatitis,6,RandomFuzzyRules__threshold__0_9,140,15,19,31,0.8,0.8695652173913043,0.75,0.03711180000391323,0.0003538000019034371
46,Hepatitis,7,RandomFuzzyRules__threshold__0_1,140,15,19,31,0.8666666666666667,0.9230769230769231,0.6111111111111112,0.04095280000183266,0.00034779999987222254
46,Hepatitis,7,RandomFuzzyRules__threshold__0_2,140,15,19,31,0.8666666666666667,0.9230769230769231,0.8333333333333334,0.040198200003942475,0.0003547000087564811
46,Hepatitis,7,RandomFuzzyRules__threshold__0_3,140,15,19,31,0.8,0.88,0.75,0.04012900000088848,0.00027550000231713057
46,Hepatitis,7,RandomFuzzyRules__threshold__0_4,140,15,19,31,0.8666666666666667,0.9090909090909091,0.9444444444444445,0.04054339999856893,0.0003501999890431762
46,Hepatitis,7,RandomFuzzyRules__threshold__0_5,140,15,19,31,0.8666666666666667,0.9230769230769231,0.9166666666666666,0.03803389999666251,0.00034059998870361596
46,Hepatitis,7,RandomFuzzyRules__threshold__0_6,140,15,19,31,0.8,0.88,0.75,0.04661330000089947,0.00037229999725241214
46,Hepatitis,7,RandomFuzzyRules__threshold__0_7,140,15,19,31,0.8666666666666667,0.9230769230769231,0.6944444444444444,0.040503199998056516,0.0003704999980982393
46,Hepatitis,7,RandomFuzzyRules__threshold__0_8,140,15,19,31,0.8,0.88,0.8055555555555556,0.04033819999312982,0.0003448000061325729
46,Hepatitis,7,RandomFuzzyRules__threshold__0_9,140,15,19,31,0.8666666666666667,0.9230769230769231,0.33333333333333337,0.039398199995048344,0.0003575999871827662
46,Hepatitis,8,RandomFuzzyRules__threshold__0_1,140,15,19,31,0.8,0.8888888888888888,0.5972222222222223,0.04134169999451842,0.0003659000067273155
46,Hepatitis,8,RandomFuzzyRules__threshold__0_2,140,15,19,31,0.8,0.88,0.5972222222222222,0.04204060000483878,0.000371000001905486
46,Hepatitis,8,RandomFuzzyRules__threshold__0_3,140,15,19,31,0.8,0.8888888888888888,0.75,0.0435256000055233,0.00037730000622104853
46,Hepatitis,8,RandomFuzzyRules__threshold__0_4,140,15,19,31,0.8,0.88,0.6388888888888888,0.04264909999619704,0.00039459999243263155
46,Hepatitis,8,RandomFuzzyRules__threshold__0_5,140,15,19,31,0.8,0.88,0.6388888888888888,0.03551649999280926,0.00036720000207424164
46,Hepatitis,8,RandomFuzzyRules__threshold__0_6,140,15,19,31,0.8,0.88,0.5694444444444445,0.048349300006520934,0.00037959999463055283
46,Hepatitis,8,RandomFuzzyRules__threshold__0_7,140,15,19,31,0.7333333333333333,0.8461538461538461,0.9027777777777778,0.04532340000150725,0.0003702000103658065
46,Hepatitis,8,RandomFuzzyRules__threshold__0_8,140,15,19,31,0.8,0.88,0.9027777777777778,0.03999109999858774,0.00036869999894406646
46,Hepatitis,8,RandomFuzzyRules__threshold__0_9,140,15,19,31,0.8,0.88,0.6527777777777779,0.040127900007064454,0.00032809999538585544
46,Hepatitis,9,RandomFuzzyRules__threshold__0_1,140,15,19,31,0.7333333333333333,0.8181818181818182,0.6805555555555556,0.039921099989442155,0.0003674000035971403
46,Hepatitis,9,RandomFuzzyRules__threshold__0_2,140,15,19,31,0.7333333333333333,0.8333333333333334,0.5,0.040941799990832806,0.0003525000065565109
46,Hepatitis,9,RandomFuzzyRules__threshold__0_3,140,15,19,31,0.7333333333333333,0.8333333333333334,0.5555555555555557,0.044926499991561286,0.0003640999930212274
46,Hepatitis,9,RandomFuzzyRules__threshold__0_4,140,15,19,31,0.7333333333333333,0.8333333333333334,0.6527777777777779,0.046261499999673106,0.0003744999994523823
46,Hepatitis,9,RandomFuzzyRules__threshold__0_5,140,15,19,31,0.8,0.88,0.7777777777777778,0.03821110000717454,0.00034220000088680536
46,Hepatitis,9,RandomFuzzyRules__threshold__0_6,140,15,19,31,0.8,0.88,0.7777777777777778,0.04041109999525361,0.0003578000032575801
46,Hepatitis,9,RandomFuzzyRules__threshold__0_7,140,15,19,31,0.7333333333333333,0.8333333333333334,0.7777777777777778,0.03782199999841396,0.0003710999881150201
46,Hepatitis,9,RandomFuzzyRules__threshold__0_8,140,15,19,31,0.7333333333333333,0.8333333333333334,0.5,0.04021170000487473,0.00036210000689607114
46,Hepatitis,9,RandomFuzzyRules__threshold__0_9,140,15,19,31,0.7333333333333333,0.8333333333333334,0.5555555555555556,0.040216600013081916,0.0003516000142553821
46,Hepatitis,10,RandomFuzzyRules__threshold__0_1,140,15,19,31,0.8,0.88,0.7777777777777778,0.039392999999108724,0.0003804000007221475
46,Hepatitis,10,RandomFuzzyRules__threshold__0_2,140,15,19,31,0.7333333333333333,0.8333333333333334,0.7361111111111112,0.039247499997145496,0.00037289998726919293
46,Hepatitis,10,RandomFuzzyRules__threshold__0_3,140,15,19,31,0.8,0.88,0.6111111111111112,0.04008849999809172,0.0003499000013107434
46,Hepatitis,10,RandomFuzzyRules__threshold__0_4,140,15,19,31,0.8,0.88,0.75,0.04013560000748839,0.0003704999980982393
46,Hepatitis,10,RandomFuzzyRules__threshold__0_5,140,15,19,31,0.7333333333333333,0.8461538461538461,0.5555555555555556,0.041343399992911145,0.0004721000004792586
46,Hepatitis,10,RandomFuzzyRules__threshold__0_6,140,15,19,31,0.7333333333333333,0.8461538461538461,0.6944444444444444,0.040718400006880984,0.00041179999243468046
46,Hepatitis,10,RandomFuzzyRules__threshold__0_7,140,15,19,31,0.8,0.88,0.75,0.03916210000170395,0.0003542000049492344
46,Hepatitis,10,RandomFuzzyRules__threshold__0_8,140,15,19,31,0.8,0.88,0.7916666666666667,0.04264030000194907,0.0003952999977627769
46,Hepatitis,10,RandomFuzzyRules__threshold__0_9,140,15,19,31,0.8,0.88,0.513888888888889,0.03983199999493081,0.0004715000104624778
52,Ionosphere,1,RandomFuzzyRules__threshold__0_1,315,36,34,34,0.8611111111111112,0.8979591836734694,0.8394648829431438,0.05020740001054946,0.0003628999984357506
52,Ionosphere,1,RandomFuzzyRules__threshold__0_2,315,36,34,34,0.8888888888888888,0.92,0.7792642140468228,0.051178099995013326,0.00043330001062713563
52,Ionosphere,1,RandomFuzzyRules__threshold__0_3,315,36,34,34,0.8888888888888888,0.92,0.7993311036789298,0.05253359999915119,0.0003428999916650355
52,Ionosphere,1,RandomFuzzyRules__threshold__0_4,315,36,34,34,0.9166666666666666,0.9387755102040817,0.7993311036789298,0.05067640000197571,0.0002842999965650961
52,Ionosphere,1,RandomFuzzyRules__threshold__0_5,315,36,34,34,0.8611111111111112,0.8979591836734694,0.7792642140468228,0.04460210000979714,0.0003654000029200688
52,Ionosphere,1,RandomFuzzyRules__threshold__0_6,315,36,34,34,0.8333333333333334,0.8846153846153846,0.705685618729097,0.051875499993911944,0.0004149000014876947
52,Ionosphere,1,RandomFuzzyRules__threshold__0_7,315,36,34,34,0.75,0.8363636363636363,0.8862876254180602,0.06516939999710303,0.00029240000003483146
52,Ionosphere,1,RandomFuzzyRules__threshold__0_8,315,36,34,34,0.8888888888888888,0.92,0.8193979933110368,0.059283999988110736,0.0004206000012345612
52,Ionosphere,1,RandomFuzzyRules__threshold__0_9,315,36,34,34,0.8611111111111112,0.9019607843137255,0.7023411371237458,0.06350849999580532,0.00040750000334810466
52,Ionosphere,2,RandomFuzzyRules__threshold__0_1,316,35,34,34,0.8571428571428571,0.8888888888888888,0.875,0.06765969999833032,0.0004653000069083646
52,Ionosphere,2,RandomFuzzyRules__threshold__0_2,316,35,34,34,0.9142857142857143,0.9387755102040817,0.9130434782608696,0.06504770000174176,0.0005242999905021861
52,Ionosphere,2,RandomFuzzyRules__threshold__0_3,316,35,34,34,0.9142857142857143,0.9361702127659575,0.9746376811594203,0.06826939999882597,0.00038440000207629055
52,Ionosphere,2,RandomFuzzyRules__threshold__0_4,316,35,34,34,0.8857142857142857,0.9047619047619048,0.9746376811594203,0.06372340000234544,0.00030109999352134764
52,Ionosphere,2,RandomFuzzyRules__threshold__0_5,316,35,34,34,0.8571428571428571,0.8888888888888888,0.9130434782608696,0.04495579999638721,0.00036959999124519527
52,Ionosphere,2,RandomFuzzyRules__threshold__0_6,316,35,34,34,0.9142857142857143,0.9361702127659575,0.9166666666666666,0.06839270000637043,0.00038819998735561967
52,Ionosphere,2,RandomFuzzyRules__threshold__0_7,316,35,34,34,0.8857142857142857,0.92,0.927536231884058,0.05299799999920651,0.00031620000663679093
52,Ionosphere,2,RandomFuzzyRules__threshold__0_8,316,35,34,34,0.8,0.8627450980392157,0.7282608695652173,0.06425609999860171,0.00044860001071356237
52,Ionosphere,2,RandomFuzzyRules__threshold__0_9,316,35,34,34,0.9142857142857143,0.9361702127659575,0.894927536231884,0.06435699999565259,0.00040010000520851463
52,Ionosphere,3,RandomFuzzyRules__threshold__0_1,316,35,34,34,0.8857142857142857,0.9166666666666666,0.8876811594202898,0.05346270000154618,0.00024850000045262277
52,Ionosphere,3,RandomFuzzyRules__threshold__0_2,316,35,34,34,0.8571428571428571,0.9019607843137255,0.75,0.06772550000459887,0.00042300000495743006
52,Ionosphere,3,RandomFuzzyRules__threshold__0_3,316,35,34,34,0.9428571428571428,0.9583333333333334,0.9094202898550724,0.06582129999878816,0.00037349999183788896
52,Ionosphere,3,RandomFuzzyRules__threshold__0_4,316,35,34,34,0.9142857142857143,0.9361702127659575,0.9094202898550724,0.13792690000263974,0.0005184999899938703
52,Ionosphere,3,RandomFuzzyRules__threshold__0_5,316,35,34,34,0.8285714285714286,0.875,0.75,0.06272879999596626,0.00038070000300649554
52,Ionosphere,3,RandomFuzzyRules__threshold__0_6,316,35,34,34,0.7714285714285715,0.8461538461538461,0.6231884057971014,0.0677785000007134,0.0004065000102855265
52,Ionosphere,3,RandomFuzzyRules__threshold__0_7,316,35,34,34,0.8,0.8679245283018868,0.9311594202898551,0.06876029999693856,0.0004123999970033765
52,Ionosphere,3,RandomFuzzyRules__threshold__0_8,316,35,34,34,0.7714285714285715,0.8461538461538461,0.6304347826086957,0.053879900005995296,0.000315699988277629
52,Ionosphere,3,RandomFuzzyRules__threshold__0_9,316,35,34,34,0.8285714285714286,0.88,0.7318840579710145,0.05458939999516588,0.0004057999904034659
52,Ionosphere,4,RandomFuzzyRules__threshold__0_1,316,35,34,34,0.8571428571428571,0.8936170212765957,0.8568840579710144,0.052784400002565235,0.0003775000077439472
52,Ionosphere,4,RandomFuzzyRules__threshold__0_2,316,35,34,34,0.8571428571428571,0.9019607843137255,0.8442028985507246,0.06101249999483116,0.0002634999982547015
52,Ionosphere,4,RandomFuzzyRules__threshold__0_3,316,35,34,34,0.8571428571428571,0.8979591836734694,0.8079710144927537,0.046467299995129,0.00043169999844394624
52,Ionosphere,4,RandomFuzzyRules__threshold__0_4,316,35,34,34,0.7714285714285715,0.8260869565217391,0.8079710144927537,0.06033290000050329,0.00026000000070780516
52,Ionosphere,4,RandomFuzzyRules__threshold__0_5,316,35,34,34,0.8,0.851063829787234,0.8442028985507246,0.051763600000413135,0.0003107000084128231
52,Ionosphere,4,RandomFuzzyRules__threshold__0_6,316,35,34,34,0.8571428571428571,0.9019607843137255,0.7463768115942029,0.0728048999881139,0.000397100011468865
52,Ionosphere,4,RandomFuzzyRules__threshold__0_7,316,35,34,34,0.8285714285714286,0.8846153846153846,0.7789855072463768,0.05853209999622777,0.0002806999982567504
52,Ionosphere,4,RandomFuzzyRules__threshold__0_8,316,35,34,34,0.8857142857142857,0.92,0.9094202898550724,0.05292560000088997,0.0004315999976824969
52,Ionosphere,4,RandomFuzzyRules__threshold__0_9,316,35,34,34,0.8857142857142857,0.92,0.8079710144927537,0.05267900000035297,0.0004317999992053956
52,Ionosphere,5,RandomFuzzyRules__threshold__0_1,316,35,34,34,0.9142857142857143,0.9361702127659575,0.8840579710144927,0.05352790000324603,0.00042050000047311187
52,Ionosphere,5,RandomFuzzyRules__threshold__0_2,316,35,34,34,0.8571428571428571,0.9019607843137255,0.8695652173913043,0.05210570000053849,0.00038869999116286635
52,Ionosphere,5,RandomFuzzyRules__threshold__0_3,316,35,34,34,0.9142857142857143,0.9361702127659575,0.8405797101449275,0.05473080000956543,0.0003991000121459365
52,Ionosphere,5,RandomFuzzyRules__threshold__0_4,316,35,34,34,0.8857142857142857,0.9130434782608695,0.8405797101449275,0.05967270000837743,0.0003738999948836863
52,Ionosphere,5,RandomFuzzyRules__threshold__0_5,316,35,34,34,0.8571428571428571,0.8936170212765957,0.8695652173913043,0.044447399995988235,0.0003791999915847555
52,Ionosphere,5,RandomFuzzyRules__threshold__0_6,316,35,34,34,0.8285714285714286,0.88,0.8297101449275363,0.050505499995779246,0.0003432000085012987
52,Ionosphere,5,RandomFuzzyRules__threshold__0_7,316,35,34,34,0.8,0.8679245283018868,0.7717391304347826,0.05162100000598002,0.00039429999014828354
52,Ionosphere,5,RandomFuzzyRules__threshold__0_8,316,35,34,34,0.9142857142857143,0.9387755102040817,0.8170289855072465,0.05913270000019111,0.00039670000842306763
52,Ionosphere,5,RandomFuzzyRules__threshold__0_9,316,35,34,34,0.8571428571428571,0.8979591836734694,0.8007246376811594,0.050594800006365404,0.0004003999929409474
52,Ionosphere,6,RandomFuzzyRules__threshold__0_1,316,35,34,34,0.7428571428571429,0.8235294117647058,0.5244755244755245,0.05195570000796579,0.00039879999530967325
52,Ionosphere,6,RandomFuzzyRules__threshold__0_2,316,35,34,34,0.8571428571428571,0.8979591836734694,0.7482517482517482,0.05091869999887422,0.0004059000057168305
52,Ionosphere,6,RandomFuzzyRules__threshold__0_3,316,35,34,34,0.8857142857142857,0.9166666666666666,0.9405594405594405,0.057514200001605786,0.0003546000079950318
52,Ionosphere,6,RandomFuzzyRules__threshold__0_4,316,35,34,34,0.8857142857142857,0.9130434782608695,0.9405594405594405,0.05428719999326859,0.00040600000647827983
52,Ionosphere,6,RandomFuzzyRules__threshold__0_5,316,35,34,34,0.8857142857142857,0.9166666666666666,0.7482517482517482,0.04543239998747595,0.0003932000108761713
52,Ionosphere,6,RandomFuzzyRules__threshold__0_6,316,35,34,34,0.6857142857142857,0.7924528301886793,0.6503496503496504,0.051790299999993294,0.00041280000004917383
52,Ionosphere,6,RandomFuzzyRules__threshold__0_7,316,35,34,34,0.6857142857142857,0.7924528301886793,0.7307692307692307,0.05150530001264997,0.0003667999990284443
52,Ionosphere,6,RandomFuzzyRules__threshold__0_8,316,35,34,34,0.8285714285714286,0.875,0.7587412587412588,0.05089940001198556,0.0003895999980159104
52,Ionosphere,6,RandomFuzzyRules__threshold__0_9,316,35,34,34,0.8857142857142857,0.9166666666666666,0.8741258741258742,0.05229039999539964,0.00039200000173877925
52,Ionosphere,7,RandomFuzzyRules__threshold__0_1,316,35,34,34,0.7714285714285715,0.8260869565217391,0.7552447552447552,0.059594700011075474,0.0003642999945441261
52,Ionosphere,7,RandomFuzzyRules__threshold__0_2,316,35,34,34,0.8,0.8627450980392157,0.6958041958041958,0.05151020000630524,0.0004023000074084848
52,Ionosphere,7,RandomFuzzyRules__threshold__0_3,316,35,34,34,0.8285714285714286,0.88,0.8216783216783217,0.05594960000598803,0.0004209000035189092
52,Ionosphere,7,RandomFuzzyRules__threshold__0_4,316,35,34,34,0.8285714285714286,0.8636363636363636,0.8216783216783217,0.056886399994255044,0.00031909999961499125
52,Ionosphere,7,RandomFuzzyRules__threshold__0_5,316,35,34,34,0.7428571428571429,0.8,0.6958041958041958,0.045315499999560416,0.00043139999615959823
52,Ionosphere,7,RandomFuzzyRules__threshold__0_6,316,35,34,34,0.7714285714285715,0.84,0.5664335664335665,0.04949639999540523,0.00039230000402312726
52,Ionosphere,7,RandomFuzzyRules__threshold__0_7,316,35,34,34,0.8,0.8627450980392157,0.8811188811188811,0.05409890000009909,0.0003893999964930117
52,Ionosphere,7,RandomFuzzyRules__threshold__0_8,316,35,34,34,0.8,0.8627450980392157,0.7657342657342658,0.05106889999296982,0.00037200000951997936
52,Ionosphere,7,RandomFuzzyRules__threshold__0_9,316,35,34,34,0.8857142857142857,0.9166666666666666,0.7692307692307692,0.051480000009178184,0.00040950000402517617
52,Ionosphere,8,RandomFuzzyRules__threshold__0_1,316,35,34,34,0.8571428571428571,0.8979591836734694,0.7692307692307693,0.0504988000029698,0.00048410000454168767
52,Ionosphere,8,RandomFuzzyRules__threshold__0_2,316,35,34,34,0.9428571428571428,0.9565217391304348,0.8496503496503496,0.05252499999187421,0.00037099998735357076
52,Ionosphere,8,RandomFuzzyRules__threshold__0_3,316,35,34,34,0.9428571428571428,0.9565217391304348,0.8461538461538461,0.05135629999858793,0.0003837999975075945
52,Ionosphere,8,RandomFuzzyRules__threshold__0_4,316,35,34,34,0.9428571428571428,0.9565217391304348,0.8461538461538461,0.05685459999949671,0.0004155000060563907
52,Ionosphere,8,RandomFuzzyRules__threshold__0_5,316,35,34,34,0.9428571428571428,0.9565217391304348,0.8496503496503496,0.04411709999840241,0.0003618000046117231
52,Ionosphere,8,RandomFuzzyRules__threshold__0_6,316,35,34,34,0.8285714285714286,0.88,0.8251748251748252,0.05604419999872334,0.00040889999945648015
52,Ionosphere,8,RandomFuzzyRules__threshold__0_7,316,35,34,34,0.8285714285714286,0.88,0.8111888111888111,0.05313420000311453,0.00040469999657943845
52,Ionosphere,8,RandomFuzzyRules__threshold__0_8,316,35,34,34,0.9428571428571428,0.9565217391304348,0.8706293706293706,0.05797929999243934,0.000404500009608455
52,Ionosphere,8,RandomFuzzyRules__threshold__0_9,316,35,34,34,0.9142857142857143,0.9361702127659575,0.895104895104895,0.05283349999808706,0.00039119999564718455
52,Ionosphere,9,RandomFuzzyRules__threshold__0_1,316,35,34,34,0.8285714285714286,0.8636363636363636,0.7902097902097902,0.05348650000814814,0.0003966999938711524
52,Ionosphere,9,RandomFuzzyRules__threshold__0_2,316,35,34,34,0.8571428571428571,0.8979591836734694,0.6993006993006993,0.051957599993329495,0.0003968999953940511
52,Ionosphere,9,RandomFuzzyRules__threshold__0_3,316,35,34,34,0.8857142857142857,0.9166666666666666,0.7972027972027972,0.05182490000152029,0.0003862000012304634
52,Ionosphere,9,RandomFuzzyRules__threshold__0_4,316,35,34,34,0.8571428571428571,0.8888888888888888,0.7972027972027972,0.051656700001331046,0.00030420000257436186
52,Ionosphere,9,RandomFuzzyRules__threshold__0_5,316,35,34,34,0.7428571428571429,0.8,0.6993006993006993,0.04437550000147894,0.0003713999903993681
52,Ionosphere,9,RandomFuzzyRules__threshold__0_6,316,35,34,34,0.7142857142857143,0.8,0.6555944055944055,0.05450410000048578,0.00037799999699927866
52,Ionosphere,9,RandomFuzzyRules__threshold__0_7,316,35,34,34,0.7428571428571429,0.8301886792452831,0.8601398601398601,0.05197930001304485,0.0004295000107958913
52,Ionosphere,9,RandomFuzzyRules__threshold__0_8,316,35,34,34,0.8285714285714286,0.875,0.6660839160839161,0.05983939999714494,0.00040460001036990434
52,Ionosphere,9,RandomFuzzyRules__threshold__0_9,316,35,34,34,0.8285714285714286,0.8695652173913043,0.7517482517482518,0.051556800011894666,0.00038749999657738954
52,Ionosphere,10,RandomFuzzyRules__threshold__0_1,316,35,34,34,0.8857142857142857,0.9130434782608695,0.9265734265734266,0.05347210000036284,0.00040040000749286264
52,Ionosphere,10,RandomFuzzyRules__threshold__0_2,316,35,34,34,0.8285714285714286,0.88,0.7902097902097902,0.050999699989915825,0.00041629999759607017
52,Ionosphere,10,RandomFuzzyRules__threshold__0_3,316,35,34,34,0.8571428571428571,0.8979591836734694,0.8548951048951049,0.04996190000383649,0.00034109999251086265
52,Ionosphere,10,RandomFuzzyRules__threshold__0_4,316,35,34,34,0.8571428571428571,0.8837209302325582,0.8548951048951049,0.04976150000584312,0.00042969999776687473
52,Ionosphere,10,RandomFuzzyRules__threshold__0_5,316,35,34,34,0.8571428571428571,0.8888888888888888,0.7902097902097902,0.04401569999754429,0.00039230000402312726
52,Ionosphere,10,RandomFuzzyRules__threshold__0_6,316,35,34,34,0.8571428571428571,0.8936170212765957,0.8776223776223776,0.05210379998607095,0.00039900001138448715
52,Ionosphere,10,RandomFuzzyRules__threshold__0_7,316,35,34,34,0.8571428571428571,0.8979591836734694,0.6923076923076923,0.051526399998692796,0.000384899991331622
52,Ionosphere,10,RandomFuzzyRules__threshold__0_8,316,35,34,34,0.8,0.851063829787234,0.701048951048951,0.051163700001779944,0.00039739999920129776
52,Ionosphere,10,RandomFuzzyRules__threshold__0_9,316,35,34,34,0.8571428571428571,0.8936170212765957,0.8426573426573427,0.05584060000546742,0.00036809999437537044
74,Musk (Version 1),1,RandomFuzzyRules__threshold__0_1,428,48,168,685,0.625,0.55,0.6049382716049383,0.0611986000003526,0.0006294999911915511
74,Musk (Version 1),1,RandomFuzzyRules__threshold__0_2,428,48,168,685,0.5833333333333334,0.5652173913043478,0.5908289241622575,0.060229299997445196,0.0005955999949947
74,Musk (Version 1),1,RandomFuzzyRules__threshold__0_3,428,48,168,685,0.7083333333333334,0.6111111111111112,0.5696649029982364,0.06090550000953954,0.0005541999998968095
74,Musk (Version 1),1,RandomFuzzyRules__threshold__0_4,428,48,168,685,0.6875,0.5714285714285714,0.6155202821869489,0.06333400000585243,0.0005711999983759597
74,Musk (Version 1),1,RandomFuzzyRules__threshold__0_5,428,48,168,685,0.7291666666666666,0.6486486486486487,0.6763668430335097,0.05169199999363627,0.0006272000027820468
74,Musk (Version 1),1,RandomFuzzyRules__threshold__0_6,428,48,168,685,0.6875,0.5454545454545454,0.6763668430335097,0.0644458000024315,0.0006262999959290028
74,Musk (Version 1),1,RandomFuzzyRules__threshold__0_7,428,48,168,685,0.625,0.55,0.7231040564373898,0.0682204000040656,0.0006277000065892935
74,Musk (Version 1),1,RandomFuzzyRules__threshold__0_8,428,48,168,685,0.4583333333333333,0.5,0.49294532627865967,0.06754649999493267,0.000639899997622706
74,Musk (Version 1),1,RandomFuzzyRules__threshold__0_9,428,48,168,685,0.5416666666666666,0.3888888888888889,0.6181657848324515,0.06172389999846928,0.00047309999354183674
74,Musk (Version 1),2,RandomFuzzyRules__threshold__0_1,428,48,168,686,0.6875,0.6153846153846154,0.5934744268077602,0.06273819999478292,0.0005940999981248751
74,Musk (Version 1),2,RandomFuzzyRules__threshold__0_2,428,48,168,686,0.6666666666666666,0.5789473684210527,0.5934744268077602,0.06780080001044553,0.0006273000035434961
74,Musk (Version 1),2,RandomFuzzyRules__threshold__0_3,428,48,168,686,0.7083333333333334,0.5882352941176471,0.7037037037037036,0.06665500000235625,0.0004192999913357198
74,Musk (Version 1),2,RandomFuzzyRules__threshold__0_4,428,48,168,686,0.6666666666666666,0.5294117647058824,0.6622574955908289,0.062203499997849576,0.0006921000021975487
74,Musk (Version 1),2,RandomFuzzyRules__threshold__0_5,428,48,168,686,0.6458333333333334,0.5405405405405406,0.6825396825396826,0.05030540000007022,0.0006245999975362793
74,Musk (Version 1),2,RandomFuzzyRules__threshold__0_6,428,48,168,686,0.6458333333333334,0.48484848484848486,0.6825396825396826,0.06337669999629725,0.0005419999943114817
74,Musk (Version 1),2,RandomFuzzyRules__threshold__0_7,428,48,168,686,0.6666666666666666,0.42857142857142855,0.7619047619047619,0.06083200000284705,0.0006137000018497929
74,Musk (Version 1),2,RandomFuzzyRules__threshold__0_8,428,48,168,686,0.625,0.6086956521739131,0.7037037037037037,0.061025300004985183,0.0005736000020988286
74,Musk (Version 1),2,RandomFuzzyRules__threshold__0_9,428,48,168,686,0.6875,0.5945945945945946,0.7160493827160493,0.06498520000604913,0.0006465000042226166
74,Musk (Version 1),3,RandomFuzzyRules__threshold__0_1,428,48,168,685,0.6458333333333334,0.32,0.6278659611992945,0.06259329999738839,0.0005584000027738512
74,Musk (Version 1),3,RandomFuzzyRules__threshold__0_2,428,48,168,685,0.625,0.6086956521739131,0.6419753086419753,0.06343739999283571,0.0006463000026997179
74,Musk (Version 1),3,RandomFuzzyRules__threshold__0_3,428,48,168,685,0.6666666666666666,0.6190476190476191,0.6419753086419753,0.06458629999542609,0.00058970000827685
74,Musk (Version 1),3,RandomFuzzyRules__threshold__0_4,428,48,168,685,0.7916666666666666,0.7222222222222222,0.7504409171075838,0.06515590001072269,0.0006479999865405262
74,Musk (Version 1),3,RandomFuzzyRules__threshold__0_5,428,48,168,685,0.7916666666666666,0.7222222222222222,0.8298059964726631,0.058666199998697266,0.0005060999974375591
74,Musk (Version 1),3,RandomFuzzyRules__threshold__0_6,428,48,168,685,0.75,0.625,0.8298059964726631,0.06734829999913927,0.0006210999999893829
74,Musk (Version 1),3,RandomFuzzyRules__threshold__0_7,428,48,168,685,0.7291666666666666,0.5517241379310345,0.7407407407407408,0.06624819998978637,0.0005156000115675852
74,Musk (Version 1),3,RandomFuzzyRules__threshold__0_8,428,48,168,685,0.5625,0.5531914893617021,0.6587301587301588,0.07682220000424422,0.0005916999944020063
74,Musk (Version 1),3,RandomFuzzyRules__threshold__0_9,428,48,168,685,0.7291666666666666,0.6285714285714286,0.763668430335097,0.07507839999743737,0.0005747999966843054
74,Musk (Version 1),4,RandomFuzzyRules__threshold__0_1,428,48,168,686,0.6666666666666666,0.6363636363636364,0.7160493827160493,0.07492220000131056,0.0005518999969353899
74,Musk (Version 1),4,RandomFuzzyRules__threshold__0_2,428,48,168,686,0.6458333333333334,0.5142857142857142,0.6208112874779541,0.06767549998767208,0.0006528000085381791
74,Musk (Version 1),4,RandomFuzzyRules__threshold__0_3,428,48,168,686,0.6458333333333334,0.6382978723404256,0.7125220458553791,0.06239399999321904,0.0006403000006685033
74,Musk (Version 1),4,RandomFuzzyRules__threshold__0_4,428,48,168,686,0.6041666666666666,0.45714285714285713,0.6058201058201058,0.06467320000228938,0.0006215999892447144
74,Musk (Version 1),4,RandomFuzzyRules__threshold__0_5,428,48,168,686,0.6458333333333334,0.5405405405405406,0.5864197530864198,0.050981899999896996,0.000440800009528175
74,Musk (Version 1),4,RandomFuzzyRules__threshold__0_6,428,48,168,686,0.625,0.47058823529411764,0.5864197530864198,0.06020900000294205,0.0006326000002445653
74,Musk (Version 1),4,RandomFuzzyRules__threshold__0_7,428,48,168,686,0.625,0.3076923076923077,0.7724867724867726,0.06176399999822024,0.0005900999967707321
74,Musk (Version 1),4,RandomFuzzyRules__threshold__0_8,428,48,168,686,0.6041666666666666,0.4864864864864865,0.6807760141093474,0.06232919999456499,0.0006388000037986785
74,Musk (Version 1),4,RandomFuzzyRules__threshold__0_9,428,48,168,686,0.6041666666666666,0.3448275862068966,0.5132275132275133,0.060754100006306544,0.0006314999918686226
74,Musk (Version 1),5,RandomFuzzyRules__threshold__0_1,428,48,168,686,0.7083333333333334,0.6666666666666666,0.63668430335097,0.0650078000035137,0.0005707999953301623
74,Musk (Version 1),5,RandomFuzzyRules__threshold__0_2,428,48,168,686,0.6875,0.6153846153846154,0.63668430335097,0.06041809999442194,0.0006188999977894127
74,Musk (Version 1),5,RandomFuzzyRules__threshold__0_3,428,48,168,686,0.6875,0.5454545454545454,0.5996472663139331,0.0623360000026878,0.0006267999997362494
74,Musk (Version 1),5,RandomFuzzyRules__threshold__0_4,428,48,168,686,0.6041666666666666,0.42424242424242425,0.5608465608465608,0.061105899992980994,0.0006315000064205378
74,Musk (Version 1),5,RandomFuzzyRules__threshold__0_5,428,48,168,686,0.6875,0.5454545454545454,0.7169312169312169,0.05543749999196734,0.000628499998128973
74,Musk (Version 1),5,RandomFuzzyRules__threshold__0_6,428,48,168,686,0.6875,0.5161290322580645,0.7169312169312169,0.06034460000228137,0.0006209999992279336
74,Musk (Version 1),5,RandomFuzzyRules__threshold__0_7,428,48,168,686,0.6458333333333334,0.48484848484848486,0.6596119929453264,0.0669243999873288,0.0006430000066757202
74,Musk (Version 1),5,RandomFuzzyRules__threshold__0_8,428,48,168,686,0.7916666666666666,0.8,0.7936507936507937,0.06107500000507571,0.0006081000028643757
74,Musk (Version 1),5,RandomFuzzyRules__threshold__0_9,428,48,168,686,0.625,0.4375,0.6613756613756613,0.06248059999779798,0.0006424999883165583
74,Musk (Version 1),6,RandomFuzzyRules__threshold__0_1,428,48,168,685,0.625,0.6538461538461539,0.7495590828924162,0.062105800010613166,0.0005945000011706725
74,Musk (Version 1),6,RandomFuzzyRules__threshold__0_2,428,48,168,685,0.6458333333333334,0.6530612244897959,0.7495590828924162,0.06574510000064038,0.0006660999933956191
74,Musk (Version 1),6,RandomFuzzyRules__threshold__0_3,428,48,168,685,0.7083333333333334,0.631578947368421,0.6305114638447972,0.0599853999883635,0.0006397000106517226
74,Musk (Version 1),6,RandomFuzzyRules__threshold__0_4,428,48,168,685,0.6666666666666666,0.6,0.6754850088183421,0.06203050000476651,0.0006342999986372888
74,Musk (Version 1),6,RandomFuzzyRules__threshold__0_5,428,48,168,685,0.6458333333333334,0.5853658536585366,0.6455026455026456,0.04975049999484327,0.0006471999950008467
74,Musk (Version 1),6,RandomFuzzyRules__threshold__0_6,428,48,168,685,0.6875,0.5714285714285714,0.6455026455026456,0.0611817000026349,0.0005945000011706725
74,Musk (Version 1),6,RandomFuzzyRules__threshold__0_7,428,48,168,685,0.6875,0.5945945945945946,0.7477954144620812,0.06554850000247825,0.0005996999971102923
74,Musk (Version 1),6,RandomFuzzyRules__threshold__0_8,428,48,168,685,0.6041666666666666,0.5777777777777777,0.644620811287478,0.07051640001009218,0.00043929999810643494
74,Musk (Version 1),6,RandomFuzzyRules__threshold__0_9,428,48,168,685,0.7291666666666666,0.6285714285714286,0.7654320987654321,0.07487539999419823,0.0006498000002466142
74,Musk (Version 1),7,RandomFuzzyRules__threshold__0_1,429,47,168,687,0.6808510638297872,0.6666666666666666,0.6941391941391941,0.07809560000896454,0.0006132999988039955
74,Musk (Version 1),7,RandomFuzzyRules__threshold__0_2,429,47,168,687,0.6382978723404256,0.6046511627906976,0.6941391941391941,0.06488250000984408,0.0005812000017613173
74,Musk (Version 1),7,RandomFuzzyRules__threshold__0_3,429,47,168,687,0.723404255319149,0.6829268292682927,0.7673992673992674,0.06481919999350794,0.0006704999977955595
74,Musk (Version 1),7,RandomFuzzyRules__threshold__0_4,429,47,168,687,0.6808510638297872,0.6511627906976745,0.6840659340659341,0.06598919999669306,0.000629100002697669
74,Musk (Version 1),7,RandomFuzzyRules__threshold__0_5,429,47,168,687,0.723404255319149,0.6829268292682927,0.7893772893772895,0.050604799995198846,0.0005759000050602481
74,Musk (Version 1),7,RandomFuzzyRules__threshold__0_6,429,47,168,687,0.7872340425531915,0.7368421052631579,0.7893772893772895,0.06281600000511389,0.0006978999881539494
74,Musk (Version 1),7,RandomFuzzyRules__threshold__0_7,429,47,168,687,0.7659574468085106,0.7317073170731707,0.8278388278388278,0.060217399994144216,0.000632199997198768
74,Musk (Version 1),7,RandomFuzzyRules__threshold__0_8,429,47,168,687,0.574468085106383,0.6296296296296297,0.6584249084249083,0.06087640000623651,0.0006095999997342005
74,Musk (Version 1),7,RandomFuzzyRules__threshold__0_9,429,47,168,687,0.6382978723404256,0.48484848484848486,0.7490842490842491,0.06567699999141041,0.0006356000085361302
74,Musk (Version 1),8,RandomFuzzyRules__threshold__0_1,429,47,168,687,0.6808510638297872,0.6511627906976745,0.6305555555555555,0.07033159999991767,0.0005584000027738512
74,Musk (Version 1),8,RandomFuzzyRules__threshold__0_2,429,47,168,687,0.5957446808510638,0.5128205128205128,0.6305555555555555,0.06155579999904148,0.0006248999998206273
74,Musk (Version 1),8,RandomFuzzyRules__threshold__0_3,429,47,168,687,0.8297872340425532,0.8,0.8037037037037037,0.06469729999662377,0.0006568000098923221
74,Musk (Version 1),8,RandomFuzzyRules__threshold__0_4,429,47,168,687,0.7659574468085106,0.7441860465116279,0.7314814814814816,0.06059949999325909,0.0006273000035434961
74,Musk (Version 1),8,RandomFuzzyRules__threshold__0_5,429,47,168,687,0.8085106382978723,0.7804878048780488,0.8583333333333334,0.05220819999522064,0.0006232000014279038
74,Musk (Version 1),8,RandomFuzzyRules__threshold__0_6,429,47,168,687,0.8297872340425532,0.7894736842105263,0.8583333333333334,0.05962230000295676,0.0006238000059965998
74,Musk (Version 1),8,RandomFuzzyRules__threshold__0_7,429,47,168,687,0.723404255319149,0.6060606060606061,0.7518518518518519,0.06138040000223555,0.0006311000033747405
74,Musk (Version 1),8,RandomFuzzyRules__threshold__0_8,429,47,168,687,0.6808510638297872,0.6938775510204082,0.8240740740740741,0.06387620000168681,0.0006715000054100528
74,Musk (Version 1),8,RandomFuzzyRules__threshold__0_9,429,47,168,687,0.723404255319149,0.5806451612903226,0.7481481481481482,0.06626569999207277,0.0006410000059986487
74,Musk (Version 1),9,RandomFuzzyRules__threshold__0_1,429,47,168,686,0.5957446808510638,0.5365853658536586,0.5851851851851851,0.06202490000578109,0.0005949000042164698
74,Musk (Version 1),9,RandomFuzzyRules__threshold__0_2,429,47,168,686,0.6595744680851063,0.5555555555555556,0.5851851851851851,0.06892289999814238,0.000633100004051812
74,Musk (Version 1),9,RandomFuzzyRules__threshold__0_3,429,47,168,686,0.7446808510638298,0.6470588235294118,0.6833333333333335,0.060035899994545616,0.0006345000001601875
74,Musk (Version 1),9,RandomFuzzyRules__threshold__0_4,429,47,168,686,0.7021276595744681,0.631578947368421,0.7083333333333335,0.060277399999904446,0.0006376999954227358
74,Musk (Version 1),9,RandomFuzzyRules__threshold__0_5,429,47,168,686,0.7446808510638298,0.6842105263157895,0.7222222222222222,0.05016040000191424,0.000611299998126924
74,Musk (Version 1),9,RandomFuzzyRules__threshold__0_6,429,47,168,686,0.7446808510638298,0.6,0.7222222222222222,0.06022100000700448,0.0006434999959310517
74,Musk (Version 1),9,RandomFuzzyRules__threshold__0_7,429,47,168,686,0.723404255319149,0.6829268292682927,0.7833333333333332,0.061751999994157813,0.0006644999957643449
74,Musk (Version 1),9,RandomFuzzyRules__threshold__0_8,429,47,168,686,0.6808510638297872,0.6666666666666666,0.6814814814814816,0.06112250000296626,0.0006496999994851649
74,Musk (Version 1),9,RandomFuzzyRules__threshold__0_9,429,47,168,686,0.7021276595744681,0.631578947368421,0.7666666666666667,0.06060989999969024,0.0006237000052351505
74,Musk (Version 1),10,RandomFuzzyRules__threshold__0_1,429,47,168,687,0.723404255319149,0.6976744186046512,0.7240740740740741,0.060030799999367446,0.000626300010480918
74,Musk (Version 1),10,RandomFuzzyRules__threshold__0_2,429,47,168,687,0.5957446808510638,0.45714285714285713,0.5277777777777778,0.06142539999564178,0.0006453999958466738
74,Musk (Version 1),10,RandomFuzzyRules__threshold__0_3,429,47,168,687,0.6382978723404256,0.45161290322580644,0.5277777777777778,0.06173309999576304,0.0006690000009257346
74,Musk (Version 1),10,RandomFuzzyRules__threshold__0_4,429,47,168,687,0.5957446808510638,0.3870967741935484,0.487962962962963,0.06619339999451768,0.00048240000614896417
74,Musk (Version 1),10,RandomFuzzyRules__threshold__0_5,429,47,168,687,0.6595744680851063,0.5294117647058824,0.6074074074074074,0.05154939999920316,0.0006564000068465248
74,Musk (Version 1),10,RandomFuzzyRules__threshold__0_6,429,47,168,687,0.6595744680851063,0.5,0.6074074074074074,0.06049060000805184,0.0006976000004215166
74,Musk (Version 1),10,RandomFuzzyRules__threshold__0_7,429,47,168,687,0.574468085106383,0.23076923076923078,0.6074074074074074,0.061240700000780635,0.0006210999999893829
74,Musk (Version 1),10,RandomFuzzyRules__threshold__0_8,429,47,168,687,0.6808510638297872,0.7058823529411765,0.7111111111111111,0.06458579999161884,0.0006480000010924414
74,Musk (Version 1),10,RandomFuzzyRules__threshold__0_9,429,47,168,687,0.5957446808510638,0.24,0.5583333333333333,0.06616270000813529,0.0006310000026132911
75,Musk (Version 2),1,RandomFuzzyRules__threshold__0_1,5938,660,166,166,0.8681818181818182,0.32558139534883723,0.7053376906318083,0.5550558000104502,0.0011623999889707193
75,Musk (Version 2),1,RandomFuzzyRules__threshold__0_2,5938,660,166,166,0.8515151515151516,0.19672131147540983,0.6893316466371494,0.5685659000009764,0.0011814999888883904
75,Musk (Version 2),1,RandomFuzzyRules__threshold__0_3,5938,660,166,166,0.853030303030303,0.12612612612612611,0.6786053130929791,0.540939200000139,0.0012541000032797456
75,Musk (Version 2),1,RandomFuzzyRules__threshold__0_4,5938,660,166,166,0.8515151515151516,0.07547169811320754,0.701445990582613,0.5786855000042124,0.0014020999951753765
75,Musk (Version 2),1,RandomFuzzyRules__threshold__0_5,5938,660,166,166,0.8606060606060606,0.17857142857142858,0.7702139995783259,0.385173799993936,0.0011994000087724999
75,Musk (Version 2),1,RandomFuzzyRules__threshold__0_6,5938,660,166,166,0.8575757575757575,0.14545454545454545,0.7702139995783259,0.5534828999952879,0.0010671000054571778
75,Musk (Version 2),1,RandomFuzzyRules__threshold__0_7,5938,660,166,166,0.8606060606060606,0.17857142857142858,0.7958131281186309,0.5625656000047456,0.0011910999892279506
75,Musk (Version 2),1,RandomFuzzyRules__threshold__0_8,5938,660,166,166,0.8590909090909091,0.2677165354330709,0.7882669196710941,0.607301500000176,0.00121420000505168
75,Musk (Version 2),1,RandomFuzzyRules__threshold__0_9,5938,660,166,166,0.853030303030303,0.12612612612612611,0.6820577693442968,0.5634578000026522,0.0013886000087950379
75,Musk (Version 2),2,RandomFuzzyRules__threshold__0_1,5938,660,166,166,0.8575757575757575,0.25396825396825395,0.6645055871811091,0.7210592000046745,0.0012885000032838434
75,Musk (Version 2),2,RandomFuzzyRules__threshold__0_2,5938,660,166,166,0.853030303030303,0.12612612612612611,0.637360320472275,0.5788147999992361,0.0011847000132547691
75,Musk (Version 2),2,RandomFuzzyRules__threshold__0_3,5938,660,166,166,0.8424242424242424,0.10344827586206896,0.5729144704476773,0.5892043000058038,0.0016687999886926264
75,Musk (Version 2),2,RandomFuzzyRules__threshold__0_4,5938,660,166,166,0.8484848484848485,0.038461538461538464,0.6541921428069435,0.5269530000077793,0.0012463000020943582
75,Musk (Version 2),2,RandomFuzzyRules__threshold__0_5,5938,660,166,166,0.85,0.15384615384615385,0.7970781502565183,0.3738312999921618,0.0012959000014234334
75,Musk (Version 2),2,RandomFuzzyRules__threshold__0_6,5938,660,166,166,0.8545454545454545,0.1724137931034483,0.5465247030711926,0.5967583999881754,0.00118530000327155
75,Musk (Version 2),2,RandomFuzzyRules__threshold__0_7,5938,660,166,166,0.8545454545454545,0.14285714285714285,0.7853679106051022,0.5871923000086099,0.001256999996257946
75,Musk (Version 2),2,RandomFuzzyRules__threshold__0_8,5938,660,166,166,0.843939393939394,0.11965811965811966,0.8047649167193758,0.5640587999951094,0.0009722999966470525
75,Musk (Version 2),2,RandomFuzzyRules__threshold__0_9,5938,660,166,166,0.853030303030303,0.11009174311926606,0.7143158338604259,0.5554894999950193,0.0011185000039404258
75,Musk (Version 2),3,RandomFuzzyRules__threshold__0_1,5938,660,166,166,0.8712121212121212,0.2857142857142857,0.6726228125658865,0.5265441999945324,0.0010768000065581873
75,Musk (Version 2),3,RandomFuzzyRules__threshold__0_2,5938,660,166,166,0.8515151515151516,0.15517241379310345,0.649738210696465,0.5537500999926124,0.0012769000022672117
75,Musk (Version 2),3,RandomFuzzyRules__threshold__0_3,5938,660,166,166,0.853030303030303,0.1415929203539823,0.6553868859371705,0.560269800000242,0.0008249999955296516
75,Musk (Version 2),3,RandomFuzzyRules__threshold__0_4,5938,660,166,166,0.8515151515151516,0.07547169811320754,0.70777110127205,0.5363191000069492,0.0012014000094495714
75,Musk (Version 2),3,RandomFuzzyRules__threshold__0_5,5938,660,166,166,0.8575757575757575,0.2033898305084746,0.8016638555063602,0.3670113999978639,0.001225900006829761
75,Musk (Version 2),3,RandomFuzzyRules__threshold__0_6,5938,660,166,166,0.8545454545454545,0.15789473684210525,0.8016638555063602,0.5628279999946244,0.0012841999996453524
75,Musk (Version 2),3,RandomFuzzyRules__threshold__0_7,5938,660,166,166,0.8590909090909091,0.19130434782608696,0.8136464263124604,0.5547932000044966,0.0012116999860154465
75,Musk (Version 2),3,RandomFuzzyRules__threshold__0_8,5938,660,166,166,0.8696969696969697,0.328125,0.8457463630613535,0.5561851999955252,0.0012478999997256324
75,Musk (Version 2),3,RandomFuzzyRules__threshold__0_9,5938,660,166,166,0.8560606060606061,0.17391304347826086,0.7204828167826272,0.5559476999915205,0.0012781000114046037
75,Musk (Version 2),4,RandomFuzzyRules__threshold__0_1,5938,660,166,166,0.8757575757575757,0.36923076923076925,0.663899430740038,0.5462883000000147,0.001301900003454648
75,Musk (Version 2),4,RandomFuzzyRules__threshold__0_2,5938,660,166,166,0.8560606060606061,0.20168067226890757,0.6652962260172888,0.5263420999981463,0.0008739000040804967
75,Musk (Version 2),4,RandomFuzzyRules__threshold__0_3,5938,660,166,166,0.8515151515151516,0.125,0.6469006957621759,0.5632792000105837,0.0010567999997874722
75,Musk (Version 2),4,RandomFuzzyRules__threshold__0_4,5938,660,166,166,0.853030303030303,0.09345794392523364,0.6928631667720851,0.5774374000029638,0.0013818000006722286
75,Musk (Version 2),4,RandomFuzzyRules__threshold__0_5,5938,660,166,166,0.8575757575757575,0.17543859649122806,0.7501229882634057,0.36701950000133365,0.0012060000008204952
75,Musk (Version 2),4,RandomFuzzyRules__threshold__0_6,5938,660,166,166,0.8666666666666667,0.3230769230769231,0.6714456391875746,0.5443878999940353,0.0014039000088814646
75,Musk (Version 2),4,RandomFuzzyRules__threshold__0_7,5938,660,166,166,0.8621212121212121,0.19469026548672566,0.7563602501932674,0.6507493999961298,0.0012753000046359375
75,Musk (Version 2),4,RandomFuzzyRules__threshold__0_8,5938,660,166,166,0.8636363636363636,0.3076923076923077,0.7992128751142034,0.560294499999145,0.0012626000097952783
75,Musk (Version 2),4,RandomFuzzyRules__threshold__0_9,5938,660,166,166,0.8590909090909091,0.16216216216216217,0.6769098320331717,0.5505608000094071,0.001283799996599555
75,Musk (Version 2),5,RandomFuzzyRules__threshold__0_1,5938,660,166,166,0.8606060606060606,0.19298245614035087,0.6529622601728863,0.5406179999990854,0.001244700004463084
75,Musk (Version 2),5,RandomFuzzyRules__threshold__0_2,5938,660,166,166,0.8560606060606061,0.1592920353982301,0.6295154262421815,0.5667774000030477,0.0012175000010756776
75,Musk (Version 2),5,RandomFuzzyRules__threshold__0_3,5938,660,166,166,0.8545454545454545,0.12727272727272726,0.6279253636938646,0.5406767000094987,0.0011028000008082017
75,Musk (Version 2),5,RandomFuzzyRules__threshold__0_4,5938,660,166,166,0.8590909090909091,0.16216216216216217,0.655632862463982,0.7652718999888748,0.0012587999954121187
75,Musk (Version 2),5,RandomFuzzyRules__threshold__0_5,5938,660,166,166,0.8590909090909091,0.23140495867768596,0.7735786070700682,0.5070161000039661,0.0012735000054817647
75,Musk (Version 2),5,RandomFuzzyRules__threshold__0_6,5938,660,166,166,0.8590909090909091,0.19130434782608696,0.6127890224190035,0.646201800002018,0.0010743999882834032
75,Musk (Version 2),5,RandomFuzzyRules__threshold__0_7,5938,660,166,166,0.8666666666666667,0.2542372881355932,0.7475314498559281,0.7043063000019174,0.0011183000024175271
75,Musk (Version 2),5,RandomFuzzyRules__threshold__0_8,5938,660,166,166,0.8469696969696969,0.2047244094488189,0.784726614660201,0.7226949000032619,0.001141699991421774
75,Musk (Version 2),5,RandomFuzzyRules__threshold__0_9,5938,660,166,166,0.8575757575757575,0.1896551724137931,0.7085002459765268,0.5500987999985227,0.0012584999931277707
75,Musk (Version 2),6,RandomFuzzyRules__threshold__0_1,5938,660,166,166,0.8772727272727273,0.37209302325581395,0.7621934078290813,0.5398166999948444,0.0012820999982068315
75,Musk (Version 2),6,RandomFuzzyRules__threshold__0_2,5938,660,166,166,0.8606060606060606,0.22033898305084745,0.7085090308524843,0.5593962999992073,0.0008977000106824562
75,Musk (Version 2),6,RandomFuzzyRules__threshold__0_3,5938,660,166,166,0.8515151515151516,0.07547169811320754,0.6752670602291097,0.5590518999961205,0.00120160001097247
75,Musk (Version 2),6,RandomFuzzyRules__threshold__0_4,5938,660,166,166,0.8590909090909091,0.16216216216216217,0.7413644669337268,0.5525136999931419,0.0012284000113140792
75,Musk (Version 2),6,RandomFuzzyRules__threshold__0_5,5938,660,166,166,0.8590909090909091,0.2184873949579832,0.762026495185888,0.4047729000012623,0.0010344000038458034
75,Musk (Version 2),6,RandomFuzzyRules__threshold__0_6,5938,660,166,166,0.8666666666666667,0.2786885245901639,0.6671586197202894,0.5748562999942806,0.0012529999949038029
75,Musk (Version 2),6,RandomFuzzyRules__threshold__0_7,5938,660,166,166,0.8590909090909091,0.19130434782608696,0.7755903436643474,0.5621328999986872,0.0009988000092562288
75,Musk (Version 2),6,RandomFuzzyRules__threshold__0_8,5938,660,166,166,0.85,0.18181818181818182,0.8253830205917493,0.5584917999949539,0.001051200000802055
75,Musk (Version 2),6,RandomFuzzyRules__threshold__0_9,5938,660,166,166,0.8515151515151516,0.10909090909090909,0.6886464263124604,0.5951704000035534,0.001417299994500354
75,Musk (Version 2),7,RandomFuzzyRules__threshold__0_1,5938,660,166,166,0.8636363636363636,0.3181818181818182,0.686230585424134,0.5623678999982076,0.0013523000088753179
75,Musk (Version 2),7,RandomFuzzyRules__threshold__0_2,5938,660,166,166,0.8590909090909091,0.23140495867768596,0.6946816360952983,0.5737082999985432,0.0013438000023597851
75,Musk (Version 2),7,RandomFuzzyRules__threshold__0_3,5938,660,166,166,0.85,0.12389380530973451,0.6596211961487104,0.5863180000014836,0.00131639999744948
75,Musk (Version 2),7,RandomFuzzyRules__threshold__0_4,5938,660,166,166,0.8560606060606061,0.12844036697247707,0.6791411905263898,0.5541264000057708,0.001256999996257946
75,Musk (Version 2),7,RandomFuzzyRules__threshold__0_5,5938,660,166,166,0.8606060606060606,0.22033898305084745,0.7679562864572351,0.3885195000038948,0.0012525999918580055
75,Musk (Version 2),7,RandomFuzzyRules__threshold__0_6,5938,660,166,166,0.853030303030303,0.1565217391304348,0.5945691896830417,0.5703068000002531,0.000903200008906424
75,Musk (Version 2),7,RandomFuzzyRules__threshold__0_7,5938,660,166,166,0.8636363636363636,0.22413793103448276,0.8044223065570314,0.5551101999881212,0.0010541999945417047
75,Musk (Version 2),7,RandomFuzzyRules__threshold__0_8,5938,660,166,166,0.8515151515151516,0.1694915254237288,0.7726825497223979,0.5536895000113873,0.001150299998698756
75,Musk (Version 2),7,RandomFuzzyRules__threshold__0_9,5938,660,166,166,0.8606060606060606,0.20689655172413793,0.684640522875817,0.566100700001698,0.0013064000086160377
75,Musk (Version 2),8,RandomFuzzyRules__threshold__0_1,5938,660,166,166,0.8742424242424243,0.3464566929133858,0.7042809826599834,0.7185950999992201,0.0013227999879745767
75,Musk (Version 2),8,RandomFuzzyRules__threshold__0_2,5938,660,166,166,0.8621212121212121,0.20869565217391303,0.6751093714022566,0.5758226000034483,0.0012425000022631139
75,Musk (Version 2),8,RandomFuzzyRules__threshold__0_3,5938,660,166,166,0.85,0.1951219512195122,0.6255689969712535,0.5992306999978609,0.0012672000011662021
75,Musk (Version 2),8,RandomFuzzyRules__threshold__0_4,5938,660,166,166,0.8575757575757575,0.12962962962962962,0.6854885846366389,0.6028977999958443,0.001290899992454797
75,Musk (Version 2),8,RandomFuzzyRules__threshold__0_5,5938,660,166,166,0.8545454545454545,0.1724137931034483,0.8141040400998956,0.40213499999663327,0.0012175000010756776
75,Musk (Version 2),8,RandomFuzzyRules__threshold__0_6,5938,660,166,166,0.85,0.18181818181818182,0.6056253210294196,0.5735549999953946,0.0012764999992214143
75,Musk (Version 2),8,RandomFuzzyRules__threshold__0_7,5938,660,166,166,0.8560606060606061,0.12844036697247707,0.8298499796312367,0.6051133000000846,0.0012621000059880316
75,Musk (Version 2),8,RandomFuzzyRules__threshold__0_8,5938,660,166,166,0.853030303030303,0.18487394957983194,0.8327370304114491,0.588208899993333,0.0012515999987954274
75,Musk (Version 2),8,RandomFuzzyRules__threshold__0_9,5938,660,166,166,0.8606060606060606,0.16363636363636364,0.7439735028959067,0.5754146999970544,0.0012811999913537875
75,Musk (Version 2),9,RandomFuzzyRules__threshold__0_1,5939,659,166,166,0.8603945371775418,0.30303030303030304,0.6681039071649101,0.5752145000005839,0.0010474000009708107
75,Musk (Version 2),9,RandomFuzzyRules__threshold__0_2,5939,659,166,166,0.8543247344461306,0.2,0.6419496788388517,0.5910876999987522,0.0013402000040514395
75,Musk (Version 2),9,RandomFuzzyRules__threshold__0_3,5939,659,166,166,0.8482549317147192,0.10714285714285714,0.6515490258703288,0.5808169999945676,0.0013763000024482608
75,Musk (Version 2),9,RandomFuzzyRules__threshold__0_4,5939,659,166,166,0.8558421851289834,0.11214953271028037,0.662798537918308,0.5750121000019135,0.0012718999932985753
75,Musk (Version 2),9,RandomFuzzyRules__threshold__0_5,5939,659,166,166,0.8679817905918058,0.2564102564102564,0.7802973845771675,0.3897434000100475,0.0012528999941423535
75,Musk (Version 2),9,RandomFuzzyRules__threshold__0_6,5939,659,166,166,0.8634294385432474,0.26229508196721313,0.624099506724866,0.5512984000088181,0.0013038999895798042
75,Musk (Version 2),9,RandomFuzzyRules__threshold__0_7,5939,659,166,166,0.866464339908953,0.22807017543859648,0.8017850172113986,0.5911057999910554,0.0009971000108635053
75,Musk (Version 2),9,RandomFuzzyRules__threshold__0_8,5939,659,166,166,0.8649468892261002,0.2764227642276423,0.8298910536214912,0.5909870999894338,0.0013442000054055825
75,Musk (Version 2),9,RandomFuzzyRules__threshold__0_9,5939,659,166,166,0.8619119878603946,0.18018018018018017,0.7341637389545408,0.5655701000068802,0.001559700001962483
75,Musk (Version 2),10,RandomFuzzyRules__threshold__0_1,5939,659,166,166,0.8679817905918058,0.2926829268292683,0.6591433336882075,0.6010870000027353,0.0012722999963443726
75,Musk (Version 2),10,RandomFuzzyRules__threshold__0_2,5939,659,166,166,0.8679817905918058,0.2564102564102564,0.6147840590510664,0.5471709999983432,0.0010083999950438738
75,Musk (Version 2),10,RandomFuzzyRules__threshold__0_3,5939,659,166,166,0.8512898330804249,0.125,0.6141807729160013,0.8019113000045763,0.0014086000010138378
75,Musk (Version 2),10,RandomFuzzyRules__threshold__0_4,5939,659,166,166,0.8543247344461306,0.09433962264150944,0.646660633805316,0.6955174000031548,0.0013249999901745468
75,Musk (Version 2),10,RandomFuzzyRules__threshold__0_5,5939,659,166,166,0.8649468892261002,0.22608695652173913,0.7950157919017709,0.4145223000086844,0.0011993999942205846
75,Musk (Version 2),10,RandomFuzzyRules__threshold__0_6,5939,659,166,166,0.866464339908953,0.30158730158730157,0.5978033287199688,0.6541747000010218,0.001293900000746362
75,Musk (Version 2),10,RandomFuzzyRules__threshold__0_7,5939,659,166,166,0.8649468892261002,0.22608695652173913,0.8183398985059797,0.6308545000065351,0.0013557000056607649
75,Musk (Version 2),10,RandomFuzzyRules__threshold__0_8,5939,659,166,166,0.8512898330804249,0.2222222222222222,0.8079775719507435,0.6063462000020081,0.0013147999998182058
75,Musk (Version 2),10,RandomFuzzyRules__threshold__0_9,5939,659,166,166,0.8649468892261002,0.21238938053097345,0.7536995635047377,0.6171329000062542,0.0013193000049795955
94,Spambase,1,RandomFuzzyRules__threshold__0_1,4140,461,57,57,0.7570498915401301,0.7005347593582888,0.8010358816810429,0.2849148000095738,0.0005546999891521409
94,Spambase,1,RandomFuzzyRules__threshold__0_2,4140,461,57,57,0.7180043383947939,0.644808743169399,0.7294005277876245,0.2759026000130689,0.0006339999963529408
94,Spambase,1,RandomFuzzyRules__threshold__0_3,4140,461,57,57,0.6572668112798264,0.30701754385964913,0.6378155894284927,0.2782104999932926,0.0006219999922905117
94,Spambase,1,RandomFuzzyRules__threshold__0_4,4140,461,57,57,0.6420824295010846,0.23255813953488372,0.6378155894284927,0.2769929000060074,0.0006155999872134998
94,Spambase,1,RandomFuzzyRules__threshold__0_5,4140,461,57,57,0.6225596529284165,0.13,0.6647662373468826,0.15255929999693763,0.0005857999931322411
94,Spambase,1,RandomFuzzyRules__threshold__0_6,4140,461,57,57,0.613882863340564,0.08247422680412371,0.6647662373468826,0.31587440001021605,0.0006424000021070242
94,Spambase,1,RandomFuzzyRules__threshold__0_7,4140,461,57,57,0.6073752711496746,0.03208556149732621,0.6378155894284927,0.2754002000001492,0.0007249000045703724
94,Spambase,1,RandomFuzzyRules__threshold__0_8,4140,461,57,57,0.7049891540130152,0.4925373134328358,0.7893477490251684,0.2733838999993168,0.0006697999924654141
94,Spambase,1,RandomFuzzyRules__threshold__0_9,4140,461,57,57,0.6073752711496746,0.01092896174863388,0.8063432982787822,0.26909580000210553,0.0006448999920394272
94,Spambase,2,RandomFuzzyRules__threshold__0_1,4141,460,57,57,0.758695652173913,0.6958904109589041,0.7737172899043403,0.26960610000242013,0.0006481000018538907
94,Spambase,2,RandomFuzzyRules__threshold__0_2,4141,460,57,57,0.6717391304347826,0.5722379603399433,0.6971598545339552,0.4531105999922147,0.0004428999964147806
94,Spambase,2,RandomFuzzyRules__threshold__0_3,4141,460,57,57,0.6152173913043478,0.2948207171314741,0.6971598545339552,0.28162810001231264,0.0006520999886561185
94,Spambase,2,RandomFuzzyRules__threshold__0_4,4141,460,57,57,0.6195652173913043,0.1116751269035533,0.6285081824650169,0.2879947999899741,0.0006603000074392185
94,Spambase,2,RandomFuzzyRules__threshold__0_5,4141,460,57,57,0.6152173913043478,0.06349206349206349,0.6285081824650169,0.15455579999252222,0.0006292000034591183
94,Spambase,2,RandomFuzzyRules__threshold__0_6,4141,460,57,57,0.6108695652173913,0.0427807486631016,0.6285081824650169,0.2785456999990856,0.0005688999954145402
94,Spambase,2,RandomFuzzyRules__threshold__0_7,4141,460,57,57,0.6,0.642023346303502,0.6789173057158668,0.31337669999629725,0.0006550999969476834
94,Spambase,2,RandomFuzzyRules__threshold__0_8,4141,460,57,57,0.7152173913043478,0.5093632958801498,0.7746758637046408,0.2721210999879986,0.0006725999992340803
94,Spambase,2,RandomFuzzyRules__threshold__0_9,4141,460,57,57,0.6043478260869565,0.0,0.7926120641947981,0.27396229999430943,0.0006127999949967489
94,Spambase,3,RandomFuzzyRules__threshold__0_1,4141,460,57,57,0.7695652173913043,0.7165775401069518,0.8243141750335994,0.2843533999985084,0.0006154000002425164
94,Spambase,3,RandomFuzzyRules__threshold__0_2,4141,460,57,57,0.7217391304347827,0.6502732240437158,0.7583702268954067,0.28789949999190867,0.0006451999943237752
94,Spambase,3,RandomFuzzyRules__threshold__0_3,4141,460,57,57,0.6760869565217391,0.39183673469387753,0.8022175666060558,0.2955806000099983,0.000641400009044446
94,Spambase,3,RandomFuzzyRules__threshold__0_4,4141,460,57,57,0.6260869565217392,0.13131313131313133,0.6390623764724483,0.28069590000086464,0.0006518000009236857
94,Spambase,3,RandomFuzzyRules__threshold__0_5,4141,460,57,57,0.6239130434782608,0.09424083769633508,0.6390623764724483,0.1590223000093829,0.0006494000117527321
94,Spambase,3,RandomFuzzyRules__threshold__0_6,4141,460,57,57,0.6108695652173913,0.032432432432432434,0.6390623764724483,0.2957464000064647,0.0006348000024445355
94,Spambase,3,RandomFuzzyRules__threshold__0_7,4141,460,57,57,0.6065217391304348,0.01092896174863388,0.6390623764724483,0.2707848999998532,0.0006461000011768192
94,Spambase,3,RandomFuzzyRules__threshold__0_8,4141,460,57,57,0.7108695652173913,0.4904214559386973,0.8255790971618311,0.29490760000771843,0.0006481000018538907
94,Spambase,3,RandomFuzzyRules__threshold__0_9,4141,460,57,57,0.6065217391304348,0.01092896174863388,0.7863171001660211,0.28384090001054574,0.000647599998046644
94,Spambase,4,RandomFuzzyRules__threshold__0_1,4141,460,57,57,0.7608695652173914,0.6839080459770115,0.749608903146597,0.28660219999437686,0.0006173000001581386
94,Spambase,4,RandomFuzzyRules__threshold__0_2,4141,460,57,57,0.7130434782608696,0.5510204081632653,0.7748272243014712,0.28606160001072567,0.0006316999933915213
94,Spambase,4,RandomFuzzyRules__threshold__0_3,4141,460,57,57,0.65,0.3263598326359833,0.7748272243014712,0.2765974000067217,0.0007009999972069636
94,Spambase,4,RandomFuzzyRules__threshold__0_4,4141,460,57,57,0.6239130434782608,0.1642512077294686,0.7404206023881661,0.27691640000557527,0.0005426999996416271
94,Spambase,4,RandomFuzzyRules__threshold__0_5,4141,460,57,57,0.6260869565217392,0.10416666666666667,0.6645082080833284,0.16573620001145173,0.0006351000047288835
94,Spambase,4,RandomFuzzyRules__threshold__0_6,4141,460,57,57,0.6195652173913043,0.07407407407407407,0.5923384621477653,0.27391910000005737,0.0006796999950893223
94,Spambase,4,RandomFuzzyRules__threshold__0_7,4141,460,57,57,0.6152173913043478,0.6641366223908919,0.6952513911166559,0.28007890000299085,0.0006080000021029264
94,Spambase,4,RandomFuzzyRules__threshold__0_8,4141,460,57,57,0.7,0.4732824427480916,0.7899364343848394,0.2832825999939814,0.0005802000086987391
94,Spambase,4,RandomFuzzyRules__threshold__0_9,4141,460,57,57,0.6065217391304348,0.042328042328042326,0.7717677577773817,0.2994732999941334,0.0006756999937351793
94,Spambase,5,RandomFuzzyRules__threshold__0_1,4141,460,57,57,0.7717391304347826,0.7107438016528925,0.8101744589001763,0.2825687000004109,0.0005980999994790182
94,Spambase,5,RandomFuzzyRules__threshold__0_2,4141,460,57,57,0.7326086956521739,0.6554621848739496,0.7419651874294542,0.27868540000054054,0.0006898999999975786
94,Spambase,5,RandomFuzzyRules__threshold__0_3,4141,460,57,57,0.6608695652173913,0.35537190082644626,0.7569258797203906,0.2739755999937188,0.0006458999996539205
94,Spambase,5,RandomFuzzyRules__threshold__0_4,4141,460,57,57,0.6239130434782608,0.1218274111675127,0.6501217845897939,0.28193079998891335,0.0006495999987237155
94,Spambase,5,RandomFuzzyRules__threshold__0_5,4141,460,57,57,0.6217391304347826,0.09375,0.6501217845897939,0.17125030000170227,0.0005516999954124913
94,Spambase,5,RandomFuzzyRules__threshold__0_6,4141,460,57,57,0.6217391304347826,0.08421052631578947,0.6501217845897939,0.2738852000038605,0.0005209999944781885
94,Spambase,5,RandomFuzzyRules__threshold__0_7,4141,460,57,57,0.6478260869565218,0.6772908366533864,0.7445097922731143,0.2840871999942465,0.0006603999936487526
94,Spambase,5,RandomFuzzyRules__threshold__0_8,4141,460,57,57,0.7260869565217392,0.5531914893617021,0.8058377393611754,0.29962929998873733,0.0006531000108225271
94,Spambase,5,RandomFuzzyRules__threshold__0_9,4141,460,57,57,0.6260869565217392,0.09473684210526316,0.7076575773777698,0.2849826000019675,0.0006193000008352101
94,Spambase,6,RandomFuzzyRules__threshold__0_1,4141,460,57,57,0.7608695652173914,0.6994535519125683,0.7878373829184736,0.28867730000638403,0.000680500001180917
94,Spambase,6,RandomFuzzyRules__threshold__0_2,4141,460,57,57,0.6847826086956522,0.6091644204851752,0.7140438424523258,0.2898568999953568,0.0005596999981207773
94,Spambase,6,RandomFuzzyRules__threshold__0_3,4141,460,57,57,0.6478260869565218,0.3017241379310345,0.7769955840709717,0.2749016000016127,0.0005940999981248751
94,Spambase,6,RandomFuzzyRules__threshold__0_4,4141,460,57,57,0.6260869565217392,0.13131313131313133,0.6732410542783026,0.3026298999902792,0.0005100999987917021
94,Spambase,6,RandomFuzzyRules__threshold__0_5,4141,460,57,57,0.6195652173913043,0.07407407407407407,0.6732410542783026,0.18689399999857415,0.0005657000001519918
94,Spambase,6,RandomFuzzyRules__threshold__0_6,4141,460,57,57,0.6130434782608696,0.043010752688172046,0.6732410542783026,0.27976020000642166,0.0004560999950626865
94,Spambase,6,RandomFuzzyRules__threshold__0_7,4141,460,57,57,0.5782608695652174,0.616600790513834,0.6623398483138281,0.28187910000269767,0.00042039999971166253
94,Spambase,6,RandomFuzzyRules__threshold__0_8,4141,460,57,57,0.7347826086956522,0.5547445255474452,0.8034020475652983,0.28759160000481643,0.0005357999907573685
94,Spambase,6,RandomFuzzyRules__threshold__0_9,4141,460,57,57,0.6065217391304348,0.01092896174863388,0.6823798491059229,0.3003744000016013,0.0005582000012509525
94,Spambase,7,RandomFuzzyRules__threshold__0_1,4141,460,57,57,0.7717391304347826,0.7058823529411765,0.807055585259114,0.296194700000342,0.0006391999922925606
94,Spambase,7,RandomFuzzyRules__threshold__0_2,4141,460,57,57,0.691304347826087,0.5988700564971752,0.7246975187627478,0.2962143000040669,0.0006647999980486929
94,Spambase,7,RandomFuzzyRules__threshold__0_3,4141,460,57,57,0.6413043478260869,0.25339366515837103,0.7554407017960751,0.2764937000029022,0.0006546000076923519
94,Spambase,7,RandomFuzzyRules__threshold__0_4,4141,460,57,57,0.6369565217391304,0.1691542288557214,0.6474385631398641,0.2775578000000678,0.0006498000002466142
94,Spambase,7,RandomFuzzyRules__threshold__0_5,4141,460,57,57,0.6304347826086957,0.11458333333333333,0.6474385631398641,0.15744409999751952,0.0006676000048173591
94,Spambase,7,RandomFuzzyRules__threshold__0_6,4141,460,57,57,0.6173913043478261,0.053763440860215055,0.6474385631398641,0.2871186999982456,0.0006557999877259135
94,Spambase,7,RandomFuzzyRules__threshold__0_7,4141,460,57,57,0.6260869565217392,0.6489795918367347,0.7053109962573516,0.276201199987554,0.0006159000040497631
94,Spambase,7,RandomFuzzyRules__threshold__0_8,4141,460,57,57,0.6782608695652174,0.41732283464566927,0.797174201469336,0.2815231000131462,0.000636199998552911
94,Spambase,7,RandomFuzzyRules__threshold__0_9,4141,460,57,57,0.6086956521739131,0.01098901098901099,0.685973979682766,0.2792137999931583,0.0005439999949885532
94,Spambase,8,RandomFuzzyRules__threshold__0_1,4141,460,57,57,0.8108695652173913,0.7629427792915532,0.8587595793976117,0.289406500000041,0.0006263999966904521
94,Spambase,8,RandomFuzzyRules__threshold__0_2,4141,460,57,57,0.6869565217391305,0.5932203389830508,0.7358264520089507,0.2761999999929685,0.0006610999989788979
94,Spambase,8,RandomFuzzyRules__threshold__0_3,4141,460,57,57,0.6217391304347826,0.304,0.721529139190875,0.2811606000032043,0.0006212000007508323
94,Spambase,8,RandomFuzzyRules__threshold__0_4,4141,460,57,57,0.6434782608695652,0.18811881188118812,0.6414384443256301,0.2899157999927411,0.0006436999974539503
94,Spambase,8,RandomFuzzyRules__threshold__0_5,4141,460,57,57,0.6260869565217392,0.09473684210526316,0.6414384443256301,0.16927560001204256,0.0006409999914467335
94,Spambase,8,RandomFuzzyRules__threshold__0_6,4141,460,57,57,0.6152173913043478,0.043243243243243246,0.6414384443256301,0.3320714000001317,0.0006429000059142709
94,Spambase,8,RandomFuzzyRules__threshold__0_7,4141,460,57,57,0.6021739130434782,0.0,0.6362601239628507,0.282474399995408,0.0006156000017654151
94,Spambase,8,RandomFuzzyRules__threshold__0_8,4141,460,57,57,0.717391304347826,0.5185185185185185,0.8379670884571971,0.28917980000551324,0.0006366999878082424
94,Spambase,8,RandomFuzzyRules__threshold__0_9,4141,460,57,57,0.6086956521739131,0.01098901098901099,0.6630923384621479,0.29876920000242535,0.0006179000047268346
94,Spambase,9,RandomFuzzyRules__threshold__0_1,4141,460,57,57,0.7434782608695653,0.6844919786096256,0.7782629358997207,0.2823913000029279,0.0006033999961800873
94,Spambase,9,RandomFuzzyRules__threshold__0_2,4141,460,57,57,0.6782608695652174,0.4393939393939394,0.7782629358997207,0.2835071000008611,0.0006557999877259135
94,Spambase,9,RandomFuzzyRules__threshold__0_3,4141,460,57,57,0.7086956521739131,0.5592105263157895,0.7581536268044913,0.282768599994597,0.0006235000037122518
94,Spambase,9,RandomFuzzyRules__threshold__0_4,4141,460,57,57,0.6282608695652174,0.10471204188481675,0.6437454207014001,0.291623899989645,0.0006629999988945201
94,Spambase,9,RandomFuzzyRules__threshold__0_5,4141,460,57,57,0.6108695652173913,0.02185792349726776,0.6437454207014001,0.15903839998645708,0.0007049999985611066
94,Spambase,9,RandomFuzzyRules__threshold__0_6,4141,460,57,57,0.6065217391304348,0.0,0.6437454207014001,0.2741690999973798,0.0006526999932248145
94,Spambase,9,RandomFuzzyRules__threshold__0_7,4141,460,57,57,0.6065217391304348,0.6415841584158416,0.7096378146101903,0.29922820000501815,0.0005479999963426962
94,Spambase,9,RandomFuzzyRules__threshold__0_8,4141,460,57,57,0.6934782608695652,0.4555984555984556,0.7685498722746986,0.2831971999985399,0.0006378999969456345
94,Spambase,9,RandomFuzzyRules__threshold__0_9,4141,460,57,57,0.6043478260869565,0.010869565217391304,0.7861937860155647,0.2947122000041418,0.0005109000048832968
94,Spambase,10,RandomFuzzyRules__threshold__0_1,4141,460,57,57,0.741304347826087,0.6909090909090909,0.7846591021604389,0.2840262999961851,0.0005991000070935115
94,Spambase,10,RandomFuzzyRules__threshold__0_2,4141,460,57,57,0.7239130434782609,0.650137741046832,0.749707915008218,0.2865530000126455,0.000650099987979047
94,Spambase,10,RandomFuzzyRules__threshold__0_3,4141,460,57,57,0.6282608695652174,0.35471698113207545,0.749707915008218,0.28684440000506584,0.0006356999947456643
94,Spambase,10,RandomFuzzyRules__threshold__0_4,4141,460,57,57,0.6391304347826087,0.16161616161616163,0.6442404800095051,0.28120440000202507,0.0006844000017736107
94,Spambase,10,RandomFuzzyRules__threshold__0_5,4141,460,57,57,0.6282608695652174,0.10471204188481675,0.6442404800095051,0.17223350000858773,0.0005253999988781288
94,Spambase,10,RandomFuzzyRules__threshold__0_6,4141,460,57,57,0.6152173913043478,0.043243243243243246,0.6442404800095051,0.28054120000160765,0.00048410000454168767
94,Spambase,10,RandomFuzzyRules__threshold__0_7,4141,460,57,57,0.5869565217391305,0.62890625,0.6715776550030693,0.2835800000029849,0.0004305000038584694
94,Spambase,10,RandomFuzzyRules__threshold__0_8,4141,460,57,57,0.7,0.4609375,0.8033327392621636,0.3498576999991201,0.0006776000082027167
94,Spambase,10,RandomFuzzyRules__threshold__0_9,4141,460,57,57,0.6086956521739131,0.01098901098901099,0.8161151705974377,0.2945811999961734,0.0006622999935643747
95,SPECT Heart,1,RandomFuzzyRules__threshold__0_1,240,27,22,44,0.6666666666666666,0.7692307692307693,0.7,0.042470000000321306,0.00028169999131932855
95,SPECT Heart,1,RandomFuzzyRules__threshold__0_2,240,27,22,44,0.6666666666666666,0.7692307692307693,0.7,0.04332609999983106,0.0003504999913275242
95,SPECT Heart,1,RandomFuzzyRules__threshold__0_3,240,27,22,44,0.6666666666666666,0.7692307692307693,0.7,0.04267529999196995,0.0003547000087564811
95,SPECT Heart,1,RandomFuzzyRules__threshold__0_4,240,27,22,44,0.6666666666666666,0.7692307692307693,0.7,0.04322330000286456,0.0003601000062189996
95,SPECT Heart,1,RandomFuzzyRules__threshold__0_5,240,27,22,44,0.6666666666666666,0.7692307692307693,0.7,0.03691650000109803,0.00036639999598264694
95,SPECT Heart,1,RandomFuzzyRules__threshold__0_6,240,27,22,44,0.6666666666666666,0.7692307692307693,0.7,0.044779399991966784,0.00039119999564718455
95,SPECT Heart,1,RandomFuzzyRules__threshold__0_7,240,27,22,44,0.6666666666666666,0.7692307692307693,0.7,0.04400559999339748,0.00035799999022856355
95,SPECT Heart,1,RandomFuzzyRules__threshold__0_8,240,27,22,44,0.8148148148148148,0.8936170212765957,0.6590909090909091,0.04380499999388121,0.00037650000012945384
95,SPECT Heart,1,RandomFuzzyRules__threshold__0_9,240,27,22,44,0.8148148148148148,0.8936170212765957,0.6590909090909091,0.047929199994541705,0.00038470000436063856
95,SPECT Heart,2,RandomFuzzyRules__threshold__0_1,240,27,22,44,0.8148148148148148,0.8979591836734694,0.42272727272727273,0.04507010000816081,0.00037850000080652535
95,SPECT Heart,2,RandomFuzzyRules__threshold__0_2,240,27,22,44,0.8148148148148148,0.8979591836734694,0.42272727272727273,0.04705560000729747,0.0003789000038523227
95,SPECT Heart,2,RandomFuzzyRules__threshold__0_3,240,27,22,44,0.8148148148148148,0.8979591836734694,0.42272727272727273,0.049309900001389906,0.00038869999116286635
95,SPECT Heart,2,RandomFuzzyRules__threshold__0_4,240,27,22,44,0.8148148148148148,0.8979591836734694,0.42272727272727273,0.04468950000591576,0.0003806000022450462
95,SPECT Heart,2,RandomFuzzyRules__threshold__0_5,240,27,22,44,0.8148148148148148,0.8979591836734694,0.42272727272727273,0.042001199995866045,0.00037710000469814986
95,SPECT Heart,2,RandomFuzzyRules__threshold__0_6,240,27,22,44,0.8148148148148148,0.8979591836734694,0.42272727272727273,0.04306609999912325,0.00036360000376589596
95,SPECT Heart,2,RandomFuzzyRules__threshold__0_7,240,27,22,44,0.8148148148148148,0.8979591836734694,0.42272727272727273,0.045250299997860566,0.0003875999973388389
95,SPECT Heart,2,RandomFuzzyRules__threshold__0_8,240,27,22,44,0.8148148148148148,0.8979591836734694,0.6090909090909091,0.04350269999122247,0.00037460000021383166
95,SPECT Heart,2,RandomFuzzyRules__threshold__0_9,240,27,22,44,0.8148148148148148,0.8979591836734694,0.6090909090909091,0.044951199990464374,0.00038180001138243824
95,SPECT Heart,3,RandomFuzzyRules__threshold__0_1,240,27,22,44,0.7407407407407407,0.8292682926829268,0.6547619047619048,0.04393050000362564,0.0004163999983575195
95,SPECT Heart,3,RandomFuzzyRules__threshold__0_2,240,27,22,44,0.7407407407407407,0.8292682926829268,0.6547619047619048,0.045233199998619966,0.00037790001078974456
95,SPECT Heart,3,RandomFuzzyRules__threshold__0_3,240,27,22,44,0.7407407407407407,0.8292682926829268,0.6547619047619048,0.04300160000275355,0.00037959999463055283
95,SPECT Heart,3,RandomFuzzyRules__threshold__0_4,240,27,22,44,0.7407407407407407,0.8292682926829268,0.6547619047619048,0.04358840000350028,0.0003648999991128221
95,SPECT Heart,3,RandomFuzzyRules__threshold__0_5,240,27,22,44,0.7407407407407407,0.8292682926829268,0.6547619047619048,0.04281749999790918,0.00039799998921807855
95,SPECT Heart,3,RandomFuzzyRules__threshold__0_6,240,27,22,44,0.7407407407407407,0.8292682926829268,0.6547619047619048,0.04431520000798628,0.00037769999471493065
95,SPECT Heart,3,RandomFuzzyRules__threshold__0_7,240,27,22,44,0.7407407407407407,0.8292682926829268,0.6547619047619048,0.044657799997366965,0.0003445000038482249
95,SPECT Heart,3,RandomFuzzyRules__threshold__0_8,240,27,22,44,0.7407407407407407,0.851063829787234,0.5119047619047619,0.05113730000448413,0.0003575999871827662
95,SPECT Heart,3,RandomFuzzyRules__threshold__0_9,240,27,22,44,0.7407407407407407,0.851063829787234,0.5119047619047619,0.04574739999952726,0.0002680000034160912
95,SPECT Heart,4,RandomFuzzyRules__threshold__0_1,240,27,22,44,0.8148148148148148,0.8888888888888888,0.6746031746031746,0.05454069998813793,0.00036700000055134296
95,SPECT Heart,4,RandomFuzzyRules__threshold__0_2,240,27,22,44,0.8148148148148148,0.8888888888888888,0.6746031746031746,0.04580059999716468,0.0004248000041116029
95,SPECT Heart,4,RandomFuzzyRules__threshold__0_3,240,27,22,44,0.8148148148148148,0.8888888888888888,0.6746031746031746,0.044728299995767884,0.00040299999818671495
95,SPECT Heart,4,RandomFuzzyRules__threshold__0_4,240,27,22,44,0.8148148148148148,0.8888888888888888,0.6746031746031746,0.05786659999284893,0.000410699998610653
95,SPECT Heart,4,RandomFuzzyRules__threshold__0_5,240,27,22,44,0.8148148148148148,0.8888888888888888,0.6746031746031746,0.04590089998964686,0.00039600000309292227
95,SPECT Heart,4,RandomFuzzyRules__threshold__0_6,240,27,22,44,0.8148148148148148,0.8888888888888888,0.6746031746031746,0.05878409999422729,0.00042520000715740025
95,SPECT Heart,4,RandomFuzzyRules__threshold__0_7,240,27,22,44,0.8148148148148148,0.8888888888888888,0.6746031746031746,0.06015990000742022,0.00038139999378472567
95,SPECT Heart,4,RandomFuzzyRules__threshold__0_8,240,27,22,44,0.7777777777777778,0.875,0.7698412698412698,0.05288909999944735,0.00026590000197757035
95,SPECT Heart,4,RandomFuzzyRules__threshold__0_9,240,27,22,44,0.7777777777777778,0.875,0.7698412698412698,0.054156300000613555,0.0002730999985942617
95,SPECT Heart,5,RandomFuzzyRules__threshold__0_1,240,27,22,44,0.7037037037037037,0.7894736842105263,0.6587301587301588,0.041040399999474175,0.000265800001216121
95,SPECT Heart,5,RandomFuzzyRules__threshold__0_2,240,27,22,44,0.7037037037037037,0.7894736842105263,0.6587301587301588,0.04052939999382943,0.00026649999199435115
95,SPECT Heart,5,RandomFuzzyRules__threshold__0_3,240,27,22,44,0.7037037037037037,0.7894736842105263,0.6587301587301588,0.04581450000114273,0.0003863000019919127
95,SPECT Heart,5,RandomFuzzyRules__threshold__0_4,240,27,22,44,0.7037037037037037,0.7894736842105263,0.6587301587301588,0.056157300001359545,0.00026890001026913524
95,SPECT Heart,5,RandomFuzzyRules__threshold__0_5,240,27,22,44,0.7037037037037037,0.7894736842105263,0.6587301587301588,0.04437060000782367,0.0003848000051220879
95,SPECT Heart,5,RandomFuzzyRules__threshold__0_6,240,27,22,44,0.7037037037037037,0.7894736842105263,0.6587301587301588,0.04864090000046417,0.0002539999986765906
95,SPECT Heart,5,RandomFuzzyRules__threshold__0_7,240,27,22,44,0.7037037037037037,0.7894736842105263,0.6587301587301588,0.047062300000106916,0.0003966000076616183
95,SPECT Heart,5,RandomFuzzyRules__threshold__0_8,240,27,22,44,0.7777777777777778,0.875,0.6626984126984128,0.0582150999980513,0.000403900005039759
95,SPECT Heart,5,RandomFuzzyRules__threshold__0_9,240,27,22,44,0.7777777777777778,0.875,0.6626984126984128,0.0443232999969041,0.0003809000045293942
95,SPECT Heart,6,RandomFuzzyRules__threshold__0_1,240,27,22,44,0.6666666666666666,0.7692307692307693,0.5912698412698414,0.04316070000641048,0.0003858999989461154
95,SPECT Heart,6,RandomFuzzyRules__threshold__0_2,240,27,22,44,0.6666666666666666,0.7692307692307693,0.5912698412698414,0.048318000001017936,0.0005425000126706436
95,SPECT Heart,6,RandomFuzzyRules__threshold__0_3,240,27,22,44,0.6666666666666666,0.7692307692307693,0.5912698412698414,0.043940099989413284,0.000378700002329424
95,SPECT Heart,6,RandomFuzzyRules__threshold__0_4,240,27,22,44,0.6666666666666666,0.7692307692307693,0.5912698412698414,0.04508680000435561,0.0004037000035168603
95,SPECT Heart,6,RandomFuzzyRules__threshold__0_5,240,27,22,44,0.6666666666666666,0.7692307692307693,0.5912698412698414,0.04024829999252688,0.0003727000002982095
95,SPECT Heart,6,RandomFuzzyRules__threshold__0_6,240,27,22,44,0.6666666666666666,0.7692307692307693,0.5912698412698414,0.04378619999624789,0.00033070000063162297
95,SPECT Heart,6,RandomFuzzyRules__threshold__0_7,240,27,22,44,0.6666666666666666,0.7692307692307693,0.5912698412698414,0.043457100007799454,0.0003850999928545207
95,SPECT Heart,6,RandomFuzzyRules__threshold__0_8,240,27,22,44,0.7407407407407407,0.851063829787234,0.6111111111111112,0.045692500003497116,0.0003892999957315624
95,SPECT Heart,6,RandomFuzzyRules__threshold__0_9,240,27,22,44,0.7407407407407407,0.851063829787234,0.6111111111111112,0.04404969999450259,0.0003842000005533919
95,SPECT Heart,7,RandomFuzzyRules__threshold__0_1,240,27,22,44,0.8148148148148148,0.8717948717948718,0.8134920634920635,0.04500860000553075,0.0003828999906545505
95,SPECT Heart,7,RandomFuzzyRules__threshold__0_2,240,27,22,44,0.8148148148148148,0.8717948717948718,0.8134920634920635,0.045492100005503744,0.0003571999986888841
95,SPECT Heart,7,RandomFuzzyRules__threshold__0_3,240,27,22,44,0.8148148148148148,0.8717948717948718,0.8134920634920635,0.0443708999955561,0.0003628000122262165
95,SPECT Heart,7,RandomFuzzyRules__threshold__0_4,240,27,22,44,0.8148148148148148,0.8717948717948718,0.8134920634920635,0.0442178000084823,0.00034529999538790435
95,SPECT Heart,7,RandomFuzzyRules__threshold__0_5,240,27,22,44,0.8148148148148148,0.8717948717948718,0.8134920634920635,0.04507890000240877,0.0004014000005554408
95,SPECT Heart,7,RandomFuzzyRules__threshold__0_6,240,27,22,44,0.8148148148148148,0.8717948717948718,0.8134920634920635,0.04420869999739807,0.0003885000041918829
95,SPECT Heart,7,RandomFuzzyRules__threshold__0_7,240,27,22,44,0.8148148148148148,0.8717948717948718,0.8134920634920635,0.04557329999806825,0.00038320000749081373
95,SPECT Heart,7,RandomFuzzyRules__threshold__0_8,240,27,22,44,0.7777777777777778,0.875,0.7619047619047619,0.050344099989160895,0.0004324000037740916
95,SPECT Heart,7,RandomFuzzyRules__threshold__0_9,240,27,22,44,0.7777777777777778,0.875,0.7619047619047619,0.044034099992131814,0.00036210000689607114
95,SPECT Heart,8,RandomFuzzyRules__threshold__0_1,241,26,22,44,0.7692307692307693,0.85,0.7238095238095238,0.0616096000012476,0.0003989999968325719
95,SPECT Heart,8,RandomFuzzyRules__threshold__0_2,241,26,22,44,0.7692307692307693,0.85,0.7238095238095238,0.05899160000262782,0.00039819999074097723
95,SPECT Heart,8,RandomFuzzyRules__threshold__0_3,241,26,22,44,0.7692307692307693,0.85,0.7238095238095238,0.043053400004282594,0.0003718999942066148
95,SPECT Heart,8,RandomFuzzyRules__threshold__0_4,241,26,22,44,0.7692307692307693,0.85,0.7238095238095238,0.0454118999914499,0.000338400001055561
95,SPECT Heart,8,RandomFuzzyRules__threshold__0_5,241,26,22,44,0.7692307692307693,0.85,0.7238095238095238,0.04130900000745896,0.000382099999114871
95,SPECT Heart,8,RandomFuzzyRules__threshold__0_6,241,26,22,44,0.7692307692307693,0.85,0.7238095238095238,0.044399199992767535,0.00037039999733678997
95,SPECT Heart,8,RandomFuzzyRules__threshold__0_7,241,26,22,44,0.7692307692307693,0.85,0.7238095238095238,0.055702500001643784,0.00034980000054929405
95,SPECT Heart,8,RandomFuzzyRules__threshold__0_8,241,26,22,44,0.7692307692307693,0.8636363636363636,0.7047619047619047,0.05261359999713022,0.0003009000065503642
95,SPECT Heart,8,RandomFuzzyRules__threshold__0_9,241,26,22,44,0.7692307692307693,0.8636363636363636,0.7047619047619047,0.04315770001267083,0.0004453000001376495
95,SPECT Heart,9,RandomFuzzyRules__threshold__0_1,241,26,22,44,0.8461538461538461,0.9090909090909091,0.8761904761904762,0.03775329999916721,0.0002908000024035573
95,SPECT Heart,9,RandomFuzzyRules__threshold__0_2,241,26,22,44,0.8461538461538461,0.9090909090909091,0.8761904761904762,0.05595090000133496,0.0003156000020680949
95,SPECT Heart,9,RandomFuzzyRules__threshold__0_3,241,26,22,44,0.8461538461538461,0.9090909090909091,0.8761904761904762,0.057923100001062267,0.00041959999362006783
95,SPECT Heart,9,RandomFuzzyRules__threshold__0_4,241,26,22,44,0.8461538461538461,0.9090909090909091,0.8761904761904762,0.04461950001132209,0.00038249998760875314
95,SPECT Heart,9,RandomFuzzyRules__threshold__0_5,241,26,22,44,0.8461538461538461,0.9090909090909091,0.8761904761904762,0.04193449999729637,0.00039629999082535505
95,SPECT Heart,9,RandomFuzzyRules__threshold__0_6,241,26,22,44,0.8461538461538461,0.9090909090909091,0.8761904761904762,0.043569000001298264,0.00036779999209102243
95,SPECT Heart,9,RandomFuzzyRules__threshold__0_7,241,26,22,44,0.8461538461538461,0.9090909090909091,0.8761904761904762,0.04487780001363717,0.0004199999966658652
95,SPECT Heart,9,RandomFuzzyRules__threshold__0_8,241,26,22,44,0.8076923076923077,0.8936170212765957,0.6857142857142857,0.043800600004033186,0.0003811000060522929
95,SPECT Heart,9,RandomFuzzyRules__threshold__0_9,241,26,22,44,0.8076923076923077,0.8936170212765957,0.6857142857142857,0.044614099999307655,0.00039659999310970306
95,SPECT Heart,10,RandomFuzzyRules__threshold__0_1,241,26,22,44,0.6538461538461539,0.7692307692307693,0.6714285714285715,0.045530600007623434,0.0003656999906525016
95,SPECT Heart,10,RandomFuzzyRules__threshold__0_2,241,26,22,44,0.6538461538461539,0.7692307692307693,0.6714285714285715,0.04474779999873135,0.0003939000016544014
95,SPECT Heart,10,RandomFuzzyRules__threshold__0_3,241,26,22,44,0.6538461538461539,0.7692307692307693,0.6714285714285715,0.04301350000605453,0.0003895999980159104
95,SPECT Heart,10,RandomFuzzyRules__threshold__0_4,241,26,22,44,0.6538461538461539,0.7692307692307693,0.6714285714285715,0.04440110000723507,0.00039989998913370073
95,SPECT Heart,10,RandomFuzzyRules__threshold__0_5,241,26,22,44,0.6538461538461539,0.7692307692307693,0.6714285714285715,0.05046869999205228,0.0004047000111313537
95,SPECT Heart,10,RandomFuzzyRules__threshold__0_6,241,26,22,44,0.6538461538461539,0.7692307692307693,0.6714285714285715,0.04555409999738913,0.00039089999336283654
95,SPECT Heart,10,RandomFuzzyRules__threshold__0_7,241,26,22,44,0.6538461538461539,0.7692307692307693,0.6714285714285715,0.045320100005483255,0.00040129999979399145
95,SPECT Heart,10,RandomFuzzyRules__threshold__0_8,241,26,22,44,0.8461538461538461,0.9130434782608695,0.8285714285714285,0.04807629999413621,0.0002886000002035871
95,SPECT Heart,10,RandomFuzzyRules__threshold__0_9,241,26,22,44,0.8461538461538461,0.9130434782608695,0.8285714285714285,0.045392500003799796,0.0003978999884566292
105,Congressional Voting Records,1,RandomFuzzyRules__threshold__0_1,391,44,16,32,0.9545454545454546,0.9444444444444444,0.962962962962963,0.04973329999484122,0.00034559999767225236
105,Congressional Voting Records,1,RandomFuzzyRules__threshold__0_2,391,44,16,32,0.9545454545454546,0.9444444444444444,0.962962962962963,0.05187000001023989,0.0003496999997878447
105,Congressional Voting Records,1,RandomFuzzyRules__threshold__0_3,391,44,16,32,0.9545454545454546,0.9444444444444444,0.962962962962963,0.04907700000330806,0.00037799999699927866
105,Congressional Voting Records,1,RandomFuzzyRules__threshold__0_4,391,44,16,32,0.9545454545454546,0.9444444444444444,0.962962962962963,0.049377600007574074,0.0003566999948816374
105,Congressional Voting Records,1,RandomFuzzyRules__threshold__0_5,391,44,16,32,0.9545454545454546,0.9444444444444444,0.962962962962963,0.04349440000078175,0.00037599999632220715
105,Congressional Voting Records,1,RandomFuzzyRules__threshold__0_6,391,44,16,32,0.9545454545454546,0.9444444444444444,0.962962962962963,0.04956260000471957,0.0003895999980159104
105,Congressional Voting Records,1,RandomFuzzyRules__threshold__0_7,391,44,16,32,0.9545454545454546,0.9444444444444444,0.962962962962963,0.05000800000561867,0.00040439999429509044
105,Congressional Voting Records,1,RandomFuzzyRules__threshold__0_8,391,44,16,32,0.9545454545454546,0.9444444444444444,0.9509803921568627,0.05314489999727812,0.0003440000000409782
105,Congressional Voting Records,1,RandomFuzzyRules__threshold__0_9,391,44,16,32,0.9545454545454546,0.9444444444444444,0.9509803921568627,0.04979000000457745,0.00039260000630747527
105,Congressional Voting Records,2,RandomFuzzyRules__threshold__0_1,391,44,16,32,0.9772727272727273,0.9714285714285714,0.9814814814814815,0.04978440000559203,0.00032580000697635114
105,Congressional Voting Records,2,RandomFuzzyRules__threshold__0_2,391,44,16,32,0.9772727272727273,0.9714285714285714,0.9814814814814815,0.051911899994593114,0.0003905000048689544
105,Congressional Voting Records,2,RandomFuzzyRules__threshold__0_3,391,44,16,32,0.9772727272727273,0.9714285714285714,0.9814814814814815,0.05008300000918098,0.00039459999243263155
105,Congressional Voting Records,2,RandomFuzzyRules__threshold__0_4,391,44,16,32,0.9772727272727273,0.9714285714285714,0.9814814814814815,0.06993990000046324,0.000298099999781698
105,Congressional Voting Records,2,RandomFuzzyRules__threshold__0_5,391,44,16,32,0.9772727272727273,0.9714285714285714,0.9814814814814815,0.04287849999673199,0.00037769999471493065
105,Congressional Voting Records,2,RandomFuzzyRules__threshold__0_6,391,44,16,32,0.9772727272727273,0.9714285714285714,0.9814814814814815,0.05001770000671968,0.000377499993192032
105,Congressional Voting Records,2,RandomFuzzyRules__threshold__0_7,391,44,16,32,0.9772727272727273,0.9714285714285714,0.9814814814814815,0.04999499999394175,0.00039700001070741564
105,Congressional Voting Records,2,RandomFuzzyRules__threshold__0_8,391,44,16,32,0.9772727272727273,0.9714285714285714,0.9836601307189543,0.051410300002316944,0.00038129999302327633
105,Congressional Voting Records,2,RandomFuzzyRules__threshold__0_9,391,44,16,32,0.9772727272727273,0.9714285714285714,0.9836601307189543,0.0495325999945635,0.00039000000106170774
105,Congressional Voting Records,3,RandomFuzzyRules__threshold__0_1,391,44,16,32,0.9772727272727273,0.9696969696969697,0.9705882352941176,0.048451499998918734,0.000425199992605485
105,Congressional Voting Records,3,RandomFuzzyRules__threshold__0_2,391,44,16,32,0.9772727272727273,0.9696969696969697,0.9705882352941176,0.06080570000631269,0.0004084999964106828
105,Congressional Voting Records,3,RandomFuzzyRules__threshold__0_3,391,44,16,32,0.9772727272727273,0.9696969696969697,0.9705882352941176,0.05194360000314191,0.0003804000007221475
105,Congressional Voting Records,3,RandomFuzzyRules__threshold__0_4,391,44,16,32,0.9772727272727273,0.9696969696969697,0.9705882352941176,0.05163170000014361,0.00039429999014828354
105,Congressional Voting Records,3,RandomFuzzyRules__threshold__0_5,391,44,16,32,0.9772727272727273,0.9696969696969697,0.9705882352941176,0.042392400006065145,0.00035000000207219273
105,Congressional Voting Records,3,RandomFuzzyRules__threshold__0_6,391,44,16,32,0.9772727272727273,0.9696969696969697,0.9705882352941176,0.049431499995989725,0.0004025999951409176
105,Congressional Voting Records,3,RandomFuzzyRules__threshold__0_7,391,44,16,32,0.9772727272727273,0.9696969696969697,0.9705882352941176,0.0558139999920968,0.00038660000427626073
105,Congressional Voting Records,3,RandomFuzzyRules__threshold__0_8,391,44,16,32,0.9772727272727273,0.9696969696969697,0.9477124183006536,0.04934349999530241,0.0003708000003825873
105,Congressional Voting Records,3,RandomFuzzyRules__threshold__0_9,391,44,16,32,0.9772727272727273,0.9696969696969697,0.9477124183006536,0.05022240000835154,0.00036550000368151814
105,Congressional Voting Records,4,RandomFuzzyRules__threshold__0_1,391,44,16,32,0.9318181818181818,0.9142857142857143,0.9335511982570807,0.05129870001110248,0.00039489999471697956
105,Congressional Voting Records,4,RandomFuzzyRules__threshold__0_2,391,44,16,32,0.9318181818181818,0.9142857142857143,0.9335511982570807,0.05026989999169018,0.00039570000080857426
105,Congressional Voting Records,4,RandomFuzzyRules__threshold__0_3,391,44,16,32,0.9318181818181818,0.9142857142857143,0.9335511982570807,0.04797879999387078,0.0003998000029241666
105,Congressional Voting Records,4,RandomFuzzyRules__threshold__0_4,391,44,16,32,0.9318181818181818,0.9142857142857143,0.9335511982570807,0.06568630000401754,0.0004121999954804778
105,Congressional Voting Records,4,RandomFuzzyRules__threshold__0_5,391,44,16,32,0.9318181818181818,0.9142857142857143,0.9335511982570807,0.042797799993422814,0.0003659000067273155
105,Congressional Voting Records,4,RandomFuzzyRules__threshold__0_6,391,44,16,32,0.9318181818181818,0.9142857142857143,0.9335511982570807,0.05026679999718908,0.00037850000080652535
105,Congressional Voting Records,4,RandomFuzzyRules__threshold__0_7,391,44,16,32,0.9318181818181818,0.9142857142857143,0.9335511982570807,0.04997370000637602,0.00039819999074097723
105,Congressional Voting Records,4,RandomFuzzyRules__threshold__0_8,391,44,16,32,0.9090909090909091,0.875,0.94880174291939,0.051402600001893006,0.0004121999954804778
105,Congressional Voting Records,4,RandomFuzzyRules__threshold__0_9,391,44,16,32,0.9090909090909091,0.875,0.94880174291939,0.04990949999773875,0.00034919999598059803
105,Congressional Voting Records,5,RandomFuzzyRules__threshold__0_1,391,44,16,32,0.9318181818181818,0.918918918918919,0.9444444444444444,0.05572730000130832,0.00035790000401902944
105,Congressional Voting Records,5,RandomFuzzyRules__threshold__0_2,391,44,16,32,0.9318181818181818,0.918918918918919,0.9444444444444444,0.049167100005433895,0.0003755999932764098
105,Congressional Voting Records,5,RandomFuzzyRules__threshold__0_3,391,44,16,32,0.9318181818181818,0.918918918918919,0.9444444444444444,0.06778329999360722,0.00040770000487100333
105,Congressional Voting Records,5,RandomFuzzyRules__threshold__0_4,391,44,16,32,0.9318181818181818,0.918918918918919,0.9444444444444444,0.04955130000598729,0.0003964999923482537
105,Congressional Voting Records,5,RandomFuzzyRules__threshold__0_5,391,44,16,32,0.9318181818181818,0.918918918918919,0.9444444444444444,0.041079000002355315,0.0002906000008806586
105,Congressional Voting Records,5,RandomFuzzyRules__threshold__0_6,391,44,16,32,0.9318181818181818,0.918918918918919,0.9444444444444444,0.04747619999398012,0.0003218000056222081
105,Congressional Voting Records,5,RandomFuzzyRules__threshold__0_7,391,44,16,32,0.9318181818181818,0.918918918918919,0.9444444444444444,0.050730799994198605,0.00039149999793153256
105,Congressional Voting Records,5,RandomFuzzyRules__threshold__0_8,391,44,16,32,0.9318181818181818,0.918918918918919,0.954248366013072,0.05064499999571126,0.00039260000630747527
105,Congressional Voting Records,5,RandomFuzzyRules__threshold__0_9,391,44,16,32,0.9318181818181818,0.918918918918919,0.954248366013072,0.04897550000168849,0.0004000000044470653
105,Congressional Voting Records,6,RandomFuzzyRules__threshold__0_1,392,43,16,32,0.9302325581395349,0.918918918918919,0.9423076923076923,0.05228679999709129,0.000414399997680448
105,Congressional Voting Records,6,RandomFuzzyRules__threshold__0_2,392,43,16,32,0.9302325581395349,0.918918918918919,0.9423076923076923,0.0503828000073554,0.00037939999310765415
105,Congressional Voting Records,6,RandomFuzzyRules__threshold__0_3,392,43,16,32,0.9302325581395349,0.918918918918919,0.9423076923076923,0.05220619999454357,0.00039939999987836927
105,Congressional Voting Records,6,RandomFuzzyRules__threshold__0_4,392,43,16,32,0.9302325581395349,0.918918918918919,0.9423076923076923,0.05152390000876039,0.00038649998896289617
105,Congressional Voting Records,6,RandomFuzzyRules__threshold__0_5,392,43,16,32,0.9302325581395349,0.918918918918919,0.9423076923076923,0.04284150000603404,0.0003665999975055456
105,Congressional Voting Records,6,RandomFuzzyRules__threshold__0_6,392,43,16,32,0.9302325581395349,0.918918918918919,0.9423076923076923,0.060548600013135,0.00039930001366883516
105,Congressional Voting Records,6,RandomFuzzyRules__threshold__0_7,392,43,16,32,0.9302325581395349,0.918918918918919,0.9423076923076923,0.050072400001226924,0.00038409999979194254
105,Congressional Voting Records,6,RandomFuzzyRules__threshold__0_8,392,43,16,32,0.9302325581395349,0.918918918918919,0.9332579185520362,0.05350439999892842,0.00037120000342838466
105,Congressional Voting Records,6,RandomFuzzyRules__threshold__0_9,392,43,16,32,0.9302325581395349,0.918918918918919,0.9332579185520362,0.05139059999783058,0.0004000000044470653
105,Congressional Voting Records,7,RandomFuzzyRules__threshold__0_1,392,43,16,32,1.0,1.0,1.0,0.07169729999441188,0.00041029999556485564
105,Congressional Voting Records,7,RandomFuzzyRules__threshold__0_2,392,43,16,32,1.0,1.0,1.0,0.06634760000451934,0.0002808999997796491
105,Congressional Voting Records,7,RandomFuzzyRules__threshold__0_3,392,43,16,32,1.0,1.0,1.0,0.0730351999955019,0.000446999998530373
105,Congressional Voting Records,7,RandomFuzzyRules__threshold__0_4,392,43,16,32,1.0,1.0,1.0,0.07417220000934321,0.0002795000036712736
105,Congressional Voting Records,7,RandomFuzzyRules__threshold__0_5,392,43,16,32,1.0,1.0,1.0,0.04923710000002757,0.00032530000316910446
105,Congressional Voting Records,7,RandomFuzzyRules__threshold__0_6,392,43,16,32,1.0,1.0,1.0,0.04947310000716243,0.00039330001163762063
105,Congressional Voting Records,7,RandomFuzzyRules__threshold__0_7,392,43,16,32,1.0,1.0,1.0,0.05003179999766871,0.00038699999277014285
105,Congressional Voting Records,7,RandomFuzzyRules__threshold__0_8,392,43,16,32,1.0,1.0,1.0,0.0494468999968376,0.00041709998913574964
105,Congressional Voting Records,7,RandomFuzzyRules__threshold__0_9,392,43,16,32,1.0,1.0,1.0,0.05080080000334419,0.0003913999971700832
105,Congressional Voting Records,8,RandomFuzzyRules__threshold__0_1,392,43,16,32,1.0,1.0,1.0,0.051279000006616116,0.0003862000012304634
105,Congressional Voting Records,8,RandomFuzzyRules__threshold__0_2,392,43,16,32,1.0,1.0,1.0,0.057035100006032735,0.0003941999893868342
105,Congressional Voting Records,8,RandomFuzzyRules__threshold__0_3,392,43,16,32,1.0,1.0,1.0,0.05105059999914374,0.0003882000019075349
105,Congressional Voting Records,8,RandomFuzzyRules__threshold__0_4,392,43,16,32,1.0,1.0,1.0,0.0495264000055613,0.0004095999902347103
105,Congressional Voting Records,8,RandomFuzzyRules__threshold__0_5,392,43,16,32,1.0,1.0,1.0,0.03932060000079218,0.0003079000016441569
105,Congressional Voting Records,8,RandomFuzzyRules__threshold__0_6,392,43,16,32,1.0,1.0,1.0,0.05000070000824053,0.0003728000010596588
105,Congressional Voting Records,8,RandomFuzzyRules__threshold__0_7,392,43,16,32,1.0,1.0,1.0,0.05594290001317859,0.00038479999057017267
105,Congressional Voting Records,8,RandomFuzzyRules__threshold__0_8,392,43,16,32,1.0,1.0,1.0,0.05948760001047049,0.0003946999931940809
105,Congressional Voting Records,8,RandomFuzzyRules__threshold__0_9,392,43,16,32,1.0,1.0,1.0,0.04974070000753272,0.0003493999975034967
105,Congressional Voting Records,9,RandomFuzzyRules__threshold__0_1,392,43,16,32,1.0,1.0,1.0,0.05134949999046512,0.0003660000074887648
105,Congressional Voting Records,9,RandomFuzzyRules__threshold__0_2,392,43,16,32,1.0,1.0,1.0,0.05113200000778306,0.000417499992181547
105,Congressional Voting Records,9,RandomFuzzyRules__threshold__0_3,392,43,16,32,1.0,1.0,1.0,0.050191699992865324,0.0003476999991107732
105,Congressional Voting Records,9,RandomFuzzyRules__threshold__0_4,392,43,16,32,1.0,1.0,1.0,0.04890290000184905,0.00036020000698044896
105,Congressional Voting Records,9,RandomFuzzyRules__threshold__0_5,392,43,16,32,1.0,1.0,1.0,0.042748200008645654,0.0003921000025002286
105,Congressional Voting Records,9,RandomFuzzyRules__threshold__0_6,392,43,16,32,1.0,1.0,1.0,0.05002260000037495,0.00038810000114608556
105,Congressional Voting Records,9,RandomFuzzyRules__threshold__0_7,392,43,16,32,1.0,1.0,1.0,0.05280259999562986,0.0003966999938711524
105,Congressional Voting Records,9,RandomFuzzyRules__threshold__0_8,392,43,16,32,1.0,1.0,1.0,0.04981700000644196,0.00038810000114608556
105,Congressional Voting Records,9,RandomFuzzyRules__threshold__0_9,392,43,16,32,1.0,1.0,1.0,0.05295789999945555,0.0003862000012304634
105,Congressional Voting Records,10,RandomFuzzyRules__threshold__0_1,392,43,16,32,0.8604651162790697,0.8125,0.8506944444444443,0.05208829999901354,0.00039430000470019877
105,Congressional Voting Records,10,RandomFuzzyRules__threshold__0_2,392,43,16,32,0.8604651162790697,0.8125,0.8506944444444443,0.05228780000470579,0.00038660000427626073
105,Congressional Voting Records,10,RandomFuzzyRules__threshold__0_3,392,43,16,32,0.8604651162790697,0.8125,0.8506944444444443,0.04999639999005012,0.00040859999717213213
105,Congressional Voting Records,10,RandomFuzzyRules__threshold__0_4,392,43,16,32,0.8604651162790697,0.8125,0.8506944444444443,0.05061109999951441,0.0003226999979233369
105,Congressional Voting Records,10,RandomFuzzyRules__threshold__0_5,392,43,16,32,0.8604651162790697,0.8125,0.8506944444444443,0.04315569999744184,0.0003490000090096146
105,Congressional Voting Records,10,RandomFuzzyRules__threshold__0_6,392,43,16,32,0.8604651162790697,0.8125,0.8506944444444443,0.056927099998574704,0.000490099992020987
105,Congressional Voting Records,10,RandomFuzzyRules__threshold__0_7,392,43,16,32,0.8604651162790697,0.8125,0.8506944444444443,0.053638700002920814,0.00037229999725241214
105,Congressional Voting Records,10,RandomFuzzyRules__threshold__0_8,392,43,16,32,0.8604651162790697,0.8125,0.8784722222222223,0.05105090000142809,0.00039539999852422625
105,Congressional Voting Records,10,RandomFuzzyRules__threshold__0_9,392,43,16,32,0.8604651162790697,0.8125,0.8784722222222223,0.05016470000555273,0.00040299999818671495
144,Statlog (German Credit Data),1,RandomFuzzyRules__threshold__0_1,900,100,20,61,0.72,0.17647058823529413,0.5845238095238096,0.07915749998937827,0.0004120999947190285
144,Statlog (German Credit Data),1,RandomFuzzyRules__threshold__0_2,900,100,20,61,0.65,0.14634146341463414,0.5630952380952381,0.08274339999479707,0.0004444999940460548
144,Statlog (German Credit Data),1,RandomFuzzyRules__threshold__0_3,900,100,20,61,0.67,0.15384615384615385,0.5630952380952381,0.07565479999175295,0.0004571000026771799
144,Statlog (German Credit Data),1,RandomFuzzyRules__threshold__0_4,900,100,20,61,0.67,0.2978723404255319,0.5626190476190476,0.07471129999612458,0.00043960000039078295
144,Statlog (German Credit Data),1,RandomFuzzyRules__threshold__0_5,900,100,20,61,0.67,0.2978723404255319,0.5626190476190476,0.057042400003410876,0.00043820000428240746
144,Statlog (German Credit Data),1,RandomFuzzyRules__threshold__0_6,900,100,20,61,0.67,0.2978723404255319,0.5626190476190476,0.07731449999846518,0.00044099999649915844
144,Statlog (German Credit Data),1,RandomFuzzyRules__threshold__0_7,900,100,20,61,0.69,0.24390243902439024,0.5626190476190476,0.08840000000782311,0.0004532999882940203
144,Statlog (German Credit Data),1,RandomFuzzyRules__threshold__0_8,900,100,20,61,0.67,0.2978723404255319,0.547142857142857,0.07630309999512974,0.0004172999906586483
144,Statlog (German Credit Data),1,RandomFuzzyRules__threshold__0_9,900,100,20,61,0.7,0.3181818181818182,0.599047619047619,0.0804962000111118,0.00045700000191573054
144,Statlog (German Credit Data),2,RandomFuzzyRules__threshold__0_1,900,100,20,61,0.73,0.22857142857142856,0.6961904761904761,0.07605649999459274,0.0004312999953981489
144,Statlog (German Credit Data),2,RandomFuzzyRules__threshold__0_2,900,100,20,61,0.71,0.32558139534883723,0.7057142857142857,0.07914109999546781,0.000447600003099069
144,Statlog (German Credit Data),2,RandomFuzzyRules__threshold__0_3,900,100,20,61,0.72,0.2222222222222222,0.5523809523809523,0.07820530000026338,0.00044249999336898327
144,Statlog (German Credit Data),2,RandomFuzzyRules__threshold__0_4,900,100,20,61,0.73,0.2702702702702703,0.6933333333333334,0.07587739999871701,0.0004239999980200082
144,Statlog (German Credit Data),2,RandomFuzzyRules__threshold__0_5,900,100,20,61,0.73,0.4,0.6638095238095238,0.057984099999885075,0.0004358000005595386
144,Statlog (German Credit Data),2,RandomFuzzyRules__threshold__0_6,900,100,20,61,0.73,0.4,0.6638095238095238,0.07609039999078959,0.00045479999971576035
144,Statlog (German Credit Data),2,RandomFuzzyRules__threshold__0_7,900,100,20,61,0.73,0.37209302325581395,0.6638095238095238,0.10840599999937695,0.0003276999923400581
144,Statlog (German Credit Data),2,RandomFuzzyRules__threshold__0_8,900,100,20,61,0.74,0.43478260869565216,0.6852380952380953,0.07576800000970252,0.0004571000026771799
144,Statlog (German Credit Data),2,RandomFuzzyRules__threshold__0_9,900,100,20,61,0.73,0.3076923076923077,0.6442857142857141,0.0774161000008462,0.00042559999565128237
144,Statlog (German Credit Data),3,RandomFuzzyRules__threshold__0_1,900,100,20,61,0.74,0.3157894736842105,0.6771428571428573,0.07464009999239352,0.0004332000098656863
144,Statlog (German Credit Data),3,RandomFuzzyRules__threshold__0_2,900,100,20,61,0.65,0.10256410256410256,0.48333333333333334,0.07666750000498723,0.00045510000200010836
144,Statlog (German Credit Data),3,RandomFuzzyRules__threshold__0_3,900,100,20,61,0.68,0.23809523809523808,0.6869047619047619,0.0844706999923801,0.0003391999925952405
144,Statlog (German Credit Data),3,RandomFuzzyRules__threshold__0_4,900,100,20,61,0.7,0.25,0.6869047619047619,0.07556080000358634,0.00045599999430123717
144,Statlog (German Credit Data),3,RandomFuzzyRules__threshold__0_5,900,100,20,61,0.72,0.44,0.6309523809523809,0.057685500010848045,0.00043420000292826444
144,Statlog (German Credit Data),3,RandomFuzzyRules__threshold__0_6,900,100,20,61,0.72,0.44,0.6309523809523809,0.07825960000627674,0.00044079999497625977
144,Statlog (German Credit Data),3,RandomFuzzyRules__threshold__0_7,900,100,20,61,0.65,0.10256410256410256,0.48333333333333334,0.07750619998842012,0.0004569000011542812
144,Statlog (German Credit Data),3,RandomFuzzyRules__threshold__0_8,900,100,20,61,0.7,0.16666666666666666,0.6497619047619048,0.07448619999922812,0.00043900001037400216
144,Statlog (German Credit Data),3,RandomFuzzyRules__threshold__0_9,900,100,20,61,0.72,0.3333333333333333,0.6126190476190476,0.0826286999945296,0.0004386999935377389
144,Statlog (German Credit Data),4,RandomFuzzyRules__threshold__0_1,900,100,20,61,0.73,0.2702702702702703,0.6504761904761905,0.07660970000142697,0.0004530000005615875
144,Statlog (German Credit Data),4,RandomFuzzyRules__threshold__0_2,900,100,20,61,0.69,0.06060606060606061,0.5023809523809525,0.08329719999164809,0.0004476999893086031
144,Statlog (German Credit Data),4,RandomFuzzyRules__threshold__0_3,900,100,20,61,0.69,0.06060606060606061,0.5023809523809525,0.08025780000025406,0.00043200000072829425
144,Statlog (German Credit Data),4,RandomFuzzyRules__threshold__0_4,900,100,20,61,0.73,0.22857142857142856,0.6811904761904761,0.07860839999921154,0.00038130000757519156
144,Statlog (German Credit Data),4,RandomFuzzyRules__threshold__0_5,900,100,20,61,0.69,0.06060606060606061,0.5023809523809525,0.05713290000858251,0.0004557999927783385
144,Statlog (German Credit Data),4,RandomFuzzyRules__threshold__0_6,900,100,20,61,0.69,0.06060606060606061,0.5023809523809525,0.11387790000298992,0.00030980000155977905
144,Statlog (German Credit Data),4,RandomFuzzyRules__threshold__0_7,900,100,20,61,0.69,0.06060606060606061,0.5023809523809525,0.07554070001060609,0.00045119998685549945
144,Statlog (German Credit Data),4,RandomFuzzyRules__threshold__0_8,900,100,20,61,0.71,0.21621621621621623,0.6747619047619048,0.08002999999735039,0.0004454000008990988
144,Statlog (German Credit Data),4,RandomFuzzyRules__threshold__0_9,900,100,20,61,0.7,0.11764705882352941,0.5104761904761904,0.10904399999708403,0.0004341000021668151
144,Statlog (German Credit Data),5,RandomFuzzyRules__threshold__0_1,900,100,20,61,0.73,0.18181818181818182,0.6276190476190476,0.12238250000518747,0.0004726999904960394
144,Statlog (German Credit Data),5,RandomFuzzyRules__threshold__0_2,900,100,20,61,0.68,0.15789473684210525,0.5761904761904763,0.1163927000015974,0.00042899999243672937
144,Statlog (German Credit Data),5,RandomFuzzyRules__threshold__0_3,900,100,20,61,0.68,0.15789473684210525,0.5761904761904763,0.11408640000445303,0.00046320000546984375
144,Statlog (German Credit Data),5,RandomFuzzyRules__threshold__0_4,900,100,20,61,0.7,0.11764705882352941,0.5721428571428572,0.07076469999446999,0.00037740000698249787
144,Statlog (German Credit Data),5,RandomFuzzyRules__threshold__0_5,900,100,20,61,0.71,0.35555555555555557,0.603095238095238,0.0590578999981517,0.0004098999925190583
144,Statlog (German Credit Data),5,RandomFuzzyRules__threshold__0_6,900,100,20,61,0.71,0.35555555555555557,0.603095238095238,0.07527469999331515,0.0002955999952973798
144,Statlog (German Credit Data),5,RandomFuzzyRules__threshold__0_7,900,100,20,61,0.71,0.32558139534883723,0.603095238095238,0.11855369999830145,0.00041449999844189733
144,Statlog (German Credit Data),5,RandomFuzzyRules__threshold__0_8,900,100,20,61,0.71,0.35555555555555557,0.6433333333333333,0.11659949999011587,0.00043820000428240746
144,Statlog (German Credit Data),5,RandomFuzzyRules__threshold__0_9,900,100,20,61,0.73,0.2702702702702703,0.6528571428571428,0.11907039998914115,0.00045000000682193786
144,Statlog (German Credit Data),6,RandomFuzzyRules__threshold__0_1,900,100,20,61,0.72,0.17647058823529413,0.6207142857142857,0.1177354999963427,0.00044489999709185213
144,Statlog (German Credit Data),6,RandomFuzzyRules__threshold__0_2,900,100,20,61,0.72,0.2222222222222222,0.6614285714285715,0.0750664999941364,0.0004427999956533313
144,Statlog (German Credit Data),6,RandomFuzzyRules__threshold__0_3,900,100,20,61,0.69,0.16216216216216217,0.6919047619047619,0.07238379999762401,0.0003981000045314431
144,Statlog (German Credit Data),6,RandomFuzzyRules__threshold__0_4,900,100,20,61,0.7,0.11764705882352941,0.6919047619047619,0.07986769999843091,0.0004361999890534207
144,Statlog (German Credit Data),6,RandomFuzzyRules__threshold__0_5,900,100,20,61,0.72,0.36363636363636365,0.6128571428571429,0.06205360000603832,0.0003792000061366707
144,Statlog (German Credit Data),6,RandomFuzzyRules__threshold__0_6,900,100,20,61,0.72,0.36363636363636365,0.6128571428571429,0.07530109999061096,0.00044040000648237765
144,Statlog (German Credit Data),6,RandomFuzzyRules__threshold__0_7,900,100,20,61,0.73,0.3076923076923077,0.6128571428571429,0.0777585000032559,0.00041140000394079834
144,Statlog (German Credit Data),6,RandomFuzzyRules__threshold__0_8,900,100,20,61,0.69,0.16216216216216217,0.6038095238095238,0.08431689999997616,0.0004597000079229474
144,Statlog (German Credit Data),6,RandomFuzzyRules__threshold__0_9,900,100,20,61,0.7,0.2857142857142857,0.6845238095238094,0.076799900009064,0.0004569999873638153
144,Statlog (German Credit Data),7,RandomFuzzyRules__threshold__0_1,900,100,20,61,0.7,0.11764705882352941,0.4947619047619048,0.08464879999519326,0.000443600001744926
144,Statlog (German Credit Data),7,RandomFuzzyRules__threshold__0_2,900,100,20,61,0.65,0.2553191489361702,0.5173809523809525,0.07688310000230558,0.0004676999960793182
144,Statlog (German Credit Data),7,RandomFuzzyRules__threshold__0_3,900,100,20,61,0.65,0.2553191489361702,0.5173809523809525,0.07602819999738131,0.0004462000069906935
144,Statlog (German Credit Data),7,RandomFuzzyRules__threshold__0_4,900,100,20,61,0.65,0.2553191489361702,0.5173809523809525,0.07701389999419916,0.00043530001130420715
144,Statlog (German Credit Data),7,RandomFuzzyRules__threshold__0_5,900,100,20,61,0.65,0.2553191489361702,0.5173809523809525,0.057867700001224875,0.00042189999658148736
144,Statlog (German Credit Data),7,RandomFuzzyRules__threshold__0_6,900,100,20,61,0.65,0.2553191489361702,0.5173809523809525,0.08535359999223147,0.00043480000749696046
144,Statlog (German Credit Data),7,RandomFuzzyRules__threshold__0_7,900,100,20,61,0.66,0.19047619047619047,0.5173809523809525,0.07642520000808872,0.0004079999926034361
144,Statlog (German Credit Data),7,RandomFuzzyRules__threshold__0_8,900,100,20,61,0.65,0.2553191489361702,0.5392857142857143,0.07791330000327434,0.0005241000035312027
144,Statlog (German Credit Data),7,RandomFuzzyRules__threshold__0_9,900,100,20,61,0.65,0.18604651162790697,0.5392857142857143,0.08587120000447612,0.0004613999917637557
144,Statlog (German Credit Data),8,RandomFuzzyRules__threshold__0_1,900,100,20,61,0.71,0.17142857142857143,0.6530952380952381,0.07859370000369381,0.0004709000058937818
144,Statlog (German Credit Data),8,RandomFuzzyRules__threshold__0_2,900,100,20,61,0.7,0.16666666666666666,0.7733333333333334,0.09544090001145378,0.00044180000259075314
144,Statlog (German Credit Data),8,RandomFuzzyRules__threshold__0_3,900,100,20,61,0.69,0.3111111111111111,0.5997619047619048,0.07613750000018626,0.0004293999954825267
144,Statlog (German Credit Data),8,RandomFuzzyRules__threshold__0_4,900,100,20,61,0.72,0.2222222222222222,0.7071428571428571,0.122821600001771,0.0003164000081596896
144,Statlog (German Credit Data),8,RandomFuzzyRules__threshold__0_5,900,100,20,61,0.72,0.48148148148148145,0.626904761904762,0.07926850000512786,0.00032589999318588525
144,Statlog (German Credit Data),8,RandomFuzzyRules__threshold__0_6,900,100,20,61,0.72,0.48148148148148145,0.626904761904762,0.07646969999768771,0.00043420000292826444
144,Statlog (German Credit Data),8,RandomFuzzyRules__threshold__0_7,900,100,20,61,0.72,0.44,0.626904761904762,0.08361649999278598,0.0004459000047063455
144,Statlog (German Credit Data),8,RandomFuzzyRules__threshold__0_8,900,100,20,61,0.72,0.48148148148148145,0.6326190476190476,0.0800911999976961,0.0004616999940481037
144,Statlog (German Credit Data),8,RandomFuzzyRules__threshold__0_9,900,100,20,61,0.72,0.391304347826087,0.6083333333333333,0.07990890000655781,0.0003991999983554706
144,Statlog (German Credit Data),9,RandomFuzzyRules__threshold__0_1,900,100,20,61,0.72,0.125,0.7050000000000002,0.07478880000417121,0.00041349999082740396
144,Statlog (German Credit Data),9,RandomFuzzyRules__threshold__0_2,900,100,20,61,0.72,0.125,0.7050000000000002,0.07833369998843409,0.00039900001138448715
144,Statlog (German Credit Data),9,RandomFuzzyRules__threshold__0_3,900,100,20,61,0.69,0.11428571428571428,0.5961904761904762,0.0836669999989681,0.00043250000453554094
144,Statlog (German Credit Data),9,RandomFuzzyRules__threshold__0_4,900,100,20,61,0.7,0.16666666666666666,0.5445238095238095,0.07644790000631474,0.00029179999546613544
144,Statlog (German Credit Data),9,RandomFuzzyRules__threshold__0_5,900,100,20,61,0.75,0.358974358974359,0.6361904761904762,0.05716880000545643,0.0004282000008970499
144,Statlog (German Credit Data),9,RandomFuzzyRules__threshold__0_6,900,100,20,61,0.7,0.16666666666666666,0.5445238095238095,0.07546340000408236,0.00045429999590851367
144,Statlog (German Credit Data),9,RandomFuzzyRules__threshold__0_7,900,100,20,61,0.7,0.16666666666666666,0.5445238095238095,0.0784849000046961,0.00042050000047311187
144,Statlog (German Credit Data),9,RandomFuzzyRules__threshold__0_8,900,100,20,61,0.71,0.17142857142857143,0.5223809523809524,0.08351919999404345,0.00044689999776892364
144,Statlog (German Credit Data),9,RandomFuzzyRules__threshold__0_9,900,100,20,61,0.75,0.4186046511627907,0.6676190476190476,0.0765114999958314,0.00043480000749696046
144,Statlog (German Credit Data),10,RandomFuzzyRules__threshold__0_1,900,100,20,61,0.73,0.2702702702702703,0.6897619047619047,0.07773589999123942,0.00039990000368561596
144,Statlog (German Credit Data),10,RandomFuzzyRules__threshold__0_2,900,100,20,61,0.69,0.20512820512820512,0.5916666666666666,0.07605780000449158,0.0004347000067355111
144,Statlog (German Credit Data),10,RandomFuzzyRules__threshold__0_3,900,100,20,61,0.71,0.21621621621621623,0.6964285714285714,0.07790460000978783,0.0006194000015966594
144,Statlog (German Credit Data),10,RandomFuzzyRules__threshold__0_4,900,100,20,61,0.74,0.23529411764705882,0.6964285714285714,0.08126749999064486,0.0004428000102052465
144,Statlog (German Credit Data),10,RandomFuzzyRules__threshold__0_5,900,100,20,61,0.76,0.5,0.6676190476190477,0.05884969999897294,0.0004476999893086031
144,Statlog (German Credit Data),10,RandomFuzzyRules__threshold__0_6,900,100,20,61,0.76,0.5,0.6676190476190477,0.07560599999851547,0.00048669999523553997
144,Statlog (German Credit Data),10,RandomFuzzyRules__threshold__0_7,900,100,20,61,0.73,0.37209302325581395,0.6676190476190477,0.07762440000078641,0.0004462000069906935
144,Statlog (German Credit Data),10,RandomFuzzyRules__threshold__0_8,900,100,20,61,0.7,0.2857142857142857,0.6714285714285714,0.07643129999632947,0.00045960000716149807
144,Statlog (German Credit Data),10,RandomFuzzyRules__threshold__0_9,900,100,20,61,0.7,0.2857142857142857,0.6714285714285714,0.07872620000853203,0.000446999998530373
151,"Connectionist Bench (Sonar, Mines vs. Rocks)",1,RandomFuzzyRules__threshold__0_1,187,21,60,60,0.6190476190476191,0.6,0.5272727272727272,0.03806799999438226,0.0002651000104378909
151,"Connectionist Bench (Sonar, Mines vs. Rocks)",1,RandomFuzzyRules__threshold__0_2,187,21,60,60,0.8571428571428571,0.8235294117647058,0.8818181818181818,0.047503199995844625,0.0002939000114565715
151,"Connectionist Bench (Sonar, Mines vs. Rocks)",1,RandomFuzzyRules__threshold__0_3,187,21,60,60,0.7619047619047619,0.6666666666666666,0.8727272727272727,0.04991159999917727,0.00033850000181701034
151,"Connectionist Bench (Sonar, Mines vs. Rocks)",1,RandomFuzzyRules__threshold__0_4,187,21,60,60,0.8095238095238095,0.7777777777777778,0.8727272727272728,0.05578689998947084,0.00037739999243058264
151,"Connectionist Bench (Sonar, Mines vs. Rocks)",1,RandomFuzzyRules__threshold__0_5,187,21,60,60,0.7142857142857143,0.5714285714285714,0.8545454545454545,0.04501289999461733,0.00039790000300854445
151,"Connectionist Bench (Sonar, Mines vs. Rocks)",1,RandomFuzzyRules__threshold__0_6,187,21,60,60,0.7619047619047619,0.6666666666666666,0.8909090909090909,0.041754499994567595,0.00042159999429713935
151,"Connectionist Bench (Sonar, Mines vs. Rocks)",1,RandomFuzzyRules__threshold__0_7,187,21,60,60,0.8095238095238095,0.75,0.8727272727272728,0.038398899996536784,0.0004341000021668151
151,"Connectionist Bench (Sonar, Mines vs. Rocks)",1,RandomFuzzyRules__threshold__0_8,187,21,60,60,0.8571428571428571,0.8421052631578947,0.8090909090909091,0.05588780000107363,0.0003625999961514026
151,"Connectionist Bench (Sonar, Mines vs. Rocks)",1,RandomFuzzyRules__threshold__0_9,187,21,60,60,0.6666666666666666,0.631578947368421,0.7818181818181819,0.05497979999927338,0.00028789999487344176
151,"Connectionist Bench (Sonar, Mines vs. Rocks)",2,RandomFuzzyRules__threshold__0_1,187,21,60,60,0.6666666666666666,0.6666666666666666,0.7363636363636363,0.04426330000569578,0.0003963000053772703
151,"Connectionist Bench (Sonar, Mines vs. Rocks)",2,RandomFuzzyRules__threshold__0_2,187,21,60,60,0.7619047619047619,0.7619047619047619,0.8727272727272727,0.04351350000069942,0.0003073999978369102
151,"Connectionist Bench (Sonar, Mines vs. Rocks)",2,RandomFuzzyRules__threshold__0_3,187,21,60,60,0.8095238095238095,0.7777777777777778,0.8454545454545455,0.042576000007102266,0.00041870000131893903
151,"Connectionist Bench (Sonar, Mines vs. Rocks)",2,RandomFuzzyRules__threshold__0_4,187,21,60,60,0.7619047619047619,0.7619047619047619,0.8272727272727274,0.038896400001249276,0.00039790000300854445
151,"Connectionist Bench (Sonar, Mines vs. Rocks)",2,RandomFuzzyRules__threshold__0_5,187,21,60,60,0.6666666666666666,0.5882352941176471,0.7,0.03914219999569468,0.0003660000074887648
151,"Connectionist Bench (Sonar, Mines vs. Rocks)",2,RandomFuzzyRules__threshold__0_6,187,21,60,60,0.7142857142857143,0.7272727272727273,0.790909090909091,0.043356199996196665,0.00033999999868683517
151,"Connectionist Bench (Sonar, Mines vs. Rocks)",2,RandomFuzzyRules__threshold__0_7,187,21,60,60,0.6666666666666666,0.5882352941176471,0.7545454545454545,0.038809999998193234,0.0003752000047825277
151,"Connectionist Bench (Sonar, Mines vs. Rocks)",2,RandomFuzzyRules__threshold__0_8,187,21,60,60,0.6666666666666666,0.5882352941176471,0.7818181818181819,0.042160500001045875,0.00037039999733678997
151,"Connectionist Bench (Sonar, Mines vs. Rocks)",2,RandomFuzzyRules__threshold__0_9,187,21,60,60,0.7619047619047619,0.7368421052631579,0.9090909090909091,0.04700770000636112,0.000381199992261827
151,"Connectionist Bench (Sonar, Mines vs. Rocks)",3,RandomFuzzyRules__threshold__0_1,187,21,60,60,0.47619047619047616,0.35294117647058826,0.5363636363636364,0.03990709999925457,0.00041290000081062317
151,"Connectionist Bench (Sonar, Mines vs. Rocks)",3,RandomFuzzyRules__threshold__0_2,187,21,60,60,0.6190476190476191,0.3333333333333333,0.4454545454545455,0.042109400004846975,0.00034640000376384705
151,"Connectionist Bench (Sonar, Mines vs. Rocks)",3,RandomFuzzyRules__threshold__0_3,187,21,60,60,0.6666666666666666,0.46153846153846156,0.6181818181818183,0.04216769999766257,0.0003632000007200986
151,"Connectionist Bench (Sonar, Mines vs. Rocks)",3,RandomFuzzyRules__threshold__0_4,187,21,60,60,0.5714285714285714,0.3076923076923077,0.4272727272727273,0.04231140000047162,0.0003915999986929819
151,"Connectionist Bench (Sonar, Mines vs. Rocks)",3,RandomFuzzyRules__threshold__0_5,187,21,60,60,0.6190476190476191,0.3333333333333333,0.4090909090909091,0.04035689999000169,0.00038300000596791506
151,"Connectionist Bench (Sonar, Mines vs. Rocks)",3,RandomFuzzyRules__threshold__0_6,187,21,60,60,0.5714285714285714,0.3076923076923077,0.5363636363636364,0.04096709999430459,0.00036539998836815357
151,"Connectionist Bench (Sonar, Mines vs. Rocks)",3,RandomFuzzyRules__threshold__0_7,187,21,60,60,0.5714285714285714,0.4,0.5272727272727273,0.058393100000103004,0.0005597999988822266
151,"Connectionist Bench (Sonar, Mines vs. Rocks)",3,RandomFuzzyRules__threshold__0_8,187,21,60,60,0.47619047619047616,0.26666666666666666,0.4363636363636364,0.0435633000015514,0.0004062999942107126
151,"Connectionist Bench (Sonar, Mines vs. Rocks)",3,RandomFuzzyRules__threshold__0_9,187,21,60,60,0.6190476190476191,0.42857142857142855,0.5,0.04231280001113191,0.0003761999978451058
151,"Connectionist Bench (Sonar, Mines vs. Rocks)",4,RandomFuzzyRules__threshold__0_1,187,21,60,60,0.7142857142857143,0.6666666666666666,0.7999999999999999,0.03965700000117067,0.0004047000111313537
151,"Connectionist Bench (Sonar, Mines vs. Rocks)",4,RandomFuzzyRules__threshold__0_2,187,21,60,60,0.8571428571428571,0.8571428571428571,0.8909090909090909,0.04091889999108389,0.00038449998828582466
151,"Connectionist Bench (Sonar, Mines vs. Rocks)",4,RandomFuzzyRules__threshold__0_3,187,21,60,60,0.9047619047619048,0.9,0.9545454545454545,0.040205500001320615,0.0004518000059761107
151,"Connectionist Bench (Sonar, Mines vs. Rocks)",4,RandomFuzzyRules__threshold__0_4,187,21,60,60,0.8571428571428571,0.8571428571428571,0.890909090909091,0.0417985999956727,0.0003871000080835074
151,"Connectionist Bench (Sonar, Mines vs. Rocks)",4,RandomFuzzyRules__threshold__0_5,187,21,60,60,0.9047619047619048,0.9,0.9090909090909091,0.04320909999660216,0.00042990001384168863
151,"Connectionist Bench (Sonar, Mines vs. Rocks)",4,RandomFuzzyRules__threshold__0_6,187,21,60,60,0.8095238095238095,0.8,0.8818181818181818,0.051536999992094934,0.0003530000103637576
151,"Connectionist Bench (Sonar, Mines vs. Rocks)",4,RandomFuzzyRules__threshold__0_7,187,21,60,60,0.9047619047619048,0.9,0.9363636363636363,0.04730649999692105,0.000404200007324107
151,"Connectionist Bench (Sonar, Mines vs. Rocks)",4,RandomFuzzyRules__threshold__0_8,187,21,60,60,0.8095238095238095,0.8181818181818182,0.9181818181818182,0.04276949999621138,0.0004234000080032274
151,"Connectionist Bench (Sonar, Mines vs. Rocks)",4,RandomFuzzyRules__threshold__0_9,187,21,60,60,0.7619047619047619,0.7058823529411765,0.8454545454545455,0.04466820000379812,0.00041259999852627516
151,"Connectionist Bench (Sonar, Mines vs. Rocks)",5,RandomFuzzyRules__threshold__0_1,187,21,60,60,0.42857142857142855,0.25,0.38181818181818183,0.04087989999970887,0.00032449999707750976
151,"Connectionist Bench (Sonar, Mines vs. Rocks)",5,RandomFuzzyRules__threshold__0_2,187,21,60,60,0.6190476190476191,0.6363636363636364,0.5272727272727273,0.04903980001108721,0.000417799994465895
151,"Connectionist Bench (Sonar, Mines vs. Rocks)",5,RandomFuzzyRules__threshold__0_3,187,21,60,60,0.6666666666666666,0.5882352941176471,0.6454545454545454,0.05555980000644922,0.0004116999916732311
151,"Connectionist Bench (Sonar, Mines vs. Rocks)",5,RandomFuzzyRules__threshold__0_4,187,21,60,60,0.5714285714285714,0.6086956521739131,0.5090909090909091,0.044589600001927465,0.00038440000207629055
151,"Connectionist Bench (Sonar, Mines vs. Rocks)",5,RandomFuzzyRules__threshold__0_5,187,21,60,60,0.5238095238095238,0.5,0.5090909090909091,0.04156550001061987,0.0004347000067355111
151,"Connectionist Bench (Sonar, Mines vs. Rocks)",5,RandomFuzzyRules__threshold__0_6,187,21,60,60,0.6190476190476191,0.6,0.6090909090909091,0.03941019999911077,0.00030840000545140356
151,"Connectionist Bench (Sonar, Mines vs. Rocks)",5,RandomFuzzyRules__threshold__0_7,187,21,60,60,0.6190476190476191,0.6,0.7,0.04258950000803452,0.00038580001273658127
151,"Connectionist Bench (Sonar, Mines vs. Rocks)",5,RandomFuzzyRules__threshold__0_8,187,21,60,60,0.6190476190476191,0.6,0.5727272727272728,0.04230589998769574,0.00035709999792743474
151,"Connectionist Bench (Sonar, Mines vs. Rocks)",5,RandomFuzzyRules__threshold__0_9,187,21,60,60,0.6666666666666666,0.5882352941176471,0.6,0.04182910000963602,0.00040419999277219176
151,"Connectionist Bench (Sonar, Mines vs. Rocks)",6,RandomFuzzyRules__threshold__0_1,187,21,60,60,0.6190476190476191,0.5,0.6636363636363637,0.04102950000378769,0.0003853999951388687
151,"Connectionist Bench (Sonar, Mines vs. Rocks)",6,RandomFuzzyRules__threshold__0_2,187,21,60,60,0.8095238095238095,0.8,0.8454545454545456,0.04106299999693874,0.00041039999632630497
151,"Connectionist Bench (Sonar, Mines vs. Rocks)",6,RandomFuzzyRules__threshold__0_3,187,21,60,60,0.9047619047619048,0.9,0.9272727272727272,0.04343039999366738,0.00040299999818671495
151,"Connectionist Bench (Sonar, Mines vs. Rocks)",6,RandomFuzzyRules__threshold__0_4,187,21,60,60,0.8095238095238095,0.8,0.8454545454545455,0.0424368000094546,0.00037199999496806413
151,"Connectionist Bench (Sonar, Mines vs. Rocks)",6,RandomFuzzyRules__threshold__0_5,187,21,60,60,0.8095238095238095,0.8,0.8636363636363636,0.03817770000023302,0.0003601000062189996
151,"Connectionist Bench (Sonar, Mines vs. Rocks)",6,RandomFuzzyRules__threshold__0_6,187,21,60,60,0.8571428571428571,0.8571428571428571,0.8909090909090909,0.04348779999418184,0.00038720000884495676
151,"Connectionist Bench (Sonar, Mines vs. Rocks)",6,RandomFuzzyRules__threshold__0_7,187,21,60,60,0.8571428571428571,0.8421052631578947,0.9090909090909091,0.04448759999650065,0.0003991999983554706
151,"Connectionist Bench (Sonar, Mines vs. Rocks)",6,RandomFuzzyRules__threshold__0_8,187,21,60,60,0.9047619047619048,0.9,0.9363636363636363,0.04262979999475647,0.00036610000825021416
151,"Connectionist Bench (Sonar, Mines vs. Rocks)",6,RandomFuzzyRules__threshold__0_9,187,21,60,60,0.7619047619047619,0.7368421052631579,0.8,0.04300680001324508,0.00037370000791270286
151,"Connectionist Bench (Sonar, Mines vs. Rocks)",7,RandomFuzzyRules__threshold__0_1,187,21,60,60,0.7619047619047619,0.6666666666666666,0.8272727272727272,0.04775240000162739,0.0003968999953940511
151,"Connectionist Bench (Sonar, Mines vs. Rocks)",7,RandomFuzzyRules__threshold__0_2,187,21,60,60,0.9047619047619048,0.9,0.9363636363636364,0.043155399995157495,0.0003626000107033178
151,"Connectionist Bench (Sonar, Mines vs. Rocks)",7,RandomFuzzyRules__threshold__0_3,187,21,60,60,0.8095238095238095,0.75,0.8636363636363636,0.0422643999918364,0.00037570000858977437
151,"Connectionist Bench (Sonar, Mines vs. Rocks)",7,RandomFuzzyRules__threshold__0_4,187,21,60,60,0.6666666666666666,0.5333333333333333,0.8181818181818182,0.040826200012816116,0.00037960000918246806
151,"Connectionist Bench (Sonar, Mines vs. Rocks)",7,RandomFuzzyRules__threshold__0_5,187,21,60,60,0.8095238095238095,0.7777777777777778,0.8727272727272727,0.039118900007451884,0.00034589999995660037
151,"Connectionist Bench (Sonar, Mines vs. Rocks)",7,RandomFuzzyRules__threshold__0_6,187,21,60,60,0.8095238095238095,0.8,0.9545454545454546,0.042104300009668805,0.0003654000029200688
151,"Connectionist Bench (Sonar, Mines vs. Rocks)",7,RandomFuzzyRules__threshold__0_7,187,21,60,60,0.8095238095238095,0.75,0.8909090909090909,0.04716789998929016,0.0004228000034345314
151,"Connectionist Bench (Sonar, Mines vs. Rocks)",7,RandomFuzzyRules__threshold__0_8,187,21,60,60,0.8095238095238095,0.7777777777777778,0.8363636363636364,0.04293789999792352,0.00036049999471288174
151,"Connectionist Bench (Sonar, Mines vs. Rocks)",7,RandomFuzzyRules__threshold__0_9,187,21,60,60,0.8095238095238095,0.8,0.9181818181818182,0.04299889999674633,0.00036249999538995326
151,"Connectionist Bench (Sonar, Mines vs. Rocks)",8,RandomFuzzyRules__threshold__0_1,187,21,60,60,0.5238095238095238,0.375,0.5925925925925926,0.04311060000327416,0.00038869999116286635
151,"Connectionist Bench (Sonar, Mines vs. Rocks)",8,RandomFuzzyRules__threshold__0_2,187,21,60,60,0.8571428571428571,0.8,0.7777777777777778,0.041879900003550574,0.0003541999903973192
151,"Connectionist Bench (Sonar, Mines vs. Rocks)",8,RandomFuzzyRules__threshold__0_3,187,21,60,60,0.7619047619047619,0.6153846153846154,0.8148148148148148,0.04425789999368135,0.0004037000035168603
151,"Connectionist Bench (Sonar, Mines vs. Rocks)",8,RandomFuzzyRules__threshold__0_4,187,21,60,60,0.8095238095238095,0.75,0.7592592592592593,0.04164360000868328,0.000388599990401417
151,"Connectionist Bench (Sonar, Mines vs. Rocks)",8,RandomFuzzyRules__threshold__0_5,187,21,60,60,0.7619047619047619,0.6666666666666666,0.712962962962963,0.03864159999648109,0.0003707000141730532
151,"Connectionist Bench (Sonar, Mines vs. Rocks)",8,RandomFuzzyRules__threshold__0_6,187,21,60,60,0.7142857142857143,0.5714285714285714,0.7592592592592591,0.042043500012368895,0.0003651000006357208
151,"Connectionist Bench (Sonar, Mines vs. Rocks)",8,RandomFuzzyRules__threshold__0_7,187,21,60,60,0.8095238095238095,0.7142857142857143,0.8425925925925926,0.043384400007198565,0.00039600000309292227
151,"Connectionist Bench (Sonar, Mines vs. Rocks)",8,RandomFuzzyRules__threshold__0_8,187,21,60,60,0.7142857142857143,0.625,0.7777777777777778,0.042804199998499826,0.00036859999818261713
151,"Connectionist Bench (Sonar, Mines vs. Rocks)",8,RandomFuzzyRules__threshold__0_9,187,21,60,60,0.7619047619047619,0.6666666666666666,0.7777777777777779,0.04459919998771511,0.0003763999993680045
151,"Connectionist Bench (Sonar, Mines vs. Rocks)",9,RandomFuzzyRules__threshold__0_1,188,20,60,60,0.5,0.2857142857142857,0.43434343434343436,0.04260630000499077,0.0003772000054595992
151,"Connectionist Bench (Sonar, Mines vs. Rocks)",9,RandomFuzzyRules__threshold__0_2,188,20,60,60,0.5,0.4444444444444444,0.5656565656565656,0.04291840000951197,0.00034309999318793416
151,"Connectionist Bench (Sonar, Mines vs. Rocks)",9,RandomFuzzyRules__threshold__0_3,188,20,60,60,0.65,0.46153846153846156,0.5454545454545454,0.042170200002146885,0.0003588999970816076
151,"Connectionist Bench (Sonar, Mines vs. Rocks)",9,RandomFuzzyRules__threshold__0_4,188,20,60,60,0.55,0.5263157894736842,0.5959595959595959,0.040304200010723434,0.0003876999981002882
151,"Connectionist Bench (Sonar, Mines vs. Rocks)",9,RandomFuzzyRules__threshold__0_5,188,20,60,60,0.65,0.5333333333333333,0.6363636363636364,0.03838339999492746,0.0003696000057971105
151,"Connectionist Bench (Sonar, Mines vs. Rocks)",9,RandomFuzzyRules__threshold__0_6,188,20,60,60,0.6,0.5,0.5454545454545454,0.04279659999883734,0.00037129998963791877
151,"Connectionist Bench (Sonar, Mines vs. Rocks)",9,RandomFuzzyRules__threshold__0_7,188,20,60,60,0.65,0.46153846153846156,0.6363636363636364,0.04348510000272654,0.00039030000334605575
151,"Connectionist Bench (Sonar, Mines vs. Rocks)",9,RandomFuzzyRules__threshold__0_8,188,20,60,60,0.6,0.42857142857142855,0.5555555555555556,0.041842600010568276,0.00037779999547638
151,"Connectionist Bench (Sonar, Mines vs. Rocks)",9,RandomFuzzyRules__threshold__0_9,188,20,60,60,0.5,0.5,0.5151515151515151,0.0445973000023514,0.00037789999623782933
151,"Connectionist Bench (Sonar, Mines vs. Rocks)",10,RandomFuzzyRules__threshold__0_1,188,20,60,60,0.45,0.47619047619047616,0.40404040404040403,0.04361959999368992,0.00035430000571068376
151,"Connectionist Bench (Sonar, Mines vs. Rocks)",10,RandomFuzzyRules__threshold__0_2,188,20,60,60,0.9,0.875,0.8989898989898989,0.043544400003156625,0.0003934999986086041
151,"Connectionist Bench (Sonar, Mines vs. Rocks)",10,RandomFuzzyRules__threshold__0_3,188,20,60,60,0.95,0.9411764705882353,0.9696969696969697,0.04242349999549333,0.0003291000030003488
151,"Connectionist Bench (Sonar, Mines vs. Rocks)",10,RandomFuzzyRules__threshold__0_4,188,20,60,60,0.9,0.875,0.8838383838383838,0.04277090000687167,0.00037120000342838466
151,"Connectionist Bench (Sonar, Mines vs. Rocks)",10,RandomFuzzyRules__threshold__0_5,188,20,60,60,0.8,0.7777777777777778,0.7272727272727273,0.045030399996903725,0.0003951999970013276
151,"Connectionist Bench (Sonar, Mines vs. Rocks)",10,RandomFuzzyRules__threshold__0_6,188,20,60,60,0.9,0.9,0.9595959595959596,0.04318690000218339,0.0003769999893847853
151,"Connectionist Bench (Sonar, Mines vs. Rocks)",10,RandomFuzzyRules__threshold__0_7,188,20,60,60,0.75,0.6153846153846154,0.8181818181818181,0.04260099999373779,0.0003487000067252666
151,"Connectionist Bench (Sonar, Mines vs. Rocks)",10,RandomFuzzyRules__threshold__0_8,188,20,60,60,0.8,0.75,0.8383838383838383,0.04634709999663755,0.00035060000664088875
151,"Connectionist Bench (Sonar, Mines vs. Rocks)",10,RandomFuzzyRules__threshold__0_9,188,20,60,60,0.7,0.625,0.7171717171717171,0.036598699996829964,0.00032139998802449554
161,Mammographic Mass,1,RandomFuzzyRules__threshold__0_1,864,97,5,5,0.7938144329896907,0.7872340425531915,0.9012820512820513,0.0928530000091996,0.00035519999801181257
161,Mammographic Mass,1,RandomFuzzyRules__threshold__0_2,864,97,5,5,0.7628865979381443,0.7160493827160493,0.8655982905982905,0.09494679998897482,0.00035620000562630594
161,Mammographic Mass,1,RandomFuzzyRules__threshold__0_3,864,97,5,5,0.7731958762886598,0.7380952380952381,0.8713675213675214,0.09705449998728,0.0003760000108741224
161,Mammographic Mass,1,RandomFuzzyRules__threshold__0_4,864,97,5,5,0.7525773195876289,0.7209302325581395,0.8564102564102564,0.09681719999935012,0.0003885000041918829
161,Mammographic Mass,1,RandomFuzzyRules__threshold__0_5,864,97,5,5,0.7731958762886598,0.7555555555555555,0.879059829059829,0.07958789999247529,0.0004056000034324825
161,Mammographic Mass,1,RandomFuzzyRules__threshold__0_6,864,97,5,5,0.7835051546391752,0.7640449438202247,0.8732905982905983,0.11524560001271311,0.0003831999929388985
161,Mammographic Mass,1,RandomFuzzyRules__threshold__0_7,864,97,5,5,0.7525773195876289,0.7209302325581395,0.8662393162393163,0.09783220000099391,0.00035960000241175294
161,Mammographic Mass,1,RandomFuzzyRules__threshold__0_8,864,97,5,5,0.7628865979381443,0.7294117647058823,0.8762820512820513,0.11210700000810903,0.0003723999980138615
161,Mammographic Mass,1,RandomFuzzyRules__threshold__0_9,864,97,5,5,0.7525773195876289,0.7209302325581395,0.8662393162393163,0.09649260000151116,0.0003713999903993681
161,Mammographic Mass,2,RandomFuzzyRules__threshold__0_1,865,96,5,5,0.8541666666666666,0.8409090909090909,0.8477124183006536,0.09480599999369588,0.0002960999991046265
161,Mammographic Mass,2,RandomFuzzyRules__threshold__0_2,865,96,5,5,0.7291666666666666,0.7111111111111111,0.8287581699346405,0.09705789999861736,0.0003361999988555908
161,Mammographic Mass,2,RandomFuzzyRules__threshold__0_3,865,96,5,5,0.7916666666666666,0.7777777777777778,0.8505446623093681,0.09291619999567047,0.0003912000101990998
161,Mammographic Mass,2,RandomFuzzyRules__threshold__0_4,865,96,5,5,0.7708333333333334,0.7380952380952381,0.8326797385620914,0.10309089999645948,0.0003767000016523525
161,Mammographic Mass,2,RandomFuzzyRules__threshold__0_5,865,96,5,5,0.7604166666666666,0.7578947368421053,0.8389978213507624,0.0793268999987049,0.00036639999598264694
161,Mammographic Mass,2,RandomFuzzyRules__threshold__0_6,865,96,5,5,0.78125,0.7341772151898734,0.8283224400871461,0.0961200000019744,0.0002941999991890043
161,Mammographic Mass,2,RandomFuzzyRules__threshold__0_7,865,96,5,5,0.7916666666666666,0.7619047619047619,0.8450980392156863,0.09633129999565426,0.00027749998844228685
161,Mammographic Mass,2,RandomFuzzyRules__threshold__0_8,865,96,5,5,0.8020833333333334,0.7654320987654321,0.8507625272331155,0.10808089999773074,0.00038219999987632036
161,Mammographic Mass,2,RandomFuzzyRules__threshold__0_9,865,96,5,5,0.78125,0.7341772151898734,0.825925925925926,0.09677859999646898,0.00038519999361597
161,Mammographic Mass,3,RandomFuzzyRules__threshold__0_1,865,96,5,5,0.8541666666666666,0.8541666666666666,0.8845315904139434,0.09609240001009312,0.00037960000918246806
161,Mammographic Mass,3,RandomFuzzyRules__threshold__0_2,865,96,5,5,0.8229166666666666,0.8089887640449438,0.9045751633986929,0.09698020000359975,0.00038529999437741935
161,Mammographic Mass,3,RandomFuzzyRules__threshold__0_3,865,96,5,5,0.84375,0.8484848484848485,0.9119825708061001,0.09487020000233315,0.00037789999623782933
161,Mammographic Mass,3,RandomFuzzyRules__threshold__0_4,865,96,5,5,0.8333333333333334,0.8333333333333334,0.8986928104575164,0.09679319999122526,0.00039960000140126795
161,Mammographic Mass,3,RandomFuzzyRules__threshold__0_5,865,96,5,5,0.7916666666666666,0.8113207547169812,0.9163398692810458,0.09976179999648593,0.00034679999225772917
161,Mammographic Mass,3,RandomFuzzyRules__threshold__0_6,865,96,5,5,0.8333333333333334,0.8333333333333334,0.8886710239651416,0.13505489999079145,0.00035689999640453607
161,Mammographic Mass,3,RandomFuzzyRules__threshold__0_7,865,96,5,5,0.8645833333333334,0.8602150537634409,0.8941176470588235,0.09990730001300108,0.00039260000630747527
161,Mammographic Mass,3,RandomFuzzyRules__threshold__0_8,865,96,5,5,0.8854166666666666,0.8817204301075269,0.9161220043572985,0.12661870000010822,0.00026890001026913524
161,Mammographic Mass,3,RandomFuzzyRules__threshold__0_9,865,96,5,5,0.8645833333333334,0.8602150537634409,0.9185185185185184,0.13851350000186358,0.000338700003339909
161,Mammographic Mass,4,RandomFuzzyRules__threshold__0_1,865,96,5,5,0.8125,0.8085106382978723,0.9030501089324618,0.13963580000563525,0.000299000006634742
161,Mammographic Mass,4,RandomFuzzyRules__threshold__0_2,865,96,5,5,0.8125,0.8,0.8420479302832243,0.13634660000388976,0.0003555000002961606
161,Mammographic Mass,4,RandomFuzzyRules__threshold__0_3,865,96,5,5,0.8333333333333334,0.84,0.8729847494553377,0.13197509999736212,0.00025719999393913895
161,Mammographic Mass,4,RandomFuzzyRules__threshold__0_4,865,96,5,5,0.7916666666666666,0.782608695652174,0.8688453159041396,0.13369719999900553,0.0002623000036692247
161,Mammographic Mass,4,RandomFuzzyRules__threshold__0_5,865,96,5,5,0.8125,0.8043478260869565,0.8875816993464052,0.08609060000162572,0.00025329999334644526
161,Mammographic Mass,4,RandomFuzzyRules__threshold__0_6,865,96,5,5,0.78125,0.7692307692307693,0.8518518518518519,0.1299009000067599,0.0002592999953776598
161,Mammographic Mass,4,RandomFuzzyRules__threshold__0_7,865,96,5,5,0.8229166666666666,0.8210526315789474,0.898474945533769,0.09450300000025891,0.00035940000088885427
161,Mammographic Mass,4,RandomFuzzyRules__threshold__0_8,865,96,5,5,0.8333333333333334,0.8297872340425532,0.8806100217864924,0.13546449999557808,0.0003932999970857054
161,Mammographic Mass,4,RandomFuzzyRules__threshold__0_9,865,96,5,5,0.8125,0.8043478260869565,0.8383442265795208,0.0970515999943018,0.0003870000073220581
161,Mammographic Mass,5,RandomFuzzyRules__threshold__0_1,865,96,5,5,0.8020833333333334,0.7912087912087912,0.8289760348583878,0.09425120000378229,0.0003913999971700832
161,Mammographic Mass,5,RandomFuzzyRules__threshold__0_2,865,96,5,5,0.75,0.7073170731707317,0.8448801742919388,0.0972808999940753,0.0003873999958159402
161,Mammographic Mass,5,RandomFuzzyRules__threshold__0_3,865,96,5,5,0.7604166666666666,0.7294117647058823,0.8244008714596949,0.09969410000485368,0.0003995000006398186
161,Mammographic Mass,5,RandomFuzzyRules__threshold__0_4,865,96,5,5,0.7395833333333334,0.7058823529411765,0.822875816993464,0.09745850000763312,0.0003954999992856756
161,Mammographic Mass,5,RandomFuzzyRules__threshold__0_5,865,96,5,5,0.7604166666666666,0.735632183908046,0.8080610021786492,0.08170770001015626,0.0004040000058012083
161,Mammographic Mass,5,RandomFuzzyRules__threshold__0_6,865,96,5,5,0.8020833333333334,0.7865168539325843,0.8472766884531591,0.09843340000952594,0.0003863000019919127
161,Mammographic Mass,5,RandomFuzzyRules__threshold__0_7,865,96,5,5,0.78125,0.7586206896551724,0.8625272331154684,0.10078599999542348,0.0003819999983534217
161,Mammographic Mass,5,RandomFuzzyRules__threshold__0_8,865,96,5,5,0.7604166666666666,0.7228915662650602,0.8422657952069716,0.09481189999496564,0.000371300004189834
161,Mammographic Mass,5,RandomFuzzyRules__threshold__0_9,865,96,5,5,0.75,0.7142857142857143,0.8132897603485839,0.09614300000248477,0.0003752000047825277
161,Mammographic Mass,6,RandomFuzzyRules__threshold__0_1,865,96,5,5,0.75,0.7209302325581395,0.8267045454545454,0.0992431999911787,0.00038749999657738954
161,Mammographic Mass,6,RandomFuzzyRules__threshold__0_2,865,96,5,5,0.7708333333333334,0.7755102040816326,0.8597027972027972,0.09563540000817738,0.00038579999818466604
161,Mammographic Mass,6,RandomFuzzyRules__threshold__0_3,865,96,5,5,0.7708333333333334,0.7843137254901961,0.8245192307692307,0.10424719999718945,0.00038770001265220344
161,Mammographic Mass,6,RandomFuzzyRules__threshold__0_4,865,96,5,5,0.7708333333333334,0.7755102040816326,0.8658216783216783,0.09939459999441169,0.0003871000080835074
161,Mammographic Mass,6,RandomFuzzyRules__threshold__0_5,865,96,5,5,0.78125,0.7835051546391752,0.7797202797202797,0.07905080000637099,0.0003799999976763502
161,Mammographic Mass,6,RandomFuzzyRules__threshold__0_6,865,96,5,5,0.8229166666666666,0.8282828282828283,0.8256118881118881,0.09657069999957457,0.0003569000109564513
161,Mammographic Mass,6,RandomFuzzyRules__threshold__0_7,865,96,5,5,0.7916666666666666,0.7959183673469388,0.892263986013986,0.09622849999868777,0.00037779999547638
161,Mammographic Mass,6,RandomFuzzyRules__threshold__0_8,865,96,5,5,0.8020833333333334,0.8041237113402062,0.8262674825174825,0.14005820000602398,0.0004231000057188794
161,Mammographic Mass,6,RandomFuzzyRules__threshold__0_9,865,96,5,5,0.7916666666666666,0.7916666666666666,0.8188374125874126,0.14323679999506567,0.0004152000037720427
161,Mammographic Mass,7,RandomFuzzyRules__threshold__0_1,865,96,5,5,0.8333333333333334,0.8181818181818182,0.9047202797202797,0.1301859999948647,0.0008622000023024157
161,Mammographic Mass,7,RandomFuzzyRules__threshold__0_2,865,96,5,5,0.7916666666666666,0.7560975609756098,0.8393793706293706,0.1294293000100879,0.0003716999926837161
161,Mammographic Mass,7,RandomFuzzyRules__threshold__0_3,865,96,5,5,0.8020833333333334,0.7764705882352941,0.8607954545454546,0.1047433999920031,0.0003660000074887648
161,Mammographic Mass,7,RandomFuzzyRules__threshold__0_4,865,96,5,5,0.78125,0.7469879518072289,0.8542395104895104,0.1093059999984689,0.0003809999907389283
161,Mammographic Mass,7,RandomFuzzyRules__threshold__0_5,865,96,5,5,0.8020833333333334,0.7764705882352941,0.8610139860139859,0.08118429999740329,0.0003922000032616779
161,Mammographic Mass,7,RandomFuzzyRules__threshold__0_6,865,96,5,5,0.84375,0.8314606741573034,0.8826486013986014,0.09792390000075102,0.0003859999997075647
161,Mammographic Mass,7,RandomFuzzyRules__threshold__0_7,865,96,5,5,0.8125,0.8043478260869565,0.8870192307692307,0.0974290000012843,0.00040189998981077224
161,Mammographic Mass,7,RandomFuzzyRules__threshold__0_8,865,96,5,5,0.8333333333333334,0.8181818181818182,0.875,0.09639569999126252,0.00038409999979194254
161,Mammographic Mass,7,RandomFuzzyRules__threshold__0_9,865,96,5,5,0.7916666666666666,0.7674418604651163,0.8627622377622377,0.09902569999394473,0.0003929999948013574
161,Mammographic Mass,8,RandomFuzzyRules__threshold__0_1,865,96,5,5,0.8645833333333334,0.8602150537634409,0.8892045454545454,0.09576920000836253,0.000378099997760728
161,Mammographic Mass,8,RandomFuzzyRules__threshold__0_2,865,96,5,5,0.78125,0.7640449438202247,0.8153409090909092,0.10748550000425894,0.0005185000045457855
161,Mammographic Mass,8,RandomFuzzyRules__threshold__0_3,865,96,5,5,0.8125,0.7906976744186046,0.8463723776223775,0.10299460000533145,0.000384599989047274
161,Mammographic Mass,8,RandomFuzzyRules__threshold__0_4,865,96,5,5,0.8020833333333334,0.7912087912087912,0.8841783216783217,0.11191750000580214,0.00038189999759197235
161,Mammographic Mass,8,RandomFuzzyRules__threshold__0_5,865,96,5,5,0.8229166666666666,0.8045977011494253,0.8382867132867133,0.08077830000547692,0.0003912999964086339
161,Mammographic Mass,8,RandomFuzzyRules__threshold__0_6,865,96,5,5,0.84375,0.8351648351648352,0.8728146853146854,0.09722179999516811,0.00039060000563040376
161,Mammographic Mass,8,RandomFuzzyRules__threshold__0_7,865,96,5,5,0.8333333333333334,0.8222222222222222,0.9010052447552448,0.09789330000057817,0.00039319999632425606
161,Mammographic Mass,8,RandomFuzzyRules__threshold__0_8,865,96,5,5,0.8229166666666666,0.8045977011494253,0.8673513986013986,0.09605460001330357,0.0003834000090137124
161,Mammographic Mass,8,RandomFuzzyRules__threshold__0_9,865,96,5,5,0.8125,0.7906976744186046,0.8439685314685315,0.09572880000632722,0.0003786999877775088
161,Mammographic Mass,9,RandomFuzzyRules__threshold__0_1,865,96,5,5,0.7708333333333334,0.7441860465116279,0.8033216783216783,0.09417250000115018,0.0003580000047804788
161,Mammographic Mass,9,RandomFuzzyRules__threshold__0_2,865,96,5,5,0.7395833333333334,0.691358024691358,0.7998251748251748,0.1089328999951249,0.00039000000106170774
161,Mammographic Mass,9,RandomFuzzyRules__threshold__0_3,865,96,5,5,0.8020833333333334,0.7865168539325843,0.8496503496503497,0.09626589999243151,0.00037199999496806413
161,Mammographic Mass,9,RandomFuzzyRules__threshold__0_4,865,96,5,5,0.7916666666666666,0.782608695652174,0.8461538461538461,0.1126805000094464,0.0004000999906565994
161,Mammographic Mass,9,RandomFuzzyRules__threshold__0_5,865,96,5,5,0.78125,0.7741935483870968,0.8422202797202797,0.07938200001080986,0.0003893999964930117
161,Mammographic Mass,9,RandomFuzzyRules__threshold__0_6,865,96,5,5,0.8645833333333334,0.8470588235294118,0.8310751748251749,0.09580699999060016,0.0004155000060563907
161,Mammographic Mass,9,RandomFuzzyRules__threshold__0_7,865,96,5,5,0.8645833333333334,0.8470588235294118,0.8354458041958043,0.09642040000471752,0.00038579999818466604
161,Mammographic Mass,9,RandomFuzzyRules__threshold__0_8,865,96,5,5,0.8645833333333334,0.8470588235294118,0.8354458041958043,0.09597280000161845,0.0003758999955607578
161,Mammographic Mass,9,RandomFuzzyRules__threshold__0_9,865,96,5,5,0.8229166666666666,0.8089887640449438,0.8328234265734267,0.09978330000012647,0.00040019999141804874
161,Mammographic Mass,10,RandomFuzzyRules__threshold__0_1,865,96,5,5,0.8541666666666666,0.8478260869565217,0.9169580419580419,0.09874289999424946,0.0003887000057147816
161,Mammographic Mass,10,RandomFuzzyRules__threshold__0_2,865,96,5,5,0.7916666666666666,0.7560975609756098,0.8583916083916083,0.11143270001048222,0.00038559999666176736
161,Mammographic Mass,10,RandomFuzzyRules__threshold__0_3,865,96,5,5,0.8229166666666666,0.8172043010752689,0.854458041958042,0.09655690001090989,0.00039009998727124184
161,Mammographic Mass,10,RandomFuzzyRules__threshold__0_4,865,96,5,5,0.8125,0.8085106382978723,0.8642919580419581,0.10369589999027085,0.0003893000102834776
161,Mammographic Mass,10,RandomFuzzyRules__threshold__0_5,865,96,5,5,0.8020833333333334,0.7865168539325843,0.8883304195804196,0.07915740000316873,0.00033179999445565045
161,Mammographic Mass,10,RandomFuzzyRules__threshold__0_6,865,96,5,5,0.7916666666666666,0.7727272727272727,0.8538024475524475,0.09721110000100452,0.0002953999937744811
161,Mammographic Mass,10,RandomFuzzyRules__threshold__0_7,865,96,5,5,0.8125,0.8043478260869565,0.8778409090909091,0.13249740000173915,0.0003804000007221475
161,Mammographic Mass,10,RandomFuzzyRules__threshold__0_8,865,96,5,5,0.8333333333333334,0.8181818181818182,0.8664772727272727,0.1252772999869194,0.0003878999996231869
161,Mammographic Mass,10,RandomFuzzyRules__threshold__0_9,865,96,5,5,0.8020833333333334,0.7816091954022989,0.8544580419580419,0.09629169999971054,0.0003921000025002286
174,Parkinsons,1,RandomFuzzyRules__threshold__0_1,175,20,20,20,0.95,0.967741935483871,0.9066666666666667,0.04498960000637453,0.00035180000122636557
174,Parkinsons,1,RandomFuzzyRules__threshold__0_2,175,20,20,20,0.9,0.9375,0.8933333333333333,0.0417135000025155,0.0002728000108618289
174,Parkinsons,1,RandomFuzzyRules__threshold__0_3,175,20,20,20,0.9,0.9375,0.9466666666666668,0.04492270000628196,0.00034810000215657055
174,Parkinsons,1,RandomFuzzyRules__threshold__0_4,175,20,20,20,0.85,0.9090909090909091,0.9199999999999999,0.043774200006737374,0.00038409999979194254
174,Parkinsons,1,RandomFuzzyRules__threshold__0_5,175,20,20,20,0.8,0.8823529411764706,0.7466666666666667,0.03931039999588393,0.0003277000068919733
174,Parkinsons,1,RandomFuzzyRules__threshold__0_6,175,20,20,20,0.85,0.9090909090909091,0.9066666666666666,0.04947189999802504,0.00035820000630337745
174,Parkinsons,1,RandomFuzzyRules__threshold__0_7,175,20,20,20,0.8,0.8666666666666667,0.7866666666666667,0.04588950000470504,0.0003797999961534515
174,Parkinsons,1,RandomFuzzyRules__threshold__0_8,175,20,20,20,0.9,0.9333333333333333,0.9466666666666667,0.043922899989411235,0.0003392000071471557
174,Parkinsons,1,RandomFuzzyRules__threshold__0_9,175,20,20,20,0.8,0.8823529411764706,0.88,0.0419289999990724,0.00035509999725036323
174,Parkinsons,2,RandomFuzzyRules__threshold__0_1,175,20,20,20,0.95,0.967741935483871,0.9866666666666667,0.04380549999768846,0.0003667999990284443
174,Parkinsons,2,RandomFuzzyRules__threshold__0_2,175,20,20,20,0.9,0.9375,0.8533333333333333,0.048071299999719486,0.0003710999881150201
174,Parkinsons,2,RandomFuzzyRules__threshold__0_3,175,20,20,20,0.9,0.9375,0.8133333333333334,0.044337900006212294,0.00024760000815149397
174,Parkinsons,2,RandomFuzzyRules__threshold__0_4,175,20,20,20,0.9,0.9375,0.8933333333333333,0.045172800004365854,0.00037519999023061246
174,Parkinsons,2,RandomFuzzyRules__threshold__0_5,175,20,20,20,0.9,0.9375,0.8266666666666667,0.04009340000629891,0.0003330000035930425
174,Parkinsons,2,RandomFuzzyRules__threshold__0_6,175,20,20,20,0.9,0.9375,0.8533333333333333,0.04299509999691509,0.00035700001171790063
174,Parkinsons,2,RandomFuzzyRules__threshold__0_7,175,20,20,20,0.8,0.875,0.8666666666666666,0.045629700005520135,0.0003466000052867457
174,Parkinsons,2,RandomFuzzyRules__threshold__0_8,175,20,20,20,0.9,0.9375,0.8133333333333334,0.04438409999420401,0.0003546999942045659
174,Parkinsons,2,RandomFuzzyRules__threshold__0_9,175,20,20,20,0.85,0.9090909090909091,0.8533333333333333,0.044359400009852834,0.00033120000443886966
174,Parkinsons,3,RandomFuzzyRules__threshold__0_1,175,20,20,20,0.95,0.967741935483871,0.8400000000000001,0.05550140001287218,0.0003615999885369092
174,Parkinsons,3,RandomFuzzyRules__threshold__0_2,175,20,20,20,0.9,0.9375,0.8266666666666667,0.04356499999994412,0.00033960001019295305
174,Parkinsons,3,RandomFuzzyRules__threshold__0_3,175,20,20,20,0.85,0.9032258064516129,0.8666666666666667,0.04503599999588914,0.0003476999991107732
174,Parkinsons,3,RandomFuzzyRules__threshold__0_4,175,20,20,20,0.85,0.9032258064516129,0.88,0.04364809999242425,0.00035069999285042286
174,Parkinsons,3,RandomFuzzyRules__threshold__0_5,175,20,20,20,0.9,0.9375,0.8133333333333334,0.040624999994179234,0.00033859998802654445
174,Parkinsons,3,RandomFuzzyRules__threshold__0_6,175,20,20,20,0.9,0.9375,0.8533333333333333,0.04365130000223871,0.0003409999917494133
174,Parkinsons,3,RandomFuzzyRules__threshold__0_7,175,20,20,20,0.85,0.9032258064516129,0.8933333333333333,0.05519689999346156,0.00037039999733678997
174,Parkinsons,3,RandomFuzzyRules__threshold__0_8,175,20,20,20,0.7,0.8125,0.6799999999999999,0.043857799988472834,0.0003673999890452251
174,Parkinsons,3,RandomFuzzyRules__threshold__0_9,175,20,20,20,0.85,0.9090909090909091,0.88,0.04532629999448545,0.00034300000697840005
174,Parkinsons,4,RandomFuzzyRules__threshold__0_1,175,20,20,20,0.85,0.9032258064516129,0.9466666666666667,0.04955300000438001,0.0002815000043483451
174,Parkinsons,4,RandomFuzzyRules__threshold__0_2,175,20,20,20,0.9,0.9375,0.7333333333333334,0.046951399999670684,0.0003487000067252666
174,Parkinsons,4,RandomFuzzyRules__threshold__0_3,175,20,20,20,0.9,0.9375,0.76,0.04350260000501294,0.00039259999175556004
174,Parkinsons,4,RandomFuzzyRules__threshold__0_4,175,20,20,20,0.9,0.9375,0.8133333333333332,0.052808899999945424,0.0003088000084972009
174,Parkinsons,4,RandomFuzzyRules__threshold__0_5,175,20,20,20,0.9,0.9375,0.72,0.03854570000839885,0.0002601000014692545
174,Parkinsons,4,RandomFuzzyRules__threshold__0_6,175,20,20,20,0.85,0.9032258064516129,0.7466666666666666,0.05213779999758117,0.0002919999969890341
174,Parkinsons,4,RandomFuzzyRules__threshold__0_7,175,20,20,20,0.85,0.9032258064516129,0.7866666666666666,0.05510850000428036,0.00030169999809004366
174,Parkinsons,4,RandomFuzzyRules__threshold__0_8,175,20,20,20,0.85,0.9032258064516129,0.6533333333333333,0.05095459999574814,0.00029409999842755497
174,Parkinsons,4,RandomFuzzyRules__threshold__0_9,175,20,20,20,0.85,0.9090909090909091,0.68,0.044284200004767627,0.00037310000334400684
174,Parkinsons,5,RandomFuzzyRules__threshold__0_1,175,20,20,20,0.95,0.967741935483871,1.0,0.043351899992558174,0.00039000000106170774
174,Parkinsons,5,RandomFuzzyRules__threshold__0_2,175,20,20,20,0.9,0.9333333333333333,0.88,0.04311050000251271,0.00025240000104531646
174,Parkinsons,5,RandomFuzzyRules__threshold__0_3,175,20,20,20,0.9,0.9333333333333333,0.8666666666666667,0.046443300001556054,0.00033480000274721533
174,Parkinsons,5,RandomFuzzyRules__threshold__0_4,175,20,20,20,0.9,0.9333333333333333,0.8666666666666667,0.04356510000070557,0.00036099999852012843
174,Parkinsons,5,RandomFuzzyRules__threshold__0_5,175,20,20,20,0.9,0.9333333333333333,0.92,0.03944059999776073,0.00034579999919515103
174,Parkinsons,5,RandomFuzzyRules__threshold__0_6,175,20,20,20,0.9,0.9333333333333333,0.92,0.044263799994951114,0.0003605999954743311
174,Parkinsons,5,RandomFuzzyRules__threshold__0_7,175,20,20,20,0.8,0.8666666666666667,0.8533333333333334,0.04425809999520425,0.00036269999691285193
174,Parkinsons,5,RandomFuzzyRules__threshold__0_8,175,20,20,20,0.85,0.9032258064516129,0.9733333333333334,0.04505970000172965,0.0003909999941242859
174,Parkinsons,5,RandomFuzzyRules__threshold__0_9,175,20,20,20,0.9,0.9375,0.9600000000000001,0.04340680000314023,0.00034919999598059803
174,Parkinsons,6,RandomFuzzyRules__threshold__0_1,176,19,20,20,0.8421052631578947,0.9032258064516129,0.7666666666666666,0.05339570000069216,0.0003758999955607578
174,Parkinsons,6,RandomFuzzyRules__threshold__0_2,176,19,20,20,0.8421052631578947,0.9032258064516129,0.65,0.04554430001007859,0.0003863000019919127
174,Parkinsons,6,RandomFuzzyRules__threshold__0_3,176,19,20,20,0.8947368421052632,0.9375,0.7333333333333334,0.04419630000484176,0.00033989999792538583
174,Parkinsons,6,RandomFuzzyRules__threshold__0_4,176,19,20,20,0.8421052631578947,0.9032258064516129,0.6666666666666667,0.04556480000610463,0.00037819999852217734
174,Parkinsons,6,RandomFuzzyRules__threshold__0_5,176,19,20,20,0.8947368421052632,0.9375,0.6166666666666667,0.03962530000717379,0.0003426000039326027
174,Parkinsons,6,RandomFuzzyRules__threshold__0_6,176,19,20,20,0.8421052631578947,0.9032258064516129,0.6166666666666667,0.04424629999266472,0.0003597000031732023
174,Parkinsons,6,RandomFuzzyRules__threshold__0_7,176,19,20,20,0.7894736842105263,0.8666666666666667,0.6000000000000001,0.04416780000610743,0.00036589999217540026
174,Parkinsons,6,RandomFuzzyRules__threshold__0_8,176,19,20,20,0.7368421052631579,0.8275862068965517,0.6666666666666667,0.050021999995806254,0.00031820000731386244
174,Parkinsons,6,RandomFuzzyRules__threshold__0_9,176,19,20,20,0.8947368421052632,0.9375,0.7666666666666666,0.04407580000406597,0.000341799997841008
174,Parkinsons,7,RandomFuzzyRules__threshold__0_1,176,19,20,20,0.7894736842105263,0.875,0.8,0.04343449999578297,0.0003625000099418685
174,Parkinsons,7,RandomFuzzyRules__threshold__0_2,176,19,20,20,0.7894736842105263,0.8823529411764706,0.48333333333333334,0.04408340000372846,0.00034610000147949904
174,Parkinsons,7,RandomFuzzyRules__threshold__0_3,176,19,20,20,0.7368421052631579,0.8484848484848485,0.55,0.04500230000121519,0.0003529000096023083
174,Parkinsons,7,RandomFuzzyRules__threshold__0_4,176,19,20,20,0.7368421052631579,0.8484848484848485,0.4166666666666667,0.04213000000163447,0.0002829000004567206
174,Parkinsons,7,RandomFuzzyRules__threshold__0_5,176,19,20,20,0.8421052631578947,0.9090909090909091,0.45,0.04038659999787342,0.00033710000570863485
174,Parkinsons,7,RandomFuzzyRules__threshold__0_6,176,19,20,20,0.7368421052631579,0.8484848484848485,0.3666666666666667,0.04346760000044014,0.00034889999369625
174,Parkinsons,7,RandomFuzzyRules__threshold__0_7,176,19,20,20,0.7894736842105263,0.875,0.5166666666666667,0.04581789999792818,0.0003836999967461452
174,Parkinsons,7,RandomFuzzyRules__threshold__0_8,176,19,20,20,0.6842105263157895,0.8125,0.3833333333333333,0.043557099997997284,0.00036020000698044896
174,Parkinsons,7,RandomFuzzyRules__threshold__0_9,176,19,20,20,0.7894736842105263,0.8823529411764706,0.41666666666666663,0.0497414999990724,0.00037779999547638
174,Parkinsons,8,RandomFuzzyRules__threshold__0_1,176,19,20,20,0.8421052631578947,0.9032258064516129,0.9857142857142858,0.043191100005060434,0.000374099996406585
174,Parkinsons,8,RandomFuzzyRules__threshold__0_2,176,19,20,20,0.8421052631578947,0.9032258064516129,0.6285714285714286,0.04428180000104476,0.00033680000342428684
174,Parkinsons,8,RandomFuzzyRules__threshold__0_3,176,19,20,20,0.8421052631578947,0.9032258064516129,0.7857142857142858,0.04423449999012519,0.00037560000782832503
174,Parkinsons,8,RandomFuzzyRules__threshold__0_4,176,19,20,20,0.8421052631578947,0.9032258064516129,0.6857142857142857,0.04499150000629015,0.00036330000148154795
174,Parkinsons,8,RandomFuzzyRules__threshold__0_5,176,19,20,20,0.8421052631578947,0.9032258064516129,0.6285714285714286,0.04011299999547191,0.0003804000007221475
174,Parkinsons,8,RandomFuzzyRules__threshold__0_6,176,19,20,20,0.8421052631578947,0.9032258064516129,0.7857142857142857,0.042808600002899766,0.000338400001055561
174,Parkinsons,8,RandomFuzzyRules__threshold__0_7,176,19,20,20,0.8421052631578947,0.896551724137931,0.8571428571428571,0.055959599994821474,0.00039990000368561596
174,Parkinsons,8,RandomFuzzyRules__threshold__0_8,176,19,20,20,0.8421052631578947,0.9032258064516129,0.9428571428571428,0.04506179998861626,0.00038579999818466604
174,Parkinsons,8,RandomFuzzyRules__threshold__0_9,176,19,20,20,0.8421052631578947,0.9032258064516129,0.7857142857142858,0.03973069999483414,0.0004236999957356602
174,Parkinsons,9,RandomFuzzyRules__threshold__0_1,176,19,20,20,0.8421052631578947,0.896551724137931,0.8857142857142858,0.044141500009573065,0.0003775999939534813
174,Parkinsons,9,RandomFuzzyRules__threshold__0_2,176,19,20,20,0.8421052631578947,0.896551724137931,0.9,0.04443689998879563,0.00036070001078769565
174,Parkinsons,9,RandomFuzzyRules__threshold__0_3,176,19,20,20,0.7894736842105263,0.8571428571428571,0.9,0.04359880000993144,0.000341199993272312
174,Parkinsons,9,RandomFuzzyRules__threshold__0_4,176,19,20,20,0.8421052631578947,0.8888888888888888,0.9428571428571428,0.042917700004181825,0.0003583999932743609
174,Parkinsons,9,RandomFuzzyRules__threshold__0_5,176,19,20,20,0.8421052631578947,0.896551724137931,0.9571428571428571,0.04064279999874998,0.0003588999970816076
174,Parkinsons,9,RandomFuzzyRules__threshold__0_6,176,19,20,20,0.8947368421052632,0.9230769230769231,0.9571428571428572,0.04378330000326969,0.00026890001026913524
174,Parkinsons,9,RandomFuzzyRules__threshold__0_7,176,19,20,20,0.7368421052631579,0.8148148148148148,0.7857142857142857,0.043281499994918704,0.0003730000025825575
174,Parkinsons,9,RandomFuzzyRules__threshold__0_8,176,19,20,20,0.7368421052631579,0.8275862068965517,0.8714285714285714,0.045071200001984835,0.0003632000007200986
174,Parkinsons,9,RandomFuzzyRules__threshold__0_9,176,19,20,20,0.8421052631578947,0.9032258064516129,0.9142857142857143,0.046066099996096455,0.00035859999479725957
174,Parkinsons,10,RandomFuzzyRules__threshold__0_1,176,19,20,20,0.7894736842105263,0.875,0.7857142857142858,0.04601560000446625,0.00036079999699722975
174,Parkinsons,10,RandomFuzzyRules__threshold__0_2,176,19,20,20,0.7894736842105263,0.875,0.6857142857142857,0.04365249999682419,0.00038279998989310116
174,Parkinsons,10,RandomFuzzyRules__threshold__0_3,176,19,20,20,0.7894736842105263,0.875,0.7,0.04471279999415856,0.0003912999964086339
174,Parkinsons,10,RandomFuzzyRules__threshold__0_4,176,19,20,20,0.7894736842105263,0.875,0.6142857142857143,0.046348200005013496,0.00037969999539200217
174,Parkinsons,10,RandomFuzzyRules__threshold__0_5,176,19,20,20,0.7894736842105263,0.875,0.6142857142857143,0.040604800000437535,0.0003460999869275838
174,Parkinsons,10,RandomFuzzyRules__threshold__0_6,176,19,20,20,0.7894736842105263,0.875,0.6142857142857143,0.04368099999555852,0.00034949999826494604
174,Parkinsons,10,RandomFuzzyRules__threshold__0_7,176,19,20,20,0.7894736842105263,0.875,0.6571428571428571,0.0451729000051273,0.00036049999471288174
174,Parkinsons,10,RandomFuzzyRules__threshold__0_8,176,19,20,20,0.7894736842105263,0.875,0.7,0.04435949999606237,0.00038479999057017267
174,Parkinsons,10,RandomFuzzyRules__threshold__0_9,176,19,20,20,0.7894736842105263,0.875,0.6,0.046653999990667216,0.00035680001019500196
176,Blood Transfusion Service Center,1,RandomFuzzyRules__threshold__0_1,673,75,4,4,0.7866666666666666,0.38461538461538464,0.6671539961013646,0.09279869998863433,0.00036109999928157777
176,Blood Transfusion Service Center,1,RandomFuzzyRules__threshold__0_2,673,75,4,4,0.8,0.2857142857142857,0.6496101364522417,0.09694010000384878,0.0003662999952211976
176,Blood Transfusion Service Center,1,RandomFuzzyRules__threshold__0_3,673,75,4,4,0.76,0.1,0.5769980506822612,0.09728400000312831,0.00036079999699722975
176,Blood Transfusion Service Center,1,RandomFuzzyRules__threshold__0_4,673,75,4,4,0.76,0.1,0.5950292397660819,0.09476300000096671,0.00035319999733474106
176,Blood Transfusion Service Center,1,RandomFuzzyRules__threshold__0_5,673,75,4,4,0.76,0.1,0.5765107212475633,0.08048790000611916,0.0003662999952211976
176,Blood Transfusion Service Center,1,RandomFuzzyRules__threshold__0_6,673,75,4,4,0.76,0.1,0.5458089668615985,0.10469309998734389,0.00038160000985953957
176,Blood Transfusion Service Center,1,RandomFuzzyRules__threshold__0_7,673,75,4,4,0.76,0.0,0.5614035087719299,0.09595859999535605,0.00037730000622104853
176,Blood Transfusion Service Center,1,RandomFuzzyRules__threshold__0_8,673,75,4,4,0.76,0.1,0.7266081871345029,0.10022900000330992,0.0003504999913275242
176,Blood Transfusion Service Center,1,RandomFuzzyRules__threshold__0_9,673,75,4,4,0.76,0.0,0.662280701754386,0.09514959999069106,0.0003767000016523525
176,Blood Transfusion Service Center,2,RandomFuzzyRules__threshold__0_1,673,75,4,4,0.8,0.34782608695652173,0.5833333333333333,0.09600960000534542,0.00038779999886173755
176,Blood Transfusion Service Center,2,RandomFuzzyRules__threshold__0_2,673,75,4,4,0.8,0.34782608695652173,0.6232943469785575,0.0977366000006441,0.0003989000106230378
176,Blood Transfusion Service Center,2,RandomFuzzyRules__threshold__0_3,673,75,4,4,0.7733333333333333,0.10526315789473684,0.6773879142300194,0.0987293999933172,0.00027850001060869545
176,Blood Transfusion Service Center,2,RandomFuzzyRules__threshold__0_4,673,75,4,4,0.8266666666666667,0.43478260869565216,0.730019493177388,0.09557740000309423,0.0003896999987773597
176,Blood Transfusion Service Center,2,RandomFuzzyRules__threshold__0_5,673,75,4,4,0.8266666666666667,0.43478260869565216,0.7270955165692009,0.08053500000096392,0.00034389999927952886
176,Blood Transfusion Service Center,2,RandomFuzzyRules__threshold__0_6,673,75,4,4,0.7866666666666666,0.2,0.730019493177388,0.1321114000020316,0.0003245999978389591
176,Blood Transfusion Service Center,2,RandomFuzzyRules__threshold__0_7,673,75,4,4,0.7866666666666666,0.2,0.7353801169590644,0.09621080000943039,0.0003792999923462048
176,Blood Transfusion Service Center,2,RandomFuzzyRules__threshold__0_8,673,75,4,4,0.8266666666666667,0.5185185185185185,0.8230994152046783,0.09570429999439511,0.00038640000275336206
176,Blood Transfusion Service Center,2,RandomFuzzyRules__threshold__0_9,673,75,4,4,0.7866666666666666,0.2,0.7967836257309941,0.09787839998898562,0.0003777000092668459
176,Blood Transfusion Service Center,3,RandomFuzzyRules__threshold__0_1,673,75,4,4,0.8133333333333334,0.4166666666666667,0.6851851851851851,0.0953767000028165,0.00035859999479725957
176,Blood Transfusion Service Center,3,RandomFuzzyRules__threshold__0_2,673,75,4,4,0.7733333333333333,0.19047619047619047,0.6730019493177388,0.0968006999901263,0.00039500001003034413
176,Blood Transfusion Service Center,3,RandomFuzzyRules__threshold__0_3,673,75,4,4,0.7733333333333333,0.19047619047619047,0.6715399610136452,0.10122189999674447,0.00037009999505244195
176,Blood Transfusion Service Center,3,RandomFuzzyRules__threshold__0_4,673,75,4,4,0.7866666666666666,0.2,0.6866471734892788,0.09894889999122825,0.00037390000943560153
176,Blood Transfusion Service Center,3,RandomFuzzyRules__threshold__0_5,673,75,4,4,0.7733333333333333,0.10526315789473684,0.6788499025341131,0.08213629999954719,0.0003991999983554706
176,Blood Transfusion Service Center,3,RandomFuzzyRules__threshold__0_6,673,75,4,4,0.7733333333333333,0.10526315789473684,0.6520467836257311,0.10159129998646677,0.00038949999725446105
176,Blood Transfusion Service Center,3,RandomFuzzyRules__threshold__0_7,673,75,4,4,0.7733333333333333,0.10526315789473684,0.6666666666666667,0.09608670001034625,0.0004008999967481941
176,Blood Transfusion Service Center,3,RandomFuzzyRules__threshold__0_8,673,75,4,4,0.7866666666666666,0.2,0.7621832358674465,0.09639590000733733,0.0003789000038523227
176,Blood Transfusion Service Center,3,RandomFuzzyRules__threshold__0_9,673,75,4,4,0.7733333333333333,0.10526315789473684,0.746588693957115,0.09720370000286493,0.00036530000215861946
176,Blood Transfusion Service Center,4,RandomFuzzyRules__threshold__0_1,673,75,4,4,0.8,0.4444444444444444,0.7719298245614035,0.0955110000068089,0.0003735999925993383
176,Blood Transfusion Service Center,4,RandomFuzzyRules__threshold__0_2,673,75,4,4,0.7733333333333333,0.19047619047619047,0.8031189083820662,0.09883730000001378,0.0004065999964950606
176,Blood Transfusion Service Center,4,RandomFuzzyRules__threshold__0_3,673,75,4,4,0.7466666666666667,0.09523809523809523,0.7743664717348928,0.09493930000462569,0.000381199992261827
176,Blood Transfusion Service Center,4,RandomFuzzyRules__threshold__0_4,673,75,4,4,0.7333333333333333,0.09090909090909091,0.7651072124756335,0.09579570000641979,0.0003711000026669353
176,Blood Transfusion Service Center,4,RandomFuzzyRules__threshold__0_5,673,75,4,4,0.7466666666666667,0.09523809523809523,0.7461013645224173,0.08123799999884795,0.00037819999852217734
176,Blood Transfusion Service Center,4,RandomFuzzyRules__threshold__0_6,673,75,4,4,0.7466666666666667,0.09523809523809523,0.7305068226120858,0.11281720000260975,0.0003858999989461154
176,Blood Transfusion Service Center,4,RandomFuzzyRules__threshold__0_7,673,75,4,4,0.7466666666666667,0.09523809523809523,0.6983430799220274,0.09777910000411794,0.00038640000275336206
176,Blood Transfusion Service Center,4,RandomFuzzyRules__threshold__0_8,673,75,4,4,0.76,0.0,0.7777777777777778,0.0960038000048371,0.00039030000334605575
176,Blood Transfusion Service Center,4,RandomFuzzyRules__threshold__0_9,673,75,4,4,0.7466666666666667,0.09523809523809523,0.7646198830409356,0.10146960000565741,0.00036130000080447644
176,Blood Transfusion Service Center,5,RandomFuzzyRules__threshold__0_1,673,75,4,4,0.8,0.4,0.861598440545809,0.09547240000392776,0.00037910000537522137
176,Blood Transfusion Service Center,5,RandomFuzzyRules__threshold__0_2,673,75,4,4,0.8133333333333334,0.36363636363636365,0.847953216374269,0.10091360000660643,0.0003949000092688948
176,Blood Transfusion Service Center,5,RandomFuzzyRules__threshold__0_3,673,75,4,4,0.7866666666666666,0.2,0.8557504873294347,0.09630679999827407,0.0003995000006398186
176,Blood Transfusion Service Center,5,RandomFuzzyRules__threshold__0_4,673,75,4,4,0.7866666666666666,0.2,0.8606237816764133,0.10261270000773948,0.0003789999900618568
176,Blood Transfusion Service Center,5,RandomFuzzyRules__threshold__0_5,673,75,4,4,0.7866666666666666,0.2,0.8508771929824561,0.07954020000761375,0.00038669999048579484
176,Blood Transfusion Service Center,5,RandomFuzzyRules__threshold__0_6,673,75,4,4,0.7866666666666666,0.2,0.8440545808966862,0.11078730000008363,0.0003603999939514324
176,Blood Transfusion Service Center,5,RandomFuzzyRules__threshold__0_7,673,75,4,4,0.7466666666666667,0.09523809523809523,0.712475633528265,0.09663850000652019,0.0005505000008270144
176,Blood Transfusion Service Center,5,RandomFuzzyRules__threshold__0_8,673,75,4,4,0.7733333333333333,0.19047619047619047,0.7573099415204678,0.095270799996797,0.00036970000655855983
176,Blood Transfusion Service Center,5,RandomFuzzyRules__threshold__0_9,673,75,4,4,0.7733333333333333,0.10526315789473684,0.7709551656920078,0.13350710000668187,0.0003887999919243157
176,Blood Transfusion Service Center,6,RandomFuzzyRules__threshold__0_1,673,75,4,4,0.72,0.0,0.554093567251462,0.12653629999840632,0.0007255999953486025
176,Blood Transfusion Service Center,6,RandomFuzzyRules__threshold__0_2,673,75,4,4,0.7466666666666667,0.0,0.5516569200779726,0.09782300000370014,0.00038830000266898423
176,Blood Transfusion Service Center,6,RandomFuzzyRules__threshold__0_3,673,75,4,4,0.7333333333333333,0.09090909090909091,0.5316764132553606,0.09024069999577478,0.00033629999961704016
176,Blood Transfusion Service Center,6,RandomFuzzyRules__threshold__0_4,673,75,4,4,0.76,0.1,0.5087719298245614,0.13661310001043603,0.00034949999826494604
176,Blood Transfusion Service Center,6,RandomFuzzyRules__threshold__0_5,673,75,4,4,0.7333333333333333,0.09090909090909091,0.5141325536062378,0.09683029999723658,0.00036240000918041915
176,Blood Transfusion Service Center,6,RandomFuzzyRules__threshold__0_6,673,75,4,4,0.7466666666666667,0.09523809523809523,0.503411306042885,0.13597220000519883,0.0003978000022470951
176,Blood Transfusion Service Center,6,RandomFuzzyRules__threshold__0_7,673,75,4,4,0.7466666666666667,0.09523809523809523,0.48635477582846004,0.13584439999249298,0.00025409999943803996
176,Blood Transfusion Service Center,6,RandomFuzzyRules__threshold__0_8,673,75,4,4,0.7466666666666667,0.09523809523809523,0.6042884990253412,0.09699510000064038,0.0003799999976763502
176,Blood Transfusion Service Center,6,RandomFuzzyRules__threshold__0_9,673,75,4,4,0.76,0.1,0.618908382066277,0.1333632000023499,0.00025800000003073364
176,Blood Transfusion Service Center,7,RandomFuzzyRules__threshold__0_1,673,75,4,4,0.7733333333333333,0.41379310344827586,0.6944444444444445,0.10064589999092277,0.000414699999964796
176,Blood Transfusion Service Center,7,RandomFuzzyRules__threshold__0_2,673,75,4,4,0.76,0.18181818181818182,0.6769005847953217,0.1321920000045793,0.00036360000376589596
176,Blood Transfusion Service Center,7,RandomFuzzyRules__threshold__0_3,673,75,4,4,0.7866666666666666,0.2,0.6505847953216375,0.09852490000776015,0.00038810000114608556
176,Blood Transfusion Service Center,7,RandomFuzzyRules__threshold__0_4,673,75,4,4,0.7866666666666666,0.2,0.6671539961013644,0.09776189998956397,0.00037980001070536673
176,Blood Transfusion Service Center,7,RandomFuzzyRules__threshold__0_5,673,75,4,4,0.7866666666666666,0.2,0.6500974658869396,0.08512240000709426,0.0003927999932784587
176,Blood Transfusion Service Center,7,RandomFuzzyRules__threshold__0_6,673,75,4,4,0.7866666666666666,0.2,0.6330409356725146,0.09845369998947717,0.00037150000571273267
176,Blood Transfusion Service Center,7,RandomFuzzyRules__threshold__0_7,673,75,4,4,0.7733333333333333,0.10526315789473684,0.648635477582846,0.09786249999888241,0.000375300005543977
176,Blood Transfusion Service Center,7,RandomFuzzyRules__threshold__0_8,673,75,4,4,0.7733333333333333,0.19047619047619047,0.6934697855750488,0.09504919999744743,0.00037650000012945384
176,Blood Transfusion Service Center,7,RandomFuzzyRules__threshold__0_9,673,75,4,4,0.7733333333333333,0.10526315789473684,0.6905458089668616,0.09664150000025984,0.00037820001307409257
176,Blood Transfusion Service Center,8,RandomFuzzyRules__threshold__0_1,673,75,4,4,0.8,0.2857142857142857,0.8084795321637427,0.09983979999378789,0.0002666000073077157
176,Blood Transfusion Service Center,8,RandomFuzzyRules__threshold__0_2,673,75,4,4,0.7866666666666666,0.2,0.793859649122807,0.0949657000019215,0.0002918999962275848
176,Blood Transfusion Service Center,8,RandomFuzzyRules__threshold__0_3,673,75,4,4,0.76,0.0,0.7777777777777778,0.09709490000386722,0.0003694000042742118
176,Blood Transfusion Service Center,8,RandomFuzzyRules__threshold__0_4,673,75,4,4,0.76,0.0,0.7334307992202729,0.09457099999417551,0.00035060000664088875
176,Blood Transfusion Service Center,8,RandomFuzzyRules__threshold__0_5,673,75,4,4,0.76,0.0,0.7251461988304094,0.09072759999253321,0.0003763999993680045
176,Blood Transfusion Service Center,8,RandomFuzzyRules__threshold__0_6,673,75,4,4,0.76,0.0,0.7085769980506823,0.09791199999745004,0.00039089999336283654
176,Blood Transfusion Service Center,8,RandomFuzzyRules__threshold__0_7,673,75,4,4,0.76,0.0,0.7475633528265107,0.09599210000305902,0.0003789000038523227
176,Blood Transfusion Service Center,8,RandomFuzzyRules__threshold__0_8,673,75,4,4,0.7866666666666666,0.2,0.8123781676413255,0.09591969999019057,0.00039149999793153256
176,Blood Transfusion Service Center,8,RandomFuzzyRules__threshold__0_9,673,75,4,4,0.76,0.0,0.7919103313840156,0.0970755000016652,0.000374399998690933
176,Blood Transfusion Service Center,9,RandomFuzzyRules__threshold__0_1,674,74,4,4,0.7837837837837838,0.42857142857142855,0.7765737874097007,0.10775409999769181,0.00039370000013150275
176,Blood Transfusion Service Center,9,RandomFuzzyRules__threshold__0_2,674,74,4,4,0.7702702702702703,0.19047619047619047,0.7992776057791539,0.0955167999927653,0.00041360000614076853
176,Blood Transfusion Service Center,9,RandomFuzzyRules__threshold__0_3,674,74,4,4,0.7432432432432432,0.09523809523809523,0.6589267285861713,0.10372429998824373,0.00036099999852012843
176,Blood Transfusion Service Center,9,RandomFuzzyRules__threshold__0_4,674,74,4,4,0.7567567567567568,0.0,0.6620227038183695,0.10555560000648256,0.0004071000003023073
176,Blood Transfusion Service Center,9,RandomFuzzyRules__threshold__0_5,674,74,4,4,0.7567567567567568,0.0,0.6418988648090815,0.09488270001020283,0.000385499995900318
176,Blood Transfusion Service Center,9,RandomFuzzyRules__threshold__0_6,674,74,4,4,0.7567567567567568,0.0,0.6413828689370485,0.13229619999765418,0.00038830000266898423
176,Blood Transfusion Service Center,9,RandomFuzzyRules__threshold__0_7,674,74,4,4,0.7567567567567568,0.0,0.62796697626419,0.12941749999299645,0.0003440999862505123
176,Blood Transfusion Service Center,9,RandomFuzzyRules__threshold__0_8,674,74,4,4,0.7432432432432432,0.09523809523809523,0.7605779153766771,0.14143829999375157,0.00039539999852422625
176,Blood Transfusion Service Center,9,RandomFuzzyRules__threshold__0_9,674,74,4,4,0.7567567567567568,0.0,0.718266253869969,0.10139209999761079,0.0003775000077439472
176,Blood Transfusion Service Center,10,RandomFuzzyRules__threshold__0_1,674,74,4,4,0.7702702702702703,0.32,0.6439628482972136,0.09696680000342894,0.0003912999964086339
176,Blood Transfusion Service Center,10,RandomFuzzyRules__threshold__0_2,674,74,4,4,0.7972972972972973,0.21052631578947367,0.6449948400412797,0.09674180000729393,0.00037519999023061246
176,Blood Transfusion Service Center,10,RandomFuzzyRules__threshold__0_3,674,74,4,4,0.7432432432432432,0.0,0.5897832817337462,0.09528140000475105,0.0003600000054575503
176,Blood Transfusion Service Center,10,RandomFuzzyRules__threshold__0_4,674,74,4,4,0.7567567567567568,0.0,0.5882352941176471,0.09663439998985268,0.0003853000089293346
176,Blood Transfusion Service Center,10,RandomFuzzyRules__threshold__0_5,674,74,4,4,0.7432432432432432,0.0,0.5624355005159959,0.08377260000270326,0.00039289999403990805
176,Blood Transfusion Service Center,10,RandomFuzzyRules__threshold__0_6,674,74,4,4,0.7567567567567568,0.0,0.5588235294117647,0.09638940000149887,0.00035820000630337745
176,Blood Transfusion Service Center,10,RandomFuzzyRules__threshold__0_7,674,74,4,4,0.7432432432432432,0.0,0.5356037151702786,0.09666209999704733,0.0003806000022450462
176,Blood Transfusion Service Center,10,RandomFuzzyRules__threshold__0_8,674,74,4,4,0.7567567567567568,0.0,0.7089783281733746,0.09757900000840891,0.0003006000042660162
176,Blood Transfusion Service Center,10,RandomFuzzyRules__threshold__0_9,674,74,4,4,0.7567567567567568,0.0,0.6609907120743034,0.09796430000278633,0.0004015000013168901
222,Bank Marketing,1,RandomFuzzyRules__threshold__0_1,40689,4522,16,47,0.8934099955771783,0.2932551319648094,0.5855026542195534,2.562611499990453,0.00256910000462085
222,Bank Marketing,1,RandomFuzzyRules__threshold__0_2,40689,4522,16,47,0.8934099955771783,0.2911764705882353,0.5855026542195534,2.5822551000019303,0.0018121000030077994
222,Bank Marketing,1,RandomFuzzyRules__threshold__0_3,40689,4522,16,47,0.8934099955771783,0.2911764705882353,0.585603965730198,2.5494628999877023,0.0027027000032830983
222,Bank Marketing,1,RandomFuzzyRules__threshold__0_4,40689,4522,16,47,0.8934099955771783,0.2911764705882353,0.5870613838868303,2.6105372000019997,0.002631199997267686
222,Bank Marketing,1,RandomFuzzyRules__threshold__0_5,40689,4522,16,47,0.8934099955771783,0.2911764705882353,0.62481530769584,1.7271627000009175,0.0028543999942485243
222,Bank Marketing,1,RandomFuzzyRules__threshold__0_6,40689,4522,16,47,0.8934099955771783,0.2911764705882353,0.5870613838868303,3.227553699995042,0.0028314000082900748
222,Bank Marketing,1,RandomFuzzyRules__threshold__0_7,40689,4522,16,47,0.8940734188412207,0.28826151560178304,0.5873731298202857,2.693587400004617,0.0029116999940015376
222,Bank Marketing,1,RandomFuzzyRules__threshold__0_8,40689,4522,16,47,0.8976116762494472,0.4276885043263288,0.7938694227184908,2.6520435999991605,0.0026597000105539337
222,Bank Marketing,1,RandomFuzzyRules__threshold__0_9,40689,4522,16,47,0.8936311366651923,0.2916053019145803,0.588594075549035,2.6690740999911213,0.002339900005608797
222,Bank Marketing,2,RandomFuzzyRules__threshold__0_1,40690,4521,16,47,0.8947135589471356,0.29793510324483774,0.5809951980359569,2.6619518999941647,0.0026225000037811697
222,Bank Marketing,2,RandomFuzzyRules__threshold__0_2,40690,4521,16,47,0.8944923689449237,0.2912332838038633,0.5809951980359569,2.831309400004102,0.002711799999815412
222,Bank Marketing,2,RandomFuzzyRules__threshold__0_3,40690,4521,16,47,0.8944923689449237,0.2912332838038633,0.5855996099234265,3.6716970999987097,0.0026448999997228384
222,Bank Marketing,2,RandomFuzzyRules__threshold__0_4,40690,4521,16,47,0.8944923689449237,0.2912332838038633,0.5869177310293012,3.2395516999968095,0.0024704000097699463
222,Bank Marketing,2,RandomFuzzyRules__threshold__0_5,40690,4521,16,47,0.8944923689449237,0.2912332838038633,0.5954288375869893,1.928486899996642,0.0031007999932626262
222,Bank Marketing,2,RandomFuzzyRules__threshold__0_6,40690,4521,16,47,0.8944923689449237,0.2912332838038633,0.5869177310293012,2.8083885999949416,0.0030340999946929514
222,Bank Marketing,2,RandomFuzzyRules__threshold__0_7,40690,4521,16,47,0.8953771289537713,0.2865761689291101,0.5870514878309769,2.8049999000068055,0.0028886000072816387
222,Bank Marketing,2,RandomFuzzyRules__threshold__0_8,40690,4521,16,47,0.9020128290201282,0.4617253948967193,0.794699910449347,3.130211900002905,0.00287209999805782
222,Bank Marketing,2,RandomFuzzyRules__threshold__0_9,40690,4521,16,47,0.8944923689449237,0.2912332838038633,0.5882192511136913,2.86323899999843,0.0028260999970370904
222,Bank Marketing,3,RandomFuzzyRules__threshold__0_1,40690,4521,16,47,0.8929440389294404,0.31054131054131057,0.5947102143796099,2.88406070000201,0.0030301999941002578
222,Bank Marketing,3,RandomFuzzyRules__threshold__0_2,40690,4521,16,47,0.8931652289316523,0.31098430813124106,0.5947102143796099,3.1023836999956984,0.0029147000022931024
222,Bank Marketing,3,RandomFuzzyRules__threshold__0_3,40690,4521,16,47,0.8929440389294404,0.30857142857142855,0.5929943535464123,3.6602968999941368,0.002764499993645586
222,Bank Marketing,3,RandomFuzzyRules__threshold__0_4,40690,4521,16,47,0.8929440389294404,0.30857142857142855,0.59418861352194,2.766817700001411,0.002639300000737421
222,Bank Marketing,3,RandomFuzzyRules__threshold__0_5,40690,4521,16,47,0.8929440389294404,0.30857142857142855,0.6108862337150672,2.062018700002227,0.0028395999979693443
222,Bank Marketing,3,RandomFuzzyRules__threshold__0_6,40690,4521,16,47,0.8929440389294404,0.30857142857142855,0.59418861352194,2.767453899999964,0.002753600012511015
222,Bank Marketing,3,RandomFuzzyRules__threshold__0_7,40690,4521,16,47,0.8931652289316523,0.30503597122302156,0.5941914547431346,2.7242627999949036,0.002686299994820729
222,Bank Marketing,3,RandomFuzzyRules__threshold__0_8,40690,4521,16,47,0.8898473788984738,0.37593984962406013,0.7702278375276072,2.7251736000034725,0.002807200013194233
222,Bank Marketing,3,RandomFuzzyRules__threshold__0_9,40690,4521,16,47,0.8929440389294404,0.30857142857142855,0.5953520936011912,2.788425599996117,0.002321199994185008
222,Bank Marketing,4,RandomFuzzyRules__threshold__0_1,40690,4521,16,47,0.8942711789427118,0.29080118694362017,0.5807624227661372,2.717902699994738,0.0023942999978316948
222,Bank Marketing,4,RandomFuzzyRules__threshold__0_2,40690,4521,16,47,0.8944923689449237,0.28912071535022354,0.5807624227661372,2.7094378000037977,0.001958499997272156
222,Bank Marketing,4,RandomFuzzyRules__threshold__0_3,40690,4521,16,47,0.8944923689449237,0.28912071535022354,0.5838418330043832,2.687607800005935,0.0020330999977886677
222,Bank Marketing,4,RandomFuzzyRules__threshold__0_4,40690,4521,16,47,0.8944923689449237,0.28912071535022354,0.5860461471146451,2.716487600002438,0.002253799990285188
222,Bank Marketing,4,RandomFuzzyRules__threshold__0_5,40690,4521,16,47,0.8944923689449237,0.28912071535022354,0.6146887347473776,1.8461020999966422,0.00294690000009723
222,Bank Marketing,4,RandomFuzzyRules__threshold__0_6,40690,4521,16,47,0.8944923689449237,0.28912071535022354,0.6146887347473776,2.7114757999952417,0.00295880000339821
222,Bank Marketing,4,RandomFuzzyRules__threshold__0_7,40690,4521,16,47,0.8949347489493474,0.28785607196401797,0.5862518988828318,2.72172609998961,0.0027289999998174608
222,Bank Marketing,4,RandomFuzzyRules__threshold__0_8,40690,4521,16,47,0.8984737889847378,0.4226415094339623,0.7779386750817324,2.7346925000019837,0.0029972999909659848
222,Bank Marketing,4,RandomFuzzyRules__threshold__0_9,40690,4521,16,47,0.8944923689449237,0.28912071535022354,0.588314862238655,2.7508087000023806,0.002809699988574721
222,Bank Marketing,5,RandomFuzzyRules__threshold__0_1,40690,4521,16,47,0.8933864189338642,0.2911764705882353,0.5840674733209329,3.2664096000080463,0.0028242999978829175
222,Bank Marketing,5,RandomFuzzyRules__threshold__0_2,40690,4521,16,47,0.8931652289316523,0.28865979381443296,0.5840674733209329,2.7542995999974664,0.002851199998985976
222,Bank Marketing,5,RandomFuzzyRules__threshold__0_3,40690,4521,16,47,0.8929440389294404,0.2861356932153392,0.5836732538801612,2.7576070000068285,0.0029261999879963696
222,Bank Marketing,5,RandomFuzzyRules__threshold__0_4,40690,4521,16,47,0.8929440389294404,0.2861356932153392,0.5851693936076311,2.819706700000097,0.002459600000292994
222,Bank Marketing,5,RandomFuzzyRules__threshold__0_5,40690,4521,16,47,0.8929440389294404,0.2861356932153392,0.5942073182281389,1.873598199992557,0.002107600012095645
222,Bank Marketing,5,RandomFuzzyRules__threshold__0_6,40690,4521,16,47,0.8929440389294404,0.2861356932153392,0.5851693936076311,2.876142400011304,0.0027048999909311533
222,Bank Marketing,5,RandomFuzzyRules__threshold__0_7,40690,4521,16,47,0.8927228489272285,0.2814814814814815,0.5852655215913869,2.686268099991139,0.0023692000104347244
222,Bank Marketing,5,RandomFuzzyRules__threshold__0_8,40690,4521,16,47,0.8986949789869498,0.44146341463414634,0.794724373131897,2.716156399997999,0.002683500002603978
222,Bank Marketing,5,RandomFuzzyRules__threshold__0_9,40690,4521,16,47,0.8929440389294404,0.2861356932153392,0.5866174693432233,2.704747999989195,0.0028623000107472762
222,Bank Marketing,6,RandomFuzzyRules__threshold__0_1,40690,4521,16,47,0.8940499889404999,0.3007299270072993,0.5864732773675895,2.702101599992602,0.002682000005734153
222,Bank Marketing,6,RandomFuzzyRules__threshold__0_2,40690,4521,16,47,0.893828798938288,0.2961876832844575,0.5864732773675895,2.885103499997058,0.0027818000089609995
222,Bank Marketing,6,RandomFuzzyRules__threshold__0_3,40690,4521,16,47,0.893607608936076,0.2936857562408223,0.5835785465070027,2.724951600001077,0.0027711000002454966
222,Bank Marketing,6,RandomFuzzyRules__threshold__0_4,40690,4521,16,47,0.8931652289316523,0.28865979381443296,0.5861747123737078,2.74651100000483,0.0027076999976998195
222,Bank Marketing,6,RandomFuzzyRules__threshold__0_5,40690,4521,16,47,0.8931652289316523,0.28865979381443296,0.5861747123737078,1.91756030000397,0.0018138000014005229
222,Bank Marketing,6,RandomFuzzyRules__threshold__0_6,40690,4521,16,47,0.8931652289316523,0.28865979381443296,0.5861747123737078,3.0747602000046754,0.0026127000019187108
222,Bank Marketing,6,RandomFuzzyRules__threshold__0_7,40690,4521,16,47,0.893828798938288,0.281437125748503,0.5882663247099114,2.717455299993162,0.002805099997203797
222,Bank Marketing,6,RandomFuzzyRules__threshold__0_8,40690,4521,16,47,0.8933864189338642,0.4064039408866995,0.7617804133787424,2.9427982999914093,0.0028122999938204885
222,Bank Marketing,6,RandomFuzzyRules__threshold__0_9,40690,4521,16,47,0.893828798938288,0.29411764705882354,0.5925425993764466,2.7471048000006704,0.0027568000077735633
222,Bank Marketing,7,RandomFuzzyRules__threshold__0_1,40690,4521,16,47,0.8885202388852024,0.24324324324324326,0.5550936466505791,2.7073498999961885,0.003058200003579259
222,Bank Marketing,7,RandomFuzzyRules__threshold__0_2,40690,4521,16,47,0.8880778588807786,0.23564954682779457,0.5550936466505791,2.815184199993382,0.0027870000049006194
222,Bank Marketing,7,RandomFuzzyRules__threshold__0_3,40690,4521,16,47,0.8880778588807786,0.23564954682779457,0.5634842463755488,2.755196199999773,0.002800400005071424
222,Bank Marketing,7,RandomFuzzyRules__threshold__0_4,40690,4521,16,47,0.8880778588807786,0.23564954682779457,0.5668352300063265,2.7310073000116972,0.0018588999955682084
222,Bank Marketing,7,RandomFuzzyRules__threshold__0_5,40690,4521,16,47,0.8880778588807786,0.23564954682779457,0.619185440824939,2.06218949999311,0.0029433999879984185
222,Bank Marketing,7,RandomFuzzyRules__threshold__0_6,40690,4521,16,47,0.8880778588807786,0.23564954682779457,0.5668352300063265,2.8133175000111805,0.002780700000585057
222,Bank Marketing,7,RandomFuzzyRules__threshold__0_7,40690,4521,16,47,0.8885202388852024,0.22935779816513763,0.5669055502308967,2.781728200003272,0.002396800002316013
222,Bank Marketing,7,RandomFuzzyRules__threshold__0_8,40690,4521,16,47,0.9002433090024331,0.42105263157894735,0.787926277886586,2.730694700003369,0.002710000000661239
222,Bank Marketing,7,RandomFuzzyRules__threshold__0_9,40690,4521,16,47,0.8880778588807786,0.23564954682779457,0.5701831356474764,2.7109760000021197,0.0027778999938163906
222,Bank Marketing,8,RandomFuzzyRules__threshold__0_1,40690,4521,16,47,0.8907321389073214,0.26706231454005935,0.5712905016081312,2.7313212000008207,0.00284539999847766
222,Bank Marketing,8,RandomFuzzyRules__threshold__0_2,40690,4521,16,47,0.8902897589028976,0.2619047619047619,0.5712905016081312,3.2956293000024743,0.0025640999956522137
222,Bank Marketing,8,RandomFuzzyRules__threshold__0_3,40690,4521,16,47,0.8902897589028976,0.2619047619047619,0.5740457758617424,2.736333000008017,0.0025247000012313947
222,Bank Marketing,8,RandomFuzzyRules__threshold__0_4,40690,4521,16,47,0.8902897589028976,0.2619047619047619,0.5762870258475363,2.7472424000006868,0.002024300003540702
222,Bank Marketing,8,RandomFuzzyRules__threshold__0_5,40690,4521,16,47,0.8902897589028976,0.2619047619047619,0.6062297089453008,1.797067200008314,0.002852699995855801
222,Bank Marketing,8,RandomFuzzyRules__threshold__0_6,40690,4521,16,47,0.8902897589028976,0.2619047619047619,0.5762870258475363,2.7314136999921175,0.002330300005269237
222,Bank Marketing,8,RandomFuzzyRules__threshold__0_7,40690,4521,16,47,0.88940499889405,0.24471299093655588,0.5762169423913991,2.762562899995828,0.0022570000000996515
222,Bank Marketing,8,RandomFuzzyRules__threshold__0_8,40690,4521,16,47,0.8942711789427118,0.39646464646464646,0.7747406438586057,2.9702943000011146,0.0029944999987492338
222,Bank Marketing,8,RandomFuzzyRules__threshold__0_9,40690,4521,16,47,0.8902897589028976,0.2619047619047619,0.5785176212538499,2.7239628999959677,0.0024105000047711655
222,Bank Marketing,9,RandomFuzzyRules__threshold__0_1,40690,4521,16,47,0.8951559389515594,0.30903790087463556,0.5845765254516595,2.6926687999948626,0.002330700008315034
222,Bank Marketing,9,RandomFuzzyRules__threshold__0_2,40690,4521,16,47,0.8949347489493474,0.30453879941434847,0.5845765254516595,2.7170837000012398,0.002812399994581938
222,Bank Marketing,9,RandomFuzzyRules__threshold__0_3,40690,4521,16,47,0.8947135589471356,0.3020527859237537,0.5845765254516595,2.6896421999990707,0.002740399999311194
222,Bank Marketing,9,RandomFuzzyRules__threshold__0_4,40690,4521,16,47,0.8947135589471356,0.3020527859237537,0.5845765254516595,2.7223640000011073,0.002863800007617101
222,Bank Marketing,9,RandomFuzzyRules__threshold__0_5,40690,4521,16,47,0.8947135589471356,0.3020527859237537,0.623398971856757,2.2678291000047466,0.002986599996802397
222,Bank Marketing,9,RandomFuzzyRules__threshold__0_6,40690,4521,16,47,0.8947135589471356,0.3020527859237537,0.591090972114361,2.7239830000035,0.0023224000033224
222,Bank Marketing,9,RandomFuzzyRules__threshold__0_7,40690,4521,16,47,0.8949347489493474,0.29420505200594355,0.5911558466649746,2.9245196999982,0.001959999994141981
222,Bank Marketing,9,RandomFuzzyRules__threshold__0_8,40690,4521,16,47,0.8947135589471356,0.3020527859237537,0.5965617435248568,2.766096999999718,0.0028227000002516434
222,Bank Marketing,9,RandomFuzzyRules__threshold__0_9,40690,4521,16,47,0.8947135589471356,0.3020527859237537,0.5965617435248568,2.7472053000092274,0.0026556999946478754
222,Bank Marketing,10,RandomFuzzyRules__threshold__0_1,40690,4521,16,47,0.893607608936076,0.3157894736842105,0.5958646972584108,2.7663742000004277,0.002038099992205389
222,Bank Marketing,10,RandomFuzzyRules__threshold__0_2,40690,4521,16,47,0.893607608936076,0.31383737517831667,0.5958646972584108,2.896530999991228,0.002866299997549504
222,Bank Marketing,10,RandomFuzzyRules__threshold__0_3,40690,4521,16,47,0.8929440389294404,0.30659025787965616,0.5935554947323759,2.7437126000004355,0.0027569000085350126
222,Bank Marketing,10,RandomFuzzyRules__threshold__0_4,40690,4521,16,47,0.8929440389294404,0.30659025787965616,0.5935554947323759,2.738518900005147,0.0022080000053392723
222,Bank Marketing,10,RandomFuzzyRules__threshold__0_5,40690,4521,16,47,0.8929440389294404,0.30659025787965616,0.5935554947323759,1.8346879000018816,0.0029864999960409477
222,Bank Marketing,10,RandomFuzzyRules__threshold__0_6,40690,4521,16,47,0.8929440389294404,0.30659025787965616,0.5935554947323759,2.7327067000005627,0.0029823000077158213
222,Bank Marketing,10,RandomFuzzyRules__threshold__0_7,40690,4521,16,47,0.8944923689449237,0.3116883116883117,0.5964769804258802,2.791203900007531,0.002155900001525879
222,Bank Marketing,10,RandomFuzzyRules__threshold__0_8,40690,4521,16,47,0.891616898916169,0.4024390243902439,0.7689819620337082,2.7161109000007855,0.002312199998414144
222,Bank Marketing,10,RandomFuzzyRules__threshold__0_9,40690,4521,16,47,0.893607608936076,0.31383737517831667,0.6022797011792963,2.759822100008023,0.002960099998745136
225,ILPD (Indian Liver Patient Dataset),1,RandomFuzzyRules__threshold__0_1,524,59,10,11,0.6949152542372882,0.18181818181818182,0.5700280112044818,0.06258860000525601,0.00038129999302327633
225,ILPD (Indian Liver Patient Dataset),1,RandomFuzzyRules__threshold__0_2,524,59,10,11,0.6949152542372882,0.0,0.42016806722689076,0.0731169999926351,0.0003778000100282952
225,ILPD (Indian Liver Patient Dataset),1,RandomFuzzyRules__threshold__0_3,524,59,10,11,0.7288135593220338,0.2727272727272727,0.5917366946778712,0.0638327000051504,0.00038610000046901405
225,ILPD (Indian Liver Patient Dataset),1,RandomFuzzyRules__threshold__0_4,524,59,10,11,0.7288135593220338,0.2,0.572829131652661,0.06418319999647792,0.0003895999980159104
225,ILPD (Indian Liver Patient Dataset),1,RandomFuzzyRules__threshold__0_5,524,59,10,11,0.6949152542372882,0.1,0.5490196078431373,0.05270020000170916,0.00036779999209102243
225,ILPD (Indian Liver Patient Dataset),1,RandomFuzzyRules__threshold__0_6,524,59,10,11,0.7288135593220338,0.2,0.6190476190476191,0.06337199998961296,0.0003964000061387196
225,ILPD (Indian Liver Patient Dataset),1,RandomFuzzyRules__threshold__0_7,524,59,10,11,0.711864406779661,0.10526315789473684,0.5364145658263305,0.06311679999635089,0.0003825000021606684
225,ILPD (Indian Liver Patient Dataset),1,RandomFuzzyRules__threshold__0_8,524,59,10,11,0.7627118644067796,0.36363636363636365,0.6792717086834734,0.06836910000129137,0.00039500001003034413
225,ILPD (Indian Liver Patient Dataset),1,RandomFuzzyRules__threshold__0_9,524,59,10,11,0.6949152542372882,0.0,0.46218487394957986,0.06722149999404792,0.00039879999530967325
225,ILPD (Indian Liver Patient Dataset),2,RandomFuzzyRules__threshold__0_1,524,59,10,11,0.711864406779661,0.0,0.5840336134453782,0.06321659999957774,0.0003524000057950616
225,ILPD (Indian Liver Patient Dataset),2,RandomFuzzyRules__threshold__0_2,524,59,10,11,0.6610169491525424,0.0,0.5882352941176471,0.06090389999735635,0.0003887999919243157
225,ILPD (Indian Liver Patient Dataset),2,RandomFuzzyRules__threshold__0_3,524,59,10,11,0.711864406779661,0.19047619047619047,0.6820728291316527,0.06436229999235366,0.0003711000026669353
225,ILPD (Indian Liver Patient Dataset),2,RandomFuzzyRules__threshold__0_4,524,59,10,11,0.6779661016949152,0.09523809523809523,0.6764705882352942,0.06403999999747612,0.0003769999893847853
225,ILPD (Indian Liver Patient Dataset),2,RandomFuzzyRules__threshold__0_5,524,59,10,11,0.6779661016949152,0.0,0.5028011204481793,0.05485469999257475,0.00040299999818671495
225,ILPD (Indian Liver Patient Dataset),2,RandomFuzzyRules__threshold__0_6,524,59,10,11,0.711864406779661,0.19047619047619047,0.6932773109243697,0.06277169998793397,0.0004172000044491142
225,ILPD (Indian Liver Patient Dataset),2,RandomFuzzyRules__threshold__0_7,524,59,10,11,0.711864406779661,0.0,0.5224089635854342,0.06656999999540858,0.0003876000118907541
225,ILPD (Indian Liver Patient Dataset),2,RandomFuzzyRules__threshold__0_8,524,59,10,11,0.7457627118644068,0.21052631578947367,0.6680672268907563,0.08170320000499487,0.00038830000266898423
225,ILPD (Indian Liver Patient Dataset),2,RandomFuzzyRules__threshold__0_9,524,59,10,11,0.6779661016949152,0.17391304347826086,0.6442577030812325,0.06500029999006074,0.00037980001070536673
225,ILPD (Indian Liver Patient Dataset),3,RandomFuzzyRules__threshold__0_1,524,59,10,11,0.711864406779661,0.0,0.5532212885154062,0.06938040000386536,0.0003964000061387196
225,ILPD (Indian Liver Patient Dataset),3,RandomFuzzyRules__threshold__0_2,524,59,10,11,0.6949152542372882,0.0,0.3529411764705883,0.06369049999921117,0.0003736000071512535
225,ILPD (Indian Liver Patient Dataset),3,RandomFuzzyRules__threshold__0_3,524,59,10,11,0.6949152542372882,0.0,0.3165266106442577,0.06472349999239668,0.00038189999759197235
225,ILPD (Indian Liver Patient Dataset),3,RandomFuzzyRules__threshold__0_4,524,59,10,11,0.711864406779661,0.0,0.8571428571428572,0.06544200000644196,0.00039089999336283654
225,ILPD (Indian Liver Patient Dataset),3,RandomFuzzyRules__threshold__0_5,524,59,10,11,0.711864406779661,0.0,0.6554621848739496,0.052677600004244596,0.00036779999209102243
225,ILPD (Indian Liver Patient Dataset),3,RandomFuzzyRules__threshold__0_6,524,59,10,11,0.7627118644067796,0.36363636363636365,0.7913165266106442,0.06617979999282397,0.0003980000037699938
225,ILPD (Indian Liver Patient Dataset),3,RandomFuzzyRules__threshold__0_7,524,59,10,11,0.7288135593220338,0.1111111111111111,0.6134453781512604,0.06604420000803657,0.0003834999952232465
225,ILPD (Indian Liver Patient Dataset),3,RandomFuzzyRules__threshold__0_8,524,59,10,11,0.7457627118644068,0.4,0.6932773109243697,0.07011279999278486,0.0003932999970857054
225,ILPD (Indian Liver Patient Dataset),3,RandomFuzzyRules__threshold__0_9,524,59,10,11,0.6949152542372882,0.0,0.530812324929972,0.08176410000305623,0.0004152999899815768
225,ILPD (Indian Liver Patient Dataset),4,RandomFuzzyRules__threshold__0_1,525,58,10,11,0.7241379310344828,0.0,0.6413690476190477,0.06290839999564923,0.0003634000022429973
225,ILPD (Indian Liver Patient Dataset),4,RandomFuzzyRules__threshold__0_2,525,58,10,11,0.7241379310344828,0.0,0.6755952380952381,0.06937240000115708,0.0003910000086762011
225,ILPD (Indian Liver Patient Dataset),4,RandomFuzzyRules__threshold__0_3,525,58,10,11,0.7068965517241379,0.0,0.46949404761904756,0.06419229999301024,0.00039429999014828354
225,ILPD (Indian Liver Patient Dataset),4,RandomFuzzyRules__threshold__0_4,525,58,10,11,0.7241379310344828,0.0,0.6934523809523809,0.06306320001021959,0.0003823000006377697
225,ILPD (Indian Liver Patient Dataset),4,RandomFuzzyRules__threshold__0_5,525,58,10,11,0.7241379310344828,0.0,0.6116071428571429,0.05290549999335781,0.0004084000102011487
225,ILPD (Indian Liver Patient Dataset),4,RandomFuzzyRules__threshold__0_6,525,58,10,11,0.7413793103448276,0.11764705882352941,0.5982142857142857,0.06431780000275467,0.0003041000018129125
225,ILPD (Indian Liver Patient Dataset),4,RandomFuzzyRules__threshold__0_7,525,58,10,11,0.7068965517241379,0.0,0.46354166666666674,0.06394480000017211,0.00028649999876506627
225,ILPD (Indian Liver Patient Dataset),4,RandomFuzzyRules__threshold__0_8,525,58,10,11,0.7241379310344828,0.2,0.6145833333333334,0.06595139999990351,0.00038579999818466604
225,ILPD (Indian Liver Patient Dataset),4,RandomFuzzyRules__threshold__0_9,525,58,10,11,0.7068965517241379,0.0,0.5111607142857144,0.0639143000007607,0.0003741000109585002
225,ILPD (Indian Liver Patient Dataset),5,RandomFuzzyRules__threshold__0_1,525,58,10,11,0.7068965517241379,0.0,0.4851190476190476,0.064671800006181,0.00036249999538995326
225,ILPD (Indian Liver Patient Dataset),5,RandomFuzzyRules__threshold__0_2,525,58,10,11,0.7068965517241379,0.0,0.7232142857142858,0.06083020000369288,0.0002855000057024881
225,ILPD (Indian Liver Patient Dataset),5,RandomFuzzyRules__threshold__0_3,525,58,10,11,0.6724137931034483,0.0,0.6428571428571428,0.09044810000341386,0.0003632000007200986
225,ILPD (Indian Liver Patient Dataset),5,RandomFuzzyRules__threshold__0_4,525,58,10,11,0.7068965517241379,0.0,0.6875,0.09300980000989512,0.0003797999961534515
225,ILPD (Indian Liver Patient Dataset),5,RandomFuzzyRules__threshold__0_5,525,58,10,11,0.6724137931034483,0.0,0.6279761904761905,0.048893600003793836,0.00036709998676087707
225,ILPD (Indian Liver Patient Dataset),5,RandomFuzzyRules__threshold__0_6,525,58,10,11,0.7758620689655172,0.3157894736842105,0.7440476190476191,0.0613147999974899,0.00037480000173673034
225,ILPD (Indian Liver Patient Dataset),5,RandomFuzzyRules__threshold__0_7,525,58,10,11,0.7586206896551724,0.2222222222222222,0.6540178571428572,0.0893833000009181,0.0004042999935336411
225,ILPD (Indian Liver Patient Dataset),5,RandomFuzzyRules__threshold__0_8,525,58,10,11,0.7241379310344828,0.1111111111111111,0.7232142857142858,0.06744610000168905,0.00038579999818466604
225,ILPD (Indian Liver Patient Dataset),5,RandomFuzzyRules__threshold__0_9,525,58,10,11,0.7586206896551724,0.3,0.7514880952380952,0.06543800000508782,0.0004133000038564205
225,ILPD (Indian Liver Patient Dataset),6,RandomFuzzyRules__threshold__0_1,525,58,10,11,0.7068965517241379,0.0,0.44791666666666663,0.06451880000531673,0.00040269999590236694
225,ILPD (Indian Liver Patient Dataset),6,RandomFuzzyRules__threshold__0_2,525,58,10,11,0.7068965517241379,0.10526315789473684,0.5290178571428572,0.06627840000146534,0.0004167000006418675
225,ILPD (Indian Liver Patient Dataset),6,RandomFuzzyRules__threshold__0_3,525,58,10,11,0.7241379310344828,0.0,0.3474702380952381,0.08699769999657292,0.0002773000014713034
225,ILPD (Indian Liver Patient Dataset),6,RandomFuzzyRules__threshold__0_4,525,58,10,11,0.7241379310344828,0.1111111111111111,0.5863095238095238,0.09849859999667387,0.0003963000053772703
225,ILPD (Indian Liver Patient Dataset),6,RandomFuzzyRules__threshold__0_5,525,58,10,11,0.6724137931034483,0.09523809523809523,0.43601190476190477,0.07041439999011345,0.0002803000097628683
225,ILPD (Indian Liver Patient Dataset),6,RandomFuzzyRules__threshold__0_6,525,58,10,11,0.7241379310344828,0.1111111111111111,0.6428571428571429,0.09656459999678191,0.00039739999920129776
225,ILPD (Indian Liver Patient Dataset),6,RandomFuzzyRules__threshold__0_7,525,58,10,11,0.6206896551724138,0.3125,0.5922619047619048,0.05981690000044182,0.00029320000612642616
225,ILPD (Indian Liver Patient Dataset),6,RandomFuzzyRules__threshold__0_8,525,58,10,11,0.7241379310344828,0.2,0.7142857142857143,0.10102499999629799,0.00041369999235030264
225,ILPD (Indian Liver Patient Dataset),6,RandomFuzzyRules__threshold__0_9,525,58,10,11,0.7068965517241379,0.19047619047619047,0.6294642857142858,0.06401270000787918,0.00027459999546408653
225,ILPD (Indian Liver Patient Dataset),7,RandomFuzzyRules__threshold__0_1,525,58,10,11,0.6896551724137931,0.0,0.5911047345767576,0.09184979999554344,0.00029149999318178743
225,ILPD (Indian Liver Patient Dataset),7,RandomFuzzyRules__threshold__0_2,525,58,10,11,0.7068965517241379,0.10526315789473684,0.6700143472022956,0.06353780000063125,0.0004101000085938722
225,ILPD (Indian Liver Patient Dataset),7,RandomFuzzyRules__threshold__0_3,525,58,10,11,0.7241379310344828,0.1111111111111111,0.6807747489239598,0.06231020000996068,0.0002860999957192689
225,ILPD (Indian Liver Patient Dataset),7,RandomFuzzyRules__threshold__0_4,525,58,10,11,0.6896551724137931,0.0,0.6700143472022956,0.06916259998979513,0.00038440000207629055
225,ILPD (Indian Liver Patient Dataset),7,RandomFuzzyRules__threshold__0_5,525,58,10,11,0.6724137931034483,0.09523809523809523,0.46915351506456243,0.05519239998830017,0.0003800999984377995
225,ILPD (Indian Liver Patient Dataset),7,RandomFuzzyRules__threshold__0_6,525,58,10,11,0.7068965517241379,0.41379310344827586,0.6800573888091822,0.06398720000288449,0.00038359999598469585
225,ILPD (Indian Liver Patient Dataset),7,RandomFuzzyRules__threshold__0_7,525,58,10,11,0.6896551724137931,0.0,0.5143472022955523,0.0636374000023352,0.00038479999057017267
225,ILPD (Indian Liver Patient Dataset),7,RandomFuzzyRules__threshold__0_8,525,58,10,11,0.7068965517241379,0.41379310344827586,0.7431850789096126,0.06648069999937434,0.00037429999792948365
225,ILPD (Indian Liver Patient Dataset),7,RandomFuzzyRules__threshold__0_9,525,58,10,11,0.6724137931034483,0.24,0.5279770444763272,0.065270099992631,0.0003552999987732619
225,ILPD (Indian Liver Patient Dataset),8,RandomFuzzyRules__threshold__0_1,525,58,10,11,0.6551724137931034,0.09090909090909091,0.43830703012912486,0.06365489999006968,0.0003854000096907839
225,ILPD (Indian Liver Patient Dataset),8,RandomFuzzyRules__threshold__0_2,525,58,10,11,0.6551724137931034,0.0,0.4691535150645624,0.06448340001225006,0.0003600999916670844
225,ILPD (Indian Liver Patient Dataset),8,RandomFuzzyRules__threshold__0_3,525,58,10,11,0.6551724137931034,0.0,0.4131994261119082,0.06672839999373537,0.0003978000022470951
225,ILPD (Indian Liver Patient Dataset),8,RandomFuzzyRules__threshold__0_4,525,58,10,11,0.6551724137931034,0.0,0.4648493543758967,0.06387159999576397,0.00039429999014828354
225,ILPD (Indian Liver Patient Dataset),8,RandomFuzzyRules__threshold__0_5,525,58,10,11,0.6551724137931034,0.0,0.4763271162123386,0.052789000008488074,0.0004002999921794981
225,ILPD (Indian Liver Patient Dataset),8,RandomFuzzyRules__threshold__0_6,525,58,10,11,0.6896551724137931,0.18181818181818182,0.569583931133429,0.06486850000510458,0.00034149999555666
225,ILPD (Indian Liver Patient Dataset),8,RandomFuzzyRules__threshold__0_7,525,58,10,11,0.6551724137931034,0.0,0.5014347202295553,0.06400969999958761,0.0005381999944802374
225,ILPD (Indian Liver Patient Dataset),8,RandomFuzzyRules__threshold__0_8,525,58,10,11,0.6551724137931034,0.23076923076923078,0.5896700143472022,0.06519799999659881,0.0003863000019919127
225,ILPD (Indian Liver Patient Dataset),8,RandomFuzzyRules__threshold__0_9,525,58,10,11,0.6724137931034483,0.17391304347826086,0.5466284074605452,0.06518169998889789,0.00040299999818671495
225,ILPD (Indian Liver Patient Dataset),9,RandomFuzzyRules__threshold__0_1,525,58,10,11,0.7068965517241379,0.0,0.4763271162123386,0.06320850001065992,0.0003833999944617972
225,ILPD (Indian Liver Patient Dataset),9,RandomFuzzyRules__threshold__0_2,525,58,10,11,0.6896551724137931,0.0,0.7747489239598278,0.0665759999974398,0.0003939000016544014
225,ILPD (Indian Liver Patient Dataset),9,RandomFuzzyRules__threshold__0_3,525,58,10,11,0.7068965517241379,0.0,0.44619799139167865,0.06612180000229273,0.0003888000064762309
225,ILPD (Indian Liver Patient Dataset),9,RandomFuzzyRules__threshold__0_4,525,58,10,11,0.7068965517241379,0.0,0.7589670014347202,0.06227999999828171,0.00039659999310970306
225,ILPD (Indian Liver Patient Dataset),9,RandomFuzzyRules__threshold__0_5,525,58,10,11,0.6896551724137931,0.0,0.6800573888091822,0.056208399997558445,0.00038380001205950975
225,ILPD (Indian Liver Patient Dataset),9,RandomFuzzyRules__threshold__0_6,525,58,10,11,0.7413793103448276,0.34782608695652173,0.7417503586800573,0.07821269999840297,0.0004079999926034361
225,ILPD (Indian Liver Patient Dataset),9,RandomFuzzyRules__threshold__0_7,525,58,10,11,0.7413793103448276,0.21052631578947367,0.5781922525107603,0.07319019999704324,0.00040299999818671495
225,ILPD (Indian Liver Patient Dataset),9,RandomFuzzyRules__threshold__0_8,525,58,10,11,0.7241379310344828,0.38461538461538464,0.7589670014347203,0.06504289999429602,0.00036330000148154795
225,ILPD (Indian Liver Patient Dataset),9,RandomFuzzyRules__threshold__0_9,525,58,10,11,0.7068965517241379,0.0,0.5954088952654233,0.06497450001188554,0.00037689998862333596
225,ILPD (Indian Liver Patient Dataset),10,RandomFuzzyRules__threshold__0_1,525,58,10,11,0.6896551724137931,0.0,0.5494978479196556,0.0634559000027366,0.0003738999948836863
225,ILPD (Indian Liver Patient Dataset),10,RandomFuzzyRules__threshold__0_2,525,58,10,11,0.6379310344827587,0.0,0.5588235294117648,0.06412890000501648,0.00040499999886378646
225,ILPD (Indian Liver Patient Dataset),10,RandomFuzzyRules__threshold__0_3,525,58,10,11,0.7068965517241379,0.10526315789473684,0.5193687230989957,0.06586019998940174,0.00037340000562835485
225,ILPD (Indian Liver Patient Dataset),10,RandomFuzzyRules__threshold__0_4,525,58,10,11,0.7068965517241379,0.0,0.5581061692969871,0.06350530000054277,0.000385499995900318
225,ILPD (Indian Liver Patient Dataset),10,RandomFuzzyRules__threshold__0_5,525,58,10,11,0.7068965517241379,0.10526315789473684,0.6212338593974175,0.05256840000220109,0.0003910000086762011
225,ILPD (Indian Liver Patient Dataset),10,RandomFuzzyRules__threshold__0_6,525,58,10,11,0.7413793103448276,0.21052631578947367,0.6183644189383071,0.06398560000525322,0.00039730001299176365
225,ILPD (Indian Liver Patient Dataset),10,RandomFuzzyRules__threshold__0_7,525,58,10,11,0.7068965517241379,0.19047619047619047,0.599713055954089,0.06618100000196137,0.0004065999964950606
225,ILPD (Indian Liver Patient Dataset),10,RandomFuzzyRules__threshold__0_8,525,58,10,11,0.6724137931034483,0.24,0.6657101865136299,0.07083539999439381,0.0003929000085918233
225,ILPD (Indian Liver Patient Dataset),10,RandomFuzzyRules__threshold__0_9,525,58,10,11,0.6551724137931034,0.09090909090909091,0.5968436154949786,0.06449760000396054,0.00038270000368356705
264,EEG Eye State,1,RandomFuzzyRules__threshold__0_1,13482,1498,14,14,0.5834445927903872,0.3375796178343949,0.5666472097313502,0.6846725000068545,0.0006416999967768788
264,EEG Eye State,1,RandomFuzzyRules__threshold__0_2,13482,1498,14,14,0.5914552736982643,0.3867735470941884,0.5988790643375994,0.6951785999990534,0.0006360999977914616
264,EEG Eye State,1,RandomFuzzyRules__threshold__0_3,13482,1498,14,14,0.5727636849132176,0.23076923076923078,0.5995672633460163,0.701720099998056,0.0006584999937331304
264,EEG Eye State,1,RandomFuzzyRules__threshold__0_4,13482,1498,14,14,0.5827770360480641,0.3228602383531961,0.5851511155309581,0.7033050000027288,0.0006192000000737607
264,EEG Eye State,1,RandomFuzzyRules__threshold__0_5,13482,1498,14,14,0.5947930574098799,0.44868301544050865,0.6301038423844114,0.38513669998792466,0.0006419000128516927
264,EEG Eye State,1,RandomFuzzyRules__threshold__0_6,13482,1498,14,14,0.5674232309746329,0.14058355437665782,0.5766260953533956,0.7357757999998285,0.0006776999944122508
264,EEG Eye State,1,RandomFuzzyRules__threshold__0_7,13482,1498,14,14,0.5527369826435247,0.37732342007434944,0.5886317450709098,0.7411890999937896,0.0006461000011768192
264,EEG Eye State,1,RandomFuzzyRules__threshold__0_8,13482,1498,14,14,0.5861148197596796,0.3390191897654584,0.5992727069641416,0.7152192999928957,0.0004819000023417175
264,EEG Eye State,1,RandomFuzzyRules__threshold__0_9,13482,1498,14,14,0.5567423230974633,0.10512129380053908,0.5500763864867981,0.7146396000025561,0.0007028999971225858
264,EEG Eye State,2,RandomFuzzyRules__threshold__0_1,13482,1498,14,14,0.5727636849132176,0.3118279569892473,0.5285836792344056,0.7487084000022151,0.000672199996188283
264,EEG Eye State,2,RandomFuzzyRules__threshold__0_2,13482,1498,14,14,0.5874499332443258,0.20565552699228792,0.5070819641415888,0.7329266000015195,0.0006615000020246953
264,EEG Eye State,2,RandomFuzzyRules__threshold__0_3,13482,1498,14,14,0.5947930574098799,0.2833530106257379,0.5155817623659633,0.7300763000093866,0.0006199999916134402
264,EEG Eye State,2,RandomFuzzyRules__threshold__0_4,13482,1498,14,14,0.5714285714285714,0.2975929978118162,0.5690658148852761,0.7419189000065671,0.000628800000413321
264,EEG Eye State,2,RandomFuzzyRules__threshold__0_5,13482,1498,14,14,0.5874499332443258,0.22556390977443608,0.4846848697105961,0.48357409999880474,0.0005086999881314114
264,EEG Eye State,2,RandomFuzzyRules__threshold__0_6,13482,1498,14,14,0.5807743658210948,0.36947791164658633,0.5198893116568661,0.8159844000037992,0.0006953999982215464
264,EEG Eye State,2,RandomFuzzyRules__threshold__0_7,13482,1498,14,14,0.5834445927903872,0.20610687022900764,0.5069918857373458,0.7308933999884175,0.0006417000113287941
264,EEG Eye State,2,RandomFuzzyRules__threshold__0_8,13482,1498,14,14,0.5714285714285714,0.15968586387434555,0.5157439034936008,0.7280744000017876,0.0005023999983677641
264,EEG Eye State,2,RandomFuzzyRules__threshold__0_9,13482,1498,14,14,0.5567423230974633,0.059490084985835696,0.4942836244667358,0.9559177000046475,0.0005702000053133816
264,EEG Eye State,3,RandomFuzzyRules__threshold__0_1,13482,1498,14,14,0.5807743658210948,0.34309623430962344,0.6022443935201199,0.7873587999929441,0.0007402000046567991
264,EEG Eye State,3,RandomFuzzyRules__threshold__0_2,13482,1498,14,14,0.5634178905206942,0.08403361344537816,0.5793906015796149,0.7433008999942103,0.000592500000493601
264,EEG Eye State,3,RandomFuzzyRules__threshold__0_3,13482,1498,14,14,0.5774365821094793,0.4403183023872679,0.5753235616280411,0.7233592999982648,0.0004648000031011179
264,EEG Eye State,3,RandomFuzzyRules__threshold__0_4,13482,1498,14,14,0.5747663551401869,0.12859097127222982,0.5718050991583074,0.8972009999997681,0.0005742999928770587
264,EEG Eye State,3,RandomFuzzyRules__threshold__0_5,13482,1498,14,14,0.5794392523364486,0.3269230769230769,0.5704935575925286,0.3947679999982938,0.0005469000025186688
264,EEG Eye State,3,RandomFuzzyRules__threshold__0_6,13482,1498,14,14,0.5540720961281709,0.12335958005249344,0.509427605788078,0.8785886999976356,0.00041939999209716916
264,EEG Eye State,3,RandomFuzzyRules__threshold__0_7,13482,1498,14,14,0.5747663551401869,0.16073781291172595,0.5956902888273954,0.7277127999986988,0.00046720000682398677
264,EEG Eye State,3,RandomFuzzyRules__threshold__0_8,13482,1498,14,14,0.5654205607476636,0.13315579227696406,0.5865905684307621,0.7239999000012176,0.0006670000002486631
264,EEG Eye State,3,RandomFuzzyRules__threshold__0_9,13482,1498,14,14,0.5594125500667557,0.15384615384615385,0.4991622708405396,0.7512378999963403,0.0006537000008393079
264,EEG Eye State,4,RandomFuzzyRules__threshold__0_1,13482,1498,14,14,0.5861148197596796,0.3487394957983193,0.6224868125216189,0.7278675999987172,0.0006409000052371994
264,EEG Eye State,4,RandomFuzzyRules__threshold__0_2,13482,1498,14,14,0.5720961281708945,0.14647137150466044,0.5775863311426266,0.743491900007939,0.0006496999994851649
264,EEG Eye State,4,RandomFuzzyRules__threshold__0_3,13482,1498,14,14,0.5781041388518025,0.424408014571949,0.5661932145739652,0.746618800010765,0.000548899988643825
264,EEG Eye State,4,RandomFuzzyRules__threshold__0_4,13482,1498,14,14,0.5827770360480641,0.14733969986357434,0.5972954859910066,0.7720898000115994,0.0006836000102339312
264,EEG Eye State,4,RandomFuzzyRules__threshold__0_5,13482,1498,14,14,0.5801068090787717,0.32292787944025836,0.5651410988124064,0.4378782999992836,0.0005143999878782779
264,EEG Eye State,4,RandomFuzzyRules__threshold__0_6,13482,1498,14,14,0.5600801068090788,0.12250332889480692,0.5421152571197971,0.7350995000015246,0.0005498999962583184
264,EEG Eye State,4,RandomFuzzyRules__threshold__0_7,13482,1498,14,14,0.57543391188251,0.1497326203208556,0.6165848754756139,0.7427053999999771,0.0005356000037863851
264,EEG Eye State,4,RandomFuzzyRules__threshold__0_8,13482,1498,14,14,0.5707610146862483,0.1251700680272109,0.5931338637149774,0.7474359000043478,0.0005646000063279644
264,EEG Eye State,4,RandomFuzzyRules__threshold__0_9,13482,1498,14,14,0.5580774365821095,0.15128205128205127,0.5369753833736884,0.7458095000038156,0.0006907999922987074
264,EEG Eye State,5,RandomFuzzyRules__threshold__0_1,13482,1498,14,14,0.5927903871829105,0.375,0.6107000533264153,0.7400358000013512,0.000644200001261197
264,EEG Eye State,5,RandomFuzzyRules__threshold__0_2,13482,1498,14,14,0.5801068090787717,0.16245006657789615,0.5912629352588493,0.7521467999904417,0.000641100006760098
264,EEG Eye State,5,RandomFuzzyRules__threshold__0_3,13482,1498,14,14,0.5720961281708945,0.4188576609247507,0.583326127060994,0.7360703000013018,0.0005024999991292134
264,EEG Eye State,5,RandomFuzzyRules__threshold__0_4,13482,1498,14,14,0.5767690253671562,0.1362397820163488,0.600830162573504,0.7528465000068536,0.0006966000073589385
264,EEG Eye State,5,RandomFuzzyRules__threshold__0_5,13482,1498,14,14,0.5887850467289719,0.3404710920770878,0.5804346102847919,0.4185873999958858,0.0006867000047350302
264,EEG Eye State,5,RandomFuzzyRules__threshold__0_6,13482,1498,14,14,0.5627503337783711,0.1482444733420026,0.5315328461893232,0.7804728999908548,0.0005415999912656844
264,EEG Eye State,5,RandomFuzzyRules__threshold__0_7,13482,1498,14,14,0.5807743658210948,0.16710875331564987,0.6094848956531764,0.7629294999933336,0.000720500000170432
264,EEG Eye State,5,RandomFuzzyRules__threshold__0_8,13482,1498,14,14,0.57543391188251,0.14285714285714285,0.5893361581920904,0.7516314000095008,0.0006582999922102317
264,EEG Eye State,5,RandomFuzzyRules__threshold__0_9,13482,1498,14,14,0.5594125500667557,0.14728682170542637,0.521705292286406,0.7422402999945916,0.0007387999939965084
264,EEG Eye State,6,RandomFuzzyRules__threshold__0_1,13482,1498,14,14,0.5687583444592791,0.3053763440860215,0.5819082929782082,0.7335752000071807,0.0006216000037966296
264,EEG Eye State,6,RandomFuzzyRules__threshold__0_2,13482,1498,14,14,0.5647530040053405,0.11413043478260869,0.5538128386947999,0.7405747999873711,0.0006283000111579895
264,EEG Eye State,6,RandomFuzzyRules__threshold__0_3,13482,1498,14,14,0.5627503337783711,0.3872778297474275,0.5529985299204427,0.731615899989265,0.0004596999933710322
264,EEG Eye State,6,RandomFuzzyRules__threshold__0_4,13482,1498,14,14,0.5667556742323098,0.10973936899862825,0.5485450536146662,0.8996558999933768,0.0006623999943258241
264,EEG Eye State,6,RandomFuzzyRules__threshold__0_5,13482,1498,14,14,0.5761014686248331,0.3029637760702525,0.5517158134440217,0.4147780000057537,0.0006391999922925606
264,EEG Eye State,6,RandomFuzzyRules__threshold__0_6,13482,1498,14,14,0.554739652870494,0.1118508655126498,0.520579312233368,0.7311695000098553,0.000643599996692501
264,EEG Eye State,6,RandomFuzzyRules__threshold__0_7,13482,1498,14,14,0.5647530040053405,0.13066666666666665,0.5742083909835121,0.7470600999949966,0.0006754999922122806
264,EEG Eye State,6,RandomFuzzyRules__threshold__0_8,13482,1498,14,14,0.5594125500667557,0.10810810810810811,0.5687136083246858,0.7466554999991786,0.0005740000051446259
264,EEG Eye State,6,RandomFuzzyRules__threshold__0_9,13482,1498,14,14,0.5534045393858478,0.14559386973180077,0.5198172489334717,0.7465965999872424,0.0006059000006644055
264,EEG Eye State,7,RandomFuzzyRules__threshold__0_1,13482,1498,14,14,0.5647530040053405,0.3049040511727079,0.5841827726853452,0.7465373000013642,0.0005839000077685341
264,EEG Eye State,7,RandomFuzzyRules__threshold__0_2,13482,1498,14,14,0.5594125500667557,0.11528150134048257,0.568580292286406,0.7468112000060501,0.0007076000038068742
264,EEG Eye State,7,RandomFuzzyRules__threshold__0_3,13482,1498,14,14,0.562082777036048,0.4305555555555556,0.5662526663207657,0.744600599995465,0.000717400005669333
264,EEG Eye State,7,RandomFuzzyRules__threshold__0_4,13482,1498,14,14,0.5667556742323098,0.09735744089012517,0.5775827280064569,0.7546035999985179,0.0006146000087028369
264,EEG Eye State,7,RandomFuzzyRules__threshold__0_5,13482,1498,14,14,0.5627503337783711,0.3295803480040942,0.5639286434912948,0.4122748999943724,0.0006754999922122806
264,EEG Eye State,7,RandomFuzzyRules__threshold__0_6,13482,1498,14,14,0.5654205607476636,0.15123859191655803,0.5404758301625735,0.7631850000034319,0.0006614000012632459
264,EEG Eye State,7,RandomFuzzyRules__threshold__0_7,13482,1498,14,14,0.568090787716956,0.1407702523240372,0.5831279545716592,0.752930299990112,0.0007387999939965084
264,EEG Eye State,7,RandomFuzzyRules__threshold__0_8,13482,1498,14,14,0.5607476635514018,0.12266666666666666,0.5698485962181483,0.7436554000014439,0.000636800003121607
264,EEG Eye State,7,RandomFuzzyRules__threshold__0_9,13482,1498,14,14,0.5647530040053405,0.15979381443298968,0.5304086677043698,0.750282100008917,0.0007476999890059233
264,EEG Eye State,8,RandomFuzzyRules__threshold__0_1,13482,1498,14,14,0.5801068090787717,0.5405405405405406,0.6205268134540052,0.7420015999960015,0.0006542000046465546
264,EEG Eye State,8,RandomFuzzyRules__threshold__0_2,13482,1498,14,14,0.5874499332443258,0.47892074198988194,0.581351704264037,0.7525177000061376,0.0007321000011870638
264,EEG Eye State,8,RandomFuzzyRules__threshold__0_3,13482,1498,14,14,0.5874499332443258,0.4319852941176471,0.5914647215092981,0.7399657999922056,0.0004986000130884349
264,EEG Eye State,8,RandomFuzzyRules__threshold__0_4,13482,1498,14,14,0.62283044058745,0.5091225021720244,0.6167301544418929,0.7480871000007028,0.0005772000004071742
264,EEG Eye State,8,RandomFuzzyRules__threshold__0_5,13482,1498,14,14,0.5720961281708945,0.3634558093346574,0.5610302129767211,0.4261980000010226,0.0005392000020947307
264,EEG Eye State,8,RandomFuzzyRules__threshold__0_6,13482,1498,14,14,0.5801068090787717,0.402659069325736,0.5855842226124544,0.7661609000060707,0.0007151000027079135
264,EEG Eye State,8,RandomFuzzyRules__threshold__0_7,13482,1498,14,14,0.5981308411214953,0.2799043062200957,0.6143851591697059,0.7587580999970669,0.0005796000041300431
264,EEG Eye State,8,RandomFuzzyRules__threshold__0_8,13482,1498,14,14,0.5887850467289719,0.5079872204472844,0.5947913008239902,0.7573712000012165,0.0005126000032760203
264,EEG Eye State,8,RandomFuzzyRules__threshold__0_9,13482,1498,14,14,0.5654205607476636,0.2259215219976219,0.5519330001350804,0.9100622999976622,0.0004741000011563301
264,EEG Eye State,9,RandomFuzzyRules__threshold__0_1,13482,1498,14,14,0.5841121495327103,0.3544041450777202,0.616182628664055,0.7587253999954555,0.00038240000139921904
264,EEG Eye State,9,RandomFuzzyRules__threshold__0_2,13482,1498,14,14,0.5687583444592791,0.13866666666666666,0.5728776622090144,0.7554941000125837,0.0006483000033767894
264,EEG Eye State,9,RandomFuzzyRules__threshold__0_3,13482,1498,14,14,0.5554072096128171,0.39454545454545453,0.5322761042820479,0.8914413000020431,0.0007159999950090423
264,EEG Eye State,9,RandomFuzzyRules__threshold__0_4,13482,1498,14,14,0.5781041388518025,0.14130434782608695,0.6159322797064253,0.9093223000090802,0.0007058000046527013
264,EEG Eye State,9,RandomFuzzyRules__threshold__0_5,13482,1498,14,14,0.5694259012016022,0.2996742671009772,0.5287387995857535,0.41812400000344496,0.0006393999938154593
264,EEG Eye State,9,RandomFuzzyRules__threshold__0_6,13482,1498,14,14,0.5720961281708945,0.17076326002587322,0.5647224098338511,0.8471377999958349,0.0005864999984623864
264,EEG Eye State,9,RandomFuzzyRules__threshold__0_7,13482,1498,14,14,0.5734312416555407,0.15364238410596026,0.6143887613129813,0.9216440000018338,0.00071929999103304
264,EEG Eye State,9,RandomFuzzyRules__threshold__0_8,13482,1498,14,14,0.5700934579439252,0.13672922252010725,0.5794587779728939,0.8747625999967568,0.0006541999900946394
264,EEG Eye State,9,RandomFuzzyRules__threshold__0_9,13482,1498,14,14,0.5594125500667557,0.15816326530612246,0.5623395920572741,0.7618948000017554,0.0007912000000942498
264,EEG Eye State,10,RandomFuzzyRules__threshold__0_1,13482,1498,14,14,0.5854472630173565,0.33724653148345785,0.6018515016434778,0.7373545000009472,0.0004885999951511621
264,EEG Eye State,10,RandomFuzzyRules__threshold__0_2,13482,1498,14,14,0.5607476635514018,0.11320754716981132,0.5591012652528254,0.7359062000032282,0.0006449999928008765
264,EEG Eye State,10,RandomFuzzyRules__threshold__0_3,13482,1498,14,14,0.5767690253671562,0.412962962962963,0.5584474762483678,0.7564873999945121,0.0006464000034611672
264,EEG Eye State,10,RandomFuzzyRules__threshold__0_4,13482,1498,14,14,0.5654205607476636,0.08695652173913043,0.5912305821964069,0.8311314999882597,0.0006859999994048849
264,EEG Eye State,10,RandomFuzzyRules__threshold__0_5,13482,1498,14,14,0.5727636849132176,0.31769722814498935,0.5568265117745058,0.41837119999399874,0.0005993000086164102
264,EEG Eye State,10,RandomFuzzyRules__threshold__0_6,13482,1498,14,14,0.5453938584779706,0.08097165991902834,0.5268836957990004,0.7714288999995915,0.0005101999995531514
264,EEG Eye State,10,RandomFuzzyRules__threshold__0_7,13482,1498,14,14,0.5607476635514018,0.11320754716981132,0.5995713449502454,0.775794200002565,0.0006931999960215762
264,EEG Eye State,10,RandomFuzzyRules__threshold__0_8,13482,1498,14,14,0.5594125500667557,0.10810810810810811,0.5830276014228466,0.8628752999939024,0.0005429000011645257
264,EEG Eye State,10,RandomFuzzyRules__threshold__0_9,13482,1498,14,14,0.5600801068090788,0.16476552598225602,0.5419946868386689,0.7560882000107085,0.0007603999983984977
267,Banknote Authentication,1,RandomFuzzyRules__threshold__0_1,1234,138,4,4,0.9565217391304348,0.9482758620689655,0.9929742388758782,0.121126700003515,0.0003826999891316518
267,Banknote Authentication,1,RandomFuzzyRules__threshold__0_2,1234,138,4,4,0.8985507246376812,0.8955223880597015,0.9727485629124974,0.1173685999965528,0.00038500000664498657
267,Banknote Authentication,1,RandomFuzzyRules__threshold__0_3,1234,138,4,4,0.8985507246376812,0.8939393939393939,0.9659357036406218,0.12502199999289587,0.0003795000084210187
267,Banknote Authentication,1,RandomFuzzyRules__threshold__0_4,1234,138,4,4,0.9710144927536232,0.9682539682539683,0.9963806685118161,0.12575269999797456,0.00039480000850744545
267,Banknote Authentication,1,RandomFuzzyRules__threshold__0_5,1234,138,4,4,0.8985507246376812,0.8955223880597015,0.9919097296146477,0.09891919999790844,0.00039370000013150275
267,Banknote Authentication,1,RandomFuzzyRules__threshold__0_6,1234,138,4,4,0.9637681159420289,0.96,0.9936129444326165,0.12287600000854582,0.00040639999497216195
267,Banknote Authentication,1,RandomFuzzyRules__threshold__0_7,1234,138,4,4,0.9565217391304348,0.9482758620689655,0.9959548648073238,0.12250270000367891,0.00040780000563245267
267,Banknote Authentication,1,RandomFuzzyRules__threshold__0_8,1234,138,4,4,0.9927536231884058,0.991869918699187,1.0,0.12433590000728145,0.0003952999977627769
267,Banknote Authentication,1,RandomFuzzyRules__threshold__0_9,1234,138,4,4,1.0,1.0,1.0,0.12590759999875445,0.0004030999989481643
267,Banknote Authentication,2,RandomFuzzyRules__threshold__0_1,1234,138,4,4,0.9057971014492754,0.8828828828828829,0.9882903981264637,0.12311060000502039,0.0003924999909941107
267,Banknote Authentication,2,RandomFuzzyRules__threshold__0_2,1234,138,4,4,0.9565217391304348,0.9516129032258065,0.9804130295933574,0.12323870000545867,0.00040189998981077224
267,Banknote Authentication,2,RandomFuzzyRules__threshold__0_3,1234,138,4,4,0.8913043478260869,0.8760330578512396,0.9684905258675751,0.12113379999937024,0.00034330000926274806
267,Banknote Authentication,2,RandomFuzzyRules__threshold__0_4,1234,138,4,4,0.9420289855072463,0.9375,0.9725356610602511,0.13743780000368133,0.00038579999818466604
267,Banknote Authentication,2,RandomFuzzyRules__threshold__0_5,1234,138,4,4,0.9202898550724637,0.912,0.9861613796040025,0.10043289999885019,0.00042630000098142773
267,Banknote Authentication,2,RandomFuzzyRules__threshold__0_6,1234,138,4,4,0.9782608695652174,0.975609756097561,0.9957419629550777,0.12614980000944342,0.0003721999964909628
267,Banknote Authentication,2,RandomFuzzyRules__threshold__0_7,1234,138,4,4,0.9130434782608695,0.8909090909090909,0.9961677666595699,0.12764220000826754,0.0003529999958118424
267,Banknote Authentication,2,RandomFuzzyRules__threshold__0_8,1234,138,4,4,0.9710144927536232,0.9666666666666667,0.9965935703640622,0.12093380000442266,0.00040159998752642423
267,Banknote Authentication,2,RandomFuzzyRules__threshold__0_9,1234,138,4,4,0.9927536231884058,0.991869918699187,0.9993612944432616,0.12357589999737684,0.0004091000009793788
267,Banknote Authentication,3,RandomFuzzyRules__threshold__0_1,1235,137,4,4,0.9343065693430657,0.9230769230769231,0.9864106988783434,0.12224389999755658,0.00039339999784715474
267,Banknote Authentication,3,RandomFuzzyRules__threshold__0_2,1235,137,4,4,0.9124087591240876,0.9076923076923077,0.974762726488352,0.12741889999597333,0.0003955000138375908
267,Banknote Authentication,3,RandomFuzzyRules__threshold__0_3,1235,137,4,4,0.8832116788321168,0.875,0.955565142364107,0.12398349998693448,0.0003941999893868342
267,Banknote Authentication,3,RandomFuzzyRules__threshold__0_4,1235,137,4,4,0.927007299270073,0.9206349206349206,0.9728213977566869,0.1286846000002697,0.00041000000783242285
267,Banknote Authentication,3,RandomFuzzyRules__threshold__0_5,1235,137,4,4,0.9197080291970803,0.9147286821705426,0.9866264020707507,0.09971799999766517,0.00035519999801181257
267,Banknote Authentication,3,RandomFuzzyRules__threshold__0_6,1235,137,4,4,0.9562043795620438,0.9491525423728814,0.993960310612597,0.1277090999938082,0.00039790000300854445
267,Banknote Authentication,3,RandomFuzzyRules__threshold__0_7,1235,137,4,4,0.948905109489051,0.9391304347826087,0.9907247627264884,0.12431659999128897,0.0004067999980179593
267,Banknote Authentication,3,RandomFuzzyRules__threshold__0_8,1235,137,4,4,0.9635036496350365,0.959349593495935,0.9967644521138913,0.1253048999933526,0.0003946999931940809
267,Banknote Authentication,3,RandomFuzzyRules__threshold__0_9,1235,137,4,4,0.9708029197080292,0.9672131147540983,0.9978429680759275,0.12536059999547433,0.00036550000368151814
267,Banknote Authentication,4,RandomFuzzyRules__threshold__0_1,1235,137,4,4,0.9197080291970803,0.9043478260869565,0.9872735116479724,0.12237769999774173,0.0003732000041054562
267,Banknote Authentication,4,RandomFuzzyRules__threshold__0_2,1235,137,4,4,0.9124087591240876,0.9090909090909091,0.9736842105263157,0.12601199999335222,0.0003868000057991594
267,Banknote Authentication,4,RandomFuzzyRules__threshold__0_3,1235,137,4,4,0.8686131386861314,0.8571428571428571,0.9607420189818809,0.12176550000731368,0.00040070000977721065
267,Banknote Authentication,4,RandomFuzzyRules__threshold__0_4,1235,137,4,4,0.948905109489051,0.9457364341085271,0.9829594477998275,0.16419280000263825,0.00033599999733269215
267,Banknote Authentication,4,RandomFuzzyRules__threshold__0_5,1235,137,4,4,0.8832116788321168,0.8666666666666667,0.9719585849870578,0.1022538999968674,0.00041399999463465065
267,Banknote Authentication,4,RandomFuzzyRules__threshold__0_6,1235,137,4,4,0.948905109489051,0.9421487603305785,0.9948231233822261,0.1378742999950191,0.000407900006393902
267,Banknote Authentication,4,RandomFuzzyRules__threshold__0_7,1235,137,4,4,0.927007299270073,0.9107142857142857,0.9943917169974116,0.12945469999976922,0.00043229998846072704
267,Banknote Authentication,4,RandomFuzzyRules__threshold__0_8,1235,137,4,4,0.9781021897810219,0.975609756097561,0.999137187230371,0.1523390000074869,0.00038889999268576503
267,Banknote Authentication,4,RandomFuzzyRules__threshold__0_9,1235,137,4,4,0.9927007299270073,0.991869918699187,0.9995685936151855,0.19294240001181606,0.00043089999235235155
267,Banknote Authentication,5,RandomFuzzyRules__threshold__0_1,1235,137,4,4,0.9635036496350365,0.959349593495935,0.9941760138050043,0.1288501999952132,0.00039650000690016896
267,Banknote Authentication,5,RandomFuzzyRules__threshold__0_2,1235,137,4,4,0.9197080291970803,0.916030534351145,0.9889991371872304,0.12423339999804739,0.0003963000053772703
267,Banknote Authentication,5,RandomFuzzyRules__threshold__0_3,1235,137,4,4,0.9051094890510949,0.9022556390977443,0.9818809318377912,0.12939049999113195,0.00039420000393874943
267,Banknote Authentication,5,RandomFuzzyRules__threshold__0_4,1235,137,4,4,0.9343065693430657,0.9312977099236641,0.9825280414150129,0.13325410000106785,0.00041700000292621553
267,Banknote Authentication,5,RandomFuzzyRules__threshold__0_5,1235,137,4,4,0.9416058394160584,0.9375,0.9946074201898188,0.1399455999926431,0.00033740000799298286
267,Banknote Authentication,5,RandomFuzzyRules__threshold__0_6,1235,137,4,4,0.9927007299270073,0.9917355371900827,1.0,0.16742659998999443,0.00041190000774804503
267,Banknote Authentication,5,RandomFuzzyRules__threshold__0_7,1235,137,4,4,0.9708029197080292,0.9661016949152542,0.9987057808455565,0.17266689999087248,0.000375000003259629
267,Banknote Authentication,5,RandomFuzzyRules__threshold__0_8,1235,137,4,4,0.9854014598540146,0.9836065573770492,0.997411561691113,0.16781139999511652,0.000344899992342107
267,Banknote Authentication,5,RandomFuzzyRules__threshold__0_9,1235,137,4,4,0.9635036496350365,0.96,0.999137187230371,0.12343700000201352,0.0004165999998804182
267,Banknote Authentication,6,RandomFuzzyRules__threshold__0_1,1235,137,4,4,0.9562043795620438,0.9482758620689655,0.9928817946505608,0.13489700001082383,0.00040169998828787357
267,Banknote Authentication,6,RandomFuzzyRules__threshold__0_2,1235,137,4,4,0.9343065693430657,0.9302325581395349,0.9810181190681622,0.13981160000548698,0.0004302000015741214
267,Banknote Authentication,6,RandomFuzzyRules__threshold__0_3,1235,137,4,4,0.9197080291970803,0.9133858267716536,0.9767040552200172,0.12890699999115895,0.0003648999991128221
267,Banknote Authentication,6,RandomFuzzyRules__threshold__0_4,1235,137,4,4,0.948905109489051,0.9457364341085271,0.9779982743744607,0.12982209998881444,0.00041030001011677086
267,Banknote Authentication,6,RandomFuzzyRules__threshold__0_5,1235,137,4,4,0.948905109489051,0.944,0.9956859361518551,0.11013909999746829,0.00040530000114813447
267,Banknote Authentication,6,RandomFuzzyRules__threshold__0_6,1235,137,4,4,0.9854014598540146,0.9838709677419355,0.9961173425366695,0.12206270000024233,0.0003839999990304932
267,Banknote Authentication,6,RandomFuzzyRules__threshold__0_7,1235,137,4,4,0.9416058394160584,0.9298245614035088,0.9976272648835203,0.12495759999728762,0.00042440000106580555
267,Banknote Authentication,6,RandomFuzzyRules__threshold__0_8,1235,137,4,4,0.9781021897810219,0.9747899159663865,0.9997842968075927,0.12837730000319425,0.0004152999899815768
267,Banknote Authentication,6,RandomFuzzyRules__threshold__0_9,1235,137,4,4,0.9927007299270073,0.991869918699187,1.0,0.12534929999674205,0.00036689999978989363
267,Banknote Authentication,7,RandomFuzzyRules__threshold__0_1,1235,137,4,4,0.948905109489051,0.943089430894309,0.9918032786885245,0.1235168999992311,0.00041629999759607017
267,Banknote Authentication,7,RandomFuzzyRules__threshold__0_2,1235,137,4,4,0.9051094890510949,0.9022556390977443,0.9693701466781708,0.12199840000539552,0.0004124999977648258
267,Banknote Authentication,7,RandomFuzzyRules__threshold__0_3,1235,137,4,4,0.8978102189781022,0.8955223880597015,0.9637618636755824,0.1304194000113057,0.00040499999886378646
267,Banknote Authentication,7,RandomFuzzyRules__threshold__0_4,1235,137,4,4,0.9562043795620438,0.953125,0.9883520276100086,0.11800420000508893,0.00031540000054519624
267,Banknote Authentication,7,RandomFuzzyRules__threshold__0_5,1235,137,4,4,0.9124087591240876,0.9090909090909091,0.9879206212251941,0.1000427000108175,0.000555899998289533
267,Banknote Authentication,7,RandomFuzzyRules__threshold__0_6,1235,137,4,4,0.9781021897810219,0.976,0.9853321829163072,0.12604250000731554,0.0004002999921794981
267,Banknote Authentication,7,RandomFuzzyRules__threshold__0_7,1235,137,4,4,0.9562043795620438,0.9491525423728814,0.9941760138050044,0.17869440000504255,0.00041340000461786985
267,Banknote Authentication,7,RandomFuzzyRules__threshold__0_8,1235,137,4,4,0.9708029197080292,0.9661016949152542,0.9991371872303709,0.1259373999928357,0.00037960000918246806
267,Banknote Authentication,7,RandomFuzzyRules__threshold__0_9,1235,137,4,4,0.9927007299270073,0.991869918699187,0.9997842968075927,0.12729930000205059,0.0004120999947190285
267,Banknote Authentication,8,RandomFuzzyRules__threshold__0_1,1235,137,4,4,0.927007299270073,0.9152542372881356,0.9874892148403797,0.1556674000021303,0.0002879999956348911
267,Banknote Authentication,8,RandomFuzzyRules__threshold__0_2,1235,137,4,4,0.8978102189781022,0.8970588235294118,0.9810181190681622,0.1827084999968065,0.0003009000065503642
267,Banknote Authentication,8,RandomFuzzyRules__threshold__0_3,1235,137,4,4,0.8832116788321168,0.8787878787878788,0.9628990509059534,0.12610290000156965,0.000403900005039759
267,Banknote Authentication,8,RandomFuzzyRules__threshold__0_4,1235,137,4,4,0.9124087591240876,0.9104477611940298,0.9751941328731666,0.16582880000350997,0.0002786000113701448
267,Banknote Authentication,8,RandomFuzzyRules__threshold__0_5,1235,137,4,4,0.8759124087591241,0.8776978417266187,0.9905090595340811,0.10187640000367537,0.00041229999624192715
267,Banknote Authentication,8,RandomFuzzyRules__threshold__0_6,1235,137,4,4,0.9781021897810219,0.975609756097561,0.993960310612597,0.13524569998844527,0.000400500008254312
267,Banknote Authentication,8,RandomFuzzyRules__threshold__0_7,1235,137,4,4,0.9416058394160584,0.9310344827586207,0.9924503882657463,0.12073249999957625,0.00041259999852627516
267,Banknote Authentication,8,RandomFuzzyRules__threshold__0_8,1235,137,4,4,0.9781021897810219,0.976,0.9995685936151856,0.1403065000049537,0.00041680000140331686
267,Banknote Authentication,8,RandomFuzzyRules__threshold__0_9,1235,137,4,4,0.9781021897810219,0.976,1.0,0.1286649999965448,0.00029299999005161226
267,Banknote Authentication,9,RandomFuzzyRules__threshold__0_1,1235,137,4,4,0.9343065693430657,0.9217391304347826,0.9943917169974116,0.13277779999771155,0.0003845000028377399
267,Banknote Authentication,9,RandomFuzzyRules__threshold__0_2,1235,137,4,4,0.9562043795620438,0.9523809523809523,0.9706643658326144,0.12640740000642836,0.0004037000035168603
267,Banknote Authentication,9,RandomFuzzyRules__threshold__0_3,1235,137,4,4,0.9197080291970803,0.9105691056910569,0.9745470232959447,0.12832849999540485,0.00038979999953880906
267,Banknote Authentication,9,RandomFuzzyRules__threshold__0_4,1235,137,4,4,0.9416058394160584,0.9384615384615385,0.9829594477998274,0.12498959999356885,0.00039679999463260174
267,Banknote Authentication,9,RandomFuzzyRules__threshold__0_5,1235,137,4,4,0.9343065693430657,0.928,0.988783433994823,0.10629780001181643,0.00039629999082535505
267,Banknote Authentication,9,RandomFuzzyRules__threshold__0_6,1235,137,4,4,0.948905109489051,0.943089430894309,0.9892148403796376,0.12456199999724049,0.00041229999624192715
267,Banknote Authentication,9,RandomFuzzyRules__threshold__0_7,1235,137,4,4,0.9124087591240876,0.8928571428571429,0.9954702329594478,0.1243700000050012,0.0004023999936180189
267,Banknote Authentication,9,RandomFuzzyRules__threshold__0_8,1235,137,4,4,0.9343065693430657,0.9243697478991597,0.9946074201898187,0.12460000001010485,0.0004351999959908426
267,Banknote Authentication,9,RandomFuzzyRules__threshold__0_9,1235,137,4,4,1.0,1.0,1.0,0.12727430000086315,0.0004104999970877543
267,Banknote Authentication,10,RandomFuzzyRules__threshold__0_1,1235,137,4,4,0.948905109489051,0.9401709401709402,0.993960310612597,0.12384869999368675,0.00040800000715535134
267,Banknote Authentication,10,RandomFuzzyRules__threshold__0_2,1235,137,4,4,0.8978102189781022,0.8955223880597015,0.972174288179465,0.1277723000093829,0.00038919999497011304
267,Banknote Authentication,10,RandomFuzzyRules__threshold__0_3,1235,137,4,4,0.8905109489051095,0.8854961832061069,0.9585849870578085,0.12227289998554625,0.0004123000107938424
267,Banknote Authentication,10,RandomFuzzyRules__threshold__0_4,1235,137,4,4,0.9635036496350365,0.96,0.9920189818809318,0.1246880999970017,0.000411600005463697
267,Banknote Authentication,10,RandomFuzzyRules__threshold__0_5,1235,137,4,4,0.948905109489051,0.9448818897637795,0.9920189818809317,0.09857390000252053,0.00040530000114813447
267,Banknote Authentication,10,RandomFuzzyRules__threshold__0_6,1235,137,4,4,0.9343065693430657,0.926829268292683,0.9909404659188956,0.12988890000269748,0.00041280000004917383
267,Banknote Authentication,10,RandomFuzzyRules__threshold__0_7,1235,137,4,4,0.9562043795620438,0.9491525423728814,0.9952545297670405,0.12486699999135453,0.00029469998844433576
267,Banknote Authentication,10,RandomFuzzyRules__threshold__0_8,1235,137,4,4,0.9854014598540146,0.9838709677419355,0.9976272648835203,0.12616390000039246,0.00045590000809170306
267,Banknote Authentication,10,RandomFuzzyRules__threshold__0_9,1235,137,4,4,0.9927007299270073,0.9917355371900827,0.9997842968075927,0.12954609999724198,0.00040269999590236694
277,Thoracic Surgery Data,1,RandomFuzzyRules__threshold__0_1,423,47,16,36,0.851063829787234,0.0,0.5,0.05104690000007395,0.00038660000427626073
277,Thoracic Surgery Data,1,RandomFuzzyRules__threshold__0_2,423,47,16,36,0.851063829787234,0.0,0.5,0.05298549999133684,0.000378099997760728
277,Thoracic Surgery Data,1,RandomFuzzyRules__threshold__0_3,423,47,16,36,0.851063829787234,0.0,0.5,0.05318399998941459,0.0003626000107033178
277,Thoracic Surgery Data,1,RandomFuzzyRules__threshold__0_4,423,47,16,36,0.851063829787234,0.0,0.5,0.05484050000086427,0.0003834999952232465
277,Thoracic Surgery Data,1,RandomFuzzyRules__threshold__0_5,423,47,16,36,0.851063829787234,0.0,0.5,0.04569080000510439,0.00036890000046696514
277,Thoracic Surgery Data,1,RandomFuzzyRules__threshold__0_6,423,47,16,36,0.851063829787234,0.0,0.5,0.05353990000730846,0.0005739999905927107
277,Thoracic Surgery Data,1,RandomFuzzyRules__threshold__0_7,423,47,16,36,0.851063829787234,0.0,0.5,0.05157350000808947,0.00038899999344721437
277,Thoracic Surgery Data,1,RandomFuzzyRules__threshold__0_8,423,47,16,36,0.851063829787234,0.0,0.6517857142857143,0.06311920000007376,0.0003856000112136826
277,Thoracic Surgery Data,1,RandomFuzzyRules__threshold__0_9,423,47,16,36,0.851063829787234,0.0,0.3821428571428572,0.05247640000015963,0.0004265999887138605
277,Thoracic Surgery Data,2,RandomFuzzyRules__threshold__0_1,423,47,16,37,0.851063829787234,0.2222222222222222,0.5589285714285713,0.05232849999447353,0.0002673999988473952
277,Thoracic Surgery Data,2,RandomFuzzyRules__threshold__0_2,423,47,16,37,0.8297872340425532,0.0,0.4625,0.05258579998917412,0.00036859999818261713
277,Thoracic Surgery Data,2,RandomFuzzyRules__threshold__0_3,423,47,16,37,0.851063829787234,0.2222222222222222,0.5589285714285713,0.06557520000205841,0.00038890000723768026
277,Thoracic Surgery Data,2,RandomFuzzyRules__threshold__0_4,423,47,16,37,0.851063829787234,0.2222222222222222,0.5589285714285713,0.05831670000043232,0.0003964999923482537
277,Thoracic Surgery Data,2,RandomFuzzyRules__threshold__0_5,423,47,16,37,0.851063829787234,0.2222222222222222,0.5589285714285713,0.04494580000755377,0.00038249998760875314
277,Thoracic Surgery Data,2,RandomFuzzyRules__threshold__0_6,423,47,16,37,0.851063829787234,0.2222222222222222,0.5589285714285713,0.05635269999038428,0.00039260000630747527
277,Thoracic Surgery Data,2,RandomFuzzyRules__threshold__0_7,423,47,16,37,0.851063829787234,0.2222222222222222,0.5589285714285713,0.05324550000659656,0.00036040000850334764
277,Thoracic Surgery Data,2,RandomFuzzyRules__threshold__0_8,423,47,16,37,0.851063829787234,0.2222222222222222,0.48928571428571427,0.06825929999467917,0.00039570000080857426
277,Thoracic Surgery Data,2,RandomFuzzyRules__threshold__0_9,423,47,16,37,0.851063829787234,0.2222222222222222,0.48928571428571427,0.05244839999068063,0.000375300005543977
277,Thoracic Surgery Data,3,RandomFuzzyRules__threshold__0_1,423,47,16,37,0.851063829787234,0.0,0.5,0.05236770000192337,0.0003578000032575801
277,Thoracic Surgery Data,3,RandomFuzzyRules__threshold__0_2,423,47,16,37,0.851063829787234,0.0,0.5,0.052910200000042096,0.0004192999913357198
277,Thoracic Surgery Data,3,RandomFuzzyRules__threshold__0_3,423,47,16,37,0.851063829787234,0.0,0.5,0.05252420000033453,0.0003893999964930117
277,Thoracic Surgery Data,3,RandomFuzzyRules__threshold__0_4,423,47,16,37,0.851063829787234,0.0,0.5,0.0522796000004746,0.00035709999792743474
277,Thoracic Surgery Data,3,RandomFuzzyRules__threshold__0_5,423,47,16,37,0.851063829787234,0.0,0.5,0.044993500006967224,0.0004200000112177804
277,Thoracic Surgery Data,3,RandomFuzzyRules__threshold__0_6,423,47,16,37,0.851063829787234,0.0,0.5,0.05423039999732282,0.00037129998963791877
277,Thoracic Surgery Data,3,RandomFuzzyRules__threshold__0_7,423,47,16,37,0.851063829787234,0.0,0.5,0.07209539999894332,0.0003077000001212582
277,Thoracic Surgery Data,3,RandomFuzzyRules__threshold__0_8,423,47,16,37,0.851063829787234,0.0,0.5,0.05332069999712985,0.00036980000732000917
277,Thoracic Surgery Data,3,RandomFuzzyRules__threshold__0_9,423,47,16,37,0.851063829787234,0.0,0.525,0.05255929999111686,0.0004135000053793192
277,Thoracic Surgery Data,4,RandomFuzzyRules__threshold__0_1,423,47,16,37,0.851063829787234,0.0,0.5,0.06337760000315029,0.00039319999632425606
277,Thoracic Surgery Data,4,RandomFuzzyRules__threshold__0_2,423,47,16,37,0.851063829787234,0.0,0.5,0.05316290000337176,0.00040839999564923346
277,Thoracic Surgery Data,4,RandomFuzzyRules__threshold__0_3,423,47,16,37,0.851063829787234,0.0,0.5,0.06750479999755044,0.00037540000630542636
277,Thoracic Surgery Data,4,RandomFuzzyRules__threshold__0_4,423,47,16,37,0.851063829787234,0.0,0.5,0.05171440000412986,0.00038559999666176736
277,Thoracic Surgery Data,4,RandomFuzzyRules__threshold__0_5,423,47,16,37,0.851063829787234,0.0,0.5,0.045258499987539835,0.0003932000108761713
277,Thoracic Surgery Data,4,RandomFuzzyRules__threshold__0_6,423,47,16,37,0.851063829787234,0.0,0.5,0.054434899997431785,0.00037540000630542636
277,Thoracic Surgery Data,4,RandomFuzzyRules__threshold__0_7,423,47,16,37,0.851063829787234,0.0,0.5,0.05236629999126308,0.00038830000266898423
277,Thoracic Surgery Data,4,RandomFuzzyRules__threshold__0_8,423,47,16,37,0.8085106382978723,0.0,0.475,0.05283509999571834,0.00035609999031294137
277,Thoracic Surgery Data,4,RandomFuzzyRules__threshold__0_9,423,47,16,37,0.8085106382978723,0.0,0.45535714285714285,0.052571200008969754,0.0003924999909941107
277,Thoracic Surgery Data,5,RandomFuzzyRules__threshold__0_1,423,47,16,37,0.851063829787234,0.0,0.5,0.05414460001338739,0.0003581999917514622
277,Thoracic Surgery Data,5,RandomFuzzyRules__threshold__0_2,423,47,16,37,0.851063829787234,0.0,0.5,0.05241650000971276,0.00036469999758992344
277,Thoracic Surgery Data,5,RandomFuzzyRules__threshold__0_3,423,47,16,37,0.851063829787234,0.0,0.5,0.052174500000546686,0.0003846000035991892
277,Thoracic Surgery Data,5,RandomFuzzyRules__threshold__0_4,423,47,16,37,0.851063829787234,0.0,0.5,0.052068100005271845,0.00037119998887646943
277,Thoracic Surgery Data,5,RandomFuzzyRules__threshold__0_5,423,47,16,37,0.851063829787234,0.0,0.5,0.0452132999926107,0.0003772000054595992
277,Thoracic Surgery Data,5,RandomFuzzyRules__threshold__0_6,423,47,16,37,0.851063829787234,0.0,0.5,0.052726699999766424,0.00044180000259075314
277,Thoracic Surgery Data,5,RandomFuzzyRules__threshold__0_7,423,47,16,37,0.851063829787234,0.0,0.5,0.052922300004865974,0.0003647999983513728
277,Thoracic Surgery Data,5,RandomFuzzyRules__threshold__0_8,423,47,16,37,0.851063829787234,0.0,0.5,0.05529950000345707,0.00038840000343043357
277,Thoracic Surgery Data,5,RandomFuzzyRules__threshold__0_9,423,47,16,37,0.851063829787234,0.0,0.5,0.05355150000832509,0.0003721999964909628
277,Thoracic Surgery Data,6,RandomFuzzyRules__threshold__0_1,423,47,16,37,0.851063829787234,0.0,0.5,0.051582100000814535,0.0003656000044429675
277,Thoracic Surgery Data,6,RandomFuzzyRules__threshold__0_2,423,47,16,37,0.851063829787234,0.0,0.5,0.05283950000011828,0.0004023000074084848
277,Thoracic Surgery Data,6,RandomFuzzyRules__threshold__0_3,423,47,16,37,0.851063829787234,0.0,0.5,0.0524786000023596,0.0003956000000471249
277,Thoracic Surgery Data,6,RandomFuzzyRules__threshold__0_4,423,47,16,37,0.851063829787234,0.0,0.5,0.05290189999504946,0.00039480000850744545
277,Thoracic Surgery Data,6,RandomFuzzyRules__threshold__0_5,423,47,16,37,0.851063829787234,0.0,0.5,0.045928299994557165,0.0003972000122303143
277,Thoracic Surgery Data,6,RandomFuzzyRules__threshold__0_6,423,47,16,37,0.851063829787234,0.0,0.5,0.05400630000804085,0.00039909999759402126
277,Thoracic Surgery Data,6,RandomFuzzyRules__threshold__0_7,423,47,16,37,0.851063829787234,0.0,0.5,0.05444279999937862,0.00040950000402517617
277,Thoracic Surgery Data,6,RandomFuzzyRules__threshold__0_8,423,47,16,37,0.851063829787234,0.0,0.6482142857142856,0.05852579999191221,0.00038050000148359686
277,Thoracic Surgery Data,6,RandomFuzzyRules__threshold__0_9,423,47,16,37,0.851063829787234,0.0,0.6482142857142856,0.05383819999406114,0.000384299986762926
277,Thoracic Surgery Data,7,RandomFuzzyRules__threshold__0_1,423,47,16,37,0.851063829787234,0.0,0.5,0.06355700000131037,0.0003895999980159104
277,Thoracic Surgery Data,7,RandomFuzzyRules__threshold__0_2,423,47,16,37,0.8297872340425532,0.2,0.5357142857142857,0.05395499999576714,0.00039760000072419643
277,Thoracic Surgery Data,7,RandomFuzzyRules__threshold__0_3,423,47,16,37,0.851063829787234,0.0,0.5,0.05309060000581667,0.0003696999920066446
277,Thoracic Surgery Data,7,RandomFuzzyRules__threshold__0_4,423,47,16,37,0.851063829787234,0.0,0.5,0.053527999989455566,0.00039510001079179347
277,Thoracic Surgery Data,7,RandomFuzzyRules__threshold__0_5,423,47,16,37,0.851063829787234,0.0,0.5,0.04685240000253543,0.00038440000207629055
277,Thoracic Surgery Data,7,RandomFuzzyRules__threshold__0_6,423,47,16,37,0.851063829787234,0.0,0.5,0.05369970000174362,0.00037480000173673034
277,Thoracic Surgery Data,7,RandomFuzzyRules__threshold__0_7,423,47,16,37,0.851063829787234,0.0,0.5,0.05338409999967553,0.00038719999429304153
277,Thoracic Surgery Data,7,RandomFuzzyRules__threshold__0_8,423,47,16,37,0.8297872340425532,0.0,0.3767857142857143,0.051928899993072264,0.00036389999149832875
277,Thoracic Surgery Data,7,RandomFuzzyRules__threshold__0_9,423,47,16,37,0.8297872340425532,0.0,0.3767857142857143,0.05278679999173619,0.0003893000102834776
277,Thoracic Surgery Data,8,RandomFuzzyRules__threshold__0_1,423,47,16,37,0.8297872340425532,0.0,0.4875,0.0766217000054894,0.000367300002835691
277,Thoracic Surgery Data,8,RandomFuzzyRules__threshold__0_2,423,47,16,37,0.851063829787234,0.0,0.5,0.05285340000409633,0.0003988999960711226
277,Thoracic Surgery Data,8,RandomFuzzyRules__threshold__0_3,423,47,16,37,0.851063829787234,0.0,0.5,0.05537289999483619,0.00043569999979808927
277,Thoracic Surgery Data,8,RandomFuzzyRules__threshold__0_4,423,47,16,37,0.8723404255319149,0.25,0.5714285714285714,0.0629787999932887,0.0004369000089354813
277,Thoracic Surgery Data,8,RandomFuzzyRules__threshold__0_5,423,47,16,37,0.8723404255319149,0.25,0.5714285714285714,0.04522200000064913,0.0002938999969046563
277,Thoracic Surgery Data,8,RandomFuzzyRules__threshold__0_6,423,47,16,37,0.8723404255319149,0.25,0.5714285714285714,0.054780799997388385,0.0004003999929409474
277,Thoracic Surgery Data,8,RandomFuzzyRules__threshold__0_7,423,47,16,37,0.8723404255319149,0.25,0.5714285714285714,0.05375760000606533,0.0003741999971680343
277,Thoracic Surgery Data,8,RandomFuzzyRules__threshold__0_8,423,47,16,37,0.851063829787234,0.0,0.3875,0.07330959998944309,0.00045110000064596534
277,Thoracic Surgery Data,8,RandomFuzzyRules__threshold__0_9,423,47,16,37,0.851063829787234,0.0,0.3875,0.05674729999736883,0.00041930000588763505
277,Thoracic Surgery Data,9,RandomFuzzyRules__threshold__0_1,423,47,16,37,0.8297872340425532,0.0,0.4875,0.05507709999801591,0.00042019999818876386
277,Thoracic Surgery Data,9,RandomFuzzyRules__threshold__0_2,423,47,16,37,0.8297872340425532,0.0,0.4875,0.055612900003325194,0.00042050000047311187
277,Thoracic Surgery Data,9,RandomFuzzyRules__threshold__0_3,423,47,16,37,0.8297872340425532,0.0,0.4875,0.05417909999960102,0.0004420000041136518
277,Thoracic Surgery Data,9,RandomFuzzyRules__threshold__0_4,423,47,16,37,0.8297872340425532,0.0,0.4875,0.05690720000711735,0.0004310999938752502
277,Thoracic Surgery Data,9,RandomFuzzyRules__threshold__0_5,423,47,16,37,0.8297872340425532,0.0,0.4875,0.04275139998935629,0.0003995000006398186
277,Thoracic Surgery Data,9,RandomFuzzyRules__threshold__0_6,423,47,16,37,0.8297872340425532,0.0,0.4875,0.05462439999973867,0.0004219999973429367
277,Thoracic Surgery Data,9,RandomFuzzyRules__threshold__0_7,423,47,16,37,0.8297872340425532,0.0,0.4875,0.052281899988884106,0.0003899000003002584
277,Thoracic Surgery Data,9,RandomFuzzyRules__threshold__0_8,423,47,16,37,0.8297872340425532,0.0,0.45178571428571423,0.08030289999442175,0.0004209000035189092
277,Thoracic Surgery Data,9,RandomFuzzyRules__threshold__0_9,423,47,16,37,0.8297872340425532,0.0,0.45178571428571423,0.055874999990919605,0.0003825000021606684
277,Thoracic Surgery Data,10,RandomFuzzyRules__threshold__0_1,423,47,16,37,0.8723404255319149,0.25,0.5714285714285714,0.05650989999412559,0.00040600000647827983
277,Thoracic Surgery Data,10,RandomFuzzyRules__threshold__0_2,423,47,16,37,0.851063829787234,0.0,0.4875,0.05525340000167489,0.00040350000199396163
277,Thoracic Surgery Data,10,RandomFuzzyRules__threshold__0_3,423,47,16,37,0.851063829787234,0.0,0.4875,0.054526599997188896,0.0003876999981002882
277,Thoracic Surgery Data,10,RandomFuzzyRules__threshold__0_4,423,47,16,37,0.8723404255319149,0.25,0.5714285714285714,0.05361970000376459,0.00037290000182110816
277,Thoracic Surgery Data,10,RandomFuzzyRules__threshold__0_5,423,47,16,37,0.8723404255319149,0.25,0.5714285714285714,0.04876440000953153,0.0004157999937888235
277,Thoracic Surgery Data,10,RandomFuzzyRules__threshold__0_6,423,47,16,37,0.8297872340425532,0.0,0.6178571428571429,0.05417469999520108,0.0004271000070730224
277,Thoracic Surgery Data,10,RandomFuzzyRules__threshold__0_7,423,47,16,37,0.8723404255319149,0.25,0.5714285714285714,0.05371670000022277,0.000397100011468865
277,Thoracic Surgery Data,10,RandomFuzzyRules__threshold__0_8,423,47,16,37,0.851063829787234,0.2222222222222222,0.557142857142857,0.05349000000569504,0.0003966999938711524
277,Thoracic Surgery Data,10,RandomFuzzyRules__threshold__0_9,423,47,16,37,0.8297872340425532,0.0,0.6946428571428571,0.05210330001136754,0.00040299999818671495
327,Phishing Websites,1,RandomFuzzyRules__threshold__0_1,9949,1106,30,30,0.8942133815551537,0.9051094890510949,0.906495163000265,0.545184499991592,0.0006951999966986477
327,Phishing Websites,1,RandomFuzzyRules__threshold__0_2,9949,1106,30,30,0.8725135623869801,0.8885375494071146,0.8582212430426717,0.5630783999949927,0.0007210000039776787
327,Phishing Websites,1,RandomFuzzyRules__threshold__0_3,9949,1106,30,30,0.8725135623869801,0.8885375494071146,0.8582212430426717,0.5604081000055885,0.0009468999924138188
327,Phishing Websites,1,RandomFuzzyRules__threshold__0_4,9949,1106,30,30,0.8725135623869801,0.8885375494071146,0.8582212430426717,0.5673009000020102,0.0006995000003371388
327,Phishing Websites,1,RandomFuzzyRules__threshold__0_5,9949,1106,30,30,0.8815551537070524,0.8994627782041443,0.9418417042141531,0.34871160000329837,0.0004899000050500035
327,Phishing Websites,1,RandomFuzzyRules__threshold__0_6,9949,1106,30,30,0.8815551537070524,0.8994627782041443,0.9418417042141531,0.5755502999963937,0.0007141999958548695
327,Phishing Websites,1,RandomFuzzyRules__threshold__0_7,9949,1106,30,30,0.8815551537070524,0.8994627782041443,0.9418417042141531,0.5809081999905175,0.0007811999967088923
327,Phishing Websites,1,RandomFuzzyRules__threshold__0_8,9949,1106,30,30,0.8978300180831826,0.9080553295362083,0.9418417042141531,0.5872247999941465,0.0007284000021172687
327,Phishing Websites,1,RandomFuzzyRules__threshold__0_9,9949,1106,30,30,0.8725135623869801,0.8885375494071146,0.8582212430426717,0.5783384999958798,0.0004641999985324219
327,Phishing Websites,2,RandomFuzzyRules__threshold__0_1,9949,1106,30,30,0.9005424954792043,0.9099836333878887,0.9172409223429632,0.5945191999926465,0.0005627000064123422
327,Phishing Websites,2,RandomFuzzyRules__threshold__0_2,9949,1106,30,30,0.8833634719710669,0.8967173738991193,0.8696975218658892,0.6042550999991363,0.0005314999871188775
327,Phishing Websites,2,RandomFuzzyRules__threshold__0_3,9949,1106,30,30,0.8833634719710669,0.8967173738991193,0.8696975218658892,0.58202740001434,0.0007347999926423654
327,Phishing Websites,2,RandomFuzzyRules__threshold__0_4,9949,1106,30,30,0.8833634719710669,0.8967173738991193,0.8696975218658892,0.5746870000002673,0.000542099995072931
327,Phishing Websites,2,RandomFuzzyRules__threshold__0_5,9949,1106,30,30,0.8933092224231465,0.9076682316118936,0.949996686986483,0.36141170001064893,0.000680500001180917
327,Phishing Websites,2,RandomFuzzyRules__threshold__0_6,9949,1106,30,30,0.8933092224231465,0.9076682316118936,0.949996686986483,0.6014538000017637,0.0006092000112403184
327,Phishing Websites,2,RandomFuzzyRules__threshold__0_7,9949,1106,30,30,0.8933092224231465,0.9076682316118936,0.949996686986483,0.5937226999958511,0.0007802000036463141
327,Phishing Websites,2,RandomFuzzyRules__threshold__0_8,9949,1106,30,30,0.9014466546112115,0.9107289107289107,0.949996686986483,0.5963477999903262,0.0007568999862996861
327,Phishing Websites,2,RandomFuzzyRules__threshold__0_9,9949,1106,30,30,0.8833634719710669,0.8967173738991193,0.8696975218658892,0.5855483999912394,0.0007370999956037849
327,Phishing Websites,3,RandomFuzzyRules__threshold__0_1,9949,1106,30,30,0.9086799276672695,0.9176854115729421,0.9213391200636099,0.5861804000014672,0.0006541000038851053
327,Phishing Websites,3,RandomFuzzyRules__threshold__0_2,9949,1106,30,30,0.8924050632911392,0.9051792828685259,0.8798436257619932,0.5885969999944791,0.0006031000084476545
327,Phishing Websites,3,RandomFuzzyRules__threshold__0_3,9949,1106,30,30,0.8924050632911392,0.9051792828685259,0.8798436257619932,0.5887627999909455,0.0006258999928832054
327,Phishing Websites,3,RandomFuzzyRules__threshold__0_4,9949,1106,30,30,0.8924050632911392,0.9051792828685259,0.8798436257619932,0.5968349000031594,0.0004766000056406483
327,Phishing Websites,3,RandomFuzzyRules__threshold__0_5,9949,1106,30,30,0.8905967450271248,0.9056897895557288,0.9540402199840976,0.364319100001012,0.0006942000036360696
327,Phishing Websites,3,RandomFuzzyRules__threshold__0_6,9949,1106,30,30,0.8905967450271248,0.9056897895557288,0.9540402199840976,0.5819804000057047,0.0007008000102359802
327,Phishing Websites,3,RandomFuzzyRules__threshold__0_7,9949,1106,30,30,0.8905967450271248,0.9056897895557288,0.9540402199840976,0.593497900001239,0.0007622999983141199
327,Phishing Websites,3,RandomFuzzyRules__threshold__0_8,9949,1106,30,30,0.9122965641952984,0.9206868356500408,0.9540402199840976,0.5936861999944085,0.0006991999980527908
327,Phishing Websites,3,RandomFuzzyRules__threshold__0_9,9949,1106,30,30,0.8924050632911392,0.9051792828685259,0.8798436257619932,0.5857681999914348,0.0007135000050766394
327,Phishing Websites,4,RandomFuzzyRules__threshold__0_1,9949,1106,30,30,0.9150090415913201,0.922824302134647,0.9282798833819241,0.5724320000008447,0.000720199997886084
327,Phishing Websites,4,RandomFuzzyRules__threshold__0_2,9949,1106,30,30,0.9005424954792043,0.9111470113085622,0.8896766498807315,0.5882472999946913,0.0006609999982174486
327,Phishing Websites,4,RandomFuzzyRules__threshold__0_3,9949,1106,30,30,0.9005424954792043,0.9111470113085622,0.8896766498807315,0.5832756999880075,0.0005096000095363706
327,Phishing Websites,4,RandomFuzzyRules__threshold__0_4,9949,1106,30,30,0.9005424954792043,0.9111470113085622,0.8896766498807315,0.5856674999959068,0.0006797999958507717
327,Phishing Websites,4,RandomFuzzyRules__threshold__0_5,9949,1106,30,30,0.906871609403255,0.9181890389197777,0.9598810628147363,0.35610910000104923,0.0007313999958569184
327,Phishing Websites,4,RandomFuzzyRules__threshold__0_6,9949,1106,30,30,0.906871609403255,0.9181890389197777,0.9598810628147363,0.5878456000064034,0.0006714000046486035
327,Phishing Websites,4,RandomFuzzyRules__threshold__0_7,9949,1106,30,30,0.906871609403255,0.9181890389197777,0.9598810628147363,0.5718754999979865,0.0007241000130306929
327,Phishing Websites,4,RandomFuzzyRules__threshold__0_8,9949,1106,30,30,0.9168173598553345,0.9243421052631579,0.9598810628147363,0.6018509999994421,0.0007012000132817775
327,Phishing Websites,4,RandomFuzzyRules__threshold__0_9,9949,1106,30,30,0.9005424954792043,0.9111470113085622,0.8896766498807315,0.5981891999981599,0.0007571000023745
327,Phishing Websites,5,RandomFuzzyRules__threshold__0_1,9949,1106,30,30,0.9005424954792043,0.9095394736842105,0.9191260270341903,0.5891163000051165,0.000774600004660897
327,Phishing Websites,5,RandomFuzzyRules__threshold__0_2,9949,1106,30,30,0.8833634719710669,0.8963855421686747,0.8726063477338988,0.5949790000013309,0.0007609000022057444
327,Phishing Websites,5,RandomFuzzyRules__threshold__0_3,9949,1106,30,30,0.8833634719710669,0.8963855421686747,0.8726063477338988,0.5972513999877265,0.0006991000118432567
327,Phishing Websites,5,RandomFuzzyRules__threshold__0_4,9949,1106,30,30,0.8833634719710669,0.8963855421686747,0.8726063477338988,0.6001118999993196,0.0007010999979684129
327,Phishing Websites,5,RandomFuzzyRules__threshold__0_5,9949,1106,30,30,0.8851717902350814,0.9002356637863315,0.9513053273257355,0.36669830000028014,0.0005679999885614961
327,Phishing Websites,5,RandomFuzzyRules__threshold__0_6,9949,1106,30,30,0.8851717902350814,0.9002356637863315,0.9513053273257355,0.6135400999919511,0.0006938000005902722
327,Phishing Websites,5,RandomFuzzyRules__threshold__0_7,9949,1106,30,30,0.8851717902350814,0.9002356637863315,0.9513053273257355,0.6088956999883521,0.0006498999864561483
327,Phishing Websites,5,RandomFuzzyRules__threshold__0_8,9949,1106,30,30,0.9023508137432188,0.9110378912685337,0.9513053273257355,0.5883318999985931,0.0005856000061612576
327,Phishing Websites,5,RandomFuzzyRules__threshold__0_9,9949,1106,30,30,0.8833634719710669,0.8963855421686747,0.8726063477338988,0.5900298000051407,0.0006948999944142997
327,Phishing Websites,6,RandomFuzzyRules__threshold__0_1,9950,1105,30,30,0.897737556561086,0.9087974172719936,0.9131889829102373,0.6027486999955727,0.0006817999965278432
327,Phishing Websites,6,RandomFuzzyRules__threshold__0_2,9950,1105,30,30,0.881447963800905,0.8962787015043547,0.8690625518500084,0.6046518999937689,0.0006208999984664842
327,Phishing Websites,6,RandomFuzzyRules__threshold__0_3,9950,1105,30,30,0.881447963800905,0.8962787015043547,0.8690625518500084,0.593893700002809,0.000632499999483116
327,Phishing Websites,6,RandomFuzzyRules__threshold__0_4,9950,1105,30,30,0.881447963800905,0.8962787015043547,0.8690625518500084,0.7355327999975998,0.0006312000041361898
327,Phishing Websites,6,RandomFuzzyRules__threshold__0_5,9950,1105,30,30,0.885972850678733,0.9024767801857585,0.9431574581051934,0.3615500999876531,0.0007350000087171793
327,Phishing Websites,6,RandomFuzzyRules__threshold__0_6,9950,1105,30,30,0.885972850678733,0.9024767801857585,0.9431574581051934,0.6973983000061708,0.0006988999957684427
327,Phishing Websites,6,RandomFuzzyRules__threshold__0_7,9950,1105,30,30,0.885972850678733,0.9024767801857585,0.9431574581051934,0.6986939000053098,0.0007199000101536512
327,Phishing Websites,6,RandomFuzzyRules__threshold__0_8,9950,1105,30,30,0.9004524886877828,0.9110032362459547,0.9431574581051934,0.6146958000026643,0.0007098999922163785
327,Phishing Websites,6,RandomFuzzyRules__threshold__0_9,9950,1105,30,30,0.881447963800905,0.8962787015043547,0.8690625518500084,0.6000127000006614,0.0007247000030474737
327,Phishing Websites,7,RandomFuzzyRules__threshold__0_1,9950,1105,30,30,0.9095022624434389,0.9178981937602627,0.9202920192467232,0.5942832000000635,0.0006086999928811565
327,Phishing Websites,7,RandomFuzzyRules__threshold__0_2,9950,1105,30,30,0.902262443438914,0.9123376623376623,0.8890924174547868,0.5967440999957034,0.0005184999899938703
327,Phishing Websites,7,RandomFuzzyRules__threshold__0_3,9950,1105,30,30,0.902262443438914,0.9123376623376623,0.8890924174547868,0.5881264000054216,0.0005953000072622672
327,Phishing Websites,7,RandomFuzzyRules__threshold__0_4,9950,1105,30,30,0.902262443438914,0.9123376623376623,0.8890924174547868,0.591797700006282,0.000566999995498918
327,Phishing Websites,7,RandomFuzzyRules__threshold__0_5,9950,1105,30,30,0.9104072398190045,0.9218626677190213,0.9577584204413472,0.35690480000630487,0.0007741000008536503
327,Phishing Websites,7,RandomFuzzyRules__threshold__0_6,9950,1105,30,30,0.9104072398190045,0.9218626677190213,0.9577584204413472,0.5965141999913612,0.0007156000065151602
327,Phishing Websites,7,RandomFuzzyRules__threshold__0_7,9950,1105,30,30,0.9104072398190045,0.9218626677190213,0.9577584204413472,0.5950082999916049,0.0007397000008495525
327,Phishing Websites,7,RandomFuzzyRules__threshold__0_8,9950,1105,30,30,0.9131221719457013,0.9209225700164745,0.9577584204413472,0.6044800999952713,0.0007142999966163188
327,Phishing Websites,7,RandomFuzzyRules__threshold__0_9,9950,1105,30,30,0.902262443438914,0.9123376623376623,0.8890924174547868,0.5895428000076208,0.000529799988726154
327,Phishing Websites,8,RandomFuzzyRules__threshold__0_1,9950,1105,30,30,0.9049773755656109,0.9138638228055783,0.9199535423925668,0.5881034000049112,0.0005538999976124614
327,Phishing Websites,8,RandomFuzzyRules__threshold__0_2,9950,1105,30,30,0.8914027149321267,0.9027552674230146,0.883086112493778,0.5943732000014279,0.0005820999940624461
327,Phishing Websites,8,RandomFuzzyRules__threshold__0_3,9950,1105,30,30,0.8914027149321267,0.9027552674230146,0.883086112493778,0.6089342000050237,0.0006955999997444451
327,Phishing Websites,8,RandomFuzzyRules__threshold__0_4,9950,1105,30,30,0.8914027149321267,0.9027552674230146,0.883086112493778,0.5963286999904085,0.0006244999967748299
327,Phishing Websites,8,RandomFuzzyRules__threshold__0_5,9950,1105,30,30,0.890497737556561,0.9043478260869565,0.9514186162269787,0.3710609999980079,0.0007619999960297719
327,Phishing Websites,8,RandomFuzzyRules__threshold__0_6,9950,1105,30,30,0.890497737556561,0.9043478260869565,0.9514186162269787,0.6097311000048649,0.0006565000076079741
327,Phishing Websites,8,RandomFuzzyRules__threshold__0_7,9950,1105,30,30,0.890497737556561,0.9043478260869565,0.9514186162269787,0.5961378999927547,0.0006809000042267144
327,Phishing Websites,8,RandomFuzzyRules__threshold__0_8,9950,1105,30,30,0.9076923076923077,0.9161184210526315,0.9514186162269787,0.5940599000023212,0.000730699990526773
327,Phishing Websites,8,RandomFuzzyRules__threshold__0_9,9950,1105,30,30,0.8914027149321267,0.9027552674230146,0.883086112493778,0.6012315999978455,0.000709100000676699
327,Phishing Websites,9,RandomFuzzyRules__threshold__0_1,9950,1105,30,30,0.9004524886877828,0.9110032362459547,0.911764998804876,0.5941535999882035,0.0006942000036360696
327,Phishing Websites,9,RandomFuzzyRules__threshold__0_2,9950,1105,30,30,0.890497737556561,0.9035856573705179,0.8798601705043423,0.6014029999932973,0.0006006000039633363
327,Phishing Websites,9,RandomFuzzyRules__threshold__0_3,9950,1105,30,30,0.890497737556561,0.9035856573705179,0.8798601705043423,0.6028507000009995,0.0007153000042308122
327,Phishing Websites,9,RandomFuzzyRules__threshold__0_4,9950,1105,30,30,0.890497737556561,0.9035856573705179,0.8798601705043423,0.5977546000067377,0.000628499998128973
327,Phishing Websites,9,RandomFuzzyRules__threshold__0_5,9950,1105,30,30,0.8941176470588236,0.9088074824629774,0.9441329376145328,0.36580689999391325,0.000632199997198768
327,Phishing Websites,9,RandomFuzzyRules__threshold__0_6,9950,1105,30,30,0.8941176470588236,0.9088074824629774,0.9441329376145328,0.6040190000057919,0.0005970000056549907
327,Phishing Websites,9,RandomFuzzyRules__threshold__0_7,9950,1105,30,30,0.8941176470588236,0.9088074824629774,0.9441329376145328,0.6058817000011913,0.0006184000085340813
327,Phishing Websites,9,RandomFuzzyRules__threshold__0_8,9950,1105,30,30,0.9049773755656109,0.9147034930950447,0.9441329376145328,0.6259037000127137,0.0006078000005800277
327,Phishing Websites,9,RandomFuzzyRules__threshold__0_9,9950,1105,30,30,0.890497737556561,0.9035856573705179,0.8798601705043423,0.6137885000061942,0.0007373999978881329
327,Phishing Websites,10,RandomFuzzyRules__threshold__0_1,9950,1105,30,30,0.8995475113122172,0.9098294069861901,0.9117832576421533,0.6987015000049723,0.0006592999998247251
327,Phishing Websites,10,RandomFuzzyRules__threshold__0_2,9950,1105,30,30,0.8914027149321267,0.9041533546325878,0.8796560035056968,0.7227405000012368,0.0007308999920496717
327,Phishing Websites,10,RandomFuzzyRules__threshold__0_3,9950,1105,30,30,0.8914027149321267,0.9041533546325878,0.8796560035056968,0.7060415999876568,0.0005500999977812171
327,Phishing Websites,10,RandomFuzzyRules__threshold__0_4,9950,1105,30,30,0.8914027149321267,0.9041533546325878,0.8796560035056968,0.6207118000020273,0.0006561000045621768
327,Phishing Websites,10,RandomFuzzyRules__threshold__0_5,9950,1105,30,30,0.8823529411764706,0.8990683229813664,0.9472568586832391,0.3574668999935966,0.0005108000041218475
327,Phishing Websites,10,RandomFuzzyRules__threshold__0_6,9950,1105,30,30,0.8823529411764706,0.8990683229813664,0.9472568586832391,0.5940283000090858,0.0006487000064225867
327,Phishing Websites,10,RandomFuzzyRules__threshold__0_7,9950,1105,30,30,0.8823529411764706,0.8990683229813664,0.9472568586832391,0.6164784000138752,0.000618099991697818
327,Phishing Websites,10,RandomFuzzyRules__threshold__0_8,9950,1105,30,30,0.9058823529411765,0.9150326797385621,0.9472568586832391,0.6243541000003461,0.0007021999917924404
327,Phishing Websites,10,RandomFuzzyRules__threshold__0_9,9950,1105,30,30,0.8914027149321267,0.9041533546325878,0.8796560035056968,0.5829770999989705,0.0007059000054141507
329,Diabetic Retinopathy Debrecen,1,RandomFuzzyRules__threshold__0_1,1035,116,18,21,0.6637931034482759,0.6829268292682927,0.7192353643966547,0.08564010000554845,0.0004020999913336709
329,Diabetic Retinopathy Debrecen,1,RandomFuzzyRules__threshold__0_2,1035,116,18,21,0.6293103448275862,0.5567010309278351,0.7192353643966547,0.08485649999056477,0.0005259999888949096
329,Diabetic Retinopathy Debrecen,1,RandomFuzzyRules__threshold__0_3,1035,116,18,21,0.6293103448275862,0.6766917293233082,0.657258064516129,0.0840950999991037,0.00042050000047311187
329,Diabetic Retinopathy Debrecen,1,RandomFuzzyRules__threshold__0_4,1035,116,18,21,0.6293103448275862,0.6126126126126126,0.713410991636798,0.0866639000014402,0.00041739999142009765
329,Diabetic Retinopathy Debrecen,1,RandomFuzzyRules__threshold__0_5,1035,116,18,21,0.6551724137931034,0.574468085106383,0.713410991636798,0.0628013999958057,0.0003915999986929819
329,Diabetic Retinopathy Debrecen,1,RandomFuzzyRules__threshold__0_6,1035,116,18,21,0.5948275862068966,0.5607476635514018,0.6627837514934289,0.09955459999036975,0.00048570000217296183
329,Diabetic Retinopathy Debrecen,1,RandomFuzzyRules__threshold__0_7,1035,116,18,21,0.6206896551724138,0.5686274509803921,0.6780167264038232,0.08369149999634828,0.0003885000041918829
329,Diabetic Retinopathy Debrecen,1,RandomFuzzyRules__threshold__0_8,1035,116,18,21,0.603448275862069,0.5106382978723404,0.6977299880525686,0.10158319999754895,0.0004538999928627163
329,Diabetic Retinopathy Debrecen,1,RandomFuzzyRules__threshold__0_9,1035,116,18,21,0.5689655172413793,0.4318181818181818,0.621863799283154,0.09003660001326352,0.0004154999915044755
329,Diabetic Retinopathy Debrecen,2,RandomFuzzyRules__threshold__0_1,1036,115,18,21,0.7217391304347827,0.7419354838709677,0.8166363084395871,0.09147700000903569,0.0004357999860076234
329,Diabetic Retinopathy Debrecen,2,RandomFuzzyRules__threshold__0_2,1036,115,18,21,0.6260869565217392,0.5904761904761905,0.6980874316939891,0.08891069999663159,0.00039500001003034413
329,Diabetic Retinopathy Debrecen,2,RandomFuzzyRules__threshold__0_3,1036,115,18,21,0.6608695652173913,0.7111111111111111,0.6847298117789922,0.08987830000114627,0.00040010000520851463
329,Diabetic Retinopathy Debrecen,2,RandomFuzzyRules__threshold__0_4,1036,115,18,21,0.7391304347826086,0.7222222222222222,0.7809653916211292,0.09218789999431465,0.0004476999893086031
329,Diabetic Retinopathy Debrecen,2,RandomFuzzyRules__threshold__0_5,1036,115,18,21,0.6608695652173913,0.5806451612903226,0.7290528233151183,0.0651994000072591,0.00043289999302942306
329,Diabetic Retinopathy Debrecen,2,RandomFuzzyRules__threshold__0_6,1036,115,18,21,0.6173913043478261,0.6451612903225806,0.7170613236187007,0.10527050000382587,0.0004310000076657161
329,Diabetic Retinopathy Debrecen,2,RandomFuzzyRules__threshold__0_7,1036,115,18,21,0.6695652173913044,0.6274509803921569,0.7170613236187007,0.09022410000034142,0.0004530000005615875
329,Diabetic Retinopathy Debrecen,2,RandomFuzzyRules__threshold__0_8,1036,115,18,21,0.6173913043478261,0.6764705882352942,0.7103825136612022,0.09223430001293309,0.0004642999992938712
329,Diabetic Retinopathy Debrecen,2,RandomFuzzyRules__threshold__0_9,1036,115,18,21,0.6695652173913044,0.5957446808510638,0.7267759562841529,0.09397099999478087,0.00041880000208038837
329,Diabetic Retinopathy Debrecen,3,RandomFuzzyRules__threshold__0_1,1036,115,18,21,0.6869565217391305,0.7142857142857143,0.7510625379477839,0.09011699999973644,0.00041259999852627516
329,Diabetic Retinopathy Debrecen,3,RandomFuzzyRules__threshold__0_2,1036,115,18,21,0.6260869565217392,0.5274725274725275,0.7510625379477839,0.09151640000345651,0.00045249999675434083
329,Diabetic Retinopathy Debrecen,3,RandomFuzzyRules__threshold__0_3,1036,115,18,21,0.6869565217391305,0.7428571428571429,0.7140255009107468,0.0929628000012599,0.00038860000495333225
329,Diabetic Retinopathy Debrecen,3,RandomFuzzyRules__threshold__0_4,1036,115,18,21,0.6608695652173913,0.6213592233009708,0.6722829386763814,0.10411699999531265,0.0004413999995449558
329,Diabetic Retinopathy Debrecen,3,RandomFuzzyRules__threshold__0_5,1036,115,18,21,0.6173913043478261,0.5,0.6971766848816029,0.06575539999175817,0.00042799999937415123
329,Diabetic Retinopathy Debrecen,3,RandomFuzzyRules__threshold__0_6,1036,115,18,21,0.5304347826086957,0.5344827586206896,0.5974499089253187,0.13950270001078025,0.00043799998820759356
329,Diabetic Retinopathy Debrecen,3,RandomFuzzyRules__threshold__0_7,1036,115,18,21,0.6521739130434783,0.6296296296296297,0.7152398299939284,0.0883006999938516,0.00043000000005122274
329,Diabetic Retinopathy Debrecen,3,RandomFuzzyRules__threshold__0_8,1036,115,18,21,0.6086956521739131,0.47058823529411764,0.7724650880388584,0.09307790000457317,0.00041900000360328704
329,Diabetic Retinopathy Debrecen,3,RandomFuzzyRules__threshold__0_9,1036,115,18,21,0.6434782608695652,0.5773195876288659,0.75197328476017,0.08673640000051819,0.0004403999919304624
329,Diabetic Retinopathy Debrecen,4,RandomFuzzyRules__threshold__0_1,1036,115,18,21,0.6434782608695652,0.6611570247933884,0.7009714632665451,0.09605560000636615,0.00037029999657534063
329,Diabetic Retinopathy Debrecen,4,RandomFuzzyRules__threshold__0_2,1036,115,18,21,0.6347826086956522,0.5333333333333333,0.7009714632665451,0.08715920000395272,0.00040249999437946826
329,Diabetic Retinopathy Debrecen,4,RandomFuzzyRules__threshold__0_3,1036,115,18,21,0.5478260869565217,0.5,0.628415300546448,0.08568270000978373,0.0004312999953981489
329,Diabetic Retinopathy Debrecen,4,RandomFuzzyRules__threshold__0_4,1036,115,18,21,0.6173913043478261,0.5510204081632653,0.6713721918639952,0.0852591000002576,0.0003952999977627769
329,Diabetic Retinopathy Debrecen,4,RandomFuzzyRules__threshold__0_5,1036,115,18,21,0.6086956521739131,0.4827586206896552,0.7172131147540983,0.06047700000635814,0.00030890000925865024
329,Diabetic Retinopathy Debrecen,4,RandomFuzzyRules__threshold__0_6,1036,115,18,21,0.6,0.6166666666666667,0.6290224650880388,0.09024700000009034,0.00042440000106580555
329,Diabetic Retinopathy Debrecen,4,RandomFuzzyRules__threshold__0_7,1036,115,18,21,0.591304347826087,0.4946236559139785,0.6997571341833637,0.08501789999718312,0.0004456000024219975
329,Diabetic Retinopathy Debrecen,4,RandomFuzzyRules__threshold__0_8,1036,115,18,21,0.6086956521739131,0.4578313253012048,0.7108378870673953,0.10308690000965726,0.0003876999981002882
329,Diabetic Retinopathy Debrecen,4,RandomFuzzyRules__threshold__0_9,1036,115,18,21,0.591304347826087,0.4946236559139785,0.680327868852459,0.08861130000150297,0.00041480000072624534
329,Diabetic Retinopathy Debrecen,5,RandomFuzzyRules__threshold__0_1,1036,115,18,21,0.6260869565217392,0.6386554621848739,0.6985428051001822,0.09422759999870323,0.0003991999983554706
329,Diabetic Retinopathy Debrecen,5,RandomFuzzyRules__threshold__0_2,1036,115,18,21,0.6173913043478261,0.6206896551724138,0.6578627808136004,0.0904887999931816,0.00041360000614076853
329,Diabetic Retinopathy Debrecen,5,RandomFuzzyRules__threshold__0_3,1036,115,18,21,0.6521739130434783,0.7058823529411765,0.6671220400728597,0.08508540000184439,0.0003429000062169507
329,Diabetic Retinopathy Debrecen,5,RandomFuzzyRules__threshold__0_4,1036,115,18,21,0.6173913043478261,0.5510204081632653,0.6114146933819066,0.08440199999313336,0.0004440000047907233
329,Diabetic Retinopathy Debrecen,5,RandomFuzzyRules__threshold__0_5,1036,115,18,21,0.6173913043478261,0.5111111111111111,0.6457194899817851,0.06263500000932254,0.0003460000007180497
329,Diabetic Retinopathy Debrecen,5,RandomFuzzyRules__threshold__0_6,1036,115,18,21,0.5652173913043478,0.609375,0.6457194899817851,0.08912570000393316,0.0003318999952170998
329,Diabetic Retinopathy Debrecen,5,RandomFuzzyRules__threshold__0_7,1036,115,18,21,0.591304347826087,0.584070796460177,0.6457194899817851,0.08813269999518525,0.0003887000057147816
329,Diabetic Retinopathy Debrecen,5,RandomFuzzyRules__threshold__0_8,1036,115,18,21,0.5739130434782609,0.6141732283464567,0.6454159077109897,0.09918839999591,0.0004175999929429963
329,Diabetic Retinopathy Debrecen,5,RandomFuzzyRules__threshold__0_9,1036,115,18,21,0.6260869565217392,0.5567010309278351,0.6675774134790529,0.08326230000238866,0.00030250000418163836
329,Diabetic Retinopathy Debrecen,6,RandomFuzzyRules__threshold__0_1,1036,115,18,21,0.6,0.5964912280701754,0.6378263509411051,0.0839280000072904,0.00035060000664088875
329,Diabetic Retinopathy Debrecen,6,RandomFuzzyRules__threshold__0_2,1036,115,18,21,0.591304347826087,0.5688073394495413,0.5916818457802064,0.08609259998775087,0.00045140000293031335
329,Diabetic Retinopathy Debrecen,6,RandomFuzzyRules__threshold__0_3,1036,115,18,21,0.5304347826086957,0.5909090909090909,0.5812082574377657,0.08592579999822192,0.00042799999937415123
329,Diabetic Retinopathy Debrecen,6,RandomFuzzyRules__threshold__0_4,1036,115,18,21,0.6086956521739131,0.5454545454545454,0.6346387370977533,0.08530170000449289,0.00040189998981077224
329,Diabetic Retinopathy Debrecen,6,RandomFuzzyRules__threshold__0_5,1036,115,18,21,0.6260869565217392,0.49411764705882355,0.6232544019429265,0.0648555999941891,0.00042219999886583537
329,Diabetic Retinopathy Debrecen,6,RandomFuzzyRules__threshold__0_6,1036,115,18,21,0.5652173913043478,0.576271186440678,0.6092896174863388,0.10326960000384133,0.00036360000376589596
329,Diabetic Retinopathy Debrecen,6,RandomFuzzyRules__threshold__0_7,1036,115,18,21,0.6,0.5740740740740741,0.6092896174863388,0.08669949999602977,0.00039230000402312726
329,Diabetic Retinopathy Debrecen,6,RandomFuzzyRules__threshold__0_8,1036,115,18,21,0.5130434782608696,0.5757575757575758,0.5957802064359441,0.08778159999928903,0.00040079999598674476
329,Diabetic Retinopathy Debrecen,6,RandomFuzzyRules__threshold__0_9,1036,115,18,21,0.5739130434782609,0.4731182795698925,0.6132361870066788,0.08504469999752473,0.00042189999658148736
329,Diabetic Retinopathy Debrecen,7,RandomFuzzyRules__threshold__0_1,1036,115,18,21,0.5652173913043478,0.5833333333333334,0.6159684274438373,0.0842248999979347,0.0004410999972606078
329,Diabetic Retinopathy Debrecen,7,RandomFuzzyRules__threshold__0_2,1036,115,18,21,0.5826086956521739,0.4782608695652174,0.6159684274438373,0.08777129999361932,0.0004383000050438568
329,Diabetic Retinopathy Debrecen,7,RandomFuzzyRules__threshold__0_3,1036,115,18,21,0.6,0.6617647058823529,0.6458712811171827,0.08535769999434706,0.0004341000021668151
329,Diabetic Retinopathy Debrecen,7,RandomFuzzyRules__threshold__0_4,1036,115,18,21,0.6434782608695652,0.6095238095238096,0.6537644201578628,0.08604940000805072,0.0005400000081863254
329,Diabetic Retinopathy Debrecen,7,RandomFuzzyRules__threshold__0_5,1036,115,18,21,0.6260869565217392,0.5567010309278351,0.6856405585913783,0.06302539999887813,0.0003014000103576109
329,Diabetic Retinopathy Debrecen,7,RandomFuzzyRules__threshold__0_6,1036,115,18,21,0.6086956521739131,0.6341463414634146,0.6514875531268974,0.09426659999007825,0.0004163999983575195
329,Diabetic Retinopathy Debrecen,7,RandomFuzzyRules__threshold__0_7,1036,115,18,21,0.6173913043478261,0.5925925925925926,0.6514875531268974,0.08452099999703933,0.0004484999954001978
329,Diabetic Retinopathy Debrecen,7,RandomFuzzyRules__threshold__0_8,1036,115,18,21,0.5739130434782609,0.46153846153846156,0.6162720097146326,0.09059019999403972,0.0004284000024199486
329,Diabetic Retinopathy Debrecen,7,RandomFuzzyRules__threshold__0_9,1036,115,18,21,0.5565217391304348,0.4742268041237113,0.6159684274438373,0.08943300000100862,0.00042969999776687473
329,Diabetic Retinopathy Debrecen,8,RandomFuzzyRules__threshold__0_1,1036,115,18,21,0.6434782608695652,0.6771653543307087,0.7061323618700667,0.09009160001005512,0.00040550000267103314
329,Diabetic Retinopathy Debrecen,8,RandomFuzzyRules__threshold__0_2,1036,115,18,21,0.591304347826087,0.5765765765765766,0.6520947176684881,0.0887866999983089,0.00044169998727738857
329,Diabetic Retinopathy Debrecen,8,RandomFuzzyRules__threshold__0_3,1036,115,18,21,0.6521739130434783,0.7058823529411765,0.6578627808136004,0.08771440001146402,0.00042699999175965786
329,Diabetic Retinopathy Debrecen,8,RandomFuzzyRules__threshold__0_4,1036,115,18,21,0.5826086956521739,0.4782608695652174,0.6094414086217365,0.08600999999907799,0.00041900000360328704
329,Diabetic Retinopathy Debrecen,8,RandomFuzzyRules__threshold__0_5,1036,115,18,21,0.5826086956521739,0.4146341463414634,0.6554341226472374,0.06941850000293925,0.0003068999940296635
329,Diabetic Retinopathy Debrecen,8,RandomFuzzyRules__threshold__0_6,1036,115,18,21,0.5739130434782609,0.608,0.6366120218579235,0.10462980000011157,0.00038300000596791506
329,Diabetic Retinopathy Debrecen,8,RandomFuzzyRules__threshold__0_7,1036,115,18,21,0.6,0.5306122448979592,0.6366120218579235,0.0892638000077568,0.0004050999996252358
329,Diabetic Retinopathy Debrecen,8,RandomFuzzyRules__threshold__0_8,1036,115,18,21,0.5478260869565217,0.38095238095238093,0.6663630843958712,0.08537349999824073,0.0004023000074084848
329,Diabetic Retinopathy Debrecen,8,RandomFuzzyRules__threshold__0_9,1036,115,18,21,0.6,0.5,0.6393442622950819,0.08788640001148451,0.0004459000047063455
329,Diabetic Retinopathy Debrecen,9,RandomFuzzyRules__threshold__0_1,1036,115,18,21,0.6086956521739131,0.628099173553719,0.6435944140862173,0.09910899998794775,0.00037230001180432737
329,Diabetic Retinopathy Debrecen,9,RandomFuzzyRules__threshold__0_2,1036,115,18,21,0.5478260869565217,0.5357142857142857,0.6004857316332726,0.08969169999181759,0.0004667000030167401
329,Diabetic Retinopathy Debrecen,9,RandomFuzzyRules__threshold__0_3,1036,115,18,21,0.5652173913043478,0.6323529411764706,0.5954766241651487,0.08834400000341702,0.0004757999995490536
329,Diabetic Retinopathy Debrecen,9,RandomFuzzyRules__threshold__0_4,1036,115,18,21,0.5391304347826087,0.43010752688172044,0.589404978749241,0.09769419999793172,0.00046640000073239207
329,Diabetic Retinopathy Debrecen,9,RandomFuzzyRules__threshold__0_5,1036,115,18,21,0.5391304347826087,0.39080459770114945,0.5921372191863995,0.06403680000221357,0.00040129999979399145
329,Diabetic Retinopathy Debrecen,9,RandomFuzzyRules__threshold__0_6,1036,115,18,21,0.5826086956521739,0.5932203389830508,0.5661809350333941,0.10489319999760482,0.0004307999915909022
329,Diabetic Retinopathy Debrecen,9,RandomFuzzyRules__threshold__0_7,1036,115,18,21,0.5217391304347826,0.46601941747572817,0.5661809350333941,0.09176120000483934,0.0004704000020865351
329,Diabetic Retinopathy Debrecen,9,RandomFuzzyRules__threshold__0_8,1036,115,18,21,0.5391304347826087,0.3764705882352941,0.6302367941712205,0.08964250001008622,0.0004940000071655959
329,Diabetic Retinopathy Debrecen,9,RandomFuzzyRules__threshold__0_9,1036,115,18,21,0.5304347826086957,0.4489795918367347,0.5698239222829388,0.09053960000164807,0.0003437999985180795
329,Diabetic Retinopathy Debrecen,10,RandomFuzzyRules__threshold__0_1,1036,115,18,21,0.6086956521739131,0.6341463414634146,0.6857923497267759,0.09386110000195913,0.0004278999986127019
329,Diabetic Retinopathy Debrecen,10,RandomFuzzyRules__threshold__0_2,1036,115,18,21,0.6521739130434783,0.6491228070175439,0.6520947176684881,0.08914320000621956,0.00043960000039078295
329,Diabetic Retinopathy Debrecen,10,RandomFuzzyRules__threshold__0_3,1036,115,18,21,0.591304347826087,0.656934306569343,0.642228293867638,0.09004260000074282,0.0004894000012427568
329,Diabetic Retinopathy Debrecen,10,RandomFuzzyRules__threshold__0_4,1036,115,18,21,0.6608695652173913,0.6060606060606061,0.6419247115968427,0.09335209999699146,0.0004641999985324219
329,Diabetic Retinopathy Debrecen,10,RandomFuzzyRules__threshold__0_5,1036,115,18,21,0.6173913043478261,0.5,0.6537644201578627,0.06579030001012143,0.0003403000009711832
329,Diabetic Retinopathy Debrecen,10,RandomFuzzyRules__threshold__0_6,1036,115,18,21,0.5652173913043478,0.5901639344262295,0.6347905282331513,0.10482120000233408,0.00045110000064596534
329,Diabetic Retinopathy Debrecen,10,RandomFuzzyRules__threshold__0_7,1036,115,18,21,0.6086956521739131,0.5544554455445545,0.6347905282331513,0.09153100001276471,0.0005095000087749213
329,Diabetic Retinopathy Debrecen,10,RandomFuzzyRules__threshold__0_8,1036,115,18,21,0.5739130434782609,0.6141732283464567,0.6575591985428051,0.08862890000455081,0.00048809999134391546
329,Diabetic Retinopathy Debrecen,10,RandomFuzzyRules__threshold__0_9,1036,115,18,21,0.6173913043478261,0.5416666666666666,0.6536126290224651,0.0958325999963563,0.0004622999986167997
451,Breast Cancer Coimbra,1,RandomFuzzyRules__threshold__0_1,104,12,9,9,0.75,0.7692307692307693,0.6666666666666666,0.046237699993071146,0.00034940001205541193
451,Breast Cancer Coimbra,1,RandomFuzzyRules__threshold__0_2,104,12,9,9,0.5833333333333334,0.6153846153846154,0.5555555555555556,0.044602399997529574,0.00024930000654421747
451,Breast Cancer Coimbra,1,RandomFuzzyRules__threshold__0_3,104,12,9,9,0.6666666666666666,0.7142857142857143,0.6944444444444444,0.045315800001844764,0.0003262999962316826
451,Breast Cancer Coimbra,1,RandomFuzzyRules__threshold__0_4,104,12,9,9,0.5833333333333334,0.6666666666666666,0.6944444444444444,0.04525110000395216,0.0003515999997034669
451,Breast Cancer Coimbra,1,RandomFuzzyRules__threshold__0_5,104,12,9,9,0.6666666666666666,0.6666666666666666,0.6666666666666666,0.04397479999170173,0.00036240000918041915
451,Breast Cancer Coimbra,1,RandomFuzzyRules__threshold__0_6,104,12,9,9,0.75,0.6666666666666666,0.6666666666666666,0.045565399996121414,0.00033740000799298286
451,Breast Cancer Coimbra,1,RandomFuzzyRules__threshold__0_7,104,12,9,9,0.4166666666666667,0.46153846153846156,0.4722222222222223,0.04621089999272954,0.0003620000061346218
451,Breast Cancer Coimbra,1,RandomFuzzyRules__threshold__0_8,104,12,9,9,0.5,0.5714285714285714,0.5277777777777778,0.04600569998729043,0.000332200012053363
451,Breast Cancer Coimbra,1,RandomFuzzyRules__threshold__0_9,104,12,9,9,0.5833333333333334,0.7058823529411765,0.5833333333333334,0.043152500002179295,0.00035289999505039304
451,Breast Cancer Coimbra,2,RandomFuzzyRules__threshold__0_1,104,12,9,9,0.5,0.4,0.33333333333333337,0.0474677000020165,0.0002795000036712736
451,Breast Cancer Coimbra,2,RandomFuzzyRules__threshold__0_2,104,12,9,9,0.5,0.5,0.33333333333333337,0.04057230000034906,0.00024389999452978373
451,Breast Cancer Coimbra,2,RandomFuzzyRules__threshold__0_3,104,12,9,9,0.9166666666666666,0.9090909090909091,1.0,0.03965039999457076,0.0002246000076411292
451,Breast Cancer Coimbra,2,RandomFuzzyRules__threshold__0_4,104,12,9,9,0.6666666666666666,0.7142857142857143,0.4722222222222222,0.04418299999088049,0.00037779999547638
451,Breast Cancer Coimbra,2,RandomFuzzyRules__threshold__0_5,104,12,9,9,0.8333333333333334,0.8333333333333334,0.9722222222222223,0.036830600001849234,0.0003662999952211976
451,Breast Cancer Coimbra,2,RandomFuzzyRules__threshold__0_6,104,12,9,9,0.5833333333333334,0.6153846153846154,0.6111111111111112,0.04322439999668859,0.00036130000080447644
451,Breast Cancer Coimbra,2,RandomFuzzyRules__threshold__0_7,104,12,9,9,0.6666666666666666,0.75,0.36111111111111116,0.04597819999617059,0.0002471999905537814
451,Breast Cancer Coimbra,2,RandomFuzzyRules__threshold__0_8,104,12,9,9,0.5833333333333334,0.5454545454545454,0.5277777777777778,0.043199299994739704,0.0003617000038502738
451,Breast Cancer Coimbra,2,RandomFuzzyRules__threshold__0_9,104,12,9,9,0.5833333333333334,0.5454545454545454,0.5,0.05239320000691805,0.0003468000068096444
451,Breast Cancer Coimbra,3,RandomFuzzyRules__threshold__0_1,104,12,9,9,0.8333333333333334,0.8333333333333334,0.9714285714285715,0.039189300005091354,0.0003345000004628673
451,Breast Cancer Coimbra,3,RandomFuzzyRules__threshold__0_2,104,12,9,9,0.3333333333333333,0.42857142857142855,0.19999999999999998,0.049151899991557,0.0003643000090960413
451,Breast Cancer Coimbra,3,RandomFuzzyRules__threshold__0_3,104,12,9,9,0.75,0.7692307692307693,0.8,0.044106499990448356,0.00033070000063162297
451,Breast Cancer Coimbra,3,RandomFuzzyRules__threshold__0_4,104,12,9,9,0.6666666666666666,0.6666666666666666,0.8285714285714285,0.0413224999938393,0.00024730000586714596
451,Breast Cancer Coimbra,3,RandomFuzzyRules__threshold__0_5,104,12,9,9,0.6666666666666666,0.7142857142857143,0.7999999999999999,0.04111679999914486,0.00022739999985788018
451,Breast Cancer Coimbra,3,RandomFuzzyRules__threshold__0_6,104,12,9,9,0.9166666666666666,0.9230769230769231,0.9714285714285715,0.050841999996919185,0.0003544999926816672
451,Breast Cancer Coimbra,3,RandomFuzzyRules__threshold__0_7,104,12,9,9,0.6666666666666666,0.7777777777777778,0.7428571428571429,0.04142300000239629,0.0003584000078262761
451,Breast Cancer Coimbra,3,RandomFuzzyRules__threshold__0_8,104,12,9,9,0.6666666666666666,0.7142857142857143,0.6857142857142858,0.04556500000762753,0.0003473999968264252
451,Breast Cancer Coimbra,3,RandomFuzzyRules__threshold__0_9,104,12,9,9,0.5,0.5,0.48571428571428565,0.04512850000173785,0.00037399999564513564
451,Breast Cancer Coimbra,4,RandomFuzzyRules__threshold__0_1,104,12,9,9,0.75,0.7692307692307693,0.8857142857142857,0.04776549999951385,0.00036979999276809394
451,Breast Cancer Coimbra,4,RandomFuzzyRules__threshold__0_2,104,12,9,9,0.5833333333333334,0.4444444444444444,0.8,0.04640779999317601,0.00033090000215452164
451,Breast Cancer Coimbra,4,RandomFuzzyRules__threshold__0_3,104,12,9,9,0.75,0.8235294117647058,0.8857142857142857,0.04466840000532102,0.00028419999580364674
451,Breast Cancer Coimbra,4,RandomFuzzyRules__threshold__0_4,104,12,9,9,0.5,0.625,0.6285714285714286,0.04591900001105387,0.000337799996486865
451,Breast Cancer Coimbra,4,RandomFuzzyRules__threshold__0_5,104,12,9,9,0.8333333333333334,0.8333333333333334,0.8571428571428572,0.04376349999802187,0.0003496999997878447
451,Breast Cancer Coimbra,4,RandomFuzzyRules__threshold__0_6,104,12,9,9,0.8333333333333334,0.8333333333333334,0.8571428571428572,0.0462686999962898,0.0003497999859973788
451,Breast Cancer Coimbra,4,RandomFuzzyRules__threshold__0_7,104,12,9,9,0.3333333333333333,0.3333333333333333,0.2857142857142857,0.045259100006660447,0.000334399999701418
451,Breast Cancer Coimbra,4,RandomFuzzyRules__threshold__0_8,104,12,9,9,0.5833333333333334,0.5454545454545454,0.45714285714285713,0.046406100009335205,0.0003628999984357506
451,Breast Cancer Coimbra,4,RandomFuzzyRules__threshold__0_9,104,12,9,9,0.5,0.6666666666666666,0.08571428571428572,0.04645460000028834,0.0003479000006336719
451,Breast Cancer Coimbra,5,RandomFuzzyRules__threshold__0_1,104,12,9,9,0.75,0.7692307692307693,0.7142857142857143,0.04594280000310391,0.00035069999285042286
451,Breast Cancer Coimbra,5,RandomFuzzyRules__threshold__0_2,104,12,9,9,0.75,0.8,0.6857142857142857,0.042750900000100955,0.0003208999987691641
451,Breast Cancer Coimbra,5,RandomFuzzyRules__threshold__0_3,104,12,9,9,0.75,0.8,0.7714285714285715,0.04534159999457188,0.0003335000074002892
451,Breast Cancer Coimbra,5,RandomFuzzyRules__threshold__0_4,104,12,9,9,0.5,0.5,0.6285714285714286,0.045634699999936856,0.0003547000087564811
451,Breast Cancer Coimbra,5,RandomFuzzyRules__threshold__0_5,104,12,9,9,0.5833333333333334,0.6153846153846154,0.6571428571428571,0.04871129999810364,0.0003578000032575801
451,Breast Cancer Coimbra,5,RandomFuzzyRules__threshold__0_6,104,12,9,9,0.5,0.4,0.6571428571428571,0.04533189999347087,0.00034180001239292324
451,Breast Cancer Coimbra,5,RandomFuzzyRules__threshold__0_7,104,12,9,9,0.6666666666666666,0.7142857142857143,0.7142857142857142,0.046851999999489635,0.00033900000562425703
451,Breast Cancer Coimbra,5,RandomFuzzyRules__threshold__0_8,104,12,9,9,0.6666666666666666,0.7142857142857143,0.6571428571428573,0.04751370000303723,0.00037250001332722604
451,Breast Cancer Coimbra,5,RandomFuzzyRules__threshold__0_9,104,12,9,9,0.5,0.625,0.6285714285714286,0.04573009999876376,0.00035060000664088875
451,Breast Cancer Coimbra,6,RandomFuzzyRules__threshold__0_1,104,12,9,9,0.4166666666666667,0.46153846153846156,0.4857142857142857,0.04960739999660291,0.00032140000257641077
451,Breast Cancer Coimbra,6,RandomFuzzyRules__threshold__0_2,104,12,9,9,0.5,0.625,0.42857142857142855,0.045349799998803064,0.00034980000054929405
451,Breast Cancer Coimbra,6,RandomFuzzyRules__threshold__0_3,104,12,9,9,0.3333333333333333,0.42857142857142855,0.3142857142857143,0.04551379999611527,0.00034169999707955867
451,Breast Cancer Coimbra,6,RandomFuzzyRules__threshold__0_4,104,12,9,9,0.4166666666666667,0.2222222222222222,0.42857142857142855,0.04994329999317415,0.00036160000308882445
451,Breast Cancer Coimbra,6,RandomFuzzyRules__threshold__0_5,104,12,9,9,0.4166666666666667,0.5882352941176471,0.6,0.04738309999811463,0.00035790000401902944
451,Breast Cancer Coimbra,6,RandomFuzzyRules__threshold__0_6,104,12,9,9,0.5,0.5,0.6,0.04260729999805335,0.0003468999930191785
451,Breast Cancer Coimbra,6,RandomFuzzyRules__threshold__0_7,104,12,9,9,0.5,0.625,0.5142857142857142,0.044280000001890585,0.0004118999931961298
451,Breast Cancer Coimbra,6,RandomFuzzyRules__threshold__0_8,104,12,9,9,0.4166666666666667,0.5333333333333333,0.5142857142857142,0.0471871000045212,0.0003693000035127625
451,Breast Cancer Coimbra,6,RandomFuzzyRules__threshold__0_9,104,12,9,9,0.4166666666666667,0.36363636363636365,0.6571428571428571,0.04481069999746978,0.0003964999923482537
451,Breast Cancer Coimbra,7,RandomFuzzyRules__threshold__0_1,105,11,9,9,0.9090909090909091,0.9090909090909091,1.0,0.0471871000045212,0.00035289999505039304
451,Breast Cancer Coimbra,7,RandomFuzzyRules__threshold__0_2,105,11,9,9,0.6363636363636364,0.6666666666666666,0.7666666666666666,0.04516229999717325,0.0003876999981002882
451,Breast Cancer Coimbra,7,RandomFuzzyRules__threshold__0_3,105,11,9,9,0.8181818181818182,0.8333333333333334,0.9666666666666668,0.053151900006923825,0.0003681999951368198
451,Breast Cancer Coimbra,7,RandomFuzzyRules__threshold__0_4,105,11,9,9,0.6363636363636364,0.6,0.9,0.04763909999746829,0.0004157999937888235
451,Breast Cancer Coimbra,7,RandomFuzzyRules__threshold__0_5,105,11,9,9,0.7272727272727273,0.7692307692307693,0.8666666666666667,0.0456216000020504,0.0003859999997075647
451,Breast Cancer Coimbra,7,RandomFuzzyRules__threshold__0_6,105,11,9,9,0.6363636363636364,0.6,0.8666666666666667,0.0468754000030458,0.0004346000059740618
451,Breast Cancer Coimbra,7,RandomFuzzyRules__threshold__0_7,105,11,9,9,0.6363636363636364,0.7142857142857143,0.6,0.04577019999851473,0.0004515000036917627
451,Breast Cancer Coimbra,7,RandomFuzzyRules__threshold__0_8,105,11,9,9,0.5454545454545454,0.5454545454545454,0.6,0.046467699998174794,0.00042669998947530985
451,Breast Cancer Coimbra,7,RandomFuzzyRules__threshold__0_9,105,11,9,9,0.6363636363636364,0.75,0.6333333333333333,0.0484258999931626,0.0004334999975981191
451,Breast Cancer Coimbra,8,RandomFuzzyRules__threshold__0_1,105,11,9,9,0.6363636363636364,0.6666666666666666,0.7666666666666666,0.04561059999105055,0.0004167000006418675
451,Breast Cancer Coimbra,8,RandomFuzzyRules__threshold__0_2,105,11,9,9,0.45454545454545453,0.4,0.5666666666666667,0.04840080000576563,0.00037199999496806413
451,Breast Cancer Coimbra,8,RandomFuzzyRules__threshold__0_3,105,11,9,9,0.6363636363636364,0.6,0.7000000000000001,0.04683140000270214,0.0003789999900618568
451,Breast Cancer Coimbra,8,RandomFuzzyRules__threshold__0_4,105,11,9,9,0.5454545454545454,0.6666666666666666,0.5666666666666667,0.05377779999980703,0.00038070000300649554
451,Breast Cancer Coimbra,8,RandomFuzzyRules__threshold__0_5,105,11,9,9,0.8181818181818182,0.8333333333333334,0.8333333333333333,0.04582569999911357,0.0004045999958179891
451,Breast Cancer Coimbra,8,RandomFuzzyRules__threshold__0_6,105,11,9,9,0.6363636363636364,0.6,0.8333333333333333,0.0450284999969881,0.0004045999958179891
451,Breast Cancer Coimbra,8,RandomFuzzyRules__threshold__0_7,105,11,9,9,0.5454545454545454,0.6153846153846154,0.7,0.04510849999496713,0.00033340000663883984
451,Breast Cancer Coimbra,8,RandomFuzzyRules__threshold__0_8,105,11,9,9,0.5454545454545454,0.6153846153846154,0.5333333333333333,0.04593990001012571,0.00038559999666176736
451,Breast Cancer Coimbra,8,RandomFuzzyRules__threshold__0_9,105,11,9,9,0.45454545454545453,0.5714285714285714,0.6,0.04690420000406448,0.00034810000215657055
451,Breast Cancer Coimbra,9,RandomFuzzyRules__threshold__0_1,105,11,9,9,0.7272727272727273,0.6666666666666666,0.8333333333333334,0.04732990000047721,0.00038979999953880906
451,Breast Cancer Coimbra,9,RandomFuzzyRules__threshold__0_2,105,11,9,9,0.5454545454545454,0.5454545454545454,0.5666666666666667,0.044141500009573065,0.00035770000249613076
451,Breast Cancer Coimbra,9,RandomFuzzyRules__threshold__0_3,105,11,9,9,0.7272727272727273,0.6666666666666666,0.6333333333333333,0.050478300006943755,0.0003721000102814287
451,Breast Cancer Coimbra,9,RandomFuzzyRules__threshold__0_4,105,11,9,9,0.6363636363636364,0.5,0.6666666666666666,0.04539550001209136,0.0003428999916650355
451,Breast Cancer Coimbra,9,RandomFuzzyRules__threshold__0_5,105,11,9,9,0.6363636363636364,0.7142857142857143,0.7,0.041265699997893535,0.0003674999898066744
451,Breast Cancer Coimbra,9,RandomFuzzyRules__threshold__0_6,105,11,9,9,0.7272727272727273,0.7272727272727273,0.7,0.04582959999970626,0.0003521000035107136
451,Breast Cancer Coimbra,9,RandomFuzzyRules__threshold__0_7,105,11,9,9,0.2727272727272727,0.3333333333333333,0.39999999999999997,0.052768099994864315,0.00037150000571273267
451,Breast Cancer Coimbra,9,RandomFuzzyRules__threshold__0_8,105,11,9,9,0.7272727272727273,0.7692307692307693,0.7666666666666666,0.045187299998360686,0.00033340000663883984
451,Breast Cancer Coimbra,9,RandomFuzzyRules__threshold__0_9,105,11,9,9,0.45454545454545453,0.625,0.36666666666666664,0.04631459999654908,0.0003724999987753108
451,Breast Cancer Coimbra,10,RandomFuzzyRules__threshold__0_1,105,11,9,9,0.7272727272727273,0.7272727272727273,0.7666666666666666,0.043988900011754595,0.0003597999893827364
451,Breast Cancer Coimbra,10,RandomFuzzyRules__threshold__0_2,105,11,9,9,0.6363636363636364,0.7142857142857143,0.6,0.04520490000140853,0.0003428999916650355
451,Breast Cancer Coimbra,10,RandomFuzzyRules__threshold__0_3,105,11,9,9,0.6363636363636364,0.6666666666666666,0.6666666666666666,0.04574560000037309,0.0003598000039346516
451,Breast Cancer Coimbra,10,RandomFuzzyRules__threshold__0_4,105,11,9,9,0.45454545454545453,0.4,0.6,0.04551989999890793,0.00037480000173673034
451,Breast Cancer Coimbra,10,RandomFuzzyRules__threshold__0_5,105,11,9,9,0.6363636363636364,0.7142857142857143,0.7,0.04262560000643134,0.00035430000571068376
451,Breast Cancer Coimbra,10,RandomFuzzyRules__threshold__0_6,105,11,9,9,0.5454545454545454,0.4444444444444444,0.7,0.045615700000780635,0.0003482000029180199
451,Breast Cancer Coimbra,10,RandomFuzzyRules__threshold__0_7,105,11,9,9,0.5454545454545454,0.7058823529411765,0.7,0.04651010000088718,0.0003536000003805384
451,Breast Cancer Coimbra,10,RandomFuzzyRules__threshold__0_8,105,11,9,9,0.6363636363636364,0.75,0.7333333333333333,0.04603739999583922,0.00035530001332517713
451,Breast Cancer Coimbra,10,RandomFuzzyRules__threshold__0_9,105,11,9,9,0.5454545454545454,0.7058823529411765,0.36666666666666664,0.053626599998096935,0.0003556000010576099
519,Heart Failure Clinical Records,1,RandomFuzzyRules__threshold__0_1,269,30,12,17,0.6666666666666666,0.375,0.7550000000000001,0.057357400000910275,0.00036619999445974827
519,Heart Failure Clinical Records,1,RandomFuzzyRules__threshold__0_2,269,30,12,17,0.7666666666666667,0.631578947368421,0.815,0.05232580000301823,0.0003495999990263954
519,Heart Failure Clinical Records,1,RandomFuzzyRules__threshold__0_3,269,30,12,17,0.8,0.7,0.835,0.05132919999596197,0.00036950000503566116
519,Heart Failure Clinical Records,1,RandomFuzzyRules__threshold__0_4,269,30,12,17,0.8,0.625,0.835,0.051037500001257285,0.0002646000066306442
519,Heart Failure Clinical Records,1,RandomFuzzyRules__threshold__0_5,269,30,12,17,0.8333333333333334,0.7619047619047619,0.845,0.0475501000037184,0.0003657999914139509
519,Heart Failure Clinical Records,1,RandomFuzzyRules__threshold__0_6,269,30,12,17,0.8,0.6666666666666666,0.8225,0.05016950001299847,0.00034389999927952886
519,Heart Failure Clinical Records,1,RandomFuzzyRules__threshold__0_7,269,30,12,17,0.8333333333333334,0.7058823529411765,0.8250000000000001,0.05159059999277815,0.00036469999758992344
519,Heart Failure Clinical Records,1,RandomFuzzyRules__threshold__0_8,269,30,12,17,0.8666666666666667,0.8,0.8500000000000001,0.05355949999648146,0.00033760000951588154
519,Heart Failure Clinical Records,1,RandomFuzzyRules__threshold__0_9,269,30,12,17,0.8333333333333334,0.7058823529411765,0.765,0.06461840000702068,0.00036380000528879464
519,Heart Failure Clinical Records,2,RandomFuzzyRules__threshold__0_1,269,30,12,17,0.7333333333333333,0.42857142857142855,0.81,0.05232600000454113,0.0003549999964889139
519,Heart Failure Clinical Records,2,RandomFuzzyRules__threshold__0_2,269,30,12,17,0.8666666666666667,0.8,0.91,0.05112689999805298,0.00037510000402107835
519,Heart Failure Clinical Records,2,RandomFuzzyRules__threshold__0_3,269,30,12,17,0.9,0.8571428571428571,0.93,0.05275810000603087,0.00036839999665971845
519,Heart Failure Clinical Records,2,RandomFuzzyRules__threshold__0_4,269,30,12,17,0.9333333333333333,0.8888888888888888,0.93,0.05083079999894835,0.0003404999879421666
519,Heart Failure Clinical Records,2,RandomFuzzyRules__threshold__0_5,269,30,12,17,0.9666666666666667,0.9473684210526315,0.925,0.046961599990027025,0.0003648999991128221
519,Heart Failure Clinical Records,2,RandomFuzzyRules__threshold__0_6,269,30,12,17,0.9333333333333333,0.9,0.93,0.05231510000885464,0.00038719999429304153
519,Heart Failure Clinical Records,2,RandomFuzzyRules__threshold__0_7,269,30,12,17,0.8333333333333334,0.7619047619047619,0.9299999999999999,0.05099599999084603,0.000367600005120039
519,Heart Failure Clinical Records,2,RandomFuzzyRules__threshold__0_8,269,30,12,17,0.9,0.8421052631578947,0.915,0.054001399999833666,0.0003728000010596588
519,Heart Failure Clinical Records,2,RandomFuzzyRules__threshold__0_9,269,30,12,17,0.9333333333333333,0.8888888888888888,0.905,0.051691799992113374,0.0003476999991107732
519,Heart Failure Clinical Records,3,RandomFuzzyRules__threshold__0_1,269,30,12,17,0.6333333333333333,0.26666666666666666,0.75,0.050914699997520074,0.0003561999910743907
519,Heart Failure Clinical Records,3,RandomFuzzyRules__threshold__0_2,269,30,12,17,0.7333333333333333,0.5555555555555556,0.78,0.05199930000526365,0.000364200008334592
519,Heart Failure Clinical Records,3,RandomFuzzyRules__threshold__0_3,269,30,12,17,0.8333333333333334,0.7058823529411765,0.805,0.051217499989434145,0.0003702000103658065
519,Heart Failure Clinical Records,3,RandomFuzzyRules__threshold__0_4,269,30,12,17,0.8333333333333334,0.6666666666666666,0.805,0.050630000012461096,0.0003451000084169209
519,Heart Failure Clinical Records,3,RandomFuzzyRules__threshold__0_5,269,30,12,17,0.8666666666666667,0.75,0.8225,0.047123299998929724,0.00035770000249613076
519,Heart Failure Clinical Records,3,RandomFuzzyRules__threshold__0_6,269,30,12,17,0.8333333333333334,0.7058823529411765,0.81,0.051295900004333816,0.00036609999369829893
519,Heart Failure Clinical Records,3,RandomFuzzyRules__threshold__0_7,269,30,12,17,0.9,0.8235294117647058,0.86,0.05488720000721514,0.00036099999852012843
519,Heart Failure Clinical Records,3,RandomFuzzyRules__threshold__0_8,269,30,12,17,0.8666666666666667,0.75,0.8,0.05243749999499414,0.00037900000461377203
519,Heart Failure Clinical Records,3,RandomFuzzyRules__threshold__0_9,269,30,12,17,0.8666666666666667,0.75,0.815,0.05674699999508448,0.000374399998690933
519,Heart Failure Clinical Records,4,RandomFuzzyRules__threshold__0_1,269,30,12,17,0.7666666666666667,0.631578947368421,0.875,0.05193459999281913,0.00037680000241380185
519,Heart Failure Clinical Records,4,RandomFuzzyRules__threshold__0_2,269,30,12,17,0.8666666666666667,0.8,0.925,0.05135699998936616,0.0003493000112939626
519,Heart Failure Clinical Records,4,RandomFuzzyRules__threshold__0_3,269,30,12,17,0.8333333333333334,0.7619047619047619,0.9,0.05155129999911878,0.00033429999893996865
519,Heart Failure Clinical Records,4,RandomFuzzyRules__threshold__0_4,269,30,12,17,0.9,0.8421052631578947,0.9,0.04991629999130964,0.0003817000106209889
519,Heart Failure Clinical Records,4,RandomFuzzyRules__threshold__0_5,269,30,12,17,0.8,0.7,0.8500000000000001,0.04645989999698941,0.00035260000731796026
519,Heart Failure Clinical Records,4,RandomFuzzyRules__threshold__0_6,269,30,12,17,0.7666666666666667,0.631578947368421,0.8250000000000001,0.05093039998610038,0.00042150000808760524
519,Heart Failure Clinical Records,4,RandomFuzzyRules__threshold__0_7,269,30,12,17,0.8333333333333334,0.7619047619047619,0.88,0.05064190000121016,0.0004304999893065542
519,Heart Failure Clinical Records,4,RandomFuzzyRules__threshold__0_8,269,30,12,17,0.8,0.7272727272727273,0.81,0.06699209999351297,0.000371600006474182
519,Heart Failure Clinical Records,4,RandomFuzzyRules__threshold__0_9,269,30,12,17,0.8,0.7,0.8300000000000001,0.05077539999911096,0.0004098000063095242
519,Heart Failure Clinical Records,5,RandomFuzzyRules__threshold__0_1,269,30,12,17,0.7666666666666667,0.5882352941176471,0.83,0.05279480000899639,0.00043059999006800354
519,Heart Failure Clinical Records,5,RandomFuzzyRules__threshold__0_2,269,30,12,17,0.8666666666666667,0.7777777777777778,0.9199999999999999,0.061733100010314956,0.0004115999909117818
519,Heart Failure Clinical Records,5,RandomFuzzyRules__threshold__0_3,269,30,12,17,0.9,0.8421052631578947,0.9650000000000001,0.05321450000337791,0.00040949998947326094
519,Heart Failure Clinical Records,5,RandomFuzzyRules__threshold__0_4,269,30,12,17,0.8333333333333334,0.6666666666666666,0.9650000000000001,0.053505699994275346,0.0004305000038584694
519,Heart Failure Clinical Records,5,RandomFuzzyRules__threshold__0_5,269,30,12,17,0.8666666666666667,0.75,0.915,0.04712889999791514,0.0004324000037740916
519,Heart Failure Clinical Records,5,RandomFuzzyRules__threshold__0_6,269,30,12,17,0.8333333333333334,0.7058823529411765,0.955,0.05115440000372473,0.0003887000057147816
519,Heart Failure Clinical Records,5,RandomFuzzyRules__threshold__0_7,269,30,12,17,0.8,0.6666666666666666,0.9349999999999999,0.05296840000664815,0.0003935999993700534
519,Heart Failure Clinical Records,5,RandomFuzzyRules__threshold__0_8,269,30,12,17,0.8333333333333334,0.7058823529411765,0.895,0.05424049998691771,0.00041689998761285096
519,Heart Failure Clinical Records,5,RandomFuzzyRules__threshold__0_9,269,30,12,17,0.8666666666666667,0.75,0.9650000000000001,0.05314180000277702,0.00040770000487100333
519,Heart Failure Clinical Records,6,RandomFuzzyRules__threshold__0_1,269,30,12,17,0.7,0.4,0.68,0.05402089998824522,0.00042630000098142773
519,Heart Failure Clinical Records,6,RandomFuzzyRules__threshold__0_2,269,30,12,17,0.7333333333333333,0.5555555555555556,0.75,0.06513540000014473,0.00042109999048989266
519,Heart Failure Clinical Records,6,RandomFuzzyRules__threshold__0_3,269,30,12,17,0.7333333333333333,0.5555555555555556,0.775,0.07375470000260975,0.00039620000461582094
519,Heart Failure Clinical Records,6,RandomFuzzyRules__threshold__0_4,269,30,12,17,0.7666666666666667,0.46153846153846156,0.775,0.07104390001040883,0.00038919999497011304
519,Heart Failure Clinical Records,6,RandomFuzzyRules__threshold__0_5,269,30,12,17,0.7,0.3076923076923077,0.7150000000000001,0.049820400003227405,0.00031740000122226775
519,Heart Failure Clinical Records,6,RandomFuzzyRules__threshold__0_6,269,30,12,17,0.7333333333333333,0.3333333333333333,0.755,0.0715150000032736,0.0003842000005533919
519,Heart Failure Clinical Records,6,RandomFuzzyRules__threshold__0_7,269,30,12,17,0.7666666666666667,0.46153846153846156,0.7899999999999999,0.06276839999190997,0.0003817000106209889
519,Heart Failure Clinical Records,6,RandomFuzzyRules__threshold__0_8,269,30,12,17,0.7666666666666667,0.5333333333333333,0.76,0.05089169999700971,0.00037510000402107835
519,Heart Failure Clinical Records,6,RandomFuzzyRules__threshold__0_9,269,30,12,17,0.7,0.3076923076923077,0.6200000000000001,0.05286320000595879,0.00039989998913370073
519,Heart Failure Clinical Records,7,RandomFuzzyRules__threshold__0_1,269,30,12,17,0.8333333333333334,0.6153846153846154,0.8201058201058201,0.05053190000762697,0.000378700002329424
519,Heart Failure Clinical Records,7,RandomFuzzyRules__threshold__0_2,269,30,12,17,0.8333333333333334,0.7058823529411765,0.9153439153439153,0.04781469999579713,0.0003614000015659258
519,Heart Failure Clinical Records,7,RandomFuzzyRules__threshold__0_3,269,30,12,17,0.9,0.8,0.9576719576719577,0.05104460001166444,0.0003673999890452251
519,Heart Failure Clinical Records,7,RandomFuzzyRules__threshold__0_4,269,30,12,17,0.8333333333333334,0.6153846153846154,0.9576719576719577,0.05108220000693109,0.00038529999437741935
519,Heart Failure Clinical Records,7,RandomFuzzyRules__threshold__0_5,269,30,12,17,0.8,0.5,0.9206349206349207,0.04612109999288805,0.00032589999318588525
519,Heart Failure Clinical Records,7,RandomFuzzyRules__threshold__0_6,269,30,12,17,0.8333333333333334,0.6666666666666666,0.91005291005291,0.05324819999805186,0.0003716999926837161
519,Heart Failure Clinical Records,7,RandomFuzzyRules__threshold__0_7,269,30,12,17,0.9,0.8,0.9894179894179894,0.05072529999597464,0.00035990000469610095
519,Heart Failure Clinical Records,7,RandomFuzzyRules__threshold__0_8,269,30,12,17,0.7666666666666667,0.46153846153846156,0.8994708994708994,0.0681923999945866,0.000375000003259629
519,Heart Failure Clinical Records,7,RandomFuzzyRules__threshold__0_9,269,30,12,17,0.8333333333333334,0.6153846153846154,0.8783068783068784,0.051523600006476045,0.00039370000013150275
519,Heart Failure Clinical Records,8,RandomFuzzyRules__threshold__0_1,269,30,12,17,0.8,0.5714285714285714,0.8994708994708995,0.06956819999322761,0.0003819999983534217
519,Heart Failure Clinical Records,8,RandomFuzzyRules__threshold__0_2,269,30,12,17,0.7666666666666667,0.5882352941176471,0.7724867724867726,0.051968700005090795,0.0003485000052023679
519,Heart Failure Clinical Records,8,RandomFuzzyRules__threshold__0_3,269,30,12,17,0.8,0.6666666666666666,0.7777777777777778,0.0635057999897981,0.000301499996567145
519,Heart Failure Clinical Records,8,RandomFuzzyRules__threshold__0_4,269,30,12,17,0.8,0.5714285714285714,0.7777777777777778,0.04991989998961799,0.00037460000021383166
519,Heart Failure Clinical Records,8,RandomFuzzyRules__threshold__0_5,269,30,12,17,0.8333333333333334,0.7058823529411765,0.7936507936507936,0.04497380000248086,0.00037969999539200217
519,Heart Failure Clinical Records,8,RandomFuzzyRules__threshold__0_6,269,30,12,17,0.8,0.6666666666666666,0.8465608465608465,0.047407800011569634,0.00033889999031089246
519,Heart Failure Clinical Records,8,RandomFuzzyRules__threshold__0_7,269,30,12,17,0.8333333333333334,0.7058823529411765,0.8253968253968254,0.06324380000296514,0.00035659999412018806
519,Heart Failure Clinical Records,8,RandomFuzzyRules__threshold__0_8,269,30,12,17,0.8,0.6666666666666666,0.7777777777777778,0.06910219999554101,0.00041880000208038837
519,Heart Failure Clinical Records,8,RandomFuzzyRules__threshold__0_9,269,30,12,17,0.8333333333333334,0.6666666666666666,0.7248677248677249,0.06121780000103172,0.00034889999369625
519,Heart Failure Clinical Records,9,RandomFuzzyRules__threshold__0_1,269,30,12,17,0.7,0.4,0.783068783068783,0.05089899999438785,0.00038300000596791506
519,Heart Failure Clinical Records,9,RandomFuzzyRules__threshold__0_2,269,30,12,17,0.8333333333333334,0.6666666666666666,0.783068783068783,0.06917390000307932,0.0003612000000430271
519,Heart Failure Clinical Records,9,RandomFuzzyRules__threshold__0_3,269,30,12,17,0.8333333333333334,0.6666666666666666,0.7936507936507937,0.06521660000726115,0.0002882999979192391
519,Heart Failure Clinical Records,9,RandomFuzzyRules__threshold__0_4,269,30,12,17,0.8333333333333334,0.6666666666666666,0.7936507936507937,0.05036120000295341,0.00035760000173468143
519,Heart Failure Clinical Records,9,RandomFuzzyRules__threshold__0_5,269,30,12,17,0.8333333333333334,0.6666666666666666,0.7248677248677249,0.05440350000571925,0.0004070999857503921
519,Heart Failure Clinical Records,9,RandomFuzzyRules__threshold__0_6,269,30,12,17,0.8,0.5714285714285714,0.7777777777777778,0.06814980000490323,0.0003665999975055456
519,Heart Failure Clinical Records,9,RandomFuzzyRules__threshold__0_7,269,30,12,17,0.7333333333333333,0.5,0.7883597883597884,0.06538310000905767,0.00028989999555051327
519,Heart Failure Clinical Records,9,RandomFuzzyRules__threshold__0_8,269,30,12,17,0.8333333333333334,0.6666666666666666,0.7671957671957672,0.04699989999062382,0.00039010000182315707
519,Heart Failure Clinical Records,9,RandomFuzzyRules__threshold__0_9,269,30,12,17,0.8,0.5714285714285714,0.8042328042328042,0.06600929998967331,0.00041259999852627516
519,Heart Failure Clinical Records,10,RandomFuzzyRules__threshold__0_1,270,29,12,17,0.6896551724137931,0.3076923076923077,0.7944444444444444,0.06999299999733921,0.00029439998615998775
519,Heart Failure Clinical Records,10,RandomFuzzyRules__threshold__0_2,270,29,12,17,0.7586206896551724,0.5333333333333333,0.7722222222222223,0.061639999999897555,0.00035429999115876853
519,Heart Failure Clinical Records,10,RandomFuzzyRules__threshold__0_3,270,29,12,17,0.7586206896551724,0.5333333333333333,0.7888888888888889,0.050831700005801395,0.00040530000114813447
519,Heart Failure Clinical Records,10,RandomFuzzyRules__threshold__0_4,270,29,12,17,0.7931034482758621,0.5714285714285714,0.7888888888888889,0.06480720000399742,0.0004008999967481941
519,Heart Failure Clinical Records,10,RandomFuzzyRules__threshold__0_5,270,29,12,17,0.7931034482758621,0.5714285714285714,0.811111111111111,0.05019330000504851,0.00045420000969897956
519,Heart Failure Clinical Records,10,RandomFuzzyRules__threshold__0_6,270,29,12,17,0.7931034482758621,0.5714285714285714,0.7833333333333333,0.0526802999956999,0.0003536000003805384
519,Heart Failure Clinical Records,10,RandomFuzzyRules__threshold__0_7,270,29,12,17,0.8275862068965517,0.6666666666666666,0.8333333333333333,0.051761199996690266,0.0004039999912492931
519,Heart Failure Clinical Records,10,RandomFuzzyRules__threshold__0_8,270,29,12,17,0.7931034482758621,0.5714285714285714,0.7944444444444444,0.06981169999926351,0.00040350000199396163
519,Heart Failure Clinical Records,10,RandomFuzzyRules__threshold__0_9,270,29,12,17,0.8275862068965517,0.6666666666666666,0.75,0.06434089998947456,0.0003113999991910532
529,Early Stage Diabetes Risk Prediction,1,RandomFuzzyRules__threshold__0_1,468,52,16,31,0.9038461538461539,0.9230769230769231,0.93828125,0.0543863000057172,0.0003262000100221485
529,Early Stage Diabetes Risk Prediction,1,RandomFuzzyRules__threshold__0_2,468,52,16,31,0.9038461538461539,0.9230769230769231,0.93828125,0.0524242000101367,0.00032249999640043825
529,Early Stage Diabetes Risk Prediction,1,RandomFuzzyRules__threshold__0_3,468,52,16,31,0.9038461538461539,0.9230769230769231,0.93828125,0.0716684999933932,0.00031600000511389226
529,Early Stage Diabetes Risk Prediction,1,RandomFuzzyRules__threshold__0_4,468,52,16,31,0.9038461538461539,0.9230769230769231,0.93828125,0.07266679999884218,0.0003463999892119318
529,Early Stage Diabetes Risk Prediction,1,RandomFuzzyRules__threshold__0_5,468,52,16,31,0.9038461538461539,0.9230769230769231,0.93828125,0.04167419999430422,0.00032530000316910446
529,Early Stage Diabetes Risk Prediction,1,RandomFuzzyRules__threshold__0_6,468,52,16,31,0.9038461538461539,0.9230769230769231,0.93828125,0.0728909999888856,0.00033409999741706997
529,Early Stage Diabetes Risk Prediction,1,RandomFuzzyRules__threshold__0_7,468,52,16,31,0.9038461538461539,0.9230769230769231,0.93828125,0.07786269999633078,0.0003476999991107732
529,Early Stage Diabetes Risk Prediction,1,RandomFuzzyRules__threshold__0_8,468,52,16,31,0.8653846153846154,0.8852459016393442,0.8734375000000001,0.07394300001033116,0.00032219999411609024
529,Early Stage Diabetes Risk Prediction,1,RandomFuzzyRules__threshold__0_9,468,52,16,31,0.7692307692307693,0.7931034482758621,0.82265625,0.07535939999797847,0.00032300000020768493
529,Early Stage Diabetes Risk Prediction,2,RandomFuzzyRules__threshold__0_1,468,52,16,31,0.8076923076923077,0.8275862068965517,0.825,0.05566849999013357,0.00032589999318588525
529,Early Stage Diabetes Risk Prediction,2,RandomFuzzyRules__threshold__0_2,468,52,16,31,0.8076923076923077,0.8275862068965517,0.825,0.05430859999614768,0.00040530000114813447
529,Early Stage Diabetes Risk Prediction,2,RandomFuzzyRules__threshold__0_3,468,52,16,31,0.9038461538461539,0.9230769230769231,0.9218749999999999,0.07514309999532998,0.0003200000064680353
529,Early Stage Diabetes Risk Prediction,2,RandomFuzzyRules__threshold__0_4,468,52,16,31,0.9038461538461539,0.9230769230769231,0.9218749999999999,0.054160600004252046,0.00033629999961704016
529,Early Stage Diabetes Risk Prediction,2,RandomFuzzyRules__threshold__0_5,468,52,16,31,0.9038461538461539,0.9230769230769231,0.9218749999999999,0.043858999997610226,0.0003096999862464145
529,Early Stage Diabetes Risk Prediction,2,RandomFuzzyRules__threshold__0_6,468,52,16,31,0.9038461538461539,0.9230769230769231,0.9218749999999999,0.051070800007437356,0.0003192000003764406
529,Early Stage Diabetes Risk Prediction,2,RandomFuzzyRules__threshold__0_7,468,52,16,31,0.9038461538461539,0.9230769230769231,0.9218749999999999,0.07845640000596177,0.0003622999938670546
529,Early Stage Diabetes Risk Prediction,2,RandomFuzzyRules__threshold__0_8,468,52,16,31,0.9038461538461539,0.9180327868852459,0.9140624999999999,0.07739489999949001,0.00038579999818466604
529,Early Stage Diabetes Risk Prediction,2,RandomFuzzyRules__threshold__0_9,468,52,16,31,0.7307692307692307,0.7407407407407407,0.79140625,0.07305960000667255,0.00027979999140370637
529,Early Stage Diabetes Risk Prediction,3,RandomFuzzyRules__threshold__0_1,468,52,16,31,0.8653846153846154,0.8955223880597015,0.91875,0.052082300011534244,0.0003664999967440963
529,Early Stage Diabetes Risk Prediction,3,RandomFuzzyRules__threshold__0_2,468,52,16,31,0.8846153846153846,0.9090909090909091,0.91875,0.07827159999578726,0.00035620000562630594
529,Early Stage Diabetes Risk Prediction,3,RandomFuzzyRules__threshold__0_3,468,52,16,31,0.8846153846153846,0.9090909090909091,0.91875,0.08321289999003056,0.0004165999998804182
529,Early Stage Diabetes Risk Prediction,3,RandomFuzzyRules__threshold__0_4,468,52,16,31,0.9038461538461539,0.9230769230769231,0.91875,0.07610510000085924,0.0003912999964086339
529,Early Stage Diabetes Risk Prediction,3,RandomFuzzyRules__threshold__0_5,468,52,16,31,0.9038461538461539,0.9230769230769231,0.91875,0.06018650000623893,0.0002829000004567206
529,Early Stage Diabetes Risk Prediction,3,RandomFuzzyRules__threshold__0_6,468,52,16,31,0.9038461538461539,0.9230769230769231,0.91875,0.08516069999313913,0.0004123999970033765
529,Early Stage Diabetes Risk Prediction,3,RandomFuzzyRules__threshold__0_7,468,52,16,31,0.9038461538461539,0.9230769230769231,0.91875,0.07585169999219943,0.0003318999952170998
529,Early Stage Diabetes Risk Prediction,3,RandomFuzzyRules__threshold__0_8,468,52,16,31,0.8076923076923077,0.8333333333333334,0.85390625,0.061673100004554726,0.00046519999159500003
529,Early Stage Diabetes Risk Prediction,3,RandomFuzzyRules__threshold__0_9,468,52,16,31,0.8846153846153846,0.9032258064516129,0.9078125,0.0772440999862738,0.00038690000656060874
529,Early Stage Diabetes Risk Prediction,4,RandomFuzzyRules__threshold__0_1,468,52,16,31,0.8653846153846154,0.8985507246376812,0.9234374999999999,0.056462599997757934,0.00039450000622309744
529,Early Stage Diabetes Risk Prediction,4,RandomFuzzyRules__threshold__0_2,468,52,16,31,0.8846153846153846,0.9117647058823529,0.9234374999999999,0.07627659999707248,0.00042159999429713935
529,Early Stage Diabetes Risk Prediction,4,RandomFuzzyRules__threshold__0_3,468,52,16,31,0.8846153846153846,0.9117647058823529,0.9234374999999999,0.07492710000951774,0.00031519999902229756
529,Early Stage Diabetes Risk Prediction,4,RandomFuzzyRules__threshold__0_4,468,52,16,31,0.8846153846153846,0.9117647058823529,0.9234374999999999,0.08053940000536386,0.0003843000013148412
529,Early Stage Diabetes Risk Prediction,4,RandomFuzzyRules__threshold__0_5,468,52,16,31,0.8846153846153846,0.9117647058823529,0.9234374999999999,0.06280949999927543,0.0003952000115532428
529,Early Stage Diabetes Risk Prediction,4,RandomFuzzyRules__threshold__0_6,468,52,16,31,0.8846153846153846,0.9117647058823529,0.9234374999999999,0.05708719999529421,0.00045059999683871865
529,Early Stage Diabetes Risk Prediction,4,RandomFuzzyRules__threshold__0_7,468,52,16,31,0.8846153846153846,0.9117647058823529,0.9234374999999999,0.07569059998786543,0.00030529999639838934
529,Early Stage Diabetes Risk Prediction,4,RandomFuzzyRules__threshold__0_8,468,52,16,31,0.8653846153846154,0.8955223880597015,0.84609375,0.08211249999294523,0.00036720000207424164
529,Early Stage Diabetes Risk Prediction,4,RandomFuzzyRules__threshold__0_9,468,52,16,31,0.8269230769230769,0.8524590163934426,0.8640625,0.08430780000344384,0.0003443000023253262
529,Early Stage Diabetes Risk Prediction,5,RandomFuzzyRules__threshold__0_1,468,52,16,31,0.8653846153846154,0.8985507246376812,0.90234375,0.058247300010407344,0.00037719999090768397
529,Early Stage Diabetes Risk Prediction,5,RandomFuzzyRules__threshold__0_2,468,52,16,31,0.8653846153846154,0.8985507246376812,0.90234375,0.05096310000226367,0.00035269999352749437
529,Early Stage Diabetes Risk Prediction,5,RandomFuzzyRules__threshold__0_3,468,52,16,31,0.8653846153846154,0.8985507246376812,0.90234375,0.05456119999871589,0.0004091000009793788
529,Early Stage Diabetes Risk Prediction,5,RandomFuzzyRules__threshold__0_4,468,52,16,31,0.8653846153846154,0.8985507246376812,0.90234375,0.0786484999989625,0.00041530000453349203
529,Early Stage Diabetes Risk Prediction,5,RandomFuzzyRules__threshold__0_5,468,52,16,31,0.8653846153846154,0.8985507246376812,0.90234375,0.061655100013013,0.0003265999985160306
529,Early Stage Diabetes Risk Prediction,5,RandomFuzzyRules__threshold__0_6,468,52,16,31,0.8653846153846154,0.8985507246376812,0.90234375,0.05577750000520609,0.00036019999242853373
529,Early Stage Diabetes Risk Prediction,5,RandomFuzzyRules__threshold__0_7,468,52,16,31,0.8653846153846154,0.8985507246376812,0.90234375,0.08417250000638887,0.00041739999142009765
529,Early Stage Diabetes Risk Prediction,5,RandomFuzzyRules__threshold__0_8,468,52,16,31,0.8653846153846154,0.8923076923076924,0.8898437499999999,0.08908510000037495,0.0004366999928606674
529,Early Stage Diabetes Risk Prediction,5,RandomFuzzyRules__threshold__0_9,468,52,16,31,0.8269230769230769,0.847457627118644,0.8593750000000001,0.05722399998921901,0.0004324000037740916
529,Early Stage Diabetes Risk Prediction,6,RandomFuzzyRules__threshold__0_1,468,52,16,31,0.8076923076923077,0.8484848484848485,0.85546875,0.08271760000206996,0.0004209999897284433
529,Early Stage Diabetes Risk Prediction,6,RandomFuzzyRules__threshold__0_2,468,52,16,31,0.8076923076923077,0.8484848484848485,0.85546875,0.08093260000168812,0.00037760000850539654
529,Early Stage Diabetes Risk Prediction,6,RandomFuzzyRules__threshold__0_3,468,52,16,31,0.8076923076923077,0.8484848484848485,0.85546875,0.08338749999529682,0.00040210000588558614
529,Early Stage Diabetes Risk Prediction,6,RandomFuzzyRules__threshold__0_4,468,52,16,31,0.8076923076923077,0.8484848484848485,0.85546875,0.07930209999904037,0.00032809999538585544
529,Early Stage Diabetes Risk Prediction,6,RandomFuzzyRules__threshold__0_5,468,52,16,31,0.8076923076923077,0.8484848484848485,0.85546875,0.04687599999306258,0.0004295999970054254
529,Early Stage Diabetes Risk Prediction,6,RandomFuzzyRules__threshold__0_6,468,52,16,31,0.8076923076923077,0.8484848484848485,0.85546875,0.05072250000375789,0.00031630000739824027
529,Early Stage Diabetes Risk Prediction,6,RandomFuzzyRules__threshold__0_7,468,52,16,31,0.8076923076923077,0.8484848484848485,0.85546875,0.05485729999782052,0.00038749999657738954
529,Early Stage Diabetes Risk Prediction,6,RandomFuzzyRules__threshold__0_8,468,52,16,31,0.8653846153846154,0.8813559322033898,0.9265625,0.08760460000485182,0.0004023999936180189
529,Early Stage Diabetes Risk Prediction,6,RandomFuzzyRules__threshold__0_9,468,52,16,31,0.8461538461538461,0.8571428571428571,0.875,0.07941960000607651,0.00037769999471493065
529,Early Stage Diabetes Risk Prediction,7,RandomFuzzyRules__threshold__0_1,468,52,16,31,0.9230769230769231,0.9393939393939394,0.9601562499999999,0.08423269999912009,0.0004056999896420166
529,Early Stage Diabetes Risk Prediction,7,RandomFuzzyRules__threshold__0_2,468,52,16,31,0.9230769230769231,0.9393939393939394,0.9601562499999999,0.08565560000715777,0.0003532999980961904
529,Early Stage Diabetes Risk Prediction,7,RandomFuzzyRules__threshold__0_3,468,52,16,31,0.9423076923076923,0.9538461538461539,0.9601562499999999,0.05570339999394491,0.00042300000495743006
529,Early Stage Diabetes Risk Prediction,7,RandomFuzzyRules__threshold__0_4,468,52,16,31,0.9423076923076923,0.9538461538461539,0.9601562499999999,0.0554448000038974,0.00042979999852832407
529,Early Stage Diabetes Risk Prediction,7,RandomFuzzyRules__threshold__0_5,468,52,16,31,0.9423076923076923,0.9538461538461539,0.9601562499999999,0.05934420000994578,0.00042219999886583537
529,Early Stage Diabetes Risk Prediction,7,RandomFuzzyRules__threshold__0_6,468,52,16,31,0.9423076923076923,0.9538461538461539,0.9601562499999999,0.05709440000646282,0.00042159999429713935
529,Early Stage Diabetes Risk Prediction,7,RandomFuzzyRules__threshold__0_7,468,52,16,31,0.9423076923076923,0.9538461538461539,0.9601562499999999,0.07839759999478702,0.0004254000086802989
529,Early Stage Diabetes Risk Prediction,7,RandomFuzzyRules__threshold__0_8,468,52,16,31,0.8653846153846154,0.8923076923076924,0.90625,0.078450500004692,0.0003858999989461154
529,Early Stage Diabetes Risk Prediction,7,RandomFuzzyRules__threshold__0_9,468,52,16,31,0.8269230769230769,0.847457627118644,0.8953125,0.05548330000601709,0.0003713999903993681
529,Early Stage Diabetes Risk Prediction,8,RandomFuzzyRules__threshold__0_1,468,52,16,31,0.8653846153846154,0.9014084507042254,0.8765625,0.05535280000185594,0.0003915999986929819
529,Early Stage Diabetes Risk Prediction,8,RandomFuzzyRules__threshold__0_2,468,52,16,31,0.8653846153846154,0.9014084507042254,0.8765625,0.053827399999136105,0.00035259999276604503
529,Early Stage Diabetes Risk Prediction,8,RandomFuzzyRules__threshold__0_3,468,52,16,31,0.8461538461538461,0.8857142857142857,0.8765625,0.055213999992702156,0.00039000000106170774
529,Early Stage Diabetes Risk Prediction,8,RandomFuzzyRules__threshold__0_4,468,52,16,31,0.8461538461538461,0.8857142857142857,0.8765625,0.07958130000042729,0.00027879999834112823
529,Early Stage Diabetes Risk Prediction,8,RandomFuzzyRules__threshold__0_5,468,52,16,31,0.8461538461538461,0.8857142857142857,0.8765625,0.04484269999375101,0.00039169999945443124
529,Early Stage Diabetes Risk Prediction,8,RandomFuzzyRules__threshold__0_6,468,52,16,31,0.8461538461538461,0.8857142857142857,0.8765625,0.05451230000471696,0.00030470000638160855
529,Early Stage Diabetes Risk Prediction,8,RandomFuzzyRules__threshold__0_7,468,52,16,31,0.8461538461538461,0.8857142857142857,0.8765625,0.05709999999089632,0.0004191999905742705
529,Early Stage Diabetes Risk Prediction,8,RandomFuzzyRules__threshold__0_8,468,52,16,31,0.8653846153846154,0.8813559322033898,0.90625,0.06669899998814799,0.00036210000689607114
529,Early Stage Diabetes Risk Prediction,8,RandomFuzzyRules__threshold__0_9,468,52,16,31,0.7884615384615384,0.819672131147541,0.815625,0.056714299993473105,0.00042529999336693436
529,Early Stage Diabetes Risk Prediction,9,RandomFuzzyRules__threshold__0_1,468,52,16,31,0.8269230769230769,0.8767123287671232,0.9015625,0.05812109999533277,0.00041900000360328704
529,Early Stage Diabetes Risk Prediction,9,RandomFuzzyRules__threshold__0_2,468,52,16,31,0.8269230769230769,0.8767123287671232,0.9015625,0.05768559999705758,0.0004296000115573406
529,Early Stage Diabetes Risk Prediction,9,RandomFuzzyRules__threshold__0_3,468,52,16,31,0.8461538461538461,0.8888888888888888,0.9015625,0.05446189999929629,0.0003600000054575503
529,Early Stage Diabetes Risk Prediction,9,RandomFuzzyRules__threshold__0_4,468,52,16,31,0.8461538461538461,0.8888888888888888,0.9015625,0.07032310000795405,0.000450699997600168
529,Early Stage Diabetes Risk Prediction,9,RandomFuzzyRules__threshold__0_5,468,52,16,31,0.8461538461538461,0.8888888888888888,0.9015625,0.04733299999497831,0.00041619999683462083
529,Early Stage Diabetes Risk Prediction,9,RandomFuzzyRules__threshold__0_6,468,52,16,31,0.8461538461538461,0.8888888888888888,0.9015625,0.057521100010490045,0.0004608000017469749
529,Early Stage Diabetes Risk Prediction,9,RandomFuzzyRules__threshold__0_7,468,52,16,31,0.8461538461538461,0.8888888888888888,0.9015625,0.0567637000058312,0.0004604999994626269
529,Early Stage Diabetes Risk Prediction,9,RandomFuzzyRules__threshold__0_8,468,52,16,31,0.9230769230769231,0.9411764705882353,0.91875,0.058107699995161965,0.0004616999940481037
529,Early Stage Diabetes Risk Prediction,9,RandomFuzzyRules__threshold__0_9,468,52,16,31,0.7692307692307693,0.7931034482758621,0.77578125,0.05683810000482481,0.00046999999904073775
529,Early Stage Diabetes Risk Prediction,10,RandomFuzzyRules__threshold__0_1,468,52,16,31,0.7307692307692307,0.7741935483870968,0.7718749999999999,0.058724000002257526,0.0004003000067314133
529,Early Stage Diabetes Risk Prediction,10,RandomFuzzyRules__threshold__0_2,468,52,16,31,0.7307692307692307,0.7741935483870968,0.7718749999999999,0.05635379999876022,0.00044319999869912863
529,Early Stage Diabetes Risk Prediction,10,RandomFuzzyRules__threshold__0_3,468,52,16,31,0.9423076923076923,0.9538461538461539,0.95546875,0.05801759999303613,0.0004530000005615875
529,Early Stage Diabetes Risk Prediction,10,RandomFuzzyRules__threshold__0_4,468,52,16,31,0.9423076923076923,0.9538461538461539,0.95546875,0.05751800000143703,0.0004744000034406781
529,Early Stage Diabetes Risk Prediction,10,RandomFuzzyRules__threshold__0_5,468,52,16,31,0.9423076923076923,0.9538461538461539,0.95546875,0.046523299999535084,0.0003310999891255051
529,Early Stage Diabetes Risk Prediction,10,RandomFuzzyRules__threshold__0_6,468,52,16,31,0.9423076923076923,0.9538461538461539,0.95546875,0.07347699999809265,0.00043739999819081277
529,Early Stage Diabetes Risk Prediction,10,RandomFuzzyRules__threshold__0_7,468,52,16,31,0.9423076923076923,0.9538461538461539,0.95546875,0.05493420000129845,0.00038749999657738954
529,Early Stage Diabetes Risk Prediction,10,RandomFuzzyRules__threshold__0_8,468,52,16,31,0.8076923076923077,0.8387096774193549,0.82890625,0.0694977000093786,0.0003895999980159104
529,Early Stage Diabetes Risk Prediction,10,RandomFuzzyRules__threshold__0_9,468,52,16,31,0.7692307692307693,0.7777777777777778,0.8328125,0.05486200000450481,0.0004256999964127317
