dataset_id,dataset_name,fold,estimator,n_train,n_test,n_original_features,accuracy,f1,auroc,fit_time,predict_time
14,Breast Cancer,1,RandomFuzzyRules__n_candidates__1000,257,29,9,0.7241379310344828,0.3333333333333333,0.48809523809523814,0.008131999988108873,0.0002610000083222985
14,Breast Cancer,1,RandomFuzzyRules__n_candidates__5000,257,29,9,0.7586206896551724,0.36363636363636365,0.6607142857142857,0.028820799896493554,0.0002850000746548176
14,Breast Cancer,1,RandomFuzzyRules__n_candidates__10000,257,29,9,0.7586206896551724,0.36363636363636365,0.6607142857142857,0.07550769997760653,0.00036349997390061617
14,Breast Cancer,1,RandomFuzzyRules__n_candidates__25000,257,29,9,0.7586206896551724,0.36363636363636365,0.6607142857142857,0.19298809999600053,0.0002669000532478094
14,Breast Cancer,1,RandomFuzzyRules__n_candidates__50000,257,29,9,0.7931034482758621,0.5,0.7232142857142856,0.2931193000404164,0.0003477999707683921
14,Breast Cancer,1,RandomFuzzyRules__n_candidates__100000,257,29,9,0.7586206896551724,0.36363636363636365,0.6607142857142857,0.6237874000798911,0.0003085000207647681
14,Breast Cancer,2,RandomFuzzyRules__n_candidates__1000,257,29,9,0.6896551724137931,0.0,0.5055555555555555,0.006363700027577579,0.00022639997769147158
14,Breast Cancer,2,RandomFuzzyRules__n_candidates__5000,257,29,9,0.6896551724137931,0.0,0.5055555555555555,0.032797800027765334,0.0003198999911546707
14,Breast Cancer,2,RandomFuzzyRules__n_candidates__10000,257,29,9,0.6896551724137931,0.0,0.5055555555555555,0.06609380000736564,0.0003570999251678586
14,Breast Cancer,2,RandomFuzzyRules__n_candidates__25000,257,29,9,0.6896551724137931,0.0,0.5055555555555555,0.17813619994558394,0.00032750004902482033
14,Breast Cancer,2,RandomFuzzyRules__n_candidates__50000,257,29,9,0.6896551724137931,0.0,0.48055555555555557,0.2781230000546202,0.00035369989927858114
14,Breast Cancer,2,RandomFuzzyRules__n_candidates__100000,257,29,9,0.6896551724137931,0.0,0.48055555555555557,0.5381134999915957,0.00033009995240718126
14,Breast Cancer,3,RandomFuzzyRules__n_candidates__1000,257,29,9,0.7931034482758621,0.5714285714285714,0.7083333333333334,0.008948800037615001,0.00025839998852461576
14,Breast Cancer,3,RandomFuzzyRules__n_candidates__5000,257,29,9,0.7931034482758621,0.5714285714285714,0.7083333333333334,0.03635209996718913,0.0003074000123888254
14,Breast Cancer,3,RandomFuzzyRules__n_candidates__10000,257,29,9,0.7931034482758621,0.5714285714285714,0.7083333333333334,0.06853310007136315,0.0002476000227034092
14,Breast Cancer,3,RandomFuzzyRules__n_candidates__25000,257,29,9,0.7931034482758621,0.5714285714285714,0.7083333333333334,0.1708315999712795,0.0003306999569758773
14,Breast Cancer,3,RandomFuzzyRules__n_candidates__50000,257,29,9,0.7931034482758621,0.5714285714285714,0.7333333333333333,0.34765850007534027,0.00030069996137171984
14,Breast Cancer,3,RandomFuzzyRules__n_candidates__100000,257,29,9,0.7931034482758621,0.5714285714285714,0.7333333333333333,0.6629846999421716,0.00021470000501722097
14,Breast Cancer,4,RandomFuzzyRules__n_candidates__1000,257,29,9,0.7241379310344828,0.3333333333333333,0.5861111111111111,0.006046900060027838,0.0002470000181347132
14,Breast Cancer,4,RandomFuzzyRules__n_candidates__5000,257,29,9,0.7241379310344828,0.3333333333333333,0.5861111111111111,0.038325700093992054,0.000395399983972311
14,Breast Cancer,4,RandomFuzzyRules__n_candidates__10000,257,29,9,0.7241379310344828,0.3333333333333333,0.5861111111111111,0.05899439996574074,0.00031240005046129227
14,Breast Cancer,4,RandomFuzzyRules__n_candidates__25000,257,29,9,0.7241379310344828,0.3333333333333333,0.5861111111111111,0.17717029992491007,0.00032920006196945906
14,Breast Cancer,4,RandomFuzzyRules__n_candidates__50000,257,29,9,0.7241379310344828,0.42857142857142855,0.7666666666666667,0.30264080001506954,0.00038219999987632036
14,Breast Cancer,4,RandomFuzzyRules__n_candidates__100000,257,29,9,0.7241379310344828,0.42857142857142855,0.7666666666666667,0.5661604000488296,0.000317899975925684
14,Breast Cancer,5,RandomFuzzyRules__n_candidates__1000,257,29,9,0.6896551724137931,0.0,0.5111111111111112,0.007607300067320466,0.00023070001043379307
14,Breast Cancer,5,RandomFuzzyRules__n_candidates__5000,257,29,9,0.5862068965517241,0.0,0.425,0.04396689997520298,0.0003236000193282962
14,Breast Cancer,5,RandomFuzzyRules__n_candidates__10000,257,29,9,0.6206896551724138,0.0,0.45,0.05968420009594411,0.00024200009647756815
14,Breast Cancer,5,RandomFuzzyRules__n_candidates__25000,257,29,9,0.6206896551724138,0.0,0.45,0.17103279998991638,0.00031800009310245514
14,Breast Cancer,5,RandomFuzzyRules__n_candidates__50000,257,29,9,0.6551724137931034,0.0,0.47777777777777775,0.2884092000313103,0.00035630003549158573
14,Breast Cancer,5,RandomFuzzyRules__n_candidates__100000,257,29,9,0.6551724137931034,0.0,0.47777777777777775,0.5689350999891758,0.00033730000723153353
14,Breast Cancer,6,RandomFuzzyRules__n_candidates__1000,257,29,9,0.7931034482758621,0.5,0.65,0.007639599964022636,0.0001879000337794423
14,Breast Cancer,6,RandomFuzzyRules__n_candidates__5000,257,29,9,0.7931034482758621,0.5,0.65,0.03956910001579672,0.0002767000114545226
14,Breast Cancer,6,RandomFuzzyRules__n_candidates__10000,257,29,9,0.7241379310344828,0.3333333333333333,0.5861111111111111,0.06597280001733452,0.00024449999909847975
14,Breast Cancer,6,RandomFuzzyRules__n_candidates__25000,257,29,9,0.7241379310344828,0.3333333333333333,0.5861111111111111,0.19318979990202934,0.0003418000414967537
14,Breast Cancer,6,RandomFuzzyRules__n_candidates__50000,257,29,9,0.7586206896551724,0.3636363636363636,0.5722222222222223,0.2791286999126896,0.0003530000103637576
14,Breast Cancer,6,RandomFuzzyRules__n_candidates__100000,257,29,9,0.7586206896551724,0.3636363636363636,0.5722222222222223,0.4829272999195382,0.00035560003016144037
14,Breast Cancer,7,RandomFuzzyRules__n_candidates__1000,258,28,9,0.7142857142857143,0.3333333333333333,0.575,0.007184099988080561,0.0003073000116273761
14,Breast Cancer,7,RandomFuzzyRules__n_candidates__5000,258,28,9,0.8214285714285714,0.6153846153846154,0.7249999999999999,0.04627689998596907,0.00026320002507418394
14,Breast Cancer,7,RandomFuzzyRules__n_candidates__10000,258,28,9,0.8214285714285714,0.6153846153846154,0.7249999999999999,0.06731650000438094,0.00026560004334896803
14,Breast Cancer,7,RandomFuzzyRules__n_candidates__25000,258,28,9,0.7857142857142857,0.5,0.6906249999999999,0.20094659994356334,0.000328300055116415
14,Breast Cancer,7,RandomFuzzyRules__n_candidates__50000,258,28,9,0.8571428571428571,0.7142857142857143,0.828125,0.3429505000822246,0.0003599999472498894
14,Breast Cancer,7,RandomFuzzyRules__n_candidates__100000,258,28,9,0.8571428571428571,0.7142857142857143,0.828125,0.7205213999841362,0.00037180003710091114
14,Breast Cancer,8,RandomFuzzyRules__n_candidates__1000,258,28,9,0.75,0.2222222222222222,0.603125,0.009470200049690902,0.00026020000223070383
14,Breast Cancer,8,RandomFuzzyRules__n_candidates__5000,258,28,9,0.75,0.2222222222222222,0.603125,0.053316200035624206,0.0004824000643566251
14,Breast Cancer,8,RandomFuzzyRules__n_candidates__10000,258,28,9,0.7142857142857143,0.2,0.5375,0.09143640007823706,0.0003128999378532171
14,Breast Cancer,8,RandomFuzzyRules__n_candidates__25000,258,28,9,0.7142857142857143,0.2,0.5375,0.1902562000323087,0.00040689995512366295
14,Breast Cancer,8,RandomFuzzyRules__n_candidates__50000,258,28,9,0.75,0.36363636363636365,0.621875,0.34658150002360344,0.000202300027012825
14,Breast Cancer,8,RandomFuzzyRules__n_candidates__100000,258,28,9,0.75,0.36363636363636365,0.621875,0.699519700021483,0.0002394000766798854
14,Breast Cancer,9,RandomFuzzyRules__n_candidates__1000,258,28,9,0.75,0.4615384615384615,0.678125,0.006369999959133565,0.00030910002533346415
14,Breast Cancer,9,RandomFuzzyRules__n_candidates__5000,258,28,9,0.75,0.4615384615384615,0.678125,0.029804599937051535,0.0003475999692454934
14,Breast Cancer,9,RandomFuzzyRules__n_candidates__10000,258,28,9,0.75,0.4615384615384615,0.678125,0.06386210001073778,0.0003800999838858843
14,Breast Cancer,9,RandomFuzzyRules__n_candidates__25000,258,28,9,0.75,0.4615384615384615,0.678125,0.18232430005446076,0.0003645999822765589
14,Breast Cancer,9,RandomFuzzyRules__n_candidates__50000,258,28,9,0.75,0.4615384615384615,0.678125,0.27774139994289726,0.00018910004291683435
14,Breast Cancer,9,RandomFuzzyRules__n_candidates__100000,258,28,9,0.75,0.4615384615384615,0.678125,0.49771690007764846,0.00017889996524900198
14,Breast Cancer,10,RandomFuzzyRules__n_candidates__1000,258,28,9,0.7857142857142857,0.5714285714285715,0.6375000000000001,0.005516299977898598,0.0002744999947026372
14,Breast Cancer,10,RandomFuzzyRules__n_candidates__5000,258,28,9,0.6785714285714286,0.47058823529411764,0.628125,0.028065800084732473,0.0003074000123888254
14,Breast Cancer,10,RandomFuzzyRules__n_candidates__10000,258,28,9,0.7142857142857143,0.5,0.6500000000000001,0.06355739990249276,0.0003532000118866563
14,Breast Cancer,10,RandomFuzzyRules__n_candidates__25000,258,28,9,0.7142857142857143,0.5,0.6500000000000001,0.2932249999139458,0.0005001000827178359
14,Breast Cancer,10,RandomFuzzyRules__n_candidates__50000,258,28,9,0.7142857142857143,0.5,0.6500000000000001,0.349171300069429,0.00018749991431832314
14,Breast Cancer,10,RandomFuzzyRules__n_candidates__100000,258,28,9,0.7142857142857143,0.5,0.6500000000000001,0.48182649991940707,0.00019050005357712507
15,Breast Cancer Wisconsin (Original),1,RandomFuzzyRules__n_candidates__1000,629,70,9,0.9285714285714286,0.8936170212765957,0.9732789855072463,0.008301099995151162,0.00022819999139755964
15,Breast Cancer Wisconsin (Original),1,RandomFuzzyRules__n_candidates__5000,629,70,9,0.9857142857142858,0.9795918367346939,0.9791666666666666,0.04460069991182536,0.0003231000155210495
15,Breast Cancer Wisconsin (Original),1,RandomFuzzyRules__n_candidates__10000,629,70,9,0.9857142857142858,0.9795918367346939,0.9791666666666666,0.08280649990774691,0.00031889998354017735
15,Breast Cancer Wisconsin (Original),1,RandomFuzzyRules__n_candidates__25000,629,70,9,0.9571428571428572,0.9387755102040817,0.9859601449275361,0.20352530002128333,0.0002989000640809536
15,Breast Cancer Wisconsin (Original),1,RandomFuzzyRules__n_candidates__50000,629,70,9,0.9428571428571428,0.9166666666666666,0.9809782608695653,0.39469799993094057,0.0003450000658631325
15,Breast Cancer Wisconsin (Original),1,RandomFuzzyRules__n_candidates__100000,629,70,9,0.9714285714285714,0.9600000000000001,0.9963768115942029,0.7775799999944866,0.0003391000209376216
15,Breast Cancer Wisconsin (Original),2,RandomFuzzyRules__n_candidates__1000,629,70,9,0.9285714285714286,0.8837209302325582,0.9692028985507246,0.009456700063310564,0.0002807999262586236
15,Breast Cancer Wisconsin (Original),2,RandomFuzzyRules__n_candidates__5000,629,70,9,0.9857142857142858,0.9787234042553191,0.9981884057971014,0.03970700001809746,0.0003084000200033188
15,Breast Cancer Wisconsin (Original),2,RandomFuzzyRules__n_candidates__10000,629,70,9,0.9857142857142858,0.9787234042553191,0.9981884057971014,0.08157429995480925,0.00031610007863491774
15,Breast Cancer Wisconsin (Original),2,RandomFuzzyRules__n_candidates__25000,629,70,9,0.9857142857142858,0.9795918367346939,1.0,0.21076340007130057,0.00033710000570863485
15,Breast Cancer Wisconsin (Original),2,RandomFuzzyRules__n_candidates__50000,629,70,9,0.9142857142857143,0.875,0.9918478260869565,0.3915598999010399,0.0003296000650152564
15,Breast Cancer Wisconsin (Original),2,RandomFuzzyRules__n_candidates__100000,629,70,9,0.9714285714285714,0.9583333333333334,0.9981884057971014,0.757503200089559,0.0003470000810921192
15,Breast Cancer Wisconsin (Original),3,RandomFuzzyRules__n_candidates__1000,629,70,9,0.9428571428571428,0.9130434782608695,0.990036231884058,0.008624000009149313,0.00027210009284317493
15,Breast Cancer Wisconsin (Original),3,RandomFuzzyRules__n_candidates__5000,629,70,9,0.9571428571428572,0.9387755102040817,0.9873188405797102,0.03895399998873472,0.0003000999568030238
15,Breast Cancer Wisconsin (Original),3,RandomFuzzyRules__n_candidates__10000,629,70,9,0.9571428571428572,0.9387755102040817,0.9873188405797102,0.0827464999165386,0.00033210008405148983
15,Breast Cancer Wisconsin (Original),3,RandomFuzzyRules__n_candidates__25000,629,70,9,0.9714285714285714,0.9600000000000001,0.9882246376811594,0.20933490002062172,0.000305499997921288
15,Breast Cancer Wisconsin (Original),3,RandomFuzzyRules__n_candidates__50000,629,70,9,0.9714285714285714,0.9600000000000001,0.9882246376811594,0.3947524999966845,0.00035370001569390297
15,Breast Cancer Wisconsin (Original),3,RandomFuzzyRules__n_candidates__100000,629,70,9,0.9571428571428572,0.9411764705882353,0.9891304347826088,0.7745219999924302,0.000367300002835691
15,Breast Cancer Wisconsin (Original),4,RandomFuzzyRules__n_candidates__1000,629,70,9,0.9714285714285714,0.9600000000000001,0.990036231884058,0.009155099978670478,0.00026300002355128527
15,Breast Cancer Wisconsin (Original),4,RandomFuzzyRules__n_candidates__5000,629,70,9,0.9428571428571428,0.923076923076923,0.9981884057971014,0.040753799956291914,0.0002959000412374735
15,Breast Cancer Wisconsin (Original),4,RandomFuzzyRules__n_candidates__10000,629,70,9,0.9428571428571428,0.923076923076923,0.9981884057971014,0.08188119996339083,0.00033730000723153353
15,Breast Cancer Wisconsin (Original),4,RandomFuzzyRules__n_candidates__25000,629,70,9,0.9285714285714286,0.9019607843137256,0.9769021739130435,0.20616970001719892,0.0003608000697568059
15,Breast Cancer Wisconsin (Original),4,RandomFuzzyRules__n_candidates__50000,629,70,9,0.9285714285714286,0.9019607843137256,0.9769021739130435,0.4139188000699505,0.0003307999577373266
15,Breast Cancer Wisconsin (Original),4,RandomFuzzyRules__n_candidates__100000,629,70,9,0.9571428571428572,0.9411764705882353,0.9927536231884058,0.8007764000212774,0.000304599991068244
15,Breast Cancer Wisconsin (Original),5,RandomFuzzyRules__n_candidates__1000,629,70,9,0.9428571428571428,0.9199999999999999,0.9936594202898551,0.011771099991165102,0.0002482000272721052
15,Breast Cancer Wisconsin (Original),5,RandomFuzzyRules__n_candidates__5000,629,70,9,0.9285714285714286,0.8979591836734694,0.9678442028985508,0.057950800051912665,0.00032410002313554287
15,Breast Cancer Wisconsin (Original),5,RandomFuzzyRules__n_candidates__10000,629,70,9,0.9285714285714286,0.8979591836734694,0.9678442028985508,0.08552710001822561,0.00030069996137171984
15,Breast Cancer Wisconsin (Original),5,RandomFuzzyRules__n_candidates__25000,629,70,9,0.9285714285714286,0.8979591836734694,0.9538043478260869,0.21027859998866916,0.00025029992684721947
15,Breast Cancer Wisconsin (Original),5,RandomFuzzyRules__n_candidates__50000,629,70,9,0.9285714285714286,0.8979591836734694,0.9538043478260869,0.42129980004392564,0.000345699954777956
15,Breast Cancer Wisconsin (Original),5,RandomFuzzyRules__n_candidates__100000,629,70,9,0.9571428571428572,0.9411764705882353,0.9927536231884059,0.7523387999972329,0.0003464000765234232
15,Breast Cancer Wisconsin (Original),6,RandomFuzzyRules__n_candidates__1000,629,70,9,0.9857142857142858,0.9787234042553191,0.9990942028985508,0.008774799993261695,0.00028979999478906393
15,Breast Cancer Wisconsin (Original),6,RandomFuzzyRules__n_candidates__5000,629,70,9,0.9714285714285714,0.9600000000000001,0.9972826086956523,0.040564000024460256,0.00030120008159428835
15,Breast Cancer Wisconsin (Original),6,RandomFuzzyRules__n_candidates__10000,629,70,9,0.9714285714285714,0.9600000000000001,0.9972826086956523,0.08254870004020631,0.00032110000029206276
15,Breast Cancer Wisconsin (Original),6,RandomFuzzyRules__n_candidates__25000,629,70,9,0.9714285714285714,0.9600000000000001,0.9972826086956522,0.20339669997338206,0.000327100045979023
15,Breast Cancer Wisconsin (Original),6,RandomFuzzyRules__n_candidates__50000,629,70,9,0.9714285714285714,0.9600000000000001,0.9972826086956522,0.3973767999559641,0.0003981000045314431
15,Breast Cancer Wisconsin (Original),6,RandomFuzzyRules__n_candidates__100000,629,70,9,0.9714285714285714,0.9600000000000001,1.0,0.7495612999191508,0.00035990006290376186
15,Breast Cancer Wisconsin (Original),7,RandomFuzzyRules__n_candidates__1000,629,70,9,0.9428571428571428,0.9130434782608695,0.9728260869565217,0.008540799957700074,0.00025949999690055847
15,Breast Cancer Wisconsin (Original),7,RandomFuzzyRules__n_candidates__5000,629,70,9,0.9285714285714286,0.8979591836734694,0.9900362318840579,0.04004059999715537,0.0003066000062972307
15,Breast Cancer Wisconsin (Original),7,RandomFuzzyRules__n_candidates__10000,629,70,9,0.9285714285714286,0.8979591836734694,0.9900362318840579,0.08336230006534606,0.0003578999312594533
15,Breast Cancer Wisconsin (Original),7,RandomFuzzyRules__n_candidates__25000,629,70,9,0.9285714285714286,0.8979591836734694,0.9900362318840579,0.20628789998590946,0.00033009995240718126
15,Breast Cancer Wisconsin (Original),7,RandomFuzzyRules__n_candidates__50000,629,70,9,0.9285714285714286,0.8979591836734694,0.9900362318840579,0.4098770000273362,0.0003458999563008547
15,Breast Cancer Wisconsin (Original),7,RandomFuzzyRules__n_candidates__100000,629,70,9,0.9714285714285714,0.9583333333333334,0.9963768115942029,0.76034009992145,0.0003229000139981508
15,Breast Cancer Wisconsin (Original),8,RandomFuzzyRules__n_candidates__1000,629,70,9,0.9714285714285714,0.9565217391304348,0.9963768115942029,0.008783399942331016,0.0002744999947026372
15,Breast Cancer Wisconsin (Original),8,RandomFuzzyRules__n_candidates__5000,629,70,9,0.9714285714285714,0.9565217391304348,0.9945652173913043,0.041455799946561456,0.00030429998878389597
15,Breast Cancer Wisconsin (Original),8,RandomFuzzyRules__n_candidates__10000,629,70,9,0.9714285714285714,0.9565217391304348,0.9945652173913043,0.08151899999938905,0.0003125999355688691
15,Breast Cancer Wisconsin (Original),8,RandomFuzzyRules__n_candidates__25000,629,70,9,0.9428571428571428,0.9199999999999999,0.9972826086956521,0.200962100061588,0.00033629999961704016
15,Breast Cancer Wisconsin (Original),8,RandomFuzzyRules__n_candidates__50000,629,70,9,0.9428571428571428,0.9199999999999999,0.9972826086956521,0.39957110001705587,0.00040749995969235897
15,Breast Cancer Wisconsin (Original),8,RandomFuzzyRules__n_candidates__100000,629,70,9,0.9714285714285714,0.9565217391304348,0.9936594202898551,0.8159518999746069,0.00036689999978989363
15,Breast Cancer Wisconsin (Original),9,RandomFuzzyRules__n_candidates__1000,629,70,9,0.9285714285714286,0.8936170212765958,0.9902222222222222,0.00872090004850179,0.00027630000840872526
15,Breast Cancer Wisconsin (Original),9,RandomFuzzyRules__n_candidates__5000,629,70,9,0.9857142857142858,0.9803921568627451,0.9893333333333333,0.05491579999215901,0.0003303999546915293
15,Breast Cancer Wisconsin (Original),9,RandomFuzzyRules__n_candidates__10000,629,70,9,0.9857142857142858,0.9803921568627451,0.9893333333333333,0.08147850004024804,0.0003285999409854412
15,Breast Cancer Wisconsin (Original),9,RandomFuzzyRules__n_candidates__25000,629,70,9,0.9857142857142858,0.9803921568627451,0.9777777777777777,0.3204082000302151,0.00028279994148761034
15,Breast Cancer Wisconsin (Original),9,RandomFuzzyRules__n_candidates__50000,629,70,9,0.9714285714285714,0.96,0.9955555555555556,0.47020229999907315,0.00035369989927858114
15,Breast Cancer Wisconsin (Original),9,RandomFuzzyRules__n_candidates__100000,629,70,9,0.9857142857142858,0.9803921568627451,0.9946666666666667,1.1747293999651447,0.0003597999457269907
15,Breast Cancer Wisconsin (Original),10,RandomFuzzyRules__n_candidates__1000,630,69,9,0.9420289855072463,0.9090909090909091,0.9814814814814815,0.013279100065119565,0.00025559996720403433
15,Breast Cancer Wisconsin (Original),10,RandomFuzzyRules__n_candidates__5000,630,69,9,0.9710144927536232,0.9600000000000001,0.9935185185185185,0.04307489993516356,0.0002829000586643815
15,Breast Cancer Wisconsin (Original),10,RandomFuzzyRules__n_candidates__10000,630,69,9,0.9710144927536232,0.9600000000000001,0.9935185185185185,0.10143699997570366,0.0002356999320909381
15,Breast Cancer Wisconsin (Original),10,RandomFuzzyRules__n_candidates__25000,630,69,9,0.9565217391304348,0.9411764705882353,0.9916666666666667,0.23378589993808419,0.00031430006492882967
15,Breast Cancer Wisconsin (Original),10,RandomFuzzyRules__n_candidates__50000,630,69,9,0.9420289855072463,0.9199999999999999,0.987037037037037,0.4292522999458015,0.0002004000125452876
15,Breast Cancer Wisconsin (Original),10,RandomFuzzyRules__n_candidates__100000,630,69,9,0.9710144927536232,0.9600000000000001,0.9944444444444445,0.8123134999768808,0.00021920003928244114
17,Breast Cancer Wisconsin (Diagnostic),1,RandomFuzzyRules__n_candidates__1000,512,57,30,0.9473684210526315,0.9302325581395349,0.9948051948051948,0.011607799911871552,0.0002750999992713332
17,Breast Cancer Wisconsin (Diagnostic),1,RandomFuzzyRules__n_candidates__5000,512,57,30,0.9473684210526315,0.9302325581395349,0.9753246753246754,0.05652129999361932,0.0002490000333636999
17,Breast Cancer Wisconsin (Diagnostic),1,RandomFuzzyRules__n_candidates__10000,512,57,30,0.9473684210526315,0.9333333333333332,0.996103896103896,0.08312139997724444,0.0002394999610260129
17,Breast Cancer Wisconsin (Diagnostic),1,RandomFuzzyRules__n_candidates__25000,512,57,30,0.9473684210526315,0.9333333333333332,0.996103896103896,0.20653819991275668,0.0002343000378459692
17,Breast Cancer Wisconsin (Diagnostic),1,RandomFuzzyRules__n_candidates__50000,512,57,30,0.9473684210526315,0.9333333333333332,0.996103896103896,0.39580659999046475,0.00023990008048713207
17,Breast Cancer Wisconsin (Diagnostic),1,RandomFuzzyRules__n_candidates__100000,512,57,30,0.9473684210526315,0.9333333333333332,0.996103896103896,0.6562293999595568,0.0001857000170275569
17,Breast Cancer Wisconsin (Diagnostic),2,RandomFuzzyRules__n_candidates__1000,512,57,30,0.9473684210526315,0.9302325581395349,0.977922077922078,0.012042899965308607,0.0002794000320136547
17,Breast Cancer Wisconsin (Diagnostic),2,RandomFuzzyRules__n_candidates__5000,512,57,30,0.9473684210526315,0.9361702127659575,1.0,0.03374930005520582,0.0003252000315114856
17,Breast Cancer Wisconsin (Diagnostic),2,RandomFuzzyRules__n_candidates__10000,512,57,30,0.9649122807017544,0.9565217391304348,0.9987012987012986,0.06984329991973937,0.0003370000049471855
17,Breast Cancer Wisconsin (Diagnostic),2,RandomFuzzyRules__n_candidates__25000,512,57,30,0.9649122807017544,0.9565217391304348,0.9987012987012986,0.16929739993065596,0.00034680007956922054
17,Breast Cancer Wisconsin (Diagnostic),2,RandomFuzzyRules__n_candidates__50000,512,57,30,0.9649122807017544,0.9565217391304348,0.9987012987012986,0.3365755999693647,0.00019859999883919954
17,Breast Cancer Wisconsin (Diagnostic),2,RandomFuzzyRules__n_candidates__100000,512,57,30,0.9649122807017544,0.9565217391304348,0.9987012987012986,0.6179946000920609,0.00019189994782209396
17,Breast Cancer Wisconsin (Diagnostic),3,RandomFuzzyRules__n_candidates__1000,512,57,30,0.9473684210526315,0.9268292682926829,0.996031746031746,0.008119900012388825,0.0002744999947026372
17,Breast Cancer Wisconsin (Diagnostic),3,RandomFuzzyRules__n_candidates__5000,512,57,30,0.9473684210526315,0.923076923076923,0.996031746031746,0.03429760003928095,0.00025230005849152803
17,Breast Cancer Wisconsin (Diagnostic),3,RandomFuzzyRules__n_candidates__10000,512,57,30,0.9824561403508771,0.975609756097561,1.0,0.07054340001195669,0.000317899975925684
17,Breast Cancer Wisconsin (Diagnostic),3,RandomFuzzyRules__n_candidates__25000,512,57,30,0.9473684210526315,0.923076923076923,0.9933862433862434,0.1847752999747172,0.00034730008337646723
17,Breast Cancer Wisconsin (Diagnostic),3,RandomFuzzyRules__n_candidates__50000,512,57,30,0.9473684210526315,0.923076923076923,0.9933862433862434,0.3131279000081122,0.00020180002320557833
17,Breast Cancer Wisconsin (Diagnostic),3,RandomFuzzyRules__n_candidates__100000,512,57,30,0.9473684210526315,0.923076923076923,0.9933862433862434,0.6087633999995887,0.00023580004926770926
17,Breast Cancer Wisconsin (Diagnostic),4,RandomFuzzyRules__n_candidates__1000,512,57,30,0.8596491228070176,0.7777777777777778,0.9193121693121693,0.010434200055897236,0.00031479995232075453
17,Breast Cancer Wisconsin (Diagnostic),4,RandomFuzzyRules__n_candidates__5000,512,57,30,0.8771929824561403,0.8108108108108109,0.843915343915344,0.03497450007125735,0.00030759989749640226
17,Breast Cancer Wisconsin (Diagnostic),4,RandomFuzzyRules__n_candidates__10000,512,57,30,0.8947368421052632,0.8421052631578947,0.9735449735449736,0.07186949998140335,0.00032350001856684685
17,Breast Cancer Wisconsin (Diagnostic),4,RandomFuzzyRules__n_candidates__25000,512,57,30,0.8947368421052632,0.8421052631578947,0.9735449735449736,0.18131299992091954,0.00032300001475960016
17,Breast Cancer Wisconsin (Diagnostic),4,RandomFuzzyRules__n_candidates__50000,512,57,30,0.8947368421052632,0.8421052631578947,0.9735449735449736,0.3189062000019476,0.00020510004833340645
17,Breast Cancer Wisconsin (Diagnostic),4,RandomFuzzyRules__n_candidates__100000,512,57,30,0.8947368421052632,0.8421052631578947,0.9735449735449736,0.6174811000237241,0.00020239991135895252
17,Breast Cancer Wisconsin (Diagnostic),5,RandomFuzzyRules__n_candidates__1000,512,57,30,0.9298245614035088,0.9,0.9523809523809523,0.008229700033552945,0.00025400007143616676
17,Breast Cancer Wisconsin (Diagnostic),5,RandomFuzzyRules__n_candidates__5000,512,57,30,0.9473684210526315,0.923076923076923,0.9378306878306879,0.03520320006646216,0.00029179989360272884
17,Breast Cancer Wisconsin (Diagnostic),5,RandomFuzzyRules__n_candidates__10000,512,57,30,0.9298245614035088,0.9047619047619048,0.9695767195767195,0.08241900010034442,0.0002495999215170741
17,Breast Cancer Wisconsin (Diagnostic),5,RandomFuzzyRules__n_candidates__25000,512,57,30,0.9122807017543859,0.8780487804878048,0.9523809523809523,0.175138600054197,0.00034119992051273584
17,Breast Cancer Wisconsin (Diagnostic),5,RandomFuzzyRules__n_candidates__50000,512,57,30,0.9122807017543859,0.8780487804878048,0.9523809523809523,0.34091050003189594,0.0002180000301450491
17,Breast Cancer Wisconsin (Diagnostic),5,RandomFuzzyRules__n_candidates__100000,512,57,30,0.9122807017543859,0.8780487804878048,0.9523809523809523,0.601040199981071,0.00018149998504668474
17,Breast Cancer Wisconsin (Diagnostic),6,RandomFuzzyRules__n_candidates__1000,512,57,30,0.8947368421052632,0.8333333333333333,0.9484126984126984,0.007450699922628701,0.00027139997109770775
17,Breast Cancer Wisconsin (Diagnostic),6,RandomFuzzyRules__n_candidates__5000,512,57,30,0.8771929824561403,0.8292682926829269,0.9695767195767195,0.03779570001643151,0.0003046999918296933
17,Breast Cancer Wisconsin (Diagnostic),6,RandomFuzzyRules__n_candidates__10000,512,57,30,0.9649122807017544,0.9523809523809523,0.9933862433862435,0.07517840003129095,0.0003519000019878149
17,Breast Cancer Wisconsin (Diagnostic),6,RandomFuzzyRules__n_candidates__25000,512,57,30,0.9298245614035088,0.9,0.9722222222222222,0.17959309997968376,0.0003486999776214361
17,Breast Cancer Wisconsin (Diagnostic),6,RandomFuzzyRules__n_candidates__50000,512,57,30,0.9298245614035088,0.9,0.9722222222222222,0.3168639000505209,0.00025299994740635157
17,Breast Cancer Wisconsin (Diagnostic),6,RandomFuzzyRules__n_candidates__100000,512,57,30,0.9298245614035088,0.9,0.9722222222222222,0.6122810000088066,0.00020329991821199656
17,Breast Cancer Wisconsin (Diagnostic),7,RandomFuzzyRules__n_candidates__1000,512,57,30,0.9298245614035088,0.9,0.9735449735449735,0.007437000051140785,0.0002492999192327261
17,Breast Cancer Wisconsin (Diagnostic),7,RandomFuzzyRules__n_candidates__5000,512,57,30,0.8771929824561403,0.8510638297872339,0.9867724867724867,0.03317880001850426,0.00031569995917379856
17,Breast Cancer Wisconsin (Diagnostic),7,RandomFuzzyRules__n_candidates__10000,512,57,30,0.9122807017543859,0.888888888888889,0.9775132275132276,0.07070400007069111,0.0003212000010535121
17,Breast Cancer Wisconsin (Diagnostic),7,RandomFuzzyRules__n_candidates__25000,512,57,30,0.9122807017543859,0.888888888888889,0.9775132275132276,0.17942450009286404,0.0003304999554529786
17,Breast Cancer Wisconsin (Diagnostic),7,RandomFuzzyRules__n_candidates__50000,512,57,30,0.9122807017543859,0.888888888888889,0.9775132275132276,0.317584199947305,0.0002674000570550561
17,Breast Cancer Wisconsin (Diagnostic),7,RandomFuzzyRules__n_candidates__100000,512,57,30,0.9122807017543859,0.888888888888889,0.9775132275132276,0.6051123000215739,0.000206399941816926
17,Breast Cancer Wisconsin (Diagnostic),8,RandomFuzzyRules__n_candidates__1000,512,57,30,0.9122807017543859,0.8780487804878048,0.9616402116402115,0.008137499913573265,0.0002687000669538975
17,Breast Cancer Wisconsin (Diagnostic),8,RandomFuzzyRules__n_candidates__5000,512,57,30,0.9298245614035088,0.9130434782608696,1.0,0.035302800009958446,0.0003333000931888819
17,Breast Cancer Wisconsin (Diagnostic),8,RandomFuzzyRules__n_candidates__10000,512,57,30,0.9649122807017544,0.9545454545454545,1.0,0.07164440001361072,0.0004792000399902463
17,Breast Cancer Wisconsin (Diagnostic),8,RandomFuzzyRules__n_candidates__25000,512,57,30,0.9649122807017544,0.9545454545454545,1.0,0.17359749996103346,0.00023680005688220263
17,Breast Cancer Wisconsin (Diagnostic),8,RandomFuzzyRules__n_candidates__50000,512,57,30,0.9649122807017544,0.9545454545454545,1.0,0.33686050004325807,0.0002723000943660736
17,Breast Cancer Wisconsin (Diagnostic),8,RandomFuzzyRules__n_candidates__100000,512,57,30,0.9473684210526315,0.9333333333333333,0.996031746031746,0.7175681999651715,0.0003038999857380986
17,Breast Cancer Wisconsin (Diagnostic),9,RandomFuzzyRules__n_candidates__1000,512,57,30,0.8421052631578947,0.7692307692307692,0.9616402116402116,0.00752639991696924,0.0002631000243127346
17,Breast Cancer Wisconsin (Diagnostic),9,RandomFuzzyRules__n_candidates__5000,512,57,30,0.9473684210526315,0.923076923076923,0.9880952380952381,0.03412850003223866,0.00022050004918128252
17,Breast Cancer Wisconsin (Diagnostic),9,RandomFuzzyRules__n_candidates__10000,512,57,30,0.9298245614035088,0.9,0.9907407407407408,0.0710207000374794,0.00034829997457563877
17,Breast Cancer Wisconsin (Diagnostic),9,RandomFuzzyRules__n_candidates__25000,512,57,30,0.9298245614035088,0.9,0.9907407407407407,0.1944313000421971,0.00032210000790655613
17,Breast Cancer Wisconsin (Diagnostic),9,RandomFuzzyRules__n_candidates__50000,512,57,30,0.9298245614035088,0.9,0.9907407407407407,0.3292318999301642,0.00019749999046325684
17,Breast Cancer Wisconsin (Diagnostic),9,RandomFuzzyRules__n_candidates__100000,512,57,30,0.9298245614035088,0.9,0.9907407407407407,0.7592011000961065,0.00020999996922910213
17,Breast Cancer Wisconsin (Diagnostic),10,RandomFuzzyRules__n_candidates__1000,513,56,30,0.9464285714285714,0.923076923076923,0.9795918367346939,0.010384499910287559,0.00018740002997219563
17,Breast Cancer Wisconsin (Diagnostic),10,RandomFuzzyRules__n_candidates__5000,513,56,30,0.9821428571428571,0.975609756097561,0.9972789115646258,0.055046700057573617,0.00022629997693002224
17,Breast Cancer Wisconsin (Diagnostic),10,RandomFuzzyRules__n_candidates__10000,513,56,30,1.0,1.0,1.0,0.07716220000293106,0.00022310006897896528
17,Breast Cancer Wisconsin (Diagnostic),10,RandomFuzzyRules__n_candidates__25000,513,56,30,0.9642857142857143,0.9500000000000001,0.9891156462585033,0.18345699994824827,0.00034280004911124706
17,Breast Cancer Wisconsin (Diagnostic),10,RandomFuzzyRules__n_candidates__50000,513,56,30,0.9642857142857143,0.9500000000000001,0.9891156462585033,0.32782160001806915,0.00023150001652538776
17,Breast Cancer Wisconsin (Diagnostic),10,RandomFuzzyRules__n_candidates__100000,513,56,30,0.9642857142857143,0.9500000000000001,0.9891156462585033,0.6092966999858618,0.00019150006119161844
27,Credit Approval,1,RandomFuzzyRules__n_candidates__1000,621,69,15,0.8840579710144928,0.8947368421052632,0.8828522920203735,0.007486300077289343,0.0002703999634832144
27,Credit Approval,1,RandomFuzzyRules__n_candidates__5000,621,69,15,0.8695652173913043,0.8831168831168831,0.8484719864176571,0.033780000056140125,0.000309899915009737
27,Credit Approval,1,RandomFuzzyRules__n_candidates__10000,621,69,15,0.855072463768116,0.8717948717948718,0.8641765704584041,0.06751269998494536,0.000314100063405931
27,Credit Approval,1,RandomFuzzyRules__n_candidates__25000,621,69,15,0.8695652173913043,0.8831168831168831,0.870967741935484,0.17612930003087968,0.0003415000392124057
27,Credit Approval,1,RandomFuzzyRules__n_candidates__50000,621,69,15,0.8985507246376812,0.9090909090909091,0.8947368421052632,0.3293901000870392,0.00019809999503195286
27,Credit Approval,1,RandomFuzzyRules__n_candidates__100000,621,69,15,0.8985507246376812,0.9090909090909091,0.8947368421052632,0.5994039000943303,0.0001895999303087592
27,Credit Approval,2,RandomFuzzyRules__n_candidates__1000,621,69,15,0.8405797101449275,0.8405797101449276,0.849320882852292,0.007523000007495284,0.0002668000524863601
27,Credit Approval,2,RandomFuzzyRules__n_candidates__5000,621,69,15,0.8405797101449275,0.8405797101449276,0.849320882852292,0.036811300087720156,0.0003336999798193574
27,Credit Approval,2,RandomFuzzyRules__n_candidates__10000,621,69,15,0.8405797101449275,0.8405797101449276,0.849320882852292,0.0664667000528425,0.00024339999072253704
27,Credit Approval,2,RandomFuzzyRules__n_candidates__25000,621,69,15,0.8405797101449275,0.8493150684931505,0.8255517826825128,0.17252839996945113,0.00035660003777593374
27,Credit Approval,2,RandomFuzzyRules__n_candidates__50000,621,69,15,0.855072463768116,0.861111111111111,0.8527164685908318,0.32718399993609637,0.0001903000520542264
27,Credit Approval,2,RandomFuzzyRules__n_candidates__100000,621,69,15,0.855072463768116,0.861111111111111,0.8527164685908318,0.6365452000172809,0.0001973999897018075
27,Credit Approval,3,RandomFuzzyRules__n_candidates__1000,621,69,15,0.855072463768116,0.8529411764705883,0.8654499151103565,0.007437900057993829,0.00024910003412514925
27,Credit Approval,3,RandomFuzzyRules__n_candidates__5000,621,69,15,0.855072463768116,0.8529411764705883,0.8654499151103565,0.031905399984680116,0.00023490004241466522
27,Credit Approval,3,RandomFuzzyRules__n_candidates__10000,621,69,15,0.8405797101449275,0.8405797101449276,0.8790322580645162,0.06993779994081706,0.0003587000537663698
27,Credit Approval,3,RandomFuzzyRules__n_candidates__25000,621,69,15,0.855072463768116,0.861111111111111,0.8692699490662139,0.17268620000686496,0.0003404999151825905
27,Credit Approval,3,RandomFuzzyRules__n_candidates__50000,621,69,15,0.8695652173913043,0.8695652173913043,0.8824278438030561,0.34348669997416437,0.0002598999999463558
27,Credit Approval,3,RandomFuzzyRules__n_candidates__100000,621,69,15,0.8695652173913043,0.8695652173913043,0.8824278438030561,0.6063140999758616,0.00019529997371137142
27,Credit Approval,4,RandomFuzzyRules__n_candidates__1000,621,69,15,0.7246376811594203,0.716417910447761,0.735144312393888,0.00740660005249083,0.0002695999573916197
27,Credit Approval,4,RandomFuzzyRules__n_candidates__5000,621,69,15,0.7246376811594203,0.716417910447761,0.735144312393888,0.033095199964009225,0.0003209999995306134
27,Credit Approval,4,RandomFuzzyRules__n_candidates__10000,621,69,15,0.7246376811594203,0.716417910447761,0.735144312393888,0.06936570000834763,0.00032919994555413723
27,Credit Approval,4,RandomFuzzyRules__n_candidates__25000,621,69,15,0.7246376811594203,0.716417910447761,0.735144312393888,0.17241549992468208,0.00033680000342428684
27,Credit Approval,4,RandomFuzzyRules__n_candidates__50000,621,69,15,0.7246376811594203,0.716417910447761,0.735144312393888,0.3143845999147743,0.00018620002083480358
27,Credit Approval,4,RandomFuzzyRules__n_candidates__100000,621,69,15,0.7391304347826086,0.7352941176470588,0.7440577249575553,0.6188913000514731,0.0001962999813258648
27,Credit Approval,5,RandomFuzzyRules__n_candidates__1000,621,69,15,0.9420289855072463,0.9459459459459458,0.9443972835314092,0.007980499998666346,0.0002636999124661088
27,Credit Approval,5,RandomFuzzyRules__n_candidates__5000,621,69,15,0.9420289855072463,0.9459459459459458,0.9443972835314092,0.032384300022386014,0.0002948999172076583
27,Credit Approval,5,RandomFuzzyRules__n_candidates__10000,621,69,15,0.9420289855072463,0.9459459459459458,0.9443972835314092,0.06821049994323403,0.00034140003845095634
27,Credit Approval,5,RandomFuzzyRules__n_candidates__25000,621,69,15,0.9420289855072463,0.9473684210526315,0.9376061120543294,0.17353160004131496,0.0003402999136596918
27,Credit Approval,5,RandomFuzzyRules__n_candidates__50000,621,69,15,0.9420289855072463,0.9473684210526315,0.9507640067911715,0.3158105000620708,0.00021039997227489948
27,Credit Approval,5,RandomFuzzyRules__n_candidates__100000,621,69,15,0.9420289855072463,0.9473684210526315,0.9507640067911715,0.5961152999661863,0.0003611000720411539
27,Credit Approval,6,RandomFuzzyRules__n_candidates__1000,621,69,15,0.7971014492753623,0.7999999999999999,0.803904923599321,0.009401599992997944,0.0003217000048607588
27,Credit Approval,6,RandomFuzzyRules__n_candidates__5000,621,69,15,0.782608695652174,0.782608695652174,0.7907470288624787,0.05408270005136728,0.0003352999920025468
27,Credit Approval,6,RandomFuzzyRules__n_candidates__10000,621,69,15,0.7971014492753623,0.7941176470588235,0.8068760611205432,0.09524450008757412,0.00023959996178746223
27,Credit Approval,6,RandomFuzzyRules__n_candidates__25000,621,69,15,0.7971014492753623,0.7941176470588235,0.8068760611205432,0.196112799923867,0.00040060002356767654
27,Credit Approval,6,RandomFuzzyRules__n_candidates__50000,621,69,15,0.8115942028985508,0.8219178082191781,0.8034804753820035,0.36050469998735934,0.0004376999568194151
27,Credit Approval,6,RandomFuzzyRules__n_candidates__100000,621,69,15,0.7971014492753623,0.8055555555555555,0.8421052631578947,0.7716481999959797,0.0004227999597787857
27,Credit Approval,7,RandomFuzzyRules__n_candidates__1000,621,69,15,0.927536231884058,0.9295774647887324,0.9342105263157895,0.009080599993467331,0.0002079999540001154
27,Credit Approval,7,RandomFuzzyRules__n_candidates__5000,621,69,15,0.8695652173913043,0.88,0.8459252971137521,0.05050390004180372,0.0002313998993486166
27,Credit Approval,7,RandomFuzzyRules__n_candidates__10000,621,69,15,0.8695652173913043,0.88,0.8713921901528013,0.06617270002607256,0.0002598999999463558
27,Credit Approval,7,RandomFuzzyRules__n_candidates__25000,621,69,15,0.855072463768116,0.8717948717948718,0.7954159592529711,0.2007247000001371,0.00026890006847679615
27,Credit Approval,7,RandomFuzzyRules__n_candidates__50000,621,69,15,0.855072463768116,0.8717948717948718,0.7954159592529711,0.40470190008636564,0.00025020004250109196
27,Credit Approval,7,RandomFuzzyRules__n_candidates__100000,621,69,15,0.855072463768116,0.8717948717948718,0.7954159592529711,0.7365010000066832,0.00023630005307495594
27,Credit Approval,8,RandomFuzzyRules__n_candidates__1000,621,69,15,0.782608695652174,0.7945205479452054,0.7884615384615385,0.008567199925892055,0.000328000052832067
27,Credit Approval,8,RandomFuzzyRules__n_candidates__5000,621,69,15,0.782608695652174,0.7945205479452054,0.7884615384615385,0.042164199985563755,0.0003389000194147229
27,Credit Approval,8,RandomFuzzyRules__n_candidates__10000,621,69,15,0.782608695652174,0.7945205479452054,0.7884615384615385,0.07776180002838373,0.00033650000113993883
27,Credit Approval,8,RandomFuzzyRules__n_candidates__25000,621,69,15,0.782608695652174,0.7945205479452054,0.7884615384615385,0.1913219999987632,0.00033439998514950275
27,Credit Approval,8,RandomFuzzyRules__n_candidates__50000,621,69,15,0.8115942028985508,0.8311688311688312,0.8145299145299146,0.3944748999783769,0.0002194000408053398
27,Credit Approval,8,RandomFuzzyRules__n_candidates__100000,621,69,15,0.8115942028985508,0.8311688311688312,0.8145299145299146,0.760906899929978,0.0002429999876767397
27,Credit Approval,9,RandomFuzzyRules__n_candidates__1000,621,69,15,0.855072463768116,0.8571428571428572,0.8679487179487179,0.010569500038400292,0.00025749998167157173
27,Credit Approval,9,RandomFuzzyRules__n_candidates__5000,621,69,15,0.855072463768116,0.8571428571428572,0.8679487179487179,0.03466969996225089,0.00033870001789182425
27,Credit Approval,9,RandomFuzzyRules__n_candidates__10000,621,69,15,0.855072463768116,0.8571428571428572,0.8679487179487179,0.09795560000929981,0.00035660003777593374
27,Credit Approval,9,RandomFuzzyRules__n_candidates__25000,621,69,15,0.855072463768116,0.868421052631579,0.8358974358974359,0.20769130007829517,0.00035230000503361225
27,Credit Approval,9,RandomFuzzyRules__n_candidates__50000,621,69,15,0.8405797101449275,0.8493150684931507,0.8589743589743589,0.39042690000496805,0.0002720999764278531
27,Credit Approval,9,RandomFuzzyRules__n_candidates__100000,621,69,15,0.8405797101449275,0.8493150684931507,0.8589743589743589,0.7637390999589115,0.00032190000638365746
27,Credit Approval,10,RandomFuzzyRules__n_candidates__1000,621,69,15,0.9420289855072463,0.945945945945946,0.9487179487179487,0.011432699975557625,0.0003168999683111906
27,Credit Approval,10,RandomFuzzyRules__n_candidates__5000,621,69,15,0.9420289855072463,0.945945945945946,0.9487179487179487,0.04692140000406653,0.0002901999978348613
27,Credit Approval,10,RandomFuzzyRules__n_candidates__10000,621,69,15,0.9420289855072463,0.945945945945946,0.9487179487179487,0.08290469995699823,0.0003477999707683921
27,Credit Approval,10,RandomFuzzyRules__n_candidates__25000,621,69,15,0.927536231884058,0.9367088607594937,0.9008547008547009,0.18978200003039092,0.00034929998219013214
27,Credit Approval,10,RandomFuzzyRules__n_candidates__50000,621,69,15,0.9420289855072463,0.9473684210526315,0.9495726495726496,0.3979412999469787,0.00020700006280094385
27,Credit Approval,10,RandomFuzzyRules__n_candidates__100000,621,69,15,0.9420289855072463,0.9473684210526315,0.9495726495726496,0.7986476999940351,0.00022839999292045832
43,Haberman's Survival,1,RandomFuzzyRules__n_candidates__1000,275,31,3,0.7741935483870968,0.36363636363636365,0.7608695652173914,0.01566929998807609,0.0003255999181419611
43,Haberman's Survival,1,RandomFuzzyRules__n_candidates__5000,275,31,3,0.8387096774193549,0.6153846153846154,0.7717391304347826,0.09331830008886755,0.0002834000624716282
43,Haberman's Survival,1,RandomFuzzyRules__n_candidates__10000,275,31,3,0.8387096774193549,0.6153846153846154,0.7309782608695653,0.22240059997420758,0.00030640000477433205
43,Haberman's Survival,1,RandomFuzzyRules__n_candidates__25000,275,31,3,0.8387096774193549,0.6153846153846154,0.7309782608695653,0.5823804999236017,0.00037350005004554987
43,Haberman's Survival,1,RandomFuzzyRules__n_candidates__50000,275,31,3,0.8387096774193549,0.6153846153846154,0.7309782608695653,1.031898899935186,0.0002402999671176076
43,Haberman's Survival,1,RandomFuzzyRules__n_candidates__100000,275,31,3,0.8387096774193549,0.6153846153846154,0.7309782608695653,1.068401199998334,0.00030690000858157873
43,Haberman's Survival,2,RandomFuzzyRules__n_candidates__1000,275,31,3,0.7419354838709677,0.3333333333333333,0.6793478260869565,0.018302800017409027,0.0002714999718591571
43,Haberman's Survival,2,RandomFuzzyRules__n_candidates__5000,275,31,3,0.7419354838709677,0.3333333333333333,0.6603260869565217,0.09631789999548346,0.0002984999446198344
43,Haberman's Survival,2,RandomFuzzyRules__n_candidates__10000,275,31,3,0.7741935483870968,0.4615384615384615,0.654891304347826,0.21046159998513758,0.0003632999723777175
43,Haberman's Survival,2,RandomFuzzyRules__n_candidates__25000,275,31,3,0.7741935483870968,0.4615384615384615,0.654891304347826,0.6740583999780938,0.0002999999560415745
43,Haberman's Survival,2,RandomFuzzyRules__n_candidates__50000,275,31,3,0.7741935483870968,0.4615384615384615,0.654891304347826,1.0150998000754043,0.0002984000602737069
43,Haberman's Survival,2,RandomFuzzyRules__n_candidates__100000,275,31,3,0.7741935483870968,0.4615384615384615,0.654891304347826,0.9830459000077099,0.0002495000371709466
43,Haberman's Survival,3,RandomFuzzyRules__n_candidates__1000,275,31,3,0.7741935483870968,0.2222222222222222,0.5978260869565217,0.0168161999899894,0.00028449995443224907
43,Haberman's Survival,3,RandomFuzzyRules__n_candidates__5000,275,31,3,0.7741935483870968,0.2222222222222222,0.6467391304347826,0.0962567999958992,0.00023619993589818478
43,Haberman's Survival,3,RandomFuzzyRules__n_candidates__10000,275,31,3,0.8064516129032258,0.4,0.6467391304347827,0.21078309998847544,0.00028879998717457056
43,Haberman's Survival,3,RandomFuzzyRules__n_candidates__25000,275,31,3,0.8064516129032258,0.4,0.6467391304347827,0.6269733000081033,0.0003578000469133258
43,Haberman's Survival,3,RandomFuzzyRules__n_candidates__50000,275,31,3,0.8064516129032258,0.4,0.6467391304347827,1.0080970000708476,0.0003727999283000827
43,Haberman's Survival,3,RandomFuzzyRules__n_candidates__100000,275,31,3,0.8064516129032258,0.4,0.6467391304347827,1.0106381999794394,0.00026709993835538626
43,Haberman's Survival,4,RandomFuzzyRules__n_candidates__1000,275,31,3,0.6451612903225806,0.15384615384615385,0.5081521739130435,0.015760499984025955,0.0002226999495178461
43,Haberman's Survival,4,RandomFuzzyRules__n_candidates__5000,275,31,3,0.6451612903225806,0.15384615384615385,0.5054347826086957,0.09975649998523295,0.00029230001382529736
43,Haberman's Survival,4,RandomFuzzyRules__n_candidates__10000,275,31,3,0.6451612903225806,0.15384615384615385,0.532608695652174,0.22461139992810786,0.0003066000062972307
43,Haberman's Survival,4,RandomFuzzyRules__n_candidates__25000,275,31,3,0.6451612903225806,0.15384615384615385,0.532608695652174,0.593080100021325,0.0002951999194920063
43,Haberman's Survival,4,RandomFuzzyRules__n_candidates__50000,275,31,3,0.6451612903225806,0.15384615384615385,0.532608695652174,1.0487798999529332,0.0002886999864131212
43,Haberman's Survival,4,RandomFuzzyRules__n_candidates__100000,275,31,3,0.6451612903225806,0.15384615384615385,0.532608695652174,1.0673244999488816,0.0003530000103637576
43,Haberman's Survival,5,RandomFuzzyRules__n_candidates__1000,275,31,3,0.8709677419354839,0.6666666666666666,0.9429347826086957,0.01793810003437102,0.00026809994596987963
43,Haberman's Survival,5,RandomFuzzyRules__n_candidates__5000,275,31,3,0.8709677419354839,0.7142857142857143,0.9456521739130436,0.0947379000717774,0.00023259990848600864
43,Haberman's Survival,5,RandomFuzzyRules__n_candidates__10000,275,31,3,0.8709677419354839,0.7142857142857143,0.9456521739130436,0.21672019991092384,0.00033850001636892557
43,Haberman's Survival,5,RandomFuzzyRules__n_candidates__25000,275,31,3,0.8387096774193549,0.6153846153846154,0.8749999999999999,0.4213344999589026,0.0003272000467404723
43,Haberman's Survival,5,RandomFuzzyRules__n_candidates__50000,275,31,3,0.8387096774193549,0.6153846153846154,0.8749999999999999,0.6703423999715596,0.0002473000204190612
43,Haberman's Survival,5,RandomFuzzyRules__n_candidates__100000,275,31,3,0.8387096774193549,0.6153846153846154,0.8749999999999999,1.2392582999309525,0.0002723999787122011
43,Haberman's Survival,6,RandomFuzzyRules__n_candidates__1000,275,31,3,0.7096774193548387,0.0,0.6287878787878788,0.01729739992879331,0.00020540005061775446
43,Haberman's Survival,6,RandomFuzzyRules__n_candidates__5000,275,31,3,0.6774193548387096,0.0,0.6237373737373737,0.10767609998583794,0.00032840005587786436
43,Haberman's Survival,6,RandomFuzzyRules__n_candidates__10000,275,31,3,0.7419354838709677,0.19999999999999998,0.6136363636363636,0.2637618000153452,0.000327100045979023
43,Haberman's Survival,6,RandomFuzzyRules__n_candidates__25000,275,31,3,0.7419354838709677,0.19999999999999998,0.6136363636363636,0.6362303000641987,0.00026220001745969057
43,Haberman's Survival,6,RandomFuzzyRules__n_candidates__50000,275,31,3,0.6774193548387096,0.0,0.6237373737373737,1.0135839999420568,0.0003288000589236617
43,Haberman's Survival,6,RandomFuzzyRules__n_candidates__100000,275,31,3,0.6774193548387096,0.0,0.6237373737373737,0.9649378000758588,0.0003393999068066478
43,Haberman's Survival,7,RandomFuzzyRules__n_candidates__1000,276,30,3,0.7666666666666667,0.36363636363636365,0.8238636363636365,0.011515799909830093,0.0002791000297293067
43,Haberman's Survival,7,RandomFuzzyRules__n_candidates__5000,276,30,3,0.8,0.5,0.8295454545454546,0.08152350003365427,0.00023150001652538776
43,Haberman's Survival,7,RandomFuzzyRules__n_candidates__10000,276,30,3,0.8333333333333334,0.5454545454545454,0.8551136363636362,0.23760490003041923,0.00023110001347959042
43,Haberman's Survival,7,RandomFuzzyRules__n_candidates__25000,276,30,3,0.8,0.5,0.8153409090909092,0.6998753000516444,0.0003781999694183469
43,Haberman's Survival,7,RandomFuzzyRules__n_candidates__50000,276,30,3,0.8,0.5,0.8153409090909092,1.0059929999988526,0.00026949995663017035
43,Haberman's Survival,7,RandomFuzzyRules__n_candidates__100000,276,30,3,0.8,0.5,0.8153409090909092,1.0462784999981523,0.00023370003327727318
43,Haberman's Survival,8,RandomFuzzyRules__n_candidates__1000,276,30,3,0.7333333333333333,0.2,0.3892045454545454,0.014886499964632094,0.0002576000988483429
43,Haberman's Survival,8,RandomFuzzyRules__n_candidates__5000,276,30,3,0.7333333333333333,0.2,0.4005681818181818,0.11080010002478957,0.00030519999563694
43,Haberman's Survival,8,RandomFuzzyRules__n_candidates__10000,276,30,3,0.7333333333333333,0.2,0.42329545454545453,0.21304209996014833,0.0002775000175461173
43,Haberman's Survival,8,RandomFuzzyRules__n_candidates__25000,276,30,3,0.7333333333333333,0.2,0.42329545454545453,0.6815875000320375,0.00029879994690418243
43,Haberman's Survival,8,RandomFuzzyRules__n_candidates__50000,276,30,3,0.7333333333333333,0.2,0.42329545454545453,0.9792523999931291,0.000376800075173378
43,Haberman's Survival,8,RandomFuzzyRules__n_candidates__100000,276,30,3,0.7333333333333333,0.2,0.42329545454545453,1.0638441999908537,0.00029399991035461426
43,Haberman's Survival,9,RandomFuzzyRules__n_candidates__1000,276,30,3,0.7,0.0,0.8977272727272728,0.013415300054475665,0.00024389999452978373
43,Haberman's Survival,9,RandomFuzzyRules__n_candidates__5000,276,30,3,0.7666666666666667,0.36363636363636365,0.9147727272727272,0.10564339999109507,0.00024560000747442245
43,Haberman's Survival,9,RandomFuzzyRules__n_candidates__10000,276,30,3,0.8333333333333334,0.6153846153846154,0.9147727272727273,0.22477440000511706,0.0003839998971670866
43,Haberman's Survival,9,RandomFuzzyRules__n_candidates__25000,276,30,3,0.8333333333333334,0.6153846153846154,0.9147727272727273,0.6341630999231711,0.000264400034211576
43,Haberman's Survival,9,RandomFuzzyRules__n_candidates__50000,276,30,3,0.7666666666666667,0.36363636363636365,0.9034090909090909,0.9865165000082925,0.00021780002862215042
43,Haberman's Survival,9,RandomFuzzyRules__n_candidates__100000,276,30,3,0.7666666666666667,0.36363636363636365,0.9034090909090909,1.0439937999472022,0.0003565000370144844
43,Haberman's Survival,10,RandomFuzzyRules__n_candidates__1000,276,30,3,0.6333333333333333,0.0,0.6193181818181818,0.015529700089246035,0.00020269991364330053
43,Haberman's Survival,10,RandomFuzzyRules__n_candidates__5000,276,30,3,0.6666666666666666,0.0,0.48295454545454547,0.07622709998395294,0.00032309989910572767
43,Haberman's Survival,10,RandomFuzzyRules__n_candidates__10000,276,30,3,0.6666666666666666,0.0,0.5198863636363636,0.22294890007469803,0.00032759993337094784
43,Haberman's Survival,10,RandomFuzzyRules__n_candidates__25000,276,30,3,0.6666666666666666,0.0,0.5198863636363636,0.6184440000215545,0.0003341999836266041
43,Haberman's Survival,10,RandomFuzzyRules__n_candidates__50000,276,30,3,0.6666666666666666,0.0,0.5198863636363636,1.0337908000219613,0.00028629996813833714
43,Haberman's Survival,10,RandomFuzzyRules__n_candidates__100000,276,30,3,0.6666666666666666,0.0,0.5198863636363636,1.0124795000301674,0.00025729998014867306
45,Heart Disease,1,RandomFuzzyRules__n_candidates__1000,272,31,13,0.7741935483870968,0.7741935483870968,0.8382352941176471,0.0073741000378504395,0.0002546999603509903
45,Heart Disease,1,RandomFuzzyRules__n_candidates__5000,272,31,13,0.8064516129032258,0.7692307692307692,0.8991596638655462,0.0342279999749735,0.00022739998530596495
45,Heart Disease,1,RandomFuzzyRules__n_candidates__10000,272,31,13,0.8064516129032258,0.7692307692307692,0.8991596638655462,0.07573250005953014,0.00024349999148398638
45,Heart Disease,1,RandomFuzzyRules__n_candidates__25000,272,31,13,0.7419354838709677,0.7333333333333334,0.8361344537815125,0.17418510001152754,0.0002530999481678009
45,Heart Disease,1,RandomFuzzyRules__n_candidates__50000,272,31,13,0.8064516129032258,0.7999999999999999,0.8697478991596639,0.33676100010052323,0.00018019997514784336
45,Heart Disease,1,RandomFuzzyRules__n_candidates__100000,272,31,13,0.8064516129032258,0.7999999999999999,0.8697478991596639,0.6523706000298262,0.0001962999813258648
45,Heart Disease,2,RandomFuzzyRules__n_candidates__1000,272,31,13,0.7096774193548387,0.7096774193548386,0.7605042016806721,0.007789699942804873,0.0002761000068858266
45,Heart Disease,2,RandomFuzzyRules__n_candidates__5000,272,31,13,0.6451612903225806,0.56,0.6638655462184874,0.037224299972876906,0.00023849995341151953
45,Heart Disease,2,RandomFuzzyRules__n_candidates__10000,272,31,13,0.6451612903225806,0.56,0.6638655462184874,0.07318179996218532,0.00030129996594041586
45,Heart Disease,2,RandomFuzzyRules__n_candidates__25000,272,31,13,0.6451612903225806,0.56,0.6638655462184874,0.16077730001416057,0.00028140004724264145
45,Heart Disease,2,RandomFuzzyRules__n_candidates__50000,272,31,13,0.7419354838709677,0.7647058823529412,0.8277310924369747,0.3300469999667257,0.0001865000231191516
45,Heart Disease,2,RandomFuzzyRules__n_candidates__100000,272,31,13,0.7419354838709677,0.7647058823529412,0.8277310924369747,0.5103750000707805,0.00018199998885393143
45,Heart Disease,3,RandomFuzzyRules__n_candidates__1000,272,31,13,0.7741935483870968,0.7741935483870968,0.8088235294117647,0.007177399937063456,0.0002570999786257744
45,Heart Disease,3,RandomFuzzyRules__n_candidates__5000,272,31,13,0.7741935483870968,0.7878787878787878,0.8676470588235293,0.03954649996012449,0.00023640005383640528
45,Heart Disease,3,RandomFuzzyRules__n_candidates__10000,272,31,13,0.7741935483870968,0.7878787878787878,0.8676470588235293,0.06029339996166527,0.00023650005459785461
45,Heart Disease,3,RandomFuzzyRules__n_candidates__25000,272,31,13,0.8064516129032258,0.7857142857142857,0.8193277310924368,0.1722620000364259,0.00036099995486438274
45,Heart Disease,3,RandomFuzzyRules__n_candidates__50000,272,31,13,0.8387096774193549,0.8275862068965518,0.8550420168067226,0.33526209997944534,0.0004463000223040581
45,Heart Disease,3,RandomFuzzyRules__n_candidates__100000,272,31,13,0.7741935483870968,0.7878787878787878,0.8361344537815125,0.6532370999921113,0.000215600011870265
45,Heart Disease,4,RandomFuzzyRules__n_candidates__1000,273,30,13,0.7333333333333333,0.6,0.7013574660633485,0.008797000045888126,0.00020199990831315517
45,Heart Disease,4,RandomFuzzyRules__n_candidates__5000,273,30,13,0.8333333333333334,0.8148148148148148,0.918552036199095,0.04107640008442104,0.0002473999047651887
45,Heart Disease,4,RandomFuzzyRules__n_candidates__10000,273,30,13,0.8333333333333334,0.8148148148148148,0.918552036199095,0.07200879999436438,0.00032490002922713757
45,Heart Disease,4,RandomFuzzyRules__n_candidates__25000,273,30,13,0.7666666666666667,0.7586206896551724,0.8416289592760181,0.18905269994866103,0.0002864999696612358
45,Heart Disease,4,RandomFuzzyRules__n_candidates__50000,273,30,13,0.7,0.64,0.7986425339366515,0.3312436999985948,0.000291300006210804
45,Heart Disease,4,RandomFuzzyRules__n_candidates__100000,273,30,13,0.7,0.64,0.7986425339366515,0.6349181999685243,0.0001965999836102128
45,Heart Disease,5,RandomFuzzyRules__n_candidates__1000,273,30,13,0.7333333333333333,0.7142857142857143,0.7321428571428572,0.008835300104692578,0.00032590003684163094
45,Heart Disease,5,RandomFuzzyRules__n_candidates__5000,273,30,13,0.7333333333333333,0.7647058823529412,0.8705357142857143,0.03131690004374832,0.0002527999458834529
45,Heart Disease,5,RandomFuzzyRules__n_candidates__10000,273,30,13,0.7333333333333333,0.7647058823529412,0.8705357142857143,0.06861700001172721,0.0004631999181583524
45,Heart Disease,5,RandomFuzzyRules__n_candidates__25000,273,30,13,0.7666666666666667,0.7586206896551724,0.8125,0.18111170001793653,0.00023509992752224207
45,Heart Disease,5,RandomFuzzyRules__n_candidates__50000,273,30,13,0.7333333333333333,0.75,0.8214285714285715,0.3339661000063643,0.0002543999580666423
45,Heart Disease,5,RandomFuzzyRules__n_candidates__100000,273,30,13,0.7333333333333333,0.75,0.8214285714285715,0.656176499905996,0.00018990004900842905
45,Heart Disease,6,RandomFuzzyRules__n_candidates__1000,273,30,13,0.7666666666666667,0.6666666666666666,0.75,0.006784999975934625,0.00026999996043741703
45,Heart Disease,6,RandomFuzzyRules__n_candidates__5000,273,30,13,0.8,0.7692307692307692,0.8415178571428571,0.0396540000801906,0.00032430002465844154
45,Heart Disease,6,RandomFuzzyRules__n_candidates__10000,273,30,13,0.8,0.7692307692307692,0.8415178571428571,0.0858196000335738,0.0003000999568030238
45,Heart Disease,6,RandomFuzzyRules__n_candidates__25000,273,30,13,0.8,0.7857142857142857,0.8058035714285714,0.17370519996620715,0.00029520003590732813
45,Heart Disease,6,RandomFuzzyRules__n_candidates__50000,273,30,13,0.8333333333333334,0.8,0.8370535714285715,0.32800620002672076,0.00021139997988939285
45,Heart Disease,6,RandomFuzzyRules__n_candidates__100000,273,30,13,0.7,0.64,0.7187500000000001,0.6501258000498638,0.000256099971011281
45,Heart Disease,7,RandomFuzzyRules__n_candidates__1000,273,30,13,0.7333333333333333,0.6,0.7142857142857143,0.006762900040484965,0.00020050001330673695
45,Heart Disease,7,RandomFuzzyRules__n_candidates__5000,273,30,13,0.8333333333333334,0.8148148148148148,0.8839285714285714,0.03172309999354184,0.0002340999199077487
45,Heart Disease,7,RandomFuzzyRules__n_candidates__10000,273,30,13,0.8333333333333334,0.8148148148148148,0.8839285714285714,0.06960220006294549,0.00023189990315586329
45,Heart Disease,7,RandomFuzzyRules__n_candidates__25000,273,30,13,0.8,0.7999999999999999,0.8459821428571428,0.1839457000605762,0.00033359997905790806
45,Heart Disease,7,RandomFuzzyRules__n_candidates__50000,273,30,13,0.8666666666666667,0.8461538461538461,0.875,0.30875680001918226,0.0001897999318316579
45,Heart Disease,7,RandomFuzzyRules__n_candidates__100000,273,30,13,0.8666666666666667,0.8461538461538461,0.875,0.663944200030528,0.00019719998817890882
45,Heart Disease,8,RandomFuzzyRules__n_candidates__1000,273,30,13,0.7,0.6086956521739131,0.6875,0.007648800034075975,0.00031239993404597044
45,Heart Disease,8,RandomFuzzyRules__n_candidates__5000,273,30,13,0.7333333333333333,0.7333333333333334,0.8214285714285715,0.029837300069630146,0.0003011999651789665
45,Heart Disease,8,RandomFuzzyRules__n_candidates__10000,273,30,13,0.7333333333333333,0.7333333333333334,0.8214285714285715,0.06633579998742789,0.0003488999791443348
45,Heart Disease,8,RandomFuzzyRules__n_candidates__25000,273,30,13,0.7,0.7096774193548386,0.7455357142857142,0.1700944999465719,0.00035039999056607485
45,Heart Disease,8,RandomFuzzyRules__n_candidates__50000,273,30,13,0.7,0.64,0.7879464285714286,0.3241111000534147,0.00021119997836649418
45,Heart Disease,8,RandomFuzzyRules__n_candidates__100000,273,30,13,0.7,0.689655172413793,0.7790178571428571,0.6537777000339702,0.00019699998665601015
45,Heart Disease,9,RandomFuzzyRules__n_candidates__1000,273,30,13,0.7666666666666667,0.7586206896551724,0.8303571428571428,0.007676100009121001,0.0002470999024808407
45,Heart Disease,9,RandomFuzzyRules__n_candidates__5000,273,30,13,0.8333333333333334,0.8148148148148148,0.8973214285714286,0.029629500000737607,0.00023750006221234798
45,Heart Disease,9,RandomFuzzyRules__n_candidates__10000,273,30,13,0.7333333333333333,0.7142857142857143,0.8013392857142857,0.06882329995278269,0.00024500000290572643
45,Heart Disease,9,RandomFuzzyRules__n_candidates__25000,273,30,13,0.7,0.5714285714285714,0.8013392857142857,0.17966339993290603,0.0003687000134959817
45,Heart Disease,9,RandomFuzzyRules__n_candidates__50000,273,30,13,0.7666666666666667,0.7586206896551724,0.8482142857142857,0.28944069996941835,0.00018550001550465822
45,Heart Disease,9,RandomFuzzyRules__n_candidates__100000,273,30,13,0.7666666666666667,0.7586206896551724,0.8482142857142857,0.6692378000589088,0.00023199990391731262
45,Heart Disease,10,RandomFuzzyRules__n_candidates__1000,273,30,13,0.8,0.75,0.7901785714285714,0.0076564999762922525,0.0002840999513864517
45,Heart Disease,10,RandomFuzzyRules__n_candidates__5000,273,30,13,0.7333333333333333,0.6923076923076924,0.7633928571428572,0.035655400017276406,0.0003233000170439482
45,Heart Disease,10,RandomFuzzyRules__n_candidates__10000,273,30,13,0.7333333333333333,0.6923076923076924,0.7633928571428572,0.0731223999755457,0.0003168999683111906
45,Heart Disease,10,RandomFuzzyRules__n_candidates__25000,273,30,13,0.7,0.689655172413793,0.7276785714285715,0.15974909998476505,0.00024129997473210096
45,Heart Disease,10,RandomFuzzyRules__n_candidates__50000,273,30,13,0.7,0.689655172413793,0.7276785714285715,0.32077200000640005,0.00024830002803355455
45,Heart Disease,10,RandomFuzzyRules__n_candidates__100000,273,30,13,0.7666666666666667,0.7407407407407408,0.7968750000000001,0.7027921000262722,0.00026899995282292366
46,Hepatitis,1,RandomFuzzyRules__n_candidates__1000,139,16,19,1.0,1.0,1.0,0.006941600004211068,0.0002899999963119626
46,Hepatitis,1,RandomFuzzyRules__n_candidates__5000,139,16,19,0.9375,0.962962962962963,1.0,0.03546349995303899,0.00031839997973293066
46,Hepatitis,1,RandomFuzzyRules__n_candidates__10000,139,16,19,0.875,0.9285714285714286,1.0,0.058427799958735704,0.00033820001408457756
46,Hepatitis,1,RandomFuzzyRules__n_candidates__25000,139,16,19,1.0,1.0,1.0,0.16722369997296482,0.00028719997499138117
46,Hepatitis,1,RandomFuzzyRules__n_candidates__50000,139,16,19,1.0,1.0,1.0,0.27555779996328056,0.00014590006321668625
46,Hepatitis,1,RandomFuzzyRules__n_candidates__100000,139,16,19,0.9375,0.962962962962963,0.8333333333333334,0.5355569999665022,0.00022339995484799147
46,Hepatitis,2,RandomFuzzyRules__n_candidates__1000,139,16,19,0.8125,0.888888888888889,0.30769230769230776,0.006382299936376512,0.00018360000103712082
46,Hepatitis,2,RandomFuzzyRules__n_candidates__5000,139,16,19,0.8125,0.888888888888889,0.30769230769230776,0.02660970005672425,0.0002730999840423465
46,Hepatitis,2,RandomFuzzyRules__n_candidates__10000,139,16,19,0.8125,0.888888888888889,0.7435897435897436,0.060070900013670325,0.0002761000068858266
46,Hepatitis,2,RandomFuzzyRules__n_candidates__25000,139,16,19,0.875,0.9285714285714286,0.6923076923076923,0.13637480000033975,0.0003287999425083399
46,Hepatitis,2,RandomFuzzyRules__n_candidates__50000,139,16,19,0.875,0.9285714285714286,0.6923076923076923,0.28905040002427995,0.00023859995417296886
46,Hepatitis,2,RandomFuzzyRules__n_candidates__100000,139,16,19,0.8125,0.888888888888889,0.6282051282051282,0.514107899973169,0.0002128999913111329
46,Hepatitis,3,RandomFuzzyRules__n_candidates__1000,139,16,19,0.6875,0.8148148148148148,0.8333333333333335,0.005835900083184242,0.00024809991009533405
46,Hepatitis,3,RandomFuzzyRules__n_candidates__5000,139,16,19,0.6875,0.8148148148148148,0.8333333333333335,0.029036900028586388,0.00030419998802244663
46,Hepatitis,3,RandomFuzzyRules__n_candidates__10000,139,16,19,0.75,0.8571428571428571,0.9230769230769231,0.06637179991230369,0.0003130000550299883
46,Hepatitis,3,RandomFuzzyRules__n_candidates__25000,139,16,19,0.75,0.8571428571428571,0.9230769230769231,0.15090720006264746,0.0003380000125616789
46,Hepatitis,3,RandomFuzzyRules__n_candidates__50000,139,16,19,0.8125,0.896551724137931,0.5897435897435898,0.26203950005583465,0.00021139997988939285
46,Hepatitis,3,RandomFuzzyRules__n_candidates__100000,139,16,19,0.8125,0.896551724137931,0.5897435897435898,0.48332539992406964,0.00021820003166794777
46,Hepatitis,4,RandomFuzzyRules__n_candidates__1000,139,16,19,0.8125,0.888888888888889,0.48958333333333337,0.00568940001539886,0.0002578999847173691
46,Hepatitis,4,RandomFuzzyRules__n_candidates__5000,139,16,19,0.6875,0.8148148148148148,0.8645833333333333,0.027312900056131184,0.0002899999963119626
46,Hepatitis,4,RandomFuzzyRules__n_candidates__10000,139,16,19,0.6875,0.8148148148148148,0.8645833333333333,0.057758399983868,0.00031969998963177204
46,Hepatitis,4,RandomFuzzyRules__n_candidates__25000,139,16,19,0.6875,0.8,0.8333333333333334,0.16073989996220917,0.00035180000122636557
46,Hepatitis,4,RandomFuzzyRules__n_candidates__50000,139,16,19,0.6875,0.8,0.8333333333333334,0.27428440004587173,0.00019789999350905418
46,Hepatitis,4,RandomFuzzyRules__n_candidates__100000,139,16,19,0.6875,0.8,0.8333333333333334,0.5298057999461889,0.0002261000918224454
46,Hepatitis,5,RandomFuzzyRules__n_candidates__1000,139,16,19,0.8125,0.888888888888889,0.4479166666666667,0.006411900045350194,0.00019729998894035816
46,Hepatitis,5,RandomFuzzyRules__n_candidates__5000,139,16,19,0.8125,0.888888888888889,0.4479166666666667,0.029290400096215308,0.00031860009767115116
46,Hepatitis,5,RandomFuzzyRules__n_candidates__10000,139,16,19,0.8125,0.888888888888889,0.4479166666666667,0.062010399997234344,0.0002465000143274665
46,Hepatitis,5,RandomFuzzyRules__n_candidates__25000,139,16,19,0.875,0.923076923076923,0.8125,0.14355250005610287,0.0002919000107795
46,Hepatitis,5,RandomFuzzyRules__n_candidates__50000,139,16,19,0.875,0.923076923076923,0.8125,0.25834029994439334,0.00023600005079060793
46,Hepatitis,5,RandomFuzzyRules__n_candidates__100000,139,16,19,0.8125,0.8799999999999999,0.7291666666666666,0.5202723999973387,0.0002490000333636999
46,Hepatitis,6,RandomFuzzyRules__n_candidates__1000,140,15,19,0.8666666666666667,0.9166666666666666,0.8055555555555556,0.006061500054784119,0.0002610000083222985
46,Hepatitis,6,RandomFuzzyRules__n_candidates__5000,140,15,19,0.8,0.888888888888889,0.888888888888889,0.03198470000643283,0.0003285000566393137
46,Hepatitis,6,RandomFuzzyRules__n_candidates__10000,140,15,19,0.6666666666666666,0.8,0.5000000000000001,0.06182469998020679,0.00034030003007501364
46,Hepatitis,6,RandomFuzzyRules__n_candidates__25000,140,15,19,0.8,0.888888888888889,0.7777777777777778,0.159792699967511,0.0003342999843880534
46,Hepatitis,6,RandomFuzzyRules__n_candidates__50000,140,15,19,0.8,0.888888888888889,0.7777777777777778,0.27685099991504103,0.0002136999974027276
46,Hepatitis,6,RandomFuzzyRules__n_candidates__100000,140,15,19,0.8,0.888888888888889,0.7777777777777778,0.5527262999676168,0.00025020004250109196
46,Hepatitis,7,RandomFuzzyRules__n_candidates__1000,140,15,19,0.8666666666666667,0.923076923076923,0.8055555555555556,0.007250000024214387,0.00028529996052384377
46,Hepatitis,7,RandomFuzzyRules__n_candidates__5000,140,15,19,0.7333333333333333,0.8461538461538461,0.8055555555555556,0.03178459999617189,0.00021620001643896103
46,Hepatitis,7,RandomFuzzyRules__n_candidates__10000,140,15,19,0.7333333333333333,0.8461538461538461,0.8055555555555556,0.06149819993879646,0.00032700004521757364
46,Hepatitis,7,RandomFuzzyRules__n_candidates__25000,140,15,19,0.8,0.8799999999999999,0.6666666666666667,0.12973540008533746,0.00023349991533905268
46,Hepatitis,7,RandomFuzzyRules__n_candidates__50000,140,15,19,0.8,0.8799999999999999,0.6666666666666667,0.2801442000782117,0.00020379992201924324
46,Hepatitis,7,RandomFuzzyRules__n_candidates__100000,140,15,19,0.8,0.8799999999999999,0.6666666666666667,0.44414270005654544,0.0002272999845445156
46,Hepatitis,8,RandomFuzzyRules__n_candidates__1000,140,15,19,0.8,0.8799999999999999,0.6805555555555556,0.006422000005841255,0.00031399994622915983
46,Hepatitis,8,RandomFuzzyRules__n_candidates__5000,140,15,19,0.8,0.8799999999999999,0.6805555555555556,0.03069010004401207,0.00028609996661543846
46,Hepatitis,8,RandomFuzzyRules__n_candidates__10000,140,15,19,0.8,0.8799999999999999,0.8333333333333334,0.05972920008935034,0.00029699993319809437
46,Hepatitis,8,RandomFuzzyRules__n_candidates__25000,140,15,19,0.8,0.8799999999999999,0.7083333333333334,0.1446330000180751,0.00032950006425380707
46,Hepatitis,8,RandomFuzzyRules__n_candidates__50000,140,15,19,0.8,0.8799999999999999,0.5833333333333334,0.2654257999965921,0.0002728999825194478
46,Hepatitis,8,RandomFuzzyRules__n_candidates__100000,140,15,19,0.8,0.8799999999999999,0.736111111111111,0.4916696000145748,0.00023669993970543146
46,Hepatitis,9,RandomFuzzyRules__n_candidates__1000,140,15,19,0.7333333333333333,0.8333333333333334,0.4444444444444445,0.007631400017999113,0.0002356999320909381
46,Hepatitis,9,RandomFuzzyRules__n_candidates__5000,140,15,19,0.7333333333333333,0.8333333333333334,0.4444444444444445,0.03644179995171726,0.00027550000231713057
46,Hepatitis,9,RandomFuzzyRules__n_candidates__10000,140,15,19,0.7333333333333333,0.8333333333333334,0.4444444444444445,0.05890529998578131,0.0002253000857308507
46,Hepatitis,9,RandomFuzzyRules__n_candidates__25000,140,15,19,0.7333333333333333,0.8333333333333334,0.7777777777777779,0.14596519991755486,0.00024480000138282776
46,Hepatitis,9,RandomFuzzyRules__n_candidates__50000,140,15,19,0.7333333333333333,0.8333333333333334,0.7777777777777779,0.27038620004896075,0.00023199990391731262
46,Hepatitis,9,RandomFuzzyRules__n_candidates__100000,140,15,19,0.7333333333333333,0.8333333333333334,0.5833333333333335,0.5161674000555649,0.00022769998759031296
46,Hepatitis,10,RandomFuzzyRules__n_candidates__1000,140,15,19,0.8,0.8799999999999999,0.625,0.0075508999871090055,0.0002747999969869852
46,Hepatitis,10,RandomFuzzyRules__n_candidates__5000,140,15,19,0.8,0.8799999999999999,0.6527777777777778,0.02605560002848506,0.00030179996974766254
46,Hepatitis,10,RandomFuzzyRules__n_candidates__10000,140,15,19,0.7333333333333333,0.8461538461538461,0.9166666666666666,0.0605192999355495,0.0003388000186532736
46,Hepatitis,10,RandomFuzzyRules__n_candidates__25000,140,15,19,0.7333333333333333,0.8461538461538461,0.9166666666666666,0.15624709997791797,0.0003330999752506614
46,Hepatitis,10,RandomFuzzyRules__n_candidates__50000,140,15,19,0.7333333333333333,0.8461538461538461,0.9166666666666666,0.2672049000393599,0.00018149998504668474
46,Hepatitis,10,RandomFuzzyRules__n_candidates__100000,140,15,19,0.7333333333333333,0.8461538461538461,0.9166666666666666,0.5180953000672162,0.00019529997371137142
52,Ionosphere,1,RandomFuzzyRules__n_candidates__1000,315,36,34,0.8333333333333334,0.8846153846153846,0.6688963210702341,0.008490900043398142,0.0003152000717818737
52,Ionosphere,1,RandomFuzzyRules__n_candidates__5000,315,36,34,0.8888888888888888,0.92,0.7391304347826086,0.04036820004694164,0.00027959991712123156
52,Ionosphere,1,RandomFuzzyRules__n_candidates__10000,315,36,34,0.8888888888888888,0.92,0.7391304347826086,0.06984700006432831,0.0002805999247357249
52,Ionosphere,1,RandomFuzzyRules__n_candidates__25000,315,36,34,0.8888888888888888,0.92,0.7391304347826086,0.17875800002366304,0.00035200000274926424
52,Ionosphere,1,RandomFuzzyRules__n_candidates__50000,315,36,34,0.8888888888888888,0.92,0.7391304347826086,0.33515820000320673,0.00020410004071891308
52,Ionosphere,1,RandomFuzzyRules__n_candidates__100000,315,36,34,0.8888888888888888,0.92,0.7391304347826086,0.6477600999642164,0.00020720006432384253
52,Ionosphere,2,RandomFuzzyRules__n_candidates__1000,316,35,34,0.9142857142857143,0.9361702127659574,0.8949275362318841,0.009094199980609119,0.0002905000001192093
52,Ionosphere,2,RandomFuzzyRules__n_candidates__5000,316,35,34,0.9142857142857143,0.9361702127659574,0.9202898550724637,0.034969800035469234,0.0003307999577373266
52,Ionosphere,2,RandomFuzzyRules__n_candidates__10000,316,35,34,0.9142857142857143,0.9361702127659574,0.9202898550724637,0.07354289991781116,0.000291300006210804
52,Ionosphere,2,RandomFuzzyRules__n_candidates__25000,316,35,34,0.9142857142857143,0.9361702127659574,0.9202898550724637,0.18105650006327778,0.00029259989969432354
52,Ionosphere,2,RandomFuzzyRules__n_candidates__50000,316,35,34,0.9142857142857143,0.9361702127659574,0.9202898550724637,0.32972729997709394,0.000152900000102818
52,Ionosphere,2,RandomFuzzyRules__n_candidates__100000,316,35,34,0.9142857142857143,0.9361702127659574,0.9202898550724637,0.513540199957788,0.0001686000032350421
52,Ionosphere,3,RandomFuzzyRules__n_candidates__1000,316,35,34,0.8,0.8627450980392156,0.6521739130434783,0.007479199906811118,0.00026110000908374786
52,Ionosphere,3,RandomFuzzyRules__n_candidates__5000,316,35,34,0.8571428571428571,0.8979591836734695,0.7971014492753623,0.030760199995711446,0.0002984000602737069
52,Ionosphere,3,RandomFuzzyRules__n_candidates__10000,316,35,34,0.8571428571428571,0.8979591836734695,0.7971014492753623,0.0614527000579983,0.0003285999409854412
52,Ionosphere,3,RandomFuzzyRules__n_candidates__25000,316,35,34,0.8571428571428571,0.8979591836734695,0.7971014492753623,0.16788359999191016,0.00024209998082369566
52,Ionosphere,3,RandomFuzzyRules__n_candidates__50000,316,35,34,0.8571428571428571,0.8979591836734695,0.7971014492753623,0.3296942999586463,0.0001973999897018075
52,Ionosphere,3,RandomFuzzyRules__n_candidates__100000,316,35,34,0.8571428571428571,0.8979591836734695,0.7971014492753623,0.6417790999403223,0.00020640005823224783
52,Ionosphere,4,RandomFuzzyRules__n_candidates__1000,316,35,34,0.8285714285714286,0.8800000000000001,0.6811594202898551,0.0074902999913319945,0.00027189997490495443
52,Ionosphere,4,RandomFuzzyRules__n_candidates__5000,316,35,34,0.8857142857142857,0.92,0.7789855072463768,0.036863200017251074,0.00022960000205785036
52,Ionosphere,4,RandomFuzzyRules__n_candidates__10000,316,35,34,0.8857142857142857,0.92,0.7789855072463768,0.08234079997055233,0.00034339993726462126
52,Ionosphere,4,RandomFuzzyRules__n_candidates__25000,316,35,34,0.8857142857142857,0.92,0.7789855072463768,0.18650379998143762,0.00034659996163100004
52,Ionosphere,4,RandomFuzzyRules__n_candidates__50000,316,35,34,0.8857142857142857,0.92,0.7789855072463768,0.32794889993965626,0.00021399999968707561
52,Ionosphere,4,RandomFuzzyRules__n_candidates__100000,316,35,34,0.8857142857142857,0.92,0.7789855072463768,0.6374145000008866,0.00019449996761977673
52,Ionosphere,5,RandomFuzzyRules__n_candidates__1000,316,35,34,0.8,0.8571428571428572,0.7681159420289856,0.008060700027272105,0.0002807000419124961
52,Ionosphere,5,RandomFuzzyRules__n_candidates__5000,316,35,34,0.8571428571428571,0.8936170212765957,0.8623188405797102,0.04526029992848635,0.00023330003023147583
52,Ionosphere,5,RandomFuzzyRules__n_candidates__10000,316,35,34,0.8571428571428571,0.8936170212765957,0.8623188405797102,0.07203889999072999,0.00029310001991689205
52,Ionosphere,5,RandomFuzzyRules__n_candidates__25000,316,35,34,0.8571428571428571,0.8936170212765957,0.8623188405797102,0.15743829996790737,0.0002557000843808055
52,Ionosphere,5,RandomFuzzyRules__n_candidates__50000,316,35,34,0.8571428571428571,0.8936170212765957,0.8623188405797102,0.330024000024423,0.000210900092497468
52,Ionosphere,5,RandomFuzzyRules__n_candidates__100000,316,35,34,0.8571428571428571,0.8936170212765957,0.8623188405797102,0.6472691000672057,0.0003279999364167452
52,Ionosphere,6,RandomFuzzyRules__n_candidates__1000,316,35,34,0.8,0.8627450980392156,0.6818181818181818,0.00878000003285706,0.0001881999196484685
52,Ionosphere,6,RandomFuzzyRules__n_candidates__5000,316,35,34,0.9142857142857143,0.9361702127659575,0.9020979020979021,0.04505140008404851,0.00023499992676079273
52,Ionosphere,6,RandomFuzzyRules__n_candidates__10000,316,35,34,0.9142857142857143,0.9361702127659575,0.9020979020979021,0.10032080009113997,0.0002908000024035573
52,Ionosphere,6,RandomFuzzyRules__n_candidates__25000,316,35,34,0.9142857142857143,0.9361702127659575,0.9020979020979021,0.18171480007003993,0.0003806999884545803
52,Ionosphere,6,RandomFuzzyRules__n_candidates__50000,316,35,34,0.9142857142857143,0.9361702127659575,0.9020979020979021,0.3393722000764683,0.00017919996753335
52,Ionosphere,6,RandomFuzzyRules__n_candidates__100000,316,35,34,0.9142857142857143,0.9361702127659575,0.9020979020979021,0.5148529000580311,0.0001772999530658126
52,Ionosphere,7,RandomFuzzyRules__n_candidates__1000,316,35,34,0.7428571428571429,0.8163265306122449,0.6241258741258742,0.006664399988949299,0.00026490003801882267
52,Ionosphere,7,RandomFuzzyRules__n_candidates__5000,316,35,34,0.8857142857142857,0.9166666666666666,0.8374125874125874,0.029708000016398728,0.0003090000245720148
52,Ionosphere,7,RandomFuzzyRules__n_candidates__10000,316,35,34,0.8857142857142857,0.9166666666666666,0.8374125874125874,0.06194410007447004,0.00031800009310245514
52,Ionosphere,7,RandomFuzzyRules__n_candidates__25000,316,35,34,0.8857142857142857,0.9166666666666666,0.8374125874125874,0.16321519995108247,0.0003581000491976738
52,Ionosphere,7,RandomFuzzyRules__n_candidates__50000,316,35,34,0.8857142857142857,0.9166666666666666,0.8374125874125874,0.3314424999989569,0.0002704999642446637
52,Ionosphere,7,RandomFuzzyRules__n_candidates__100000,316,35,34,0.8,0.8444444444444444,0.7657342657342657,0.6566337000112981,0.0002511999337002635
52,Ionosphere,8,RandomFuzzyRules__n_candidates__1000,316,35,34,0.9428571428571428,0.9565217391304348,0.9090909090909091,0.008004699950106442,0.000269099953584373
52,Ionosphere,8,RandomFuzzyRules__n_candidates__5000,316,35,34,0.9428571428571428,0.9565217391304348,0.8986013986013986,0.03775280003901571,0.00025679997634142637
52,Ionosphere,8,RandomFuzzyRules__n_candidates__10000,316,35,34,0.9428571428571428,0.9565217391304348,0.8986013986013986,0.06174170004669577,0.00022119993809610605
52,Ionosphere,8,RandomFuzzyRules__n_candidates__25000,316,35,34,0.9428571428571428,0.9565217391304348,0.8986013986013986,0.17654250003397465,0.00034449994564056396
52,Ionosphere,8,RandomFuzzyRules__n_candidates__50000,316,35,34,0.9428571428571428,0.9565217391304348,0.8986013986013986,0.3233901000348851,0.00023380003403872252
52,Ionosphere,8,RandomFuzzyRules__n_candidates__100000,316,35,34,0.9428571428571428,0.9565217391304348,0.8986013986013986,0.6767461999552324,0.00024480000138282776
52,Ionosphere,9,RandomFuzzyRules__n_candidates__1000,316,35,34,0.6857142857142857,0.7755102040816326,0.5576923076923077,0.008971199975349009,0.00028739997651427984
52,Ionosphere,9,RandomFuzzyRules__n_candidates__5000,316,35,34,0.8285714285714286,0.8695652173913043,0.7517482517482518,0.038915000041015446,0.0003307999577373266
52,Ionosphere,9,RandomFuzzyRules__n_candidates__10000,316,35,34,0.8285714285714286,0.8695652173913043,0.7517482517482518,0.07391000003553927,0.0003347999881953001
52,Ionosphere,9,RandomFuzzyRules__n_candidates__25000,316,35,34,0.8285714285714286,0.8695652173913043,0.7517482517482518,0.17904359998647124,0.00034179992508143187
52,Ionosphere,9,RandomFuzzyRules__n_candidates__50000,316,35,34,0.8285714285714286,0.8695652173913043,0.7517482517482518,0.30978450004477054,0.0001759999431669712
52,Ionosphere,9,RandomFuzzyRules__n_candidates__100000,316,35,34,0.8285714285714286,0.8695652173913043,0.7517482517482518,0.5094895999645814,0.00018259999342262745
52,Ionosphere,10,RandomFuzzyRules__n_candidates__1000,316,35,34,0.8571428571428571,0.8936170212765958,0.8321678321678322,0.006969299982301891,0.00025729998014867306
52,Ionosphere,10,RandomFuzzyRules__n_candidates__5000,316,35,34,0.8571428571428571,0.8936170212765958,0.8024475524475525,0.03153180005028844,0.00024189997930079699
52,Ionosphere,10,RandomFuzzyRules__n_candidates__10000,316,35,34,0.8571428571428571,0.8936170212765958,0.8024475524475525,0.07793249993119389,0.0003339999821037054
52,Ionosphere,10,RandomFuzzyRules__n_candidates__25000,316,35,34,0.8571428571428571,0.8936170212765958,0.8024475524475525,0.19308280001860112,0.00033899990376085043
52,Ionosphere,10,RandomFuzzyRules__n_candidates__50000,316,35,34,0.8571428571428571,0.8936170212765958,0.8024475524475525,0.3367638000054285,0.00023589993361383677
52,Ionosphere,10,RandomFuzzyRules__n_candidates__100000,316,35,34,0.8571428571428571,0.8936170212765958,0.8024475524475525,0.640581400017254,0.0002234000712633133
74,Musk (Version 1),1,RandomFuzzyRules__n_candidates__1000,428,48,168,0.6458333333333334,0.6222222222222222,0.6437389770723104,0.012542500044219196,0.0004037999315187335
74,Musk (Version 1),1,RandomFuzzyRules__n_candidates__5000,428,48,168,0.6041666666666666,0.5777777777777778,0.6181657848324515,0.03873390005901456,0.0003489000955596566
74,Musk (Version 1),1,RandomFuzzyRules__n_candidates__10000,428,48,168,0.6458333333333334,0.5405405405405405,0.5802469135802469,0.09848150005564094,0.0002836999483406544
74,Musk (Version 1),1,RandomFuzzyRules__n_candidates__25000,428,48,168,0.7291666666666666,0.6486486486486486,0.6763668430335097,0.20646679995115846,0.0004181000404059887
74,Musk (Version 1),1,RandomFuzzyRules__n_candidates__50000,428,48,168,0.7291666666666666,0.6486486486486486,0.6763668430335097,0.4481311000417918,0.0003236000193282962
74,Musk (Version 1),1,RandomFuzzyRules__n_candidates__100000,428,48,168,0.7291666666666666,0.6486486486486486,0.6763668430335097,0.7981005000183359,0.00028799998108297586
74,Musk (Version 1),2,RandomFuzzyRules__n_candidates__1000,428,48,168,0.5833333333333334,0.5,0.544973544973545,0.009656200069002807,0.0003269999288022518
74,Musk (Version 1),2,RandomFuzzyRules__n_candidates__5000,428,48,168,0.5416666666666666,0.42105263157894735,0.5978835978835979,0.037688099895603955,0.00040570006240159273
74,Musk (Version 1),2,RandomFuzzyRules__n_candidates__10000,428,48,168,0.6875,0.5454545454545454,0.6675485008818343,0.0724956999765709,0.0004135000053793192
74,Musk (Version 1),2,RandomFuzzyRules__n_candidates__25000,428,48,168,0.6458333333333334,0.5405405405405405,0.6825396825396826,0.21479390002787113,0.00040380004793405533
74,Musk (Version 1),2,RandomFuzzyRules__n_candidates__50000,428,48,168,0.6458333333333334,0.5405405405405405,0.6825396825396826,0.4151534999255091,0.00036230008117854595
74,Musk (Version 1),2,RandomFuzzyRules__n_candidates__100000,428,48,168,0.6458333333333334,0.5405405405405405,0.6825396825396826,0.7588264000369236,0.0003242999082431197
74,Musk (Version 1),3,RandomFuzzyRules__n_candidates__1000,428,48,168,0.625,0.5714285714285714,0.6596119929453262,0.009247699985280633,0.00030289997812360525
74,Musk (Version 1),3,RandomFuzzyRules__n_candidates__5000,428,48,168,0.75,0.6666666666666666,0.763668430335097,0.04196980001870543,0.00034259993117302656
74,Musk (Version 1),3,RandomFuzzyRules__n_candidates__10000,428,48,168,0.75,0.6666666666666666,0.763668430335097,0.08423129993025213,0.00040200003422796726
74,Musk (Version 1),3,RandomFuzzyRules__n_candidates__25000,428,48,168,0.7916666666666666,0.7222222222222222,0.8298059964726631,0.20886480004992336,0.00031720008701086044
74,Musk (Version 1),3,RandomFuzzyRules__n_candidates__50000,428,48,168,0.7916666666666666,0.7222222222222222,0.8298059964726631,0.38944139995146543,0.00024970003869384527
74,Musk (Version 1),3,RandomFuzzyRules__n_candidates__100000,428,48,168,0.7916666666666666,0.7222222222222222,0.8298059964726631,0.7623753999359906,0.0002452000044286251
74,Musk (Version 1),4,RandomFuzzyRules__n_candidates__1000,428,48,168,0.6666666666666666,0.6190476190476191,0.6684303350970019,0.01161119993776083,0.0003784000873565674
74,Musk (Version 1),4,RandomFuzzyRules__n_candidates__5000,428,48,168,0.6041666666666666,0.4864864864864864,0.654320987654321,0.03853420005179942,0.0002650999231263995
74,Musk (Version 1),4,RandomFuzzyRules__n_candidates__10000,428,48,168,0.6041666666666666,0.4864864864864864,0.654320987654321,0.06759629992302507,0.00041340000461786985
74,Musk (Version 1),4,RandomFuzzyRules__n_candidates__25000,428,48,168,0.6666666666666666,0.5789473684210527,0.6252204585537918,0.19247380003798753,0.00040689995512366295
74,Musk (Version 1),4,RandomFuzzyRules__n_candidates__50000,428,48,168,0.6666666666666666,0.5789473684210527,0.6252204585537918,0.40861070004757494,0.0002693000715225935
74,Musk (Version 1),4,RandomFuzzyRules__n_candidates__100000,428,48,168,0.6458333333333334,0.5405405405405405,0.5864197530864198,0.7835218999534845,0.0002455000067129731
74,Musk (Version 1),5,RandomFuzzyRules__n_candidates__1000,428,48,168,0.6458333333333334,0.5853658536585366,0.6825396825396826,0.009214999969117343,0.0003173000877723098
74,Musk (Version 1),5,RandomFuzzyRules__n_candidates__5000,428,48,168,0.6458333333333334,0.37037037037037035,0.5608465608465608,0.04403019999153912,0.00029989995528012514
74,Musk (Version 1),5,RandomFuzzyRules__n_candidates__10000,428,48,168,0.6041666666666666,0.4864864864864864,0.591710758377425,0.07869520003441721,0.00040040002204477787
74,Musk (Version 1),5,RandomFuzzyRules__n_candidates__25000,428,48,168,0.6875,0.5454545454545454,0.7204585537918872,0.21851899998728186,0.0004064000677317381
74,Musk (Version 1),5,RandomFuzzyRules__n_candidates__50000,428,48,168,0.6875,0.5454545454545454,0.7204585537918872,0.4089846001006663,0.00027710001450031996
74,Musk (Version 1),5,RandomFuzzyRules__n_candidates__100000,428,48,168,0.6875,0.5454545454545454,0.7204585537918872,0.728558799950406,0.00033680000342428684
74,Musk (Version 1),6,RandomFuzzyRules__n_candidates__1000,428,48,168,0.75,0.7,0.7372134038800706,0.009918700088746846,0.0002645000349730253
74,Musk (Version 1),6,RandomFuzzyRules__n_candidates__5000,428,48,168,0.6458333333333334,0.6382978723404256,0.7477954144620812,0.04082600004039705,0.00039569998625665903
74,Musk (Version 1),6,RandomFuzzyRules__n_candidates__10000,428,48,168,0.6666666666666666,0.6,0.6005291005291006,0.08275750000029802,0.00032350001856684685
74,Musk (Version 1),6,RandomFuzzyRules__n_candidates__25000,428,48,168,0.6458333333333334,0.5853658536585366,0.6499118165784832,0.21276139991823584,0.0003501999890431762
74,Musk (Version 1),6,RandomFuzzyRules__n_candidates__50000,428,48,168,0.6458333333333334,0.5853658536585366,0.6499118165784832,0.4148066999623552,0.00024250010028481483
74,Musk (Version 1),6,RandomFuzzyRules__n_candidates__100000,428,48,168,0.6458333333333334,0.5853658536585366,0.6499118165784832,0.742729700054042,0.00022199994418770075
74,Musk (Version 1),7,RandomFuzzyRules__n_candidates__1000,429,47,168,0.7021276595744681,0.6956521739130435,0.7637362637362637,0.009070900036022067,0.00040559994522482157
74,Musk (Version 1),7,RandomFuzzyRules__n_candidates__5000,429,47,168,0.7446808510638298,0.7,0.7060439560439561,0.03677040000911802,0.000395399983972311
74,Musk (Version 1),7,RandomFuzzyRules__n_candidates__10000,429,47,168,0.7446808510638298,0.7,0.7060439560439561,0.07967850007116795,0.0003939999733120203
74,Musk (Version 1),7,RandomFuzzyRules__n_candidates__25000,429,47,168,0.723404255319149,0.6829268292682926,0.7893772893772895,0.22010879998560995,0.0004162000259384513
74,Musk (Version 1),7,RandomFuzzyRules__n_candidates__50000,429,47,168,0.723404255319149,0.6829268292682926,0.7893772893772895,0.3996177000226453,0.00032190000638365746
74,Musk (Version 1),7,RandomFuzzyRules__n_candidates__100000,429,47,168,0.723404255319149,0.6829268292682926,0.7893772893772895,0.7400507999118418,0.00022620009258389473
74,Musk (Version 1),8,RandomFuzzyRules__n_candidates__1000,429,47,168,0.5957446808510638,0.5777777777777778,0.6657407407407409,0.009916899958625436,0.00028190005104988813
74,Musk (Version 1),8,RandomFuzzyRules__n_candidates__5000,429,47,168,0.7872340425531915,0.75,0.7981481481481482,0.041749400086700916,0.0004130000015720725
74,Musk (Version 1),8,RandomFuzzyRules__n_candidates__10000,429,47,168,0.7872340425531915,0.75,0.8018518518518519,0.08316749997902662,0.00040310004260390997
74,Musk (Version 1),8,RandomFuzzyRules__n_candidates__25000,429,47,168,0.8085106382978723,0.7804878048780488,0.8583333333333334,0.21448600001167506,0.0004287000047042966
74,Musk (Version 1),8,RandomFuzzyRules__n_candidates__50000,429,47,168,0.8085106382978723,0.7804878048780488,0.8583333333333334,0.41875950002577156,0.0003309999592602253
74,Musk (Version 1),8,RandomFuzzyRules__n_candidates__100000,429,47,168,0.8085106382978723,0.7804878048780488,0.8583333333333334,0.7605293000815436,0.0003215000033378601
74,Musk (Version 1),9,RandomFuzzyRules__n_candidates__1000,429,47,168,0.6382978723404256,0.6046511627906976,0.6435185185185185,0.009843099978752434,0.00038049998693168163
74,Musk (Version 1),9,RandomFuzzyRules__n_candidates__5000,429,47,168,0.6808510638297872,0.6666666666666665,0.7425925925925927,0.040183200035244226,0.000394799979403615
74,Musk (Version 1),9,RandomFuzzyRules__n_candidates__10000,429,47,168,0.6808510638297872,0.5945945945945946,0.6740740740740742,0.08708760002627969,0.0002770000137388706
74,Musk (Version 1),9,RandomFuzzyRules__n_candidates__25000,429,47,168,0.7446808510638298,0.6842105263157895,0.7222222222222222,0.21274800004903227,0.0004135000053793192
74,Musk (Version 1),9,RandomFuzzyRules__n_candidates__50000,429,47,168,0.7446808510638298,0.6842105263157895,0.7222222222222222,0.39461070008110255,0.00028769997879862785
74,Musk (Version 1),9,RandomFuzzyRules__n_candidates__100000,429,47,168,0.7446808510638298,0.6842105263157895,0.7222222222222222,0.9017893000273034,0.0004681999562308192
74,Musk (Version 1),10,RandomFuzzyRules__n_candidates__1000,429,47,168,0.6382978723404256,0.5142857142857143,0.5824074074074075,0.010779000003822148,0.00032569991890341043
74,Musk (Version 1),10,RandomFuzzyRules__n_candidates__5000,429,47,168,0.6170212765957447,0.4375,0.5416666666666667,0.044884199975058436,0.000358999939635396
74,Musk (Version 1),10,RandomFuzzyRules__n_candidates__10000,429,47,168,0.6170212765957447,0.4375,0.5425925925925926,0.08318030007649213,0.0003532000118866563
74,Musk (Version 1),10,RandomFuzzyRules__n_candidates__25000,429,47,168,0.6808510638297872,0.5714285714285715,0.638888888888889,0.19525480002630502,0.0004066999536007643
74,Musk (Version 1),10,RandomFuzzyRules__n_candidates__50000,429,47,168,0.6808510638297872,0.5714285714285715,0.638888888888889,0.39824819995556027,0.00028989999555051327
74,Musk (Version 1),10,RandomFuzzyRules__n_candidates__100000,429,47,168,0.6808510638297872,0.5714285714285715,0.638888888888889,0.7576787999132648,0.00024449999909847975
75,Musk (Version 2),1,RandomFuzzyRules__n_candidates__1000,5938,660,166,0.8469696969696969,0.01941747572815534,0.6915805748822826,0.07012920000124723,0.0006626000395044684
75,Musk (Version 2),1,RandomFuzzyRules__n_candidates__5000,5938,660,166,0.85,0.05714285714285715,0.672007871248858,0.26603900000918657,0.0006664999527856708
75,Musk (Version 2),1,RandomFuzzyRules__n_candidates__10000,5938,660,166,0.8378787878787879,0.13008130081300812,0.6538583175205566,0.5691464999690652,0.0007016999879851937
75,Musk (Version 2),1,RandomFuzzyRules__n_candidates__25000,5938,660,166,0.8560606060606061,0.14414414414414414,0.6715861972028955,1.4026455999119207,0.0006881000008434057
75,Musk (Version 2),1,RandomFuzzyRules__n_candidates__50000,5938,660,166,0.8863636363636364,0.4186046511627907,0.7451156089676014,2.63864260003902,0.00042810000013560057
75,Musk (Version 2),1,RandomFuzzyRules__n_candidates__100000,5938,660,166,0.8863636363636364,0.4186046511627907,0.7451156089676014,5.494803600013256,0.000404300051741302
75,Musk (Version 2),2,RandomFuzzyRules__n_candidates__1000,5938,660,166,0.8469696969696969,0.01941747572815534,0.6615714386112868,0.09898889996111393,0.0005357000045478344
75,Musk (Version 2),2,RandomFuzzyRules__n_candidates__5000,5938,660,166,0.8469696969696969,0.01941747572815534,0.6112692388783469,0.2761715999804437,0.0006707999855279922
75,Musk (Version 2),2,RandomFuzzyRules__n_candidates__10000,5938,660,166,0.8484848484848485,0.21875,0.7061986084756482,0.5776573999319226,0.0006812000647187233
75,Musk (Version 2),2,RandomFuzzyRules__n_candidates__25000,5938,660,166,0.85,0.09174311926605504,0.6133600393562444,1.373418700066395,0.000597400008700788
75,Musk (Version 2),2,RandomFuzzyRules__n_candidates__50000,5938,660,166,0.8651515151515151,0.28800000000000003,0.7384742427436926,2.662758899969049,0.000497999950312078
75,Musk (Version 2),2,RandomFuzzyRules__n_candidates__100000,5938,660,166,0.8651515151515151,0.28800000000000003,0.7384742427436926,5.339784999960102,0.00039679999463260174
75,Musk (Version 2),3,RandomFuzzyRules__n_candidates__1000,5938,660,166,0.8469696969696969,0.01941747572815534,0.66981165225947,0.06612109998241067,0.0006974999560043216
75,Musk (Version 2),3,RandomFuzzyRules__n_candidates__5000,5938,660,166,0.85,0.05714285714285715,0.6610443460538337,0.32437329995445907,0.0007805000059306622
75,Musk (Version 2),3,RandomFuzzyRules__n_candidates__10000,5938,660,166,0.8621212121212121,0.3157894736842105,0.6982395108581068,0.5289450000273064,0.0005997999105602503
75,Musk (Version 2),3,RandomFuzzyRules__n_candidates__25000,5938,660,166,0.8621212121212121,0.19469026548672566,0.7219235364396654,1.269536199979484,0.0006568999961018562
75,Musk (Version 2),3,RandomFuzzyRules__n_candidates__50000,5938,660,166,0.8787878787878788,0.4117647058823529,0.7415138098250053,2.4833264000480995,0.0005164999747648835
75,Musk (Version 2),3,RandomFuzzyRules__n_candidates__100000,5938,660,166,0.8787878787878788,0.4117647058823529,0.7415138098250053,4.899150500074029,0.0003853999078273773
75,Musk (Version 2),4,RandomFuzzyRules__n_candidates__1000,5938,660,166,0.8454545454545455,0.0,0.7019379436362357,0.05848170001991093,0.0005500999977812171
75,Musk (Version 2),4,RandomFuzzyRules__n_candidates__5000,5938,660,166,0.8469696969696969,0.3311258278145695,0.607685009487666,0.26836380001623183,0.0007682000286877155
75,Musk (Version 2),4,RandomFuzzyRules__n_candidates__10000,5938,660,166,0.85,0.1951219512195122,0.6504673554009417,0.5208491999655962,0.0006774000357836485
75,Musk (Version 2),4,RandomFuzzyRules__n_candidates__25000,5938,660,166,0.8575757575757575,0.21666666666666665,0.6590413943355119,1.2955384999513626,0.000636699958704412
75,Musk (Version 2),4,RandomFuzzyRules__n_candidates__50000,5938,660,166,0.8772727272727273,0.36220472440944884,0.7133231428772225,2.432704500039108,0.0003853999078273773
75,Musk (Version 2),4,RandomFuzzyRules__n_candidates__100000,5938,660,166,0.8772727272727273,0.36220472440944884,0.7133231428772225,5.017206000047736,0.0006026999326422811
75,Musk (Version 2),5,RandomFuzzyRules__n_candidates__1000,5938,660,166,0.8469696969696969,0.01941747572815534,0.6707604188628856,0.06363959994632751,0.0005106000462546945
75,Musk (Version 2),5,RandomFuzzyRules__n_candidates__5000,5938,660,166,0.8454545454545455,0.28169014084507044,0.6048211399255042,0.34963880002032965,0.0006448999047279358
75,Musk (Version 2),5,RandomFuzzyRules__n_candidates__10000,5938,660,166,0.8590909090909091,0.27906976744186046,0.6983800688734275,0.5453629000112414,0.000538799911737442
75,Musk (Version 2),5,RandomFuzzyRules__n_candidates__25000,5938,660,166,0.853030303030303,0.12612612612612614,0.6200365450839835,1.3262376000639051,0.0005584999453276396
75,Musk (Version 2),5,RandomFuzzyRules__n_candidates__50000,5938,660,166,0.8757575757575757,0.3787878787878788,0.7085705249841872,2.637834000051953,0.00034449994564056396
75,Musk (Version 2),5,RandomFuzzyRules__n_candidates__100000,5938,660,166,0.8757575757575757,0.3787878787878788,0.7085705249841872,5.463509100023657,0.0003504999913275242
75,Musk (Version 2),6,RandomFuzzyRules__n_candidates__1000,5938,660,166,0.8454545454545455,0.0,0.7237156511350059,0.10405029996763915,0.000758300069719553
75,Musk (Version 2),6,RandomFuzzyRules__n_candidates__5000,5938,660,166,0.8545454545454545,0.1111111111111111,0.7403717759505235,0.2931949000339955,0.000712999957613647
75,Musk (Version 2),6,RandomFuzzyRules__n_candidates__10000,5938,660,166,0.843939393939394,0.20155038759689922,0.6168212804835196,0.6169662999454886,0.0007554000476375222
75,Musk (Version 2),6,RandomFuzzyRules__n_candidates__25000,5938,660,166,0.8575757575757575,0.16071428571428573,0.7113641155386885,1.4772408000426367,0.0007526000263169408
75,Musk (Version 2),6,RandomFuzzyRules__n_candidates__50000,5938,660,166,0.8893939393939394,0.44274809160305345,0.8098425750228406,2.73769410001114,0.000533499987795949
75,Musk (Version 2),6,RandomFuzzyRules__n_candidates__100000,5938,660,166,0.8893939393939394,0.44274809160305345,0.8098425750228406,5.850795599981211,0.0003795999800786376
75,Musk (Version 2),7,RandomFuzzyRules__n_candidates__1000,5938,660,166,0.8454545454545455,0.0,0.5884285613887132,0.06181870005093515,0.000677499920129776
75,Musk (Version 2),7,RandomFuzzyRules__n_candidates__5000,5938,660,166,0.8484848484848485,0.038461538461538464,0.6545611075971608,0.2689556000987068,0.0013834000565111637
75,Musk (Version 2),7,RandomFuzzyRules__n_candidates__10000,5938,660,166,0.8469696969696969,0.2518518518518519,0.6966230936819171,0.5419188000960276,0.0007125999545678496
75,Musk (Version 2),7,RandomFuzzyRules__n_candidates__25000,5938,660,166,0.8515151515151516,0.12500000000000003,0.620141963595474,1.3156103999353945,0.000708900042809546
75,Musk (Version 2),7,RandomFuzzyRules__n_candidates__50000,5938,660,166,0.8636363636363636,0.2857142857142857,0.6937943636235857,2.5044195000082254,0.0005674000130966306
75,Musk (Version 2),7,RandomFuzzyRules__n_candidates__100000,5938,660,166,0.8636363636363636,0.2857142857142857,0.6937943636235857,5.265546999988146,0.00042639998719096184
75,Musk (Version 2),8,RandomFuzzyRules__n_candidates__1000,5938,660,166,0.8469696969696969,0.0,0.5902867567615437,0.06104079994838685,0.000645000021904707
75,Musk (Version 2),8,RandomFuzzyRules__n_candidates__5000,5938,660,166,0.8424242424242424,0.34177215189873417,0.6589029207035194,0.3634440000168979,0.0005657000001519918
75,Musk (Version 2),8,RandomFuzzyRules__n_candidates__10000,5938,660,166,0.8469696969696969,0.2170542635658915,0.7305478311695213,0.5671610999852419,0.0006714999908581376
75,Musk (Version 2),8,RandomFuzzyRules__n_candidates__25000,5938,660,166,0.8575757575757575,0.14545454545454545,0.6529339874953507,1.4157399999676272,0.0007130999583750963
75,Musk (Version 2),8,RandomFuzzyRules__n_candidates__50000,5938,660,166,0.8833333333333333,0.4210526315789474,0.7048477656352397,2.755795600009151,0.0005076000234112144
75,Musk (Version 2),8,RandomFuzzyRules__n_candidates__100000,5938,660,166,0.8833333333333333,0.4210526315789474,0.7048477656352397,5.620407499955036,0.00036669999826699495
75,Musk (Version 2),9,RandomFuzzyRules__n_candidates__1000,5939,659,166,0.849772382397572,0.038834951456310676,0.6181287483587069,0.07021909998729825,0.000834000064060092
75,Musk (Version 2),9,RandomFuzzyRules__n_candidates__5000,5939,659,166,0.8482549317147192,0.0196078431372549,0.6285709216082898,0.27151660004165024,0.0005897999508306384
75,Musk (Version 2),9,RandomFuzzyRules__n_candidates__10000,5939,659,166,0.8619119878603946,0.272,0.6881542993008978,0.5625861999578774,0.000620800070464611
75,Musk (Version 2),9,RandomFuzzyRules__n_candidates__25000,5939,659,166,0.8603945371775418,0.22033898305084745,0.6230526278434295,1.4249482000013813,0.0006662999512627721
75,Musk (Version 2),9,RandomFuzzyRules__n_candidates__50000,5939,659,166,0.874051593323217,0.336,0.6916675538521594,2.7561112999683246,0.0003914999542757869
75,Musk (Version 2),9,RandomFuzzyRules__n_candidates__100000,5939,659,166,0.874051593323217,0.336,0.6916675538521594,5.506249099969864,0.0003858000272884965
75,Musk (Version 2),10,RandomFuzzyRules__n_candidates__1000,5939,659,166,0.8482549317147192,0.0196078431372549,0.5769012385109479,0.09612919995561242,0.0006840999703854322
75,Musk (Version 2),10,RandomFuzzyRules__n_candidates__5000,5939,659,166,0.8512898330804249,0.05769230769230769,0.5948933603037723,0.25902350002434105,0.00048259994946420193
75,Musk (Version 2),10,RandomFuzzyRules__n_candidates__10000,5939,659,166,0.8649468892261002,0.28800000000000003,0.682582774406473,0.5389214999740943,0.0004643000429496169
75,Musk (Version 2),10,RandomFuzzyRules__n_candidates__25000,5939,659,166,0.8558421851289834,0.12844036697247707,0.6078462684978175,1.3536518000764772,0.0006906999042257667
75,Musk (Version 2),10,RandomFuzzyRules__n_candidates__50000,5939,659,166,0.8694992412746586,0.328125,0.6893963589907377,2.7774764999048784,0.0005437000654637814
75,Musk (Version 2),10,RandomFuzzyRules__n_candidates__100000,5939,659,166,0.8694992412746586,0.328125,0.6893963589907377,5.144206199911423,0.00033220008481293917
94,Spambase,1,RandomFuzzyRules__n_candidates__1000,4140,461,57,0.6117136659436009,0.04278074866310161,0.6521820473433377,0.0363260000012815,0.0013238000683486462
94,Spambase,1,RandomFuzzyRules__n_candidates__5000,4140,461,57,0.6247288503253796,0.14778325123152708,0.7751782267911301,0.12853590003214777,0.0005302999634295702
94,Spambase,1,RandomFuzzyRules__n_candidates__10000,4140,461,57,0.6247288503253796,0.14778325123152708,0.7751782267911301,0.26346369995735586,0.00039659999310970306
94,Spambase,1,RandomFuzzyRules__n_candidates__25000,4140,461,57,0.6247288503253796,0.14778325123152708,0.7751782267911301,0.6229750999482349,0.0004665000597015023
94,Spambase,1,RandomFuzzyRules__n_candidates__50000,4140,461,57,0.6247288503253796,0.14778325123152708,0.7751782267911301,1.3153020000318065,0.00025780010037124157
94,Spambase,1,RandomFuzzyRules__n_candidates__100000,4140,461,57,0.6377440347071583,0.16080402010050254,0.58678955453149,2.526180600048974,0.00045119994319975376
94,Spambase,2,RandomFuzzyRules__n_candidates__1000,4141,460,57,0.6065217391304348,0.010928961748633882,0.7988378527946873,0.03074919991195202,0.0004267999902367592
94,Spambase,2,RandomFuzzyRules__n_candidates__5000,4141,460,57,0.6282608695652174,0.17391304347826086,0.7539133528342162,0.12224009993951768,0.00044100009836256504
94,Spambase,2,RandomFuzzyRules__n_candidates__10000,4141,460,57,0.6282608695652174,0.17391304347826086,0.7539133528342162,0.2421330000506714,0.0004579999949783087
94,Spambase,2,RandomFuzzyRules__n_candidates__25000,4141,460,57,0.6282608695652174,0.17391304347826086,0.7539133528342162,0.6167880001012236,0.00043700006790459156
94,Spambase,2,RandomFuzzyRules__n_candidates__50000,4141,460,57,0.6282608695652174,0.17391304347826086,0.7539133528342162,1.2074465999612585,0.00038189999759197235
94,Spambase,2,RandomFuzzyRules__n_candidates__100000,4141,460,57,0.6108695652173913,0.07253886010362695,0.5354573484069887,2.5567006999626756,0.0004688999615609646
94,Spambase,3,RandomFuzzyRules__n_candidates__1000,4141,460,57,0.6065217391304348,0.021621621621621623,0.6705964898410941,0.033938700100407004,0.0003709000302478671
94,Spambase,3,RandomFuzzyRules__n_candidates__5000,4141,460,57,0.6326086956521739,0.1990521327014218,0.8110522570954226,0.13520299992524087,0.00043530005495995283
94,Spambase,3,RandomFuzzyRules__n_candidates__10000,4141,460,57,0.6326086956521739,0.1990521327014218,0.8110522570954226,0.24250789999496192,0.0004602000117301941
94,Spambase,3,RandomFuzzyRules__n_candidates__25000,4141,460,57,0.6326086956521739,0.1990521327014218,0.8110522570954226,0.633274000021629,0.00044899992644786835
94,Spambase,3,RandomFuzzyRules__n_candidates__50000,4141,460,57,0.6195652173913043,0.07407407407407407,0.8215076290615859,1.1790123999817297,0.00037429993972182274
94,Spambase,3,RandomFuzzyRules__n_candidates__100000,4141,460,57,0.6195652173913043,0.07407407407407407,0.8215076290615859,2.5648907999275252,0.0005079000256955624
94,Spambase,4,RandomFuzzyRules__n_candidates__1000,4141,460,57,0.6217391304347826,0.08421052631578947,0.7978375809421968,0.03198740002699196,0.0004805999342352152
94,Spambase,4,RandomFuzzyRules__n_candidates__5000,4141,460,57,0.6326086956521739,0.15920398009950248,0.7769955840709717,0.12888859992381185,0.00035149999894201756
94,Spambase,4,RandomFuzzyRules__n_candidates__10000,4141,460,57,0.6326086956521739,0.15920398009950248,0.7769955840709717,0.24877129995729774,0.0004732999950647354
94,Spambase,4,RandomFuzzyRules__n_candidates__25000,4141,460,57,0.6326086956521739,0.15920398009950248,0.7769955840709717,0.6113097999477759,0.000328000052832067
94,Spambase,4,RandomFuzzyRules__n_candidates__50000,4141,460,57,0.6326086956521739,0.15920398009950248,0.7769955840709717,1.1836361000314355,0.00040259992238134146
94,Spambase,4,RandomFuzzyRules__n_candidates__100000,4141,460,57,0.6326086956521739,0.15920398009950248,0.7769955840709717,2.4465032999869436,0.00042830000165849924
94,Spambase,5,RandomFuzzyRules__n_candidates__1000,4141,460,57,0.6108695652173913,0.02185792349726776,0.7670052872334105,0.031767999986186624,0.0004349000519141555
94,Spambase,5,RandomFuzzyRules__n_candidates__5000,4141,460,57,0.6217391304347826,0.14705882352941177,0.7808768490465157,0.12203540001064539,0.00046369992196559906
94,Spambase,5,RandomFuzzyRules__n_candidates__10000,4141,460,57,0.6217391304347826,0.14705882352941177,0.7808768490465157,0.24879799992777407,0.0004494000459089875
94,Spambase,5,RandomFuzzyRules__n_candidates__25000,4141,460,57,0.6347826086956522,0.21495327102803738,0.7882334303649576,0.6248199000256136,0.00046559993643313646
94,Spambase,5,RandomFuzzyRules__n_candidates__50000,4141,460,57,0.6347826086956522,0.21495327102803738,0.7882334303649576,1.1849003999959677,0.0003296000650152564
94,Spambase,5,RandomFuzzyRules__n_candidates__100000,4141,460,57,0.6347826086956522,0.21495327102803738,0.7882334303649576,2.5172681999392807,0.0006162000354379416
94,Spambase,6,RandomFuzzyRules__n_candidates__1000,4141,460,57,0.6086956521739131,0.021739130434782608,0.7845204855541693,0.0298677000682801,0.0005139999557286501
94,Spambase,6,RandomFuzzyRules__n_candidates__5000,4141,460,57,0.6217391304347826,0.11224489795918367,0.789322560842789,0.15898760000709444,0.000355200027115643
94,Spambase,6,RandomFuzzyRules__n_candidates__10000,4141,460,57,0.6217391304347826,0.11224489795918367,0.789322560842789,0.24994479992892593,0.0004097999772056937
94,Spambase,6,RandomFuzzyRules__n_candidates__25000,4141,460,57,0.6217391304347826,0.11224489795918367,0.789322560842789,0.6204367000609636,0.00039989990182220936
94,Spambase,6,RandomFuzzyRules__n_candidates__50000,4141,460,57,0.6217391304347826,0.11224489795918367,0.789322560842789,1.5099721000296995,0.00047450000420212746
94,Spambase,6,RandomFuzzyRules__n_candidates__100000,4141,460,57,0.6217391304347826,0.11224489795918367,0.789322560842789,2.5807009000563994,0.0007849999237805605
94,Spambase,7,RandomFuzzyRules__n_candidates__1000,4141,460,57,0.6152173913043478,0.043243243243243246,0.531673894532565,0.04930650000460446,0.00030839990358799696
94,Spambase,7,RandomFuzzyRules__n_candidates__5000,4141,460,57,0.6086956521739131,0.08163265306122448,0.7747480148121745,0.17607619997579604,0.0003502999898046255
94,Spambase,7,RandomFuzzyRules__n_candidates__10000,4141,460,57,0.6086956521739131,0.08163265306122448,0.7747480148121745,0.2390344999730587,0.000408399966545403
94,Spambase,7,RandomFuzzyRules__n_candidates__25000,4141,460,57,0.6086956521739131,0.08163265306122448,0.7747480148121745,0.8287433999357745,0.00036720000207424164
94,Spambase,7,RandomFuzzyRules__n_candidates__50000,4141,460,57,0.6086956521739131,0.08163265306122448,0.7747480148121745,1.2564593000570312,0.0003493999829515815
94,Spambase,7,RandomFuzzyRules__n_candidates__100000,4141,460,57,0.6086956521739131,0.08163265306122448,0.7747480148121745,2.60960129997693,0.00025919999461621046
94,Spambase,8,RandomFuzzyRules__n_candidates__1000,4141,460,57,0.6108695652173913,0.02185792349726776,0.8037584902671341,0.05036430002655834,0.00040010001976042986
94,Spambase,8,RandomFuzzyRules__n_candidates__5000,4141,460,57,0.6195652173913043,0.1206030150753769,0.817224103447593,0.12816169997677207,0.00047660002019256353
94,Spambase,8,RandomFuzzyRules__n_candidates__10000,4141,460,57,0.6195652173913043,0.1206030150753769,0.817224103447593,0.25685739994514734,0.00042010005563497543
94,Spambase,8,RandomFuzzyRules__n_candidates__25000,4141,460,57,0.6195652173913043,0.1206030150753769,0.817224103447593,0.6515028000576422,0.00037180003710091114
94,Spambase,8,RandomFuzzyRules__n_candidates__50000,4141,460,57,0.6195652173913043,0.1206030150753769,0.817224103447593,1.5027747999411076,0.0002747999969869852
94,Spambase,8,RandomFuzzyRules__n_candidates__100000,4141,460,57,0.6195652173913043,0.1206030150753769,0.817224103447593,2.521593500045128,0.0002775000175461173
94,Spambase,9,RandomFuzzyRules__n_candidates__1000,4141,460,57,0.6065217391304348,0.0,0.7915404265430999,0.049846400041133165,0.0004754000110551715
94,Spambase,9,RandomFuzzyRules__n_candidates__5000,4141,460,57,0.6260869565217392,0.1313131313131313,0.750678231252104,0.15576160000637174,0.0003839000128209591
94,Spambase,9,RandomFuzzyRules__n_candidates__10000,4141,460,57,0.6260869565217392,0.1313131313131313,0.750678231252104,0.30650209996383637,0.0003731000469997525
94,Spambase,9,RandomFuzzyRules__n_candidates__25000,4141,460,57,0.6260869565217392,0.1313131313131313,0.750678231252104,0.6246187000069767,0.00046799995470792055
94,Spambase,9,RandomFuzzyRules__n_candidates__50000,4141,460,57,0.6260869565217392,0.1313131313131313,0.750678231252104,1.6452200000640005,0.0003866999177262187
94,Spambase,9,RandomFuzzyRules__n_candidates__100000,4141,460,57,0.6173913043478261,0.07368421052631578,0.7107269450880216,2.870113900047727,0.0002703999634832144
94,Spambase,10,RandomFuzzyRules__n_candidates__1000,4141,460,57,0.6108695652173913,0.02185792349726776,0.7702231727360938,0.05316379992291331,0.0005683000199496746
94,Spambase,10,RandomFuzzyRules__n_candidates__5000,4141,460,57,0.6239130434782608,0.13930348258706465,0.7804510980415453,0.18594959995243698,0.00044790003448724747
94,Spambase,10,RandomFuzzyRules__n_candidates__10000,4141,460,57,0.6239130434782608,0.13930348258706465,0.7804510980415453,0.3626500000245869,0.00042269995901733637
94,Spambase,10,RandomFuzzyRules__n_candidates__25000,4141,460,57,0.6152173913043478,0.09230769230769231,0.7696489039386918,0.6264958999818191,0.00037169991992414
94,Spambase,10,RandomFuzzyRules__n_candidates__50000,4141,460,57,0.6152173913043478,0.09230769230769231,0.7696489039386918,1.6609342000447214,0.0002730999840423465
94,Spambase,10,RandomFuzzyRules__n_candidates__100000,4141,460,57,0.6152173913043478,0.09230769230769231,0.7696489039386918,2.544090299983509,0.00026739994063973427
95,SPECT Heart,1,RandomFuzzyRules__n_candidates__1000,240,27,22,0.6296296296296297,0.761904761904762,0.5090909090909091,0.007194500067271292,0.0003312999615445733
95,SPECT Heart,1,RandomFuzzyRules__n_candidates__5000,240,27,22,0.6296296296296297,0.761904761904762,0.5090909090909091,0.031302399933338165,0.00027029996272176504
95,SPECT Heart,1,RandomFuzzyRules__n_candidates__10000,240,27,22,0.6666666666666666,0.7692307692307693,0.7,0.06746209994889796,0.00024910003412514925
95,SPECT Heart,1,RandomFuzzyRules__n_candidates__25000,240,27,22,0.6666666666666666,0.7804878048780488,0.6545454545454545,0.15341639996040612,0.00026839994825422764
95,SPECT Heart,1,RandomFuzzyRules__n_candidates__50000,240,27,22,0.7037037037037037,0.8095238095238095,0.6727272727272727,0.29622629994992167,0.000277700019069016
95,SPECT Heart,1,RandomFuzzyRules__n_candidates__100000,240,27,22,0.7037037037037037,0.8095238095238095,0.6727272727272727,0.484695199993439,0.00041340000461786985
95,SPECT Heart,2,RandomFuzzyRules__n_candidates__1000,240,27,22,0.8148148148148148,0.8979591836734693,0.49090909090909096,0.006482099997811019,0.00026650005020201206
95,SPECT Heart,2,RandomFuzzyRules__n_candidates__5000,240,27,22,0.8148148148148148,0.8979591836734693,0.42272727272727273,0.03318489994853735,0.0003434000536799431
95,SPECT Heart,2,RandomFuzzyRules__n_candidates__10000,240,27,22,0.8148148148148148,0.8979591836734693,0.42272727272727273,0.06748000008519739,0.0002677999436855316
95,SPECT Heart,2,RandomFuzzyRules__n_candidates__25000,240,27,22,0.8148148148148148,0.8837209302325582,0.7909090909090909,0.16476100008003414,0.0002497999230399728
95,SPECT Heart,2,RandomFuzzyRules__n_candidates__50000,240,27,22,0.8888888888888888,0.9302325581395349,0.9227272727272727,0.2686900000553578,0.00026789994444698095
95,SPECT Heart,2,RandomFuzzyRules__n_candidates__100000,240,27,22,0.8888888888888888,0.9302325581395349,0.9227272727272727,0.6013194000115618,0.00033710000570863485
95,SPECT Heart,3,RandomFuzzyRules__n_candidates__1000,240,27,22,0.7407407407407407,0.8510638297872339,0.3968253968253968,0.008162200101651251,0.00026979995891451836
95,SPECT Heart,3,RandomFuzzyRules__n_candidates__5000,240,27,22,0.7037037037037037,0.8,0.7142857142857143,0.035765300039201975,0.00024640001356601715
95,SPECT Heart,3,RandomFuzzyRules__n_candidates__10000,240,27,22,0.7407407407407407,0.8292682926829269,0.6547619047619048,0.0555601998930797,0.00022490008268505335
95,SPECT Heart,3,RandomFuzzyRules__n_candidates__25000,240,27,22,0.7407407407407407,0.8372093023255814,0.6904761904761905,0.15281490003690124,0.0002610000083222985
95,SPECT Heart,3,RandomFuzzyRules__n_candidates__50000,240,27,22,0.7777777777777778,0.8636363636363636,0.7222222222222223,0.31211669999174774,0.0002226999495178461
95,SPECT Heart,3,RandomFuzzyRules__n_candidates__100000,240,27,22,0.7777777777777778,0.8636363636363636,0.7222222222222223,0.4924443999771029,0.00020070001482963562
95,SPECT Heart,4,RandomFuzzyRules__n_candidates__1000,240,27,22,0.7777777777777778,0.8750000000000001,0.5714285714285714,0.0073382999980822206,0.00019459996838122606
95,SPECT Heart,4,RandomFuzzyRules__n_candidates__5000,240,27,22,0.7777777777777778,0.8750000000000001,0.4801587301587301,0.03134049999061972,0.00022309995256364346
95,SPECT Heart,4,RandomFuzzyRules__n_candidates__10000,240,27,22,0.8148148148148148,0.888888888888889,0.6746031746031746,0.06672709994018078,0.0003532000118866563
95,SPECT Heart,4,RandomFuzzyRules__n_candidates__25000,240,27,22,0.7777777777777778,0.8571428571428571,0.7023809523809523,0.1522732999874279,0.00040410005021840334
95,SPECT Heart,4,RandomFuzzyRules__n_candidates__50000,240,27,22,0.8148148148148148,0.8837209302325582,0.8095238095238095,0.28242629999294877,0.00026290002278983593
95,SPECT Heart,4,RandomFuzzyRules__n_candidates__100000,240,27,22,0.8148148148148148,0.8837209302325582,0.8095238095238095,0.6008101999759674,0.0008000999223440886
95,SPECT Heart,5,RandomFuzzyRules__n_candidates__1000,240,27,22,0.7777777777777778,0.8750000000000001,0.45238095238095244,0.007728900061920285,0.0003081000177189708
95,SPECT Heart,5,RandomFuzzyRules__n_candidates__5000,240,27,22,0.7037037037037037,0.7777777777777778,0.7301587301587301,0.03669589990749955,0.0002476000227034092
95,SPECT Heart,5,RandomFuzzyRules__n_candidates__10000,240,27,22,0.7037037037037037,0.7894736842105262,0.6587301587301588,0.07427090010605752,0.0002525999443605542
95,SPECT Heart,5,RandomFuzzyRules__n_candidates__25000,240,27,22,0.7037037037037037,0.7894736842105262,0.761904761904762,0.14582770003471524,0.0002460000105202198
95,SPECT Heart,5,RandomFuzzyRules__n_candidates__50000,240,27,22,0.8148148148148148,0.8717948717948718,0.8095238095238095,0.2896192000480369,0.00041999993845820427
95,SPECT Heart,5,RandomFuzzyRules__n_candidates__100000,240,27,22,0.8148148148148148,0.8717948717948718,0.8095238095238095,0.5767815000144765,0.00034280004911124706
95,SPECT Heart,6,RandomFuzzyRules__n_candidates__1000,240,27,22,0.7037037037037037,0.7894736842105262,0.7380952380952381,0.0071989999851211905,0.00024500000290572643
95,SPECT Heart,6,RandomFuzzyRules__n_candidates__5000,240,27,22,0.7037037037037037,0.8,0.75,0.026033800095319748,0.0002533999504521489
95,SPECT Heart,6,RandomFuzzyRules__n_candidates__10000,240,27,22,0.6666666666666666,0.7692307692307692,0.5912698412698414,0.07069910003338009,0.0003402000293135643
95,SPECT Heart,6,RandomFuzzyRules__n_candidates__25000,240,27,22,0.7037037037037037,0.8,0.7380952380952381,0.16555909998714924,0.0003245000261813402
95,SPECT Heart,6,RandomFuzzyRules__n_candidates__50000,240,27,22,0.7037037037037037,0.8095238095238095,0.626984126984127,0.316989199956879,0.0004875999875366688
95,SPECT Heart,6,RandomFuzzyRules__n_candidates__100000,240,27,22,0.7037037037037037,0.8095238095238095,0.626984126984127,0.5482327999779955,0.0004972000606358051
95,SPECT Heart,7,RandomFuzzyRules__n_candidates__1000,240,27,22,0.7777777777777778,0.8750000000000001,0.4642857142857143,0.0073105000192299485,0.00027279998175799847
95,SPECT Heart,7,RandomFuzzyRules__n_candidates__5000,240,27,22,0.7777777777777778,0.8750000000000001,0.45238095238095233,0.03475809993688017,0.0003255000337958336
95,SPECT Heart,7,RandomFuzzyRules__n_candidates__10000,240,27,22,0.8148148148148148,0.8717948717948718,0.8134920634920635,0.06534330011345446,0.0002948000328615308
95,SPECT Heart,7,RandomFuzzyRules__n_candidates__25000,240,27,22,0.7407407407407407,0.8372093023255814,0.753968253968254,0.16588729992508888,0.0002734999870881438
95,SPECT Heart,7,RandomFuzzyRules__n_candidates__50000,240,27,22,0.7777777777777778,0.8571428571428571,0.8333333333333334,0.2842586000915617,0.00035669992212206125
95,SPECT Heart,7,RandomFuzzyRules__n_candidates__100000,240,27,22,0.7777777777777778,0.8571428571428571,0.8333333333333334,0.5550842999946326,0.00021299999207258224
95,SPECT Heart,8,RandomFuzzyRules__n_candidates__1000,241,26,22,0.7692307692307693,0.8500000000000001,0.7523809523809524,0.008709599962458014,0.00029039999935775995
95,SPECT Heart,8,RandomFuzzyRules__n_candidates__5000,241,26,22,0.8076923076923077,0.8936170212765957,0.44761904761904764,0.033864299999549985,0.0002930000191554427
95,SPECT Heart,8,RandomFuzzyRules__n_candidates__10000,241,26,22,0.7692307692307693,0.8500000000000001,0.7238095238095238,0.07260409998707473,0.00033599999733269215
95,SPECT Heart,8,RandomFuzzyRules__n_candidates__25000,241,26,22,0.7692307692307693,0.8571428571428571,0.7285714285714286,0.15909480000846088,0.0003519000019878149
95,SPECT Heart,8,RandomFuzzyRules__n_candidates__50000,241,26,22,0.8076923076923077,0.8780487804878048,0.7761904761904762,0.2968469000188634,0.0003269999288022518
95,SPECT Heart,8,RandomFuzzyRules__n_candidates__100000,241,26,22,0.8076923076923077,0.8780487804878048,0.7761904761904762,0.5684297999832779,0.0004388000816106796
95,SPECT Heart,9,RandomFuzzyRules__n_candidates__1000,241,26,22,0.7692307692307693,0.8695652173913043,0.4142857142857143,0.008350799907930195,0.00028989999555051327
95,SPECT Heart,9,RandomFuzzyRules__n_candidates__5000,241,26,22,0.8076923076923077,0.8936170212765957,0.3857142857142858,0.0314408999402076,0.00034170004073530436
95,SPECT Heart,9,RandomFuzzyRules__n_candidates__10000,241,26,22,0.8461538461538461,0.909090909090909,0.8761904761904762,0.06568260001949966,0.0003122000489383936
95,SPECT Heart,9,RandomFuzzyRules__n_candidates__25000,241,26,22,0.8461538461538461,0.909090909090909,0.8333333333333334,0.15085580002050847,0.0002933000214397907
95,SPECT Heart,9,RandomFuzzyRules__n_candidates__50000,241,26,22,0.8846153846153846,0.9333333333333333,0.9142857142857144,0.2931066999444738,0.0003472999669611454
95,SPECT Heart,9,RandomFuzzyRules__n_candidates__100000,241,26,22,0.8846153846153846,0.9333333333333333,0.9142857142857144,0.5285260999808088,0.0004971000598743558
95,SPECT Heart,10,RandomFuzzyRules__n_candidates__1000,241,26,22,0.6923076923076923,0.8181818181818182,0.26190476190476186,0.007135199964977801,0.00027820002287626266
95,SPECT Heart,10,RandomFuzzyRules__n_candidates__5000,241,26,22,0.6923076923076923,0.8181818181818182,0.26190476190476186,0.030938199954107404,0.0003037999849766493
95,SPECT Heart,10,RandomFuzzyRules__n_candidates__10000,241,26,22,0.6538461538461539,0.7692307692307692,0.6714285714285715,0.0623133999761194,0.0004007000243291259
95,SPECT Heart,10,RandomFuzzyRules__n_candidates__25000,241,26,22,0.7692307692307693,0.8500000000000001,0.7714285714285714,0.14743060001637787,0.0002533999504521489
95,SPECT Heart,10,RandomFuzzyRules__n_candidates__50000,241,26,22,0.8076923076923077,0.8780487804878048,0.8142857142857143,0.29809699999168515,0.0003750000614672899
95,SPECT Heart,10,RandomFuzzyRules__n_candidates__100000,241,26,22,0.8076923076923077,0.8780487804878048,0.8142857142857143,0.5434191999956965,0.0003720000386238098
105,Congressional Voting Records,1,RandomFuzzyRules__n_candidates__1000,391,44,16,0.9545454545454546,0.9444444444444444,0.962962962962963,0.0076911000069230795,0.0001976999919861555
105,Congressional Voting Records,1,RandomFuzzyRules__n_candidates__5000,391,44,16,0.9545454545454546,0.9444444444444444,0.962962962962963,0.04028129996731877,0.0005532000213861465
105,Congressional Voting Records,1,RandomFuzzyRules__n_candidates__10000,391,44,16,0.9545454545454546,0.9444444444444444,0.962962962962963,0.06523010006640106,0.0003361999988555908
105,Congressional Voting Records,1,RandomFuzzyRules__n_candidates__25000,391,44,16,0.9545454545454546,0.9444444444444444,0.962962962962963,0.16751699999440461,0.00024099997244775295
105,Congressional Voting Records,1,RandomFuzzyRules__n_candidates__50000,391,44,16,0.9318181818181818,0.9142857142857143,0.9357298474945535,0.3359720000298694,0.00024729990400373936
105,Congressional Voting Records,1,RandomFuzzyRules__n_candidates__100000,391,44,16,0.9318181818181818,0.9142857142857143,0.9357298474945535,0.6681289999978617,0.0002001000102609396
105,Congressional Voting Records,2,RandomFuzzyRules__n_candidates__1000,391,44,16,0.9772727272727273,0.9714285714285714,0.9814814814814815,0.006839799927547574,0.00022050004918128252
105,Congressional Voting Records,2,RandomFuzzyRules__n_candidates__5000,391,44,16,0.9772727272727273,0.9714285714285714,0.9814814814814815,0.03824469994287938,0.00033139996230602264
105,Congressional Voting Records,2,RandomFuzzyRules__n_candidates__10000,391,44,16,0.9772727272727273,0.9714285714285714,0.9814814814814815,0.07030220003798604,0.00033870001789182425
105,Congressional Voting Records,2,RandomFuzzyRules__n_candidates__25000,391,44,16,0.9772727272727273,0.9714285714285714,0.9814814814814815,0.16581519995816052,0.00024359999224543571
105,Congressional Voting Records,2,RandomFuzzyRules__n_candidates__50000,391,44,16,0.9772727272727273,0.9714285714285714,0.9814814814814815,0.31715550005901605,0.000282399938441813
105,Congressional Voting Records,2,RandomFuzzyRules__n_candidates__100000,391,44,16,0.9772727272727273,0.9714285714285714,0.9814814814814815,0.6400336000369862,0.0002937999088317156
105,Congressional Voting Records,3,RandomFuzzyRules__n_candidates__1000,391,44,16,0.9772727272727273,0.9696969696969697,0.9705882352941176,0.007457299972884357,0.0002954000374302268
105,Congressional Voting Records,3,RandomFuzzyRules__n_candidates__5000,391,44,16,0.9772727272727273,0.9696969696969697,0.9705882352941176,0.04589569999370724,0.0003504999913275242
105,Congressional Voting Records,3,RandomFuzzyRules__n_candidates__10000,391,44,16,0.9772727272727273,0.9696969696969697,0.9705882352941176,0.06348789995536208,0.00024309998843818903
105,Congressional Voting Records,3,RandomFuzzyRules__n_candidates__25000,391,44,16,0.9772727272727273,0.9696969696969697,0.9705882352941176,0.17061330005526543,0.0003497999859973788
105,Congressional Voting Records,3,RandomFuzzyRules__n_candidates__50000,391,44,16,0.9772727272727273,0.9696969696969697,0.9705882352941176,0.30922860000282526,0.00023570004850625992
105,Congressional Voting Records,3,RandomFuzzyRules__n_candidates__100000,391,44,16,0.9772727272727273,0.9696969696969697,0.9705882352941176,0.6310323000652716,0.0002212999388575554
105,Congressional Voting Records,4,RandomFuzzyRules__n_candidates__1000,391,44,16,0.9318181818181818,0.9142857142857143,0.9335511982570807,0.009015899966470897,0.0003095000283792615
105,Congressional Voting Records,4,RandomFuzzyRules__n_candidates__5000,391,44,16,0.9318181818181818,0.9142857142857143,0.9335511982570807,0.029230199987068772,0.0002573999809101224
105,Congressional Voting Records,4,RandomFuzzyRules__n_candidates__10000,391,44,16,0.9318181818181818,0.9142857142857143,0.9335511982570807,0.06309049995616078,0.00033359997905790806
105,Congressional Voting Records,4,RandomFuzzyRules__n_candidates__25000,391,44,16,0.9318181818181818,0.9142857142857143,0.9335511982570807,0.1707153000170365,0.0002981999423354864
105,Congressional Voting Records,4,RandomFuzzyRules__n_candidates__50000,391,44,16,0.9318181818181818,0.9142857142857143,0.9335511982570807,0.3264778999146074,0.00021249998826533556
105,Congressional Voting Records,4,RandomFuzzyRules__n_candidates__100000,391,44,16,0.9090909090909091,0.8888888888888888,0.9150326797385621,0.6297625000588596,0.00020779995247721672
105,Congressional Voting Records,5,RandomFuzzyRules__n_candidates__1000,391,44,16,0.9318181818181818,0.9189189189189189,0.9444444444444444,0.006676700082607567,0.0003276999341323972
105,Congressional Voting Records,5,RandomFuzzyRules__n_candidates__5000,391,44,16,0.9318181818181818,0.9189189189189189,0.9444444444444444,0.03486899996642023,0.00033870001789182425
105,Congressional Voting Records,5,RandomFuzzyRules__n_candidates__10000,391,44,16,0.9318181818181818,0.9189189189189189,0.9444444444444444,0.0796264000236988,0.00033900002017617226
105,Congressional Voting Records,5,RandomFuzzyRules__n_candidates__25000,391,44,16,0.9318181818181818,0.9189189189189189,0.9444444444444444,0.17644890001975,0.0003383000148460269
105,Congressional Voting Records,5,RandomFuzzyRules__n_candidates__50000,391,44,16,0.9090909090909091,0.8888888888888888,0.9183006535947712,0.3253093999810517,0.00023360003251582384
105,Congressional Voting Records,5,RandomFuzzyRules__n_candidates__100000,391,44,16,0.9090909090909091,0.8888888888888888,0.9183006535947712,0.6399886000435799,0.00030429998878389597
105,Congressional Voting Records,6,RandomFuzzyRules__n_candidates__1000,392,43,16,0.9302325581395349,0.9189189189189189,0.9423076923076923,0.009686600067652762,0.00026979995891451836
105,Congressional Voting Records,6,RandomFuzzyRules__n_candidates__5000,392,43,16,0.9302325581395349,0.9189189189189189,0.9423076923076923,0.04296599992085248,0.00033579999580979347
105,Congressional Voting Records,6,RandomFuzzyRules__n_candidates__10000,392,43,16,0.9302325581395349,0.9189189189189189,0.9423076923076923,0.08394100004807115,0.0003341999836266041
105,Congressional Voting Records,6,RandomFuzzyRules__n_candidates__25000,392,43,16,0.9302325581395349,0.9189189189189189,0.9423076923076923,0.17825550003908575,0.0002933000214397907
105,Congressional Voting Records,6,RandomFuzzyRules__n_candidates__50000,392,43,16,0.9302325581395349,0.9189189189189189,0.9423076923076923,0.33915240003261715,0.0004989999579265714
105,Congressional Voting Records,6,RandomFuzzyRules__n_candidates__100000,392,43,16,0.9069767441860465,0.8947368421052632,0.9230769230769231,0.6228098999708891,0.00024239998310804367
105,Congressional Voting Records,7,RandomFuzzyRules__n_candidates__1000,392,43,16,1.0,1.0,1.0,0.007174200029112399,0.00026320002507418394
105,Congressional Voting Records,7,RandomFuzzyRules__n_candidates__5000,392,43,16,1.0,1.0,1.0,0.030467299977317452,0.00023279991000890732
105,Congressional Voting Records,7,RandomFuzzyRules__n_candidates__10000,392,43,16,1.0,1.0,1.0,0.08003089996054769,0.00035009998828172684
105,Congressional Voting Records,7,RandomFuzzyRules__n_candidates__25000,392,43,16,1.0,1.0,1.0,0.1901368999388069,0.00028929999098181725
105,Congressional Voting Records,7,RandomFuzzyRules__n_candidates__50000,392,43,16,1.0,1.0,1.0,0.3442516999784857,0.00031759997364133596
105,Congressional Voting Records,7,RandomFuzzyRules__n_candidates__100000,392,43,16,1.0,1.0,1.0,0.6283761999802664,0.00031230004969984293
105,Congressional Voting Records,8,RandomFuzzyRules__n_candidates__1000,392,43,16,1.0,1.0,1.0,0.007474199985153973,0.000202000024728477
105,Congressional Voting Records,8,RandomFuzzyRules__n_candidates__5000,392,43,16,1.0,1.0,1.0,0.03992300003301352,0.0003467999631538987
105,Congressional Voting Records,8,RandomFuzzyRules__n_candidates__10000,392,43,16,1.0,1.0,1.0,0.06712479994166642,0.0002392000751569867
105,Congressional Voting Records,8,RandomFuzzyRules__n_candidates__25000,392,43,16,1.0,1.0,1.0,0.17052180005703121,0.00035119999665766954
105,Congressional Voting Records,8,RandomFuzzyRules__n_candidates__50000,392,43,16,1.0,1.0,1.0,0.30813659995328635,0.00034799997229129076
105,Congressional Voting Records,8,RandomFuzzyRules__n_candidates__100000,392,43,16,1.0,1.0,1.0,0.6524606000166386,0.000242499983869493
105,Congressional Voting Records,9,RandomFuzzyRules__n_candidates__1000,392,43,16,1.0,1.0,1.0,0.007711499929428101,0.00024319998919963837
105,Congressional Voting Records,9,RandomFuzzyRules__n_candidates__5000,392,43,16,1.0,1.0,1.0,0.031623799935914576,0.00028470007237046957
105,Congressional Voting Records,9,RandomFuzzyRules__n_candidates__10000,392,43,16,1.0,1.0,1.0,0.06731920002494007,0.0002223999472334981
105,Congressional Voting Records,9,RandomFuzzyRules__n_candidates__25000,392,43,16,1.0,1.0,1.0,0.16631819994654506,0.0002237000735476613
105,Congressional Voting Records,9,RandomFuzzyRules__n_candidates__50000,392,43,16,1.0,1.0,1.0,0.34831000003032386,0.0004202999407425523
105,Congressional Voting Records,9,RandomFuzzyRules__n_candidates__100000,392,43,16,1.0,1.0,1.0,0.5661016000667587,0.00026220001745969057
105,Congressional Voting Records,10,RandomFuzzyRules__n_candidates__1000,392,43,16,0.8604651162790697,0.8125,0.8506944444444443,0.008269899990409613,0.0001898000482469797
105,Congressional Voting Records,10,RandomFuzzyRules__n_candidates__5000,392,43,16,0.8604651162790697,0.8125,0.8506944444444443,0.0336445999564603,0.00029310001991689205
105,Congressional Voting Records,10,RandomFuzzyRules__n_candidates__10000,392,43,16,0.8604651162790697,0.8125,0.8506944444444443,0.06753449991811067,0.00033050007186830044
105,Congressional Voting Records,10,RandomFuzzyRules__n_candidates__25000,392,43,16,0.8604651162790697,0.8125,0.8506944444444443,0.1882240999257192,0.0008448000298812985
105,Congressional Voting Records,10,RandomFuzzyRules__n_candidates__50000,392,43,16,0.8604651162790697,0.8125,0.8541666666666665,0.3229412999935448,0.0002300000051036477
105,Congressional Voting Records,10,RandomFuzzyRules__n_candidates__100000,392,43,16,0.8604651162790697,0.8125,0.8541666666666665,0.6415745000122115,0.0002924000145867467
144,Statlog (German Credit Data),1,RandomFuzzyRules__n_candidates__1000,900,100,20,0.63,0.3508771929824561,0.5452380952380952,0.010722799925133586,0.00024419999681413174
144,Statlog (German Credit Data),1,RandomFuzzyRules__n_candidates__5000,900,100,20,0.73,0.37209302325581395,0.5976190476190476,0.048242899938486516,0.0003485999768599868
144,Statlog (German Credit Data),1,RandomFuzzyRules__n_candidates__10000,900,100,20,0.73,0.37209302325581395,0.5976190476190476,0.08571969997137785,0.00034959998447448015
144,Statlog (German Credit Data),1,RandomFuzzyRules__n_candidates__25000,900,100,20,0.71,0.4081632653061224,0.6023809523809524,0.22704430005978793,0.00038659991696476936
144,Statlog (German Credit Data),1,RandomFuzzyRules__n_candidates__50000,900,100,20,0.71,0.4081632653061224,0.6023809523809524,0.42441179999150336,0.00021580001339316368
144,Statlog (German Credit Data),1,RandomFuzzyRules__n_candidates__100000,900,100,20,0.71,0.4081632653061224,0.6023809523809524,0.8488228000933304,0.0002503999276086688
144,Statlog (German Credit Data),2,RandomFuzzyRules__n_candidates__1000,900,100,20,0.72,0.2222222222222222,0.6014285714285714,0.01099189999513328,0.00026899995282292366
144,Statlog (German Credit Data),2,RandomFuzzyRules__n_candidates__5000,900,100,20,0.79,0.5116279069767441,0.6690476190476191,0.04988900001626462,0.00033710000570863485
144,Statlog (German Credit Data),2,RandomFuzzyRules__n_candidates__10000,900,100,20,0.79,0.5116279069767441,0.6690476190476191,0.08759190002456307,0.00030770001467317343
144,Statlog (German Credit Data),2,RandomFuzzyRules__n_candidates__25000,900,100,20,0.75,0.4444444444444444,0.6309523809523809,0.22625219996552914,0.0003632999723777175
144,Statlog (German Credit Data),2,RandomFuzzyRules__n_candidates__50000,900,100,20,0.75,0.4444444444444444,0.6309523809523809,0.40953710000030696,0.0002001000102609396
144,Statlog (German Credit Data),2,RandomFuzzyRules__n_candidates__100000,900,100,20,0.69,0.3404255319148936,0.5926190476190476,0.7005072000902146,0.00018419988919049501
144,Statlog (German Credit Data),3,RandomFuzzyRules__n_candidates__1000,900,100,20,0.62,0.09523809523809522,0.46190476190476193,0.008850900107063353,0.0002834000624716282
144,Statlog (German Credit Data),3,RandomFuzzyRules__n_candidates__5000,900,100,20,0.72,0.36363636363636365,0.5904761904761905,0.038349099922925234,0.00033950002398341894
144,Statlog (German Credit Data),3,RandomFuzzyRules__n_candidates__10000,900,100,20,0.72,0.36363636363636365,0.5904761904761905,0.08893790002912283,0.0003100000321865082
144,Statlog (German Credit Data),3,RandomFuzzyRules__n_candidates__25000,900,100,20,0.72,0.43999999999999995,0.6190476190476191,0.21373610000591725,0.00032240001019090414
144,Statlog (German Credit Data),3,RandomFuzzyRules__n_candidates__50000,900,100,20,0.72,0.43999999999999995,0.6190476190476191,0.42927309998776764,0.00019069993868470192
144,Statlog (German Credit Data),3,RandomFuzzyRules__n_candidates__100000,900,100,20,0.72,0.43999999999999995,0.6190476190476191,0.7072990000015125,0.00018199998885393143
144,Statlog (German Credit Data),4,RandomFuzzyRules__n_candidates__1000,900,100,20,0.69,0.1142857142857143,0.4504761904761904,0.009011999936774373,0.00029900006484240294
144,Statlog (German Credit Data),4,RandomFuzzyRules__n_candidates__5000,900,100,20,0.71,0.3829787234042553,0.5928571428571429,0.04078659997321665,0.00033870001789182425
144,Statlog (German Credit Data),4,RandomFuzzyRules__n_candidates__10000,900,100,20,0.71,0.3829787234042553,0.5928571428571429,0.08266400010325015,0.0003435000544413924
144,Statlog (German Credit Data),4,RandomFuzzyRules__n_candidates__25000,900,100,20,0.73,0.44897959183673464,0.6261904761904762,0.2185040001058951,0.00035420001950114965
144,Statlog (German Credit Data),4,RandomFuzzyRules__n_candidates__50000,900,100,20,0.73,0.44897959183673464,0.6261904761904762,0.43264829996041954,0.0002669000532478094
144,Statlog (German Credit Data),4,RandomFuzzyRules__n_candidates__100000,900,100,20,0.73,0.44897959183673464,0.6261904761904762,0.8177826000610366,0.00033199996687471867
144,Statlog (German Credit Data),5,RandomFuzzyRules__n_candidates__1000,900,100,20,0.7,0.11764705882352941,0.5076190476190476,0.010760699980892241,0.0002758000046014786
144,Statlog (German Credit Data),5,RandomFuzzyRules__n_candidates__5000,900,100,20,0.75,0.3902439024390244,0.6119047619047618,0.04581090004649013,0.0003024999750778079
144,Statlog (German Credit Data),5,RandomFuzzyRules__n_candidates__10000,900,100,20,0.75,0.3902439024390244,0.6119047619047618,0.07445740001276135,0.00033389998134225607
144,Statlog (German Credit Data),5,RandomFuzzyRules__n_candidates__25000,900,100,20,0.74,0.4090909090909091,0.6142857142857143,0.22814870008733124,0.0002864999696612358
144,Statlog (German Credit Data),5,RandomFuzzyRules__n_candidates__50000,900,100,20,0.74,0.4090909090909091,0.6142857142857143,0.3976995999692008,0.00034559995401650667
144,Statlog (German Credit Data),5,RandomFuzzyRules__n_candidates__100000,900,100,20,0.74,0.4090909090909091,0.6142857142857143,0.7853043000213802,0.0003630999708548188
144,Statlog (German Credit Data),6,RandomFuzzyRules__n_candidates__1000,900,100,20,0.71,0.17142857142857143,0.5357142857142858,0.008998600067570806,0.0002584999892860651
144,Statlog (German Credit Data),6,RandomFuzzyRules__n_candidates__5000,900,100,20,0.74,0.4090909090909091,0.6142857142857143,0.042579000000841916,0.00022869999520480633
144,Statlog (German Credit Data),6,RandomFuzzyRules__n_candidates__10000,900,100,20,0.74,0.4090909090909091,0.6142857142857143,0.08193879993632436,0.00031050003599375486
144,Statlog (German Credit Data),6,RandomFuzzyRules__n_candidates__25000,900,100,20,0.75,0.46808510638297873,0.6404761904761904,0.21114130003843457,0.00023859995417296886
144,Statlog (German Credit Data),6,RandomFuzzyRules__n_candidates__50000,900,100,20,0.75,0.46808510638297873,0.6404761904761904,0.42344520008191466,0.00033439998514950275
144,Statlog (German Credit Data),6,RandomFuzzyRules__n_candidates__100000,900,100,20,0.75,0.46808510638297873,0.6404761904761904,0.7021189000224695,0.000382099999114871
144,Statlog (German Credit Data),7,RandomFuzzyRules__n_candidates__1000,900,100,20,0.66,0.26086956521739135,0.5271428571428572,0.010038300068117678,0.00033739989157766104
144,Statlog (German Credit Data),7,RandomFuzzyRules__n_candidates__5000,900,100,20,0.66,0.15,0.5,0.040352200041525066,0.00024239998310804367
144,Statlog (German Credit Data),7,RandomFuzzyRules__n_candidates__10000,900,100,20,0.66,0.15,0.5,0.10856139997486025,0.0003521000035107136
144,Statlog (German Credit Data),7,RandomFuzzyRules__n_candidates__25000,900,100,20,0.65,0.2222222222222222,0.511904761904762,0.21692799997981638,0.0003755999496206641
144,Statlog (German Credit Data),7,RandomFuzzyRules__n_candidates__50000,900,100,20,0.65,0.2222222222222222,0.511904761904762,0.3986179999774322,0.00034089991822838783
144,Statlog (German Credit Data),7,RandomFuzzyRules__n_candidates__100000,900,100,20,0.65,0.2222222222222222,0.511904761904762,0.705443000071682,0.00031459995079785585
144,Statlog (German Credit Data),8,RandomFuzzyRules__n_candidates__1000,900,100,20,0.66,0.3703703703703704,0.5676190476190476,0.011691099964082241,0.00028909998945891857
144,Statlog (German Credit Data),8,RandomFuzzyRules__n_candidates__5000,900,100,20,0.73,0.4,0.6071428571428572,0.045173099962994456,0.00025210005696862936
144,Statlog (German Credit Data),8,RandomFuzzyRules__n_candidates__10000,900,100,20,0.73,0.4,0.6071428571428572,0.09232369996607304,0.00035260000731796026
144,Statlog (German Credit Data),8,RandomFuzzyRules__n_candidates__25000,900,100,20,0.73,0.47058823529411764,0.6357142857142857,0.21512219996657223,0.00026540004182606936
144,Statlog (German Credit Data),8,RandomFuzzyRules__n_candidates__50000,900,100,20,0.73,0.47058823529411764,0.6357142857142857,0.43771940004080534,0.0005186999915167689
144,Statlog (German Credit Data),8,RandomFuzzyRules__n_candidates__100000,900,100,20,0.73,0.47058823529411764,0.6357142857142857,0.7944605000084266,0.00025509996339678764
144,Statlog (German Credit Data),9,RandomFuzzyRules__n_candidates__1000,900,100,20,0.7,0.11764705882352941,0.519047619047619,0.009116600034758449,0.00021399999968707561
144,Statlog (German Credit Data),9,RandomFuzzyRules__n_candidates__5000,900,100,20,0.72,0.3913043478260869,0.6000000000000001,0.039830900030210614,0.0002764000091701746
144,Statlog (German Credit Data),9,RandomFuzzyRules__n_candidates__10000,900,100,20,0.72,0.3913043478260869,0.6000000000000001,0.08638670004438609,0.00025379995349794626
144,Statlog (German Credit Data),9,RandomFuzzyRules__n_candidates__25000,900,100,20,0.75,0.5283018867924527,0.6690476190476191,0.19201560004148632,0.00030529999639838934
144,Statlog (German Credit Data),9,RandomFuzzyRules__n_candidates__50000,900,100,20,0.75,0.5283018867924527,0.6690476190476191,0.36178590008057654,0.0001802999759092927
144,Statlog (German Credit Data),9,RandomFuzzyRules__n_candidates__100000,900,100,20,0.75,0.5283018867924527,0.6690476190476191,0.7409392000408843,0.00018409988842904568
144,Statlog (German Credit Data),10,RandomFuzzyRules__n_candidates__1000,900,100,20,0.71,0.17142857142857143,0.5611904761904761,0.009435600019060075,0.00028229993768036366
144,Statlog (German Credit Data),10,RandomFuzzyRules__n_candidates__5000,900,100,20,0.71,0.29268292682926833,0.5642857142857143,0.04285000008530915,0.0002442999975755811
144,Statlog (German Credit Data),10,RandomFuzzyRules__n_candidates__10000,900,100,20,0.71,0.29268292682926833,0.5642857142857143,0.09489349997602403,0.0003599999472498894
144,Statlog (German Credit Data),10,RandomFuzzyRules__n_candidates__25000,900,100,20,0.71,0.29268292682926833,0.5642857142857143,0.24094420007895678,0.0003236999036744237
144,Statlog (German Credit Data),10,RandomFuzzyRules__n_candidates__50000,900,100,20,0.71,0.29268292682926833,0.5642857142857143,0.378621399984695,0.0003280999371781945
144,Statlog (German Credit Data),10,RandomFuzzyRules__n_candidates__100000,900,100,20,0.71,0.29268292682926833,0.5642857142857143,0.7078978000208735,0.00037519994657486677
151,"Connectionist Bench (Sonar, Mines vs. Rocks)",1,RandomFuzzyRules__n_candidates__1000,187,21,60,0.8095238095238095,0.7777777777777777,0.8454545454545456,0.007566199987195432,0.0002888999879360199
151,"Connectionist Bench (Sonar, Mines vs. Rocks)",1,RandomFuzzyRules__n_candidates__5000,187,21,60,0.8571428571428571,0.8235294117647058,0.8909090909090909,0.033225800027139485,0.00021580001339316368
151,"Connectionist Bench (Sonar, Mines vs. Rocks)",1,RandomFuzzyRules__n_candidates__10000,187,21,60,0.8571428571428571,0.8235294117647058,0.8909090909090909,0.06975389993749559,0.0002856000792235136
151,"Connectionist Bench (Sonar, Mines vs. Rocks)",1,RandomFuzzyRules__n_candidates__25000,187,21,60,0.8571428571428571,0.8235294117647058,0.8909090909090909,0.1560904000652954,0.00028929999098181725
151,"Connectionist Bench (Sonar, Mines vs. Rocks)",1,RandomFuzzyRules__n_candidates__50000,187,21,60,0.5714285714285714,0.5263157894736842,0.5909090909090908,0.27493700000923127,0.0003040999872609973
151,"Connectionist Bench (Sonar, Mines vs. Rocks)",1,RandomFuzzyRules__n_candidates__100000,187,21,60,0.7619047619047619,0.6666666666666666,0.8727272727272727,0.4669640000211075,0.00022769998759031296
151,"Connectionist Bench (Sonar, Mines vs. Rocks)",2,RandomFuzzyRules__n_candidates__1000,187,21,60,0.7142857142857143,0.625,0.7909090909090909,0.0049010999500751495,0.00021620001643896103
151,"Connectionist Bench (Sonar, Mines vs. Rocks)",2,RandomFuzzyRules__n_candidates__5000,187,21,60,0.8095238095238095,0.8181818181818182,0.8727272727272727,0.02915799990296364,0.0002921000123023987
151,"Connectionist Bench (Sonar, Mines vs. Rocks)",2,RandomFuzzyRules__n_candidates__10000,187,21,60,0.8095238095238095,0.8181818181818182,0.8727272727272727,0.06477699999231845,0.0003378000110387802
151,"Connectionist Bench (Sonar, Mines vs. Rocks)",2,RandomFuzzyRules__n_candidates__25000,187,21,60,0.7142857142857143,0.6666666666666665,0.8090909090909091,0.13418589998036623,0.00023870007134974003
151,"Connectionist Bench (Sonar, Mines vs. Rocks)",2,RandomFuzzyRules__n_candidates__50000,187,21,60,0.7142857142857143,0.6666666666666665,0.8090909090909091,0.29797790001612157,0.0002498999238014221
151,"Connectionist Bench (Sonar, Mines vs. Rocks)",2,RandomFuzzyRules__n_candidates__100000,187,21,60,0.8095238095238095,0.8000000000000002,0.8636363636363636,0.5518645999254659,0.00021009996999055147
151,"Connectionist Bench (Sonar, Mines vs. Rocks)",3,RandomFuzzyRules__n_candidates__1000,187,21,60,0.38095238095238093,0.3157894736842105,0.4545454545454545,0.007436900050379336,0.00019320007413625717
151,"Connectionist Bench (Sonar, Mines vs. Rocks)",3,RandomFuzzyRules__n_candidates__5000,187,21,60,0.5714285714285714,0.18181818181818182,0.6181818181818182,0.032834599958732724,0.00027489999774843454
151,"Connectionist Bench (Sonar, Mines vs. Rocks)",3,RandomFuzzyRules__n_candidates__10000,187,21,60,0.5714285714285714,0.18181818181818182,0.6181818181818182,0.0731042999541387,0.0002850000746548176
151,"Connectionist Bench (Sonar, Mines vs. Rocks)",3,RandomFuzzyRules__n_candidates__25000,187,21,60,0.5714285714285714,0.18181818181818182,0.6181818181818182,0.15708560007624328,0.00032579991966485977
151,"Connectionist Bench (Sonar, Mines vs. Rocks)",3,RandomFuzzyRules__n_candidates__50000,187,21,60,0.5714285714285714,0.18181818181818182,0.6181818181818182,0.24335629993584007,0.0003347999881953001
151,"Connectionist Bench (Sonar, Mines vs. Rocks)",3,RandomFuzzyRules__n_candidates__100000,187,21,60,0.5714285714285714,0.18181818181818182,0.6181818181818182,0.5743384000379592,0.0001708000199869275
151,"Connectionist Bench (Sonar, Mines vs. Rocks)",4,RandomFuzzyRules__n_candidates__1000,187,21,60,0.8571428571428571,0.8421052631578948,0.9000000000000001,0.006853400031104684,0.00018710002768784761
151,"Connectionist Bench (Sonar, Mines vs. Rocks)",4,RandomFuzzyRules__n_candidates__5000,187,21,60,0.8095238095238095,0.8000000000000002,0.8727272727272728,0.03321800008416176,0.00030090007930994034
151,"Connectionist Bench (Sonar, Mines vs. Rocks)",4,RandomFuzzyRules__n_candidates__10000,187,21,60,0.8095238095238095,0.8000000000000002,0.8727272727272728,0.0602350999834016,0.0002313000150024891
151,"Connectionist Bench (Sonar, Mines vs. Rocks)",4,RandomFuzzyRules__n_candidates__25000,187,21,60,0.8095238095238095,0.8000000000000002,0.8727272727272728,0.1729864999651909,0.0002772000152617693
151,"Connectionist Bench (Sonar, Mines vs. Rocks)",4,RandomFuzzyRules__n_candidates__50000,187,21,60,0.8095238095238095,0.8000000000000002,0.8727272727272728,0.2782361999852583,0.00037459994200617075
151,"Connectionist Bench (Sonar, Mines vs. Rocks)",4,RandomFuzzyRules__n_candidates__100000,187,21,60,0.8095238095238095,0.8000000000000002,0.8727272727272728,0.49063419993035495,0.00019340007565915585
151,"Connectionist Bench (Sonar, Mines vs. Rocks)",5,RandomFuzzyRules__n_candidates__1000,187,21,60,0.47619047619047616,0.4210526315789474,0.4545454545454546,0.00741700001526624,0.00019149994477629662
151,"Connectionist Bench (Sonar, Mines vs. Rocks)",5,RandomFuzzyRules__n_candidates__5000,187,21,60,0.5714285714285714,0.5714285714285713,0.6,0.04132319998461753,0.0002717000897973776
151,"Connectionist Bench (Sonar, Mines vs. Rocks)",5,RandomFuzzyRules__n_candidates__10000,187,21,60,0.5714285714285714,0.5714285714285713,0.6,0.062459099921397865,0.0002590999938547611
151,"Connectionist Bench (Sonar, Mines vs. Rocks)",5,RandomFuzzyRules__n_candidates__25000,187,21,60,0.5714285714285714,0.5714285714285713,0.6,0.13940710003953427,0.0002905000001192093
151,"Connectionist Bench (Sonar, Mines vs. Rocks)",5,RandomFuzzyRules__n_candidates__50000,187,21,60,0.6190476190476191,0.6363636363636365,0.5818181818181818,0.25182020000647753,0.00030890002381056547
151,"Connectionist Bench (Sonar, Mines vs. Rocks)",5,RandomFuzzyRules__n_candidates__100000,187,21,60,0.5714285714285714,0.608695652173913,0.4727272727272728,0.418800099985674,0.00019859999883919954
151,"Connectionist Bench (Sonar, Mines vs. Rocks)",6,RandomFuzzyRules__n_candidates__1000,187,21,60,0.7619047619047619,0.7368421052631577,0.8181818181818182,0.005726999952457845,0.0002552999649196863
151,"Connectionist Bench (Sonar, Mines vs. Rocks)",6,RandomFuzzyRules__n_candidates__5000,187,21,60,0.8571428571428571,0.8571428571428572,0.8909090909090909,0.0261002000188455,0.0002867999719455838
151,"Connectionist Bench (Sonar, Mines vs. Rocks)",6,RandomFuzzyRules__n_candidates__10000,187,21,60,0.8571428571428571,0.8571428571428572,0.8909090909090909,0.06013740005437285,0.0003770999610424042
151,"Connectionist Bench (Sonar, Mines vs. Rocks)",6,RandomFuzzyRules__n_candidates__25000,187,21,60,0.8571428571428571,0.8571428571428572,0.8909090909090909,0.17554000008385628,0.0002886999864131212
151,"Connectionist Bench (Sonar, Mines vs. Rocks)",6,RandomFuzzyRules__n_candidates__50000,187,21,60,0.8095238095238095,0.8000000000000002,0.890909090909091,0.2420431999489665,0.00030509999487549067
151,"Connectionist Bench (Sonar, Mines vs. Rocks)",6,RandomFuzzyRules__n_candidates__100000,187,21,60,0.7619047619047619,0.7368421052631577,0.8272727272727273,0.4744766999501735,0.00019970000721514225
151,"Connectionist Bench (Sonar, Mines vs. Rocks)",7,RandomFuzzyRules__n_candidates__1000,187,21,60,0.7142857142857143,0.625,0.8181818181818181,0.0077942999778315425,0.00022439996246248484
151,"Connectionist Bench (Sonar, Mines vs. Rocks)",7,RandomFuzzyRules__n_candidates__5000,187,21,60,0.8571428571428571,0.8571428571428572,0.9454545454545454,0.027224100078456104,0.0002864999696612358
151,"Connectionist Bench (Sonar, Mines vs. Rocks)",7,RandomFuzzyRules__n_candidates__10000,187,21,60,0.6666666666666666,0.588235294117647,0.8272727272727273,0.053347600041888654,0.0002850999590009451
151,"Connectionist Bench (Sonar, Mines vs. Rocks)",7,RandomFuzzyRules__n_candidates__25000,187,21,60,0.8095238095238095,0.7499999999999999,0.9636363636363636,0.1480045000789687,0.0002725999802350998
151,"Connectionist Bench (Sonar, Mines vs. Rocks)",7,RandomFuzzyRules__n_candidates__50000,187,21,60,0.7142857142857143,0.625,0.8999999999999999,0.29713389999233186,0.00034030003007501364
151,"Connectionist Bench (Sonar, Mines vs. Rocks)",7,RandomFuzzyRules__n_candidates__100000,187,21,60,0.7142857142857143,0.625,0.8999999999999999,0.5035501000238582,0.00021979992743581533
151,"Connectionist Bench (Sonar, Mines vs. Rocks)",8,RandomFuzzyRules__n_candidates__1000,187,21,60,0.7619047619047619,0.6153846153846153,0.7592592592592592,0.0071113999001681805,0.00018990004900842905
151,"Connectionist Bench (Sonar, Mines vs. Rocks)",8,RandomFuzzyRules__n_candidates__5000,187,21,60,0.7142857142857143,0.5714285714285714,0.7685185185185184,0.03206320002209395,0.00027930003125220537
151,"Connectionist Bench (Sonar, Mines vs. Rocks)",8,RandomFuzzyRules__n_candidates__10000,187,21,60,0.7142857142857143,0.5714285714285714,0.7685185185185184,0.06385569996200502,0.00027199997566640377
151,"Connectionist Bench (Sonar, Mines vs. Rocks)",8,RandomFuzzyRules__n_candidates__25000,187,21,60,0.7142857142857143,0.5714285714285714,0.7685185185185184,0.1373646000865847,0.0002826000563800335
151,"Connectionist Bench (Sonar, Mines vs. Rocks)",8,RandomFuzzyRules__n_candidates__50000,187,21,60,0.7142857142857143,0.5714285714285714,0.7685185185185184,0.2831743999850005,0.00031869998201727867
151,"Connectionist Bench (Sonar, Mines vs. Rocks)",8,RandomFuzzyRules__n_candidates__100000,187,21,60,0.7142857142857143,0.5714285714285714,0.8333333333333333,0.6141171000199392,0.00019280007109045982
151,"Connectionist Bench (Sonar, Mines vs. Rocks)",9,RandomFuzzyRules__n_candidates__1000,188,20,60,0.5,0.375,0.46464646464646464,0.007018500007688999,0.00019090005662292242
151,"Connectionist Bench (Sonar, Mines vs. Rocks)",9,RandomFuzzyRules__n_candidates__5000,188,20,60,0.65,0.5333333333333333,0.5151515151515151,0.03338759997859597,0.00028550007846206427
151,"Connectionist Bench (Sonar, Mines vs. Rocks)",9,RandomFuzzyRules__n_candidates__10000,188,20,60,0.65,0.5333333333333333,0.5151515151515151,0.06706419994588941,0.00023230002261698246
151,"Connectionist Bench (Sonar, Mines vs. Rocks)",9,RandomFuzzyRules__n_candidates__25000,188,20,60,0.5,0.2857142857142857,0.5757575757575757,0.14294920000247657,0.00027550000231713057
151,"Connectionist Bench (Sonar, Mines vs. Rocks)",9,RandomFuzzyRules__n_candidates__50000,188,20,60,0.5,0.2857142857142857,0.5757575757575757,0.2946413999889046,0.0003068000078201294
151,"Connectionist Bench (Sonar, Mines vs. Rocks)",9,RandomFuzzyRules__n_candidates__100000,188,20,60,0.5,0.375,0.5151515151515151,0.5241046000737697,0.00021329999435693026
151,"Connectionist Bench (Sonar, Mines vs. Rocks)",10,RandomFuzzyRules__n_candidates__1000,188,20,60,0.7,0.7000000000000001,0.696969696969697,0.007233500014990568,0.00016609998419880867
151,"Connectionist Bench (Sonar, Mines vs. Rocks)",10,RandomFuzzyRules__n_candidates__5000,188,20,60,0.8,0.7777777777777778,0.8484848484848485,0.03860930004157126,0.0002891999902203679
151,"Connectionist Bench (Sonar, Mines vs. Rocks)",10,RandomFuzzyRules__n_candidates__10000,188,20,60,0.8,0.7777777777777778,0.8484848484848485,0.05415099998936057,0.000319099985063076
151,"Connectionist Bench (Sonar, Mines vs. Rocks)",10,RandomFuzzyRules__n_candidates__25000,188,20,60,0.8,0.7777777777777778,0.8484848484848485,0.1553645000094548,0.0003358999965712428
151,"Connectionist Bench (Sonar, Mines vs. Rocks)",10,RandomFuzzyRules__n_candidates__50000,188,20,60,0.85,0.823529411764706,0.8888888888888888,0.26043200003914535,0.0002442999975755811
151,"Connectionist Bench (Sonar, Mines vs. Rocks)",10,RandomFuzzyRules__n_candidates__100000,188,20,60,0.9,0.8750000000000001,0.8282828282828282,0.6219827000750229,0.00019409996457397938
161,Mammographic Mass,1,RandomFuzzyRules__n_candidates__1000,864,97,5,0.7525773195876289,0.7209302325581395,0.8579059829059829,0.014819800038821995,0.00029610004276037216
161,Mammographic Mass,1,RandomFuzzyRules__n_candidates__5000,864,97,5,0.7525773195876289,0.7209302325581395,0.8600427350427351,0.09100030001718551,0.0003212000010535121
161,Mammographic Mass,1,RandomFuzzyRules__n_candidates__10000,864,97,5,0.7938144329896907,0.7727272727272727,0.8908119658119659,0.13554110005497932,0.0002835000632330775
161,Mammographic Mass,1,RandomFuzzyRules__n_candidates__25000,864,97,5,0.7525773195876289,0.7209302325581395,0.8557692307692308,0.37417969992384315,0.000291600008495152
161,Mammographic Mass,1,RandomFuzzyRules__n_candidates__50000,864,97,5,0.7731958762886598,0.7555555555555555,0.8576923076923076,0.7816200000233948,0.00029090000316500664
161,Mammographic Mass,1,RandomFuzzyRules__n_candidates__100000,864,97,5,0.7731958762886598,0.7555555555555555,0.8576923076923076,1.4347003999864683,0.00019789999350905418
161,Mammographic Mass,2,RandomFuzzyRules__n_candidates__1000,865,96,5,0.7708333333333334,0.7179487179487178,0.8326797385620914,0.013605399988591671,0.00027520000003278255
161,Mammographic Mass,2,RandomFuzzyRules__n_candidates__5000,865,96,5,0.7708333333333334,0.7250000000000001,0.832244008714597,0.08303300000261515,0.00032410002313554287
161,Mammographic Mass,2,RandomFuzzyRules__n_candidates__10000,865,96,5,0.7916666666666666,0.75,0.8651416122004357,0.12446560000535101,0.00032979995012283325
161,Mammographic Mass,2,RandomFuzzyRules__n_candidates__25000,865,96,5,0.7916666666666666,0.75,0.8651416122004357,0.2855228999396786,0.0003282000543549657
161,Mammographic Mass,2,RandomFuzzyRules__n_candidates__50000,865,96,5,0.7916666666666666,0.75,0.8651416122004357,0.6075269000139087,0.00029909994918853045
161,Mammographic Mass,2,RandomFuzzyRules__n_candidates__100000,865,96,5,0.7916666666666666,0.75,0.8651416122004357,1.65612699999474,0.00023420003708451986
161,Mammographic Mass,3,RandomFuzzyRules__n_candidates__1000,865,96,5,0.8645833333333334,0.8571428571428571,0.9052287581699346,0.015919199911877513,0.00018030009232461452
161,Mammographic Mass,3,RandomFuzzyRules__n_candidates__5000,865,96,5,0.8645833333333334,0.8571428571428571,0.9043572984749455,0.056193299940787256,0.0003307000733911991
161,Mammographic Mass,3,RandomFuzzyRules__n_candidates__10000,865,96,5,0.7916666666666666,0.8113207547169811,0.9152505446623094,0.11803769995458424,0.00032600003760308027
161,Mammographic Mass,3,RandomFuzzyRules__n_candidates__25000,865,96,5,0.78125,0.7407407407407408,0.7555555555555554,0.285691500059329,0.0003334999782964587
161,Mammographic Mass,3,RandomFuzzyRules__n_candidates__50000,865,96,5,0.78125,0.7407407407407408,0.7555555555555554,0.7096882000332698,0.00031509995460510254
161,Mammographic Mass,3,RandomFuzzyRules__n_candidates__100000,865,96,5,0.78125,0.7407407407407408,0.7555555555555554,1.681472200085409,0.00018889992497861385
161,Mammographic Mass,4,RandomFuzzyRules__n_candidates__1000,865,96,5,0.8125,0.8000000000000002,0.8575163398692811,0.01247810001950711,0.0001946999691426754
161,Mammographic Mass,4,RandomFuzzyRules__n_candidates__5000,865,96,5,0.8125,0.8000000000000002,0.860566448801743,0.05176699999719858,0.00029500003438442945
161,Mammographic Mass,4,RandomFuzzyRules__n_candidates__10000,865,96,5,0.8020833333333334,0.7956989247311829,0.8827886710239651,0.12872000003699213,0.0003244999097660184
161,Mammographic Mass,4,RandomFuzzyRules__n_candidates__25000,865,96,5,0.8020833333333334,0.7956989247311829,0.8827886710239651,0.30059020000044256,0.0003065998898819089
161,Mammographic Mass,4,RandomFuzzyRules__n_candidates__50000,865,96,5,0.8125,0.8043478260869565,0.892156862745098,0.8293207999086007,0.0002893999917432666
161,Mammographic Mass,4,RandomFuzzyRules__n_candidates__100000,865,96,5,0.8125,0.8043478260869565,0.892156862745098,1.4970560000510886,0.00021679990459233522
161,Mammographic Mass,5,RandomFuzzyRules__n_candidates__1000,865,96,5,0.75,0.7142857142857142,0.822875816993464,0.016668800031766295,0.00021700002253055573
161,Mammographic Mass,5,RandomFuzzyRules__n_candidates__5000,865,96,5,0.75,0.7142857142857142,0.8237472766884533,0.07435499993152916,0.0002623000182211399
161,Mammographic Mass,5,RandomFuzzyRules__n_candidates__10000,865,96,5,0.7604166666666666,0.7228915662650601,0.8592592592592592,0.13678210007492453,0.00029239989817142487
161,Mammographic Mass,5,RandomFuzzyRules__n_candidates__25000,865,96,5,0.7604166666666666,0.7228915662650601,0.8592592592592592,0.39898850000463426,0.00024720001965761185
161,Mammographic Mass,5,RandomFuzzyRules__n_candidates__50000,865,96,5,0.7604166666666666,0.735632183908046,0.7960784313725491,0.7585044000297785,0.00021389999892562628
161,Mammographic Mass,5,RandomFuzzyRules__n_candidates__100000,865,96,5,0.7604166666666666,0.735632183908046,0.7960784313725491,1.4668270000256598,0.00023589993361383677
161,Mammographic Mass,6,RandomFuzzyRules__n_candidates__1000,865,96,5,0.7916666666666666,0.7916666666666666,0.8277972027972028,0.010936299921013415,0.0002761000068858266
161,Mammographic Mass,6,RandomFuzzyRules__n_candidates__5000,865,96,5,0.7916666666666666,0.7916666666666666,0.833916083916084,0.05288169998675585,0.0002664000494405627
161,Mammographic Mass,6,RandomFuzzyRules__n_candidates__10000,865,96,5,0.8229166666666666,0.8247422680412373,0.8223339160839161,0.11002970009576529,0.00025260006077587605
161,Mammographic Mass,6,RandomFuzzyRules__n_candidates__25000,865,96,5,0.7395833333333334,0.691358024691358,0.7414772727272728,0.2925871000625193,0.0002492999192327261
161,Mammographic Mass,6,RandomFuzzyRules__n_candidates__50000,865,96,5,0.78125,0.7835051546391751,0.8024475524475524,0.6379354998935014,0.00029610004276037216
161,Mammographic Mass,6,RandomFuzzyRules__n_candidates__100000,865,96,5,0.78125,0.7835051546391751,0.8024475524475524,1.4732213000534102,0.00021679990459233522
161,Mammographic Mass,7,RandomFuzzyRules__n_candidates__1000,865,96,5,0.8125,0.7857142857142856,0.8546765734265733,0.010435199947096407,0.00026490003801882267
161,Mammographic Mass,7,RandomFuzzyRules__n_candidates__5000,865,96,5,0.8125,0.7906976744186046,0.8533653846153846,0.06160210003145039,0.00032210000790655613
161,Mammographic Mass,7,RandomFuzzyRules__n_candidates__10000,865,96,5,0.8125,0.7954545454545455,0.8946678321678323,0.11652769998181611,0.00032480002846568823
161,Mammographic Mass,7,RandomFuzzyRules__n_candidates__25000,865,96,5,0.8125,0.7954545454545455,0.8946678321678323,0.28493570000864565,0.00033840001560747623
161,Mammographic Mass,7,RandomFuzzyRules__n_candidates__50000,865,96,5,0.8020833333333334,0.7764705882352942,0.853583916083916,0.7139611999737099,0.0002617000136524439
161,Mammographic Mass,7,RandomFuzzyRules__n_candidates__100000,865,96,5,0.8020833333333334,0.7764705882352942,0.853583916083916,1.5979493000777438,0.00018969993107020855
161,Mammographic Mass,8,RandomFuzzyRules__n_candidates__1000,865,96,5,0.8125,0.7906976744186046,0.8649475524475525,0.012758000055328012,0.00026570004411041737
161,Mammographic Mass,8,RandomFuzzyRules__n_candidates__5000,865,96,5,0.78125,0.7692307692307692,0.82736013986014,0.058578599942848086,0.0002664000494405627
161,Mammographic Mass,8,RandomFuzzyRules__n_candidates__10000,865,96,5,0.8020833333333334,0.8,0.854895104895105,0.1383341000182554,0.0002896999940276146
161,Mammographic Mass,8,RandomFuzzyRules__n_candidates__25000,865,96,5,0.78125,0.7407407407407407,0.7609265734265733,0.29059930006042123,0.00032160000409930944
161,Mammographic Mass,8,RandomFuzzyRules__n_candidates__50000,865,96,5,0.8229166666666666,0.8045977011494252,0.8422202797202798,0.5895091999555007,0.00031690008472651243
161,Mammographic Mass,8,RandomFuzzyRules__n_candidates__100000,865,96,5,0.8229166666666666,0.8045977011494252,0.8422202797202798,1.4830619000131264,0.00021490000654011965
161,Mammographic Mass,9,RandomFuzzyRules__n_candidates__1000,865,96,5,0.8333333333333334,0.8181818181818182,0.8310751748251749,0.0167111000046134,0.000202300027012825
161,Mammographic Mass,9,RandomFuzzyRules__n_candidates__5000,865,96,5,0.8333333333333334,0.8181818181818182,0.8365384615384616,0.0809932000702247,0.0002906000008806586
161,Mammographic Mass,9,RandomFuzzyRules__n_candidates__10000,865,96,5,0.8333333333333334,0.8181818181818182,0.8356643356643357,0.1126951000187546,0.00031830009538680315
161,Mammographic Mass,9,RandomFuzzyRules__n_candidates__25000,865,96,5,0.8645833333333334,0.8505747126436781,0.8472465034965037,0.29897760006133467,0.00033249997068196535
161,Mammographic Mass,9,RandomFuzzyRules__n_candidates__50000,865,96,5,0.8229166666666666,0.8045977011494252,0.8395979020979022,0.6039775999961421,0.0002452000044286251
161,Mammographic Mass,9,RandomFuzzyRules__n_candidates__100000,865,96,5,0.8229166666666666,0.8045977011494252,0.8395979020979022,1.5323007999686524,0.00030620000325143337
161,Mammographic Mass,10,RandomFuzzyRules__n_candidates__1000,865,96,5,0.8125,0.7954545454545455,0.8603583916083917,0.012998300022445619,0.0002297000028192997
161,Mammographic Mass,10,RandomFuzzyRules__n_candidates__5000,865,96,5,0.78125,0.7692307692307692,0.8566433566433568,0.057491299929097295,0.000292200013063848
161,Mammographic Mass,10,RandomFuzzyRules__n_candidates__10000,865,96,5,0.8125,0.7906976744186046,0.871722027972028,0.131987200002186,0.00033219996839761734
161,Mammographic Mass,10,RandomFuzzyRules__n_candidates__25000,865,96,5,0.8125,0.7906976744186046,0.871722027972028,0.2765813999576494,0.00032819993793964386
161,Mammographic Mass,10,RandomFuzzyRules__n_candidates__50000,865,96,5,0.8020833333333334,0.7865168539325843,0.8848339160839161,0.5937044000020251,0.0003752999473363161
161,Mammographic Mass,10,RandomFuzzyRules__n_candidates__100000,865,96,5,0.8020833333333334,0.7865168539325843,0.8848339160839161,1.213081800029613,0.00019799999427050352
174,Parkinsons,1,RandomFuzzyRules__n_candidates__1000,175,20,20,0.85,0.896551724137931,0.9199999999999999,0.009170499979518354,0.0002549000782892108
174,Parkinsons,1,RandomFuzzyRules__n_candidates__5000,175,20,20,0.85,0.9090909090909091,0.8,0.029323299997486174,0.0003151999553665519
174,Parkinsons,1,RandomFuzzyRules__n_candidates__10000,175,20,20,0.85,0.9090909090909091,0.8,0.05697089992463589,0.0003032000968232751
174,Parkinsons,1,RandomFuzzyRules__n_candidates__25000,175,20,20,0.8,0.8823529411764706,0.7466666666666667,0.1749800998950377,0.0002843000693246722
174,Parkinsons,1,RandomFuzzyRules__n_candidates__50000,175,20,20,0.8,0.8823529411764706,0.7466666666666667,0.30025129998102784,0.0002394000766798854
174,Parkinsons,1,RandomFuzzyRules__n_candidates__100000,175,20,20,0.85,0.9090909090909091,0.7333333333333334,0.4994979000184685,0.00016719999257475138
174,Parkinsons,2,RandomFuzzyRules__n_candidates__1000,175,20,20,0.9,0.9375,0.88,0.00779190007597208,0.00023820006754249334
174,Parkinsons,2,RandomFuzzyRules__n_candidates__5000,175,20,20,0.9,0.9375,0.9733333333333334,0.031114800018258393,0.00021049997303634882
174,Parkinsons,2,RandomFuzzyRules__n_candidates__10000,175,20,20,0.9,0.9375,0.84,0.0627343999221921,0.00028760009445250034
174,Parkinsons,2,RandomFuzzyRules__n_candidates__25000,175,20,20,0.85,0.9090909090909091,0.7866666666666666,0.14276289998088032,0.00034630007576197386
174,Parkinsons,2,RandomFuzzyRules__n_candidates__50000,175,20,20,0.85,0.9090909090909091,0.7866666666666666,0.26421739999204874,0.0002004000125452876
174,Parkinsons,2,RandomFuzzyRules__n_candidates__100000,175,20,20,0.85,0.9090909090909091,0.7466666666666666,0.5692150000249967,0.000282699940726161
174,Parkinsons,3,RandomFuzzyRules__n_candidates__1000,175,20,20,0.8,0.8823529411764706,0.6666666666666667,0.008215599926188588,0.00022310006897896528
174,Parkinsons,3,RandomFuzzyRules__n_candidates__5000,175,20,20,0.85,0.9090909090909091,0.8533333333333333,0.03259359998628497,0.00021140009630471468
174,Parkinsons,3,RandomFuzzyRules__n_candidates__10000,175,20,20,0.9,0.9333333333333333,0.9199999999999999,0.06724210001993924,0.00023420003708451986
174,Parkinsons,3,RandomFuzzyRules__n_candidates__25000,175,20,20,0.8,0.8571428571428571,0.8933333333333333,0.15290190000087023,0.0003298999508842826
174,Parkinsons,3,RandomFuzzyRules__n_candidates__50000,175,20,20,0.8,0.8571428571428571,0.8933333333333333,0.2902883000206202,0.00017609994392842054
174,Parkinsons,3,RandomFuzzyRules__n_candidates__100000,175,20,20,0.8,0.8571428571428571,0.8933333333333333,0.496220700093545,0.00021500000730156898
174,Parkinsons,4,RandomFuzzyRules__n_candidates__1000,175,20,20,0.85,0.9090909090909091,0.76,0.007792400079779327,0.00021379999816417694
174,Parkinsons,4,RandomFuzzyRules__n_candidates__5000,175,20,20,0.85,0.9032258064516129,0.8933333333333333,0.03429919993504882,0.00020190002396702766
174,Parkinsons,4,RandomFuzzyRules__n_candidates__10000,175,20,20,0.85,0.9032258064516129,0.8933333333333333,0.06884840002749115,0.0002386999549344182
174,Parkinsons,4,RandomFuzzyRules__n_candidates__25000,175,20,20,0.9,0.9375,0.8533333333333334,0.15429350000340492,0.0003206999972462654
174,Parkinsons,4,RandomFuzzyRules__n_candidates__50000,175,20,20,0.9,0.9375,0.7866666666666666,0.26142749993596226,0.0001879000337794423
174,Parkinsons,4,RandomFuzzyRules__n_candidates__100000,175,20,20,0.85,0.9090909090909091,0.5733333333333334,0.5503681999398395,0.00018670002464205027
174,Parkinsons,5,RandomFuzzyRules__n_candidates__1000,175,20,20,0.8,0.8749999999999999,0.7733333333333333,0.009414999978616834,0.00023020000662654638
174,Parkinsons,5,RandomFuzzyRules__n_candidates__5000,175,20,20,0.9,0.9375,0.8666666666666667,0.031052200007252395,0.0003285000566393137
174,Parkinsons,5,RandomFuzzyRules__n_candidates__10000,175,20,20,0.9,0.9375,0.9066666666666666,0.07361469999887049,0.00036289996933192015
174,Parkinsons,5,RandomFuzzyRules__n_candidates__25000,175,20,20,0.9,0.9333333333333333,0.8933333333333334,0.15760919998865575,0.0003084000200033188
174,Parkinsons,5,RandomFuzzyRules__n_candidates__50000,175,20,20,0.9,0.9333333333333333,0.92,0.34369629994034767,0.0002001000102609396
174,Parkinsons,5,RandomFuzzyRules__n_candidates__100000,175,20,20,0.85,0.9032258064516129,0.8933333333333333,0.5537123000249267,0.00017170002683997154
174,Parkinsons,6,RandomFuzzyRules__n_candidates__1000,176,19,20,0.8947368421052632,0.9375,0.65,0.007853099959902465,0.00028110004495829344
174,Parkinsons,6,RandomFuzzyRules__n_candidates__5000,176,19,20,0.8421052631578947,0.9032258064516129,0.8666666666666667,0.03861970000434667,0.0002845999551936984
174,Parkinsons,6,RandomFuzzyRules__n_candidates__10000,176,19,20,0.7368421052631579,0.8275862068965518,0.7833333333333333,0.07632420002482831,0.0003445999464020133
174,Parkinsons,6,RandomFuzzyRules__n_candidates__25000,176,19,20,0.7368421052631579,0.8275862068965518,0.7833333333333333,0.17745239997748286,0.0002449000021442771
174,Parkinsons,6,RandomFuzzyRules__n_candidates__50000,176,19,20,0.7368421052631579,0.8275862068965518,0.7833333333333333,0.27061590005178005,0.00036449998151510954
174,Parkinsons,6,RandomFuzzyRules__n_candidates__100000,176,19,20,0.7894736842105263,0.8749999999999999,0.8,0.5101512999972329,0.000354300020262599
174,Parkinsons,7,RandomFuzzyRules__n_candidates__1000,176,19,20,0.7894736842105263,0.8823529411764706,0.3,0.006983299972489476,0.0002823000540956855
174,Parkinsons,7,RandomFuzzyRules__n_candidates__5000,176,19,20,0.7894736842105263,0.8823529411764706,0.4,0.030497799976728857,0.0003272999310865998
174,Parkinsons,7,RandomFuzzyRules__n_candidates__10000,176,19,20,0.7894736842105263,0.8823529411764706,0.4,0.06112489989027381,0.00036360009107738733
174,Parkinsons,7,RandomFuzzyRules__n_candidates__25000,176,19,20,0.7368421052631579,0.8484848484848485,0.8833333333333333,0.1422989999409765,0.0003496999852359295
174,Parkinsons,7,RandomFuzzyRules__n_candidates__50000,176,19,20,0.7368421052631579,0.8484848484848485,0.8833333333333333,0.25379830005113035,0.0003157999599352479
174,Parkinsons,7,RandomFuzzyRules__n_candidates__100000,176,19,20,0.7368421052631579,0.8484848484848485,0.8833333333333333,0.4417935999808833,0.000395099981687963
174,Parkinsons,8,RandomFuzzyRules__n_candidates__1000,176,19,20,0.8421052631578947,0.9032258064516129,0.6571428571428571,0.006657200050540268,0.00027299998328089714
174,Parkinsons,8,RandomFuzzyRules__n_candidates__5000,176,19,20,0.7894736842105263,0.8666666666666666,0.9285714285714285,0.026884400052949786,0.0003105999203398824
174,Parkinsons,8,RandomFuzzyRules__n_candidates__10000,176,19,20,0.7894736842105263,0.8666666666666666,0.9285714285714285,0.05489760008640587,0.0003063000040128827
174,Parkinsons,8,RandomFuzzyRules__n_candidates__25000,176,19,20,0.8421052631578947,0.9032258064516129,0.9428571428571428,0.1340529000153765,0.00032029999420046806
174,Parkinsons,8,RandomFuzzyRules__n_candidates__50000,176,19,20,0.8421052631578947,0.9032258064516129,0.7428571428571429,0.24562639999203384,0.0003404999151825905
174,Parkinsons,8,RandomFuzzyRules__n_candidates__100000,176,19,20,0.7894736842105263,0.8666666666666666,0.6142857142857143,0.4239845999982208,0.00034739996772259474
174,Parkinsons,9,RandomFuzzyRules__n_candidates__1000,176,19,20,0.8947368421052632,0.9333333333333333,0.9142857142857143,0.00676039990503341,0.00025640008971095085
174,Parkinsons,9,RandomFuzzyRules__n_candidates__5000,176,19,20,0.8421052631578947,0.896551724137931,0.8857142857142858,0.02766320004593581,0.00029530003666877747
174,Parkinsons,9,RandomFuzzyRules__n_candidates__10000,176,19,20,0.7894736842105263,0.8571428571428571,0.8571428571428571,0.05483099992852658,0.0003037999849766493
174,Parkinsons,9,RandomFuzzyRules__n_candidates__25000,176,19,20,0.7894736842105263,0.8571428571428571,0.9285714285714286,0.14022790000308305,0.000292200013063848
174,Parkinsons,9,RandomFuzzyRules__n_candidates__50000,176,19,20,0.7894736842105263,0.8571428571428571,0.9285714285714286,0.24260530003812164,0.00036339997313916683
174,Parkinsons,9,RandomFuzzyRules__n_candidates__100000,176,19,20,0.7894736842105263,0.8571428571428571,0.9285714285714286,0.43934240005910397,0.00048589997459203005
174,Parkinsons,10,RandomFuzzyRules__n_candidates__1000,176,19,20,0.7368421052631579,0.8387096774193549,0.7142857142857144,0.008247399935498834,0.00027189997490495443
174,Parkinsons,10,RandomFuzzyRules__n_candidates__5000,176,19,20,0.7894736842105263,0.8750000000000001,0.6142857142857143,0.027937899925746024,0.00028460007160902023
174,Parkinsons,10,RandomFuzzyRules__n_candidates__10000,176,19,20,0.7368421052631579,0.8387096774193549,0.7,0.05535599996801466,0.00032400002237409353
174,Parkinsons,10,RandomFuzzyRules__n_candidates__25000,176,19,20,0.7894736842105263,0.8750000000000001,0.6571428571428571,0.1365609000204131,0.0003412999212741852
174,Parkinsons,10,RandomFuzzyRules__n_candidates__50000,176,19,20,0.7894736842105263,0.8750000000000001,0.7,0.24733719998039305,0.0003589000552892685
174,Parkinsons,10,RandomFuzzyRules__n_candidates__100000,176,19,20,0.7894736842105263,0.8571428571428571,0.6857142857142857,0.43395310000050813,0.0003415999235585332
176,Blood Transfusion Service Center,1,RandomFuzzyRules__n_candidates__1000,673,75,4,0.76,0.0,0.5623781676413255,0.010431900038383901,0.00026050000451505184
176,Blood Transfusion Service Center,1,RandomFuzzyRules__n_candidates__5000,673,75,4,0.76,0.09999999999999999,0.5238791423001949,0.05032729997765273,0.0002937000244855881
176,Blood Transfusion Service Center,1,RandomFuzzyRules__n_candidates__10000,673,75,4,0.76,0.09999999999999999,0.5043859649122807,0.11096940003335476,0.000317899975925684
176,Blood Transfusion Service Center,1,RandomFuzzyRules__n_candidates__25000,673,75,4,0.76,0.09999999999999999,0.5043859649122807,0.28789250005502254,0.0003334999782964587
176,Blood Transfusion Service Center,1,RandomFuzzyRules__n_candidates__50000,673,75,4,0.76,0.09999999999999999,0.5082846003898636,0.6437409999780357,0.00032380002085119486
176,Blood Transfusion Service Center,1,RandomFuzzyRules__n_candidates__100000,673,75,4,0.76,0.09999999999999999,0.4975633528265107,0.8812688000034541,0.00035170000046491623
176,Blood Transfusion Service Center,2,RandomFuzzyRules__n_candidates__1000,673,75,4,0.8,0.2857142857142857,0.7383040935672515,0.00998910004273057,0.0002715999726206064
176,Blood Transfusion Service Center,2,RandomFuzzyRules__n_candidates__5000,673,75,4,0.8266666666666667,0.48,0.7319688109161794,0.050508399959653616,0.0002696000738069415
176,Blood Transfusion Service Center,2,RandomFuzzyRules__n_candidates__10000,673,75,4,0.8266666666666667,0.48,0.7173489278752437,0.11263400001917034,0.00022950000129640102
176,Blood Transfusion Service Center,2,RandomFuzzyRules__n_candidates__25000,673,75,4,0.8266666666666667,0.48,0.7173489278752437,0.29306749999523163,0.0003229000139981508
176,Blood Transfusion Service Center,2,RandomFuzzyRules__n_candidates__50000,673,75,4,0.8266666666666667,0.48,0.7173489278752437,0.6158170000417158,0.00027810002211481333
176,Blood Transfusion Service Center,2,RandomFuzzyRules__n_candidates__100000,673,75,4,0.8266666666666667,0.48,0.7173489278752437,0.8817594000138342,0.0003431000513955951
176,Blood Transfusion Service Center,3,RandomFuzzyRules__n_candidates__1000,673,75,4,0.7733333333333333,0.10526315789473684,0.665692007797271,0.010099799954332411,0.0002462000120431185
176,Blood Transfusion Service Center,3,RandomFuzzyRules__n_candidates__5000,673,75,4,0.7733333333333333,0.10526315789473684,0.5701754385964912,0.05146670003887266,0.0003081999020650983
176,Blood Transfusion Service Center,3,RandomFuzzyRules__n_candidates__10000,673,75,4,0.7733333333333333,0.10526315789473684,0.5409356725146198,0.11244930000975728,0.0003203999949619174
176,Blood Transfusion Service Center,3,RandomFuzzyRules__n_candidates__25000,673,75,4,0.7733333333333333,0.10526315789473684,0.5409356725146198,0.30619899998418987,0.0003798999823629856
176,Blood Transfusion Service Center,3,RandomFuzzyRules__n_candidates__50000,673,75,4,0.7733333333333333,0.10526315789473684,0.5409356725146198,0.6406089999945834,0.00030809990130364895
176,Blood Transfusion Service Center,3,RandomFuzzyRules__n_candidates__100000,673,75,4,0.7733333333333333,0.32,0.6101364522417153,1.06203530007042,0.0003744999412447214
176,Blood Transfusion Service Center,4,RandomFuzzyRules__n_candidates__1000,673,75,4,0.76,0.0,0.7441520467836258,0.009986500022932887,0.00025939999613910913
176,Blood Transfusion Service Center,4,RandomFuzzyRules__n_candidates__5000,673,75,4,0.7466666666666667,0.09523809523809525,0.7017543859649122,0.052689600037410855,0.00029319990426301956
176,Blood Transfusion Service Center,4,RandomFuzzyRules__n_candidates__10000,673,75,4,0.7466666666666667,0.09523809523809525,0.6423001949317739,0.11788889998570085,0.0003288000589236617
176,Blood Transfusion Service Center,4,RandomFuzzyRules__n_candidates__25000,673,75,4,0.7466666666666667,0.09523809523809525,0.6423001949317739,0.3200790999690071,0.0003746000584214926
176,Blood Transfusion Service Center,4,RandomFuzzyRules__n_candidates__50000,673,75,4,0.7466666666666667,0.09523809523809525,0.6452241715399611,0.6521663999883458,0.0004138000076636672
176,Blood Transfusion Service Center,4,RandomFuzzyRules__n_candidates__100000,673,75,4,0.7466666666666667,0.09523809523809525,0.6442495126705653,0.8964091000379995,0.0004597000079229474
176,Blood Transfusion Service Center,5,RandomFuzzyRules__n_candidates__1000,673,75,4,0.7733333333333333,0.10526315789473684,0.8499025341130605,0.01069430005736649,0.00027840002439916134
176,Blood Transfusion Service Center,5,RandomFuzzyRules__n_candidates__5000,673,75,4,0.7866666666666666,0.19999999999999998,0.7865497076023392,0.05065420002210885,0.00022519996855407953
176,Blood Transfusion Service Center,5,RandomFuzzyRules__n_candidates__10000,673,75,4,0.7866666666666666,0.19999999999999998,0.7797270955165693,0.10829520004335791,0.000228899996727705
176,Blood Transfusion Service Center,5,RandomFuzzyRules__n_candidates__25000,673,75,4,0.7866666666666666,0.19999999999999998,0.7797270955165693,0.3057748000137508,0.00030720001086592674
176,Blood Transfusion Service Center,5,RandomFuzzyRules__n_candidates__50000,673,75,4,0.7866666666666666,0.19999999999999998,0.7729044834307991,0.6274157000007108,0.0003279000520706177
176,Blood Transfusion Service Center,5,RandomFuzzyRules__n_candidates__100000,673,75,4,0.7866666666666666,0.19999999999999998,0.7738791423001949,0.9034727000398561,0.0003112000413239002
176,Blood Transfusion Service Center,6,RandomFuzzyRules__n_candidates__1000,673,75,4,0.76,0.09999999999999999,0.5209551656920077,0.010220699943602085,0.0002762000076472759
176,Blood Transfusion Service Center,6,RandomFuzzyRules__n_candidates__5000,673,75,4,0.76,0.09999999999999999,0.5331384015594542,0.049001900013536215,0.0002356999320909381
176,Blood Transfusion Service Center,6,RandomFuzzyRules__n_candidates__10000,673,75,4,0.7333333333333333,0.0909090909090909,0.5116959064327485,0.11299230006989092,0.0003245000261813402
176,Blood Transfusion Service Center,6,RandomFuzzyRules__n_candidates__25000,673,75,4,0.7333333333333333,0.0909090909090909,0.5116959064327485,0.2877903999760747,0.0003250999143347144
176,Blood Transfusion Service Center,6,RandomFuzzyRules__n_candidates__50000,673,75,4,0.76,0.09999999999999999,0.51364522417154,0.6628299000440165,0.0002598999999463558
176,Blood Transfusion Service Center,6,RandomFuzzyRules__n_candidates__100000,673,75,4,0.76,0.09999999999999999,0.5155945419103314,0.8831118000671268,0.0003330999752506614
176,Blood Transfusion Service Center,7,RandomFuzzyRules__n_candidates__1000,673,75,4,0.7733333333333333,0.10526315789473684,0.6379142300194932,0.010707999928854406,0.0002690000692382455
176,Blood Transfusion Service Center,7,RandomFuzzyRules__n_candidates__5000,673,75,4,0.7866666666666666,0.19999999999999998,0.5307017543859649,0.0520873999921605,0.0002231999533250928
176,Blood Transfusion Service Center,7,RandomFuzzyRules__n_candidates__10000,673,75,4,0.7866666666666666,0.19999999999999998,0.49171539961013644,0.1076695000519976,0.0002559999702498317
176,Blood Transfusion Service Center,7,RandomFuzzyRules__n_candidates__25000,673,75,4,0.7733333333333333,0.1904761904761905,0.5297270955165692,0.3112966000335291,0.00035619991831481457
176,Blood Transfusion Service Center,7,RandomFuzzyRules__n_candidates__50000,673,75,4,0.7866666666666666,0.19999999999999998,0.49463937621832366,0.6367503999499604,0.0003402000293135643
176,Blood Transfusion Service Center,7,RandomFuzzyRules__n_candidates__100000,673,75,4,0.7733333333333333,0.1904761904761905,0.5901559454191033,0.8700612999964505,0.0003608999541029334
176,Blood Transfusion Service Center,8,RandomFuzzyRules__n_candidates__1000,673,75,4,0.76,0.0,0.7358674463937622,0.012058099964633584,0.000300200073979795
176,Blood Transfusion Service Center,8,RandomFuzzyRules__n_candidates__5000,673,75,4,0.7733333333333333,0.10526315789473684,0.7002923976608186,0.05113469995558262,0.00030369998421519995
176,Blood Transfusion Service Center,8,RandomFuzzyRules__n_candidates__10000,673,75,4,0.7733333333333333,0.10526315789473684,0.7002923976608186,0.11072080000303686,0.0003241999074816704
176,Blood Transfusion Service Center,8,RandomFuzzyRules__n_candidates__25000,673,75,4,0.7733333333333333,0.10526315789473684,0.7002923976608186,0.28794319997541606,0.0003333000931888819
176,Blood Transfusion Service Center,8,RandomFuzzyRules__n_candidates__50000,673,75,4,0.7733333333333333,0.10526315789473684,0.7002923976608186,0.6818407999817282,0.0002856999635696411
176,Blood Transfusion Service Center,8,RandomFuzzyRules__n_candidates__100000,673,75,4,0.7733333333333333,0.10526315789473684,0.7002923976608186,1.0714562999783084,0.0003925000783056021
176,Blood Transfusion Service Center,9,RandomFuzzyRules__n_candidates__1000,674,74,4,0.7162162162162162,0.08695652173913045,0.5784313725490197,0.012858799891546369,0.00031240005046129227
176,Blood Transfusion Service Center,9,RandomFuzzyRules__n_candidates__5000,674,74,4,0.7567567567567568,0.1,0.628482972136223,0.08520660002250224,0.00033870001789182425
176,Blood Transfusion Service Center,9,RandomFuzzyRules__n_candidates__10000,674,74,4,0.7567567567567568,0.1,0.628482972136223,0.12511050002649426,0.0004555999767035246
176,Blood Transfusion Service Center,9,RandomFuzzyRules__n_candidates__25000,674,74,4,0.7297297297297297,0.0909090909090909,0.6388028895768834,0.4085781000321731,0.0003018999705091119
176,Blood Transfusion Service Center,9,RandomFuzzyRules__n_candidates__50000,674,74,4,0.7297297297297297,0.0909090909090909,0.6388028895768834,0.8729864999186248,0.0003035999834537506
176,Blood Transfusion Service Center,9,RandomFuzzyRules__n_candidates__100000,674,74,4,0.7297297297297297,0.0909090909090909,0.6656346749226005,1.257860100013204,0.0002764000091701746
176,Blood Transfusion Service Center,10,RandomFuzzyRules__n_candidates__1000,674,74,4,0.7702702702702703,0.0,0.5825593395252838,0.015412300010211766,0.00021840003319084644
176,Blood Transfusion Service Center,10,RandomFuzzyRules__n_candidates__5000,674,74,4,0.7567567567567568,0.0,0.5722394220846234,0.0770313999382779,0.00024670001585036516
176,Blood Transfusion Service Center,10,RandomFuzzyRules__n_candidates__10000,674,74,4,0.7567567567567568,0.0,0.5397316821465428,0.1607192000374198,0.00028719997499138117
176,Blood Transfusion Service Center,10,RandomFuzzyRules__n_candidates__25000,674,74,4,0.7567567567567568,0.0,0.5397316821465428,0.4395399000495672,0.00037889997474849224
176,Blood Transfusion Service Center,10,RandomFuzzyRules__n_candidates__50000,674,74,4,0.7432432432432432,0.09523809523809523,0.5495356037151703,0.9189673999790102,0.00040330004412680864
176,Blood Transfusion Service Center,10,RandomFuzzyRules__n_candidates__100000,674,74,4,0.7567567567567568,0.1,0.5335397316821466,1.2325230999849737,0.00023030000738799572
222,Bank Marketing,1,RandomFuzzyRules__n_candidates__1000,40689,4522,16,0.8934099955771783,0.2911764705882353,0.5870613838868303,0.25385010009631515,0.001201900071464479
222,Bank Marketing,1,RandomFuzzyRules__n_candidates__5000,40689,4522,16,0.8934099955771783,0.2911764705882353,0.6260679724489501,1.136450199992396,0.0010560000082477927
222,Bank Marketing,1,RandomFuzzyRules__n_candidates__10000,40689,4522,16,0.8936311366651923,0.2916053019145803,0.5871866030203139,2.275264000054449,0.0008755000308156013
222,Bank Marketing,1,RandomFuzzyRules__n_candidates__25000,40689,4522,16,0.8936311366651923,0.28740740740740744,0.585546682119039,6.4055037999060005,0.0010195000795647502
222,Bank Marketing,1,RandomFuzzyRules__n_candidates__50000,40689,4522,16,0.8936311366651923,0.28740740740740744,0.585546682119039,11.864574500010349,0.0007941999938338995
222,Bank Marketing,1,RandomFuzzyRules__n_candidates__100000,40689,4522,16,0.8936311366651923,0.28740740740740744,0.585546682119039,22.754876999999397,0.0008737000171095133
222,Bank Marketing,2,RandomFuzzyRules__n_candidates__1000,40690,4521,16,0.8944923689449237,0.2912332838038633,0.5869177310293012,0.2601563000353053,0.0009395000524818897
222,Bank Marketing,2,RandomFuzzyRules__n_candidates__5000,40690,4521,16,0.8944923689449237,0.2912332838038633,0.5953980071185181,1.2174123000586405,0.0013985999394208193
222,Bank Marketing,2,RandomFuzzyRules__n_candidates__10000,40690,4521,16,0.8944923689449237,0.2912332838038633,0.5869177310293012,2.1909526999806985,0.0012886000331491232
222,Bank Marketing,2,RandomFuzzyRules__n_candidates__25000,40690,4521,16,0.8944923689449237,0.2912332838038633,0.5869177310293012,5.722874199971557,0.0010174000635743141
222,Bank Marketing,2,RandomFuzzyRules__n_candidates__50000,40690,4521,16,0.8944923689449237,0.2912332838038633,0.5869177310293012,11.385507400031202,0.0007430999539792538
222,Bank Marketing,2,RandomFuzzyRules__n_candidates__100000,40690,4521,16,0.8944923689449237,0.2912332838038633,0.5869177310293012,23.619964300072752,0.0007166999857872725
222,Bank Marketing,3,RandomFuzzyRules__n_candidates__1000,40690,4521,16,0.8929440389294404,0.3085714285714286,0.59418861352194,0.3071981000248343,0.0010758999269455671
222,Bank Marketing,3,RandomFuzzyRules__n_candidates__5000,40690,4521,16,0.8929440389294404,0.3085714285714286,0.611098378230942,1.2732430999167264,0.0013046000385656953
222,Bank Marketing,3,RandomFuzzyRules__n_candidates__10000,40690,4521,16,0.8929440389294404,0.3085714285714286,0.59418861352194,2.1752806999720633,0.00087420002091676
222,Bank Marketing,3,RandomFuzzyRules__n_candidates__25000,40690,4521,16,0.8929440389294404,0.3065902578796561,0.593368684438821,5.442511199973524,0.0008555999957025051
222,Bank Marketing,3,RandomFuzzyRules__n_candidates__50000,40690,4521,16,0.8929440389294404,0.3065902578796561,0.593368684438821,11.244967499980703,0.001043400028720498
222,Bank Marketing,3,RandomFuzzyRules__n_candidates__100000,40690,4521,16,0.8929440389294404,0.3065902578796561,0.593368684438821,22.435307400068268,0.0014228998916223645
222,Bank Marketing,4,RandomFuzzyRules__n_candidates__1000,40690,4521,16,0.8944923689449237,0.2891207153502236,0.5860461471146451,0.31709479994606227,0.0011424000840634108
222,Bank Marketing,4,RandomFuzzyRules__n_candidates__5000,40690,4521,16,0.8944923689449237,0.2891207153502236,0.6147024673164856,1.1823303999844939,0.0013271999778226018
222,Bank Marketing,4,RandomFuzzyRules__n_candidates__10000,40690,4521,16,0.8944923689449237,0.2891207153502236,0.5860461471146451,2.210483100032434,0.0008443999104201794
222,Bank Marketing,4,RandomFuzzyRules__n_candidates__25000,40690,4521,16,0.8940499889404999,0.28400597907324365,0.5841557879464032,5.532315599964932,0.0008827999699860811
222,Bank Marketing,4,RandomFuzzyRules__n_candidates__50000,40690,4521,16,0.8940499889404999,0.28400597907324365,0.5841557879464032,11.661839700071141,0.0008657000726088881
222,Bank Marketing,4,RandomFuzzyRules__n_candidates__100000,40690,4521,16,0.8940499889404999,0.28400597907324365,0.5841557879464032,22.91300699999556,0.0008975999662652612
222,Bank Marketing,5,RandomFuzzyRules__n_candidates__1000,40690,4521,16,0.8929440389294404,0.2861356932153392,0.5851693936076311,0.241100599989295,0.0011714999563992023
222,Bank Marketing,5,RandomFuzzyRules__n_candidates__5000,40690,4521,16,0.8929440389294404,0.2861356932153392,0.5955334582207894,1.1011037999996915,0.0014464999549090862
222,Bank Marketing,5,RandomFuzzyRules__n_candidates__10000,40690,4521,16,0.8929440389294404,0.2861356932153392,0.5851693936076311,2.171304199961014,0.0007661000126972795
222,Bank Marketing,5,RandomFuzzyRules__n_candidates__25000,40690,4521,16,0.8931652289316523,0.2844444444444445,0.5844747150255141,5.533954899990931,0.0007650000043213367
222,Bank Marketing,5,RandomFuzzyRules__n_candidates__50000,40690,4521,16,0.8931652289316523,0.2844444444444445,0.5844747150255141,11.037444100016728,0.0008801000658422709
222,Bank Marketing,5,RandomFuzzyRules__n_candidates__100000,40690,4521,16,0.8931652289316523,0.2844444444444445,0.5844747150255141,22.21896069997456,0.0009008999913930893
222,Bank Marketing,6,RandomFuzzyRules__n_candidates__1000,40690,4521,16,0.8933864189338642,0.2932551319648094,0.6495211595213112,0.3331589000299573,0.0013327000197023153
222,Bank Marketing,6,RandomFuzzyRules__n_candidates__5000,40690,4521,16,0.8933864189338642,0.2932551319648094,0.6495211595213112,1.1469862000085413,0.0014066000003367662
222,Bank Marketing,6,RandomFuzzyRules__n_candidates__10000,40690,4521,16,0.893828798938288,0.2941176470588235,0.5881301828609962,2.170545500004664,0.0012593999272212386
222,Bank Marketing,6,RandomFuzzyRules__n_candidates__25000,40690,4521,16,0.8918380889183809,0.25796661608497723,0.6378361638210258,5.399199699983001,0.0009867999469861388
222,Bank Marketing,6,RandomFuzzyRules__n_candidates__50000,40690,4521,16,0.8918380889183809,0.25796661608497723,0.5747039921051933,11.37880069995299,0.0007900000782683492
222,Bank Marketing,6,RandomFuzzyRules__n_candidates__100000,40690,4521,16,0.8918380889183809,0.25796661608497723,0.5747039921051933,22.46146050002426,0.0008548001060262322
222,Bank Marketing,7,RandomFuzzyRules__n_candidates__1000,40690,4521,16,0.8880778588807786,0.23564954682779454,0.5668352300063265,0.2493062000721693,0.0011555999517440796
222,Bank Marketing,7,RandomFuzzyRules__n_candidates__5000,40690,4521,16,0.8880778588807786,0.23564954682779454,0.6196038106458663,1.1010422999970615,0.0014205999905243516
222,Bank Marketing,7,RandomFuzzyRules__n_candidates__10000,40690,4521,16,0.8880778588807786,0.23564954682779454,0.5668352300063265,2.1605153999989852,0.0012434000382199883
222,Bank Marketing,7,RandomFuzzyRules__n_candidates__25000,40690,4521,16,0.8882990488829905,0.23368740515933234,0.5661405514242095,5.400041299988516,0.0009830000344663858
222,Bank Marketing,7,RandomFuzzyRules__n_candidates__50000,40690,4521,16,0.8882990488829905,0.23368740515933234,0.5661405514242095,10.889678200008348,0.0008013999322429299
222,Bank Marketing,7,RandomFuzzyRules__n_candidates__100000,40690,4521,16,0.8882990488829905,0.23368740515933234,0.5661405514242095,22.32658029999584,0.0008353999583050609
222,Bank Marketing,8,RandomFuzzyRules__n_candidates__1000,40690,4521,16,0.8902897589028976,0.2619047619047619,0.5762870258475363,0.2817026999546215,0.0010967000853270292
222,Bank Marketing,8,RandomFuzzyRules__n_candidates__5000,40690,4521,16,0.8902897589028976,0.2619047619047619,0.606669151156756,1.248196700005792,0.0010783999459818006
222,Bank Marketing,8,RandomFuzzyRules__n_candidates__10000,40690,4521,16,0.8902897589028976,0.2619047619047619,0.5762870258475363,2.1681799000361934,0.0010053999722003937
222,Bank Marketing,8,RandomFuzzyRules__n_candidates__25000,40690,4521,16,0.8902897589028976,0.25748502994011974,0.5746471676812983,5.400002299924381,0.0008973999647423625
222,Bank Marketing,8,RandomFuzzyRules__n_candidates__50000,40690,4521,16,0.8902897589028976,0.25748502994011974,0.5746471676812983,11.31971519999206,0.0007332999957725406
222,Bank Marketing,8,RandomFuzzyRules__n_candidates__100000,40690,4521,16,0.8902897589028976,0.25748502994011974,0.5746471676812983,22.52787210000679,0.001054599997587502
222,Bank Marketing,9,RandomFuzzyRules__n_candidates__1000,40690,4521,16,0.8947135589471356,0.30205278592375373,0.6443693151899262,0.25891620002221316,0.0013050999259576201
222,Bank Marketing,9,RandomFuzzyRules__n_candidates__5000,40690,4521,16,0.8947135589471356,0.30205278592375373,0.6443693151899262,1.1102100999560207,0.001385499956086278
222,Bank Marketing,9,RandomFuzzyRules__n_candidates__10000,40690,4521,16,0.8947135589471356,0.30205278592375373,0.591090972114361,2.23477819992695,0.0013691000640392303
222,Bank Marketing,9,RandomFuzzyRules__n_candidates__25000,40690,4521,16,0.8947135589471356,0.30205278592375373,0.591090972114361,5.465023000026122,0.0008480999385938048
222,Bank Marketing,9,RandomFuzzyRules__n_candidates__50000,40690,4521,16,0.8947135589471356,0.30205278592375373,0.591090972114361,10.92990580003243,0.000790499965660274
222,Bank Marketing,9,RandomFuzzyRules__n_candidates__100000,40690,4521,16,0.8947135589471356,0.30205278592375373,0.591090972114361,23.27635790000204,0.0015882999869063497
222,Bank Marketing,10,RandomFuzzyRules__n_candidates__1000,40690,4521,16,0.893607608936076,0.31383737517831667,0.5962042231911839,0.26600239996332675,0.0008072999771684408
222,Bank Marketing,10,RandomFuzzyRules__n_candidates__5000,40690,4521,16,0.893607608936076,0.31383737517831667,0.6074627989438234,1.1818851999705657,0.0011103000724688172
222,Bank Marketing,10,RandomFuzzyRules__n_candidates__10000,40690,4521,16,0.893607608936076,0.31383737517831667,0.5962042231911839,2.2047745001036674,0.0008044999558478594
222,Bank Marketing,10,RandomFuzzyRules__n_candidates__25000,40690,4521,16,0.893607608936076,0.31383737517831667,0.5962042231911839,5.516120899934322,0.0012302000541239977
222,Bank Marketing,10,RandomFuzzyRules__n_candidates__50000,40690,4521,16,0.893607608936076,0.31383737517831667,0.5962042231911839,11.31444410001859,0.0007499000057578087
222,Bank Marketing,10,RandomFuzzyRules__n_candidates__100000,40690,4521,16,0.893607608936076,0.31383737517831667,0.5962042231911839,22.250532699981704,0.0009785000002011657
225,ILPD (Indian Liver Patient Dataset),1,RandomFuzzyRules__n_candidates__1000,524,59,10,0.711864406779661,0.10526315789473684,0.5399159663865546,0.010940199950709939,0.0002413000911474228
225,ILPD (Indian Liver Patient Dataset),1,RandomFuzzyRules__n_candidates__5000,524,59,10,0.711864406779661,0.10526315789473684,0.5399159663865546,0.048585299984551966,0.0002463000128045678
225,ILPD (Indian Liver Patient Dataset),1,RandomFuzzyRules__n_candidates__10000,524,59,10,0.711864406779661,0.19047619047619047,0.5966386554621849,0.09330830001272261,0.0003068000078201294
225,ILPD (Indian Liver Patient Dataset),1,RandomFuzzyRules__n_candidates__25000,524,59,10,0.711864406779661,0.19047619047619047,0.5966386554621849,0.2596341000171378,0.0003208999987691641
225,ILPD (Indian Liver Patient Dataset),1,RandomFuzzyRules__n_candidates__50000,524,59,10,0.7288135593220338,0.2,0.5728291316526611,0.39008119993377477,0.0004265999887138605
225,ILPD (Indian Liver Patient Dataset),1,RandomFuzzyRules__n_candidates__100000,524,59,10,0.7288135593220338,0.2,0.5728291316526611,0.8876549999695271,0.0003896999405696988
225,ILPD (Indian Liver Patient Dataset),2,RandomFuzzyRules__n_candidates__1000,524,59,10,0.6949152542372882,0.1818181818181818,0.6526610644257703,0.011017899960279465,0.0002709000837057829
225,ILPD (Indian Liver Patient Dataset),2,RandomFuzzyRules__n_candidates__5000,524,59,10,0.6949152542372882,0.1818181818181818,0.6526610644257703,0.04031599999871105,0.00029440002981573343
225,ILPD (Indian Liver Patient Dataset),2,RandomFuzzyRules__n_candidates__10000,524,59,10,0.6779661016949152,0.09523809523809523,0.6596638655462185,0.07752749999053776,0.0003388000186532736
225,ILPD (Indian Liver Patient Dataset),2,RandomFuzzyRules__n_candidates__25000,524,59,10,0.6779661016949152,0.09523809523809523,0.6596638655462185,0.18412350001744926,0.000327100045979023
225,ILPD (Indian Liver Patient Dataset),2,RandomFuzzyRules__n_candidates__50000,524,59,10,0.6949152542372882,0.1818181818181818,0.6736694677871149,0.37783299991860986,0.0002277999883517623
225,ILPD (Indian Liver Patient Dataset),2,RandomFuzzyRules__n_candidates__100000,524,59,10,0.6949152542372882,0.1818181818181818,0.6736694677871149,0.8311037999810651,0.0002943000290542841
225,ILPD (Indian Liver Patient Dataset),3,RandomFuzzyRules__n_candidates__1000,524,59,10,0.7627118644067796,0.4166666666666667,0.6904761904761905,0.011195299914106727,0.0002565000904724002
225,ILPD (Indian Liver Patient Dataset),3,RandomFuzzyRules__n_candidates__5000,524,59,10,0.7288135593220338,0.1111111111111111,0.6876750700280112,0.05705820000730455,0.0002250999677926302
225,ILPD (Indian Liver Patient Dataset),3,RandomFuzzyRules__n_candidates__10000,524,59,10,0.6949152542372882,0.0,0.4789915966386555,0.1172933999914676,0.00033240008633583784
225,ILPD (Indian Liver Patient Dataset),3,RandomFuzzyRules__n_candidates__25000,524,59,10,0.6949152542372882,0.0,0.4789915966386555,0.21776659996248782,0.0003347999881953001
225,ILPD (Indian Liver Patient Dataset),3,RandomFuzzyRules__n_candidates__50000,524,59,10,0.7627118644067796,0.4166666666666667,0.6988795518207283,0.4414801000384614,0.00032670004293322563
225,ILPD (Indian Liver Patient Dataset),3,RandomFuzzyRules__n_candidates__100000,524,59,10,0.7627118644067796,0.4166666666666667,0.6988795518207283,0.8455335999606177,0.0003298000665381551
225,ILPD (Indian Liver Patient Dataset),4,RandomFuzzyRules__n_candidates__1000,525,58,10,0.7241379310344828,0.1111111111111111,0.5922619047619048,0.011013000039383769,0.00031050003599375486
225,ILPD (Indian Liver Patient Dataset),4,RandomFuzzyRules__n_candidates__5000,525,58,10,0.7241379310344828,0.1111111111111111,0.5922619047619048,0.04788160009775311,0.0003342001000419259
225,ILPD (Indian Liver Patient Dataset),4,RandomFuzzyRules__n_candidates__10000,525,58,10,0.7413793103448276,0.11764705882352941,0.7053571428571428,0.08322360005695373,0.000332699972204864
225,ILPD (Indian Liver Patient Dataset),4,RandomFuzzyRules__n_candidates__25000,525,58,10,0.7068965517241379,0.0,0.45907738095238093,0.2052742000669241,0.0002929000183939934
225,ILPD (Indian Liver Patient Dataset),4,RandomFuzzyRules__n_candidates__50000,525,58,10,0.7413793103448276,0.11764705882352941,0.6026785714285714,0.4738946999423206,0.00029610004276037216
225,ILPD (Indian Liver Patient Dataset),4,RandomFuzzyRules__n_candidates__100000,525,58,10,0.7413793103448276,0.11764705882352941,0.6026785714285714,0.8368888000259176,0.0004008000250905752
225,ILPD (Indian Liver Patient Dataset),5,RandomFuzzyRules__n_candidates__1000,525,58,10,0.6724137931034483,0.0,0.6279761904761905,0.012036400032229722,0.000292200013063848
225,ILPD (Indian Liver Patient Dataset),5,RandomFuzzyRules__n_candidates__5000,525,58,10,0.6724137931034483,0.0,0.6279761904761905,0.05020000005606562,0.0002902999985963106
225,ILPD (Indian Liver Patient Dataset),5,RandomFuzzyRules__n_candidates__10000,525,58,10,0.6724137931034483,0.0,0.6279761904761905,0.09652329992968589,0.00035230000503361225
225,ILPD (Indian Liver Patient Dataset),5,RandomFuzzyRules__n_candidates__25000,525,58,10,0.6724137931034483,0.0,0.6279761904761905,0.183697700034827,0.0003333999775350094
225,ILPD (Indian Liver Patient Dataset),5,RandomFuzzyRules__n_candidates__50000,525,58,10,0.7586206896551724,0.2222222222222222,0.7321428571428571,0.36323370004538447,0.00018089998047798872
225,ILPD (Indian Liver Patient Dataset),5,RandomFuzzyRules__n_candidates__100000,525,58,10,0.7586206896551724,0.2222222222222222,0.7321428571428571,0.7508362999651581,0.0002340000355616212
225,ILPD (Indian Liver Patient Dataset),6,RandomFuzzyRules__n_candidates__1000,525,58,10,0.6724137931034483,0.09523809523809523,0.43601190476190477,0.011154100066050887,0.00024199998006224632
225,ILPD (Indian Liver Patient Dataset),6,RandomFuzzyRules__n_candidates__5000,525,58,10,0.6724137931034483,0.09523809523809523,0.43601190476190477,0.04544390004593879,0.0003328999737277627
225,ILPD (Indian Liver Patient Dataset),6,RandomFuzzyRules__n_candidates__10000,525,58,10,0.6724137931034483,0.09523809523809523,0.43601190476190477,0.08974720002152026,0.00022010004613548517
225,ILPD (Indian Liver Patient Dataset),6,RandomFuzzyRules__n_candidates__25000,525,58,10,0.7241379310344828,0.0,0.4732142857142857,0.21921520004980266,0.0003030999796465039
225,ILPD (Indian Liver Patient Dataset),6,RandomFuzzyRules__n_candidates__50000,525,58,10,0.7241379310344828,0.0,0.4732142857142857,0.448801799910143,0.00034490006510168314
225,ILPD (Indian Liver Patient Dataset),6,RandomFuzzyRules__n_candidates__100000,525,58,10,0.7241379310344828,0.0,0.6547619047619048,0.85479419992771,0.0003388000186532736
225,ILPD (Indian Liver Patient Dataset),7,RandomFuzzyRules__n_candidates__1000,525,58,10,0.7068965517241379,0.0,0.4447632711621234,0.011551099945791066,0.00019280007109045982
225,ILPD (Indian Liver Patient Dataset),7,RandomFuzzyRules__n_candidates__5000,525,58,10,0.7068965517241379,0.10526315789473684,0.6470588235294118,0.04427059995941818,0.0002275001024827361
225,ILPD (Indian Liver Patient Dataset),7,RandomFuzzyRules__n_candidates__10000,525,58,10,0.7068965517241379,0.10526315789473684,0.6470588235294118,0.07557749992702156,0.000318799982778728
225,ILPD (Indian Liver Patient Dataset),7,RandomFuzzyRules__n_candidates__25000,525,58,10,0.6896551724137931,0.0,0.6011477761836442,0.18869149999227375,0.0003258999204263091
225,ILPD (Indian Liver Patient Dataset),7,RandomFuzzyRules__n_candidates__50000,525,58,10,0.6896551724137931,0.1818181818181818,0.6685796269727403,0.3655529000097886,0.00029910006560385227
225,ILPD (Indian Liver Patient Dataset),7,RandomFuzzyRules__n_candidates__100000,525,58,10,0.7241379310344828,0.3333333333333333,0.6829268292682926,0.9412987000541762,0.0004925000248476863
225,ILPD (Indian Liver Patient Dataset),8,RandomFuzzyRules__n_candidates__1000,525,58,10,0.6551724137931034,0.16666666666666666,0.5121951219512195,0.012390299933031201,0.00024349999148398638
225,ILPD (Indian Liver Patient Dataset),8,RandomFuzzyRules__n_candidates__5000,525,58,10,0.6551724137931034,0.16666666666666666,0.5121951219512195,0.03808510000817478,0.00029369990807026625
225,ILPD (Indian Liver Patient Dataset),8,RandomFuzzyRules__n_candidates__10000,525,58,10,0.6724137931034483,0.0,0.4418938307030129,0.07753370003774762,0.0002877999795600772
225,ILPD (Indian Liver Patient Dataset),8,RandomFuzzyRules__n_candidates__25000,525,58,10,0.6379310344827587,0.22222222222222224,0.5136298421807747,0.18150289996992797,0.0003439999418333173
225,ILPD (Indian Liver Patient Dataset),8,RandomFuzzyRules__n_candidates__50000,525,58,10,0.6551724137931034,0.23076923076923078,0.5322812051649929,0.3678609000053257,0.00034179992508143187
225,ILPD (Indian Liver Patient Dataset),8,RandomFuzzyRules__n_candidates__100000,525,58,10,0.6551724137931034,0.23076923076923078,0.5322812051649929,0.8013639999553561,0.0003760000690817833
225,ILPD (Indian Liver Patient Dataset),9,RandomFuzzyRules__n_candidates__1000,525,58,10,0.7068965517241379,0.0,0.5566714490674318,0.011093700071796775,0.0002280999906361103
225,ILPD (Indian Liver Patient Dataset),9,RandomFuzzyRules__n_candidates__5000,525,58,10,0.7068965517241379,0.0,0.5566714490674318,0.0432434999383986,0.00034989998675882816
225,ILPD (Indian Liver Patient Dataset),9,RandomFuzzyRules__n_candidates__10000,525,58,10,0.7068965517241379,0.0,0.5050215208034433,0.08233710005879402,0.00033299997448921204
225,ILPD (Indian Liver Patient Dataset),9,RandomFuzzyRules__n_candidates__25000,525,58,10,0.6551724137931034,0.0909090909090909,0.6025824964131994,0.2109169999603182,0.0003512999974191189
225,ILPD (Indian Liver Patient Dataset),9,RandomFuzzyRules__n_candidates__50000,525,58,10,0.7068965517241379,0.31999999999999995,0.7517934002869441,0.44386020000092685,0.0005293000722303987
225,ILPD (Indian Liver Patient Dataset),9,RandomFuzzyRules__n_candidates__100000,525,58,10,0.7068965517241379,0.31999999999999995,0.7517934002869441,0.8719861001009122,0.0005856000352650881
225,ILPD (Indian Liver Patient Dataset),10,RandomFuzzyRules__n_candidates__1000,525,58,10,0.7068965517241379,0.2608695652173913,0.5681492109038737,0.013065899955108762,0.0002370999427512288
225,ILPD (Indian Liver Patient Dataset),10,RandomFuzzyRules__n_candidates__5000,525,58,10,0.7068965517241379,0.2608695652173913,0.5681492109038737,0.045686300029046834,0.00032480002846568823
225,ILPD (Indian Liver Patient Dataset),10,RandomFuzzyRules__n_candidates__10000,525,58,10,0.6896551724137931,0.1,0.5796269727403156,0.09805169992614537,0.00029500003438442945
225,ILPD (Indian Liver Patient Dataset),10,RandomFuzzyRules__n_candidates__25000,525,58,10,0.6896551724137931,0.1,0.5796269727403156,0.22498739999718964,0.00030150008387863636
225,ILPD (Indian Liver Patient Dataset),10,RandomFuzzyRules__n_candidates__50000,525,58,10,0.7241379310344828,0.2727272727272727,0.6341463414634146,0.42187039996497333,0.00033379998058080673
225,ILPD (Indian Liver Patient Dataset),10,RandomFuzzyRules__n_candidates__100000,525,58,10,0.7241379310344828,0.2727272727272727,0.6341463414634146,0.8960493999766186,0.00020840007346123457
264,EEG Eye State,1,RandomFuzzyRules__n_candidates__1000,13482,1498,14,0.5514018691588785,0.0,0.5582158710942005,0.08905870001763105,0.0003611999563872814
264,EEG Eye State,1,RandomFuzzyRules__n_candidates__5000,13482,1498,14,0.589452603471295,0.3904856293359762,0.589496497751643,0.3239822000032291,0.0005442999536171556
264,EEG Eye State,1,RandomFuzzyRules__n_candidates__10000,13482,1498,14,0.589452603471295,0.3904856293359762,0.589496497751643,0.6591094000032172,0.0005880000535398722
264,EEG Eye State,1,RandomFuzzyRules__n_candidates__25000,13482,1498,14,0.589452603471295,0.3904856293359762,0.589496497751643,1.622303899959661,0.0005732999416068196
264,EEG Eye State,1,RandomFuzzyRules__n_candidates__50000,13482,1498,14,0.589452603471295,0.3904856293359762,0.589496497751643,3.1821225999156013,0.0003963999915868044
264,EEG Eye State,1,RandomFuzzyRules__n_candidates__100000,13482,1498,14,0.589452603471295,0.3904856293359762,0.589496497751643,7.00696120003704,0.0004890999989584088
264,EEG Eye State,2,RandomFuzzyRules__n_candidates__1000,13482,1498,14,0.5514018691588785,0.0,0.5186110991006573,0.09403879998717457,0.00042120006401091814
264,EEG Eye State,2,RandomFuzzyRules__n_candidates__5000,13482,1498,14,0.5941255006675568,0.2995391705069125,0.49456106595180443,0.3295066999271512,0.00048070005141198635
264,EEG Eye State,2,RandomFuzzyRules__n_candidates__10000,13482,1498,14,0.5941255006675568,0.2995391705069125,0.49456106595180443,0.651330400025472,0.0004556999774649739
264,EEG Eye State,2,RandomFuzzyRules__n_candidates__25000,13482,1498,14,0.5941255006675568,0.2995391705069125,0.49456106595180443,1.6282390999840572,0.0003706000279635191
264,EEG Eye State,2,RandomFuzzyRules__n_candidates__50000,13482,1498,14,0.5941255006675568,0.3259423503325942,0.49556634094315694,3.238591399975121,0.0004249999765306711
264,EEG Eye State,2,RandomFuzzyRules__n_candidates__100000,13482,1498,14,0.5941255006675568,0.3259423503325942,0.49556634094315694,7.0681953999446705,0.0006521000759676099
264,EEG Eye State,3,RandomFuzzyRules__n_candidates__1000,13482,1498,14,0.5794392523364486,0.31521739130434784,0.5717888850455437,0.07128710008691996,0.00042179995216429234
264,EEG Eye State,3,RandomFuzzyRules__n_candidates__5000,13482,1498,14,0.5794392523364486,0.31521739130434784,0.5717888850455437,0.32936730002984405,0.0005623999750241637
264,EEG Eye State,3,RandomFuzzyRules__n_candidates__10000,13482,1498,14,0.5781041388518025,0.326226012793177,0.5712970569583766,0.6337917000055313,0.000592100084759295
264,EEG Eye State,3,RandomFuzzyRules__n_candidates__25000,13482,1498,14,0.5781041388518025,0.326226012793177,0.5712970569583766,1.6172133000800386,0.0006099001038819551
264,EEG Eye State,3,RandomFuzzyRules__n_candidates__50000,13482,1498,14,0.5807743658210948,0.34854771784232363,0.5721104649486913,3.239323800080456,0.00036179996095597744
264,EEG Eye State,3,RandomFuzzyRules__n_candidates__100000,13482,1498,14,0.5807743658210948,0.34854771784232363,0.5721104649486913,6.605482599930838,0.0004061000654473901
264,EEG Eye State,4,RandomFuzzyRules__n_candidates__1000,13482,1498,14,0.5867823765020027,0.30992196209587514,0.5658220915484838,0.08401639992371202,0.000611600000411272
264,EEG Eye State,4,RandomFuzzyRules__n_candidates__5000,13482,1498,14,0.5867823765020027,0.30992196209587514,0.5658220915484838,0.34058509999886155,0.0005226000212132931
264,EEG Eye State,4,RandomFuzzyRules__n_candidates__10000,13482,1498,14,0.5861148197596796,0.3156732891832229,0.5652924305315347,0.6499636999797076,0.0005889000603929162
264,EEG Eye State,4,RandomFuzzyRules__n_candidates__25000,13482,1498,14,0.5861148197596796,0.3156732891832229,0.5652924305315347,1.7559958000201732,0.0006037000566720963
264,EEG Eye State,4,RandomFuzzyRules__n_candidates__50000,13482,1498,14,0.5801068090787717,0.32438238453276047,0.5651347933241093,3.3201594001147896,0.0006327000446617603
264,EEG Eye State,4,RandomFuzzyRules__n_candidates__100000,13482,1498,14,0.5801068090787717,0.32438238453276047,0.5651347933241093,6.677811900037341,0.0003189999843016267
264,EEG Eye State,5,RandomFuzzyRules__n_candidates__1000,13482,1498,14,0.589452603471295,0.33799784714747044,0.5816758906952612,0.07734740001615137,0.0005186999915167689
264,EEG Eye State,5,RandomFuzzyRules__n_candidates__5000,13482,1498,14,0.589452603471295,0.33799784714747044,0.5816758906952612,0.33059200004208833,0.0005724999355152249
264,EEG Eye State,5,RandomFuzzyRules__n_candidates__10000,13482,1498,14,0.5887850467289719,0.34047109207708776,0.5808453678081402,0.6558908999431878,0.0005990000208839774
264,EEG Eye State,5,RandomFuzzyRules__n_candidates__25000,13482,1498,14,0.5887850467289719,0.34047109207708776,0.5808453678081402,1.7151330000488088,0.0006735000060871243
264,EEG Eye State,5,RandomFuzzyRules__n_candidates__50000,13482,1498,14,0.5927903871829105,0.3645833333333333,0.581029127752796,3.38114170008339,0.0003268999280408025
264,EEG Eye State,5,RandomFuzzyRules__n_candidates__100000,13482,1498,14,0.5927903871829105,0.3645833333333333,0.581029127752796,6.690282199997455,0.0003081000177189708
264,EEG Eye State,6,RandomFuzzyRules__n_candidates__1000,13482,1498,14,0.57543391188251,0.2789115646258503,0.5525715582843307,0.06816130003426224,0.0005221000174060464
264,EEG Eye State,6,RandomFuzzyRules__n_candidates__5000,13482,1498,14,0.57543391188251,0.2789115646258503,0.5525715582843307,0.3322524999966845,0.0005125999450683594
264,EEG Eye State,6,RandomFuzzyRules__n_candidates__10000,13482,1498,14,0.57543391188251,0.28859060402684567,0.5516851867865791,0.6525926999747753,0.0006105999927967787
264,EEG Eye State,6,RandomFuzzyRules__n_candidates__25000,13482,1498,14,0.57543391188251,0.28859060402684567,0.5516851867865791,1.6063811000203714,0.0006178999319672585
264,EEG Eye State,6,RandomFuzzyRules__n_candidates__50000,13482,1498,14,0.5761014686248331,0.30449069003285867,0.5516752781621123,3.2252104999497533,0.00028719997499138117
264,EEG Eye State,6,RandomFuzzyRules__n_candidates__100000,13482,1498,14,0.5761014686248331,0.30449069003285867,0.5516752781621123,6.858764800010249,0.00041500001680105925
264,EEG Eye State,7,RandomFuzzyRules__n_candidates__1000,13482,1498,14,0.5600801068090788,0.2951871657754011,0.5641646489104115,0.07596859999466687,0.0005227000219747424
264,EEG Eye State,7,RandomFuzzyRules__n_candidates__5000,13482,1498,14,0.5600801068090788,0.2951871657754011,0.5641646489104115,0.33218000002671033,0.0005176999839022756
264,EEG Eye State,7,RandomFuzzyRules__n_candidates__10000,13482,1498,14,0.5614152202937249,0.310598111227702,0.5636043612360199,0.6438990999013186,0.0006367000751197338
264,EEG Eye State,7,RandomFuzzyRules__n_candidates__25000,13482,1498,14,0.5614152202937249,0.310598111227702,0.5636043612360199,1.6502936000470072,0.0006286000134423375
264,EEG Eye State,7,RandomFuzzyRules__n_candidates__50000,13482,1498,14,0.5640854472630173,0.33299284984678246,0.56392684192321,3.4148130998946726,0.0003228000132367015
264,EEG Eye State,7,RandomFuzzyRules__n_candidates__100000,13482,1498,14,0.5640854472630173,0.33299284984678246,0.56392684192321,6.885244700009935,0.00023230002261698246
264,EEG Eye State,8,RandomFuzzyRules__n_candidates__1000,13482,1498,14,0.57543391188251,0.396584440227704,0.5564717006618938,0.08064369997009635,0.0005015999777242541
264,EEG Eye State,8,RandomFuzzyRules__n_candidates__5000,13482,1498,14,0.5794392523364486,0.37125748502994016,0.5839308388491152,0.3267130999593064,0.0005174999823793769
264,EEG Eye State,8,RandomFuzzyRules__n_candidates__10000,13482,1498,14,0.5794392523364486,0.37125748502994016,0.5839308388491152,0.6535264999838546,0.0005262000486254692
264,EEG Eye State,8,RandomFuzzyRules__n_candidates__25000,13482,1498,14,0.5794392523364486,0.37125748502994016,0.5839308388491152,1.5958510000491515,0.0005633999826386571
264,EEG Eye State,8,RandomFuzzyRules__n_candidates__50000,13482,1498,14,0.5794392523364486,0.37125748502994016,0.5839308388491152,3.230070700054057,0.00031299993861466646
264,EEG Eye State,8,RandomFuzzyRules__n_candidates__100000,13482,1498,14,0.5847797062750334,0.23774509803921567,0.6005979557836914,6.63994540006388,0.00036239996552467346
264,EEG Eye State,9,RandomFuzzyRules__n_candidates__1000,13482,1498,14,0.568090787716956,0.28822882288228824,0.5298500607861678,0.07813130004797131,0.0006478999275714159
264,EEG Eye State,9,RandomFuzzyRules__n_candidates__5000,13482,1498,14,0.568090787716956,0.28822882288228824,0.5298500607861678,0.32706259994301945,0.00045980000868439674
264,EEG Eye State,9,RandomFuzzyRules__n_candidates__10000,13482,1498,14,0.5700934579439252,0.3,0.5292088792831735,0.654029400087893,0.0005914999637752771
264,EEG Eye State,9,RandomFuzzyRules__n_candidates__25000,13482,1498,14,0.5700934579439252,0.3,0.5292088792831735,1.6534039999824017,0.0005880000535398722
264,EEG Eye State,9,RandomFuzzyRules__n_candidates__50000,13482,1498,14,0.5727636849132176,0.3147751605995717,0.5298689720383628,3.356295599951409,0.0003394000232219696
264,EEG Eye State,9,RandomFuzzyRules__n_candidates__100000,13482,1498,14,0.5727636849132176,0.3147751605995717,0.5298689720383628,6.926862700027414,0.0002642000326886773
264,EEG Eye State,10,RandomFuzzyRules__n_candidates__1000,13482,1498,14,0.5734312416555407,0.29392265193370165,0.5585501373317123,0.07523249997757375,0.0005087000317871571
264,EEG Eye State,10,RandomFuzzyRules__n_candidates__5000,13482,1498,14,0.5734312416555407,0.29392265193370165,0.5585501373317123,0.3290547999786213,0.0005811000009998679
264,EEG Eye State,10,RandomFuzzyRules__n_candidates__10000,13482,1498,14,0.5727636849132176,0.29978118161925604,0.5574839029222387,0.6605389999458566,0.0006075999699532986
264,EEG Eye State,10,RandomFuzzyRules__n_candidates__25000,13482,1498,14,0.5727636849132176,0.29978118161925604,0.5574839029222387,1.6738545999396592,0.0005581999430432916
264,EEG Eye State,10,RandomFuzzyRules__n_candidates__50000,13482,1498,14,0.5727636849132176,0.31914893617021284,0.556796794092485,3.2284425999969244,0.0003056999994441867
264,EEG Eye State,10,RandomFuzzyRules__n_candidates__100000,13482,1498,14,0.5700934579439252,0.25635103926096997,0.5564446845873294,6.78594550001435,0.000408999971114099
327,Phishing Websites,1,RandomFuzzyRules__n_candidates__1000,9949,1106,30,0.8734177215189873,0.8894154818325434,0.8619185661277499,0.06077049998566508,0.0006930000381544232
327,Phishing Websites,1,RandomFuzzyRules__n_candidates__5000,9949,1106,30,0.8815551537070524,0.8994627782041443,0.9350549960243838,0.3526880999561399,0.0004192000487819314
327,Phishing Websites,1,RandomFuzzyRules__n_candidates__10000,9949,1106,30,0.8815551537070524,0.8994627782041443,0.9350549960243838,0.5864693000912666,0.00036839989479631186
327,Phishing Websites,1,RandomFuzzyRules__n_candidates__25000,9949,1106,30,0.8978300180831826,0.9080553295362084,0.9111333819241982,1.6812171000055969,0.00045950000640004873
327,Phishing Websites,1,RandomFuzzyRules__n_candidates__50000,9949,1106,30,0.8978300180831826,0.9080553295362084,0.9111333819241982,3.2631449999753386,0.00043210003059357405
327,Phishing Websites,1,RandomFuzzyRules__n_candidates__100000,9949,1106,30,0.8978300180831826,0.9080553295362084,0.9111333819241982,5.705867599928752,0.00047339999582618475
327,Phishing Websites,2,RandomFuzzyRules__n_candidates__1000,9949,1106,30,0.8833634719710669,0.8967173738991193,0.8712695467797509,0.05426190001890063,0.0005424999399110675
327,Phishing Websites,2,RandomFuzzyRules__n_candidates__5000,9949,1106,30,0.8933092224231465,0.9076682316118937,0.9428670818976942,0.2633400000631809,0.0004776000278070569
327,Phishing Websites,2,RandomFuzzyRules__n_candidates__10000,9949,1106,30,0.8933092224231465,0.9076682316118937,0.9428670818976942,0.5504413000307977,0.0005028999876230955
327,Phishing Websites,2,RandomFuzzyRules__n_candidates__25000,9949,1106,30,0.9014466546112115,0.9107289107289107,0.9183805989928439,1.3368111999006942,0.0004768000217154622
327,Phishing Websites,2,RandomFuzzyRules__n_candidates__50000,9949,1106,30,0.9014466546112115,0.9107289107289107,0.9183805989928439,2.5983496999833733,0.0004331000382080674
327,Phishing Websites,2,RandomFuzzyRules__n_candidates__100000,9949,1106,30,0.9014466546112115,0.9107289107289107,0.9183805989928439,5.400443000020459,0.0004751000087708235
327,Phishing Websites,3,RandomFuzzyRules__n_candidates__1000,9949,1106,30,0.8942133815551537,0.9069212410501193,0.8828203684071031,0.05911619996186346,0.000582600012421608
327,Phishing Websites,3,RandomFuzzyRules__n_candidates__5000,9949,1106,30,0.8905967450271248,0.9056897895557288,0.9462678902729923,0.2832848000107333,0.0004278999986127019
327,Phishing Websites,3,RandomFuzzyRules__n_candidates__10000,9949,1106,30,0.8905967450271248,0.9056897895557288,0.9462678902729923,0.5807954999618232,0.0003512999974191189
327,Phishing Websites,3,RandomFuzzyRules__n_candidates__25000,9949,1106,30,0.9122965641952984,0.9206868356500408,0.9257520540683806,1.4142255999613553,0.0004032000433653593
327,Phishing Websites,3,RandomFuzzyRules__n_candidates__50000,9949,1106,30,0.9122965641952984,0.9206868356500408,0.9257520540683806,2.614195799920708,0.00029340002220124006
327,Phishing Websites,3,RandomFuzzyRules__n_candidates__100000,9949,1106,30,0.9122965641952984,0.9206868356500408,0.9257520540683806,5.561000099987723,0.00040909997187554836
327,Phishing Websites,4,RandomFuzzyRules__n_candidates__1000,9949,1106,30,0.9005424954792043,0.9111470113085622,0.8912221706864565,0.05211310007143766,0.0005263999337330461
327,Phishing Websites,4,RandomFuzzyRules__n_candidates__5000,9949,1106,30,0.906871609403255,0.9181890389197777,0.9526669758812616,0.27716990001499653,0.00048479996621608734
327,Phishing Websites,4,RandomFuzzyRules__n_candidates__10000,9949,1106,30,0.906871609403255,0.9181890389197777,0.9526669758812616,0.5539382999995723,0.0004963000537827611
327,Phishing Websites,4,RandomFuzzyRules__n_candidates__25000,9949,1106,30,0.9168173598553345,0.9243421052631579,0.930572488735754,1.3226109000388533,0.00031849998049438
327,Phishing Websites,4,RandomFuzzyRules__n_candidates__50000,9949,1106,30,0.9168173598553345,0.9243421052631579,0.930572488735754,2.7186432000016794,0.0003206999972462654
327,Phishing Websites,4,RandomFuzzyRules__n_candidates__100000,9949,1106,30,0.9168173598553345,0.9243421052631579,0.930572488735754,5.733905399916694,0.00041500001680105925
327,Phishing Websites,5,RandomFuzzyRules__n_candidates__1000,9949,1106,30,0.8842676311030742,0.8972712680577849,0.8754373177842565,0.056593600078485906,0.0005514000076800585
327,Phishing Websites,5,RandomFuzzyRules__n_candidates__5000,9949,1106,30,0.8851717902350814,0.9002356637863315,0.9435793798038695,0.2923021001042798,0.000489699887111783
327,Phishing Websites,5,RandomFuzzyRules__n_candidates__10000,9949,1106,30,0.8851717902350814,0.9002356637863315,0.9435793798038695,0.5680443999590352,0.00044329999946057796
327,Phishing Websites,5,RandomFuzzyRules__n_candidates__25000,9949,1106,30,0.9023508137432188,0.9110378912685337,0.9213589981447124,1.350148499943316,0.000506300013512373
327,Phishing Websites,5,RandomFuzzyRules__n_candidates__50000,9949,1106,30,0.9023508137432188,0.9110378912685337,0.9213589981447124,2.6399094000225887,0.00044540001545101404
327,Phishing Websites,5,RandomFuzzyRules__n_candidates__100000,9949,1106,30,0.9023508137432188,0.9110378912685337,0.9213589981447124,5.246740799979307,0.00038380001205950975
327,Phishing Websites,6,RandomFuzzyRules__n_candidates__1000,9950,1105,30,0.881447963800905,0.8962787015043546,0.8724307283889166,0.055701800039969385,0.0004406999796628952
327,Phishing Websites,6,RandomFuzzyRules__n_candidates__5000,9950,1105,30,0.885972850678733,0.9024767801857586,0.9370897627343621,0.2749415000434965,0.0004605000140145421
327,Phishing Websites,6,RandomFuzzyRules__n_candidates__10000,9950,1105,30,0.885972850678733,0.9024767801857586,0.9370897627343621,0.5677101999754086,0.0004610000178217888
327,Phishing Websites,6,RandomFuzzyRules__n_candidates__25000,9950,1105,30,0.9004524886877828,0.9110032362459547,0.9167629002820641,1.3634452000260353,0.0003344999859109521
327,Phishing Websites,6,RandomFuzzyRules__n_candidates__50000,9950,1105,30,0.9004524886877828,0.9110032362459547,0.9167629002820641,2.636924699996598,0.00041610002517700195
327,Phishing Websites,6,RandomFuzzyRules__n_candidates__100000,9950,1105,30,0.9004524886877828,0.9110032362459547,0.9167629002820641,5.302294599940069,0.0002914000069722533
327,Phishing Websites,7,RandomFuzzyRules__n_candidates__1000,9950,1105,30,0.902262443438914,0.9123376623376623,0.8892782478845196,0.058798299985937774,0.00055570004042238
327,Phishing Websites,7,RandomFuzzyRules__n_candidates__5000,9950,1105,30,0.9104072398190045,0.9218626677190213,0.9496217023394724,0.26653490005992353,0.000496799941174686
327,Phishing Websites,7,RandomFuzzyRules__n_candidates__10000,9950,1105,30,0.9104072398190045,0.9218626677190213,0.9496217023394724,0.5522251999936998,0.0005054000066593289
327,Phishing Websites,7,RandomFuzzyRules__n_candidates__25000,9950,1105,30,0.9131221719457013,0.9209225700164745,0.9250439688070351,1.342806200031191,0.0004917999031022191
327,Phishing Websites,7,RandomFuzzyRules__n_candidates__50000,9950,1105,30,0.9131221719457013,0.9209225700164745,0.9250439688070351,2.648474400048144,0.00042910000775009394
327,Phishing Websites,7,RandomFuzzyRules__n_candidates__100000,9950,1105,30,0.9131221719457013,0.9209225700164745,0.9250439688070351,5.3084684999194,0.0003853000234812498
327,Phishing Websites,8,RandomFuzzyRules__n_candidates__1000,9950,1105,30,0.8923076923076924,0.9036437246963563,0.8858088601294176,0.05509520007763058,0.00048470008186995983
327,Phishing Websites,8,RandomFuzzyRules__n_candidates__5000,9950,1105,30,0.890497737556561,0.9043478260869565,0.9445146839223495,0.28898700000718236,0.0004523999523371458
327,Phishing Websites,8,RandomFuzzyRules__n_candidates__10000,9950,1105,30,0.890497737556561,0.9043478260869565,0.9445146839223495,0.5511386001016945,0.0004710000939667225
327,Phishing Websites,8,RandomFuzzyRules__n_candidates__25000,9950,1105,30,0.9076923076923077,0.9161184210526315,0.9235374149659863,1.364031800068915,0.0003603999502956867
327,Phishing Websites,8,RandomFuzzyRules__n_candidates__50000,9950,1105,30,0.9076923076923077,0.9161184210526315,0.9235374149659863,2.6489758000243455,0.0003968999953940511
327,Phishing Websites,8,RandomFuzzyRules__n_candidates__100000,9950,1105,30,0.9076923076923077,0.9161184210526315,0.9235374149659863,5.4766019999515265,0.00034630007576197386
327,Phishing Websites,9,RandomFuzzyRules__n_candidates__1000,9950,1105,30,0.8914027149321267,0.9044585987261146,0.8840729822324915,0.05510949995368719,0.0005374000174924731
327,Phishing Websites,9,RandomFuzzyRules__n_candidates__5000,9950,1105,30,0.8941176470588236,0.9088074824629775,0.9367497277773351,0.26776479999534786,0.0003988000098615885
327,Phishing Websites,9,RandomFuzzyRules__n_candidates__10000,9950,1105,30,0.8941176470588236,0.9088074824629775,0.9367497277773351,0.5685153999365866,0.0004976000636816025
327,Phishing Websites,9,RandomFuzzyRules__n_candidates__25000,9950,1105,30,0.9049773755656109,0.9147034930950447,0.9176742225055108,1.3620386000256985,0.00047720002476125956
327,Phishing Websites,9,RandomFuzzyRules__n_candidates__50000,9950,1105,30,0.9049773755656109,0.9147034930950447,0.9176742225055108,2.5730129999574274,0.00038790004327893257
327,Phishing Websites,9,RandomFuzzyRules__n_candidates__100000,9950,1105,30,0.9049773755656109,0.9147034930950447,0.9176742225055108,5.359262400073931,0.00038160011172294617
327,Phishing Websites,10,RandomFuzzyRules__n_candidates__1000,9950,1105,30,0.8923076923076924,0.9050279329608938,0.8830853451252224,0.06008600001223385,0.0006736000068485737
327,Phishing Websites,10,RandomFuzzyRules__n_candidates__5000,9950,1105,30,0.8823529411764706,0.8990683229813665,0.9381772368735559,0.27818120003212243,0.0004645999288186431
327,Phishing Websites,10,RandomFuzzyRules__n_candidates__10000,9950,1105,30,0.8823529411764706,0.8990683229813665,0.9381772368735559,0.5893455999903381,0.0004789000377058983
327,Phishing Websites,10,RandomFuzzyRules__n_candidates__25000,9950,1105,30,0.9058823529411765,0.915032679738562,0.9195449233792791,1.3400158999720588,0.0003170999698340893
327,Phishing Websites,10,RandomFuzzyRules__n_candidates__50000,9950,1105,30,0.9058823529411765,0.915032679738562,0.9195449233792791,2.7802271000109613,0.0003515999997034669
327,Phishing Websites,10,RandomFuzzyRules__n_candidates__100000,9950,1105,30,0.9058823529411765,0.915032679738562,0.9195449233792791,5.542874499922618,0.0003779000835493207
329,Diabetic Retinopathy Debrecen,1,RandomFuzzyRules__n_candidates__1000,1035,116,18,0.603448275862069,0.6515151515151515,0.6221624850657108,0.012161399936303496,0.0003501999890431762
329,Diabetic Retinopathy Debrecen,1,RandomFuzzyRules__n_candidates__5000,1035,116,18,0.5948275862068966,0.6240000000000001,0.654121863799283,0.054781800019554794,0.0003483999753370881
329,Diabetic Retinopathy Debrecen,1,RandomFuzzyRules__n_candidates__10000,1035,116,18,0.5948275862068966,0.6240000000000001,0.654121863799283,0.10585449996870011,0.0003725000424310565
329,Diabetic Retinopathy Debrecen,1,RandomFuzzyRules__n_candidates__25000,1035,116,18,0.6120689655172413,0.5263157894736842,0.6902628434886499,0.24832759995479137,0.0002959000412374735
329,Diabetic Retinopathy Debrecen,1,RandomFuzzyRules__n_candidates__50000,1035,116,18,0.6120689655172413,0.5263157894736842,0.6902628434886499,0.4895288000116125,0.0003621999640017748
329,Diabetic Retinopathy Debrecen,1,RandomFuzzyRules__n_candidates__100000,1035,116,18,0.6120689655172413,0.5263157894736842,0.6902628434886499,1.002693900023587,0.00019329995848238468
329,Diabetic Retinopathy Debrecen,2,RandomFuzzyRules__n_candidates__1000,1036,115,18,0.6260869565217392,0.6766917293233082,0.7143290831815422,0.0110470000654459,0.00026279990561306477
329,Diabetic Retinopathy Debrecen,2,RandomFuzzyRules__n_candidates__5000,1036,115,18,0.6,0.634920634920635,0.6845780206435944,0.04668050003238022,0.0003053999971598387
329,Diabetic Retinopathy Debrecen,2,RandomFuzzyRules__n_candidates__10000,1036,115,18,0.6434782608695652,0.6434782608695653,0.70856102003643,0.10503410000819713,0.0003505999920889735
329,Diabetic Retinopathy Debrecen,2,RandomFuzzyRules__n_candidates__25000,1036,115,18,0.7130434782608696,0.6526315789473685,0.7459016393442622,0.22287279996089637,0.0003349999897181988
329,Diabetic Retinopathy Debrecen,2,RandomFuzzyRules__n_candidates__50000,1036,115,18,0.7130434782608696,0.6526315789473685,0.7459016393442622,0.44297470001038164,0.00037050002720206976
329,Diabetic Retinopathy Debrecen,2,RandomFuzzyRules__n_candidates__100000,1036,115,18,0.7217391304347827,0.673469387755102,0.77959927140255,0.9666452000383288,0.00021340011153370142
329,Diabetic Retinopathy Debrecen,3,RandomFuzzyRules__n_candidates__1000,1036,115,18,0.591304347826087,0.6887417218543046,0.6278081360048573,0.011085900012403727,0.0002725999802350998
329,Diabetic Retinopathy Debrecen,3,RandomFuzzyRules__n_candidates__5000,1036,115,18,0.6956521739130435,0.72,0.7474195506982393,0.04716380010358989,0.0002921000123023987
329,Diabetic Retinopathy Debrecen,3,RandomFuzzyRules__n_candidates__10000,1036,115,18,0.6608695652173913,0.6666666666666667,0.7474195506982392,0.0921817000489682,0.00032160000409930944
329,Diabetic Retinopathy Debrecen,3,RandomFuzzyRules__n_candidates__25000,1036,115,18,0.6608695652173913,0.5617977528089887,0.7119004250151791,0.2266426000278443,0.0003380998969078064
329,Diabetic Retinopathy Debrecen,3,RandomFuzzyRules__n_candidates__50000,1036,115,18,0.6608695652173913,0.5617977528089887,0.7119004250151791,0.49106430006213486,0.00031139992643147707
329,Diabetic Retinopathy Debrecen,3,RandomFuzzyRules__n_candidates__100000,1036,115,18,0.6521739130434783,0.6153846153846153,0.7131147540983607,1.0588254999602214,0.00037400005385279655
329,Diabetic Retinopathy Debrecen,4,RandomFuzzyRules__n_candidates__1000,1036,115,18,0.591304347826087,0.45977011494252873,0.704007285974499,0.014314600033685565,0.00024090008810162544
329,Diabetic Retinopathy Debrecen,4,RandomFuzzyRules__n_candidates__5000,1036,115,18,0.591304347826087,0.5436893203883496,0.6980874316939891,0.050274499924853444,0.0002332000294700265
329,Diabetic Retinopathy Debrecen,4,RandomFuzzyRules__n_candidates__10000,1036,115,18,0.6,0.5660377358490566,0.688221007893139,0.09705860004760325,0.0003512999974191189
329,Diabetic Retinopathy Debrecen,4,RandomFuzzyRules__n_candidates__25000,1036,115,18,0.5826086956521739,0.42857142857142855,0.6870066788099575,0.2653534999117255,0.0003595000598579645
329,Diabetic Retinopathy Debrecen,4,RandomFuzzyRules__n_candidates__50000,1036,115,18,0.5826086956521739,0.42857142857142855,0.6870066788099575,0.5672924000537023,0.0002579001011326909
329,Diabetic Retinopathy Debrecen,4,RandomFuzzyRules__n_candidates__100000,1036,115,18,0.6086956521739131,0.5360824742268041,0.6654523375834851,1.1018170999595895,0.0002266999799758196
329,Diabetic Retinopathy Debrecen,5,RandomFuzzyRules__n_candidates__1000,1036,115,18,0.591304347826087,0.6412213740458015,0.6347905282331511,0.01628900005016476,0.0003034999826923013
329,Diabetic Retinopathy Debrecen,5,RandomFuzzyRules__n_candidates__5000,1036,115,18,0.6,0.5818181818181818,0.6628718882817244,0.05155279999598861,0.0003467999631538987
329,Diabetic Retinopathy Debrecen,5,RandomFuzzyRules__n_candidates__10000,1036,115,18,0.6260869565217392,0.6386554621848739,0.6769884638737097,0.10155309992842376,0.00034120003692805767
329,Diabetic Retinopathy Debrecen,5,RandomFuzzyRules__n_candidates__25000,1036,115,18,0.6260869565217392,0.5376344086021505,0.6296296296296297,0.2518146999645978,0.00030519999563694
329,Diabetic Retinopathy Debrecen,5,RandomFuzzyRules__n_candidates__50000,1036,115,18,0.6,0.5399999999999999,0.6396478445658773,0.4872171999886632,0.0002442999975755811
329,Diabetic Retinopathy Debrecen,5,RandomFuzzyRules__n_candidates__100000,1036,115,18,0.6260869565217392,0.5376344086021505,0.6505768063145112,0.9963830999331549,0.00023520004469901323
329,Diabetic Retinopathy Debrecen,6,RandomFuzzyRules__n_candidates__1000,1036,115,18,0.5217391304347826,0.5736434108527132,0.6004857316332725,0.010146900080144405,0.0002231999533250928
329,Diabetic Retinopathy Debrecen,6,RandomFuzzyRules__n_candidates__5000,1036,115,18,0.5565217391304348,0.5641025641025642,0.6199149969641773,0.046234200010076165,0.00031230004969984293
329,Diabetic Retinopathy Debrecen,6,RandomFuzzyRules__n_candidates__10000,1036,115,18,0.591304347826087,0.5840707964601771,0.643290831815422,0.08866600005421788,0.00033930002246052027
329,Diabetic Retinopathy Debrecen,6,RandomFuzzyRules__n_candidates__25000,1036,115,18,0.6260869565217392,0.5168539325842696,0.6126290224650881,0.23390960006508976,0.0003499999875202775
329,Diabetic Retinopathy Debrecen,6,RandomFuzzyRules__n_candidates__50000,1036,115,18,0.6260869565217392,0.5168539325842696,0.6126290224650881,0.4436752999899909,0.0001895999303087592
329,Diabetic Retinopathy Debrecen,6,RandomFuzzyRules__n_candidates__100000,1036,115,18,0.6086956521739131,0.5263157894736843,0.6044323011536126,0.9092600999865681,0.0002373000606894493
329,Diabetic Retinopathy Debrecen,7,RandomFuzzyRules__n_candidates__1000,1036,115,18,0.5565217391304348,0.6046511627906976,0.5857619914996964,0.011457100044935942,0.0003322999691590667
329,Diabetic Retinopathy Debrecen,7,RandomFuzzyRules__n_candidates__5000,1036,115,18,0.5391304347826087,0.48543689320388356,0.6108075288403156,0.049323600018396974,0.00031809997744858265
329,Diabetic Retinopathy Debrecen,7,RandomFuzzyRules__n_candidates__10000,1036,115,18,0.5652173913043478,0.5535714285714285,0.6152094717668488,0.10815520002506673,0.0003608999541029334
329,Diabetic Retinopathy Debrecen,7,RandomFuzzyRules__n_candidates__25000,1036,115,18,0.5826086956521739,0.48936170212765956,0.6256830601092896,0.2516469999682158,0.00033980002626776695
329,Diabetic Retinopathy Debrecen,7,RandomFuzzyRules__n_candidates__50000,1036,115,18,0.5826086956521739,0.48936170212765956,0.6256830601092896,0.46444129990413785,0.00018560001626610756
329,Diabetic Retinopathy Debrecen,7,RandomFuzzyRules__n_candidates__100000,1036,115,18,0.6,0.5576923076923077,0.5919854280510018,0.8335015999618918,0.00045389996375888586
329,Diabetic Retinopathy Debrecen,8,RandomFuzzyRules__n_candidates__1000,1036,115,18,0.591304347826087,0.6518518518518518,0.5898603521554341,0.012154099997133017,0.00033850001636892557
329,Diabetic Retinopathy Debrecen,8,RandomFuzzyRules__n_candidates__5000,1036,115,18,0.591304347826087,0.591304347826087,0.6255312689738919,0.05311290000099689,0.0003266000421717763
329,Diabetic Retinopathy Debrecen,8,RandomFuzzyRules__n_candidates__10000,1036,115,18,0.5826086956521739,0.6000000000000001,0.6618093503339405,0.10767059994395822,0.00034250004682689905
329,Diabetic Retinopathy Debrecen,8,RandomFuzzyRules__n_candidates__25000,1036,115,18,0.591304347826087,0.4719101123595506,0.6272009714632666,0.22198050003498793,0.0003573000431060791
329,Diabetic Retinopathy Debrecen,8,RandomFuzzyRules__n_candidates__50000,1036,115,18,0.591304347826087,0.4719101123595506,0.6272009714632666,0.44156270008534193,0.00023809995036572218
329,Diabetic Retinopathy Debrecen,8,RandomFuzzyRules__n_candidates__100000,1036,115,18,0.591304347826087,0.5154639175257733,0.6481481481481483,0.870223099947907,0.0001965999836102128
329,Diabetic Retinopathy Debrecen,9,RandomFuzzyRules__n_candidates__1000,1036,115,18,0.5565217391304348,0.6165413533834587,0.5686095931997572,0.009744899929501116,0.0002280999906361103
329,Diabetic Retinopathy Debrecen,9,RandomFuzzyRules__n_candidates__5000,1036,115,18,0.5565217391304348,0.5486725663716814,0.5863691560412871,0.042727400083094835,0.00028460007160902023
329,Diabetic Retinopathy Debrecen,9,RandomFuzzyRules__n_candidates__10000,1036,115,18,0.5739130434782609,0.5663716814159292,0.5997267759562842,0.1055956999771297,0.00025509996339678764
329,Diabetic Retinopathy Debrecen,9,RandomFuzzyRules__n_candidates__25000,1036,115,18,0.5217391304347826,0.4761904761904762,0.5989678202792956,0.24979680008254945,0.00035619991831481457
329,Diabetic Retinopathy Debrecen,9,RandomFuzzyRules__n_candidates__50000,1036,115,18,0.5217391304347826,0.4761904761904762,0.5989678202792956,0.5504941999679431,0.00027489999774843454
329,Diabetic Retinopathy Debrecen,9,RandomFuzzyRules__n_candidates__100000,1036,115,18,0.5652173913043478,0.47916666666666663,0.6411657559198541,1.0227714000502601,0.0002498999238014221
329,Diabetic Retinopathy Debrecen,10,RandomFuzzyRules__n_candidates__1000,1036,115,18,0.591304347826087,0.656934306569343,0.6147540983606558,0.011354399961419404,0.00027240009512752295
329,Diabetic Retinopathy Debrecen,10,RandomFuzzyRules__n_candidates__5000,1036,115,18,0.5826086956521739,0.5555555555555556,0.6385853066180935,0.06495979998726398,0.00030610000248998404
329,Diabetic Retinopathy Debrecen,10,RandomFuzzyRules__n_candidates__10000,1036,115,18,0.5652173913043478,0.5535714285714285,0.640862173649059,0.10603120003361255,0.0002471000188961625
329,Diabetic Retinopathy Debrecen,10,RandomFuzzyRules__n_candidates__25000,1036,115,18,0.6347826086956522,0.5434782608695652,0.6560412871888281,0.2652243999764323,0.0002638999139890075
329,Diabetic Retinopathy Debrecen,10,RandomFuzzyRules__n_candidates__50000,1036,115,18,0.6347826086956522,0.5434782608695652,0.6560412871888281,0.6263964000390843,0.0004523999523371458
329,Diabetic Retinopathy Debrecen,10,RandomFuzzyRules__n_candidates__100000,1036,115,18,0.6347826086956522,0.5961538461538461,0.6502732240437159,1.066335399984382,0.0002373000606894493
451,Breast Cancer Coimbra,1,RandomFuzzyRules__n_candidates__1000,104,12,9,0.5,0.25,0.6666666666666667,0.007354100001975894,0.00020889996085315943
451,Breast Cancer Coimbra,1,RandomFuzzyRules__n_candidates__5000,104,12,9,0.6666666666666666,0.6666666666666666,0.6944444444444446,0.04172960005234927,0.00038600002881139517
451,Breast Cancer Coimbra,1,RandomFuzzyRules__n_candidates__10000,104,12,9,0.6666666666666666,0.6666666666666666,0.7222222222222223,0.07346739992499352,0.00025100004859268665
451,Breast Cancer Coimbra,1,RandomFuzzyRules__n_candidates__25000,104,12,9,0.6666666666666666,0.6666666666666666,0.7222222222222223,0.2013699000235647,0.0003301999531686306
451,Breast Cancer Coimbra,1,RandomFuzzyRules__n_candidates__50000,104,12,9,0.5833333333333334,0.6666666666666667,0.8055555555555556,0.38769160001538694,0.0002885999856516719
451,Breast Cancer Coimbra,1,RandomFuzzyRules__n_candidates__100000,104,12,9,0.5833333333333334,0.6666666666666667,0.8055555555555556,0.7267584999790415,0.000251400051638484
451,Breast Cancer Coimbra,2,RandomFuzzyRules__n_candidates__1000,104,12,9,0.4166666666666667,0.5333333333333333,0.4444444444444444,0.008021699963137507,0.0002194000408053398
451,Breast Cancer Coimbra,2,RandomFuzzyRules__n_candidates__5000,104,12,9,0.5,0.25,0.6944444444444444,0.037574099958874285,0.0003478000871837139
451,Breast Cancer Coimbra,2,RandomFuzzyRules__n_candidates__10000,104,12,9,0.5,0.25,0.6944444444444444,0.07669070002157241,0.00033029995393007994
451,Breast Cancer Coimbra,2,RandomFuzzyRules__n_candidates__25000,104,12,9,0.5,0.5714285714285715,0.5555555555555556,0.15852920000907034,0.0003155999584123492
451,Breast Cancer Coimbra,2,RandomFuzzyRules__n_candidates__50000,104,12,9,0.75,0.7272727272727272,0.888888888888889,0.3482493000337854,0.00017859996296465397
451,Breast Cancer Coimbra,2,RandomFuzzyRules__n_candidates__100000,104,12,9,0.9166666666666666,0.923076923076923,0.888888888888889,0.7046702998923138,0.00028300005942583084
451,Breast Cancer Coimbra,3,RandomFuzzyRules__n_candidates__1000,104,12,9,0.5833333333333334,0.6666666666666666,0.7142857142857142,0.008135100011713803,0.00021229998674243689
451,Breast Cancer Coimbra,3,RandomFuzzyRules__n_candidates__5000,104,12,9,0.8333333333333334,0.8571428571428571,0.9142857142857143,0.0368043000344187,0.0003923000767827034
451,Breast Cancer Coimbra,3,RandomFuzzyRules__n_candidates__10000,104,12,9,0.8333333333333334,0.8571428571428571,0.9142857142857143,0.07496819994412363,0.00024750002194195986
451,Breast Cancer Coimbra,3,RandomFuzzyRules__n_candidates__25000,104,12,9,0.8333333333333334,0.8571428571428571,0.9142857142857143,0.17548330000136048,0.0003423000453040004
451,Breast Cancer Coimbra,3,RandomFuzzyRules__n_candidates__50000,104,12,9,1.0,1.0,1.0,0.3529909000499174,0.00023429992143064737
451,Breast Cancer Coimbra,3,RandomFuzzyRules__n_candidates__100000,104,12,9,1.0,1.0,1.0,0.6955932999262586,0.00031160004436969757
451,Breast Cancer Coimbra,4,RandomFuzzyRules__n_candidates__1000,104,12,9,0.5833333333333334,0.6666666666666666,0.7714285714285715,0.0077182999812066555,0.00020920007955282927
451,Breast Cancer Coimbra,4,RandomFuzzyRules__n_candidates__5000,104,12,9,0.8333333333333334,0.8571428571428571,0.9714285714285715,0.038433399982750416,0.00027930003125220537
451,Breast Cancer Coimbra,4,RandomFuzzyRules__n_candidates__10000,104,12,9,0.8333333333333334,0.8571428571428571,0.9714285714285715,0.07721930008847266,0.00024610001128166914
451,Breast Cancer Coimbra,4,RandomFuzzyRules__n_candidates__25000,104,12,9,0.8333333333333334,0.8571428571428571,0.9714285714285715,0.1865582000464201,0.000331499963067472
451,Breast Cancer Coimbra,4,RandomFuzzyRules__n_candidates__50000,104,12,9,1.0,1.0,1.0,0.3606247999705374,0.00017290003597736359
451,Breast Cancer Coimbra,4,RandomFuzzyRules__n_candidates__100000,104,12,9,1.0,1.0,1.0,0.6296180000063032,0.0002921000123023987
451,Breast Cancer Coimbra,5,RandomFuzzyRules__n_candidates__1000,104,12,9,0.6666666666666666,0.6,0.6857142857142857,0.008359200088307261,0.00031970010604709387
451,Breast Cancer Coimbra,5,RandomFuzzyRules__n_candidates__5000,104,12,9,0.6666666666666666,0.7142857142857143,0.6857142857142857,0.037264500046148896,0.0003203999949619174
451,Breast Cancer Coimbra,5,RandomFuzzyRules__n_candidates__10000,104,12,9,0.6666666666666666,0.7142857142857143,0.6857142857142857,0.06930279999505728,0.00032620003912597895
451,Breast Cancer Coimbra,5,RandomFuzzyRules__n_candidates__25000,104,12,9,0.6666666666666666,0.7142857142857143,0.6857142857142857,0.18534940003883094,0.000336799887008965
451,Breast Cancer Coimbra,5,RandomFuzzyRules__n_candidates__50000,104,12,9,0.5833333333333334,0.6666666666666666,0.7142857142857143,0.3666234000120312,0.0002655999269336462
451,Breast Cancer Coimbra,5,RandomFuzzyRules__n_candidates__100000,104,12,9,0.5833333333333334,0.6666666666666666,0.7142857142857143,0.7364986999891698,0.0002975999377667904
451,Breast Cancer Coimbra,6,RandomFuzzyRules__n_candidates__1000,104,12,9,0.4166666666666667,0.5333333333333333,0.2857142857142857,0.007224499946460128,0.0002332000294700265
451,Breast Cancer Coimbra,6,RandomFuzzyRules__n_candidates__5000,104,12,9,0.5,0.5714285714285714,0.45714285714285713,0.03856450004968792,0.00030399998649954796
451,Breast Cancer Coimbra,6,RandomFuzzyRules__n_candidates__10000,104,12,9,0.5,0.5714285714285714,0.45714285714285713,0.07630640000570565,0.0003133000573143363
451,Breast Cancer Coimbra,6,RandomFuzzyRules__n_candidates__25000,104,12,9,0.5,0.5714285714285714,0.45714285714285713,0.22175939998123795,0.0003218000056222081
451,Breast Cancer Coimbra,6,RandomFuzzyRules__n_candidates__50000,104,12,9,0.5833333333333334,0.7058823529411764,0.5428571428571428,0.4061294000130147,0.0002707000821828842
451,Breast Cancer Coimbra,6,RandomFuzzyRules__n_candidates__100000,104,12,9,0.5833333333333334,0.7058823529411764,0.5428571428571428,0.78724420000799,0.00028270005714148283
451,Breast Cancer Coimbra,7,RandomFuzzyRules__n_candidates__1000,105,11,9,0.6363636363636364,0.6,0.9,0.009344700025394559,0.0003268999280408025
451,Breast Cancer Coimbra,7,RandomFuzzyRules__n_candidates__5000,105,11,9,0.6363636363636364,0.5,0.9,0.036665999912656844,0.00022390007507055998
451,Breast Cancer Coimbra,7,RandomFuzzyRules__n_candidates__10000,105,11,9,0.6363636363636364,0.5,0.9,0.07858610001858324,0.0002319000195711851
451,Breast Cancer Coimbra,7,RandomFuzzyRules__n_candidates__25000,105,11,9,0.6363636363636364,0.5,0.9,0.20202339999377728,0.0003112000413239002
451,Breast Cancer Coimbra,7,RandomFuzzyRules__n_candidates__50000,105,11,9,1.0,1.0,1.0,0.357274999958463,0.0002394999610260129
451,Breast Cancer Coimbra,7,RandomFuzzyRules__n_candidates__100000,105,11,9,1.0,1.0,1.0,0.8699426000239328,0.0002676999429240823
451,Breast Cancer Coimbra,8,RandomFuzzyRules__n_candidates__1000,105,11,9,0.7272727272727273,0.6666666666666666,0.7,0.009627899969927967,0.00029440002981573343
451,Breast Cancer Coimbra,8,RandomFuzzyRules__n_candidates__5000,105,11,9,0.5454545454545454,0.5454545454545454,0.6666666666666666,0.03623550001066178,0.0002957999240607023
451,Breast Cancer Coimbra,8,RandomFuzzyRules__n_candidates__10000,105,11,9,0.5454545454545454,0.5454545454545454,0.6666666666666666,0.07758530008140951,0.00030859990511089563
451,Breast Cancer Coimbra,8,RandomFuzzyRules__n_candidates__25000,105,11,9,0.5454545454545454,0.5454545454545454,0.6666666666666666,0.1835399999981746,0.00028009992092847824
451,Breast Cancer Coimbra,8,RandomFuzzyRules__n_candidates__50000,105,11,9,0.9090909090909091,0.923076923076923,0.8333333333333334,0.3567401000764221,0.0002607000060379505
451,Breast Cancer Coimbra,8,RandomFuzzyRules__n_candidates__100000,105,11,9,0.9090909090909091,0.923076923076923,0.8333333333333334,0.703523900010623,0.000242499983869493
451,Breast Cancer Coimbra,9,RandomFuzzyRules__n_candidates__1000,105,11,9,0.6363636363636364,0.6666666666666666,0.7999999999999999,0.007680000038817525,0.00020759995095431805
451,Breast Cancer Coimbra,9,RandomFuzzyRules__n_candidates__5000,105,11,9,0.8181818181818182,0.8,0.8666666666666667,0.04104519996326417,0.0003239000216126442
451,Breast Cancer Coimbra,9,RandomFuzzyRules__n_candidates__10000,105,11,9,0.5454545454545454,0.5454545454545454,0.7,0.07455550006125122,0.00028909998945891857
451,Breast Cancer Coimbra,9,RandomFuzzyRules__n_candidates__25000,105,11,9,0.5454545454545454,0.5454545454545454,0.7,0.18921790004242212,0.00035420001950114965
451,Breast Cancer Coimbra,9,RandomFuzzyRules__n_candidates__50000,105,11,9,0.8181818181818182,0.8333333333333334,0.9333333333333333,0.36591320007573813,0.0002266999799758196
451,Breast Cancer Coimbra,9,RandomFuzzyRules__n_candidates__100000,105,11,9,0.8181818181818182,0.8333333333333334,0.9333333333333333,0.7169570999685675,0.00022869999520480633
451,Breast Cancer Coimbra,10,RandomFuzzyRules__n_candidates__1000,105,11,9,0.45454545454545453,0.4,0.5333333333333333,0.008351199910975993,0.0002606000052765012
451,Breast Cancer Coimbra,10,RandomFuzzyRules__n_candidates__5000,105,11,9,0.7272727272727273,0.7272727272727272,0.8,0.03901820001192391,0.000327100045979023
451,Breast Cancer Coimbra,10,RandomFuzzyRules__n_candidates__10000,105,11,9,0.7272727272727273,0.7272727272727272,0.8,0.07234780001454055,0.00033439998514950275
451,Breast Cancer Coimbra,10,RandomFuzzyRules__n_candidates__25000,105,11,9,0.7272727272727273,0.7272727272727272,0.8,0.1794087999733165,0.00029070000164210796
451,Breast Cancer Coimbra,10,RandomFuzzyRules__n_candidates__50000,105,11,9,0.9090909090909091,0.923076923076923,0.9333333333333333,0.35301399999298155,0.00020249991212040186
451,Breast Cancer Coimbra,10,RandomFuzzyRules__n_candidates__100000,105,11,9,0.9090909090909091,0.923076923076923,0.9333333333333333,0.7152056000195444,0.00019160006195306778
519,Heart Failure Clinical Records,1,RandomFuzzyRules__n_candidates__1000,269,30,12,0.8666666666666667,0.8000000000000002,0.8500000000000001,0.00877239997498691,0.00030720001086592674
519,Heart Failure Clinical Records,1,RandomFuzzyRules__n_candidates__5000,269,30,12,0.8666666666666667,0.8000000000000002,0.8350000000000001,0.03991579997818917,0.0003467999631538987
519,Heart Failure Clinical Records,1,RandomFuzzyRules__n_candidates__10000,269,30,12,0.8666666666666667,0.8000000000000002,0.8350000000000001,0.06996029999572784,0.0002886999864131212
519,Heart Failure Clinical Records,1,RandomFuzzyRules__n_candidates__25000,269,30,12,0.8666666666666667,0.8000000000000002,0.8350000000000001,0.20451609999872744,0.0003445000620558858
519,Heart Failure Clinical Records,1,RandomFuzzyRules__n_candidates__50000,269,30,12,0.8666666666666667,0.8000000000000002,0.8600000000000001,0.4025967000052333,0.0003258000360801816
519,Heart Failure Clinical Records,1,RandomFuzzyRules__n_candidates__100000,269,30,12,0.8666666666666667,0.8000000000000002,0.8600000000000001,0.7218659999780357,0.0002682999474927783
519,Heart Failure Clinical Records,2,RandomFuzzyRules__n_candidates__1000,269,30,12,0.9666666666666667,0.9473684210526316,0.935,0.008334700018167496,0.00026220001745969057
519,Heart Failure Clinical Records,2,RandomFuzzyRules__n_candidates__5000,269,30,12,0.9333333333333333,0.9,0.93,0.03800109995063394,0.0003341999836266041
519,Heart Failure Clinical Records,2,RandomFuzzyRules__n_candidates__10000,269,30,12,0.9333333333333333,0.9,0.93,0.07809059997089207,0.0003085000207647681
519,Heart Failure Clinical Records,2,RandomFuzzyRules__n_candidates__25000,269,30,12,0.9333333333333333,0.9,0.93,0.20806629990693182,0.0003056999994441867
519,Heart Failure Clinical Records,2,RandomFuzzyRules__n_candidates__50000,269,30,12,0.9333333333333333,0.9,0.9400000000000001,0.40236750000622123,0.00030180008616298437
519,Heart Failure Clinical Records,2,RandomFuzzyRules__n_candidates__100000,269,30,12,0.9333333333333333,0.9,0.9400000000000001,0.8164533999515697,0.0003570000408217311
519,Heart Failure Clinical Records,3,RandomFuzzyRules__n_candidates__1000,269,30,12,0.8666666666666667,0.7499999999999999,0.8225,0.008652899996377528,0.00027860002592206
519,Heart Failure Clinical Records,3,RandomFuzzyRules__n_candidates__5000,269,30,12,0.8666666666666667,0.7499999999999999,0.7374999999999999,0.03731630009133369,0.0002280999906361103
519,Heart Failure Clinical Records,3,RandomFuzzyRules__n_candidates__10000,269,30,12,0.8666666666666667,0.7499999999999999,0.7374999999999999,0.08611560007557273,0.00028039992321282625
519,Heart Failure Clinical Records,3,RandomFuzzyRules__n_candidates__25000,269,30,12,0.8666666666666667,0.7499999999999999,0.7374999999999999,0.19262310001067817,0.0003611999563872814
519,Heart Failure Clinical Records,3,RandomFuzzyRules__n_candidates__50000,269,30,12,0.8666666666666667,0.7499999999999999,0.78,0.4010411000344902,0.00025399995502084494
519,Heart Failure Clinical Records,3,RandomFuzzyRules__n_candidates__100000,269,30,12,0.8666666666666667,0.7499999999999999,0.78,0.8067789000924677,0.0002834999468177557
519,Heart Failure Clinical Records,4,RandomFuzzyRules__n_candidates__1000,269,30,12,0.8,0.7,0.845,0.009623299934901297,0.000287200091406703
519,Heart Failure Clinical Records,4,RandomFuzzyRules__n_candidates__5000,269,30,12,0.8333333333333334,0.761904761904762,0.875,0.043830799986608326,0.00027439999394118786
519,Heart Failure Clinical Records,4,RandomFuzzyRules__n_candidates__10000,269,30,12,0.8333333333333334,0.761904761904762,0.875,0.08814540004823357,0.00033930002246052027
519,Heart Failure Clinical Records,4,RandomFuzzyRules__n_candidates__25000,269,30,12,0.8,0.7,0.825,0.20223619998432696,0.0003225000109523535
519,Heart Failure Clinical Records,4,RandomFuzzyRules__n_candidates__50000,269,30,12,0.8333333333333334,0.761904761904762,0.865,0.47760360001120716,0.0002359000500291586
519,Heart Failure Clinical Records,4,RandomFuzzyRules__n_candidates__100000,269,30,12,0.8333333333333334,0.761904761904762,0.865,0.7846902000019327,0.0002519000554457307
519,Heart Failure Clinical Records,5,RandomFuzzyRules__n_candidates__1000,269,30,12,0.8666666666666667,0.7499999999999999,0.9225,0.008655300014652312,0.00025699997786432505
519,Heart Failure Clinical Records,5,RandomFuzzyRules__n_candidates__5000,269,30,12,0.8333333333333334,0.7058823529411764,0.945,0.0458195999963209,0.00033790001180022955
519,Heart Failure Clinical Records,5,RandomFuzzyRules__n_candidates__10000,269,30,12,0.8333333333333334,0.7058823529411764,0.945,0.08105049992445856,0.00025040004402399063
519,Heart Failure Clinical Records,5,RandomFuzzyRules__n_candidates__25000,269,30,12,0.8333333333333334,0.7058823529411764,0.945,0.16908599995076656,0.0002429999876767397
519,Heart Failure Clinical Records,5,RandomFuzzyRules__n_candidates__50000,269,30,12,0.9333333333333333,0.888888888888889,0.945,0.2820315998978913,0.0002636000281199813
519,Heart Failure Clinical Records,5,RandomFuzzyRules__n_candidates__100000,269,30,12,0.9333333333333333,0.888888888888889,0.945,0.6223837999859825,0.0003494999837130308
519,Heart Failure Clinical Records,6,RandomFuzzyRules__n_candidates__1000,269,30,12,0.7333333333333333,0.33333333333333337,0.755,0.007735699997283518,0.0002148000057786703
519,Heart Failure Clinical Records,6,RandomFuzzyRules__n_candidates__5000,269,30,12,0.7333333333333333,0.33333333333333337,0.755,0.04113819997292012,0.00034550006967037916
519,Heart Failure Clinical Records,6,RandomFuzzyRules__n_candidates__10000,269,30,12,0.7333333333333333,0.33333333333333337,0.755,0.06113420007750392,0.0003189999843016267
519,Heart Failure Clinical Records,6,RandomFuzzyRules__n_candidates__25000,269,30,12,0.7666666666666667,0.4615384615384615,0.815,0.18647309998050332,0.0002756000030785799
519,Heart Failure Clinical Records,6,RandomFuzzyRules__n_candidates__50000,269,30,12,0.8,0.5714285714285715,0.755,0.31159609998576343,0.0002660000463947654
519,Heart Failure Clinical Records,6,RandomFuzzyRules__n_candidates__100000,269,30,12,0.8,0.5714285714285715,0.755,0.6937027999665588,0.0004314000252634287
519,Heart Failure Clinical Records,7,RandomFuzzyRules__n_candidates__1000,269,30,12,0.8,0.5,0.8968253968253969,0.008556299959309399,0.0003302000695839524
519,Heart Failure Clinical Records,7,RandomFuzzyRules__n_candidates__5000,269,30,12,0.8333333333333334,0.6666666666666667,0.9259259259259259,0.04303760000038892,0.0005864999257028103
519,Heart Failure Clinical Records,7,RandomFuzzyRules__n_candidates__10000,269,30,12,0.8333333333333334,0.6666666666666667,0.9259259259259259,0.07045639993157238,0.0003303999546915293
519,Heart Failure Clinical Records,7,RandomFuzzyRules__n_candidates__25000,269,30,12,0.8,0.5714285714285714,0.8835978835978836,0.1808595999609679,0.00029630004428327084
519,Heart Failure Clinical Records,7,RandomFuzzyRules__n_candidates__50000,269,30,12,0.8666666666666667,0.7142857142857143,0.9259259259259259,0.3607954999897629,0.0003032999811694026
519,Heart Failure Clinical Records,7,RandomFuzzyRules__n_candidates__100000,269,30,12,0.8666666666666667,0.7142857142857143,0.9259259259259259,0.686208099941723,0.0002933000214397907
519,Heart Failure Clinical Records,8,RandomFuzzyRules__n_candidates__1000,269,30,12,0.8333333333333334,0.7058823529411765,0.783068783068783,0.008831199957057834,0.00019080005586147308
519,Heart Failure Clinical Records,8,RandomFuzzyRules__n_candidates__5000,269,30,12,0.8,0.6666666666666666,0.8148148148148149,0.039771199924871325,0.000327700050547719
519,Heart Failure Clinical Records,8,RandomFuzzyRules__n_candidates__10000,269,30,12,0.8,0.6666666666666666,0.8148148148148149,0.07363479991909117,0.00033840001560747623
519,Heart Failure Clinical Records,8,RandomFuzzyRules__n_candidates__25000,269,30,12,0.8,0.6666666666666666,0.8148148148148149,0.17381090007256716,0.0003591999411582947
519,Heart Failure Clinical Records,8,RandomFuzzyRules__n_candidates__50000,269,30,12,0.8333333333333334,0.7058823529411765,0.7883597883597884,0.3537936999928206,0.0004741000011563301
519,Heart Failure Clinical Records,8,RandomFuzzyRules__n_candidates__100000,269,30,12,0.8333333333333334,0.7058823529411765,0.7883597883597884,0.7286337999394163,0.00018309999722987413
519,Heart Failure Clinical Records,9,RandomFuzzyRules__n_candidates__1000,269,30,12,0.8,0.5714285714285714,0.7910052910052909,0.009205500013194978,0.00022489996626973152
519,Heart Failure Clinical Records,9,RandomFuzzyRules__n_candidates__5000,269,30,12,0.8,0.6250000000000001,0.8306878306878307,0.037436600076034665,0.00029170000925660133
519,Heart Failure Clinical Records,9,RandomFuzzyRules__n_candidates__10000,269,30,12,0.8,0.6250000000000001,0.8306878306878307,0.07065040001180023,0.000305499997921288
519,Heart Failure Clinical Records,9,RandomFuzzyRules__n_candidates__25000,269,30,12,0.8,0.6250000000000001,0.7936507936507937,0.17425829998683184,0.0002861000830307603
519,Heart Failure Clinical Records,9,RandomFuzzyRules__n_candidates__50000,269,30,12,0.8333333333333334,0.6666666666666667,0.7883597883597884,0.3771344000706449,0.0004833000712096691
519,Heart Failure Clinical Records,9,RandomFuzzyRules__n_candidates__100000,269,30,12,0.8333333333333334,0.6666666666666667,0.7883597883597884,0.794146699947305,0.0002758000046014786
519,Heart Failure Clinical Records,10,RandomFuzzyRules__n_candidates__1000,270,29,12,0.7931034482758621,0.5714285714285714,0.8027777777777777,0.00913730007596314,0.00021029997151345015
519,Heart Failure Clinical Records,10,RandomFuzzyRules__n_candidates__5000,270,29,12,0.8275862068965517,0.6666666666666667,0.8611111111111112,0.03838649997487664,0.0002885999856516719
519,Heart Failure Clinical Records,10,RandomFuzzyRules__n_candidates__10000,270,29,12,0.8275862068965517,0.6666666666666667,0.8611111111111112,0.07398089999333024,0.00030800001695752144
519,Heart Failure Clinical Records,10,RandomFuzzyRules__n_candidates__25000,270,29,12,0.8275862068965517,0.6666666666666667,0.8611111111111112,0.20618099998682737,0.0003464999608695507
519,Heart Failure Clinical Records,10,RandomFuzzyRules__n_candidates__50000,270,29,12,0.8275862068965517,0.6666666666666667,0.85,0.42871310003101826,0.0004631999181583524
519,Heart Failure Clinical Records,10,RandomFuzzyRules__n_candidates__100000,270,29,12,0.8275862068965517,0.6666666666666667,0.85,0.8085568000096828,0.00043759995605796576
529,Early Stage Diabetes Risk Prediction,1,RandomFuzzyRules__n_candidates__1000,468,52,16,0.9038461538461539,0.923076923076923,0.9359374999999999,0.00859029998537153,0.00029900006484240294
529,Early Stage Diabetes Risk Prediction,1,RandomFuzzyRules__n_candidates__5000,468,52,16,0.9038461538461539,0.923076923076923,0.9359374999999999,0.03560589998960495,0.00032650004141032696
529,Early Stage Diabetes Risk Prediction,1,RandomFuzzyRules__n_candidates__10000,468,52,16,0.9038461538461539,0.923076923076923,0.9359374999999999,0.0716868001036346,0.00031589996069669724
529,Early Stage Diabetes Risk Prediction,1,RandomFuzzyRules__n_candidates__25000,468,52,16,0.8846153846153846,0.90625,0.91796875,0.17482140008360147,0.00037999998312443495
529,Early Stage Diabetes Risk Prediction,1,RandomFuzzyRules__n_candidates__50000,468,52,16,0.9038461538461539,0.9206349206349206,0.934375,0.3354014999931678,0.00042559998109936714
529,Early Stage Diabetes Risk Prediction,1,RandomFuzzyRules__n_candidates__100000,468,52,16,0.9038461538461539,0.9253731343283582,0.9500000000000001,0.6725936000002548,0.00028380006551742554
529,Early Stage Diabetes Risk Prediction,2,RandomFuzzyRules__n_candidates__1000,468,52,16,0.9038461538461539,0.923076923076923,0.9046874999999999,0.007929200073704123,0.00031679996754974127
529,Early Stage Diabetes Risk Prediction,2,RandomFuzzyRules__n_candidates__5000,468,52,16,0.9038461538461539,0.923076923076923,0.9046874999999999,0.03651070001069456,0.000555100035853684
529,Early Stage Diabetes Risk Prediction,2,RandomFuzzyRules__n_candidates__10000,468,52,16,0.9038461538461539,0.923076923076923,0.9046874999999999,0.07967989996541291,0.0003415000392124057
529,Early Stage Diabetes Risk Prediction,2,RandomFuzzyRules__n_candidates__25000,468,52,16,0.8461538461538461,0.870967741935484,0.8796875,0.17422929999884218,0.0002962000435218215
529,Early Stage Diabetes Risk Prediction,2,RandomFuzzyRules__n_candidates__50000,468,52,16,0.8461538461538461,0.870967741935484,0.8796875,0.31876609998289496,0.00038650003261864185
529,Early Stage Diabetes Risk Prediction,2,RandomFuzzyRules__n_candidates__100000,468,52,16,0.8653846153846154,0.8923076923076922,0.909375,0.6610553000355139,0.0002815000480040908
529,Early Stage Diabetes Risk Prediction,3,RandomFuzzyRules__n_candidates__1000,468,52,16,0.9230769230769231,0.9375,0.9484375,0.009553099982440472,0.00025649997405707836
529,Early Stage Diabetes Risk Prediction,3,RandomFuzzyRules__n_candidates__5000,468,52,16,0.9230769230769231,0.9375,0.9484375,0.03534920001402497,0.0003595000598579645
529,Early Stage Diabetes Risk Prediction,3,RandomFuzzyRules__n_candidates__10000,468,52,16,0.9230769230769231,0.9375,0.9484375,0.07122189993970096,0.00033840001560747623
529,Early Stage Diabetes Risk Prediction,3,RandomFuzzyRules__n_candidates__25000,468,52,16,0.9423076923076923,0.9538461538461539,0.9593750000000001,0.17326730000786483,0.000372299924492836
529,Early Stage Diabetes Risk Prediction,3,RandomFuzzyRules__n_candidates__50000,468,52,16,0.9230769230769231,0.9393939393939394,0.9375,0.3430339000187814,0.0002799000358209014
529,Early Stage Diabetes Risk Prediction,3,RandomFuzzyRules__n_candidates__100000,468,52,16,0.9038461538461539,0.9206349206349206,0.9109375,0.6753172000171617,0.0002797000342980027
529,Early Stage Diabetes Risk Prediction,4,RandomFuzzyRules__n_candidates__1000,468,52,16,0.8846153846153846,0.911764705882353,0.884375,0.007647400023415685,0.00023749994579702616
529,Early Stage Diabetes Risk Prediction,4,RandomFuzzyRules__n_candidates__5000,468,52,16,0.8846153846153846,0.911764705882353,0.884375,0.03279870003461838,0.00036339997313916683
529,Early Stage Diabetes Risk Prediction,4,RandomFuzzyRules__n_candidates__10000,468,52,16,0.8846153846153846,0.911764705882353,0.884375,0.09008120000362396,0.0003396000247448683
529,Early Stage Diabetes Risk Prediction,4,RandomFuzzyRules__n_candidates__25000,468,52,16,0.9038461538461539,0.927536231884058,0.9453125,0.16978890006430447,0.00024119997397065163
529,Early Stage Diabetes Risk Prediction,4,RandomFuzzyRules__n_candidates__50000,468,52,16,0.9038461538461539,0.9253731343283582,0.9593750000000001,0.3442591999191791,0.0003584000514820218
529,Early Stage Diabetes Risk Prediction,4,RandomFuzzyRules__n_candidates__100000,468,52,16,0.8653846153846154,0.9014084507042254,0.96171875,0.6855508000589907,0.0002750999992713332
529,Early Stage Diabetes Risk Prediction,5,RandomFuzzyRules__n_candidates__1000,468,52,16,0.8653846153846154,0.8985507246376812,0.91875,0.007604000042192638,0.00022829999215900898
529,Early Stage Diabetes Risk Prediction,5,RandomFuzzyRules__n_candidates__5000,468,52,16,0.8653846153846154,0.8985507246376812,0.91875,0.04116390005219728,0.0003361999988555908
529,Early Stage Diabetes Risk Prediction,5,RandomFuzzyRules__n_candidates__10000,468,52,16,0.8653846153846154,0.8985507246376812,0.91875,0.06978539994452149,0.0003478999715298414
529,Early Stage Diabetes Risk Prediction,5,RandomFuzzyRules__n_candidates__25000,468,52,16,0.8653846153846154,0.8985507246376812,0.91875,0.18686060002073646,0.0003400000277906656
529,Early Stage Diabetes Risk Prediction,5,RandomFuzzyRules__n_candidates__50000,468,52,16,0.9038461538461539,0.9206349206349206,0.9140625,0.35825849999673665,0.0003461999585852027
529,Early Stage Diabetes Risk Prediction,5,RandomFuzzyRules__n_candidates__100000,468,52,16,0.9038461538461539,0.9253731343283582,0.9531250000000001,0.687233499949798,0.0002607000060379505
529,Early Stage Diabetes Risk Prediction,6,RandomFuzzyRules__n_candidates__1000,468,52,16,0.8269230769230769,0.8571428571428571,0.86875,0.008325800066813827,0.00020899996161460876
529,Early Stage Diabetes Risk Prediction,6,RandomFuzzyRules__n_candidates__5000,468,52,16,0.8269230769230769,0.8571428571428571,0.86875,0.033833299996331334,0.0002872999757528305
529,Early Stage Diabetes Risk Prediction,6,RandomFuzzyRules__n_candidates__10000,468,52,16,0.8269230769230769,0.8571428571428571,0.86875,0.06685590010602027,0.0003119999310001731
529,Early Stage Diabetes Risk Prediction,6,RandomFuzzyRules__n_candidates__25000,468,52,16,0.8653846153846154,0.8888888888888888,0.89765625,0.19118570000864565,0.000295999925583601
529,Early Stage Diabetes Risk Prediction,6,RandomFuzzyRules__n_candidates__50000,468,52,16,0.8653846153846154,0.8888888888888888,0.89765625,0.4004838999826461,0.0003391000209376216
529,Early Stage Diabetes Risk Prediction,6,RandomFuzzyRules__n_candidates__100000,468,52,16,0.8461538461538461,0.870967741935484,0.8515625,0.7901548999361694,0.0002373000606894493
529,Early Stage Diabetes Risk Prediction,7,RandomFuzzyRules__n_candidates__1000,468,52,16,0.9230769230769231,0.9375,0.9468750000000001,0.009851700044237077,0.00030099996365606785
529,Early Stage Diabetes Risk Prediction,7,RandomFuzzyRules__n_candidates__5000,468,52,16,0.9230769230769231,0.9375,0.9468750000000001,0.03538929997012019,0.0003245000261813402
529,Early Stage Diabetes Risk Prediction,7,RandomFuzzyRules__n_candidates__10000,468,52,16,0.9230769230769231,0.9375,0.9468750000000001,0.06791340000927448,0.00029969995375722647
529,Early Stage Diabetes Risk Prediction,7,RandomFuzzyRules__n_candidates__25000,468,52,16,0.9423076923076923,0.9523809523809523,0.95859375,0.19789790001232177,0.00024369999300688505
529,Early Stage Diabetes Risk Prediction,7,RandomFuzzyRules__n_candidates__50000,468,52,16,0.9230769230769231,0.9354838709677419,0.9249999999999999,0.38632479996886104,0.0003008999628946185
529,Early Stage Diabetes Risk Prediction,7,RandomFuzzyRules__n_candidates__100000,468,52,16,0.9230769230769231,0.9354838709677419,0.9249999999999999,0.746855599922128,0.00035089999437332153
529,Early Stage Diabetes Risk Prediction,8,RandomFuzzyRules__n_candidates__1000,468,52,16,0.8461538461538461,0.8857142857142857,0.86640625,0.009315100032836199,0.0002508999314159155
529,Early Stage Diabetes Risk Prediction,8,RandomFuzzyRules__n_candidates__5000,468,52,16,0.8461538461538461,0.8857142857142857,0.86640625,0.048966500093229115,0.0003301999531686306
529,Early Stage Diabetes Risk Prediction,8,RandomFuzzyRules__n_candidates__10000,468,52,16,0.8461538461538461,0.8857142857142857,0.86640625,0.0755438000196591,0.00030229997355490923
529,Early Stage Diabetes Risk Prediction,8,RandomFuzzyRules__n_candidates__25000,468,52,16,0.8653846153846154,0.8813559322033898,0.89140625,0.18790050002280623,0.0002443999983370304
529,Early Stage Diabetes Risk Prediction,8,RandomFuzzyRules__n_candidates__50000,468,52,16,0.8461538461538461,0.875,0.81875,0.36034130002371967,0.00031290005426853895
529,Early Stage Diabetes Risk Prediction,8,RandomFuzzyRules__n_candidates__100000,468,52,16,0.8269230769230769,0.8695652173913043,0.8046875,0.7611595999915153,0.0003208999987691641
529,Early Stage Diabetes Risk Prediction,9,RandomFuzzyRules__n_candidates__1000,468,52,16,0.8461538461538461,0.888888888888889,0.8796875,0.009600599994882941,0.00033119996078312397
529,Early Stage Diabetes Risk Prediction,9,RandomFuzzyRules__n_candidates__5000,468,52,16,0.8461538461538461,0.888888888888889,0.8796875,0.04269290005322546,0.00030049995984882116
529,Early Stage Diabetes Risk Prediction,9,RandomFuzzyRules__n_candidates__10000,468,52,16,0.8461538461538461,0.888888888888889,0.8796875,0.06778450007550418,0.00024919991847127676
529,Early Stage Diabetes Risk Prediction,9,RandomFuzzyRules__n_candidates__25000,468,52,16,0.8846153846153846,0.9090909090909091,0.9375,0.1775270999642089,0.0002741999924182892
529,Early Stage Diabetes Risk Prediction,9,RandomFuzzyRules__n_candidates__50000,468,52,16,0.8653846153846154,0.8923076923076922,0.9023437500000001,0.42654680006671697,0.0003274999326094985
529,Early Stage Diabetes Risk Prediction,9,RandomFuzzyRules__n_candidates__100000,468,52,16,0.8653846153846154,0.8985507246376812,0.9515624999999999,0.5397551000351086,0.00019299995619803667
529,Early Stage Diabetes Risk Prediction,10,RandomFuzzyRules__n_candidates__1000,468,52,16,0.9423076923076923,0.9538461538461539,0.95625,0.006722799967974424,0.000238100066781044
529,Early Stage Diabetes Risk Prediction,10,RandomFuzzyRules__n_candidates__5000,468,52,16,0.9423076923076923,0.9538461538461539,0.95625,0.0433522000676021,0.0003402000293135643
529,Early Stage Diabetes Risk Prediction,10,RandomFuzzyRules__n_candidates__10000,468,52,16,0.9423076923076923,0.9538461538461539,0.95625,0.0749175000237301,0.0002989999484270811
529,Early Stage Diabetes Risk Prediction,10,RandomFuzzyRules__n_candidates__25000,468,52,16,0.8653846153846154,0.8852459016393444,0.8953125000000001,0.16286180005408823,0.000317899975925684
529,Early Stage Diabetes Risk Prediction,10,RandomFuzzyRules__n_candidates__50000,468,52,16,0.8846153846153846,0.8999999999999999,0.90859375,0.3504737999755889,0.00032049999572336674
529,Early Stage Diabetes Risk Prediction,10,RandomFuzzyRules__n_candidates__100000,468,52,16,0.8846153846153846,0.8999999999999999,0.90859375,0.6812923999968916,0.0002394999610260129
