dataset_name,repeat_id,fold_id,fold,n_expected_folds,estimator,n_train,n_test,n_original_features,n_transformed_features,accuracy,balanced_accuracy,auroc,mcc,fit_time,predict_time,n_rules,n_conditions,mean_conditions_per_rule,n_literals,mean_literals_per_rule
anes_voting_2026,0,0,1,9,RandomFuzzyRules__max_literal_repetitions__1,43633,4954,318,6458,0.8827210335082761,0.6769213212322623,0.6769213212322622,0.5115849738895257,2.2349012922495604,0.16615478973835707,,,,,
anes_voting_2026,0,0,1,9,RandomFuzzyRules__max_literal_repetitions__2,43633,4954,318,6458,0.8827210335082761,0.6769213212322623,0.6769213212322622,0.5115849738895257,2.309105017222464,0.16092910524457693,,,,,
anes_voting_2026,0,0,1,9,RandomFuzzyRules__max_literal_repetitions__3,43633,4954,318,6458,0.8827210335082761,0.6769213212322623,0.6769213212322622,0.5115849738895257,2.27841314394027,0.16524067986756563,,,,,
anes_voting_2026,1,0,2,9,RandomFuzzyRules__max_literal_repetitions__1,36191,7442,318,6453,0.9054017737167428,0.6938673327003088,0.6938673327003088,0.538294368189035,1.7210796987637877,0.2380661414936185,,,,,
anes_voting_2026,1,0,2,9,RandomFuzzyRules__max_literal_repetitions__2,36191,7442,318,6453,0.9054017737167428,0.6938673327003088,0.6938673327003088,0.538294368189035,1.7532311817631125,0.23703055176883936,,,,,
anes_voting_2026,1,0,2,9,RandomFuzzyRules__max_literal_repetitions__3,36191,7442,318,6453,0.9054017737167428,0.6938673327003088,0.6938673327003088,0.538294368189035,1.7577231340110302,0.24571343045681715,,,,,
anes_voting_2026,2,0,3,9,RandomFuzzyRules__max_literal_repetitions__1,32543,3648,318,6453,0.7971491228070176,0.5601778503262012,0.5601778503262012,0.22847409001070298,1.5288765924051404,0.12804916594177485,,,,,
anes_voting_2026,2,0,3,9,RandomFuzzyRules__max_literal_repetitions__2,32543,3648,318,6453,0.7971491228070176,0.5601778503262012,0.5601778503262012,0.22847409001070298,1.5598130794242024,0.12365507241338491,,,,,
anes_voting_2026,2,0,3,9,RandomFuzzyRules__max_literal_repetitions__3,32543,3648,318,6453,0.7971491228070176,0.5601778503262012,0.5601778503262012,0.22847409001070298,1.5613751709461212,0.13190420623868704,,,,,
anes_voting_2026,3,0,4,9,RandomFuzzyRules__max_literal_repetitions__1,27055,5488,318,6446,0.8143221574344023,0.5552158138298795,0.5545621451557127,0.24805237647053724,1.28733242303133,0.18535356782376766,,,,,
anes_voting_2026,3,0,4,9,RandomFuzzyRules__max_literal_repetitions__2,27055,5488,318,6446,0.8143221574344023,0.5552158138298795,0.5545621451557127,0.24805237647053724,1.3004394955933094,0.183670605532825,,,,,
anes_voting_2026,3,0,4,9,RandomFuzzyRules__max_literal_repetitions__3,27055,5488,318,6446,0.8143221574344023,0.5552158138298795,0.5545621451557127,0.24805237647053724,1.3083460526540875,0.18728523794561625,,,,,
anes_voting_2026,4,0,5,9,RandomFuzzyRules__max_literal_repetitions__1,24953,2102,318,6323,0.7602283539486203,0.5087917569387058,0.5087917569387059,0.058468027428100706,1.1566265914589167,0.07588700950145721,,,,,
anes_voting_2026,4,0,5,9,RandomFuzzyRules__max_literal_repetitions__2,24953,2102,318,6323,0.7626070409134158,0.5,0.5,0.0,1.178906618617475,0.07565318048000336,,,,,
anes_voting_2026,4,0,5,9,RandomFuzzyRules__max_literal_repetitions__3,24953,2102,318,6323,0.7626070409134158,0.5,0.5,0.0,1.1774260327219963,0.07517060544341803,,,,,
anes_voting_2026,5,0,6,9,RandomFuzzyRules__max_literal_repetitions__1,23887,1066,318,6241,0.8724202626641651,0.7173310794947645,0.7173310794947645,0.5844792906873123,1.11367604508996,0.01701311208307743,,,,,
anes_voting_2026,5,0,6,9,RandomFuzzyRules__max_literal_repetitions__2,23887,1066,318,6241,0.8724202626641651,0.7173310794947645,0.7173310794947645,0.5844792906873123,1.1364406570792198,0.016955972649157047,,,,,
anes_voting_2026,5,0,6,9,RandomFuzzyRules__max_literal_repetitions__3,23887,1066,318,6241,0.8724202626641651,0.7173310794947645,0.7173310794947645,0.5844792906873123,1.1310368729755282,0.01683756522834301,,,,,
anes_voting_2026,6,0,7,9,RandomFuzzyRules__max_literal_repetitions__1,22543,1344,318,6238,0.7157738095238095,0.5,0.5,0.0,1.0411965185776353,0.04623675812035799,,,,,
anes_voting_2026,6,0,7,9,RandomFuzzyRules__max_literal_repetitions__2,22543,1344,318,6238,0.7157738095238095,0.5,0.5,0.0,1.0531613631173968,0.046844650991261005,,,,,
anes_voting_2026,6,0,7,9,RandomFuzzyRules__max_literal_repetitions__3,22543,1344,318,6238,0.7157738095238095,0.5,0.5,0.0,1.0527647156268358,0.048597393557429314,,,,,
anes_voting_2026,7,0,8,9,RandomFuzzyRules__max_literal_repetitions__1,20989,1554,318,6181,0.851994851994852,0.7129659953059331,0.7129659953059331,0.5548000385422196,0.961252979002893,0.054821938276290894,,,,,
anes_voting_2026,7,0,8,9,RandomFuzzyRules__max_literal_repetitions__2,20989,1554,318,6181,0.851994851994852,0.7129659953059331,0.7129659953059331,0.5548000385422196,0.9690419072285295,0.0537276491522789,,,,,
anes_voting_2026,7,0,8,9,RandomFuzzyRules__max_literal_repetitions__3,20989,1554,318,6181,0.851994851994852,0.7129659953059331,0.7129659953059331,0.5548000385422196,0.9699005289003253,0.053503550589084625,,,,,
anes_voting_2026,8,0,9,9,RandomFuzzyRules__max_literal_repetitions__1,19455,1534,318,6128,0.8702737940026075,0.8069898654655367,0.8069898654655367,0.6298778484557944,0.9005204299464822,0.05423985421657562,,,,,
anes_voting_2026,8,0,9,9,RandomFuzzyRules__max_literal_repetitions__2,19455,1534,318,6128,0.8702737940026075,0.8069898654655367,0.8069898654655367,0.6298778484557944,0.9088882431387901,0.05356595013290644,,,,,
anes_voting_2026,8,0,9,9,RandomFuzzyRules__max_literal_repetitions__3,19455,1534,318,6128,0.8702737940026075,0.8069898654655367,0.8069898654655367,0.6298778484557944,0.9031311627477407,0.05436073150485754,,,,,
aps_failure,0,0,1,9,RandomFuzzyRules__max_literal_repetitions__1,50666,25334,170,170,0.9841714691718639,0.5920498790247534,0.9119519164449699,0.37011981226092516,1.0421446505934,0.012487988919019699,,,,,
aps_failure,0,0,1,9,RandomFuzzyRules__max_literal_repetitions__2,50666,25334,170,170,0.9833820162627299,0.586301748393383,0.9681217416056317,0.33254767267599705,1.0882713990285993,0.013625677675008774,,,,,
aps_failure,0,0,1,9,RandomFuzzyRules__max_literal_repetitions__3,50666,25334,170,170,0.983105707744533,0.5818841484108999,0.9681757808651099,0.31682013364260186,1.0787627762183547,0.012412670999765396,,,,,
aps_failure,0,1,2,9,RandomFuzzyRules__max_literal_repetitions__1,50667,25333,170,170,0.9825129278016816,0.7006911851835598,0.9750390379846833,0.45246115426447125,1.0373009694740176,0.012566699646413326,,,,,
aps_failure,0,1,2,9,RandomFuzzyRules__max_literal_repetitions__2,50667,25333,170,170,0.9823945051908578,0.5827546027078625,0.9587738693467337,0.2953721615941391,1.093626581132412,0.013085094280540943,,,,,
aps_failure,0,1,2,9,RandomFuzzyRules__max_literal_repetitions__3,50667,25333,170,170,0.9823550309872499,0.5880925149766298,0.9656428869237015,0.3029770342038819,1.0857821721583605,0.01264483854174614,,,,,
aps_failure,0,2,3,9,RandomFuzzyRules__max_literal_repetitions__1,50667,25333,170,170,0.9848419058145502,0.6065044875030172,0.9212295977705119,0.4099559884149635,1.0617425832897425,0.01266704685986042,,,,,
aps_failure,0,2,3,9,RandomFuzzyRules__max_literal_repetitions__2,50667,25333,170,170,0.9834997828918801,0.5908186346580062,0.9799433850475083,0.34132721107757,1.0929665574803948,0.014087093062698841,,,,,
aps_failure,0,2,3,9,RandomFuzzyRules__max_literal_repetitions__3,50667,25333,170,170,0.9837366281135278,0.5941540453358496,0.9784588444405433,0.353862814907706,1.0952636608853936,0.012257272377610207,,,,,
aps_failure,1,0,4,9,RandomFuzzyRules__max_literal_repetitions__1,50666,25334,170,170,0.9845661956264309,0.5933201081661028,0.9098837104914552,0.3893299569465176,1.0388416592031717,0.01252439059317112,,,,,
aps_failure,1,0,4,9,RandomFuzzyRules__max_literal_repetitions__2,50666,25334,170,170,0.9834609615536434,0.5638882429577079,0.9128427759713601,0.30761622746345657,1.0862464234232903,0.012806116603314877,,,,,
aps_failure,1,0,4,9,RandomFuzzyRules__max_literal_repetitions__3,50666,25334,170,170,0.9836583247809269,0.5618502972378231,0.9040679213058758,0.3165741704851843,1.0884937504306436,0.013250251300632954,,,,,
aps_failure,1,1,5,9,RandomFuzzyRules__max_literal_repetitions__1,50667,25333,170,170,0.9838550507243516,0.5888563340721072,0.9191787759759495,0.3522316933786929,1.040078834630549,0.012555519118905067,,,,,
aps_failure,1,1,5,9,RandomFuzzyRules__max_literal_repetitions__2,50667,25333,170,170,0.9833418860774484,0.6314591297096838,0.9773397116587303,0.38819535055125615,1.0905949771404266,0.01370401680469513,,,,,
aps_failure,1,1,5,9,RandomFuzzyRules__max_literal_repetitions__3,50667,25333,170,170,0.9833418860774484,0.567162976454324,0.9293625770775275,0.3041901802789806,1.089851045049727,0.013685977086424828,,,,,
aps_failure,1,2,6,9,RandomFuzzyRules__max_literal_repetitions__1,50667,25333,170,170,0.984249792760431,0.5987017620855368,0.9229281341203835,0.3783817721161098,1.042873584665358,0.012228982523083687,,,,,
aps_failure,1,2,6,9,RandomFuzzyRules__max_literal_repetitions__2,50667,25333,170,170,0.9835392570954881,0.5779795045094468,0.9721946852164755,0.32654836458011566,1.0754743134602904,0.01334324013441801,,,,,
aps_failure,1,2,6,9,RandomFuzzyRules__max_literal_repetitions__3,50667,25333,170,170,0.9832629376702325,0.5746239933290909,0.972549998902811,0.3109969121048621,1.0736567117273808,0.012184693478047848,,,,,
aps_failure,2,0,7,9,RandomFuzzyRules__max_literal_repetitions__1,50666,25334,170,170,0.9842109418173206,0.5899315312948183,0.9252199121971514,0.3699177569932692,1.0448289718478918,0.012368820607662201,,,,,
aps_failure,2,0,7,9,RandomFuzzyRules__max_literal_repetitions__2,50666,25334,170,170,0.9838162153627537,0.5811767333399022,0.9702293165172267,0.3436404848707283,1.0836857166141272,0.013360689394176006,,,,,
aps_failure,2,0,7,9,RandomFuzzyRules__max_literal_repetitions__3,50666,25334,170,170,0.9836977974263835,0.5640088459727833,0.9153052408009547,0.32074342824175006,1.0700255474075675,0.013505399227142334,,,,,
aps_failure,2,1,8,9,RandomFuzzyRules__max_literal_repetitions__1,50667,25333,170,170,0.9843287411676469,0.6040999758618419,0.9093391850080095,0.38676018272320867,1.0321808131411672,0.0123114213347435,,,,,
aps_failure,2,1,8,9,RandomFuzzyRules__max_literal_repetitions__2,50667,25333,170,170,0.9832629376702325,0.5799820061003709,0.9624780671918545,0.3184345744690297,1.0806541461497545,0.013562178239226341,,,,,
aps_failure,2,1,8,9,RandomFuzzyRules__max_literal_repetitions__3,50667,25333,170,170,0.9832629376702325,0.6174880954993307,0.9772633473042065,0.36869637808783123,1.0758249452337623,0.01262962818145752,,,,,
aps_failure,2,2,9,9,RandomFuzzyRules__max_literal_repetitions__1,50667,25333,170,170,0.9841313701496073,0.5868538324811832,0.917505518860679,0.3619649994741178,1.0476248301565647,0.01237995084375143,,,,,
aps_failure,2,2,9,9,RandomFuzzyRules__max_literal_repetitions__2,50667,25333,170,170,0.9831839892630166,0.6045886638432336,0.971724649448114,0.3496400325904004,1.0935515575110912,0.013151292689144611,,,,,
aps_failure,2,2,9,9,RandomFuzzyRules__max_literal_repetitions__3,50667,25333,170,170,0.9824339793944658,0.6320684207061509,0.9726569967742643,0.36866205757014464,1.0898949466645718,0.012579587288200855,,,,,
bank_marketing,0,0,1,9,RandomFuzzyRules__max_literal_repetitions__1,30140,15071,13,120,0.8940349014663924,0.5879208357478756,0.5879208357478756,0.31616602695739526,0.1504621673375368,0.0035392632707953453,,,,,
bank_marketing,0,0,1,9,RandomFuzzyRules__max_literal_repetitions__2,30140,15071,13,120,0.893902196270984,0.5873536207734003,0.5873536207734004,0.3147373899448229,0.15583860967308283,0.003559633158147335,,,,,
bank_marketing,0,0,1,9,RandomFuzzyRules__max_literal_repetitions__3,30140,15071,13,120,0.8938358436732798,0.5875620854893725,0.5875620854893725,0.3145710779389277,0.15320134721696377,0.0034212246537208557,,,,,
bank_marketing,0,1,2,9,RandomFuzzyRules__max_literal_repetitions__1,30141,15070,13,115,0.8935633709356338,0.5906097469331197,0.5906097469331197,0.31647993044282324,0.15067526325583458,0.0033452939242124557,,,,,
bank_marketing,0,1,2,9,RandomFuzzyRules__max_literal_repetitions__2,30141,15070,13,115,0.8940278699402787,0.5913648329529095,0.5913648329529095,0.3199930086413524,0.15231969766318798,0.003360944800078869,,,,,
bank_marketing,0,1,2,9,RandomFuzzyRules__max_literal_repetitions__3,30141,15070,13,115,0.8938951559389515,0.5907976179784342,0.5907976179784342,0.31859081460209443,0.15412679873406887,0.003505823202431202,,,,,
bank_marketing,0,2,3,9,RandomFuzzyRules__max_literal_repetitions__1,30141,15070,13,120,0.8911745189117452,0.5776935113326415,0.5776935113326415,0.287017893089739,0.15144417714327574,0.0034780530259013176,,,,,
bank_marketing,0,2,3,9,RandomFuzzyRules__max_literal_repetitions__2,30141,15070,13,120,0.8910418049104181,0.5768802630799914,0.5768802630799914,0.28518823681160826,0.15346717555075884,0.0034567229449748993,,,,,
bank_marketing,0,2,3,9,RandomFuzzyRules__max_literal_repetitions__3,30141,15070,13,120,0.8910418049104181,0.5768802630799914,0.5768802630799914,0.28518823681160826,0.15137276705354452,0.003438764251768589,,,,,
bank_marketing,1,0,4,9,RandomFuzzyRules__max_literal_repetitions__1,30140,15071,13,120,0.8939685488686883,0.5883753365654528,0.5883753365654528,0.31627121701362654,0.15087418165057898,0.0034975940361618996,,,,,
bank_marketing,1,0,4,9,RandomFuzzyRules__max_literal_repetitions__2,30140,15071,13,120,0.8937694910755756,0.5872784780021348,0.587278478002135,0.3138560887655138,0.15313442889600992,0.003606582060456276,,,,,
bank_marketing,1,0,4,9,RandomFuzzyRules__max_literal_repetitions__3,30140,15071,13,120,0.8935040806847588,0.5846678314435545,0.5846678314435545,0.30931052860858316,0.1536345425993204,0.003549521788954735,,,,,
bank_marketing,1,1,5,9,RandomFuzzyRules__max_literal_repetitions__1,30141,15070,13,119,0.8921035169210352,0.5838783156575417,0.5838783156575417,0.3001766306419414,0.15594215039163828,0.0035168537870049477,,,,,
bank_marketing,1,1,5,9,RandomFuzzyRules__max_literal_repetitions__2,30141,15070,13,119,0.8919044459190445,0.5840116263085277,0.5840116263085277,0.29922181482827415,0.15333625674247742,0.0034499643370509148,,,,,
bank_marketing,1,1,5,9,RandomFuzzyRules__max_literal_repetitions__3,30141,15070,13,119,0.8919044459190445,0.5840116263085277,0.5840116263085277,0.29922181482827415,0.15422162786126137,0.0034094443544745445,,,,,
bank_marketing,1,2,6,9,RandomFuzzyRules__max_literal_repetitions__1,30141,15070,13,117,0.8929661579296616,0.5838747138190098,0.5838747138190098,0.3051903653796659,0.15257074497640133,0.0034806039184331894,,,,,
bank_marketing,1,2,6,9,RandomFuzzyRules__max_literal_repetitions__2,30141,15070,13,117,0.8929661579296616,0.5838747138190098,0.5838747138190098,0.3051903653796659,0.15745498333126307,0.0035929130390286446,,,,,
bank_marketing,1,2,6,9,RandomFuzzyRules__max_literal_repetitions__3,30141,15070,13,117,0.8929661579296616,0.5838747138190098,0.5838747138190098,0.3051903653796659,0.157044998370111,0.0035834331065416336,,,,,
bank_marketing,2,0,7,9,RandomFuzzyRules__max_literal_repetitions__1,30140,15071,13,116,0.8921770287306748,0.5824401871212707,0.5824401871212707,0.2987857093849402,0.14961943496018648,0.00341805350035429,,,,,
bank_marketing,2,0,7,9,RandomFuzzyRules__max_literal_repetitions__2,30140,15071,13,116,0.8921770287306748,0.5824401871212707,0.5824401871212707,0.2987857093849402,0.17234422732144594,0.0035122334957122803,,,,,
bank_marketing,2,0,7,9,RandomFuzzyRules__max_literal_repetitions__3,30140,15071,13,116,0.8925087917191958,0.5826280440494341,0.5826280440494341,0.3009546419893372,0.15219514910131693,0.0034804921597242355,,,,,
bank_marketing,2,1,8,9,RandomFuzzyRules__max_literal_repetitions__1,30141,15070,13,118,0.8954213669542137,0.5958443905158519,0.5958443905158519,0.33294961818617436,0.1520163295790553,0.003435763530433178,,,,,
bank_marketing,2,1,8,9,RandomFuzzyRules__max_literal_repetitions__2,30141,15070,13,118,0.8946250829462509,0.5914569675563008,0.5914569675563008,0.3235961218873597,0.18946287874132395,0.0037020714953541756,,,,,
bank_marketing,2,1,8,9,RandomFuzzyRules__max_literal_repetitions__3,30141,15070,13,118,0.8946250829462509,0.5914569675563008,0.5914569675563008,0.3235961218873597,0.15967819094657898,0.0035650720819830894,,,,,
bank_marketing,2,2,9,9,RandomFuzzyRules__max_literal_repetitions__1,30141,15070,13,121,0.8910418049104181,0.5778643961926905,0.5778643961926905,0.2864747149384299,0.15389223117381334,0.0036713620647788048,,,,,
bank_marketing,2,2,9,9,RandomFuzzyRules__max_literal_repetitions__2,30141,15070,13,121,0.8911081619110817,0.5779019704017533,0.5779019704017533,0.2869053023809251,0.15579742100089788,0.0035927612334489822,,,,,
bank_marketing,2,2,9,9,RandomFuzzyRules__max_literal_repetitions__3,30141,15070,13,121,0.8911081619110817,0.5779019704017533,0.5779019704017533,0.2869053023809251,0.1536844726651907,0.003455834463238716,,,,,
blood_transfusion,0,0,1,60,RandomFuzzyRules__max_literal_repetitions__1,498,250,4,4,0.772,0.5307017543859649,0.760219298245614,0.1873171623163388,0.08662397414445877,0.0001834789291024208,,,,,
blood_transfusion,0,0,1,60,RandomFuzzyRules__max_literal_repetitions__2,498,250,4,4,0.772,0.525,0.7714473684210525,0.19611613513818404,0.04435801599174738,0.00015890877693891525,,,,,
blood_transfusion,0,0,1,60,RandomFuzzyRules__max_literal_repetitions__3,498,250,4,4,0.772,0.5307017543859649,0.7545614035087719,0.1873171623163388,0.038706944324076176,0.00015378929674625397,,,,,
blood_transfusion,0,1,2,60,RandomFuzzyRules__max_literal_repetitions__1,499,249,4,4,0.7710843373493976,0.5344781445138269,0.626449598572703,0.16627355138205055,0.08826286625117064,0.00018204748630523682,,,,,
blood_transfusion,0,1,2,60,RandomFuzzyRules__max_literal_repetitions__2,499,249,4,4,0.7630522088353414,0.5175289919714541,0.6194915254237288,0.09721000871983618,0.04622521623969078,0.00016256794333457947,,,,,
blood_transfusion,0,1,2,60,RandomFuzzyRules__max_literal_repetitions__3,499,249,4,4,0.7630522088353414,0.5175289919714541,0.6194915254237288,0.09721000871983618,0.04089929163455963,0.000156487338244915,,,,,
blood_transfusion,0,2,3,60,RandomFuzzyRules__max_literal_repetitions__1,499,249,4,4,0.7710843373493976,0.5344781445138269,0.6293933987511151,0.16627355138205055,0.08839576598256826,0.00018321815878152847,,,,,
blood_transfusion,0,2,3,60,RandomFuzzyRules__max_literal_repetitions__2,499,249,4,4,0.7710843373493976,0.5344781445138269,0.6293933987511151,0.16627355138205055,0.04623608570545912,0.00016292836517095566,,,,,
blood_transfusion,0,2,3,60,RandomFuzzyRules__max_literal_repetitions__3,499,249,4,4,0.7751004016064257,0.5371097234611953,0.6327832292595897,0.19092544741222087,0.040862902998924255,0.00016098842024803162,,,,,
blood_transfusion,1,0,4,60,RandomFuzzyRules__max_literal_repetitions__1,498,250,4,4,0.768,0.5337719298245613,0.6445614035087719,0.16390251702679645,0.08811536896973848,0.00018735788762569427,,,,,
blood_transfusion,1,0,4,60,RandomFuzzyRules__max_literal_repetitions__2,498,250,4,4,0.764,0.525438596491228,0.6564912280701755,0.1317114136671408,0.046344196423888206,0.0001735389232635498,,,,,
blood_transfusion,1,0,4,60,RandomFuzzyRules__max_literal_repetitions__3,498,250,4,4,0.768,0.5337719298245613,0.6382456140350877,0.16390251702679645,0.040707473643124104,0.00016171950846910477,,,,,
blood_transfusion,1,1,5,60,RandomFuzzyRules__max_literal_repetitions__1,499,249,4,4,0.7751004016064257,0.5429527207850133,0.6900981266726137,0.19570260439410847,0.08853982388973236,0.0001821974292397499,,,,,
blood_transfusion,1,1,5,60,RandomFuzzyRules__max_literal_repetitions__2,499,249,4,4,0.7791164658634538,0.5455842997323818,0.6943800178412132,0.21983385447924406,0.046564904041588306,0.00016673747450113297,,,,,
blood_transfusion,1,1,5,60,RandomFuzzyRules__max_literal_repetitions__3,499,249,4,4,0.7791164658634538,0.5514272970561998,0.6870651204281892,0.22275504588022976,0.04061655513942242,0.00016043893992900848,,,,,
blood_transfusion,1,2,6,60,RandomFuzzyRules__max_literal_repetitions__1,499,249,4,4,0.7710843373493976,0.5286351471900089,0.691971454058876,0.15880108294690795,0.08880083076655865,0.0001843385398387909,,,,,
blood_transfusion,1,2,6,60,RandomFuzzyRules__max_literal_repetitions__2,499,249,4,4,0.7670682730923695,0.5201605709188225,0.6800178412132025,0.12222378062261391,0.04664589185267687,0.00016177818179130554,,,,,
blood_transfusion,1,2,6,60,RandomFuzzyRules__max_literal_repetitions__3,499,249,4,4,0.7590361445783133,0.5207404103479036,0.6682872435325602,0.09449814230868167,0.04054937604814768,0.00015819724649190903,,,,,
blood_transfusion,2,0,7,60,RandomFuzzyRules__max_literal_repetitions__1,498,250,4,4,0.776,0.556140350877193,0.6841228070175439,0.22432539566268594,0.08860008418560028,0.00019055791199207306,,,,,
blood_transfusion,2,0,7,60,RandomFuzzyRules__max_literal_repetitions__2,498,250,4,4,0.772,0.5364035087719298,0.6767105263157895,0.18848357473056354,0.04634025599807501,0.0001588882878422737,,,,,
blood_transfusion,2,0,7,60,RandomFuzzyRules__max_literal_repetitions__3,498,250,4,4,0.772,0.5364035087719298,0.6767105263157895,0.18848357473056354,0.04091537185013294,0.00015840772539377213,,,,,
blood_transfusion,2,1,8,60,RandomFuzzyRules__max_literal_repetitions__1,499,249,4,4,0.7751004016064257,0.5429527207850133,0.658028545941124,0.19570260439410847,0.08847385458648205,0.00018105749040842056,,,,,
blood_transfusion,2,1,8,60,RandomFuzzyRules__max_literal_repetitions__2,499,249,4,4,0.7670682730923695,0.5201605709188225,0.6607047279214987,0.12222378062261391,0.046451943926513195,0.00017008837312459946,,,,,
blood_transfusion,2,1,8,60,RandomFuzzyRules__max_literal_repetitions__3,499,249,4,4,0.7670682730923695,0.5201605709188225,0.6607047279214987,0.12222378062261391,0.04076838307082653,0.00015625916421413422,,,,,
blood_transfusion,2,2,9,60,RandomFuzzyRules__max_literal_repetitions__1,499,249,4,4,0.7630522088353414,0.511685994647636,0.6739518287243532,0.07904701000787433,0.08856055419892073,0.00018880795687437057,,,,,
blood_transfusion,2,2,9,60,RandomFuzzyRules__max_literal_repetitions__2,499,249,4,4,0.7670682730923695,0.5084745762711864,0.6926851025869759,0.11395278774511156,0.0461392467841506,0.00016981828957796097,,,,,
blood_transfusion,2,2,9,60,RandomFuzzyRules__max_literal_repetitions__3,499,249,4,4,0.7590361445783133,0.5265834076717217,0.6728367528991971,0.11001670465683548,0.041138299740850925,0.00015944801270961761,,,,,
blood_transfusion,3,0,10,60,RandomFuzzyRules__max_literal_repetitions__1,498,250,4,4,0.78,0.5416666666666666,0.7248684210526316,0.25421614885788835,0.08844192512333393,0.00018217787146568298,,,,,
blood_transfusion,3,0,10,60,RandomFuzzyRules__max_literal_repetitions__2,498,250,4,4,0.78,0.5416666666666666,0.7308333333333334,0.25421614885788835,0.046096257865428925,0.00016245804727077484,,,,,
blood_transfusion,3,0,10,60,RandomFuzzyRules__max_literal_repetitions__3,498,250,4,4,0.78,0.5416666666666666,0.7212719298245615,0.25421614885788835,0.04142705723643303,0.00015985779464244843,,,,,
blood_transfusion,3,1,11,60,RandomFuzzyRules__max_literal_repetitions__1,499,249,4,4,0.7670682730923695,0.5318465655664586,0.6326494201605709,0.14510037335139508,0.08871744386851788,0.00018525775521993637,,,,,
blood_transfusion,3,1,11,60,RandomFuzzyRules__max_literal_repetitions__2,499,249,4,4,0.7550200803212851,0.49473684210526314,0.6376449598572703,-0.0501436249567321,0.046145327389240265,0.0001700790598988533,,,,,
blood_transfusion,3,1,11,60,RandomFuzzyRules__max_literal_repetitions__3,499,249,4,4,0.7550200803212851,0.49473684210526314,0.6179750223015165,-0.0501436249567321,0.04053740669041872,0.00015771854668855667,,,,,
blood_transfusion,3,2,12,60,RandomFuzzyRules__max_literal_repetitions__1,499,249,4,4,0.7831325301204819,0.5657448706512043,0.6716770740410347,0.25134311871336373,0.0887696510180831,0.00019256770610809326,,,,,
blood_transfusion,3,2,12,60,RandomFuzzyRules__max_literal_repetitions__2,499,249,4,4,0.7751004016064257,0.5546387154326494,0.666235504014273,0.20888420652908452,0.046135867945849895,0.0001649279147386551,,,,,
blood_transfusion,3,2,12,60,RandomFuzzyRules__max_literal_repetitions__3,499,249,4,4,0.7791164658634538,0.5572702943800178,0.6628456735057984,0.22740364489213247,0.040437597781419754,0.0001584179699420929,,,,,
blood_transfusion,4,0,13,60,RandomFuzzyRules__max_literal_repetitions__1,498,250,4,4,0.768,0.5223684210526316,0.6919736842105263,0.15227205232875396,0.08888638112694025,0.00018370803445577621,,,,,
blood_transfusion,4,0,13,60,RandomFuzzyRules__max_literal_repetitions__2,498,250,4,4,0.768,0.5223684210526316,0.7053070175438596,0.15227205232875396,0.04604798834770918,0.00015934836119413376,,,,,
blood_transfusion,4,0,13,60,RandomFuzzyRules__max_literal_repetitions__3,498,250,4,4,0.764,0.5140350877192983,0.6898245614035088,0.11010028639336648,0.04037886764854193,0.00015650782734155655,,,,,
blood_transfusion,4,1,14,60,RandomFuzzyRules__max_literal_repetitions__1,499,249,4,4,0.7630522088353414,0.5350579839429082,0.6575825156110615,0.1392050349573334,0.08832817617803812,0.00019236840307712555,,,,,
blood_transfusion,4,1,14,60,RandomFuzzyRules__max_literal_repetitions__2,499,249,4,4,0.7630522088353414,0.5350579839429082,0.6541926851025869,0.1392050349573334,0.046081727370619774,0.00016706809401512146,,,,,
blood_transfusion,4,1,14,60,RandomFuzzyRules__max_literal_repetitions__3,499,249,4,4,0.7670682730923695,0.5376895628902766,0.6608831400535237,0.15598005945474158,0.04041952732950449,0.000159338116645813,,,,,
blood_transfusion,4,2,15,60,RandomFuzzyRules__max_literal_repetitions__1,499,249,4,4,0.7630522088353414,0.5175289919714541,0.6718554861730598,0.09721000871983618,0.08816536795347929,0.00018541794270277023,,,,,
blood_transfusion,4,2,15,60,RandomFuzzyRules__max_literal_repetitions__2,499,249,4,4,0.7630522088353414,0.511685994647636,0.6615521855486173,0.07904701000787433,0.046065389178693295,0.00017044786363840103,,,,,
blood_transfusion,4,2,15,60,RandomFuzzyRules__max_literal_repetitions__3,499,249,4,4,0.7630522088353414,0.511685994647636,0.6615521855486173,0.07904701000787433,0.040592655539512634,0.00015578791499137878,,,,,
blood_transfusion,5,0,16,60,RandomFuzzyRules__max_literal_repetitions__1,498,250,4,4,0.748,0.5206140350877193,0.6276754385964913,0.07930481988594723,0.08872658200562,0.00018303841352462769,,,,,
blood_transfusion,5,0,16,60,RandomFuzzyRules__max_literal_repetitions__2,498,250,4,4,0.748,0.5206140350877193,0.6276754385964913,0.07930481988594723,0.04627099633216858,0.00016951747238636017,,,,,
blood_transfusion,5,0,16,60,RandomFuzzyRules__max_literal_repetitions__3,498,250,4,4,0.748,0.5206140350877193,0.6276754385964913,0.07930481988594723,0.04122602753341198,0.000166197307407856,,,,,
blood_transfusion,5,1,17,60,RandomFuzzyRules__max_literal_repetitions__1,499,249,4,4,0.7670682730923695,0.5201605709188225,0.67957181088314,0.12222378062261391,0.08888679929077625,0.0001853378489613533,,,,,
blood_transfusion,5,1,17,60,RandomFuzzyRules__max_literal_repetitions__2,499,249,4,4,0.7630522088353414,0.505842997323818,0.6578055307760927,0.055667922621456825,0.04618847742676735,0.0001669684424996376,,,,,
blood_transfusion,5,1,17,60,RandomFuzzyRules__max_literal_repetitions__3,499,249,4,4,0.7630522088353414,0.52921498661909,0.671900089206066,0.12654341288078966,0.04054080601781607,0.0001604091376066208,,,,,
blood_transfusion,5,2,18,60,RandomFuzzyRules__max_literal_repetitions__1,499,249,4,4,0.7791164658634538,0.5514272970561998,0.6913470115967886,0.22275504588022976,0.08854595385491848,0.00018399767577648163,,,,,
blood_transfusion,5,2,18,60,RandomFuzzyRules__max_literal_repetitions__2,499,249,4,4,0.7710843373493976,0.5227921498661909,0.6958965209634256,0.15417184012986176,0.04602713789790869,0.00016364827752113342,,,,,
blood_transfusion,5,2,18,60,RandomFuzzyRules__max_literal_repetitions__3,499,249,4,4,0.7710843373493976,0.5227921498661909,0.6834522747546834,0.15417184012986176,0.04048685636371374,0.00015857815742492676,,,,,
blood_transfusion,6,0,19,60,RandomFuzzyRules__max_literal_repetitions__1,498,250,4,4,0.772,0.5649122807017544,0.6794298245614036,0.220245411121822,0.08866190258413553,0.00018305890262126923,,,,,
blood_transfusion,6,0,19,60,RandomFuzzyRules__max_literal_repetitions__2,498,250,4,4,0.76,0.5342105263157895,0.6691666666666667,0.13669828798194925,0.046097587794065475,0.00016721803694963455,,,,,
blood_transfusion,6,0,19,60,RandomFuzzyRules__max_literal_repetitions__3,498,250,4,4,0.76,0.5285087719298246,0.6693859649122808,0.1242668558465543,0.040452826768159866,0.00016103778034448624,,,,,
blood_transfusion,6,1,20,60,RandomFuzzyRules__max_literal_repetitions__1,499,249,4,4,0.7831325301204819,0.5482158786797502,0.6921052631578948,0.24806539501515715,0.08835977595299482,0.00018733739852905273,,,,,
blood_transfusion,6,1,20,60,RandomFuzzyRules__max_literal_repetitions__2,499,249,4,4,0.7831325301204819,0.5482158786797502,0.6956735057983943,0.24806539501515715,0.04630631487816572,0.00015677791088819504,,,,,
blood_transfusion,6,1,20,60,RandomFuzzyRules__max_literal_repetitions__3,499,249,4,4,0.7831325301204819,0.5482158786797502,0.6895182872435325,0.24806539501515715,0.04140844754874706,0.00016030855476856232,,,,,
blood_transfusion,6,2,21,60,RandomFuzzyRules__max_literal_repetitions__1,499,249,4,4,0.7710843373493976,0.5227921498661909,0.6669045495093666,0.15417184012986176,0.08929798565804958,0.00018506869673728943,,,,,
blood_transfusion,6,2,21,60,RandomFuzzyRules__max_literal_repetitions__2,499,249,4,4,0.7630522088353414,0.505842997323818,0.6560660124888493,0.055667922621456825,0.046416014432907104,0.00016417726874351501,,,,,
blood_transfusion,6,2,21,60,RandomFuzzyRules__max_literal_repetitions__3,499,249,4,4,0.7630522088353414,0.505842997323818,0.6560660124888493,0.055667922621456825,0.04060445539653301,0.00015984755009412766,,,,,
blood_transfusion,7,0,22,60,RandomFuzzyRules__max_literal_repetitions__1,498,250,4,4,0.772,0.5364035087719298,0.6686842105263158,0.18848357473056354,0.0885311234742403,0.0001907777041196823,,,,,
blood_transfusion,7,0,22,60,RandomFuzzyRules__max_literal_repetitions__2,498,250,4,4,0.772,0.5364035087719298,0.6644736842105263,0.18848357473056354,0.04610206838697195,0.0001719985157251358,,,,,
blood_transfusion,7,0,22,60,RandomFuzzyRules__max_literal_repetitions__3,498,250,4,4,0.772,0.5364035087719298,0.6647368421052631,0.18848357473056354,0.0408026734367013,0.00016298796981573105,,,,,
blood_transfusion,7,1,23,60,RandomFuzzyRules__max_literal_repetitions__1,499,249,4,4,0.751004016064257,0.5037912578055308,0.5934433541480821,0.019505604603411986,0.08849178440868855,0.00019013788551092148,,,,,
blood_transfusion,7,1,23,60,RandomFuzzyRules__max_literal_repetitions__2,499,249,4,4,0.751004016064257,0.5037912578055308,0.5927297056199822,0.019505604603411986,0.046206867322325706,0.00017404835671186447,,,,,
blood_transfusion,7,1,23,60,RandomFuzzyRules__max_literal_repetitions__3,499,249,4,4,0.751004016064257,0.5037912578055308,0.597636039250669,0.019505604603411986,0.04096650145947933,0.00016010738909244537,,,,,
blood_transfusion,7,2,24,60,RandomFuzzyRules__max_literal_repetitions__1,499,249,4,4,0.7791164658634538,0.5631132917038358,0.742506690454951,0.23299987315039888,0.08880459051579237,0.00018487777560949326,,,,,
blood_transfusion,7,2,24,60,RandomFuzzyRules__max_literal_repetitions__2,499,249,4,4,0.7630522088353414,0.505842997323818,0.7239964317573595,0.055667922621456825,0.04660208337008953,0.00016630813479423523,,,,,
blood_transfusion,7,2,24,60,RandomFuzzyRules__max_literal_repetitions__3,499,249,4,4,0.7630522088353414,0.505842997323818,0.7383586083853703,0.055667922621456825,0.04087997227907181,0.00015983916819095612,,,,,
blood_transfusion,8,0,25,60,RandomFuzzyRules__max_literal_repetitions__1,498,250,4,4,0.776,0.5447368421052632,0.6369736842105264,0.21711761995757453,0.08843951486051083,0.000183887779712677,,,,,
blood_transfusion,8,0,25,60,RandomFuzzyRules__max_literal_repetitions__2,498,250,4,4,0.768,0.5166666666666667,0.6453947368421054,0.15980498868496612,0.046425674110651016,0.00016386806964874268,,,,,
blood_transfusion,8,0,25,60,RandomFuzzyRules__max_literal_repetitions__3,498,250,4,4,0.76,0.5342105263157895,0.6210964912280702,0.13669828798194925,0.04034396819770336,0.00015252735465765,,,,,
blood_transfusion,8,1,26,60,RandomFuzzyRules__max_literal_repetitions__1,499,249,4,4,0.7751004016064257,0.5371097234611953,0.6843443354148082,0.19092544741222087,0.08923914656043053,0.00018479861319065094,,,,,
blood_transfusion,8,1,26,60,RandomFuzzyRules__max_literal_repetitions__2,499,249,4,4,0.7670682730923695,0.5143175735950044,0.7012042818911686,0.11160253132111432,0.045877099968492985,0.00016395840793848038,,,,,
blood_transfusion,8,1,26,60,RandomFuzzyRules__max_literal_repetitions__3,499,249,4,4,0.7670682730923695,0.5201605709188225,0.667885816235504,0.12222378062261391,0.040978570468723774,0.00016081985086202621,,,,,
blood_transfusion,8,2,27,60,RandomFuzzyRules__max_literal_repetitions__1,499,249,4,4,0.7751004016064257,0.5487957181088314,0.7152096342551293,0.20194341425264767,0.08859467320144176,0.00018596835434436798,,,,,
blood_transfusion,8,2,27,60,RandomFuzzyRules__max_literal_repetitions__2,499,249,4,4,0.7751004016064257,0.5487957181088314,0.7217216770740411,0.20194341425264767,0.04621554724872112,0.00016979873180389404,,,,,
blood_transfusion,8,2,27,60,RandomFuzzyRules__max_literal_repetitions__3,499,249,4,4,0.7751004016064257,0.5487957181088314,0.7106601248884924,0.20194341425264767,0.04066625516861677,0.00016034767031669617,,,,,
blood_transfusion,9,0,28,60,RandomFuzzyRules__max_literal_repetitions__1,498,250,4,4,0.784,0.55,0.7489912280701754,0.27904991033687215,0.09289548732340336,0.00019115768373012543,,,,,
blood_transfusion,9,0,28,60,RandomFuzzyRules__max_literal_repetitions__2,498,250,4,4,0.78,0.5473684210526316,0.7339035087719298,0.2452557357939863,0.046666751615703106,0.00016845762729644775,,,,,
blood_transfusion,9,0,28,60,RandomFuzzyRules__max_literal_repetitions__3,498,250,4,4,0.78,0.5473684210526316,0.7344298245614034,0.2452557357939863,0.041005510836839676,0.00014926865696907043,,,,,
blood_transfusion,9,1,29,60,RandomFuzzyRules__max_literal_repetitions__1,499,249,4,4,0.7710843373493976,0.5286351471900089,0.6061552185548618,0.15880108294690795,0.08893871027976274,0.00019525829702615738,,,,,
blood_transfusion,9,1,29,60,RandomFuzzyRules__max_literal_repetitions__2,499,249,4,4,0.7670682730923695,0.5201605709188225,0.5986619090098126,0.12222378062261391,0.04606437776237726,0.00017242878675460815,,,,,
blood_transfusion,9,1,29,60,RandomFuzzyRules__max_literal_repetitions__3,499,249,4,4,0.7550200803212851,0.5122658340767172,0.6020963425512935,0.059152945187663515,0.04047492705285549,0.00015957746654748917,,,,,
blood_transfusion,9,2,30,60,RandomFuzzyRules__max_literal_repetitions__1,499,249,4,4,0.7710843373493976,0.546164139161463,0.6867082961641392,0.18330433992473294,0.08867997210472822,0.00018521957099437714,,,,,
blood_transfusion,9,2,30,60,RandomFuzzyRules__max_literal_repetitions__2,499,249,4,4,0.7630522088353414,0.5175289919714541,0.6769848349687779,0.09721000871983618,0.046339014545083046,0.00016638822853565216,,,,,
blood_transfusion,9,2,30,60,RandomFuzzyRules__max_literal_repetitions__3,499,249,4,4,0.7630522088353414,0.5175289919714541,0.6769848349687779,0.09721000871983618,0.040434086695313454,0.00015754904597997665,,,,,
blood_transfusion,10,0,31,60,RandomFuzzyRules__max_literal_repetitions__1,498,250,4,4,0.772,0.5421052631578948,0.6894298245614034,0.19305854615147142,0.08873092103749514,0.00019141845405101776,,,,,
blood_transfusion,10,0,31,60,RandomFuzzyRules__max_literal_repetitions__2,498,250,4,4,0.768,0.5223684210526316,0.6962719298245614,0.15227205232875396,0.04602875933051109,0.0001605777069926262,,,,,
blood_transfusion,10,0,31,60,RandomFuzzyRules__max_literal_repetitions__3,498,250,4,4,0.768,0.5223684210526316,0.6773245614035087,0.15227205232875396,0.04100925102829933,0.00016005896031856537,,,,,
blood_transfusion,10,1,32,60,RandomFuzzyRules__max_literal_repetitions__1,499,249,4,4,0.7469879518072289,0.5479036574487065,0.6729259589652096,0.13803988701594322,0.08809365797787905,0.00019482802599668503,,,,,
blood_transfusion,10,1,32,60,RandomFuzzyRules__max_literal_repetitions__2,499,249,4,4,0.7590361445783133,0.5265834076717217,0.6626226583407672,0.11001670465683548,0.04646820388734341,0.0001650182530283928,,,,,
blood_transfusion,10,1,32,60,RandomFuzzyRules__max_literal_repetitions__3,499,249,4,4,0.7630522088353414,0.52921498661909,0.6642729705619982,0.12654341288078966,0.040915101766586304,0.0001588389277458191,,,,,
blood_transfusion,10,2,33,60,RandomFuzzyRules__max_literal_repetitions__1,499,249,4,4,0.7670682730923695,0.5084745762711864,0.6487065120428188,0.11395278774511156,0.0893380856141448,0.00019271858036518097,,,,,
blood_transfusion,10,2,33,60,RandomFuzzyRules__max_literal_repetitions__2,499,249,4,4,0.7670682730923695,0.5084745762711864,0.6824710080285459,0.11395278774511156,0.04629851598292589,0.0001637078821659088,,,,,
blood_transfusion,10,2,33,60,RandomFuzzyRules__max_literal_repetitions__3,499,249,4,4,0.7670682730923695,0.5084745762711864,0.670829616413916,0.11395278774511156,0.040414116345345974,0.0001508677378296852,,,,,
blood_transfusion,11,0,34,60,RandomFuzzyRules__max_literal_repetitions__1,498,250,4,4,0.78,0.5530701754385965,0.700921052631579,0.24333420921175045,0.08851872384548187,0.00018463842570781708,,,,,
blood_transfusion,11,0,34,60,RandomFuzzyRules__max_literal_repetitions__2,498,250,4,4,0.784,0.5557017543859649,0.7117543859649123,0.2703327228883526,0.046280776150524616,0.00016207806766033173,,,,,
blood_transfusion,11,0,34,60,RandomFuzzyRules__max_literal_repetitions__3,498,250,4,4,0.78,0.5530701754385965,0.7054824561403509,0.24333420921175045,0.04081540368497372,0.00015812832862138748,,,,,
blood_transfusion,11,1,35,60,RandomFuzzyRules__max_literal_repetitions__1,499,249,4,4,0.7710843373493976,0.5227921498661909,0.6885816235504014,0.15417184012986176,0.08917556796222925,0.00018786638975143433,,,,,
blood_transfusion,11,1,35,60,RandomFuzzyRules__max_literal_repetitions__2,499,249,4,4,0.7630522088353414,0.505842997323818,0.667885816235504,0.055667922621456825,0.04662452172487974,0.00017011724412441254,,,,,
blood_transfusion,11,1,35,60,RandomFuzzyRules__max_literal_repetitions__3,499,249,4,4,0.7630522088353414,0.505842997323818,0.68028545941124,0.055667922621456825,0.04060054663568735,0.00016017816960811615,,,,,
blood_transfusion,11,2,36,60,RandomFuzzyRules__max_literal_repetitions__1,499,249,4,4,0.7469879518072289,0.5186886708296163,0.6056199821587868,0.0689943087279273,0.08932225499302149,0.0001823892816901207,,,,,
blood_transfusion,11,2,36,60,RandomFuzzyRules__max_literal_repetitions__2,499,249,4,4,0.7469879518072289,0.5186886708296163,0.6066012488849242,0.0689943087279273,0.04606090858578682,0.00016389787197113037,,,,,
blood_transfusion,11,2,36,60,RandomFuzzyRules__max_literal_repetitions__3,499,249,4,4,0.7429718875502008,0.521900089206066,0.6148082069580731,0.0738431530860984,0.04049731604754925,0.0001585986465215683,,,,,
blood_transfusion,12,0,37,60,RandomFuzzyRules__max_literal_repetitions__1,498,250,4,4,0.776,0.5618421052631579,0.6621052631578948,0.2297453169631467,0.08858085330575705,0.00019081775099039078,,,,,
blood_transfusion,12,0,37,60,RandomFuzzyRules__max_literal_repetitions__2,498,250,4,4,0.768,0.5223684210526316,0.6744736842105263,0.15227205232875396,0.046389575116336346,0.00016256794333457947,,,,,
blood_transfusion,12,0,37,60,RandomFuzzyRules__max_literal_repetitions__3,498,250,4,4,0.768,0.5280701754385965,0.6541666666666667,0.15665959878561245,0.0406993143260479,0.00015491805970668793,,,,,
blood_transfusion,12,1,38,60,RandomFuzzyRules__max_literal_repetitions__1,499,249,4,4,0.7630522088353414,0.5175289919714541,0.6689562890276538,0.09721000871983618,0.0883637759834528,0.00018803775310516357,,,,,
blood_transfusion,12,1,38,60,RandomFuzzyRules__max_literal_repetitions__2,499,249,4,4,0.7429718875502008,0.49852809991079394,0.6500892060660125,-0.0067063197767451505,0.04613020829856396,0.00016306806355714798,,,,,
blood_transfusion,12,1,38,60,RandomFuzzyRules__max_literal_repetitions__3,499,249,4,4,0.7429718875502008,0.5043710972346119,0.6567796610169492,0.018089995061023285,0.04064228478819132,0.00016002822667360306,,,,,
blood_transfusion,12,2,39,60,RandomFuzzyRules__max_literal_repetitions__1,499,249,4,4,0.7670682730923695,0.5143175735950044,0.6838090990187333,0.11160253132111432,0.08877922128885984,0.00018583890050649643,,,,,
blood_transfusion,12,2,39,60,RandomFuzzyRules__max_literal_repetitions__2,499,249,4,4,0.7710843373493976,0.5169491525423728,0.6933541480820695,0.16147947019964576,0.0465166037902236,0.00016967859119176865,,,,,
blood_transfusion,12,2,39,60,RandomFuzzyRules__max_literal_repetitions__3,499,249,4,4,0.7710843373493976,0.5169491525423728,0.6933541480820695,0.16147947019964576,0.040769643150269985,0.00016088783740997314,,,,,
blood_transfusion,13,0,40,60,RandomFuzzyRules__max_literal_repetitions__1,498,250,4,4,0.768,0.5394736842105263,0.6820614035087719,0.17206180040292132,0.08833085559308529,0.00018254760652780533,,,,,
blood_transfusion,13,0,40,60,RandomFuzzyRules__max_literal_repetitions__2,498,250,4,4,0.764,0.5140350877192983,0.6975877192982456,0.11010028639336648,0.04596573859453201,0.00016157887876033783,,,,,
blood_transfusion,13,0,40,60,RandomFuzzyRules__max_literal_repetitions__3,498,250,4,4,0.764,0.5197368421052632,0.6774561403508771,0.12041817577478922,0.04046015627682209,0.00015784893184900284,,,,,
blood_transfusion,13,1,41,60,RandomFuzzyRules__max_literal_repetitions__1,499,249,4,4,0.7670682730923695,0.5084745762711864,0.6743086529884033,0.11395278774511156,0.08872032258659601,0.00018700771033763885,,,,,
blood_transfusion,13,1,41,60,RandomFuzzyRules__max_literal_repetitions__2,499,249,4,4,0.7831325301204819,0.5423728813559322,0.6652988403211418,0.25688626458292746,0.04626694694161415,0.00016661826521158218,,,,,
blood_transfusion,13,1,41,60,RandomFuzzyRules__max_literal_repetitions__3,499,249,4,4,0.7831325301204819,0.5423728813559322,0.6580731489741303,0.25688626458292746,0.04085503239184618,0.0001620696857571602,,,,,
blood_transfusion,13,2,42,60,RandomFuzzyRules__max_literal_repetitions__1,499,249,4,4,0.7630522088353414,0.52921498661909,0.6882694023193576,0.12654341288078966,0.088354735635221,0.00019263848662376404,,,,,
blood_transfusion,13,2,42,60,RandomFuzzyRules__max_literal_repetitions__2,499,249,4,4,0.7590361445783133,0.5148974130240856,0.6738180196253345,0.07664555220634828,0.046031649224460125,0.00016870815306901932,,,,,
blood_transfusion,13,2,42,60,RandomFuzzyRules__max_literal_repetitions__3,499,249,4,4,0.7550200803212851,0.5239518287243532,0.6669045495093666,0.0951057299899339,0.04063973482698202,0.0001655779778957367,,,,,
blood_transfusion,14,0,43,60,RandomFuzzyRules__max_literal_repetitions__1,498,250,4,4,0.768,0.5166666666666667,0.7310964912280702,0.15980498868496612,0.08752720430493355,0.00018549803644418716,,,,,
blood_transfusion,14,0,43,60,RandomFuzzyRules__max_literal_repetitions__2,498,250,4,4,0.768,0.5166666666666667,0.7440789473684211,0.15980498868496612,0.045970519073307514,0.00016659870743751526,,,,,
blood_transfusion,14,0,43,60,RandomFuzzyRules__max_literal_repetitions__3,498,250,4,4,0.764,0.5083333333333333,0.7181578947368421,0.11277205688432909,0.04078443255275488,0.00015861820429563522,,,,,
blood_transfusion,14,1,44,60,RandomFuzzyRules__max_literal_repetitions__1,499,249,4,4,0.751004016064257,0.5271632471008029,0.648349687778769,0.09708696569820134,0.08887326065450907,0.0001865178346633911,,,,,
blood_transfusion,14,1,44,60,RandomFuzzyRules__max_literal_repetitions__2,499,249,4,4,0.751004016064257,0.5271632471008029,0.6477252453166815,0.09708696569820134,0.04626965615898371,0.00016286782920360565,,,,,
blood_transfusion,14,1,44,60,RandomFuzzyRules__max_literal_repetitions__3,499,249,4,4,0.7550200803212851,0.5297948260481713,0.6497769848349688,0.10999569983354521,0.040417087264359,0.00015867967158555984,,,,,
blood_transfusion,14,2,45,60,RandomFuzzyRules__max_literal_repetitions__1,499,249,4,4,0.7751004016064257,0.5371097234611953,0.6380017841213202,0.19092544741222087,0.08881433121860027,0.00019114743918180466,,,,,
blood_transfusion,14,2,45,60,RandomFuzzyRules__max_literal_repetitions__2,499,249,4,4,0.7791164658634538,0.5338983050847458,0.6543264942016056,0.2292966702518492,0.04651734326034784,0.00016671884804964066,,,,,
blood_transfusion,14,2,45,60,RandomFuzzyRules__max_literal_repetitions__3,499,249,4,4,0.7710843373493976,0.546164139161463,0.6303300624442462,0.18330433992473294,0.04079132340848446,0.00016142893582582474,,,,,
blood_transfusion,15,0,46,60,RandomFuzzyRules__max_literal_repetitions__1,498,250,4,4,0.772,0.5421052631578948,0.7059210526315789,0.19305854615147142,0.08926101494580507,0.00018233805894851685,,,,,
blood_transfusion,15,0,46,60,RandomFuzzyRules__max_literal_repetitions__2,498,250,4,4,0.768,0.5166666666666667,0.7239035087719299,0.15980498868496612,0.046333225443959236,0.00016914773732423782,,,,,
blood_transfusion,15,0,46,60,RandomFuzzyRules__max_literal_repetitions__3,498,250,4,4,0.764,0.5083333333333333,0.7032017543859649,0.11277205688432909,0.04065254423767328,0.00015872810035943985,,,,,
blood_transfusion,15,1,47,60,RandomFuzzyRules__max_literal_repetitions__1,499,249,4,4,0.7710843373493976,0.5344781445138269,0.6524085637823371,0.16627355138205055,0.08914837706834078,0.00019198749214410782,,,,,
blood_transfusion,15,1,47,60,RandomFuzzyRules__max_literal_repetitions__2,499,249,4,4,0.7630522088353414,0.5175289919714541,0.6397859054415701,0.09721000871983618,0.04614448733627796,0.00016716867685317993,,,,,
blood_transfusion,15,1,47,60,RandomFuzzyRules__max_literal_repetitions__3,499,249,4,4,0.7630522088353414,0.5175289919714541,0.6389384478144514,0.09721000871983618,0.04087691195309162,0.0001712879166007042,,,,,
blood_transfusion,15,2,48,60,RandomFuzzyRules__max_literal_repetitions__1,499,249,4,4,0.7710843373493976,0.540321141837645,0.6643621766280107,0.17464922938050972,0.08879752084612846,0.00018458813428878784,,,,,
blood_transfusion,15,2,48,60,RandomFuzzyRules__max_literal_repetitions__2,499,249,4,4,0.7751004016064257,0.5429527207850133,0.6699821587867976,0.19570260439410847,0.046458334662020206,0.00016979780048131943,,,,,
blood_transfusion,15,2,48,60,RandomFuzzyRules__max_literal_repetitions__3,499,249,4,4,0.7710843373493976,0.540321141837645,0.6610169491525424,0.17464922938050972,0.041035749949514866,0.00015441887080669403,,,,,
blood_transfusion,16,0,49,60,RandomFuzzyRules__max_literal_repetitions__1,498,250,4,4,0.76,0.5399122807017543,0.6507894736842105,0.14827534640883938,0.08860529214143753,0.00018541794270277023,,,,,
blood_transfusion,16,0,49,60,RandomFuzzyRules__max_literal_repetitions__2,498,250,4,4,0.764,0.5140350877192983,0.6582456140350877,0.11010028639336648,0.0460569579154253,0.0001612883061170578,,,,,
blood_transfusion,16,0,49,60,RandomFuzzyRules__max_literal_repetitions__3,498,250,4,4,0.764,0.5140350877192983,0.6582456140350877,0.11010028639336648,0.04080770257860422,0.00015603844076395035,,,,,
blood_transfusion,16,1,50,60,RandomFuzzyRules__max_literal_repetitions__1,499,249,4,4,0.7751004016064257,0.5429527207850133,0.7074487065120427,0.19570260439410847,0.08891567029058933,0.00018575787544250488,,,,,
blood_transfusion,16,1,50,60,RandomFuzzyRules__max_literal_repetitions__2,499,249,4,4,0.7710843373493976,0.5286351471900089,0.6943354148082069,0.15880108294690795,0.04611550737172365,0.00016524828970432281,,,,,
blood_transfusion,16,1,50,60,RandomFuzzyRules__max_literal_repetitions__3,499,249,4,4,0.7710843373493976,0.5286351471900089,0.6939339875111507,0.15880108294690795,0.040657385252416134,0.00016352813690900803,,,,,
blood_transfusion,16,2,51,60,RandomFuzzyRules__max_literal_repetitions__1,499,249,4,4,0.7630522088353414,0.511685994647636,0.6751561106155218,0.07904701000787433,0.08873410057276487,0.00018484797328710556,,,,,
blood_transfusion,16,2,51,60,RandomFuzzyRules__max_literal_repetitions__2,499,249,4,4,0.7670682730923695,0.5201605709188225,0.6440231935771632,0.12222378062261391,0.04652553237974644,0.00016454793512821198,,,,,
blood_transfusion,16,2,51,60,RandomFuzzyRules__max_literal_repetitions__3,499,249,4,4,0.7670682730923695,0.5201605709188225,0.6491079393398751,0.12222378062261391,0.041315266862511635,0.00016231928020715714,,,,,
blood_transfusion,17,0,52,60,RandomFuzzyRules__max_literal_repetitions__1,498,250,4,4,0.748,0.5092105263157894,0.6650877192982456,0.042231556970634375,0.08867257181555033,0.00018564797937870026,,,,,
blood_transfusion,17,0,52,60,RandomFuzzyRules__max_literal_repetitions__2,498,250,4,4,0.748,0.5092105263157894,0.6598245614035088,0.042231556970634375,0.046023848466575146,0.0001596882939338684,,,,,
blood_transfusion,17,0,52,60,RandomFuzzyRules__max_literal_repetitions__3,498,250,4,4,0.76,0.5171052631578947,0.6750877192982456,0.09546444300998258,0.04103817045688629,0.00015272758901119232,,,,,
blood_transfusion,17,1,53,60,RandomFuzzyRules__max_literal_repetitions__1,499,249,4,4,0.7871485943775101,0.5566904549509366,0.6996877787689563,0.27339415757643754,0.08887533005326986,0.00018537789583206177,,,,,
blood_transfusion,17,1,53,60,RandomFuzzyRules__max_literal_repetitions__2,499,249,4,4,0.7710843373493976,0.5227921498661909,0.7114183764495985,0.15417184012986176,0.04594001919031143,0.00016189832240343094,,,,,
blood_transfusion,17,1,53,60,RandomFuzzyRules__max_literal_repetitions__3,499,249,4,4,0.7710843373493976,0.5227921498661909,0.6875557537912578,0.15417184012986176,0.041117520071566105,0.00016157794743776321,,,,,
blood_transfusion,17,2,54,60,RandomFuzzyRules__max_literal_repetitions__1,499,249,4,4,0.7831325301204819,0.5657448706512043,0.6575825156110615,0.25134311871336373,0.08877305034548044,0.00018801726400852203,,,,,
blood_transfusion,17,2,54,60,RandomFuzzyRules__max_literal_repetitions__2,499,249,4,4,0.7630522088353414,0.5350579839429082,0.6383140053523639,0.1392050349573334,0.04610790777951479,0.00015664845705032349,,,,,
blood_transfusion,17,2,54,60,RandomFuzzyRules__max_literal_repetitions__3,499,249,4,4,0.7630522088353414,0.5409009812667261,0.6375111507582516,0.1509970909391631,0.04084755200892687,0.00015969853848218918,,,,,
blood_transfusion,18,0,55,60,RandomFuzzyRules__max_literal_repetitions__1,498,250,4,4,0.784,0.5614035087719298,0.6965350877192983,0.2676516895156554,0.08884274028241634,0.00018155761063098907,,,,,
blood_transfusion,18,0,55,60,RandomFuzzyRules__max_literal_repetitions__2,498,250,4,4,0.776,0.5333333333333333,0.7083771929824562,0.2269152152350059,0.04635964520275593,0.0001594899222254753,,,,,
blood_transfusion,18,0,55,60,RandomFuzzyRules__max_literal_repetitions__3,498,250,4,4,0.776,0.5447368421052632,0.6829824561403509,0.21711761995757453,0.04081135243177414,0.00015935860574245453,,,,,
blood_transfusion,18,1,56,60,RandomFuzzyRules__max_literal_repetitions__1,499,249,4,4,0.7550200803212851,0.5181088314005352,0.714406779661017,0.07843759638106963,0.0888621099293232,0.0001829182729125023,,,,,
blood_transfusion,18,1,56,60,RandomFuzzyRules__max_literal_repetitions__2,499,249,4,4,0.751004016064257,0.5037912578055308,0.7051293487957182,0.019505604603411986,0.04590622894465923,0.0001712879166007042,,,,,
blood_transfusion,18,1,56,60,RandomFuzzyRules__max_literal_repetitions__3,499,249,4,4,0.751004016064257,0.5037912578055308,0.7000446030330063,0.019505604603411986,0.040696063078939915,0.00016454793512821198,,,,,
blood_transfusion,18,2,57,60,RandomFuzzyRules__max_literal_repetitions__1,499,249,4,4,0.7871485943775101,0.5566904549509366,0.6174843889384478,0.27339415757643754,0.08825024589896202,0.00018198788166046143,,,,,
blood_transfusion,18,2,57,60,RandomFuzzyRules__max_literal_repetitions__2,499,249,4,4,0.7751004016064257,0.5312667261373774,0.631578947368421,0.18955502260277068,0.046592933125793934,0.0001638876274228096,,,,,
blood_transfusion,18,2,57,60,RandomFuzzyRules__max_literal_repetitions__3,499,249,4,4,0.7751004016064257,0.5312667261373774,0.613113291703836,0.18955502260277068,0.04082203283905983,0.00016155745834112167,,,,,
blood_transfusion,19,0,58,60,RandomFuzzyRules__max_literal_repetitions__1,498,250,4,4,0.768,0.5337719298245613,0.6648245614035088,0.16390251702679645,0.08902744762599468,0.00018087774515151978,,,,,
blood_transfusion,19,0,58,60,RandomFuzzyRules__max_literal_repetitions__2,498,250,4,4,0.768,0.5337719298245613,0.6648245614035088,0.16390251702679645,0.04622514732182026,0.00015954859554767609,,,,,
blood_transfusion,19,0,58,60,RandomFuzzyRules__max_literal_repetitions__3,498,250,4,4,0.772,0.5364035087719298,0.6708333333333333,0.18848357473056354,0.04096521157771349,0.00016113929450511932,,,,,
blood_transfusion,19,1,59,60,RandomFuzzyRules__max_literal_repetitions__1,499,249,4,4,0.7791164658634538,0.5631132917038358,0.7527653880463872,0.23299987315039888,0.08888831920921803,0.00018629804253578186,,,,,
blood_transfusion,19,1,59,60,RandomFuzzyRules__max_literal_repetitions__2,499,249,4,4,0.7710843373493976,0.5344781445138269,0.7552631578947369,0.16627355138205055,0.04644816368818283,0.00016929768025875092,,,,,
blood_transfusion,19,1,59,60,RandomFuzzyRules__max_literal_repetitions__3,499,249,4,4,0.7670682730923695,0.5318465655664586,0.7429527207850133,0.14510037335139508,0.041077869944274426,0.00016133766621351242,,,,,
blood_transfusion,19,2,60,60,RandomFuzzyRules__max_literal_repetitions__1,499,249,4,4,0.7751004016064257,0.5254237288135594,0.6125334522747548,0.19817271916833384,0.08896277938038111,0.0001872275024652481,,,,,
blood_transfusion,19,2,60,60,RandomFuzzyRules__max_literal_repetitions__2,499,249,4,4,0.7670682730923695,0.5084745762711864,0.6250223015165032,0.11395278774511156,0.04611339699476957,0.000166257843375206,,,,,
blood_transfusion,19,2,60,60,RandomFuzzyRules__max_literal_repetitions__3,499,249,4,4,0.7630522088353414,0.5,0.5999107939339875,0.0,0.040684593841433525,0.0001570284366607666,,,,,
coil_2000,0,0,1,9,RandomFuzzyRules__max_literal_repetitions__1,6548,3274,85,149,0.9404398289554062,0.5024017121776134,0.5024017121776134,0.04600991814065365,0.08022106159478426,0.0027885008603334427,,,,,
coil_2000,0,0,1,9,RandomFuzzyRules__max_literal_repetitions__2,6548,3274,85,149,0.9395235186316433,0.49951282884053266,0.49951282884053266,-0.007621365970598838,0.06873621139675379,0.002626202069222927,,,,,
coil_2000,0,0,1,9,RandomFuzzyRules__max_literal_repetitions__3,6548,3274,85,149,0.9401343921808186,0.49983760961351087,0.5139106103380219,-0.004398853096460458,0.0666018733754754,0.0026379218325018883,,,,,
coil_2000,0,1,2,9,RandomFuzzyRules__max_literal_repetitions__1,6548,3274,85,149,0.9395235186316433,0.49951282884053266,0.49951282884053266,-0.007621365970598838,0.06480768229812384,0.0010481588542461395,,,,,
coil_2000,0,1,2,9,RandomFuzzyRules__max_literal_repetitions__2,6548,3274,85,149,0.9395235186316433,0.49951282884053266,0.49951282884053266,-0.007621365970598838,0.0676657510921359,0.0011187484487891197,,,,,
coil_2000,0,1,2,9,RandomFuzzyRules__max_literal_repetitions__3,6548,3274,85,149,0.9395235186316433,0.49951282884053266,0.49951282884053266,-0.007621365970598838,0.06882302928715944,0.0010353997349739075,,,,,
coil_2000,0,2,3,9,RandomFuzzyRules__max_literal_repetitions__1,6548,3274,85,149,0.9395235186316433,0.4996751137102014,0.5086940234183341,-0.006238814577728774,0.06307987961918116,0.0010724691674113274,,,,,
coil_2000,0,2,3,9,RandomFuzzyRules__max_literal_repetitions__2,6548,3274,85,149,0.9398289554062309,0.49983755685510073,0.4991877842755036,-0.004410834118750634,0.06693249009549618,0.001077277585864067,,,,,
coil_2000,0,2,3,9,RandomFuzzyRules__max_literal_repetitions__3,6548,3274,85,149,0.9395235186316433,0.4996751137102014,0.5043229767540546,-0.006238814577728774,0.06828459538519382,0.001038980670273304,,,,,
coil_2000,1,0,4,9,RandomFuzzyRules__max_literal_repetitions__1,6548,3274,85,149,0.9404398289554062,0.5,0.5,0.0,0.06338853761553764,0.0010032681748270988,,,,,
coil_2000,1,0,4,9,RandomFuzzyRules__max_literal_repetitions__2,6548,3274,85,149,0.9404398289554062,0.5,0.49983760961351087,0.0,0.06683115102350712,0.0010330593213438988,,,,,
coil_2000,1,0,4,9,RandomFuzzyRules__max_literal_repetitions__3,6548,3274,85,149,0.9404398289554062,0.5,0.5014232060026149,0.0,0.0684069637209177,0.0009975181892514229,,,,,
coil_2000,1,1,5,9,RandomFuzzyRules__max_literal_repetitions__1,6548,3274,85,149,0.9401343921808186,0.49983760961351087,0.49983760961351087,-0.004398853096460458,0.06354500446468592,0.0010579489171504974,,,,,
coil_2000,1,1,5,9,RandomFuzzyRules__max_literal_repetitions__2,6548,3274,85,149,0.9404398289554062,0.5,0.5,0.0,0.06738483440130949,0.0010508093982934952,,,,,
coil_2000,1,1,5,9,RandomFuzzyRules__max_literal_repetitions__3,6548,3274,85,149,0.9407452657299938,0.504965814741716,0.5164863716991033,0.07768582099603567,0.06746474374085665,0.0010409289970993996,,,,,
coil_2000,1,2,6,9,RandomFuzzyRules__max_literal_repetitions__1,6548,3274,85,149,0.9392180818570556,0.49951267056530213,0.5018979326623436,-0.007642124053120121,0.06386027112603188,0.0025446834042668343,,,,,
coil_2000,1,2,6,9,RandomFuzzyRules__max_literal_repetitions__2,6548,3274,85,149,0.9395235186316433,0.4996751137102014,0.5015631008738779,-0.006238814577728774,0.06616359669715166,0.0025832531973719597,,,,,
coil_2000,1,2,6,9,RandomFuzzyRules__max_literal_repetitions__3,6548,3274,85,149,0.9395235186316433,0.4996751137102014,0.5015929373698799,-0.006238814577728774,0.06800802797079086,0.0024906136095523834,,,,,
coil_2000,2,0,7,9,RandomFuzzyRules__max_literal_repetitions__1,6548,3274,85,149,0.9401343921808186,0.49983760961351087,0.49983760961351087,-0.004398853096460458,0.06372887268662453,0.0010667089372873306,,,,,
coil_2000,2,0,7,9,RandomFuzzyRules__max_literal_repetitions__2,6548,3274,85,149,0.9379963347587049,0.49870087690808707,0.49870087690808707,-0.012455161538191857,0.06726124510169029,0.0010492084547877312,,,,,
coil_2000,2,0,7,9,RandomFuzzyRules__max_literal_repetitions__3,6548,3274,85,149,0.9401343921808186,0.49983760961351087,0.5060617416577143,-0.004398853096460458,0.06788629014045,0.0010375790297985077,,,,,
coil_2000,2,1,8,9,RandomFuzzyRules__max_literal_repetitions__1,6548,3274,85,149,0.9401343921808186,0.49983760961351087,0.49983760961351087,-0.004398853096460458,0.06364224385470152,0.0010664882138371468,,,,,
coil_2000,2,1,8,9,RandomFuzzyRules__max_literal_repetitions__2,6548,3274,85,149,0.9398289554062309,0.49967521922702174,0.5000449696454893,-0.0062218682645128025,0.06753615289926529,0.0010546483099460602,,,,,
coil_2000,2,1,8,9,RandomFuzzyRules__max_literal_repetitions__3,6548,3274,85,149,0.9401343921808186,0.49983760961351087,0.5094336322981987,-0.004398853096460458,0.07513362355530262,0.0010322397574782372,,,,,
coil_2000,2,2,9,9,RandomFuzzyRules__max_literal_repetitions__1,6548,3274,85,149,0.9392180818570556,0.5019012478285662,0.5017388046836668,0.023101416367942464,0.06539756618440151,0.0010426994413137436,,,,,
coil_2000,2,2,9,9,RandomFuzzyRules__max_literal_repetitions__2,6548,3274,85,149,0.938912645082468,0.5017388046836668,0.5017388046836668,0.01928974521168712,0.06586320977658033,0.001025049015879631,,,,,
coil_2000,2,2,9,9,RandomFuzzyRules__max_literal_repetitions__3,6548,3274,85,149,0.938912645082468,0.5017388046836668,0.5017396334752224,0.01928974521168712,0.06859685201197863,0.0010355683043599129,,,,,
credit_approval,0,0,1,60,RandomFuzzyRules__max_literal_repetitions__1,460,230,15,46,0.8347826086956521,0.8455882352941176,0.8455882352941176,0.6911764705882353,0.019719542935490608,0.00015736930072307587,,,,,
credit_approval,0,0,1,60,RandomFuzzyRules__max_literal_repetitions__2,460,230,15,46,0.8347826086956521,0.8455882352941176,0.8455882352941176,0.6911764705882353,0.021430225111544132,0.0001712273806333542,,,,,
credit_approval,0,0,1,60,RandomFuzzyRules__max_literal_repetitions__3,460,230,15,46,0.8347826086956521,0.8455882352941176,0.8455882352941176,0.6911764705882353,0.02178003266453743,0.0001722387969493866,,,,,
credit_approval,0,1,2,60,RandomFuzzyRules__max_literal_repetitions__1,460,230,15,45,0.8304347826086956,0.8376991421568627,0.8445925245098039,0.6719842430359897,0.021450155414640903,0.00018938817083835602,,,,,
credit_approval,0,1,2,60,RandomFuzzyRules__max_literal_repetitions__2,460,230,15,45,0.8347826086956521,0.8426011029411764,0.8481158088235294,0.6820748403758008,0.021443264558911324,0.00018103793263435364,,,,,
credit_approval,0,1,2,60,RandomFuzzyRules__max_literal_repetitions__3,460,230,15,45,0.8173913043478261,0.8229932598039216,0.826171875,0.6420642822587177,0.021889610216021538,0.00019287783652544022,,,,,
credit_approval,0,2,3,60,RandomFuzzyRules__max_literal_repetitions__1,460,230,15,46,0.8565217391304348,0.8554009632291109,0.858688173687027,0.7101778565458111,0.02151179499924183,0.00016958732157945633,,,,,
credit_approval,0,2,3,60,RandomFuzzyRules__max_literal_repetitions__2,460,230,15,46,0.8782608695652174,0.8778380857732588,0.8700787401574803,0.754408450982172,0.021749671548604965,0.00017168838530778885,,,,,
credit_approval,0,2,3,60,RandomFuzzyRules__max_literal_repetitions__3,460,230,15,46,0.8695652173913043,0.8708814310832506,0.8920189587951992,0.7387196040400561,0.021710103377699852,0.00017301831394433975,,,,,
credit_approval,1,0,4,60,RandomFuzzyRules__max_literal_repetitions__1,460,230,15,46,0.8782608695652174,0.8806678921568627,0.8772212009803921,0.7571716558149665,0.02178194187581539,0.0001743985339999199,,,,,
credit_approval,1,0,4,60,RandomFuzzyRules__max_literal_repetitions__2,460,230,15,46,0.8695652173913043,0.871859681372549,0.864813112745098,0.7396515873202539,0.02162280399352312,0.00017576757818460464,,,,,
credit_approval,1,0,4,60,RandomFuzzyRules__max_literal_repetitions__3,460,230,15,46,0.8782608695652174,0.8836550245098039,0.8841911764705882,0.7624204495251199,0.02272127289324999,0.0001741582527756691,,,,,
credit_approval,1,1,5,60,RandomFuzzyRules__max_literal_repetitions__1,460,230,15,46,0.8652173913043478,0.8699448529411764,0.8697533700980392,0.7351470441147051,0.021804691292345524,0.0001728590577840805,,,,,
credit_approval,1,1,5,60,RandomFuzzyRules__max_literal_repetitions__2,460,230,15,46,0.8478260869565217,0.852328431372549,0.856234681372549,0.7001400420140048,0.021584954112768173,0.00017129909247159958,,,,,
credit_approval,1,1,5,60,RandomFuzzyRules__max_literal_repetitions__3,460,230,15,46,0.8521739130434782,0.8602175245098039,0.8602175245098039,0.7171468755393228,0.02154732495546341,0.0001669684424996376,,,,,
credit_approval,1,2,6,60,RandomFuzzyRules__max_literal_repetitions__1,460,230,15,46,0.8478260869565217,0.8521137527711948,0.8578472593838392,0.7004095131891033,0.021945389918982983,0.00017464812844991684,,,,,
credit_approval,1,2,6,60,RandomFuzzyRules__max_literal_repetitions__2,460,230,15,46,0.8391304347826087,0.8488265423132788,0.8488265423132788,0.6983207081641103,0.02187283057719469,0.00017210748046636581,,,,,
credit_approval,1,2,6,60,RandomFuzzyRules__max_literal_repetitions__3,460,230,15,46,0.8391304347826087,0.8488265423132788,0.8488265423132788,0.6983207081641103,0.021685722284018993,0.00017670821398496628,,,,,
credit_approval,2,0,7,60,RandomFuzzyRules__max_literal_repetitions__1,460,230,15,46,0.8521739130434782,0.8552389705882353,0.8678768382352942,0.7061641311633704,0.021574124693870544,0.00017737876623868942,,,,,
credit_approval,2,0,7,60,RandomFuzzyRules__max_literal_repetitions__2,460,230,15,46,0.8608695652173913,0.864047181372549,0.8641237745098039,0.7236735910779429,0.021604293957352638,0.00017138756811618805,,,,,
credit_approval,2,0,7,60,RandomFuzzyRules__max_literal_repetitions__3,460,230,15,46,0.8217391304347826,0.8239123774509804,0.8260952818627451,0.6440619461811458,0.02202844899147749,0.00017491821199655533,,,,,
credit_approval,2,1,8,60,RandomFuzzyRules__max_literal_repetitions__1,460,230,15,45,0.8173913043478261,0.824984681372549,0.8234528186274509,0.6470028052122787,0.02182265091687441,0.00018957816064357758,,,,,
credit_approval,2,1,8,60,RandomFuzzyRules__max_literal_repetitions__2,460,230,15,45,0.8347826086956521,0.8465839460784313,0.8465839460784313,0.6946592647876759,0.021501893177628517,0.00020188745111227036,,,,,
credit_approval,2,1,8,60,RandomFuzzyRules__max_literal_repetitions__3,460,230,15,45,0.8347826086956521,0.8455882352941176,0.8455882352941176,0.6911764705882353,0.02168637327849865,0.00018470827490091324,,,,,
credit_approval,2,2,9,60,RandomFuzzyRules__max_literal_repetitions__1,460,230,15,43,0.8565217391304348,0.8581530464031801,0.8640012231480774,0.7130699788003511,0.02207581978291273,0.0001874379813671112,,,,,
credit_approval,2,2,9,60,RandomFuzzyRules__max_literal_repetitions__2,460,230,15,43,0.8739130434782608,0.8775705221313355,0.8787936702086996,0.7510470225012985,0.022401885129511356,0.0001893984153866768,,,,,
credit_approval,2,2,9,60,RandomFuzzyRules__max_literal_repetitions__3,460,230,15,43,0.8565217391304348,0.8581530464031801,0.8640012231480774,0.7130699788003511,0.022204937413334846,0.0001796092838048935,,,,,
credit_approval,3,0,10,60,RandomFuzzyRules__max_literal_repetitions__1,460,230,15,46,0.8478260869565217,0.8503370098039216,0.8563878676470589,0.6966042425709532,0.022248377092182636,0.00017365813255310059,,,,,
credit_approval,3,0,10,60,RandomFuzzyRules__max_literal_repetitions__2,460,230,15,46,0.8434782608695652,0.8524050245098039,0.8524050245098039,0.7024467103917803,0.02157998364418745,0.00017615873366594315,,,,,
credit_approval,3,0,10,60,RandomFuzzyRules__max_literal_repetitions__3,460,230,15,46,0.8434782608695652,0.8524050245098039,0.8524050245098039,0.7024467103917803,0.02173062227666378,0.00016928836703300476,,,,,
credit_approval,3,1,11,60,RandomFuzzyRules__max_literal_repetitions__1,460,230,15,44,0.8304347826086956,0.8386948529411764,0.8386948529411765,0.6746821475439658,0.022003519348800182,0.00019158795475959778,,,,,
credit_approval,3,1,11,60,RandomFuzzyRules__max_literal_repetitions__2,460,230,15,44,0.8304347826086956,0.8386948529411764,0.8386948529411765,0.6746821475439658,0.022007960826158524,0.00019017793238162994,,,,,
credit_approval,3,1,11,60,RandomFuzzyRules__max_literal_repetitions__3,460,230,15,44,0.8304347826086956,0.8386948529411764,0.8386948529411765,0.6746821475439658,0.0213232459500432,0.0001858677715063095,,,,,
credit_approval,3,2,12,60,RandomFuzzyRules__max_literal_repetitions__1,460,230,15,46,0.8869565217391304,0.8893815457533828,0.8962617536885559,0.7749806575300575,0.021654274314641953,0.00017248839139938354,,,,,
credit_approval,3,2,12,60,RandomFuzzyRules__max_literal_repetitions__2,460,230,15,46,0.8739130434782608,0.8803226053054047,0.8712636648574268,0.7572087821839373,0.021516334265470505,0.00017255917191505432,,,,,
credit_approval,3,2,12,60,RandomFuzzyRules__max_literal_repetitions__3,460,230,15,46,0.8826086956521739,0.8881966210534362,0.8881966210534362,0.7724176773701957,0.021932479925453663,0.00017469748854637146,,,,,
credit_approval,4,0,13,60,RandomFuzzyRules__max_literal_repetitions__1,460,230,15,44,0.8478260869565217,0.8543198529411764,0.866000306372549,0.704523661157243,0.021576964296400547,0.00018439721316099167,,,,,
credit_approval,4,0,13,60,RandomFuzzyRules__max_literal_repetitions__2,460,230,15,44,0.8478260869565217,0.8543198529411764,0.866000306372549,0.704523661157243,0.02167439367622137,0.0001884177327156067,,,,,
credit_approval,4,0,13,60,RandomFuzzyRules__max_literal_repetitions__3,460,230,15,44,0.8521739130434782,0.8602175245098039,0.8602175245098039,0.7171468755393228,0.021817260421812534,0.0001916373148560524,,,,,
credit_approval,4,1,14,60,RandomFuzzyRules__max_literal_repetitions__1,460,230,15,46,0.8304347826086956,0.8337162990196079,0.8413756127450981,0.6632546940256764,0.02168435323983431,0.00017168838530778885,,,,,
credit_approval,4,1,14,60,RandomFuzzyRules__max_literal_repetitions__2,460,230,15,46,0.8217391304347826,0.8239123774509804,0.8292356004901961,0.6440619461811458,0.021663052961230278,0.0001737074926495552,,,,,
credit_approval,4,1,14,60,RandomFuzzyRules__max_literal_repetitions__3,460,230,15,46,0.7956521739130434,0.7974877450980392,0.811312806372549,0.5915196497913384,0.021616313606500626,0.00017569772899150848,,,,,
credit_approval,4,2,15,60,RandomFuzzyRules__max_literal_repetitions__1,460,230,15,46,0.8826086956521739,0.8881966210534362,0.8906811405855821,0.7724176773701957,0.02179847192019224,0.00017593801021575928,,,,,
credit_approval,4,2,15,60,RandomFuzzyRules__max_literal_repetitions__2,460,230,15,46,0.8826086956521739,0.8909487042275055,0.8909487042275055,0.780021316526664,0.02197146974503994,0.00018020812422037125,,,,,
credit_approval,4,2,15,60,RandomFuzzyRules__max_literal_repetitions__3,460,230,15,46,0.8826086956521739,0.8909487042275055,0.8909487042275055,0.780021316526664,0.02161108423024416,0.00017665792256593704,,,,,
credit_approval,5,0,16,60,RandomFuzzyRules__max_literal_repetitions__1,460,230,15,46,0.8217391304347826,0.8298866421568627,0.8327588848039216,0.6571361396363321,0.02188506070524454,0.0001722574234008789,,,,,
credit_approval,5,0,16,60,RandomFuzzyRules__max_literal_repetitions__2,460,230,15,46,0.8173913043478261,0.8239889705882353,0.821078431372549,0.6444338237620338,0.021324696950614452,0.0001679481938481331,,,,,
credit_approval,5,0,16,60,RandomFuzzyRules__max_literal_repetitions__3,460,230,15,46,0.8260869565217391,0.8367800245098039,0.8367800245098039,0.6735600490196079,0.02166095282882452,0.0001693982630968094,,,,,
credit_approval,5,1,17,60,RandomFuzzyRules__max_literal_repetitions__1,460,230,15,46,0.8478260869565217,0.8473498774509804,0.859719669117647,0.6928712806704898,0.0217942725867033,0.00017101876437664032,,,,,
credit_approval,5,1,17,60,RandomFuzzyRules__max_literal_repetitions__2,460,230,15,46,0.8434782608695652,0.8434436274509804,0.8553921568627451,0.6845840142135933,0.021563793532550335,0.00017463788390159607,,,,,
credit_approval,5,1,17,60,RandomFuzzyRules__max_literal_repetitions__3,460,230,15,46,0.8652173913043478,0.8719362745098039,0.8719362745098039,0.7395518587504478,0.021595424041152,0.0001753075048327446,,,,,
credit_approval,5,2,18,60,RandomFuzzyRules__max_literal_repetitions__1,460,230,15,44,0.8739130434782608,0.8775705221313355,0.8776851922635884,0.7510470225012985,0.022229736670851707,0.00019081775099039078,,,,,
credit_approval,5,2,18,60,RandomFuzzyRules__max_literal_repetitions__2,460,230,15,44,0.8739130434782608,0.8775705221313355,0.8776851922635884,0.7510470225012985,0.022214077413082123,0.00019161775708198547,,,,,
credit_approval,5,2,18,60,RandomFuzzyRules__max_literal_repetitions__3,460,230,15,44,0.8782608695652174,0.8833422521213974,0.8868205794664016,0.762614407592989,0.022376205772161484,0.00018951762467622757,,,,,
credit_approval,6,0,19,60,RandomFuzzyRules__max_literal_repetitions__1,460,230,15,44,0.8521739130434782,0.8542432598039216,0.8576133578431373,0.704611450330829,0.022339215502142906,0.00019200798124074936,,,,,
credit_approval,6,0,19,60,RandomFuzzyRules__max_literal_repetitions__2,460,230,15,44,0.8652173913043478,0.8699448529411764,0.869140625,0.7351470441147051,0.022181646898388863,0.00018552783876657486,,,,,
credit_approval,6,0,19,60,RandomFuzzyRules__max_literal_repetitions__3,460,230,15,44,0.8565217391304348,0.8591452205882353,0.8637408088235293,0.7141183413675556,0.022435435093939304,0.00018724799156188965,,,,,
credit_approval,6,1,20,60,RandomFuzzyRules__max_literal_repetitions__1,460,230,15,46,0.8391304347826087,0.8465073529411764,0.8558134191176471,0.6895116161249302,0.021769522689282894,0.00017387792468070984,,,,,
credit_approval,6,1,20,60,RandomFuzzyRules__max_literal_repetitions__2,460,230,15,46,0.8478260869565217,0.8602941176470589,0.8602941176470588,0.7230011580242186,0.021538293920457363,0.00017951801419258118,,,,,
credit_approval,6,1,20,60,RandomFuzzyRules__max_literal_repetitions__3,460,230,15,46,0.8478260869565217,0.8602941176470589,0.8602941176470588,0.7230011580242186,0.021535714156925678,0.00017310865223407745,,,,,
credit_approval,6,2,21,60,RandomFuzzyRules__max_literal_repetitions__1,460,230,15,46,0.8652173913043478,0.8669444232092348,0.8724485895573734,0.7305732973834973,0.021537824533879757,0.00017215777188539505,,,,,
credit_approval,6,2,21,60,RandomFuzzyRules__max_literal_repetitions__2,460,230,15,46,0.8565217391304348,0.8627398516932956,0.8627398516932956,0.7222021450176447,0.02163502387702465,0.00017369817942380905,,,,,
credit_approval,6,2,21,60,RandomFuzzyRules__max_literal_repetitions__3,460,230,15,46,0.8565217391304348,0.8627398516932956,0.8627398516932956,0.7222021450176447,0.021655263379216194,0.0001685982570052147,,,,,
credit_approval,7,0,22,60,RandomFuzzyRules__max_literal_repetitions__1,460,230,15,46,0.8695652173913043,0.8708639705882353,0.8823529411764706,0.7383425837468427,0.021646793000400066,0.00017331726849079132,,,,,
credit_approval,7,0,22,60,RandomFuzzyRules__max_literal_repetitions__2,460,230,15,46,0.8695652173913043,0.871859681372549,0.8765701593137255,0.7396515873202539,0.02212412841618061,0.0001711677759885788,,,,,
credit_approval,7,0,22,60,RandomFuzzyRules__max_literal_repetitions__3,460,230,15,46,0.8782608695652174,0.8866421568627452,0.8866421568627452,0.7697549282846059,0.021515963599085808,0.00017227791249752045,,,,,
credit_approval,7,1,23,60,RandomFuzzyRules__max_literal_repetitions__1,460,230,15,46,0.8478260869565217,0.852328431372549,0.8456648284313725,0.7001400420140048,0.021805512718856335,0.00017318781465291977,,,,,
credit_approval,7,1,23,60,RandomFuzzyRules__max_literal_repetitions__2,460,230,15,46,0.8434782608695652,0.8514093137254901,0.8514093137254902,0.6996108579575618,0.021399585530161858,0.0001617874950170517,,,,,
credit_approval,7,1,23,60,RandomFuzzyRules__max_literal_repetitions__3,460,230,15,46,0.8304347826086956,0.836703431372549,0.8387714460784313,0.6694954635640381,0.021733421832323074,0.00017250794917345047,,,,,
credit_approval,7,2,24,60,RandomFuzzyRules__max_literal_repetitions__1,460,230,15,46,0.8434782608695652,0.847259383839156,0.8677853375124225,0.6907272956289192,0.021765762008726597,0.00017280783504247665,,,,,
credit_approval,7,2,24,60,RandomFuzzyRules__max_literal_repetitions__2,460,230,15,46,0.8347826086956521,0.8366332849170552,0.8298295237367174,0.6699965299761673,0.021559294313192368,0.00016972795128822327,,,,,
credit_approval,7,2,24,60,RandomFuzzyRules__max_literal_repetitions__3,460,230,15,46,0.8521739130434782,0.860637565935326,0.860637565935326,0.7200651224093872,0.02139708586037159,0.00017546862363815308,,,,,
credit_approval,8,0,25,60,RandomFuzzyRules__max_literal_repetitions__1,460,230,15,46,0.8478260869565217,0.8513327205882353,0.8556985294117647,0.6982669913921913,0.021732292138040066,0.00017104856669902802,,,,,
credit_approval,8,0,25,60,RandomFuzzyRules__max_literal_repetitions__2,460,230,15,46,0.8565217391304348,0.8571537990196079,0.8571920955882353,0.7114524771590938,0.022004219703376293,0.0001780986785888672,,,,,
credit_approval,8,0,25,60,RandomFuzzyRules__max_literal_repetitions__3,460,230,15,46,0.8521739130434782,0.856234681372549,0.8748468137254901,0.7079292295351033,0.021939310245215893,0.0001748083159327507,,,,,
credit_approval,8,1,26,60,RandomFuzzyRules__max_literal_repetitions__1,460,230,15,46,0.8652173913043478,0.8729319852941176,0.8754595588235294,0.7420937353917518,0.021714442409574986,0.00017848797142505646,,,,,
credit_approval,8,1,26,60,RandomFuzzyRules__max_literal_repetitions__2,460,230,15,46,0.8608695652173913,0.8700214460784313,0.8700214460784312,0.737561412280524,0.02159290388226509,0.0001725880429148674,,,,,
credit_approval,8,1,26,60,RandomFuzzyRules__max_literal_repetitions__3,460,230,15,46,0.8608695652173913,0.8700214460784313,0.8700214460784312,0.737561412280524,0.02141022589057684,0.00017408747225999832,,,,,
credit_approval,8,2,27,60,RandomFuzzyRules__max_literal_repetitions__1,460,230,15,43,0.8347826086956521,0.8357159238590322,0.8143490558825778,0.668677139264538,0.022437045350670815,0.00019668787717819214,,,,,
credit_approval,8,2,27,60,RandomFuzzyRules__max_literal_repetitions__2,460,230,15,43,0.8347826086956521,0.8357159238590322,0.8143490558825778,0.668677139264538,0.022052379325032234,0.00019159726798534393,,,,,
credit_approval,8,2,27,60,RandomFuzzyRules__max_literal_repetitions__3,460,230,15,43,0.8347826086956521,0.8357159238590322,0.8245546976530845,0.668677139264538,0.02240852639079094,0.00019099842756986618,,,,,
credit_approval,9,0,28,60,RandomFuzzyRules__max_literal_repetitions__1,460,230,15,46,0.8565217391304348,0.8631280637254901,0.8571155024509804,0.7220377599538454,0.021903040818870068,0.0001716185361146927,,,,,
credit_approval,9,0,28,60,RandomFuzzyRules__max_literal_repetitions__2,460,230,15,46,0.8565217391304348,0.8661151960784313,0.8661151960784313,0.7303031359658083,0.021515254862606525,0.0001712273806333542,,,,,
credit_approval,9,0,28,60,RandomFuzzyRules__max_literal_repetitions__3,460,230,15,46,0.8565217391304348,0.8661151960784313,0.8661151960784313,0.7303031359658083,0.021729882806539536,0.00016938894987106323,,,,,
credit_approval,9,1,29,60,RandomFuzzyRules__max_literal_repetitions__1,460,230,15,45,0.8304347826086956,0.8337162990196079,0.837201286764706,0.6632546940256764,0.021694381721317768,0.00019395817071199417,,,,,
credit_approval,9,1,29,60,RandomFuzzyRules__max_literal_repetitions__2,460,230,15,45,0.8434782608695652,0.8444393382352942,0.8517539828431373,0.6857345310015596,0.02152684424072504,0.0001914575695991516,,,,,
credit_approval,9,1,29,60,RandomFuzzyRules__max_literal_repetitions__3,460,230,15,45,0.8434782608695652,0.8444393382352942,0.8517539828431373,0.6857345310015596,0.02188575081527233,0.00019948836416006088,,,,,
credit_approval,9,2,30,60,RandomFuzzyRules__max_literal_repetitions__1,460,230,15,46,0.8826086956521739,0.885444537879367,0.8902224600565707,0.7669416954116831,0.021819951944053173,0.00017390772700309753,,,,,
credit_approval,9,2,30,60,RandomFuzzyRules__max_literal_repetitions__2,460,230,15,46,0.8652173913043478,0.869696506383304,0.89232474581454,0.7353843694707997,0.021493745036423206,0.00017621833831071854,,,,,
credit_approval,9,2,30,60,RandomFuzzyRules__max_literal_repetitions__3,460,230,15,46,0.8652173913043478,0.869696506383304,0.89232474581454,0.7353843694707997,0.021828091703355312,0.00017413776367902756,,,,,
credit_approval,10,0,31,60,RandomFuzzyRules__max_literal_repetitions__1,460,230,15,46,0.8173913043478261,0.8229932598039216,0.8303462009803921,0.6420642822587177,0.022128667682409286,0.0001745680347084999,,,,,
credit_approval,10,0,31,60,RandomFuzzyRules__max_literal_repetitions__2,460,230,15,46,0.8173913043478261,0.8229932598039216,0.8173253676470588,0.6420642822587177,0.021955950185656548,0.0001792479306459427,,,,,
credit_approval,10,0,31,60,RandomFuzzyRules__max_literal_repetitions__3,460,230,15,46,0.8260869565217391,0.8347886029411764,0.8347886029411765,0.6673320085030366,0.02200120873749256,0.00019153766334056854,,,,,
credit_approval,10,1,32,60,RandomFuzzyRules__max_literal_repetitions__1,460,230,15,46,0.8434782608695652,0.8524050245098039,0.8524050245098039,0.7024467103917803,0.02164993342012167,0.00017204787582159042,,,,,
credit_approval,10,1,32,60,RandomFuzzyRules__max_literal_repetitions__2,460,230,15,46,0.8434782608695652,0.8524050245098039,0.8524050245098039,0.7024467103917803,0.02169213257730007,0.00017402879893779755,,,,,
credit_approval,10,1,32,60,RandomFuzzyRules__max_literal_repetitions__3,460,230,15,46,0.8304347826086956,0.8347120098039216,0.8482689950980392,0.6651330399133046,0.021874460391700268,0.00017571914941072464,,,,,
credit_approval,10,2,33,60,RandomFuzzyRules__max_literal_repetitions__1,460,230,15,46,0.8826086956521739,0.884527176821344,0.8841449430471677,0.7655799345497899,0.021809851750731468,0.00017375778406858444,,,,,
credit_approval,10,2,33,60,RandomFuzzyRules__max_literal_repetitions__2,460,230,15,46,0.8826086956521739,0.8872792599954131,0.899548964146472,0.770359225752496,0.02182979043573141,0.00017322786152362823,,,,,
credit_approval,10,2,33,60,RandomFuzzyRules__max_literal_repetitions__3,460,230,15,46,0.8826086956521739,0.8872792599954131,0.899548964146472,0.770359225752496,0.021764171309769154,0.00017976853996515274,,,,,
credit_approval,11,0,34,60,RandomFuzzyRules__max_literal_repetitions__1,460,230,15,46,0.8478260869565217,0.8493412990196079,0.8668811274509804,0.695150857901372,0.021957209333777428,0.0001724380999803543,,,,,
credit_approval,11,0,34,60,RandomFuzzyRules__max_literal_repetitions__2,460,230,15,46,0.8565217391304348,0.8621323529411764,0.8534773284313726,0.7197310519516635,0.021853641606867313,0.00017186813056468964,,,,,
credit_approval,11,0,34,60,RandomFuzzyRules__max_literal_repetitions__3,460,230,15,46,0.8608695652173913,0.8710171568627452,0.8710171568627451,0.7406740296966917,0.022016660310328007,0.00017210841178894043,,,,,
credit_approval,11,1,35,60,RandomFuzzyRules__max_literal_repetitions__1,460,230,15,46,0.8869565217391304,0.8914675245098039,0.8900888480392157,0.7779458809189235,0.021788022480905056,0.0001739785075187683,,,,,
credit_approval,11,1,35,60,RandomFuzzyRules__max_literal_repetitions__2,460,230,15,46,0.8608695652173913,0.8650428921568627,0.9025735294117646,0.7254333923810583,0.02169499360024929,0.0001710783690214157,,,,,
credit_approval,11,1,35,60,RandomFuzzyRules__max_literal_repetitions__3,460,230,15,46,0.8608695652173913,0.8650428921568627,0.9025735294117646,0.7254333923810583,0.02189150918275118,0.0001772092655301094,,,,,
credit_approval,11,2,36,60,RandomFuzzyRules__max_literal_repetitions__1,460,230,15,46,0.8391304347826087,0.8414876538490941,0.8362892745202967,0.67947809468544,0.02236727625131607,0.00017147790640592575,,,,,
credit_approval,11,2,36,60,RandomFuzzyRules__max_literal_repetitions__2,460,230,15,46,0.8260869565217391,0.831511352343093,0.8742833116734194,0.6598024190397751,0.02166073303669691,0.00017025787383317947,,,,,
credit_approval,11,2,36,60,RandomFuzzyRules__max_literal_repetitions__3,460,230,15,46,0.8173913043478261,0.8218026144790154,0.8223377417628621,0.6401885230357338,0.021804211661219597,0.0001685982570052147,,,,,
credit_approval,12,0,37,60,RandomFuzzyRules__max_literal_repetitions__1,460,230,15,46,0.9130434782608695,0.9149050245098039,0.9169347426470589,0.8260226716556478,0.02176681160926819,0.00017379876226186752,,,,,
credit_approval,12,0,37,60,RandomFuzzyRules__max_literal_repetitions__2,460,230,15,46,0.908695652173913,0.9119944852941176,0.9051776960784313,0.8192029341471704,0.02184300124645233,0.00017315801233053207,,,,,
credit_approval,12,0,37,60,RandomFuzzyRules__max_literal_repetitions__3,460,230,15,46,0.9,0.9041819852941176,0.9119944852941175,0.8033038834917361,0.021678542718291283,0.00017345789819955826,,,,,
credit_approval,12,1,38,60,RandomFuzzyRules__max_literal_repetitions__1,460,230,15,46,0.8,0.8053768382352942,0.8058363970588235,0.6070453624295726,0.02198668848723173,0.0001723887398838997,,,,,
credit_approval,12,1,38,60,RandomFuzzyRules__max_literal_repetitions__2,460,230,15,46,0.7956521739130434,0.8014705882352942,0.8074448529411765,0.5994390683776283,0.02162834256887436,0.0001726187765598297,,,,,
credit_approval,12,1,38,60,RandomFuzzyRules__max_literal_repetitions__3,460,230,15,46,0.808695652173913,0.8181678921568627,0.8181678921568628,0.6351692649380796,0.02178877219557762,0.00016872771084308624,,,,,
credit_approval,12,2,39,60,RandomFuzzyRules__max_literal_repetitions__1,460,230,15,46,0.8391304347826087,0.8433223759651403,0.8513492852228423,0.682922085048255,0.021698113530874252,0.00016458798199892044,,,,,
credit_approval,12,2,39,60,RandomFuzzyRules__max_literal_repetitions__2,460,230,15,46,0.8391304347826087,0.8414876538490941,0.8445455240425044,0.67947809468544,0.02141581568866968,0.00016734842211008072,,,,,
credit_approval,12,2,39,60,RandomFuzzyRules__max_literal_repetitions__3,460,230,15,46,0.8478260869565217,0.8576179191193334,0.8576179191193334,0.7159202877036397,0.02147515583783388,0.00017555803060531616,,,,,
credit_approval,13,0,40,60,RandomFuzzyRules__max_literal_repetitions__1,460,230,15,46,0.9130434782608695,0.9159007352941176,0.9175091911764706,0.8272519297938165,0.02199126873165369,0.00017552915960550308,,,,,
credit_approval,13,0,40,60,RandomFuzzyRules__max_literal_repetitions__2,460,230,15,46,0.9,0.9061734068627452,0.9061734068627452,0.8072617953679508,0.021632473915815353,0.00016954727470874786,,,,,
credit_approval,13,0,40,60,RandomFuzzyRules__max_literal_repetitions__3,460,230,15,46,0.9,0.9061734068627452,0.9061734068627452,0.8072617953679508,0.021693702787160873,0.00016786810010671616,,,,,
credit_approval,13,1,41,60,RandomFuzzyRules__max_literal_repetitions__1,460,230,15,46,0.8304347826086956,0.8327205882352942,0.8410692401960784,0.6615760449777482,0.02181527204811573,0.0001745680347084999,,,,,
credit_approval,13,1,41,60,RandomFuzzyRules__max_literal_repetitions__2,460,230,15,46,0.8391304347826087,0.8484987745098039,0.8484987745098039,0.6951630269130603,0.021518264897167683,0.0001756381243467331,,,,,
credit_approval,13,1,41,60,RandomFuzzyRules__max_literal_repetitions__3,460,230,15,46,0.8391304347826087,0.8484987745098039,0.8484987745098039,0.6951630269130603,0.021712913177907467,0.0001704273745417595,,,,,
credit_approval,13,2,42,60,RandomFuzzyRules__max_literal_repetitions__1,460,230,15,46,0.8260869565217391,0.8305939912850699,0.828224141885177,0.6576779351153417,0.02221488766372204,0.00017168745398521423,,,,,
credit_approval,13,2,42,60,RandomFuzzyRules__max_literal_repetitions__2,460,230,15,46,0.8217391304347826,0.824822261295008,0.8128201207858727,0.6461224536562092,0.02171995211392641,0.00017172936350107193,,,,,
credit_approval,13,2,42,60,RandomFuzzyRules__max_literal_repetitions__3,460,230,15,46,0.8260869565217391,0.8324287134011161,0.8324287134011161,0.6621296914703048,0.021914981305599213,0.00016952771693468094,,,,,
credit_approval,14,0,43,60,RandomFuzzyRules__max_literal_repetitions__1,460,230,15,43,0.8782608695652174,0.8856464460784313,0.8856464460784313,0.7670743032250213,0.02212652750313282,0.00018728803843259811,,,,,
credit_approval,14,0,43,60,RandomFuzzyRules__max_literal_repetitions__2,460,230,15,43,0.8608695652173913,0.8660386029411764,0.8667279411764706,0.7274121238332097,0.02222341764718294,0.00017586816102266312,,,,,
credit_approval,14,0,43,60,RandomFuzzyRules__max_literal_repetitions__3,460,230,15,43,0.8782608695652174,0.8856464460784313,0.8856464460784313,0.7670743032250213,0.022327096201479435,0.00018568802624940872,,,,,
credit_approval,14,1,44,60,RandomFuzzyRules__max_literal_repetitions__1,460,230,15,46,0.8434782608695652,0.8504136029411764,0.8504136029411764,0.6969940292461714,0.021660872735083103,0.00017356779426336288,,,,,
credit_approval,14,1,44,60,RandomFuzzyRules__max_literal_repetitions__2,460,230,15,46,0.8347826086956521,0.8336397058823529,0.840533088235294,0.6660561670848038,0.021715832874178886,0.0001720283180475235,,,,,
credit_approval,14,1,44,60,RandomFuzzyRules__max_literal_repetitions__3,460,230,15,46,0.8434782608695652,0.8504136029411764,0.8504136029411764,0.6969940292461714,0.0217441413551569,0.00017154961824417114,,,,,
credit_approval,14,2,45,60,RandomFuzzyRules__max_literal_repetitions__1,460,230,15,46,0.8434782608695652,0.8454246617231098,0.8558214203807047,0.6874938845684824,0.021588824689388275,0.00017366744577884674,,,,,
credit_approval,14,2,45,60,RandomFuzzyRules__max_literal_repetitions__2,460,230,15,46,0.8347826086956521,0.8393853680911245,0.8318553627398517,0.6751673471949495,0.02150502521544695,0.0001675877720117569,,,,,
credit_approval,14,2,45,60,RandomFuzzyRules__max_literal_repetitions__3,460,230,15,46,0.8304347826086956,0.8363657212751319,0.8367861784267258,0.6696921892682058,0.021624943241477013,0.00017253775149583817,,,,,
credit_approval,15,0,46,60,RandomFuzzyRules__max_literal_repetitions__1,460,230,15,45,0.8565217391304348,0.8561580882352942,0.8569240196078431,0.7104413351968638,0.0217355415225029,0.00019339844584465027,,,,,
credit_approval,15,0,46,60,RandomFuzzyRules__max_literal_repetitions__2,460,230,15,45,0.8826086956521739,0.8815870098039216,0.8859145220588235,0.7624443936168305,0.024627831764519215,0.00019067805260419846,,,,,
credit_approval,15,0,46,60,RandomFuzzyRules__max_literal_repetitions__3,460,230,15,45,0.8826086956521739,0.8815870098039216,0.8859145220588235,0.7624443936168305,0.021105038933455944,0.00018328800797462463,,,,,
credit_approval,15,1,47,60,RandomFuzzyRules__max_literal_repetitions__1,460,230,15,46,0.8260869565217391,0.8318014705882353,0.8368566176470588,0.6595737421732903,0.023927249014377594,0.00016460847109556198,,,,,
credit_approval,15,1,47,60,RandomFuzzyRules__max_literal_repetitions__2,460,230,15,46,0.8304347826086956,0.8307291666666667,0.8401884191176471,0.6588144534361927,0.021619653329253197,0.00017695780843496323,,,,,
credit_approval,15,1,47,60,RandomFuzzyRules__max_literal_repetitions__3,460,230,15,46,0.8304347826086956,0.836703431372549,0.8421798406862745,0.6694954635640381,0.02196309994906187,0.0001736283302307129,,,,,
credit_approval,15,2,48,60,RandomFuzzyRules__max_literal_repetitions__1,460,230,15,46,0.8434782608695652,0.8490941059552022,0.8482531916520144,0.6947971282244052,0.021495165303349495,0.0001745680347084999,,,,,
credit_approval,15,2,48,60,RandomFuzzyRules__max_literal_repetitions__2,460,230,15,46,0.8434782608695652,0.8490941059552022,0.838620900542772,0.6947971282244052,0.021610472351312637,0.00017275847494602203,,,,,
credit_approval,15,2,48,60,RandomFuzzyRules__max_literal_repetitions__3,460,230,15,46,0.8391304347826087,0.8433223759651403,0.864039446525495,0.682922085048255,0.021623102948069572,0.00017227884382009506,,,,,
credit_approval,16,0,49,60,RandomFuzzyRules__max_literal_repetitions__1,460,230,15,46,0.808695652173913,0.8221507352941176,0.8221507352941176,0.6490918820517465,0.021594204008579254,0.00017192773520946503,,,,,
credit_approval,16,0,49,60,RandomFuzzyRules__max_literal_repetitions__2,460,230,15,46,0.7956521739130434,0.8064491421568627,0.8342907475490196,0.6135330102831235,0.02151646465063095,0.00017145834863185883,,,,,
credit_approval,16,0,49,60,RandomFuzzyRules__max_literal_repetitions__3,460,230,15,46,0.7956521739130434,0.8064491421568627,0.8342907475490196,0.6135330102831235,0.021997690200805664,0.00017918739467859268,,,,,
credit_approval,16,1,50,60,RandomFuzzyRules__max_literal_repetitions__1,460,230,15,46,0.8826086956521739,0.8845741421568627,0.8852634803921569,0.7652603502571341,0.02160699386149645,0.0001719677820801735,,,,,
credit_approval,16,1,50,60,RandomFuzzyRules__max_literal_repetitions__2,460,230,15,46,0.8695652173913043,0.8708639705882353,0.8813572303921569,0.7383425837468427,0.02191080152988434,0.00017420761287212372,,,,,
credit_approval,16,1,50,60,RandomFuzzyRules__max_literal_repetitions__3,460,230,15,46,0.8782608695652174,0.8846507352941176,0.8846507352941176,0.7646305016607258,0.02179380226880312,0.00017669890075922012,,,,,
credit_approval,16,2,51,60,RandomFuzzyRules__max_literal_repetitions__1,460,230,15,46,0.8782608695652174,0.878755446831282,0.8812781897408456,0.7552050945574684,0.022177258506417274,0.00017544813454151154,,,,,
credit_approval,16,2,51,60,RandomFuzzyRules__max_literal_repetitions__2,460,230,15,46,0.8782608695652174,0.8796728078893051,0.8775705221313356,0.7562302202339356,0.02164081297814846,0.0001741582527756691,,,,,
credit_approval,16,2,51,60,RandomFuzzyRules__max_literal_repetitions__3,460,230,15,46,0.8304347826086956,0.817101139056647,0.8871263664857427,0.666160956507781,0.02148300502449274,0.0001712879166007042,,,,,
credit_approval,17,0,52,60,RandomFuzzyRules__max_literal_repetitions__1,460,230,15,46,0.8434782608695652,0.8464307598039216,0.8528645833333334,0.6886546712487978,0.02172717172652483,0.00017292797565460205,,,,,
credit_approval,17,0,52,60,RandomFuzzyRules__max_literal_repetitions__2,460,230,15,46,0.8521739130434782,0.8602175245098039,0.8602175245098039,0.7171468755393228,0.02166084386408329,0.0001689475029706955,,,,,
credit_approval,17,0,52,60,RandomFuzzyRules__max_literal_repetitions__3,460,230,15,46,0.8521739130434782,0.8602175245098039,0.8602175245098039,0.7171468755393228,0.021871150471270084,0.00018341746181249619,,,,,
credit_approval,17,1,53,60,RandomFuzzyRules__max_literal_repetitions__1,460,230,15,46,0.8695652173913043,0.8768382352941176,0.8816636029411764,0.7495542347303089,0.021641422994434834,0.00017425790429115295,,,,,
credit_approval,17,1,53,60,RandomFuzzyRules__max_literal_repetitions__2,460,230,15,46,0.8565217391304348,0.8681066176470589,0.8681066176470588,0.7369756679381883,0.02156992442905903,0.00017331819981336594,,,,,
credit_approval,17,1,53,60,RandomFuzzyRules__max_literal_repetitions__3,460,230,15,46,0.8565217391304348,0.8681066176470589,0.8681066176470588,0.7369756679381883,0.02169640362262726,0.00016949791461229324,,,,,
credit_approval,17,2,54,60,RandomFuzzyRules__max_literal_repetitions__1,460,230,15,44,0.8652173913043478,0.8706138674413271,0.8706138674413271,0.7374322370796985,0.022268366999924183,0.00018916837871074677,,,,,
credit_approval,17,2,54,60,RandomFuzzyRules__max_literal_repetitions__2,460,230,15,44,0.8652173913043478,0.8706138674413271,0.8706138674413271,0.7374322370796985,0.02184500079602003,0.0001825885847210884,,,,,
credit_approval,17,2,54,60,RandomFuzzyRules__max_literal_repetitions__3,460,230,15,44,0.8608695652173913,0.863924776393242,0.8672884336059934,0.7239856191736811,0.02223589736968279,0.00019979849457740784,,,,,
credit_approval,18,0,55,60,RandomFuzzyRules__max_literal_repetitions__1,460,230,15,46,0.8434782608695652,0.8494178921568627,0.8559283088235294,0.6945926620024354,0.02155105397105217,0.00016887858510017395,,,,,
credit_approval,18,0,55,60,RandomFuzzyRules__max_literal_repetitions__2,460,230,15,46,0.8478260869565217,0.852328431372549,0.8525965073529411,0.7001400420140048,0.0214286046102643,0.00017972849309444427,,,,,
credit_approval,18,0,55,60,RandomFuzzyRules__max_literal_repetitions__3,460,230,15,46,0.8434782608695652,0.8494178921568627,0.8559283088235294,0.6945926620024354,0.021602612920105457,0.0001694886013865471,,,,,
credit_approval,18,1,56,60,RandomFuzzyRules__max_literal_repetitions__1,460,230,15,46,0.8782608695652174,0.879672181372549,0.8872166053921569,0.7558786013286037,0.02177005261182785,0.00017378758639097214,,,,,
credit_approval,18,1,56,60,RandomFuzzyRules__max_literal_repetitions__2,460,230,15,46,0.8652173913043478,0.8669577205882353,0.8478860294117647,0.7302056040792531,0.021851221099495888,0.00017395801842212677,,,,,
credit_approval,18,1,56,60,RandomFuzzyRules__max_literal_repetitions__3,460,230,15,46,0.8652173913043478,0.867953431372549,0.8785998774509802,0.7316324401641581,0.02161768451333046,0.00016960781067609787,,,,,
credit_approval,18,2,57,60,RandomFuzzyRules__max_literal_repetitions__1,460,230,15,46,0.8347826086956521,0.8375506459750783,0.8459597890069566,0.6715173829348575,0.021977280266582966,0.00017738807946443558,,,,,
credit_approval,18,2,57,60,RandomFuzzyRules__max_literal_repetitions__2,460,230,15,46,0.8347826086956521,0.8430548123232169,0.843054812323217,0.6849586087572073,0.021449655294418335,0.00017683766782283783,,,,,
credit_approval,18,2,57,60,RandomFuzzyRules__max_literal_repetitions__3,460,230,15,46,0.8347826086956521,0.8430548123232169,0.843054812323217,0.6849586087572073,0.021646603010594845,0.00016879849135875702,,,,,
credit_approval,19,0,58,60,RandomFuzzyRules__max_literal_repetitions__1,460,230,15,46,0.8347826086956521,0.8426011029411764,0.8491498161764706,0.6820748403758008,0.021825610660016537,0.00017200876027345657,,,,,
credit_approval,19,0,58,60,RandomFuzzyRules__max_literal_repetitions__2,460,230,15,46,0.8217391304347826,0.8259037990196079,0.8314568014705883,0.6476295388629545,0.021706142462790012,0.0001786891371011734,,,,,
credit_approval,19,0,58,60,RandomFuzzyRules__max_literal_repetitions__3,460,230,15,46,0.8173913043478261,0.8279718137254901,0.8328737745098039,0.6559436274509803,0.021670803427696228,0.00017416756600141525,,,,,
credit_approval,19,1,59,60,RandomFuzzyRules__max_literal_repetitions__1,460,230,15,46,0.8434782608695652,0.8434436274509804,0.8555453431372548,0.6845840142135933,0.02207263931632042,0.00018032826483249664,,,,,
credit_approval,19,1,59,60,RandomFuzzyRules__max_literal_repetitions__2,460,230,15,46,0.8565217391304348,0.860140931372549,0.861672794117647,0.7157731400754488,0.021379276178777218,0.00017161760479211807,,,,,
credit_approval,19,1,59,60,RandomFuzzyRules__max_literal_repetitions__3,460,230,15,46,0.8565217391304348,0.8621323529411764,0.8621323529411765,0.7197310519516635,0.02154028508812189,0.00017309747636318207,,,,,
credit_approval,19,2,60,60,RandomFuzzyRules__max_literal_repetitions__1,460,230,15,43,0.8695652173913043,0.8699640700252274,0.8643070101674184,0.7376758613605547,0.02215644810348749,0.00019289739429950714,,,,,
credit_approval,19,2,60,60,RandomFuzzyRules__max_literal_repetitions__2,460,230,15,43,0.8695652173913043,0.8708814310832506,0.8717605687638561,0.7387196040400561,0.021776891313493252,0.00018984824419021606,,,,,
credit_approval,19,2,60,60,RandomFuzzyRules__max_literal_repetitions__3,460,230,15,43,0.8565217391304348,0.8581530464031801,0.860025991896644,0.7130699788003511,0.022487654350697994,0.0001900075003504753,,,,,
early_stage_diabetes_risk_prediction,0,0,1,60,RandomFuzzyRules__max_literal_repetitions__1,167,84,16,31,0.8333333333333334,0.8474801061007957,0.8743368700265252,0.6545399382895134,0.016074121929705143,0.00014558900147676468,,,,,
early_stage_diabetes_risk_prediction,0,0,1,60,RandomFuzzyRules__max_literal_repetitions__2,167,84,16,31,0.7857142857142857,0.8023872679045092,0.8222811671087533,0.56496598177755,0.016099981032311916,0.0001466488465666771,,,,,
early_stage_diabetes_risk_prediction,0,0,1,60,RandomFuzzyRules__max_literal_repetitions__3,167,84,16,31,0.8452380952380952,0.8030503978779842,0.8620689655172413,0.6283718041484042,0.016704484820365906,0.00013926904648542404,,,,,
early_stage_diabetes_risk_prediction,0,1,2,60,RandomFuzzyRules__max_literal_repetitions__1,167,84,16,31,0.8690476190476191,0.8096816976127321,0.8740053050397879,0.6844042955665505,0.015911633148789406,0.0001430688425898552,,,,,
early_stage_diabetes_risk_prediction,0,1,2,60,RandomFuzzyRules__max_literal_repetitions__2,167,84,16,31,0.8690476190476191,0.8096816976127321,0.8740053050397879,0.6844042955665505,0.01627563964575529,0.00014318805187940598,,,,,
early_stage_diabetes_risk_prediction,0,1,2,60,RandomFuzzyRules__max_literal_repetitions__3,167,84,16,31,0.8928571428571429,0.8481432360742706,0.8740053050397879,0.7433762918125657,0.016364668495953083,0.0001310482621192932,,,,,
early_stage_diabetes_risk_prediction,0,2,3,60,RandomFuzzyRules__max_literal_repetitions__1,168,83,16,31,0.8433734939759037,0.8545883940620782,0.891025641025641,0.6721042507151602,0.016248210333287716,0.0001410180702805519,,,,,
early_stage_diabetes_risk_prediction,0,2,3,60,RandomFuzzyRules__max_literal_repetitions__2,168,83,16,31,0.8433734939759037,0.8545883940620782,0.891025641025641,0.6721042507151602,0.016453778371214867,0.00014352798461914062,,,,,
early_stage_diabetes_risk_prediction,0,2,3,60,RandomFuzzyRules__max_literal_repetitions__3,168,83,16,31,0.8433734939759037,0.8545883940620782,0.8545883940620782,0.6721042507151602,0.016560016199946404,0.00014878902584314346,,,,,
early_stage_diabetes_risk_prediction,1,0,4,60,RandomFuzzyRules__max_literal_repetitions__1,167,84,16,31,0.8333333333333334,0.7838196286472149,0.86604774535809,0.5968509765053992,0.016448437236249447,0.0001454390585422516,,,,,
early_stage_diabetes_risk_prediction,1,0,4,60,RandomFuzzyRules__max_literal_repetitions__2,167,84,16,31,0.8333333333333334,0.7838196286472149,0.86604774535809,0.5968509765053992,0.016362368129193783,0.00014357827603816986,,,,,
early_stage_diabetes_risk_prediction,1,0,4,60,RandomFuzzyRules__max_literal_repetitions__3,167,84,16,31,0.8571428571428571,0.8222811671087533,0.86604774535809,0.659605621259262,0.016317849047482014,0.00014320947229862213,,,,,
early_stage_diabetes_risk_prediction,1,1,5,60,RandomFuzzyRules__max_literal_repetitions__1,167,84,16,31,0.7738095238095238,0.7619363395225465,0.8129973474801062,0.5018889555508971,0.016178331337869167,0.00014362763613462448,,,,,
early_stage_diabetes_risk_prediction,1,1,5,60,RandomFuzzyRules__max_literal_repetitions__2,167,84,16,31,0.7976190476190477,0.7685676392572944,0.8269230769230769,0.5316980140696155,0.01651487685739994,0.00014585815370082855,,,,,
early_stage_diabetes_risk_prediction,1,1,5,60,RandomFuzzyRules__max_literal_repetitions__3,167,84,16,31,0.7976190476190477,0.7685676392572944,0.8269230769230769,0.5316980140696155,0.01628303062170744,0.00014310795813798904,,,,,
early_stage_diabetes_risk_prediction,1,2,6,60,RandomFuzzyRules__max_literal_repetitions__1,168,83,16,31,0.8192771084337349,0.7952091767881242,0.8896761133603239,0.5845316825880508,0.016293340362608433,0.00014466792345046997,,,,,
early_stage_diabetes_risk_prediction,1,2,6,60,RandomFuzzyRules__max_literal_repetitions__2,168,83,16,31,0.8192771084337349,0.7952091767881242,0.8896761133603239,0.5845316825880508,0.016229639761149883,0.00014544837176799774,,,,,
early_stage_diabetes_risk_prediction,1,2,6,60,RandomFuzzyRules__max_literal_repetitions__3,168,83,16,31,0.8433734939759037,0.7918353576248314,0.842442645074224,0.6227109656712727,0.016505267471075058,0.00014136824756860733,,,,,
early_stage_diabetes_risk_prediction,2,0,7,60,RandomFuzzyRules__max_literal_repetitions__1,167,84,16,31,0.8809523809523809,0.8607427055702919,0.8952254641909814,0.7214854111405835,0.016172820702195168,0.00014734826982021332,,,,,
early_stage_diabetes_risk_prediction,2,0,7,60,RandomFuzzyRules__max_literal_repetitions__2,167,84,16,31,0.8809523809523809,0.8607427055702919,0.8952254641909814,0.7214854111405835,0.01641110796481371,0.00014756899327039719,,,,,
early_stage_diabetes_risk_prediction,2,0,7,60,RandomFuzzyRules__max_literal_repetitions__3,167,84,16,31,0.8809523809523809,0.8607427055702919,0.8952254641909814,0.7214854111405835,0.015958482399582863,0.00014086905866861343,,,,,
early_stage_diabetes_risk_prediction,2,1,8,60,RandomFuzzyRules__max_literal_repetitions__1,167,84,16,31,0.8809523809523809,0.8289124668435013,0.9257294429708224,0.714012831542562,0.016384517773985863,0.00014389771968126297,,,,,
early_stage_diabetes_risk_prediction,2,1,8,60,RandomFuzzyRules__max_literal_repetitions__2,167,84,16,31,0.8809523809523809,0.8289124668435013,0.9257294429708224,0.714012831542562,0.016617486253380775,0.00014832895249128342,,,,,
early_stage_diabetes_risk_prediction,2,1,8,60,RandomFuzzyRules__max_literal_repetitions__3,167,84,16,31,0.8928571428571429,0.8481432360742706,0.9257294429708224,0.7433762918125657,0.01634970773011446,0.00013837870210409164,,,,,
early_stage_diabetes_risk_prediction,2,2,9,60,RandomFuzzyRules__max_literal_repetitions__1,168,83,16,31,0.8072289156626506,0.8178137651821862,0.8542510121457491,0.5995001587473339,0.016286209225654602,0.00014446768909692764,,,,,
early_stage_diabetes_risk_prediction,2,2,9,60,RandomFuzzyRules__max_literal_repetitions__2,168,83,16,31,0.8072289156626506,0.8178137651821862,0.8542510121457491,0.5995001587473339,0.016279439441859722,0.00014092866331338882,,,,,
early_stage_diabetes_risk_prediction,2,2,9,60,RandomFuzzyRules__max_literal_repetitions__3,168,83,16,31,0.7951807228915663,0.7776653171390013,0.8424426450742241,0.5402314389867822,0.016316359862685204,0.00014217756688594818,,,,,
early_stage_diabetes_risk_prediction,3,0,10,60,RandomFuzzyRules__max_literal_repetitions__1,167,84,16,31,0.8095238095238095,0.7984084880636605,0.8584217506631299,0.5758167996310984,0.016307379119098186,0.00014874804764986038,,,,,
early_stage_diabetes_risk_prediction,3,0,10,60,RandomFuzzyRules__max_literal_repetitions__2,167,84,16,31,0.8095238095238095,0.7984084880636605,0.8584217506631299,0.5758167996310984,0.01636720821261406,0.00013680942356586456,,,,,
early_stage_diabetes_risk_prediction,3,0,10,60,RandomFuzzyRules__max_literal_repetitions__3,167,84,16,31,0.8095238095238095,0.7984084880636605,0.8584217506631299,0.5758167996310984,0.01623134035617113,0.00013325829058885574,,,,,
early_stage_diabetes_risk_prediction,3,1,11,60,RandomFuzzyRules__max_literal_repetitions__1,167,84,16,31,0.8809523809523809,0.8713527851458887,0.883289124668435,0.7283570407292298,0.01632582861930132,0.00014395825564861298,,,,,
early_stage_diabetes_risk_prediction,3,1,11,60,RandomFuzzyRules__max_literal_repetitions__2,167,84,16,31,0.8809523809523809,0.8713527851458887,0.883289124668435,0.7283570407292298,0.016144650988280773,0.000134357251226902,,,,,
early_stage_diabetes_risk_prediction,3,1,11,60,RandomFuzzyRules__max_literal_repetitions__3,167,84,16,31,0.8809523809523809,0.8713527851458887,0.883289124668435,0.7283570407292298,0.016404089517891407,0.00013982784003019333,,,,,
early_stage_diabetes_risk_prediction,3,2,12,60,RandomFuzzyRules__max_literal_repetitions__1,168,83,16,31,0.8554216867469879,0.8529014844804319,0.8987854251012146,0.6814108124353572,0.016203569248318672,0.00014286953955888748,,,,,
early_stage_diabetes_risk_prediction,3,2,12,60,RandomFuzzyRules__max_literal_repetitions__2,168,83,16,31,0.8554216867469879,0.8529014844804319,0.8987854251012146,0.6814108124353572,0.016204250045120716,0.0001412583515048027,,,,,
early_stage_diabetes_risk_prediction,3,2,12,60,RandomFuzzyRules__max_literal_repetitions__3,168,83,16,31,0.8554216867469879,0.8529014844804319,0.8529014844804318,0.6814108124353572,0.016706344671547413,0.00014315824955701828,,,,,
early_stage_diabetes_risk_prediction,4,0,13,60,RandomFuzzyRules__max_literal_repetitions__1,167,84,16,31,0.8452380952380952,0.7818302387267905,0.89157824933687,0.6228518749802654,0.016166101209819317,0.00014354847371578217,,,,,
early_stage_diabetes_risk_prediction,4,0,13,60,RandomFuzzyRules__max_literal_repetitions__2,167,84,16,31,0.8452380952380952,0.7818302387267905,0.89157824933687,0.6228518749802654,0.01609634142369032,0.00014266930520534515,,,,,
early_stage_diabetes_risk_prediction,4,0,13,60,RandomFuzzyRules__max_literal_repetitions__3,167,84,16,31,0.8690476190476191,0.8202917771883289,0.89157824933687,0.6839061884675605,0.016453958116471767,0.00014333799481391907,,,,,
early_stage_diabetes_risk_prediction,4,1,14,60,RandomFuzzyRules__max_literal_repetitions__1,167,84,16,31,0.8571428571428571,0.8753315649867375,0.8992042440318302,0.7070030631142453,0.01653662696480751,0.000139748677611351,,,,,
early_stage_diabetes_risk_prediction,4,1,14,60,RandomFuzzyRules__max_literal_repetitions__2,167,84,16,31,0.8571428571428571,0.8753315649867375,0.8992042440318302,0.7070030631142453,0.016346009448170662,0.00014245789498090744,,,,,
early_stage_diabetes_risk_prediction,4,1,14,60,RandomFuzzyRules__max_literal_repetitions__3,167,84,16,31,0.8571428571428571,0.8753315649867375,0.8753315649867374,0.7070030631142453,0.016220920719206333,0.00014405790716409683,,,,,
early_stage_diabetes_risk_prediction,4,2,15,60,RandomFuzzyRules__max_literal_repetitions__1,168,83,16,31,0.8554216867469879,0.7901484480431848,0.8701079622132253,0.653102608811307,0.016252929344773293,0.0001408783718943596,,,,,
early_stage_diabetes_risk_prediction,4,2,15,60,RandomFuzzyRules__max_literal_repetitions__2,168,83,16,31,0.8554216867469879,0.7901484480431848,0.8701079622132253,0.653102608811307,0.016715744510293007,0.0001428285613656044,,,,,
early_stage_diabetes_risk_prediction,4,2,15,60,RandomFuzzyRules__max_literal_repetitions__3,168,83,16,31,0.8674698795180723,0.8093792172739541,0.8701079622132253,0.683090815993812,0.01630041841417551,0.0001406380906701088,,,,,
early_stage_diabetes_risk_prediction,5,0,16,60,RandomFuzzyRules__max_literal_repetitions__1,167,84,16,31,0.8809523809523809,0.8183023872679045,0.8932360742705571,0.7172364328692438,0.01629220973700285,0.00014870893210172653,,,,,
early_stage_diabetes_risk_prediction,5,0,16,60,RandomFuzzyRules__max_literal_repetitions__2,167,84,16,31,0.8214285714285714,0.807029177718833,0.8567639257294429,0.5970764915502285,0.01645610760897398,0.00014689750969409943,,,,,
early_stage_diabetes_risk_prediction,5,0,16,60,RandomFuzzyRules__max_literal_repetitions__3,167,84,16,31,0.8214285714285714,0.807029177718833,0.8567639257294429,0.5970764915502285,0.01642936747521162,0.00014396850019693375,,,,,
early_stage_diabetes_risk_prediction,5,1,17,60,RandomFuzzyRules__max_literal_repetitions__1,167,84,16,31,0.8333333333333334,0.8368700265251989,0.8832891246684349,0.6413814220455678,0.016119481064379215,0.00014447886496782303,,,,,
early_stage_diabetes_risk_prediction,5,1,17,60,RandomFuzzyRules__max_literal_repetitions__2,167,84,16,31,0.8333333333333334,0.8368700265251989,0.8832891246684349,0.6413814220455678,0.016307439655065536,0.00014633871614933014,,,,,
early_stage_diabetes_risk_prediction,5,1,17,60,RandomFuzzyRules__max_literal_repetitions__3,167,84,16,31,0.8333333333333334,0.8368700265251989,0.8368700265251989,0.6413814220455678,0.016325299628078938,0.00014495849609375,,,,,
early_stage_diabetes_risk_prediction,5,2,18,60,RandomFuzzyRules__max_literal_repetitions__1,168,83,16,31,0.8433734939759037,0.8022941970310391,0.8518893387314439,0.6265335973500717,0.016533796675503254,0.00014426745474338531,,,,,
early_stage_diabetes_risk_prediction,5,2,18,60,RandomFuzzyRules__max_literal_repetitions__2,168,83,16,31,0.8433734939759037,0.8022941970310391,0.8518893387314439,0.6265335973500717,0.016282479278743267,0.00014139898121356964,,,,,
early_stage_diabetes_risk_prediction,5,2,18,60,RandomFuzzyRules__max_literal_repetitions__3,168,83,16,31,0.8433734939759037,0.812753036437247,0.8518893387314439,0.6323705425944048,0.016547665931284428,0.0001487787812948227,,,,,
early_stage_diabetes_risk_prediction,6,0,19,60,RandomFuzzyRules__max_literal_repetitions__1,167,84,16,31,0.9047619047619048,0.8567639257294429,0.9250663129973474,0.7744735955038273,0.016071501187980175,0.00014617759734392166,,,,,
early_stage_diabetes_risk_prediction,6,0,19,60,RandomFuzzyRules__max_literal_repetitions__2,167,84,16,31,0.8333333333333334,0.8262599469496021,0.8693633952254642,0.6295597009300009,0.016108672134578228,0.00014188885688781738,,,,,
early_stage_diabetes_risk_prediction,6,0,19,60,RandomFuzzyRules__max_literal_repetitions__3,167,84,16,31,0.8333333333333334,0.8262599469496021,0.8693633952254642,0.6295597009300009,0.016240098513662815,0.00014198757708072662,,,,,
early_stage_diabetes_risk_prediction,6,1,20,60,RandomFuzzyRules__max_literal_repetitions__1,167,84,16,31,0.8452380952380952,0.8136604774535809,0.8547745358090185,0.6342996262218696,0.016302618198096752,0.00013971980661153793,,,,,
early_stage_diabetes_risk_prediction,6,1,20,60,RandomFuzzyRules__max_literal_repetitions__2,167,84,16,31,0.7976190476190477,0.8110079575596817,0.8282493368700266,0.5832706258361068,0.01627044938504696,0.00013929884880781174,,,,,
early_stage_diabetes_risk_prediction,6,1,20,60,RandomFuzzyRules__max_literal_repetitions__3,167,84,16,31,0.8333333333333334,0.8050397877984085,0.8547745358090185,0.610079575596817,0.016295828856527805,0.00014243926852941513,,,,,
early_stage_diabetes_risk_prediction,6,2,21,60,RandomFuzzyRules__max_literal_repetitions__1,168,83,16,31,0.7951807228915663,0.7672064777327935,0.8367071524966262,0.52908467726827,0.016443328000605106,0.00014312844723463058,,,,,
early_stage_diabetes_risk_prediction,6,2,21,60,RandomFuzzyRules__max_literal_repetitions__2,168,83,16,31,0.7951807228915663,0.7672064777327935,0.8367071524966262,0.52908467726827,0.016495056450366974,0.00013769883662462234,,,,,
early_stage_diabetes_risk_prediction,6,2,21,60,RandomFuzzyRules__max_literal_repetitions__3,168,83,16,31,0.7951807228915663,0.7672064777327935,0.8367071524966262,0.52908467726827,0.016253149136900902,0.00014000944793224335,,,,,
early_stage_diabetes_risk_prediction,7,0,22,60,RandomFuzzyRules__max_literal_repetitions__1,167,84,16,31,0.8690476190476191,0.8309018567639257,0.8720159151193633,0.6861215104377543,0.016559156589210033,0.00014762766659259796,,,,,
early_stage_diabetes_risk_prediction,7,0,22,60,RandomFuzzyRules__max_literal_repetitions__2,167,84,16,31,0.8690476190476191,0.8309018567639257,0.8720159151193633,0.6861215104377543,0.016339409165084362,0.0001430688425898552,,,,,
early_stage_diabetes_risk_prediction,7,0,22,60,RandomFuzzyRules__max_literal_repetitions__3,167,84,16,31,0.8690476190476191,0.8309018567639257,0.8720159151193633,0.6861215104377543,0.016131211072206497,0.00015094783157110214,,,,,
early_stage_diabetes_risk_prediction,7,1,23,60,RandomFuzzyRules__max_literal_repetitions__1,167,84,16,31,0.8333333333333334,0.7625994694960212,0.860079575596817,0.591720057117126,0.01653431635349989,0.00014380831271409988,,,,,
early_stage_diabetes_risk_prediction,7,1,23,60,RandomFuzzyRules__max_literal_repetitions__2,167,84,16,31,0.8333333333333334,0.7625994694960212,0.860079575596817,0.591720057117126,0.01592203415930271,0.0001421188935637474,,,,,
early_stage_diabetes_risk_prediction,7,1,23,60,RandomFuzzyRules__max_literal_repetitions__3,167,84,16,31,0.8214285714285714,0.7751989389920424,0.8653846153846154,0.5706220978590542,0.016687604598701,0.00014415942132472992,,,,,
early_stage_diabetes_risk_prediction,7,2,24,60,RandomFuzzyRules__max_literal_repetitions__1,168,83,16,31,0.8313253012048193,0.835357624831309,0.8812415654520918,0.6391491348053696,0.0165623864158988,0.00014479830861091614,,,,,
early_stage_diabetes_risk_prediction,7,2,24,60,RandomFuzzyRules__max_literal_repetitions__2,168,83,16,31,0.8313253012048193,0.835357624831309,0.835357624831309,0.6391491348053696,0.016263259574770927,0.00013257842510938644,,,,,
early_stage_diabetes_risk_prediction,7,2,24,60,RandomFuzzyRules__max_literal_repetitions__3,168,83,16,31,0.8313253012048193,0.835357624831309,0.835357624831309,0.6391491348053696,0.016308128833770752,0.00014432892203330994,,,,,
early_stage_diabetes_risk_prediction,8,0,25,60,RandomFuzzyRules__max_literal_repetitions__1,167,84,16,31,0.8452380952380952,0.866710875331565,0.8892572944297082,0.6877370065828722,0.016422987915575504,0.00014313962310552597,,,,,
early_stage_diabetes_risk_prediction,8,0,25,60,RandomFuzzyRules__max_literal_repetitions__2,167,84,16,31,0.8452380952380952,0.866710875331565,0.8892572944297082,0.6877370065828722,0.016807714477181435,0.0001451577991247177,,,,,
early_stage_diabetes_risk_prediction,8,0,25,60,RandomFuzzyRules__max_literal_repetitions__3,167,84,16,31,0.8452380952380952,0.866710875331565,0.866710875331565,0.6877370065828722,0.01645156741142273,0.00014494918286800385,,,,,
early_stage_diabetes_risk_prediction,8,1,26,60,RandomFuzzyRules__max_literal_repetitions__1,167,84,16,31,0.8690476190476191,0.7990716180371353,0.8938992042440317,0.6882464892556853,0.01656170655041933,0.0001433277502655983,,,,,
early_stage_diabetes_risk_prediction,8,1,26,60,RandomFuzzyRules__max_literal_repetitions__2,167,84,16,31,0.8452380952380952,0.8454907161803713,0.866710875331565,0.6619851793468795,0.01619733963161707,0.00014018919318914413,,,,,
early_stage_diabetes_risk_prediction,8,1,26,60,RandomFuzzyRules__max_literal_repetitions__3,167,84,16,31,0.8809523809523809,0.8183023872679045,0.8938992042440317,0.7172364328692438,0.01630248874425888,0.0001427978277206421,,,,,
early_stage_diabetes_risk_prediction,8,2,27,60,RandomFuzzyRules__max_literal_repetitions__1,168,83,16,31,0.8433734939759037,0.8441295546558705,0.8913630229419703,0.6599234350553257,0.016220249235630035,0.00014534872025251389,,,,,
early_stage_diabetes_risk_prediction,8,2,27,60,RandomFuzzyRules__max_literal_repetitions__2,168,83,16,31,0.8433734939759037,0.8441295546558705,0.8441295546558705,0.6599234350553257,0.016398088075220585,0.0001450190320611,,,,,
early_stage_diabetes_risk_prediction,8,2,27,60,RandomFuzzyRules__max_literal_repetitions__3,168,83,16,31,0.8433734939759037,0.8022941970310391,0.8667341430499326,0.6265335973500717,0.01631459966301918,0.0001414082944393158,,,,,
early_stage_diabetes_risk_prediction,9,0,28,60,RandomFuzzyRules__max_literal_repetitions__1,167,84,16,31,0.8333333333333334,0.7944297082228117,0.8408488063660478,0.6026026663356221,0.016380228102207184,0.0001462092623114586,,,,,
early_stage_diabetes_risk_prediction,9,0,28,60,RandomFuzzyRules__max_literal_repetitions__2,167,84,16,31,0.8333333333333334,0.7944297082228117,0.8408488063660478,0.6026026663356221,0.016625585965812206,0.0001459578052163124,,,,,
early_stage_diabetes_risk_prediction,9,0,28,60,RandomFuzzyRules__max_literal_repetitions__3,167,84,16,31,0.8333333333333334,0.7944297082228117,0.8408488063660478,0.6026026663356221,0.016453138552606106,0.0001524081453680992,,,,,
early_stage_diabetes_risk_prediction,9,1,29,60,RandomFuzzyRules__max_literal_repetitions__1,167,84,16,31,0.8690476190476191,0.873342175066313,0.9061671087533156,0.7153505872788736,0.0163109190762043,0.0001476174220442772,,,,,
early_stage_diabetes_risk_prediction,9,1,29,60,RandomFuzzyRules__max_literal_repetitions__2,167,84,16,31,0.8690476190476191,0.873342175066313,0.9061671087533156,0.7153505872788736,0.016245500184595585,0.0001422576606273651,,,,,
early_stage_diabetes_risk_prediction,9,1,29,60,RandomFuzzyRules__max_literal_repetitions__3,167,84,16,31,0.8690476190476191,0.873342175066313,0.873342175066313,0.7153505872788736,0.016105751506984234,0.0001456690952181816,,,,,
early_stage_diabetes_risk_prediction,9,2,30,60,RandomFuzzyRules__max_literal_repetitions__1,168,83,16,31,0.8433734939759037,0.8336707152496626,0.8943994601889339,0.6491967110059873,0.016221479512751102,0.00014532729983329773,,,,,
early_stage_diabetes_risk_prediction,9,2,30,60,RandomFuzzyRules__max_literal_repetitions__2,168,83,16,31,0.8433734939759037,0.8336707152496626,0.8336707152496626,0.6491967110059873,0.015956683084368706,0.0001428592950105667,,,,,
early_stage_diabetes_risk_prediction,9,2,30,60,RandomFuzzyRules__max_literal_repetitions__3,168,83,16,31,0.8433734939759037,0.8336707152496626,0.8336707152496626,0.6491967110059873,0.016421657986938953,0.0001421179622411728,,,,,
early_stage_diabetes_risk_prediction,10,0,31,60,RandomFuzzyRules__max_literal_repetitions__1,167,84,16,31,0.8214285714285714,0.807029177718833,0.8806366047745358,0.5970764915502285,0.016088400967419147,0.0001465287059545517,,,,,
early_stage_diabetes_risk_prediction,10,0,31,60,RandomFuzzyRules__max_literal_repetitions__2,167,84,16,31,0.8214285714285714,0.807029177718833,0.8806366047745358,0.5970764915502285,0.016200870275497437,0.00014443788677453995,,,,,
early_stage_diabetes_risk_prediction,10,0,31,60,RandomFuzzyRules__max_literal_repetitions__3,167,84,16,31,0.8214285714285714,0.7645888594164456,0.8375331564986737,0.5649659817775499,0.016494647599756718,0.00014644861221313477,,,,,
early_stage_diabetes_risk_prediction,10,1,32,60,RandomFuzzyRules__max_literal_repetitions__1,167,84,16,31,0.9166666666666666,0.9078249336870026,0.9505968169761272,0.807393280624231,0.01677643321454525,0.0001414678990840912,,,,,
early_stage_diabetes_risk_prediction,10,1,32,60,RandomFuzzyRules__max_literal_repetitions__2,167,84,16,31,0.7976190476190477,0.7579575596816976,0.8216180371352785,0.5216544494721084,0.016403297893702984,0.00014292914420366287,,,,,
early_stage_diabetes_risk_prediction,10,1,32,60,RandomFuzzyRules__max_literal_repetitions__3,167,84,16,31,0.8571428571428571,0.8328912466843501,0.8885941644562334,0.6657824933687002,0.016593465581536293,0.00014109723269939423,,,,,
early_stage_diabetes_risk_prediction,10,2,33,60,RandomFuzzyRules__max_literal_repetitions__1,168,83,16,31,0.8433734939759037,0.7918353576248314,0.8778677462887989,0.6227109656712727,0.016396738588809967,0.0001457585021853447,,,,,
early_stage_diabetes_risk_prediction,10,2,33,60,RandomFuzzyRules__max_literal_repetitions__2,168,83,16,31,0.8433734939759037,0.7918353576248314,0.8778677462887989,0.6227109656712727,0.01649505738168955,0.00014870800077915192,,,,,
early_stage_diabetes_risk_prediction,10,2,33,60,RandomFuzzyRules__max_literal_repetitions__3,168,83,16,31,0.8433734939759037,0.8650472334682862,0.865047233468286,0.6857226867403032,0.016767685301601887,0.00014464743435382843,,,,,
early_stage_diabetes_risk_prediction,11,0,34,60,RandomFuzzyRules__max_literal_repetitions__1,167,84,16,31,0.8690476190476191,0.8309018567639257,0.8687002652519893,0.6861215104377543,0.016187789849936962,0.0001307893544435501,,,,,
early_stage_diabetes_risk_prediction,11,0,34,60,RandomFuzzyRules__max_literal_repetitions__2,167,84,16,31,0.8690476190476191,0.8309018567639257,0.8687002652519893,0.6861215104377543,0.01615770999342203,0.00014091841876506805,,,,,
early_stage_diabetes_risk_prediction,11,0,34,60,RandomFuzzyRules__max_literal_repetitions__3,167,84,16,31,0.8809523809523809,0.850132625994695,0.8687002652519893,0.716608576182902,0.0163057092577219,0.0001394590362906456,,,,,
early_stage_diabetes_risk_prediction,11,1,35,60,RandomFuzzyRules__max_literal_repetitions__1,167,84,16,31,0.8571428571428571,0.8541114058355437,0.8965517241379309,0.6833026022289035,0.01635418925434351,0.00014940835535526276,,,,,
early_stage_diabetes_risk_prediction,11,1,35,60,RandomFuzzyRules__max_literal_repetitions__2,167,84,16,31,0.8571428571428571,0.8541114058355437,0.8965517241379309,0.6833026022289035,0.016456526704132557,0.00014760904014110565,,,,,
early_stage_diabetes_risk_prediction,11,1,35,60,RandomFuzzyRules__max_literal_repetitions__3,167,84,16,31,0.8690476190476191,0.8202917771883289,0.8776525198938994,0.6839061884675605,0.01654006727039814,0.00014280807226896286,,,,,
early_stage_diabetes_risk_prediction,11,2,36,60,RandomFuzzyRules__max_literal_repetitions__1,168,83,16,31,0.8554216867469879,0.8633603238866396,0.9008097165991902,0.6925187305687958,0.01622925978153944,0.00014165882021188736,,,,,
early_stage_diabetes_risk_prediction,11,2,36,60,RandomFuzzyRules__max_literal_repetitions__2,168,83,16,31,0.8554216867469879,0.8633603238866396,0.9008097165991902,0.6925187305687958,0.01657643634825945,0.00014047790318727493,,,,,
early_stage_diabetes_risk_prediction,11,2,36,60,RandomFuzzyRules__max_literal_repetitions__3,168,83,16,31,0.8554216867469879,0.8633603238866396,0.8633603238866396,0.6925187305687958,0.016359668225049973,0.00014083832502365112,,,,,
early_stage_diabetes_risk_prediction,12,0,37,60,RandomFuzzyRules__max_literal_repetitions__1,167,84,16,31,0.8809523809523809,0.8713527851458887,0.9137931034482759,0.7283570407292298,0.01605595275759697,0.00014514848589897156,,,,,
early_stage_diabetes_risk_prediction,12,0,37,60,RandomFuzzyRules__max_literal_repetitions__2,167,84,16,31,0.8095238095238095,0.7877984084880636,0.8597480106100797,0.564476706565153,0.016264580190181732,0.00014218874275684357,,,,,
early_stage_diabetes_risk_prediction,12,0,37,60,RandomFuzzyRules__max_literal_repetitions__3,167,84,16,31,0.8095238095238095,0.7877984084880636,0.8597480106100797,0.564476706565153,0.01613106019794941,0.00014396850019693375,,,,,
early_stage_diabetes_risk_prediction,12,1,38,60,RandomFuzzyRules__max_literal_repetitions__1,167,84,16,31,0.8809523809523809,0.8395225464190981,0.9141246684350133,0.7139899532027205,0.016194280236959457,0.0001432374119758606,,,,,
early_stage_diabetes_risk_prediction,12,1,38,60,RandomFuzzyRules__max_literal_repetitions__2,167,84,16,31,0.8809523809523809,0.8395225464190981,0.9141246684350133,0.7139899532027205,0.016476938501000404,0.00014416780322790146,,,,,
early_stage_diabetes_risk_prediction,12,1,38,60,RandomFuzzyRules__max_literal_repetitions__3,167,84,16,31,0.8452380952380952,0.8030503978779842,0.8985411140583555,0.6283718041484042,0.016387258656322956,0.00014074798673391342,,,,,
early_stage_diabetes_risk_prediction,12,2,39,60,RandomFuzzyRules__max_literal_repetitions__1,168,83,16,31,0.8313253012048193,0.7726045883940621,0.8441295546558704,0.5912919771633818,0.016158240847289562,0.00014207884669303894,,,,,
early_stage_diabetes_risk_prediction,12,2,39,60,RandomFuzzyRules__max_literal_repetitions__2,168,83,16,31,0.8313253012048193,0.7726045883940621,0.8441295546558704,0.5912919771633818,0.016745553351938725,0.00014431867748498917,,,,,
early_stage_diabetes_risk_prediction,12,2,39,60,RandomFuzzyRules__max_literal_repetitions__3,168,83,16,31,0.8313253012048193,0.7726045883940621,0.8441295546558704,0.5912919771633818,0.01640404760837555,0.0001392783597111702,,,,,
early_stage_diabetes_risk_prediction,13,0,40,60,RandomFuzzyRules__max_literal_repetitions__1,167,84,16,31,0.8333333333333334,0.8156498673740054,0.878315649867374,0.6191034846198453,0.01626329869031906,0.00014337897300720215,,,,,
early_stage_diabetes_risk_prediction,13,0,40,60,RandomFuzzyRules__max_literal_repetitions__2,167,84,16,31,0.8333333333333334,0.8156498673740054,0.878315649867374,0.6191034846198453,0.01624635048210621,0.00014456827193498611,,,,,
early_stage_diabetes_risk_prediction,13,0,40,60,RandomFuzzyRules__max_literal_repetitions__3,167,84,16,31,0.8333333333333334,0.8156498673740054,0.878315649867374,0.6191034846198453,0.016329878941178322,0.0001444285735487938,,,,,
early_stage_diabetes_risk_prediction,13,1,41,60,RandomFuzzyRules__max_literal_repetitions__1,167,84,16,31,0.8452380952380952,0.8561007957559681,0.8909151193633952,0.674157782831291,0.01612732093781233,0.00013972818851470947,,,,,
early_stage_diabetes_risk_prediction,13,1,41,60,RandomFuzzyRules__max_literal_repetitions__2,167,84,16,31,0.8452380952380952,0.8561007957559681,0.8561007957559681,0.674157782831291,0.01624642964452505,0.00014677923172712326,,,,,
early_stage_diabetes_risk_prediction,13,1,41,60,RandomFuzzyRules__max_literal_repetitions__3,167,84,16,31,0.8571428571428571,0.8116710875331565,0.8706896551724139,0.6554204648540598,0.01632848009467125,0.00014361925423145294,,,,,
early_stage_diabetes_risk_prediction,13,2,42,60,RandomFuzzyRules__max_literal_repetitions__1,168,83,16,31,0.8795180722891566,0.8390688259109311,0.9048582995951416,0.7126326268598047,0.016162539832293987,0.0001305295154452324,,,,,
early_stage_diabetes_risk_prediction,13,2,42,60,RandomFuzzyRules__max_literal_repetitions__2,168,83,16,31,0.8795180722891566,0.8390688259109311,0.9048582995951416,0.7126326268598047,0.01616436056792736,0.00014333799481391907,,,,,
early_stage_diabetes_risk_prediction,13,2,42,60,RandomFuzzyRules__max_literal_repetitions__3,168,83,16,31,0.891566265060241,0.8582995951417004,0.9048582995951416,0.7426101343591253,0.016211790032684803,0.0001413179561495781,,,,,
early_stage_diabetes_risk_prediction,14,0,43,60,RandomFuzzyRules__max_literal_repetitions__1,167,84,16,31,0.75,0.6598143236074271,0.8471485411140585,0.36777694880403583,0.016078251414000988,0.0001424979418516159,,,,,
early_stage_diabetes_risk_prediction,14,0,43,60,RandomFuzzyRules__max_literal_repetitions__2,167,84,16,31,0.7738095238095238,0.730106100795756,0.7937665782493369,0.4653318610972278,0.01647325698286295,0.00014061946421861649,,,,,
early_stage_diabetes_risk_prediction,14,0,43,60,RandomFuzzyRules__max_literal_repetitions__3,167,84,16,31,0.7738095238095238,0.730106100795756,0.7937665782493369,0.4653318610972278,0.01655222661793232,0.00014065764844417572,,,,,
early_stage_diabetes_risk_prediction,14,1,44,60,RandomFuzzyRules__max_literal_repetitions__1,167,84,16,31,0.8571428571428571,0.8647214854111406,0.896551724137931,0.6944090199312251,0.016145951114594936,0.00014394894242286682,,,,,
early_stage_diabetes_risk_prediction,14,1,44,60,RandomFuzzyRules__max_literal_repetitions__2,167,84,16,31,0.8571428571428571,0.8647214854111406,0.8647214854111406,0.6944090199312251,0.016597616486251354,0.0001493571326136589,,,,,
early_stage_diabetes_risk_prediction,14,1,44,60,RandomFuzzyRules__max_literal_repetitions__3,167,84,16,31,0.8571428571428571,0.8647214854111406,0.8647214854111406,0.6944090199312251,0.016484098508954048,0.00014507770538330078,,,,,
early_stage_diabetes_risk_prediction,14,2,45,60,RandomFuzzyRules__max_literal_repetitions__1,168,83,16,31,0.8433734939759037,0.7918353576248314,0.8454790823211876,0.6227109656712727,0.01613675057888031,0.0001421179622411728,,,,,
early_stage_diabetes_risk_prediction,14,2,45,60,RandomFuzzyRules__max_literal_repetitions__2,168,83,16,31,0.8433734939759037,0.7918353576248314,0.8454790823211876,0.6227109656712727,0.016218050383031368,0.0001434488222002983,,,,,
early_stage_diabetes_risk_prediction,14,2,45,60,RandomFuzzyRules__max_literal_repetitions__3,168,83,16,31,0.8554216867469879,0.8110661268556005,0.8454790823211876,0.6537783900146665,0.016453666612505913,0.00015066750347614288,,,,,
early_stage_diabetes_risk_prediction,15,0,46,60,RandomFuzzyRules__max_literal_repetitions__1,167,84,16,31,0.8333333333333334,0.8156498673740054,0.8952254641909814,0.6191034846198453,0.016275259666144848,0.0001420881599187851,,,,,
early_stage_diabetes_risk_prediction,15,0,46,60,RandomFuzzyRules__max_literal_repetitions__2,167,84,16,31,0.8333333333333334,0.8156498673740054,0.8952254641909814,0.6191034846198453,0.016347468830645084,0.0001439480111002922,,,,,
early_stage_diabetes_risk_prediction,15,0,46,60,RandomFuzzyRules__max_literal_repetitions__3,167,84,16,31,0.8333333333333334,0.8156498673740054,0.8952254641909814,0.6191034846198453,0.016649575904011726,0.00014216825366020203,,,,,
early_stage_diabetes_risk_prediction,15,1,47,60,RandomFuzzyRules__max_literal_repetitions__1,167,84,16,31,0.8452380952380952,0.7924403183023873,0.885941644562334,0.6244360851225552,0.016403237357735634,0.00014469865709543228,,,,,
early_stage_diabetes_risk_prediction,15,1,47,60,RandomFuzzyRules__max_literal_repetitions__2,167,84,16,31,0.8452380952380952,0.7924403183023873,0.885941644562334,0.6244360851225552,0.01634713727980852,0.00014663860201835632,,,,,
early_stage_diabetes_risk_prediction,15,1,47,60,RandomFuzzyRules__max_literal_repetitions__3,167,84,16,31,0.8690476190476191,0.8309018567639257,0.885941644562334,0.6861215104377543,0.016371028497815132,0.00014359783381223679,,,,,
early_stage_diabetes_risk_prediction,15,2,48,60,RandomFuzzyRules__max_literal_repetitions__1,168,83,16,31,0.7710843373493976,0.7392037786774629,0.8029689608636976,0.47363767194848916,0.016311259008944035,0.0001426488161087036,,,,,
early_stage_diabetes_risk_prediction,15,2,48,60,RandomFuzzyRules__max_literal_repetitions__2,168,83,16,31,0.7951807228915663,0.73582995951417,0.7780026990553306,0.5032080520279996,0.016361398622393608,0.00014661811292171478,,,,,
early_stage_diabetes_risk_prediction,15,2,48,60,RandomFuzzyRules__max_literal_repetitions__3,168,83,16,31,0.7951807228915663,0.73582995951417,0.7780026990553306,0.5032080520279996,0.01622946932911873,0.00014209840446710587,,,,,
early_stage_diabetes_risk_prediction,16,0,49,60,RandomFuzzyRules__max_literal_repetitions__1,167,84,16,31,0.8571428571428571,0.8435013262599469,0.8932360742705571,0.6737302626745375,0.016310758888721466,0.00015093758702278137,,,,,
early_stage_diabetes_risk_prediction,16,0,49,60,RandomFuzzyRules__max_literal_repetitions__2,167,84,16,31,0.8571428571428571,0.8435013262599469,0.8932360742705571,0.6737302626745375,0.016133232042193413,0.00014371983706951141,,,,,
early_stage_diabetes_risk_prediction,16,0,49,60,RandomFuzzyRules__max_literal_repetitions__3,167,84,16,31,0.8452380952380952,0.8030503978779842,0.9064986737400531,0.6283718041484042,0.016537196934223175,0.00014238804578781128,,,,,
early_stage_diabetes_risk_prediction,16,1,50,60,RandomFuzzyRules__max_literal_repetitions__1,167,84,16,31,0.8690476190476191,0.873342175066313,0.9051724137931034,0.7153505872788736,0.016157791018486023,0.00014411844313144684,,,,,
early_stage_diabetes_risk_prediction,16,1,50,60,RandomFuzzyRules__max_literal_repetitions__2,167,84,16,31,0.8690476190476191,0.873342175066313,0.9051724137931034,0.7153505872788736,0.016305980272591114,0.00014508794993162155,,,,,
early_stage_diabetes_risk_prediction,16,1,50,60,RandomFuzzyRules__max_literal_repetitions__3,167,84,16,31,0.8690476190476191,0.873342175066313,0.873342175066313,0.7153505872788736,0.01672414503991604,0.0001421188935637474,,,,,
early_stage_diabetes_risk_prediction,16,2,51,60,RandomFuzzyRules__max_literal_repetitions__1,168,83,16,31,0.8313253012048193,0.7830634278002699,0.8609986504723347,0.5949241531695284,0.016128781251609325,0.00013971887528896332,,,,,
early_stage_diabetes_risk_prediction,16,2,51,60,RandomFuzzyRules__max_literal_repetitions__2,168,83,16,31,0.8313253012048193,0.7830634278002699,0.8609986504723347,0.5949241531695284,0.01663366612046957,0.00015064794570207596,,,,,
early_stage_diabetes_risk_prediction,16,2,51,60,RandomFuzzyRules__max_literal_repetitions__3,168,83,16,31,0.8433734939759037,0.8022941970310391,0.8609986504723347,0.6265335973500717,0.01647976692765951,0.0001439889892935753,,,,,
early_stage_diabetes_risk_prediction,17,0,52,60,RandomFuzzyRules__max_literal_repetitions__1,167,84,16,31,0.8095238095238095,0.7559681697612732,0.8222811671087533,0.5382814881567385,0.016280489042401314,0.00014319922775030136,,,,,
early_stage_diabetes_risk_prediction,17,0,52,60,RandomFuzzyRules__max_literal_repetitions__2,167,84,16,31,0.8095238095238095,0.7559681697612732,0.8222811671087533,0.5382814881567385,0.016620274633169174,0.000142708420753479,,,,,
early_stage_diabetes_risk_prediction,17,0,52,60,RandomFuzzyRules__max_literal_repetitions__3,167,84,16,31,0.8214285714285714,0.7858090185676392,0.8222811671087533,0.5779770378469891,0.01629205048084259,0.00014408770948648453,,,,,
early_stage_diabetes_risk_prediction,17,1,53,60,RandomFuzzyRules__max_literal_repetitions__1,167,84,16,31,0.8452380952380952,0.8454907161803713,0.8945623342175066,0.6619851793468795,0.01592943351715803,0.00014448817819356918,,,,,
early_stage_diabetes_risk_prediction,17,1,53,60,RandomFuzzyRules__max_literal_repetitions__2,167,84,16,31,0.8452380952380952,0.8454907161803713,0.8945623342175066,0.6619851793468795,0.016186191700398922,0.00014523789286613464,,,,,
early_stage_diabetes_risk_prediction,17,1,53,60,RandomFuzzyRules__max_literal_repetitions__3,167,84,16,31,0.8452380952380952,0.8454907161803713,0.8454907161803714,0.6619851793468795,0.015596437267959118,0.0001492779701948166,,,,,
early_stage_diabetes_risk_prediction,17,2,54,60,RandomFuzzyRules__max_literal_repetitions__1,168,83,16,31,0.8795180722891566,0.8809041835357625,0.9173414304993253,0.7354806952576656,0.016531366854906082,0.00014162808656692505,,,,,
early_stage_diabetes_risk_prediction,17,2,54,60,RandomFuzzyRules__max_literal_repetitions__2,168,83,16,31,0.8795180722891566,0.8809041835357625,0.9173414304993253,0.7354806952576656,0.016445858404040337,0.00014369934797286987,,,,,
early_stage_diabetes_risk_prediction,17,2,54,60,RandomFuzzyRules__max_literal_repetitions__3,168,83,16,31,0.8554216867469879,0.8215249662618083,0.8960863697705803,0.6578655917360773,0.016710394993424416,0.00014215800911188126,,,,,
early_stage_diabetes_risk_prediction,18,0,55,60,RandomFuzzyRules__max_literal_repetitions__1,167,84,16,31,0.7857142857142857,0.7811671087533156,0.8388594164456233,0.5353262262742535,0.016112251207232475,0.00014366861432790756,,,,,
early_stage_diabetes_risk_prediction,18,0,55,60,RandomFuzzyRules__max_literal_repetitions__2,167,84,16,31,0.7857142857142857,0.7811671087533156,0.7811671087533156,0.5353262262742535,0.01628371048718691,0.00014413800090551376,,,,,
early_stage_diabetes_risk_prediction,18,0,55,60,RandomFuzzyRules__max_literal_repetitions__3,167,84,16,31,0.7857142857142857,0.7811671087533156,0.7811671087533156,0.5353262262742535,0.016407378017902374,0.00014334917068481445,,,,,
early_stage_diabetes_risk_prediction,18,1,56,60,RandomFuzzyRules__max_literal_repetitions__1,167,84,16,31,0.9047619047619048,0.8461538461538461,0.8942307692307693,0.7799946207453026,0.016198900528252125,0.00014369748532772064,,,,,
early_stage_diabetes_risk_prediction,18,1,56,60,RandomFuzzyRules__max_literal_repetitions__2,167,84,16,31,0.9047619047619048,0.8461538461538461,0.8942307692307693,0.7799946207453026,0.016328128054738045,0.0001429188996553421,,,,,
early_stage_diabetes_risk_prediction,18,1,56,60,RandomFuzzyRules__max_literal_repetitions__3,167,84,16,31,0.8690476190476191,0.8309018567639257,0.9330238726790451,0.6861215104377543,0.016552086919546127,0.00014319829642772675,,,,,
early_stage_diabetes_risk_prediction,18,2,57,60,RandomFuzzyRules__max_literal_repetitions__1,168,83,16,31,0.8795180722891566,0.8390688259109311,0.906545209176788,0.7126326268598047,0.016152940690517426,0.0001393379643559456,,,,,
early_stage_diabetes_risk_prediction,18,2,57,60,RandomFuzzyRules__max_literal_repetitions__2,168,83,16,31,0.8072289156626506,0.7968960863697706,0.8495276653171389,0.5732710467907403,0.016499477438628674,0.0001451093703508377,,,,,
early_stage_diabetes_risk_prediction,18,2,57,60,RandomFuzzyRules__max_literal_repetitions__3,168,83,16,31,0.8072289156626506,0.7968960863697706,0.8495276653171389,0.5732710467907403,0.016428527422249317,0.00014292914420366287,,,,,
early_stage_diabetes_risk_prediction,19,0,58,60,RandomFuzzyRules__max_literal_repetitions__1,167,84,16,31,0.8571428571428571,0.8116710875331565,0.8577586206896552,0.6554204648540598,0.016353978775441647,0.000144188292324543,,,,,
early_stage_diabetes_risk_prediction,19,0,58,60,RandomFuzzyRules__max_literal_repetitions__2,167,84,16,31,0.8571428571428571,0.8116710875331565,0.8577586206896552,0.6554204648540598,0.016393528319895267,0.0001430697739124298,,,,,
early_stage_diabetes_risk_prediction,19,0,58,60,RandomFuzzyRules__max_literal_repetitions__3,167,84,16,31,0.8571428571428571,0.8116710875331565,0.8577586206896552,0.6554204648540598,0.016354328021407127,0.00014275871217250824,,,,,
early_stage_diabetes_risk_prediction,19,1,59,60,RandomFuzzyRules__max_literal_repetitions__1,167,84,16,31,0.8809523809523809,0.8925729442970822,0.9151193633952255,0.7474366178168822,0.01641009747982025,0.00014580786228179932,,,,,
early_stage_diabetes_risk_prediction,19,1,59,60,RandomFuzzyRules__max_literal_repetitions__2,167,84,16,31,0.8214285714285714,0.7858090185676392,0.8265915119363396,0.5779770378469891,0.01632084883749485,0.0001422092318534851,,,,,
early_stage_diabetes_risk_prediction,19,1,59,60,RandomFuzzyRules__max_literal_repetitions__3,167,84,16,31,0.8452380952380952,0.8136604774535809,0.8822944297082228,0.6342996262218696,0.01686630304902792,0.00015133805572986603,,,,,
early_stage_diabetes_risk_prediction,19,2,60,60,RandomFuzzyRules__max_literal_repetitions__1,168,83,16,31,0.8072289156626506,0.8178137651821862,0.8609986504723347,0.5995001587473339,0.015725656412541866,0.0001424681395292282,,,,,
early_stage_diabetes_risk_prediction,19,2,60,60,RandomFuzzyRules__max_literal_repetitions__2,168,83,16,31,0.8072289156626506,0.8178137651821862,0.8178137651821863,0.5995001587473339,0.016190839931368828,0.00014262832701206207,,,,,
early_stage_diabetes_risk_prediction,19,2,60,60,RandomFuzzyRules__max_literal_repetitions__3,168,83,16,31,0.8072289156626506,0.8178137651821862,0.8178137651821863,0.5995001587473339,0.016633056104183197,0.00014232750982046127,,,,,
give_me_some_credit,0,0,1,9,RandomFuzzyRules__max_literal_repetitions__1,100000,50000,10,109,0.93334,0.506207814844506,0.6570272450444054,0.07806922157972002,1.4567388528957963,0.016017942689359188,,,,,
give_me_some_credit,0,0,1,9,RandomFuzzyRules__max_literal_repetitions__2,100000,50000,10,109,0.93338,0.5065070368672469,0.6266469877106441,0.08081725537758194,1.402621889486909,0.015568106435239315,,,,,
give_me_some_credit,0,0,1,9,RandomFuzzyRules__max_literal_repetitions__3,100000,50000,10,109,0.93334,0.506207814844506,0.6570272450444054,0.07806922157972002,1.4188907882198691,0.016148850321769714,,,,,
give_me_some_credit,0,1,2,9,RandomFuzzyRules__max_literal_repetitions__1,100000,50000,10,109,0.9334,0.5073511215560704,0.6189842059408879,0.08567830874916316,1.4600957157090306,0.015683894976973534,,,,,
give_me_some_credit,0,1,2,9,RandomFuzzyRules__max_literal_repetitions__2,100000,50000,10,109,0.9334,0.5073511215560704,0.6578940673491068,0.08567830874916316,1.4037054060027003,0.01607644185423851,,,,,
give_me_some_credit,0,1,2,9,RandomFuzzyRules__max_literal_repetitions__3,100000,50000,10,109,0.9334,0.5073511215560704,0.6578672798659531,0.08567830874916316,1.4198695365339518,0.01679016463458538,,,,,
give_me_some_credit,0,2,3,9,RandomFuzzyRules__max_literal_repetitions__1,100000,50000,10,109,0.93324,0.5071264966135414,0.5521963760953913,0.08048229409242162,1.4498621197417378,0.01579742506146431,,,,,
give_me_some_credit,0,2,3,9,RandomFuzzyRules__max_literal_repetitions__2,100000,50000,10,109,0.93324,0.5071264966135414,0.5521963760953913,0.08048229409242162,1.4152069929987192,0.015699314884841442,,,,,
give_me_some_credit,0,2,3,9,RandomFuzzyRules__max_literal_repetitions__3,100000,50000,10,109,0.93324,0.5071264966135414,0.5521963760953913,0.08048229409242162,1.419250801205635,0.0156534556299448,,,,,
give_me_some_credit,1,0,4,9,RandomFuzzyRules__max_literal_repetitions__1,100000,50000,10,109,0.93312,0.5048398831904125,0.6867541398237104,0.06375185484626443,1.4243554063141346,0.015653916634619236,,,,,
give_me_some_credit,1,0,4,9,RandomFuzzyRules__max_literal_repetitions__2,100000,50000,10,109,0.93314,0.5049894942017829,0.6867554737467403,0.06527150619334587,1.4066054914146662,0.0154542475938797,,,,,
give_me_some_credit,1,0,4,9,RandomFuzzyRules__max_literal_repetitions__3,100000,50000,10,109,0.93314,0.5049894942017829,0.6867554737467403,0.06527150619334587,1.417346429079771,0.01547060813754797,,,,,
give_me_some_credit,1,1,5,9,RandomFuzzyRules__max_literal_repetitions__1,100000,50000,10,109,0.93328,0.5067312449588292,0.6211477168663204,0.07931889101787115,1.4553849687799811,0.015872273594141006,,,,,
give_me_some_credit,1,1,5,9,RandomFuzzyRules__max_literal_repetitions__2,100000,50000,10,109,0.9333,0.5068808559701995,0.6901189959386916,0.08063593291385347,1.4195917332544923,0.015919973142445087,,,,,
give_me_some_credit,1,1,5,9,RandomFuzzyRules__max_literal_repetitions__3,100000,50000,10,109,0.9333,0.5068808559701995,0.6898413507622689,0.08063593291385347,1.4304744899272919,0.015836053527891636,,,,,
give_me_some_credit,1,2,6,9,RandomFuzzyRules__max_literal_repetitions__1,100000,50000,10,109,0.9333,0.5011861718150837,0.6518782412245372,0.04416484508383513,1.4481308730319142,0.014881613664329052,,,,,
give_me_some_credit,1,2,6,9,RandomFuzzyRules__max_literal_repetitions__2,100000,50000,10,109,0.9333,0.5011861718150837,0.6518782412245372,0.04416484508383513,1.4168369509279728,0.015070541761815548,,,,,
give_me_some_credit,1,2,6,9,RandomFuzzyRules__max_literal_repetitions__3,100000,50000,10,109,0.9333,0.5011861718150837,0.6518782412245372,0.04416484508383513,1.4228391163051128,0.015420817770063877,,,,,
give_me_some_credit,2,0,7,9,RandomFuzzyRules__max_literal_repetitions__1,100000,50000,10,109,0.93322,0.5064213066602085,0.6536033083240722,0.0760898187716778,1.4473953181877732,0.01828964799642563,,,,,
give_me_some_credit,2,0,7,9,RandomFuzzyRules__max_literal_repetitions__2,100000,50000,10,109,0.93322,0.5064213066602085,0.6923331093625261,0.0760898187716778,1.4111781576648355,0.015360248275101185,,,,,
give_me_some_credit,2,0,7,9,RandomFuzzyRules__max_literal_repetitions__3,100000,50000,10,109,0.93322,0.5064213066602085,0.6923331093625261,0.0760898187716778,1.3965057004243135,0.015622526407241821,,,,,
give_me_some_credit,2,1,8,9,RandomFuzzyRules__max_literal_repetitions__1,100000,50000,10,109,0.93314,0.506100652085708,0.6949440392353963,0.07229019515095206,1.4446247955784202,0.015830203890800476,,,,,
give_me_some_credit,2,1,8,9,RandomFuzzyRules__max_literal_repetitions__2,100000,50000,10,109,0.93316,0.5062502630970784,0.6219950594056209,0.07365115078450796,1.4234916269779205,0.01617967989295721,,,,,
give_me_some_credit,2,1,8,9,RandomFuzzyRules__max_literal_repetitions__3,100000,50000,10,109,0.93314,0.506100652085708,0.68589356387012,0.07229019515095206,1.438162081874907,0.01709293108433485,,,,,
give_me_some_credit,2,2,9,9,RandomFuzzyRules__max_literal_repetitions__1,100000,50000,10,109,0.93332,0.5013357828264542,0.6531057582404569,0.047183544766755174,1.451087105087936,0.015338479541242123,,,,,
give_me_some_credit,2,2,9,9,RandomFuzzyRules__max_literal_repetitions__2,100000,50000,10,109,0.93332,0.5013357828264542,0.6531057582404569,0.047183544766755174,1.4161522220820189,0.015151960775256157,,,,,
give_me_some_credit,2,2,9,9,RandomFuzzyRules__max_literal_repetitions__3,100000,50000,10,109,0.93332,0.5013357828264542,0.6531057582404569,0.047183544766755174,1.4317434066906571,0.015524896793067455,,,,,
heart_disease_cleveland,0,0,1,60,RandomFuzzyRules__max_literal_repetitions__1,202,101,13,25,0.7821782178217822,0.7857707509881423,0.8563241106719367,0.5695191352975402,0.017366457730531693,0.0001469375565648079,,,,,
heart_disease_cleveland,0,0,1,60,RandomFuzzyRules__max_literal_repetitions__2,202,101,13,25,0.7821782178217822,0.7822134387351779,0.8590909090909091,0.5628716735137852,0.01778936292976141,0.0001435987651348114,,,,,
heart_disease_cleveland,0,0,1,60,RandomFuzzyRules__max_literal_repetitions__3,202,101,13,25,0.7821782178217822,0.7786561264822134,0.7798418972332015,0.5597512679125984,0.017559745348989964,0.00015291757881641388,,,,,
heart_disease_cleveland,0,1,2,60,RandomFuzzyRules__max_literal_repetitions__1,202,101,13,25,0.6831683168316832,0.6824110671936758,0.7179841897233201,0.3638169150232659,0.018638813868165016,0.00014495942741632462,,,,,
heart_disease_cleveland,0,1,2,60,RandomFuzzyRules__max_literal_repetitions__2,202,101,13,25,0.6732673267326733,0.6715415019762846,0.7175889328063241,0.3425418632309529,0.018724634312093258,0.0001451876014471054,,,,,
heart_disease_cleveland,0,1,2,60,RandomFuzzyRules__max_literal_repetitions__3,202,101,13,25,0.6831683168316832,0.6770750988142293,0.7531620553359684,0.35784676713226465,0.018703553825616837,0.00014994852244853973,,,,,
heart_disease_cleveland,0,2,3,60,RandomFuzzyRules__max_literal_repetitions__1,202,101,13,25,0.7326732673267327,0.7348305752561072,0.8004334121355399,0.46873861740677425,0.018652143888175488,0.0001408793032169342,,,,,
heart_disease_cleveland,0,2,3,60,RandomFuzzyRules__max_literal_repetitions__2,202,101,13,25,0.7524752475247525,0.7561071710007881,0.8656422379826636,0.512214342001576,0.018680994398891926,0.00014257803559303284,,,,,
heart_disease_cleveland,0,2,3,60,RandomFuzzyRules__max_literal_repetitions__3,202,101,13,25,0.7227722772277227,0.7214342001576044,0.7214342001576044,0.4428684003152088,0.01871304400265217,0.00014739856123924255,,,,,
heart_disease_cleveland,1,0,4,60,RandomFuzzyRules__max_literal_repetitions__1,202,101,13,25,0.693069306930693,0.700395256916996,0.7545454545454545,0.4025445288392729,0.01865431386977434,0.00013276934623718262,,,,,
heart_disease_cleveland,1,0,4,60,RandomFuzzyRules__max_literal_repetitions__2,202,101,13,25,0.693069306930693,0.6808300395256917,0.7630434782608696,0.37849037818350945,0.0185666149482131,0.00014539901167154312,,,,,
heart_disease_cleveland,1,0,4,60,RandomFuzzyRules__max_literal_repetitions__3,202,101,13,25,0.6831683168316832,0.6824110671936758,0.6434782608695653,0.3638169150232659,0.018785332329571247,0.0001445375382900238,,,,,
heart_disease_cleveland,1,1,5,60,RandomFuzzyRules__max_literal_repetitions__1,202,101,13,25,0.7227722772277227,0.7134387351778657,0.7134387351778656,0.43883516542788514,0.01887310203164816,0.0001496877521276474,,,,,
heart_disease_cleveland,1,1,5,60,RandomFuzzyRules__max_literal_repetitions__2,202,101,13,25,0.7227722772277227,0.7134387351778657,0.7134387351778656,0.43883516542788514,0.018534144386649132,0.0001422697678208351,,,,,
heart_disease_cleveland,1,1,5,60,RandomFuzzyRules__max_literal_repetitions__3,202,101,13,25,0.7227722772277227,0.7134387351778657,0.7134387351778656,0.43883516542788514,0.01861684489995241,0.00014150887727737427,,,,,
heart_disease_cleveland,1,2,6,60,RandomFuzzyRules__max_literal_repetitions__1,202,101,13,25,0.8118811881188119,0.8075256107171,0.8743104806934594,0.6224528262020889,0.018805211409926414,0.00014796853065490723,,,,,
heart_disease_cleveland,1,2,6,60,RandomFuzzyRules__max_literal_repetitions__2,202,101,13,25,0.7722772277227723,0.7594562647754137,0.7594562647754137,0.5664351093111198,0.018784932792186737,0.00014111865311861038,,,,,
heart_disease_cleveland,1,2,6,60,RandomFuzzyRules__max_literal_repetitions__3,202,101,13,25,0.801980198019802,0.7982663514578408,0.8408195429472025,0.6017718132667219,0.018808581866323948,0.00015412922948598862,,,,,
heart_disease_cleveland,2,0,7,60,RandomFuzzyRules__max_literal_repetitions__1,202,101,13,25,0.7227722772277227,0.7294466403162055,0.7930830039525693,0.4598028816848004,0.018898812122642994,0.00014414731413125992,,,,,
heart_disease_cleveland,2,0,7,60,RandomFuzzyRules__max_literal_repetitions__2,202,101,13,25,0.7227722772277227,0.7187747035573122,0.8102766798418972,0.4394642933186145,0.01855984516441822,0.00014461856335401535,,,,,
heart_disease_cleveland,2,0,7,60,RandomFuzzyRules__max_literal_repetitions__3,202,101,13,25,0.693069306930693,0.700395256916996,0.7845849802371541,0.4025445288392729,0.018762823194265366,0.00014298781752586365,,,,,
heart_disease_cleveland,2,1,8,60,RandomFuzzyRules__max_literal_repetitions__1,202,101,13,25,0.7623762376237624,0.7693675889328063,0.8954545454545455,0.5398030385326296,0.018748733215034008,0.00014375895261764526,,,,,
heart_disease_cleveland,2,1,8,60,RandomFuzzyRules__max_literal_repetitions__2,202,101,13,25,0.8415841584158416,0.8403162055335969,0.9225296442687747,0.6806324110671936,0.018934310413897038,0.0001329788938164711,,,,,
heart_disease_cleveland,2,1,8,60,RandomFuzzyRules__max_literal_repetitions__3,202,101,13,25,0.7623762376237624,0.7658102766798419,0.8731225296442687,0.5297394446578088,0.018425806425511837,0.00015354715287685394,,,,,
heart_disease_cleveland,2,2,9,60,RandomFuzzyRules__max_literal_repetitions__1,202,101,13,25,0.7623762376237624,0.7639873916469662,0.7935382190701339,0.5267310247152676,0.01863684505224228,0.00014458782970905304,,,,,
heart_disease_cleveland,2,2,9,60,RandomFuzzyRules__max_literal_repetitions__2,202,101,13,25,0.7425742574257426,0.7289204097714737,0.7289204097714737,0.5047717857641197,0.018608354032039642,0.00015142839401960373,,,,,
heart_disease_cleveland,2,2,9,60,RandomFuzzyRules__max_literal_repetitions__3,202,101,13,25,0.7425742574257426,0.7358156028368794,0.7468479117415288,0.4831925095858669,0.018802082166075706,0.00014240853488445282,,,,,
heart_disease_cleveland,3,0,10,60,RandomFuzzyRules__max_literal_repetitions__1,202,101,13,25,0.6732673267326733,0.6857707509881423,0.799802371541502,0.38194912546501114,0.018639863468706608,0.0001406688243150711,,,,,
heart_disease_cleveland,3,0,10,60,RandomFuzzyRules__max_literal_repetitions__2,202,101,13,25,0.7425742574257426,0.742292490118577,0.8320158102766799,0.4832497701175774,0.01868728455156088,0.00014398805797100067,,,,,
heart_disease_cleveland,3,0,10,60,RandomFuzzyRules__max_literal_repetitions__3,202,101,13,25,0.6534653465346535,0.658695652173913,0.7411067193675889,0.3173913043478261,0.01889090146869421,0.00014142878353595734,,,,,
heart_disease_cleveland,3,1,11,60,RandomFuzzyRules__max_literal_repetitions__1,202,101,13,25,0.7722772277227723,0.7642292490118576,0.8347826086956522,0.5405588704426847,0.019012869335711002,0.0001493692398071289,,,,,
heart_disease_cleveland,3,1,11,60,RandomFuzzyRules__max_literal_repetitions__2,202,101,13,25,0.8217821782178217,0.8167984189723321,0.8950592885375495,0.6402102318225673,0.018871122039854527,0.00014275778084993362,,,,,
heart_disease_cleveland,3,1,11,60,RandomFuzzyRules__max_literal_repetitions__3,202,101,13,25,0.7623762376237624,0.7533596837944664,0.7533596837944663,0.5209135945171748,0.01840883679687977,0.000151769258081913,,,,,
heart_disease_cleveland,3,2,12,60,RandomFuzzyRules__max_literal_repetitions__1,202,101,13,25,0.7326732673267327,0.7320724980299449,0.8148148148148148,0.46359733215698923,0.0191118186339736,0.00014683790504932404,,,,,
heart_disease_cleveland,3,2,12,60,RandomFuzzyRules__max_literal_repetitions__2,202,101,13,25,0.7920792079207921,0.7972813238770686,0.8668242710795901,0.5966823074103877,0.018678544089198112,0.00014091841876506805,,,,,
heart_disease_cleveland,3,2,12,60,RandomFuzzyRules__max_literal_repetitions__3,202,101,13,25,0.7623762376237624,0.7557131599684791,0.8315602836879433,0.5239631390496702,0.018714684061706066,0.0001821182668209076,,,,,
heart_disease_cleveland,4,0,13,60,RandomFuzzyRules__max_literal_repetitions__1,202,101,13,25,0.7722772277227723,0.7695652173913043,0.7942687747035573,0.5401990789130643,0.018877612426877022,0.00014809798449277878,,,,,
heart_disease_cleveland,4,0,13,60,RandomFuzzyRules__max_literal_repetitions__2,202,101,13,25,0.7821782178217822,0.7804347826086957,0.850395256916996,0.5608695652173913,0.018627705052495003,0.00014929752796888351,,,,,
heart_disease_cleveland,4,0,13,60,RandomFuzzyRules__max_literal_repetitions__3,202,101,13,25,0.7425742574257426,0.7316205533596838,0.8310276679841897,0.4816808963717883,0.018552704714238644,0.00014227908104658127,,,,,
heart_disease_cleveland,4,1,14,60,RandomFuzzyRules__max_literal_repetitions__1,202,101,13,25,0.7524752475247525,0.7407114624505928,0.7980237154150198,0.5038265362049339,0.018933182582259178,0.00014315824955701828,,,,,
heart_disease_cleveland,4,1,14,60,RandomFuzzyRules__max_literal_repetitions__2,202,101,13,25,0.7623762376237624,0.7515810276679842,0.8292490118577075,0.5231909394891523,0.018475745804607868,0.00016404781490564346,,,,,
heart_disease_cleveland,4,1,14,60,RandomFuzzyRules__max_literal_repetitions__3,202,101,13,25,0.7524752475247525,0.7478260869565218,0.750395256916996,0.49921663818346107,0.018673204816877842,0.00015478767454624176,,,,,
heart_disease_cleveland,4,2,15,60,RandomFuzzyRules__max_literal_repetitions__1,202,101,13,25,0.7722772277227723,0.7760047281323876,0.807919621749409,0.5520094562647754,0.020945031195878983,0.0001667989417910576,,,,,
heart_disease_cleveland,4,2,15,60,RandomFuzzyRules__max_literal_repetitions__2,202,101,13,25,0.7524752475247525,0.7505910165484634,0.8077226162332545,0.5019737903568804,0.018213278613984585,0.00014461949467658997,,,,,
heart_disease_cleveland,4,2,15,60,RandomFuzzyRules__max_literal_repetitions__3,202,101,13,25,0.7623762376237624,0.7570921985815603,0.7570921985815603,0.5222724884134782,0.01827875804156065,0.00014035776257514954,,,,,
heart_disease_cleveland,5,0,16,60,RandomFuzzyRules__max_literal_repetitions__1,202,101,13,25,0.7326732673267327,0.724308300395257,0.7774703557312252,0.4588887942800651,0.018795382231473923,0.00014136917889118195,,,,,
heart_disease_cleveland,5,0,16,60,RandomFuzzyRules__max_literal_repetitions__2,202,101,13,25,0.7722772277227723,0.7695652173913043,0.8577075098814229,0.5401990789130643,0.018885602243244648,0.00013336911797523499,,,,,
heart_disease_cleveland,5,0,16,60,RandomFuzzyRules__max_literal_repetitions__3,202,101,13,25,0.7128712871287128,0.7132411067193676,0.7986166007905138,0.424973130695744,0.018626263365149498,0.00014716945588588715,,,,,
heart_disease_cleveland,5,1,17,60,RandomFuzzyRules__max_literal_repetitions__1,202,101,13,25,0.7128712871287128,0.7203557312252964,0.8154150197628459,0.44264018703726754,0.018719183281064034,0.0001428592950105667,,,,,
heart_disease_cleveland,5,1,17,60,RandomFuzzyRules__max_literal_repetitions__2,202,101,13,25,0.7722772277227723,0.7695652173913043,0.8571146245059289,0.5401990789130643,0.018729083240032196,0.00014358852058649063,,,,,
heart_disease_cleveland,5,1,17,60,RandomFuzzyRules__max_literal_repetitions__3,202,101,13,25,0.7128712871287128,0.7096837944664032,0.7768774703557313,0.4201988436413206,0.01847685594111681,0.000140397809445858,,,,,
heart_disease_cleveland,5,2,18,60,RandomFuzzyRules__max_literal_repetitions__1,202,101,13,25,0.801980198019802,0.7968873128447597,0.8071315996847912,0.6031146666966372,0.018798863515257835,0.0001418786123394966,,,,,
heart_disease_cleveland,5,2,18,60,RandomFuzzyRules__max_literal_repetitions__2,202,101,13,25,0.7821782178217822,0.7825059101654847,0.864066193853428,0.5639019944306327,0.018431207165122032,0.00015014968812465668,,,,,
heart_disease_cleveland,5,2,18,60,RandomFuzzyRules__max_literal_repetitions__3,202,101,13,25,0.7623762376237624,0.754334121355398,0.812647754137116,0.5266105850968015,0.018756902776658535,0.0001505184918642044,,,,,
heart_disease_cleveland,6,0,19,60,RandomFuzzyRules__max_literal_repetitions__1,202,101,13,25,0.7326732673267327,0.7385375494071147,0.8312252964426877,0.47707509881422927,0.018929271958768368,0.00014141853898763657,,,,,
heart_disease_cleveland,6,0,19,60,RandomFuzzyRules__max_literal_repetitions__2,202,101,13,25,0.6336633663366337,0.6298418972332016,0.7185770750988143,0.2601985299456622,0.01871569361537695,0.0001426180824637413,,,,,
heart_disease_cleveland,6,0,19,60,RandomFuzzyRules__max_literal_repetitions__3,202,101,13,25,0.7425742574257426,0.7405138339920949,0.7509881422924901,0.4810276679841897,0.018748624250292778,0.00014179758727550507,,,,,
heart_disease_cleveland,6,1,20,60,RandomFuzzyRules__max_literal_repetitions__1,202,101,13,25,0.7821782178217822,0.7768774703557312,0.8523715415019764,0.5595349561967665,0.018820982426404953,0.00013482943177223206,,,,,
heart_disease_cleveland,6,1,20,60,RandomFuzzyRules__max_literal_repetitions__2,202,101,13,25,0.8217821782178217,0.8239130434782609,0.9233201581027668,0.6452805915051459,0.018566055223345757,0.0001512877643108368,,,,,
heart_disease_cleveland,6,1,20,60,RandomFuzzyRules__max_literal_repetitions__3,202,101,13,25,0.7425742574257426,0.7316205533596838,0.8314229249011857,0.4816808963717883,0.018833933398127556,0.0001413477584719658,,,,,
heart_disease_cleveland,6,2,21,60,RandomFuzzyRules__max_literal_repetitions__1,202,101,13,25,0.7524752475247525,0.7505910165484634,0.8000394011032309,0.5019737903568804,0.0207502618432045,0.0001420397311449051,,,,,
heart_disease_cleveland,6,2,21,60,RandomFuzzyRules__max_literal_repetitions__2,202,101,13,25,0.7722772277227723,0.7746256895193064,0.8668242710795904,0.5481725106250364,0.018752132542431355,0.00014620833098888397,,,,,
heart_disease_cleveland,6,2,21,60,RandomFuzzyRules__max_literal_repetitions__3,202,101,13,25,0.7425742574257426,0.7371946414499606,0.7371946414499607,0.4818513992718986,0.019276658073067665,0.00014811847358942032,,,,,
heart_disease_cleveland,7,0,22,60,RandomFuzzyRules__max_literal_repetitions__1,202,101,13,25,0.7524752475247525,0.7584980237154151,0.8039525691699605,0.51699604743083,0.018753323704004288,0.00014382880181074142,,,,,
heart_disease_cleveland,7,0,22,60,RandomFuzzyRules__max_literal_repetitions__2,202,101,13,25,0.7029702970297029,0.6988142292490118,0.7146245059288537,0.3993686351206199,0.018684104084968567,0.00014241784811019897,,,,,
heart_disease_cleveland,7,0,22,60,RandomFuzzyRules__max_literal_repetitions__3,202,101,13,25,0.7326732673267327,0.7314229249011858,0.750197628458498,0.46211580857539847,0.019029511138796806,0.0001447480171918869,,,,,
heart_disease_cleveland,7,1,23,60,RandomFuzzyRules__max_literal_repetitions__1,202,101,13,25,0.8118811881188119,0.8059288537549407,0.875691699604743,0.6205019379257672,0.0189132709056139,0.00014600902795791626,,,,,
heart_disease_cleveland,7,1,23,60,RandomFuzzyRules__max_literal_repetitions__2,202,101,13,25,0.7920792079207921,0.8019762845849803,0.86600790513834,0.6102565403773442,0.01904459949582815,0.00014529842883348465,,,,,
heart_disease_cleveland,7,1,23,60,RandomFuzzyRules__max_literal_repetitions__3,202,101,13,25,0.7920792079207921,0.7895256916996047,0.7715415019762846,0.5801991573369789,0.018587125465273857,0.00014418922364711761,,,,,
heart_disease_cleveland,7,2,24,60,RandomFuzzyRules__max_literal_repetitions__1,202,101,13,25,0.693069306930693,0.6936564223798267,0.7750197005516154,0.3864004457426179,0.018770182505249977,0.0001448076218366623,,,,,
heart_disease_cleveland,7,2,24,60,RandomFuzzyRules__max_literal_repetitions__2,202,101,13,25,0.7227722772277227,0.7159180457052797,0.8293932230102443,0.4424218801220636,0.018776592798531055,0.0001452285796403885,,,,,
heart_disease_cleveland,7,2,24,60,RandomFuzzyRules__max_literal_repetitions__3,202,101,13,25,0.7326732673267327,0.7210401891252955,0.8102836879432624,0.47396635455730224,0.0188704626634717,0.00014051888138055801,,,,,
heart_disease_cleveland,8,0,25,60,RandomFuzzyRules__max_literal_repetitions__1,202,101,13,25,0.7227722772277227,0.7205533596837945,0.8047430830039526,0.44110671936758894,0.01868375390768051,0.00014376919716596603,,,,,
heart_disease_cleveland,8,0,25,60,RandomFuzzyRules__max_literal_repetitions__2,202,101,13,25,0.7029702970297029,0.6988142292490118,0.6988142292490118,0.3993686351206199,0.018556046299636364,0.0001448988914489746,,,,,
heart_disease_cleveland,8,0,25,60,RandomFuzzyRules__max_literal_repetitions__3,202,101,13,25,0.7029702970297029,0.6988142292490118,0.6988142292490118,0.3993686351206199,0.018936270847916603,0.00014524813741445541,,,,,
heart_disease_cleveland,8,1,26,60,RandomFuzzyRules__max_literal_repetitions__1,202,101,13,25,0.7524752475247525,0.7442687747035572,0.8541501976284585,0.4997238323613749,0.01889568194746971,0.00014763791114091873,,,,,
heart_disease_cleveland,8,1,26,60,RandomFuzzyRules__max_literal_repetitions__2,202,101,13,25,0.7425742574257426,0.7387351778656126,0.8517786561264822,0.47955995151660913,0.01883603259921074,0.00014247838407754898,,,,,
heart_disease_cleveland,8,1,26,60,RandomFuzzyRules__max_literal_repetitions__3,202,101,13,25,0.7128712871287128,0.700790513833992,0.8219367588932808,0.4202690975239843,0.01863640546798706,0.00014539901167154312,,,,,
heart_disease_cleveland,8,2,27,60,RandomFuzzyRules__max_literal_repetitions__1,202,101,13,25,0.7821782178217822,0.7797478329393223,0.8431836091410558,0.5614903091602059,0.01873133424669504,0.0001451391726732254,,,,,
heart_disease_cleveland,8,2,27,60,RandomFuzzyRules__max_literal_repetitions__2,202,101,13,25,0.7425742574257426,0.7371946414499606,0.7706855791962176,0.4818513992718986,0.01847980637103319,0.00014244858175516129,,,,,
heart_disease_cleveland,8,2,27,60,RandomFuzzyRules__max_literal_repetitions__3,202,101,13,25,0.7821782178217822,0.77698975571316,0.8548069345941686,0.5626935775550577,0.018844512291252613,0.00014067813754081726,,,,,
heart_disease_cleveland,9,0,28,60,RandomFuzzyRules__max_literal_repetitions__1,202,101,13,25,0.7029702970297029,0.6952569169960474,0.7642292490118577,0.3976507178871218,0.018634133972227573,0.00014271866530179977,,,,,
heart_disease_cleveland,9,0,28,60,RandomFuzzyRules__max_literal_repetitions__2,202,101,13,25,0.7326732673267327,0.733201581027668,0.8033596837944663,0.4647528213354754,0.01851548533886671,0.00014284905046224594,,,,,
heart_disease_cleveland,9,0,28,60,RandomFuzzyRules__max_literal_repetitions__3,202,101,13,25,0.693069306930693,0.6897233201581028,0.7446640316205534,0.380198765217406,0.01877620257437229,0.00015079881995916367,,,,,
heart_disease_cleveland,9,1,29,60,RandomFuzzyRules__max_literal_repetitions__1,202,101,13,25,0.7722772277227723,0.7695652173913043,0.8205533596837944,0.5401990789130643,0.018898512236773968,0.0001504579558968544,,,,,
heart_disease_cleveland,9,1,29,60,RandomFuzzyRules__max_literal_repetitions__2,202,101,13,25,0.7524752475247525,0.7478260869565218,0.7584980237154151,0.49921663818346107,0.018594435416162014,0.00014518853276968002,,,,,
heart_disease_cleveland,9,1,29,60,RandomFuzzyRules__max_literal_repetitions__3,202,101,13,25,0.7623762376237624,0.758695652173913,0.7782608695652175,0.5196556097146038,0.018866761587560177,0.00013503804802894592,,,,,
heart_disease_cleveland,9,2,30,60,RandomFuzzyRules__max_literal_repetitions__1,202,101,13,25,0.7524752475247525,0.7561071710007881,0.8035855003940111,0.512214342001576,0.0188551414757967,0.00014245789498090744,,,,,
heart_disease_cleveland,9,2,30,60,RandomFuzzyRules__max_literal_repetitions__2,202,101,13,25,0.7326732673267327,0.7389676910953507,0.8234830575256106,0.48213289926851627,0.018421705812215805,0.00013286899775266647,,,,,
heart_disease_cleveland,9,2,30,60,RandomFuzzyRules__max_literal_repetitions__3,202,101,13,25,0.7524752475247525,0.7492119779353822,0.7492119779353822,0.5013960988253414,0.018721883185207844,0.00014539901167154312,,,,,
heart_disease_cleveland,10,0,31,60,RandomFuzzyRules__max_literal_repetitions__1,202,101,13,25,0.7524752475247525,0.7567193675889328,0.8055335968379446,0.5120240223350189,0.018601263873279095,0.00014762859791517258,,,,,
heart_disease_cleveland,10,0,31,60,RandomFuzzyRules__max_literal_repetitions__2,202,101,13,25,0.7227722772277227,0.7276679841897233,0.8272727272727274,0.45461777239868406,0.018746843561530113,0.00015447940677404404,,,,,
heart_disease_cleveland,10,0,31,60,RandomFuzzyRules__max_literal_repetitions__3,202,101,13,25,0.6831683168316832,0.6681818181818182,0.6841897233201581,0.3600557616747044,0.01863640546798706,0.0001304876059293747,,,,,
heart_disease_cleveland,10,1,32,60,RandomFuzzyRules__max_literal_repetitions__1,202,101,13,25,0.7821782178217822,0.775098814229249,0.840118577075099,0.560252833298455,0.01881182286888361,0.0001351684331893921,,,,,
heart_disease_cleveland,10,1,32,60,RandomFuzzyRules__max_literal_repetitions__2,202,101,13,25,0.7524752475247525,0.7424901185770751,0.8379446640316206,0.5012950925781795,0.018750262446701527,0.00014616921544075012,,,,,
heart_disease_cleveland,10,1,32,60,RandomFuzzyRules__max_literal_repetitions__3,202,101,13,25,0.7821782178217822,0.7786561264822134,0.7260869565217392,0.5597512679125984,0.019099168479442596,0.00014876853674650192,,,,,
heart_disease_cleveland,10,2,33,60,RandomFuzzyRules__max_literal_repetitions__1,202,101,13,25,0.7821782178217822,0.7866430260047281,0.8319542947202522,0.5741917177431296,0.019128640182316303,0.00014867819845676422,,,,,
heart_disease_cleveland,10,2,33,60,RandomFuzzyRules__max_literal_repetitions__2,202,101,13,25,0.7425742574257426,0.7440898345153664,0.7901891252955083,0.48702965643448987,0.018841872923076153,0.00014463812112808228,,,,,
heart_disease_cleveland,10,2,33,60,RandomFuzzyRules__max_literal_repetitions__3,202,101,13,25,0.7623762376237624,0.7639873916469662,0.7905831363278171,0.5267310247152676,0.018630974926054478,0.00014419853687286377,,,,,
heart_disease_cleveland,11,0,34,60,RandomFuzzyRules__max_literal_repetitions__1,202,101,13,25,0.7227722772277227,0.7276679841897233,0.807707509881423,0.45461777239868406,0.019388937391340733,0.0001443689689040184,,,,,
heart_disease_cleveland,11,0,34,60,RandomFuzzyRules__max_literal_repetitions__2,202,101,13,25,0.7722772277227723,0.7713438735177867,0.8472332015810278,0.5418317721383622,0.018884901888668537,0.00014534778892993927,,,,,
heart_disease_cleveland,11,0,34,60,RandomFuzzyRules__max_literal_repetitions__3,202,101,13,25,0.7227722772277227,0.7223320158102766,0.8134387351778657,0.4434388184194736,0.018689723685383797,0.0001425091177225113,,,,,
heart_disease_cleveland,11,1,35,60,RandomFuzzyRules__max_literal_repetitions__1,202,101,13,25,0.7722772277227723,0.7677865612648221,0.8051383399209486,0.5394246768250317,0.018731342628598213,0.0001459391787648201,,,,,
heart_disease_cleveland,11,1,35,60,RandomFuzzyRules__max_literal_repetitions__2,202,101,13,25,0.7524752475247525,0.749604743083004,0.8559288537549407,0.5001990004891498,0.018560335971415043,0.00014307815581560135,,,,,
heart_disease_cleveland,11,1,35,60,RandomFuzzyRules__max_literal_repetitions__3,202,101,13,25,0.7326732673267327,0.7314229249011858,0.7942687747035573,0.46211580857539847,0.018840212374925613,0.0001498684287071228,,,,,
heart_disease_cleveland,11,2,36,60,RandomFuzzyRules__max_literal_repetitions__1,202,101,13,25,0.7623762376237624,0.7598502758077226,0.7905831363278171,0.5215533223819095,0.01876828260719776,0.0001455480232834816,,,,,
heart_disease_cleveland,11,2,36,60,RandomFuzzyRules__max_literal_repetitions__2,202,101,13,25,0.7722772277227723,0.7760047281323876,0.8709613869188337,0.5520094562647754,0.018694774247705936,0.00014219805598258972,,,,,
heart_disease_cleveland,11,2,36,60,RandomFuzzyRules__max_literal_repetitions__3,202,101,13,25,0.7821782178217822,0.7783687943262412,0.7832939322301025,0.5616271942839353,0.018595214933156967,0.0001421179622411728,,,,,
heart_disease_cleveland,12,0,37,60,RandomFuzzyRules__max_literal_repetitions__1,202,101,13,25,0.7326732673267327,0.7420948616600791,0.7776679841897233,0.4892436269386431,0.01905776932835579,0.00014467909932136536,,,,,
heart_disease_cleveland,12,0,37,60,RandomFuzzyRules__max_literal_repetitions__2,202,101,13,25,0.7128712871287128,0.7043478260869566,0.7816205533596838,0.41805375619875534,0.018884841352701187,0.00014465861022472382,,,,,
heart_disease_cleveland,12,0,37,60,RandomFuzzyRules__max_literal_repetitions__3,202,101,13,25,0.7128712871287128,0.7114624505928854,0.7088932806324111,0.42225782679391666,0.01871592365205288,0.00014124810695648193,,,,,
heart_disease_cleveland,12,1,38,60,RandomFuzzyRules__max_literal_repetitions__1,202,101,13,25,0.8118811881188119,0.8077075098814229,0.8229249011857707,0.619840754108173,0.018614133819937706,0.00014509912580251694,,,,,
heart_disease_cleveland,12,1,38,60,RandomFuzzyRules__max_literal_repetitions__2,202,101,13,25,0.8316831683168316,0.8276679841897233,0.917193675889328,0.6600487927497436,0.018727494403719902,0.00016006827354431152,,,,,
heart_disease_cleveland,12,1,38,60,RandomFuzzyRules__max_literal_repetitions__3,202,101,13,25,0.801980198019802,0.7986166007905138,0.7752964426877471,0.5998469261105931,0.01861958485096693,0.00013404805213212967,,,,,
heart_disease_cleveland,12,2,39,60,RandomFuzzyRules__max_literal_repetitions__1,202,101,13,25,0.7722772277227723,0.7718676122931443,0.8445626477541371,0.5430936488766088,0.01881706342101097,0.000148857943713665,,,,,
heart_disease_cleveland,12,2,39,60,RandomFuzzyRules__max_literal_repetitions__2,202,101,13,25,0.7722772277227723,0.7718676122931443,0.8217100078802206,0.5430936488766088,0.018790642730891705,0.0001438688486814499,,,,,
heart_disease_cleveland,12,2,39,60,RandomFuzzyRules__max_literal_repetitions__3,202,101,13,25,0.7326732673267327,0.7306934594168637,0.7754137115839244,0.46211580857539847,0.018946200609207153,0.00014612916857004166,,,,,
heart_disease_cleveland,13,0,40,60,RandomFuzzyRules__max_literal_repetitions__1,202,101,13,25,0.693069306930693,0.6932806324110672,0.7375494071146245,0.38519344005601264,0.018774203024804592,0.00015642866492271423,,,,,
heart_disease_cleveland,13,0,40,60,RandomFuzzyRules__max_literal_repetitions__2,202,101,13,25,0.7029702970297029,0.7041501976284585,0.7411067193675889,0.40669606529885033,0.018880892544984818,0.0001462278887629509,,,,,
heart_disease_cleveland,13,0,40,60,RandomFuzzyRules__max_literal_repetitions__3,202,101,13,25,0.693069306930693,0.6861660079051384,0.7381422924901186,0.37759226455172656,0.018995600752532482,0.00014414824545383453,,,,,
heart_disease_cleveland,13,1,41,60,RandomFuzzyRules__max_literal_repetitions__1,202,101,13,25,0.7227722772277227,0.7205533596837945,0.7701581027667985,0.44110671936758894,0.01874352339655161,0.0001410180702805519,,,,,
heart_disease_cleveland,13,1,41,60,RandomFuzzyRules__max_literal_repetitions__2,202,101,13,25,0.7227722772277227,0.7258893280632411,0.8545454545454545,0.4501800633783461,0.018569154664874077,0.0001397291198372841,,,,,
heart_disease_cleveland,13,1,41,60,RandomFuzzyRules__max_literal_repetitions__3,202,101,13,25,0.7326732673267327,0.7314229249011858,0.757707509881423,0.46211580857539847,0.018588565289974213,0.00014237873256206512,,,,,
heart_disease_cleveland,13,2,42,60,RandomFuzzyRules__max_literal_repetitions__1,202,101,13,25,0.7722772277227723,0.77876280535855,0.828408195429472,0.5624221372340895,0.019017900340259075,0.0001436593011021614,,,,,
heart_disease_cleveland,13,2,42,60,RandomFuzzyRules__max_literal_repetitions__2,202,101,13,25,0.7524752475247525,0.7602442868400315,0.8601260835303388,0.5286758292675897,0.018454485572874546,0.00014336779713630676,,,,,
heart_disease_cleveland,13,2,42,60,RandomFuzzyRules__max_literal_repetitions__3,202,101,13,25,0.7425742574257426,0.7440898345153664,0.7706855791962175,0.48702965643448987,0.01901849079877138,0.00014245789498090744,,,,,
heart_disease_cleveland,14,0,43,60,RandomFuzzyRules__max_literal_repetitions__1,202,101,13,25,0.7326732673267327,0.7385375494071147,0.8440711462450593,0.47707509881422927,0.018790272995829582,0.00014495942741632462,,,,,
heart_disease_cleveland,14,0,43,60,RandomFuzzyRules__max_literal_repetitions__2,202,101,13,25,0.7821782178217822,0.7822134387351779,0.8962450592885376,0.5628716735137852,0.01864780392497778,0.00014293938875198364,,,,,
heart_disease_cleveland,14,0,43,60,RandomFuzzyRules__max_literal_repetitions__3,202,101,13,25,0.7425742574257426,0.7458498023715415,0.8466403162055337,0.48995975401807745,0.018502305261790752,0.00014387909322977066,,,,,
heart_disease_cleveland,14,1,44,60,RandomFuzzyRules__max_literal_repetitions__1,202,101,13,25,0.7128712871287128,0.7061264822134388,0.7727272727272727,0.4180772101140667,0.01904965005815029,0.00014635920524597168,,,,,
heart_disease_cleveland,14,1,44,60,RandomFuzzyRules__max_literal_repetitions__2,202,101,13,25,0.7425742574257426,0.7227272727272727,0.7227272727272728,0.5073951945474883,0.018673704005777836,0.00014462880790233612,,,,,
heart_disease_cleveland,14,1,44,60,RandomFuzzyRules__max_literal_repetitions__3,202,101,13,25,0.7425742574257426,0.7387351778656126,0.8187747035573122,0.47955995151660913,0.01893503125756979,0.00014097802340984344,,,,,
heart_disease_cleveland,14,2,45,60,RandomFuzzyRules__max_literal_repetitions__1,202,101,13,25,0.7524752475247525,0.747832939322301,0.8181639085894405,0.5016307849854118,0.019190487451851368,0.00014429911971092224,,,,,
heart_disease_cleveland,14,2,45,60,RandomFuzzyRules__max_literal_repetitions__2,202,101,13,25,0.7227722772277227,0.7172970843183609,0.7635933806146572,0.4414303101303191,0.018598373979330063,0.0001444285735487938,,,,,
heart_disease_cleveland,14,2,45,60,RandomFuzzyRules__max_literal_repetitions__3,202,101,13,25,0.7128712871287128,0.7107959022852639,0.710795902285264,0.42225782679391666,0.01869354397058487,0.00014449935406446457,,,,,
heart_disease_cleveland,15,0,46,60,RandomFuzzyRules__max_literal_repetitions__1,202,101,13,25,0.7623762376237624,0.7551383399209486,0.7551383399209486,0.5196023044456217,0.018867192789912224,0.00014303810894489288,,,,,
heart_disease_cleveland,15,0,46,60,RandomFuzzyRules__max_literal_repetitions__2,202,101,13,25,0.7623762376237624,0.7551383399209486,0.7551383399209486,0.5196023044456217,0.018728284165263176,0.0001516183838248253,,,,,
heart_disease_cleveland,15,0,46,60,RandomFuzzyRules__max_literal_repetitions__3,202,101,13,25,0.7623762376237624,0.7551383399209486,0.7551383399209486,0.5196023044456217,0.01887132227420807,0.00013293791562318802,,,,,
heart_disease_cleveland,15,1,47,60,RandomFuzzyRules__max_literal_repetitions__1,202,101,13,25,0.7425742574257426,0.7387351778656126,0.8158102766798419,0.47955995151660913,0.018864521756768227,0.00014265906065702438,,,,,
heart_disease_cleveland,15,1,47,60,RandomFuzzyRules__max_literal_repetitions__2,202,101,13,25,0.7425742574257426,0.7494071146245059,0.8154150197628458,0.49980296010871494,0.01863701455295086,0.0001438874751329422,,,,,
heart_disease_cleveland,15,1,47,60,RandomFuzzyRules__max_literal_repetitions__3,202,101,13,25,0.7128712871287128,0.707905138339921,0.7195652173913043,0.4188005609003198,0.018665464594960213,0.00016233883798122406,,,,,
heart_disease_cleveland,15,2,48,60,RandomFuzzyRules__max_literal_repetitions__1,202,101,13,25,0.7326732673267327,0.7362096138691884,0.7990543735224587,0.4724192277383767,0.018594364635646343,0.0001537790521979332,,,,,
heart_disease_cleveland,15,2,48,60,RandomFuzzyRules__max_literal_repetitions__2,202,101,13,25,0.7722772277227723,0.7691095350669819,0.8520488573680063,0.5414285146208825,0.01900193002074957,0.00014493800699710846,,,,,
heart_disease_cleveland,15,2,48,60,RandomFuzzyRules__max_literal_repetitions__3,202,101,13,25,0.7227722772277227,0.7283293932230102,0.7407407407407407,0.4593818802676448,0.01886371150612831,0.00014538969844579697,,,,,
heart_disease_cleveland,16,0,49,60,RandomFuzzyRules__max_literal_repetitions__1,202,101,13,25,0.7623762376237624,0.7693675889328063,0.816403162055336,0.5398030385326296,0.018680283799767494,0.00019845832139253616,,,,,
heart_disease_cleveland,16,0,49,60,RandomFuzzyRules__max_literal_repetitions__2,202,101,13,25,0.7425742574257426,0.7511857707509881,0.8189723320158102,0.5059843278558046,0.01864171400666237,0.0001453794538974762,,,,,
heart_disease_cleveland,16,0,49,60,RandomFuzzyRules__max_literal_repetitions__3,202,101,13,25,0.7425742574257426,0.7369565217391305,0.7290513833992094,0.4788596805709658,0.018418867141008377,0.00014490727335214615,,,,,
heart_disease_cleveland,16,1,50,60,RandomFuzzyRules__max_literal_repetitions__1,202,101,13,25,0.6831683168316832,0.6859683794466402,0.6972332015810276,0.3706206820988833,0.01864524371922016,0.00014739856123924255,,,,,
heart_disease_cleveland,16,1,50,60,RandomFuzzyRules__max_literal_repetitions__2,202,101,13,25,0.7425742574257426,0.7440711462450593,0.8179841897233202,0.4862242407009489,0.01878846250474453,0.0001448681578040123,,,,,
heart_disease_cleveland,16,1,50,60,RandomFuzzyRules__max_literal_repetitions__3,202,101,13,25,0.7029702970297029,0.7041501976284585,0.7978260869565217,0.40669606529885033,0.018528005108237267,0.0001451577991247177,,,,,
heart_disease_cleveland,16,2,51,60,RandomFuzzyRules__max_literal_repetitions__1,202,101,13,25,0.7623762376237624,0.7612293144208038,0.7955082742316785,0.5224586288416075,0.0181169081479311,0.0001385686919093132,,,,,
heart_disease_cleveland,16,2,51,60,RandomFuzzyRules__max_literal_repetitions__2,202,101,13,25,0.7326732673267327,0.7320724980299449,0.8020094562647755,0.46359733215698923,0.01830431818962097,0.0001502782106399536,,,,,
heart_disease_cleveland,16,2,51,60,RandomFuzzyRules__max_literal_repetitions__3,202,101,13,25,0.7326732673267327,0.7265563435776201,0.8311662726556344,0.4621225044401666,0.019585943780839443,0.00015165843069553375,,,,,
heart_disease_cleveland,17,0,52,60,RandomFuzzyRules__max_literal_repetitions__1,202,101,13,25,0.7722772277227723,0.7749011857707511,0.8274703557312253,0.5476420395263318,0.019473575986921787,0.00014855898916721344,,,,,
heart_disease_cleveland,17,0,52,60,RandomFuzzyRules__max_literal_repetitions__2,202,101,13,25,0.7326732673267327,0.7385375494071147,0.859288537549407,0.47707509881422927,0.018800233490765095,0.0001429487019777298,,,,,
heart_disease_cleveland,17,0,52,60,RandomFuzzyRules__max_literal_repetitions__3,202,101,13,25,0.7524752475247525,0.7513833992094862,0.7399209486166007,0.5019737903568804,0.01875677239149809,0.00014685839414596558,,,,,
heart_disease_cleveland,17,1,53,60,RandomFuzzyRules__max_literal_repetitions__1,202,101,13,25,0.6633663366336634,0.6464426877470355,0.7179841897233201,0.31920386824546315,0.018873962573707104,0.00014929752796888351,,,,,
heart_disease_cleveland,17,1,53,60,RandomFuzzyRules__max_literal_repetitions__2,202,101,13,25,0.7623762376237624,0.7604743083003953,0.8393280632411066,0.5209486166007905,0.01837126724421978,0.00014565791934728622,,,,,
heart_disease_cleveland,17,1,53,60,RandomFuzzyRules__max_literal_repetitions__3,202,101,13,25,0.6831683168316832,0.6735177865612648,0.7278656126482214,0.35675673633859556,0.018726973794400692,0.00014563743025064468,,,,,
heart_disease_cleveland,17,2,54,60,RandomFuzzyRules__max_literal_repetitions__1,202,101,13,25,0.7326732673267327,0.7403467297084318,0.8435776201733649,0.4882547401260102,0.01876149233430624,0.00014627724885940552,,,,,
heart_disease_cleveland,17,2,54,60,RandomFuzzyRules__max_literal_repetitions__2,202,101,13,25,0.6732673267326733,0.6641055949566588,0.6641055949566588,0.34181511546660753,0.018675903789699078,0.00014579854905605316,,,,,
heart_disease_cleveland,17,2,54,60,RandomFuzzyRules__max_literal_repetitions__3,202,101,13,25,0.7128712871287128,0.7094168636721828,0.7277383766745469,0.42133126723425923,0.01887375209480524,0.00014402810484170914,,,,,
heart_disease_cleveland,18,0,55,60,RandomFuzzyRules__max_literal_repetitions__1,202,101,13,25,0.7326732673267327,0.7420948616600791,0.7934782608695652,0.4892436269386431,0.01874432247132063,0.00015363842248916626,,,,,
heart_disease_cleveland,18,0,55,60,RandomFuzzyRules__max_literal_repetitions__2,202,101,13,25,0.6831683168316832,0.6877470355731226,0.7229249011857708,0.3749018088357204,0.018704264424741268,0.00014401879161596298,,,,,
heart_disease_cleveland,18,0,55,60,RandomFuzzyRules__max_literal_repetitions__3,202,101,13,25,0.6831683168316832,0.6806324110671937,0.7051383399209485,0.3612648221343874,0.01879099290817976,0.00014372821897268295,,,,,
heart_disease_cleveland,18,1,56,60,RandomFuzzyRules__max_literal_repetitions__1,202,101,13,25,0.7623762376237624,0.758695652173913,0.7715415019762846,0.5196556097146038,0.018863001838326454,0.00014393776655197144,,,,,
heart_disease_cleveland,18,1,56,60,RandomFuzzyRules__max_literal_repetitions__2,202,101,13,25,0.7524752475247525,0.7513833992094862,0.8713438735177866,0.5019737903568804,0.01870691403746605,0.00014789775013923645,,,,,
heart_disease_cleveland,18,1,56,60,RandomFuzzyRules__max_literal_repetitions__3,202,101,13,25,0.7524752475247525,0.7442687747035572,0.7442687747035573,0.4997238323613749,0.01858923491090536,0.00014630798250436783,,,,,
heart_disease_cleveland,18,2,57,60,RandomFuzzyRules__max_literal_repetitions__1,202,101,13,25,0.7623762376237624,0.7612293144208038,0.8270291568163908,0.5224586288416075,0.01903907023370266,0.00014248862862586975,,,,,
heart_disease_cleveland,18,2,57,60,RandomFuzzyRules__max_literal_repetitions__2,202,101,13,25,0.7128712871287128,0.7094168636721828,0.8278171788810086,0.42133126723425923,0.019680974073708057,0.00015098880976438522,,,,,
heart_disease_cleveland,18,2,57,60,RandomFuzzyRules__max_literal_repetitions__3,202,101,13,25,0.7227722772277227,0.7159180457052797,0.7878250591016548,0.4424218801220636,0.018787872977554798,0.00014290772378444672,,,,,
heart_disease_cleveland,19,0,58,60,RandomFuzzyRules__max_literal_repetitions__1,202,101,13,25,0.7425742574257426,0.7494071146245059,0.8134387351778656,0.49980296010871494,0.018726213835179806,0.00014593731611967087,,,,,
heart_disease_cleveland,19,0,58,60,RandomFuzzyRules__max_literal_repetitions__2,202,101,13,25,0.7326732673267327,0.7349802371541503,0.8403162055335969,0.46811386412423334,0.018821241334080696,0.0001445189118385315,,,,,
heart_disease_cleveland,19,0,58,60,RandomFuzzyRules__max_literal_repetitions__3,202,101,13,25,0.7029702970297029,0.7041501976284585,0.7478260869565218,0.40669606529885033,0.018574695102870464,0.00014299806207418442,,,,,
heart_disease_cleveland,19,1,59,60,RandomFuzzyRules__max_literal_repetitions__1,202,101,13,25,0.7821782178217822,0.7857707509881423,0.8302371541501976,0.5695191352975402,0.0187169024720788,0.0001437496393918991,,,,,
heart_disease_cleveland,19,1,59,60,RandomFuzzyRules__max_literal_repetitions__2,202,101,13,25,0.7326732673267327,0.7118577075098814,0.7118577075098814,0.48894242740471355,0.018413277342915535,0.00015364773571491241,,,,,
heart_disease_cleveland,19,1,59,60,RandomFuzzyRules__max_literal_repetitions__3,202,101,13,25,0.7524752475247525,0.7442687747035572,0.7656126482213439,0.4997238323613749,0.018993780948221684,0.00014335941523313522,,,,,
heart_disease_cleveland,19,2,60,60,RandomFuzzyRules__max_literal_repetitions__1,202,101,13,25,0.7227722772277227,0.718676122931442,0.7740346729708432,0.4411933373355755,0.018986491486430168,0.0001354282721877098,,,,,
heart_disease_cleveland,19,2,60,60,RandomFuzzyRules__max_literal_repetitions__2,202,101,13,25,0.7326732673267327,0.7293144208037825,0.8213159968479118,0.4613636830298003,0.018591174855828285,0.00014542974531650543,,,,,
heart_disease_cleveland,19,2,60,60,RandomFuzzyRules__max_literal_repetitions__3,202,101,13,25,0.7326732673267327,0.7237982663514578,0.8209219858156027,0.466148824934053,0.019222037866711617,0.0001512281596660614,,,,,
heart_failure_followup_survival,0,0,1,60,RandomFuzzyRules__max_literal_repetitions__1,199,100,12,17,0.73,0.6112132352941176,0.7637867647058825,0.30852091710390234,0.02130949590355158,0.00014661811292171478,,,,,
heart_failure_followup_survival,0,0,1,60,RandomFuzzyRules__max_literal_repetitions__2,199,100,12,17,0.75,0.6838235294117647,0.7481617647058825,0.3960590171906697,0.020711032673716545,0.0001472877338528633,,,,,
heart_failure_followup_survival,0,0,1,60,RandomFuzzyRules__max_literal_repetitions__3,199,100,12,17,0.79,0.7049632352941176,0.7860753676470588,0.4874343139064259,0.021134638227522373,0.00015020836144685745,,,,,
heart_failure_followup_survival,0,1,2,60,RandomFuzzyRules__max_literal_repetitions__1,199,100,12,17,0.81,0.7444852941176471,0.8653492647058824,0.5420045119328728,0.021258526481688023,0.00014582835137844086,,,,,
heart_failure_followup_survival,0,1,2,60,RandomFuzzyRules__max_literal_repetitions__2,199,100,12,17,0.8,0.7040441176470589,0.872702205882353,0.5192588245670519,0.020496124401688576,0.00014509819447994232,,,,,
heart_failure_followup_survival,0,1,2,60,RandomFuzzyRules__max_literal_repetitions__3,199,100,12,17,0.81,0.7196691176470589,0.8754595588235294,0.5455881636582751,0.02080620266497135,0.0001440681517124176,,,,,
heart_failure_followup_survival,0,2,3,60,RandomFuzzyRules__max_literal_repetitions__1,200,99,12,17,0.8383838383838383,0.7989738805970149,0.8673041044776119,0.6209654608322859,0.02113490831106901,0.00014627911150455475,,,,,
heart_failure_followup_survival,0,2,3,60,RandomFuzzyRules__max_literal_repetitions__2,200,99,12,17,0.8383838383838383,0.7989738805970149,0.8673041044776119,0.6209654608322859,0.02048503514379263,0.00014362763613462448,,,,,
heart_failure_followup_survival,0,2,3,60,RandomFuzzyRules__max_literal_repetitions__3,200,99,12,17,0.8686868686868687,0.8295242537313433,0.8652052238805971,0.6921203855612496,0.02102791890501976,0.00014515873044729233,,,,,
heart_failure_followup_survival,1,0,4,60,RandomFuzzyRules__max_literal_repetitions__1,199,100,12,17,0.84,0.7748161764705883,0.8324908088235293,0.6189322212279413,0.02116736676543951,0.00014793872833251953,,,,,
heart_failure_followup_survival,1,0,4,60,RandomFuzzyRules__max_literal_repetitions__2,199,100,12,17,0.82,0.7270220588235294,0.8306525735294118,0.5777339174237018,0.020777801983058453,0.00014444906264543533,,,,,
heart_failure_followup_survival,1,0,4,60,RandomFuzzyRules__max_literal_repetitions__3,199,100,12,17,0.85,0.7821691176470589,0.8428308823529412,0.6463172217572031,0.020741602405905724,0.00013763923197984695,,,,,
heart_failure_followup_survival,1,1,5,60,RandomFuzzyRules__max_literal_repetitions__1,199,100,12,17,0.82,0.7601102941176471,0.8175551470588235,0.5682043632359864,0.021093898452818394,0.00014795828610658646,,,,,
heart_failure_followup_survival,1,1,5,60,RandomFuzzyRules__max_literal_repetitions__2,199,100,12,17,0.78,0.6727941176470589,0.8405330882352942,0.4645956632920871,0.020755011588335037,0.00014413800090551376,,,,,
heart_failure_followup_survival,1,1,5,60,RandomFuzzyRules__max_literal_repetitions__3,199,100,12,17,0.84,0.7748161764705883,0.8506433823529411,0.6189322212279413,0.021238597109913826,0.0001464085653424263,,,,,
heart_failure_followup_survival,1,2,6,60,RandomFuzzyRules__max_literal_repetitions__1,200,99,12,17,0.7777777777777778,0.7133861940298507,0.8465485074626866,0.4657710066084137,0.0213943962007761,0.00014632847160100937,,,,,
heart_failure_followup_survival,1,2,6,60,RandomFuzzyRules__max_literal_repetitions__2,200,99,12,17,0.7777777777777778,0.7133861940298507,0.8465485074626866,0.4657710066084137,0.020497904159128666,0.00014671869575977325,,,,,
heart_failure_followup_survival,1,2,6,60,RandomFuzzyRules__max_literal_repetitions__3,200,99,12,17,0.8181818181818182,0.7677238805970149,0.8498134328358209,0.5690905755386257,0.02116909809410572,0.0001546870917081833,,,,,
heart_failure_followup_survival,2,0,7,60,RandomFuzzyRules__max_literal_repetitions__1,199,100,12,17,0.8,0.7536764705882353,0.8616727941176471,0.5271016357912215,0.021473104134202003,0.00014307908713817596,,,,,
heart_failure_followup_survival,2,0,7,60,RandomFuzzyRules__max_literal_repetitions__2,199,100,12,17,0.82,0.7270220588235294,0.8952205882352942,0.5777339174237018,0.0204543462023139,0.0001453794538974762,,,,,
heart_failure_followup_survival,2,0,7,60,RandomFuzzyRules__max_literal_repetitions__3,199,100,12,17,0.86,0.8060661764705883,0.892922794117647,0.668593826705242,0.020844271406531334,0.0001341886818408966,,,,,
heart_failure_followup_survival,2,1,8,60,RandomFuzzyRules__max_literal_repetitions__1,199,100,12,17,0.81,0.7444852941176471,0.8400735294117646,0.5420045119328728,0.021409534849226475,0.00014845840632915497,,,,,
heart_failure_followup_survival,2,1,8,60,RandomFuzzyRules__max_literal_repetitions__2,199,100,12,17,0.82,0.7352941176470589,0.8295036764705882,0.5713830229392856,0.02078379224985838,0.00014785770326852798,,,,,
heart_failure_followup_survival,2,1,8,60,RandomFuzzyRules__max_literal_repetitions__3,199,100,12,17,0.83,0.7674632352941176,0.8235294117647058,0.5929447856107745,0.020601713098585606,0.0001498796045780182,,,,,
heart_failure_followup_survival,2,2,9,60,RandomFuzzyRules__max_literal_repetitions__1,200,99,12,17,0.7878787878787878,0.7045242537313433,0.8015391791044776,0.48580883521356755,0.021233147010207176,0.00015222933143377304,,,,,
heart_failure_followup_survival,2,2,9,60,RandomFuzzyRules__max_literal_repetitions__2,200,99,12,17,0.7373737373737373,0.683535447761194,0.732276119402985,0.38120110583074024,0.020513545721769333,0.00014481879770755768,,,,,
heart_failure_followup_survival,2,2,9,60,RandomFuzzyRules__max_literal_repetitions__3,200,99,12,17,0.8181818181818182,0.7595615671641791,0.779384328358209,0.5665607982023655,0.02116206753998995,0.0001453189179301262,,,,,
heart_failure_followup_survival,3,0,10,60,RandomFuzzyRules__max_literal_repetitions__1,199,100,12,17,0.74,0.6516544117647058,0.8198529411764706,0.35371583185642447,0.021235856227576733,0.0001527089625597,,,,,
heart_failure_followup_survival,3,0,10,60,RandomFuzzyRules__max_literal_repetitions__2,199,100,12,17,0.73,0.6856617647058824,0.7683823529411764,0.37452130067404915,0.020858931355178356,0.00014443788677453995,,,,,
heart_failure_followup_survival,3,0,10,60,RandomFuzzyRules__max_literal_repetitions__3,199,100,12,17,0.81,0.7527573529411764,0.8120404411764706,0.5445811486371709,0.02083068247884512,0.00014357920736074448,,,,,
heart_failure_followup_survival,3,1,11,60,RandomFuzzyRules__max_literal_repetitions__1,199,100,12,17,0.84,0.7830882352941176,0.8336397058823529,0.6183990949706142,0.02135730627924204,0.00014844723045825958,,,,,
heart_failure_followup_survival,3,1,11,60,RandomFuzzyRules__max_literal_repetitions__2,199,100,12,17,0.79,0.6801470588235294,0.8524816176470589,0.49975289051541205,0.020583524368703365,0.00014994852244853973,,,,,
heart_failure_followup_survival,3,1,11,60,RandomFuzzyRules__max_literal_repetitions__3,199,100,12,17,0.86,0.7895220588235294,0.8798253676470589,0.6752756789986285,0.02072932291775942,0.00014339759945869446,,,,,
heart_failure_followup_survival,3,2,12,60,RandomFuzzyRules__max_literal_repetitions__1,200,99,12,17,0.8181818181818182,0.7595615671641791,0.8439832089552238,0.5665607982023655,0.021233447827398777,0.00015609897673130035,,,,,
heart_failure_followup_survival,3,2,12,60,RandomFuzzyRules__max_literal_repetitions__2,200,99,12,17,0.8080808080808081,0.7112873134328358,0.8446828358208955,0.5512270669313121,0.020479665137827396,0.00014571938663721085,,,,,
heart_failure_followup_survival,3,2,12,60,RandomFuzzyRules__max_literal_repetitions__3,200,99,12,17,0.8383838383838383,0.7744869402985075,0.8334888059701493,0.6176001166217285,0.021285287104547024,0.00013716891407966614,,,,,
heart_failure_followup_survival,4,0,13,60,RandomFuzzyRules__max_literal_repetitions__1,199,100,12,17,0.79,0.6966911764705883,0.8575367647058822,0.48851827206222126,0.021233786828815937,0.0001508183777332306,,,,,
heart_failure_followup_survival,4,0,13,60,RandomFuzzyRules__max_literal_repetitions__2,199,100,12,17,0.8,0.6875,0.875,0.5383054219239551,0.020471044816076756,0.00013639871031045914,,,,,
heart_failure_followup_survival,4,0,13,60,RandomFuzzyRules__max_literal_repetitions__3,199,100,12,17,0.84,0.7582720588235294,0.8667279411764706,0.6271821462732001,0.020947829820215702,0.0001430576667189598,,,,,
heart_failure_followup_survival,4,1,14,60,RandomFuzzyRules__max_literal_repetitions__1,199,100,12,17,0.83,0.7840073529411764,0.8122702205882353,0.5968232222656127,0.02102342899888754,0.00014249887317419052,,,,,
heart_failure_followup_survival,4,1,14,60,RandomFuzzyRules__max_literal_repetitions__2,199,100,12,17,0.83,0.7509191176470589,0.819623161764706,0.5967245188181806,0.020535054616630077,0.00014278944581747055,,,,,
heart_failure_followup_survival,4,1,14,60,RandomFuzzyRules__max_literal_repetitions__3,199,100,12,17,0.84,0.7830882352941176,0.8386948529411765,0.6183990949706142,0.02074326202273369,0.00014558900147676468,,,,,
heart_failure_followup_survival,4,2,15,60,RandomFuzzyRules__max_literal_repetitions__1,200,99,12,17,0.7777777777777778,0.7052238805970149,0.8323227611940299,0.4617570965396101,0.021272015757858753,0.0001393686980009079,,,,,
heart_failure_followup_survival,4,2,15,60,RandomFuzzyRules__max_literal_repetitions__2,200,99,12,17,0.7575757575757576,0.6576492537313433,0.7877798507462687,0.40062243650362683,0.020840641111135483,0.00014725793153047562,,,,,
heart_failure_followup_survival,4,2,15,60,RandomFuzzyRules__max_literal_repetitions__3,200,99,12,17,0.8080808080808081,0.7439365671641791,0.8199626865671642,0.5403169351875745,0.02066425234079361,0.00014725793153047562,,,,,
heart_failure_followup_survival,5,0,16,60,RandomFuzzyRules__max_literal_repetitions__1,199,100,12,17,0.79,0.7215073529411764,0.8269761029411765,0.49106423825497125,0.02123776637017727,0.0001461673527956009,,,,,
heart_failure_followup_survival,5,0,16,60,RandomFuzzyRules__max_literal_repetitions__2,199,100,12,17,0.78,0.7306985294117647,0.7550551470588236,0.4793569224043355,0.02058897353708744,0.00014884863048791885,,,,,
heart_failure_followup_survival,5,0,16,60,RandomFuzzyRules__max_literal_repetitions__3,199,100,12,17,0.83,0.7591911764705883,0.8283547794117646,0.593685526174369,0.020798700861632824,0.00014494918286800385,,,,,
heart_failure_followup_survival,5,1,17,60,RandomFuzzyRules__max_literal_repetitions__1,199,100,12,17,0.79,0.7215073529411764,0.8345588235294118,0.49106423825497125,0.02120588719844818,0.00013533979654312134,,,,,
heart_failure_followup_survival,5,1,17,60,RandomFuzzyRules__max_literal_repetitions__2,199,100,12,17,0.78,0.6645220588235294,0.8639705882352942,0.47233662021758804,0.02066092286258936,0.0001477990299463272,,,,,
heart_failure_followup_survival,5,1,17,60,RandomFuzzyRules__max_literal_repetitions__3,199,100,12,17,0.83,0.7509191176470589,0.8768382352941176,0.5967245188181806,0.020817110314965248,0.00014560949057340622,,,,,
heart_failure_followup_survival,5,2,18,60,RandomFuzzyRules__max_literal_repetitions__1,200,99,12,17,0.8080808080808081,0.7520988805970149,0.8330223880597014,0.5427845024828348,0.021251016296446323,0.00013784971088171005,,,,,
heart_failure_followup_survival,5,2,18,60,RandomFuzzyRules__max_literal_repetitions__2,200,99,12,17,0.8282828282828283,0.7588619402985075,0.824160447761194,0.5923162391362382,0.020676453597843647,0.0001485692337155342,,,,,
heart_failure_followup_survival,5,2,18,60,RandomFuzzyRules__max_literal_repetitions__3,200,99,12,17,0.8383838383838383,0.7989738805970149,0.8339552238805971,0.6209654608322859,0.02129705622792244,0.0001454586163163185,,,,,
heart_failure_followup_survival,6,0,19,60,RandomFuzzyRules__max_literal_repetitions__1,199,100,12,17,0.84,0.7748161764705883,0.8878676470588236,0.6189322212279413,0.021283556707203388,0.0001491280272603035,,,,,
heart_failure_followup_survival,6,0,19,60,RandomFuzzyRules__max_literal_repetitions__2,199,100,12,17,0.84,0.7582720588235294,0.9002757352941176,0.6271821462732001,0.020480784587562084,0.00014496780931949615,,,,,
heart_failure_followup_survival,6,0,19,60,RandomFuzzyRules__max_literal_repetitions__3,199,100,12,17,0.84,0.7665441176470589,0.8910845588235294,0.6216823711415945,0.02097236830741167,0.00016218889504671097,,,,,
heart_failure_followup_survival,6,1,20,60,RandomFuzzyRules__max_literal_repetitions__1,199,100,12,17,0.75,0.6341911764705883,0.7665441176470589,0.3722649082410722,0.021402024663984776,0.00014512799680233002,,,,,
heart_failure_followup_survival,6,1,20,60,RandomFuzzyRules__max_literal_repetitions__2,199,100,12,17,0.73,0.6856617647058824,0.7435661764705883,0.37452130067404915,0.020858200266957283,0.00014780834317207336,,,,,
heart_failure_followup_survival,6,1,20,60,RandomFuzzyRules__max_literal_repetitions__3,199,100,12,17,0.79,0.7132352941176471,0.7571231617647057,0.48842213500870074,0.02067021280527115,0.00014843977987766266,,,,,
heart_failure_followup_survival,6,2,21,60,RandomFuzzyRules__max_literal_repetitions__1,200,99,12,17,0.8181818181818182,0.7758861940298507,0.8404850746268657,0.5730125898319767,0.02142151538282633,0.0001409091055393219,,,,,
heart_failure_followup_survival,6,2,21,60,RandomFuzzyRules__max_literal_repetitions__2,200,99,12,17,0.8181818181818182,0.7350746268656716,0.8605410447761194,0.5701240736627577,0.02036279533058405,0.00014797784388065338,,,,,
heart_failure_followup_survival,6,2,21,60,RandomFuzzyRules__max_literal_repetitions__3,200,99,12,17,0.8484848484848485,0.7982742537313433,0.8684701492537313,0.6422029404954169,0.020977710373699665,0.00014607887715101242,,,,,
heart_failure_followup_survival,7,0,22,60,RandomFuzzyRules__max_literal_repetitions__1,199,100,12,17,0.78,0.7058823529411764,0.8046874999999998,0.463681664063742,0.021250356920063496,0.0001472681760787964,,,,,
heart_failure_followup_survival,7,0,22,60,RandomFuzzyRules__max_literal_repetitions__2,199,100,12,17,0.82,0.71875,0.7867647058823528,0.5881583396995571,0.020389115437865257,0.00015180837363004684,,,,,
heart_failure_followup_survival,7,0,22,60,RandomFuzzyRules__max_literal_repetitions__3,199,100,12,17,0.8,0.7040441176470589,0.7628676470588235,0.5192588245670519,0.021059438586235046,0.00014617759734392166,,,,,
heart_failure_followup_survival,7,1,23,60,RandomFuzzyRules__max_literal_repetitions__1,199,100,12,17,0.81,0.7610294117647058,0.8779871323529411,0.5485365537975211,0.021335147321224213,0.00014576874673366547,,,,,
heart_failure_followup_survival,7,1,23,60,RandomFuzzyRules__max_literal_repetitions__2,199,100,12,17,0.77,0.6571691176470589,0.8612132352941176,0.4360088993782421,0.020762641914188862,0.0001473771408200264,,,,,
heart_failure_followup_survival,7,1,23,60,RandomFuzzyRules__max_literal_repetitions__3,199,100,12,17,0.85,0.7821691176470589,0.8846507352941176,0.6463172217572031,0.02079758048057556,0.00014668889343738556,,,,,
heart_failure_followup_survival,7,2,24,60,RandomFuzzyRules__max_literal_repetitions__1,200,99,12,17,0.7878787878787878,0.7371735074626866,0.7917444029850746,0.498150341200135,0.02123429626226425,0.00015298742800951004,,,,,
heart_failure_followup_survival,7,2,24,60,RandomFuzzyRules__max_literal_repetitions__2,200,99,12,17,0.7878787878787878,0.7371735074626866,0.7917444029850746,0.498150341200135,0.020608884282410145,0.00014661718159914017,,,,,
heart_failure_followup_survival,7,2,24,60,RandomFuzzyRules__max_literal_repetitions__3,200,99,12,17,0.8383838383838383,0.7989738805970149,0.8582089552238806,0.6209654608322859,0.021051138639450073,0.0001449277624487877,,,,,
heart_failure_followup_survival,8,0,25,60,RandomFuzzyRules__max_literal_repetitions__1,199,100,12,17,0.81,0.7527573529411764,0.8543198529411765,0.5445811486371709,0.021183477714657784,0.00015127751976251602,,,,,
heart_failure_followup_survival,8,0,25,60,RandomFuzzyRules__max_literal_repetitions__2,199,100,12,17,0.81,0.7527573529411764,0.8543198529411765,0.5445811486371709,0.020274817012250423,0.00014274753630161285,,,,,
heart_failure_followup_survival,8,0,25,60,RandomFuzzyRules__max_literal_repetitions__3,199,100,12,17,0.79,0.7628676470588236,0.8272058823529412,0.5215575152679846,0.02021985873579979,0.00014401786029338837,,,,,
heart_failure_followup_survival,8,1,26,60,RandomFuzzyRules__max_literal_repetitions__1,199,100,12,17,0.83,0.7757352941176471,0.875,0.5940885257860046,0.021396336145699024,0.0001468174159526825,,,,,
heart_failure_followup_survival,8,1,26,60,RandomFuzzyRules__max_literal_repetitions__2,199,100,12,17,0.83,0.7426470588235294,0.8959099264705882,0.602658055254329,0.020526224747300148,0.0001348080113530159,,,,,
heart_failure_followup_survival,8,1,26,60,RandomFuzzyRules__max_literal_repetitions__3,199,100,12,17,0.85,0.7904411764705883,0.8890165441176471,0.643885059288676,0.020771821960806847,0.0001557888463139534,,,,,
heart_failure_followup_survival,8,2,27,60,RandomFuzzyRules__max_literal_repetitions__1,200,99,12,17,0.7676767676767676,0.6814365671641791,0.7807835820895522,0.43096838517235525,0.02130266558378935,0.00014819949865341187,,,,,
heart_failure_followup_survival,8,2,27,60,RandomFuzzyRules__max_literal_repetitions__2,200,99,12,17,0.7676767676767676,0.6569496268656716,0.7798507462686567,0.43469212447201194,0.020366436801850796,0.00015092827379703522,,,,,
heart_failure_followup_survival,8,2,27,60,RandomFuzzyRules__max_literal_repetitions__3,200,99,12,17,0.7878787878787878,0.7045242537313433,0.8003731343283581,0.48580883521356755,0.02107934933155775,0.0001453673467040062,,,,,
heart_failure_followup_survival,9,0,28,60,RandomFuzzyRules__max_literal_repetitions__1,199,100,12,17,0.83,0.7757352941176471,0.878216911764706,0.5940885257860046,0.02136046625673771,0.00014956854283809662,,,,,
heart_failure_followup_survival,9,0,28,60,RandomFuzzyRules__max_literal_repetitions__2,199,100,12,17,0.81,0.7693014705882353,0.8368566176470588,0.5536942237145459,0.020483125001192093,0.0001470884308218956,,,,,
heart_failure_followup_survival,9,0,28,60,RandomFuzzyRules__max_literal_repetitions__3,199,100,12,17,0.86,0.8060661764705883,0.8584558823529411,0.668593826705242,0.020770891569554806,0.00014565791934728622,,,,,
heart_failure_followup_survival,9,1,29,60,RandomFuzzyRules__max_literal_repetitions__1,199,100,12,17,0.75,0.6507352941176471,0.7977941176470589,0.3743784888701135,0.02145996503531933,0.00014522764831781387,,,,,
heart_failure_followup_survival,9,1,29,60,RandomFuzzyRules__max_literal_repetitions__2,199,100,12,17,0.79,0.7049632352941176,0.828125,0.4874343139064259,0.02047159429639578,0.0001496393233537674,,,,,
heart_failure_followup_survival,9,1,29,60,RandomFuzzyRules__max_literal_repetitions__3,199,100,12,17,0.83,0.7674632352941176,0.8630514705882353,0.5929447856107745,0.020885290578007698,0.00014609843492507935,,,,,
heart_failure_followup_survival,9,2,30,60,RandomFuzzyRules__max_literal_repetitions__1,200,99,12,17,0.8080808080808081,0.7276119402985075,0.7954757462686567,0.5406492852547798,0.021317255683243275,0.00016331858932971954,,,,,
heart_failure_followup_survival,9,2,30,60,RandomFuzzyRules__max_literal_repetitions__2,200,99,12,17,0.7676767676767676,0.6569496268656716,0.7922108208955223,0.43469212447201194,0.02073908131569624,0.00014636758714914322,,,,,
heart_failure_followup_survival,9,2,30,60,RandomFuzzyRules__max_literal_repetitions__3,200,99,12,17,0.797979797979798,0.7119869402985075,0.8013059701492538,0.5141297449994512,0.021117608062922955,0.0001594293862581253,,,,,
heart_failure_followup_survival,10,0,31,60,RandomFuzzyRules__max_literal_repetitions__1,199,100,12,17,0.78,0.6976102941176471,0.8485753676470588,0.4609024475704925,0.021156118251383305,0.00015064887702465057,,,,,
heart_failure_followup_survival,10,0,31,60,RandomFuzzyRules__max_literal_repetitions__2,199,100,12,17,0.8,0.6875,0.8508731617647058,0.5383054219239551,0.020789622329175472,0.00014716759324073792,,,,,
heart_failure_followup_survival,10,0,31,60,RandomFuzzyRules__max_literal_repetitions__3,199,100,12,17,0.81,0.7196691176470589,0.8315716911764706,0.5455881636582751,0.020742992870509624,0.0001417277380824089,,,,,
heart_failure_followup_survival,10,1,32,60,RandomFuzzyRules__max_literal_repetitions__1,199,100,12,17,0.84,0.7830882352941176,0.8352481617647058,0.6183990949706142,0.021317506209015846,0.00014635920524597168,,,,,
heart_failure_followup_survival,10,1,32,60,RandomFuzzyRules__max_literal_repetitions__2,199,100,12,17,0.74,0.7426470588235294,0.8432904411764707,0.45866524251821345,0.020445404574275017,0.0001479675993323326,,,,,
heart_failure_followup_survival,10,1,32,60,RandomFuzzyRules__max_literal_repetitions__3,199,100,12,17,0.77,0.7481617647058824,0.8322610294117647,0.4854042890752182,0.020830631256103516,0.00015534833073616028,,,,,
heart_failure_followup_survival,10,2,33,60,RandomFuzzyRules__max_literal_repetitions__1,200,99,12,17,0.8080808080808081,0.7602611940298507,0.814365671641791,0.5466428522904136,0.02128878701478243,0.00014790799468755722,,,,,
heart_failure_followup_survival,10,2,33,60,RandomFuzzyRules__max_literal_repetitions__2,200,99,12,17,0.8080808080808081,0.7602611940298507,0.814365671641791,0.5466428522904136,0.020588073879480362,0.0001509580761194229,,,,,
heart_failure_followup_survival,10,2,33,60,RandomFuzzyRules__max_literal_repetitions__3,200,99,12,17,0.8383838383838383,0.7908115671641791,0.8369869402985075,0.6181672018263643,0.02120760828256607,0.00014585815370082855,,,,,
heart_failure_followup_survival,11,0,34,60,RandomFuzzyRules__max_literal_repetitions__1,199,100,12,17,0.82,0.7435661764705883,0.8605238970588236,0.5680890632845605,0.021214556880295277,0.00015516765415668488,,,,,
heart_failure_followup_survival,11,0,34,60,RandomFuzzyRules__max_literal_repetitions__2,199,100,12,17,0.76,0.6911764705882353,0.8134191176470588,0.4176201680321031,0.020674542523920536,0.00014635734260082245,,,,,
heart_failure_followup_survival,11,0,34,60,RandomFuzzyRules__max_literal_repetitions__3,199,100,12,17,0.82,0.7601102941176471,0.8451286764705882,0.5682043632359864,0.02080347202718258,0.0001455480232834816,,,,,
heart_failure_followup_survival,11,1,35,60,RandomFuzzyRules__max_literal_repetitions__1,199,100,12,17,0.77,0.7068014705882353,0.824908088235294,0.44556639433950346,0.021442754194140434,0.00014868751168251038,,,,,
heart_failure_followup_survival,11,1,35,60,RandomFuzzyRules__max_literal_repetitions__2,199,100,12,17,0.74,0.6764705882352942,0.7591911764705883,0.3753437949565387,0.02035718597471714,0.00014357827603816986,,,,,
heart_failure_followup_survival,11,1,35,60,RandomFuzzyRules__max_literal_repetitions__3,199,100,12,17,0.85,0.7821691176470589,0.8318014705882353,0.6463172217572031,0.020838690921664238,0.00014466792345046997,,,,,
heart_failure_followup_survival,11,2,36,60,RandomFuzzyRules__max_literal_repetitions__1,200,99,12,17,0.8080808080808081,0.7520988805970149,0.8162313432835822,0.5427845024828348,0.021252327598631382,0.00014777854084968567,,,,,
heart_failure_followup_survival,11,2,36,60,RandomFuzzyRules__max_literal_repetitions__2,200,99,12,17,0.7575757575757576,0.6331623134328358,0.8353544776119404,0.41336025305939145,0.02063758298754692,0.00014869961887598038,,,,,
heart_failure_followup_survival,11,2,36,60,RandomFuzzyRules__max_literal_repetitions__3,200,99,12,17,0.8383838383838383,0.7744869402985075,0.8463152985074627,0.6176001166217285,0.02141509484499693,0.00014707725495100021,,,,,
heart_failure_followup_survival,12,0,37,60,RandomFuzzyRules__max_literal_repetitions__1,199,100,12,17,0.81,0.7610294117647058,0.8074448529411765,0.5485365537975211,0.021214517764747143,0.0001544775441288948,,,,,
heart_failure_followup_survival,12,0,37,60,RandomFuzzyRules__max_literal_repetitions__2,199,100,12,17,0.81,0.7610294117647058,0.8074448529411765,0.5485365537975211,0.020739112049341202,0.00014768913388252258,,,,,
heart_failure_followup_survival,12,0,37,60,RandomFuzzyRules__max_literal_repetitions__3,199,100,12,17,0.86,0.8226102941176471,0.8543198529411764,0.6703357759518795,0.020632904022932053,0.00015109777450561523,,,,,
heart_failure_followup_survival,12,1,38,60,RandomFuzzyRules__max_literal_repetitions__1,199,100,12,17,0.84,0.7748161764705883,0.8662683823529411,0.6189322212279413,0.0215679332613945,0.00014611892402172089,,,,,
heart_failure_followup_survival,12,1,38,60,RandomFuzzyRules__max_literal_repetitions__2,199,100,12,17,0.79,0.6966911764705883,0.8276654411764706,0.48851827206222126,0.02070703264325857,0.00014565791934728622,,,,,
heart_failure_followup_survival,12,1,38,60,RandomFuzzyRules__max_literal_repetitions__3,199,100,12,17,0.81,0.7279411764705883,0.8375459558823529,0.5420794163623032,0.021003518253564835,0.00013657938688993454,,,,,
heart_failure_followup_survival,12,2,39,60,RandomFuzzyRules__max_literal_repetitions__1,200,99,12,17,0.7777777777777778,0.6970615671641791,0.8187966417910447,0.45910896675969376,0.021319586783647537,0.00015186890959739685,,,,,
heart_failure_followup_survival,12,2,39,60,RandomFuzzyRules__max_literal_repetitions__2,200,99,12,17,0.7878787878787878,0.6800373134328358,0.8309235074626865,0.4986364340154431,0.020557553507387638,0.000147378072142601,,,,,
heart_failure_followup_survival,12,2,39,60,RandomFuzzyRules__max_literal_repetitions__3,200,99,12,17,0.797979797979798,0.7283115671641791,0.8269589552238806,0.5137047699003162,0.021053859032690525,0.00014566723257303238,,,,,
heart_failure_followup_survival,13,0,40,60,RandomFuzzyRules__max_literal_repetitions__1,199,100,12,17,0.77,0.6985294117647058,0.7637867647058824,0.44012396457706965,0.021539284847676754,0.00014740973711013794,,,,,
heart_failure_followup_survival,13,0,40,60,RandomFuzzyRules__max_literal_repetitions__2,199,100,12,17,0.75,0.6341911764705883,0.7614889705882353,0.3722649082410722,0.020604523830115795,0.0001622382551431656,,,,,
heart_failure_followup_survival,13,0,40,60,RandomFuzzyRules__max_literal_repetitions__3,199,100,12,17,0.75,0.6755514705882353,0.7210477941176471,0.3891836908991681,0.020780191756784916,0.00015091802924871445,,,,,
heart_failure_followup_survival,13,1,41,60,RandomFuzzyRules__max_literal_repetitions__1,199,100,12,17,0.82,0.7435661764705883,0.8350183823529412,0.5680890632845605,0.021144318394362926,0.00015417858958244324,,,,,
heart_failure_followup_survival,13,1,41,60,RandomFuzzyRules__max_literal_repetitions__2,199,100,12,17,0.8,0.7619485294117647,0.8345588235294118,0.5332928468526479,0.020375115796923637,0.00015204772353172302,,,,,
heart_failure_followup_survival,13,1,41,60,RandomFuzzyRules__max_literal_repetitions__3,199,100,12,17,0.86,0.7977941176470589,0.8805147058823529,0.6706824069493411,0.020808481611311436,0.00015229824930429459,,,,,
heart_failure_followup_survival,13,2,42,60,RandomFuzzyRules__max_literal_repetitions__1,200,99,12,17,0.8080808080808081,0.7520988805970149,0.8917910447761194,0.5427845024828348,0.021167057566344738,0.00015139766037464142,,,,,
heart_failure_followup_survival,13,2,42,60,RandomFuzzyRules__max_literal_repetitions__2,200,99,12,17,0.8080808080808081,0.7520988805970149,0.8917910447761194,0.5427845024828348,0.021142417564988136,0.0001482674852013588,,,,,
heart_failure_followup_survival,13,2,42,60,RandomFuzzyRules__max_literal_repetitions__3,200,99,12,17,0.8686868686868687,0.8213619402985075,0.8936567164179104,0.691912159501708,0.021278207190334797,0.00014576781541109085,,,,,
heart_failure_followup_survival,14,0,43,60,RandomFuzzyRules__max_literal_repetitions__1,199,100,12,17,0.75,0.6672794117647058,0.7734375,0.38315874384303245,0.021366944536566734,0.00014713872224092484,,,,,
heart_failure_followup_survival,14,0,43,60,RandomFuzzyRules__max_literal_repetitions__2,199,100,12,17,0.75,0.6672794117647058,0.7734375,0.38315874384303245,0.020771712064743042,0.00014648959040641785,,,,,
heart_failure_followup_survival,14,0,43,60,RandomFuzzyRules__max_literal_repetitions__3,199,100,12,17,0.79,0.7628676470588236,0.8529411764705881,0.5215575152679846,0.020983770489692688,0.00014650728553533554,,,,,
heart_failure_followup_survival,14,1,44,60,RandomFuzzyRules__max_literal_repetitions__1,199,100,12,17,0.84,0.7748161764705883,0.8350183823529411,0.6189322212279413,0.02147542405873537,0.0001474078744649887,,,,,
heart_failure_followup_survival,14,1,44,60,RandomFuzzyRules__max_literal_repetitions__2,199,100,12,17,0.77,0.6654411764705883,0.8079044117647058,0.4322628957852667,0.020396285690367222,0.0001490795984864235,,,,,
heart_failure_followup_survival,14,1,44,60,RandomFuzzyRules__max_literal_repetitions__3,199,100,12,17,0.84,0.7665441176470589,0.8471966911764706,0.6216823711415945,0.02105976827442646,0.000146498903632164,,,,,
heart_failure_followup_survival,14,2,45,60,RandomFuzzyRules__max_literal_repetitions__1,200,99,12,17,0.8181818181818182,0.7595615671641791,0.8649720149253731,0.5665607982023655,0.021557814441621304,0.00014987867325544357,,,,,
heart_failure_followup_survival,14,2,45,60,RandomFuzzyRules__max_literal_repetitions__2,200,99,12,17,0.8080808080808081,0.7194496268656716,0.8715018656716418,0.5443094144965787,0.021178037859499454,0.00015108752995729446,,,,,
heart_failure_followup_survival,14,2,45,60,RandomFuzzyRules__max_literal_repetitions__3,200,99,12,17,0.8181818181818182,0.7595615671641791,0.8530783582089553,0.5665607982023655,0.020901119336485863,0.0001405775547027588,,,,,
heart_failure_followup_survival,15,0,46,60,RandomFuzzyRules__max_literal_repetitions__1,199,100,12,17,0.81,0.7444852941176471,0.831341911764706,0.5420045119328728,0.021116137504577637,0.0001447778195142746,,,,,
heart_failure_followup_survival,15,0,46,60,RandomFuzzyRules__max_literal_repetitions__2,199,100,12,17,0.82,0.7352941176470589,0.831341911764706,0.5713830229392856,0.0207744212821126,0.00014656875282526016,,,,,
heart_failure_followup_survival,15,0,46,60,RandomFuzzyRules__max_literal_repetitions__3,199,100,12,17,0.87,0.8216911764705883,0.814797794117647,0.6931032800836721,0.020662343129515648,0.0001523289829492569,,,,,
heart_failure_followup_survival,15,1,47,60,RandomFuzzyRules__max_literal_repetitions__1,199,100,12,17,0.81,0.7527573529411764,0.8485753676470588,0.5445811486371709,0.021391764283180237,0.00015009939670562744,,,,,
heart_failure_followup_survival,15,1,47,60,RandomFuzzyRules__max_literal_repetitions__2,199,100,12,17,0.81,0.7527573529411764,0.8485753676470588,0.5445811486371709,0.02052987553179264,0.00014760904014110565,,,,,
heart_failure_followup_survival,15,1,47,60,RandomFuzzyRules__max_literal_repetitions__3,199,100,12,17,0.85,0.8069852941176471,0.8740808823529411,0.6451098907337044,0.021213658154010773,0.00014911778271198273,,,,,
heart_failure_followup_survival,15,2,48,60,RandomFuzzyRules__max_literal_repetitions__1,200,99,12,17,0.7474747474747475,0.6746735074626866,0.8097014925373135,0.3868999851390949,0.021102328784763813,0.00015154853463172913,,,,,
heart_failure_followup_survival,15,2,48,60,RandomFuzzyRules__max_literal_repetitions__2,200,99,12,17,0.7272727272727273,0.6842350746268657,0.7709888059701493,0.3716031591996459,0.02053794451057911,0.00015073921531438828,,,,,
heart_failure_followup_survival,15,2,48,60,RandomFuzzyRules__max_literal_repetitions__3,200,99,12,17,0.7878787878787878,0.6963619402985075,0.8029384328358209,0.48704413071851144,0.020807642489671707,0.00014573801308870316,,,,,
heart_failure_followup_survival,16,0,49,60,RandomFuzzyRules__max_literal_repetitions__1,199,100,12,17,0.78,0.7224264705882353,0.7938878676470589,0.47308957489313735,0.02119525708258152,0.0001488281413912773,,,,,
heart_failure_followup_survival,16,0,49,60,RandomFuzzyRules__max_literal_repetitions__2,199,100,12,17,0.78,0.7224264705882353,0.7938878676470589,0.47308957489313735,0.020560394041240215,0.00014775898307561874,,,,,
heart_failure_followup_survival,16,0,49,60,RandomFuzzyRules__max_literal_repetitions__3,199,100,12,17,0.78,0.7224264705882353,0.7938878676470589,0.47308957489313735,0.02060012426227331,0.00014784745872020721,,,,,
heart_failure_followup_survival,16,1,50,60,RandomFuzzyRules__max_literal_repetitions__1,199,100,12,17,0.82,0.7352941176470589,0.8377757352941175,0.5713830229392856,0.02140580490231514,0.00014993920922279358,,,,,
heart_failure_followup_survival,16,1,50,60,RandomFuzzyRules__max_literal_repetitions__2,199,100,12,17,0.8,0.7040441176470589,0.8869485294117647,0.5192588245670519,0.02063103299587965,0.0001479191705584526,,,,,
heart_failure_followup_survival,16,1,50,60,RandomFuzzyRules__max_literal_repetitions__3,199,100,12,17,0.86,0.8060661764705883,0.9025735294117647,0.668593826705242,0.02087512146681547,0.0001481892541050911,,,,,
heart_failure_followup_survival,16,2,51,60,RandomFuzzyRules__max_literal_repetitions__1,200,99,12,17,0.8080808080808081,0.7520988805970149,0.8332555970149254,0.5427845024828348,0.02140846475958824,0.00014969892799854279,,,,,
heart_failure_followup_survival,16,2,51,60,RandomFuzzyRules__max_literal_repetitions__2,200,99,12,17,0.797979797979798,0.6875,0.8199626865671641,0.5373947370865069,0.020550433546304703,0.00014367792755365372,,,,,
heart_failure_followup_survival,16,2,51,60,RandomFuzzyRules__max_literal_repetitions__3,200,99,12,17,0.7575757575757576,0.6494869402985075,0.7882462686567164,0.4013027707781126,0.020937370136380196,0.0001465883105993271,,,,,
heart_failure_followup_survival,17,0,52,60,RandomFuzzyRules__max_literal_repetitions__1,199,100,12,17,0.82,0.7601102941176471,0.8416819852941176,0.5682043632359864,0.021120447665452957,0.00014941953122615814,,,,,
heart_failure_followup_survival,17,0,52,60,RandomFuzzyRules__max_literal_repetitions__2,199,100,12,17,0.82,0.7601102941176471,0.8416819852941176,0.5682043632359864,0.020993029698729515,0.0001493087038397789,,,,,
heart_failure_followup_survival,17,0,52,60,RandomFuzzyRules__max_literal_repetitions__3,199,100,12,17,0.82,0.7601102941176471,0.815716911764706,0.5682043632359864,0.020822561345994473,0.00014794804155826569,,,,,
heart_failure_followup_survival,17,1,53,60,RandomFuzzyRules__max_literal_repetitions__1,199,100,12,17,0.79,0.7049632352941176,0.8196231617647058,0.4874343139064259,0.021478833630681038,0.00014728866517543793,,,,,
heart_failure_followup_survival,17,1,53,60,RandomFuzzyRules__max_literal_repetitions__2,199,100,12,17,0.78,0.6645220588235294,0.8331801470588235,0.47233662021758804,0.020406645722687244,0.00014830846339464188,,,,,
heart_failure_followup_survival,17,1,53,60,RandomFuzzyRules__max_literal_repetitions__3,199,100,12,17,0.83,0.7509191176470589,0.8446691176470588,0.5967245188181806,0.02132150623947382,0.0001430278643965721,,,,,
heart_failure_followup_survival,17,2,54,60,RandomFuzzyRules__max_literal_repetitions__1,200,99,12,17,0.8181818181818182,0.7758861940298507,0.849813432835821,0.5730125898319767,0.02151439432054758,0.00015482772141695023,,,,,
heart_failure_followup_survival,17,2,54,60,RandomFuzzyRules__max_literal_repetitions__2,200,99,12,17,0.8080808080808081,0.7194496268656716,0.8591417910447762,0.5443094144965787,0.02040377538651228,0.00015228800475597382,,,,,
heart_failure_followup_survival,17,2,54,60,RandomFuzzyRules__max_literal_repetitions__3,200,99,12,17,0.8585858585858586,0.8057369402985075,0.8838619402985074,0.6673505897963173,0.02104095835238695,0.00014965888112783432,,,,,
heart_failure_followup_survival,18,0,55,60,RandomFuzzyRules__max_literal_repetitions__1,199,100,12,17,0.75,0.6755514705882353,0.8037683823529411,0.3891836908991681,0.021389075554907322,0.00014896783977746964,,,,,
heart_failure_followup_survival,18,0,55,60,RandomFuzzyRules__max_literal_repetitions__2,199,100,12,17,0.75,0.6755514705882353,0.8037683823529411,0.3891836908991681,0.02044089511036873,0.00013607926666736603,,,,,
heart_failure_followup_survival,18,0,55,60,RandomFuzzyRules__max_literal_repetitions__3,199,100,12,17,0.82,0.7518382352941176,0.8301930147058824,0.5671820355065416,0.020824790932238102,0.000145789235830307,,,,,
heart_failure_followup_survival,18,1,56,60,RandomFuzzyRules__max_literal_repetitions__1,199,100,12,17,0.83,0.7840073529411764,0.8694852941176471,0.5968232222656127,0.021274257451295853,0.0001496691256761551,,,,,
heart_failure_followup_survival,18,1,56,60,RandomFuzzyRules__max_literal_repetitions__2,199,100,12,17,0.86,0.7895220588235294,0.8722426470588236,0.6752756789986285,0.02370705083012581,0.00019374769181013107,,,,,
heart_failure_followup_survival,18,1,56,60,RandomFuzzyRules__max_literal_repetitions__3,199,100,12,17,0.85,0.8152573529411764,0.8708639705882353,0.6481812926078131,0.02159003261476755,0.00015242863446474075,,,,,
heart_failure_followup_survival,18,2,57,60,RandomFuzzyRules__max_literal_repetitions__1,200,99,12,17,0.8181818181818182,0.7350746268656716,0.8288246268656716,0.5701240736627577,0.021278097294270992,0.00014935806393623352,,,,,
heart_failure_followup_survival,18,2,57,60,RandomFuzzyRules__max_literal_repetitions__2,200,99,12,17,0.797979797979798,0.6875,0.8390858208955224,0.5373947370865069,0.02067271340638399,0.00014841929078102112,,,,,
heart_failure_followup_survival,18,2,57,60,RandomFuzzyRules__max_literal_repetitions__3,200,99,12,17,0.8383838383838383,0.75,0.8278917910447762,0.6353065856980591,0.020718722604215145,0.00014478899538516998,,,,,
heart_failure_followup_survival,19,0,58,60,RandomFuzzyRules__max_literal_repetitions__1,199,100,12,17,0.81,0.7362132352941176,0.8517922794117647,0.5410538305915349,0.021816841326653957,0.00014771800488233566,,,,,
heart_failure_followup_survival,19,0,58,60,RandomFuzzyRules__max_literal_repetitions__2,199,100,12,17,0.81,0.7362132352941176,0.8517922794117647,0.5410538305915349,0.020565764047205448,0.00014777947217226028,,,,,
heart_failure_followup_survival,19,0,58,60,RandomFuzzyRules__max_literal_repetitions__3,199,100,12,17,0.85,0.765625,0.8492647058823529,0.6597279468503829,0.020904201082885265,0.00015216879546642303,,,,,
heart_failure_followup_survival,19,1,59,60,RandomFuzzyRules__max_literal_repetitions__1,199,100,12,17,0.84,0.7830882352941176,0.8575367647058824,0.6183990949706142,0.021136808209121227,0.00014814920723438263,,,,,
heart_failure_followup_survival,19,1,59,60,RandomFuzzyRules__max_literal_repetitions__2,199,100,12,17,0.84,0.7830882352941176,0.8575367647058824,0.6183990949706142,0.020514233969151974,0.00013608857989311218,,,,,
heart_failure_followup_survival,19,1,59,60,RandomFuzzyRules__max_literal_repetitions__3,199,100,12,17,0.85,0.7821691176470589,0.8694852941176471,0.6463172217572031,0.020564704202115536,0.0001416672021150589,,,,,
heart_failure_followup_survival,19,2,60,60,RandomFuzzyRules__max_literal_repetitions__1,200,99,12,17,0.7777777777777778,0.7215485074626866,0.7742537313432836,0.47093732296314844,0.0202814768999815,0.00014403928071260452,,,,,
heart_failure_followup_survival,19,2,60,60,RandomFuzzyRules__max_literal_repetitions__2,200,99,12,17,0.7676767676767676,0.6732742537313433,0.7859141791044775,0.42977884694044416,0.020621743984520435,0.00014483742415905,,,,,
heart_failure_followup_survival,19,2,60,60,RandomFuzzyRules__max_literal_repetitions__3,200,99,12,17,0.7878787878787878,0.7371735074626866,0.7765858208955224,0.498150341200135,0.02160225436091423,0.0001447480171918869,,,,,
hepatitis_survival_prediction,0,0,1,60,RandomFuzzyRules__max_literal_repetitions__1,103,52,19,32,0.8076923076923077,0.6784922394678492,0.7583148558758315,0.38537374425531756,0.015394688583910465,0.00014365743845701218,,,,,
hepatitis_survival_prediction,0,0,1,60,RandomFuzzyRules__max_literal_repetitions__2,103,52,19,32,0.8269230769230769,0.7239467849223946,0.7882483370288248,0.4641287308819752,0.015419787727296352,0.00014141853898763657,,,,,
hepatitis_survival_prediction,0,0,1,60,RandomFuzzyRules__max_literal_repetitions__3,103,52,19,32,0.8461538461538461,0.6696230598669624,0.79490022172949,0.4699690180793065,0.015258358791470528,0.00013126898556947708,,,,,
hepatitis_survival_prediction,0,1,2,60,RandomFuzzyRules__max_literal_repetitions__1,103,52,19,32,0.8076923076923077,0.6452328159645233,0.4700665188470067,0.34755836683612434,0.01512542087584734,0.00013993959873914719,,,,,
hepatitis_survival_prediction,0,1,2,60,RandomFuzzyRules__max_literal_repetitions__2,103,52,19,32,0.8076923076923077,0.6452328159645233,0.7427937915742794,0.34755836683612434,0.015003273263573647,0.00014216825366020203,,,,,
hepatitis_survival_prediction,0,1,2,60,RandomFuzzyRules__max_literal_repetitions__3,103,52,19,32,0.8076923076923077,0.6452328159645233,0.5964523281596452,0.34755836683612434,0.015483587048947811,0.00014201924204826355,,,,,
hepatitis_survival_prediction,0,2,3,60,RandomFuzzyRules__max_literal_repetitions__1,104,51,19,32,0.803921568627451,0.6134146341463415,0.6353658536585367,0.279517586746904,0.015185830183327198,0.00014157965779304504,,,,,
hepatitis_survival_prediction,0,2,3,60,RandomFuzzyRules__max_literal_repetitions__2,104,51,19,32,0.803921568627451,0.6134146341463415,0.6353658536585367,0.279517586746904,0.015387218445539474,0.00015292875468730927,,,,,
hepatitis_survival_prediction,0,2,3,60,RandomFuzzyRules__max_literal_repetitions__3,104,51,19,32,0.6862745098039216,0.578048780487805,0.5414634146341464,0.13887471022415737,0.016002232208848,0.00014534778892993927,,,,,
hepatitis_survival_prediction,1,0,4,60,RandomFuzzyRules__max_literal_repetitions__1,103,52,19,32,0.8461538461538461,0.7028824833702882,0.7815964523281597,0.48552046664893705,0.015282140113413334,0.000140337273478508,,,,,
hepatitis_survival_prediction,1,0,4,60,RandomFuzzyRules__max_literal_repetitions__2,103,52,19,32,0.8076923076923077,0.5787139689578714,0.5587583148558758,0.2757473899694258,0.015220290049910545,0.00013886764645576477,,,,,
hepatitis_survival_prediction,1,0,4,60,RandomFuzzyRules__max_literal_repetitions__3,103,52,19,32,0.8461538461538461,0.6363636363636364,0.8614190687361419,0.47770322487661093,0.015759014524519444,0.0001422576606273651,,,,,
hepatitis_survival_prediction,1,1,5,60,RandomFuzzyRules__max_literal_repetitions__1,103,52,19,32,0.7692307692307693,0.6208425720620843,0.6651884700665188,0.26090520573807213,0.015350149013102055,0.00014250818639993668,,,,,
hepatitis_survival_prediction,1,1,5,60,RandomFuzzyRules__max_literal_repetitions__2,103,52,19,32,0.7307692307692307,0.5964523281596452,0.6674057649667406,0.19290465631929046,0.015539737418293953,0.00014292914420366287,,,,,
hepatitis_survival_prediction,1,1,5,60,RandomFuzzyRules__max_literal_repetitions__3,103,52,19,32,0.7307692307692307,0.5964523281596452,0.6042128603104213,0.19290465631929046,0.015615926124155521,0.00014222785830497742,,,,,
hepatitis_survival_prediction,1,2,6,60,RandomFuzzyRules__max_literal_repetitions__1,104,51,19,32,0.8431372549019608,0.6756097560975609,0.798780487804878,0.43280142464036747,0.015414047986268997,0.00014620833098888397,,,,,
hepatitis_survival_prediction,1,2,6,60,RandomFuzzyRules__max_literal_repetitions__2,104,51,19,32,0.8431372549019608,0.6756097560975609,0.8353658536585367,0.43280142464036747,0.015622986480593681,0.00013417936861515045,,,,,
hepatitis_survival_prediction,1,2,6,60,RandomFuzzyRules__max_literal_repetitions__3,104,51,19,32,0.803921568627451,0.5756097560975609,0.5170731707317073,0.22331651228714236,0.015580736100673676,0.00014157872647047043,,,,,
hepatitis_survival_prediction,2,0,7,60,RandomFuzzyRules__max_literal_repetitions__1,103,52,19,32,0.7692307692307693,0.6208425720620843,0.6818181818181818,0.26090520573807213,0.01520473975688219,0.00013916846364736557,,,,,
hepatitis_survival_prediction,2,0,7,60,RandomFuzzyRules__max_literal_repetitions__2,103,52,19,32,0.7692307692307693,0.5210643015521064,0.4190687361419069,0.07379155506224071,0.015484537929296494,0.00014867819845676422,,,,,
hepatitis_survival_prediction,2,0,7,60,RandomFuzzyRules__max_literal_repetitions__3,103,52,19,32,0.6923076923076923,0.6053215077605322,0.729490022172949,0.189884205940799,0.01584912370890379,0.0001404574140906334,,,,,
hepatitis_survival_prediction,2,1,8,60,RandomFuzzyRules__max_literal_repetitions__1,103,52,19,32,0.8269230769230769,0.7239467849223946,0.802660753880266,0.4641287308819752,0.015555436722934246,0.00014472845941781998,,,,,
hepatitis_survival_prediction,2,1,8,60,RandomFuzzyRules__max_literal_repetitions__2,103,52,19,32,0.8076923076923077,0.7117516629711751,0.7483370288248337,0.42350332594235035,0.015415078029036522,0.00015107914805412292,,,,,
hepatitis_survival_prediction,2,1,8,60,RandomFuzzyRules__max_literal_repetitions__3,103,52,19,32,0.7692307692307693,0.687361419068736,0.7006651884700665,0.35342271108757395,0.015360148623585701,0.0001492779701948166,,,,,
hepatitis_survival_prediction,2,2,9,60,RandomFuzzyRules__max_literal_repetitions__1,104,51,19,32,0.8431372549019608,0.6756097560975609,0.7621951219512195,0.43280142464036747,0.015592075884342194,0.000143309123814106,,,,,
hepatitis_survival_prediction,2,2,9,60,RandomFuzzyRules__max_literal_repetitions__2,104,51,19,32,0.803921568627451,0.651219512195122,0.801219512195122,0.33017982690370057,0.015887314453721046,0.00014365743845701218,,,,,
hepatitis_survival_prediction,2,2,9,60,RandomFuzzyRules__max_literal_repetitions__3,104,51,19,32,0.8235294117647058,0.5878048780487805,0.723170731707317,0.2963188789948769,0.01538911834359169,0.00012884940952062607,,,,,
hepatitis_survival_prediction,3,0,10,60,RandomFuzzyRules__max_literal_repetitions__1,103,52,19,32,0.75,0.508869179600887,0.6929046563192904,0.027186362391351842,0.01543864794075489,0.00013730768114328384,,,,,
hepatitis_survival_prediction,3,0,10,60,RandomFuzzyRules__max_literal_repetitions__2,103,52,19,32,0.7692307692307693,0.5543237250554324,0.6363636363636364,0.150512953502523,0.015619825571775436,0.00014390796422958374,,,,,
hepatitis_survival_prediction,3,0,10,60,RandomFuzzyRules__max_literal_repetitions__3,103,52,19,32,0.8076923076923077,0.5787139689578714,0.7228381374722838,0.2757473899694258,0.015546557493507862,0.00014100782573223114,,,,,
hepatitis_survival_prediction,3,1,11,60,RandomFuzzyRules__max_literal_repetitions__1,103,52,19,32,0.7884615384615384,0.6662971175166297,0.6995565410199556,0.34465004768463503,0.015358759090304375,0.00014390796422958374,,,,,
hepatitis_survival_prediction,3,1,11,60,RandomFuzzyRules__max_literal_repetitions__2,103,52,19,32,0.7884615384615384,0.5665188470066519,0.6607538802660754,0.2038977179351388,0.015460227616131306,0.00015044771134853363,,,,,
hepatitis_survival_prediction,3,1,11,60,RandomFuzzyRules__max_literal_repetitions__3,103,52,19,32,0.8269230769230769,0.6241685144124168,0.7416851441241685,0.3806090734789258,0.015861213207244873,0.00013319961726665497,,,,,
hepatitis_survival_prediction,3,2,12,60,RandomFuzzyRules__max_literal_repetitions__1,104,51,19,32,0.8431372549019608,0.751219512195122,0.8439024390243902,0.5024390243902439,0.015315989032387733,0.00014004763215780258,,,,,
hepatitis_survival_prediction,3,2,12,60,RandomFuzzyRules__max_literal_repetitions__2,104,51,19,32,0.803921568627451,0.7268292682926829,0.6634146341463415,0.42461769583622017,0.015367187559604645,0.00012946873903274536,,,,,
hepatitis_survival_prediction,3,2,12,60,RandomFuzzyRules__max_literal_repetitions__3,104,51,19,32,0.8627450980392157,0.6878048780487804,0.8621951219512194,0.5014929989498939,0.015918543562293053,0.0001459689810872078,,,,,
hepatitis_survival_prediction,4,0,13,60,RandomFuzzyRules__max_literal_repetitions__1,103,52,19,32,0.75,0.5753880266075388,0.6286031042128603,0.17066690393385375,0.015238570049405098,0.00013953913003206253,,,,,
hepatitis_survival_prediction,4,0,13,60,RandomFuzzyRules__max_literal_repetitions__2,103,52,19,32,0.8076923076923077,0.6119733924611973,0.7893569844789357,0.31024098579091475,0.015616676770150661,0.0001443875953555107,,,,,
hepatitis_survival_prediction,4,0,13,60,RandomFuzzyRules__max_literal_repetitions__3,103,52,19,32,0.7884615384615384,0.5665188470066519,0.5266075388026608,0.2038977179351388,0.015605646185576916,0.00014159828424453735,,,,,
hepatitis_survival_prediction,4,1,14,60,RandomFuzzyRules__max_literal_repetitions__1,103,52,19,32,0.8653846153846154,0.7815964523281597,0.9013303769401331,0.5836074140793154,0.015225240029394627,0.00014313776046037674,,,,,
hepatitis_survival_prediction,4,1,14,60,RandomFuzzyRules__max_literal_repetitions__2,103,52,19,32,0.6538461538461539,0.5144124168514412,0.5609756097560975,0.027186362391351842,0.015491477213799953,0.0001424793154001236,,,,,
hepatitis_survival_prediction,4,1,14,60,RandomFuzzyRules__max_literal_repetitions__3,103,52,19,32,0.8653846153846154,0.7150776053215078,0.9002217294900221,0.5498685971644742,0.015292598865926266,0.00014279969036579132,,,,,
hepatitis_survival_prediction,4,2,15,60,RandomFuzzyRules__max_literal_repetitions__1,104,51,19,32,0.9019607843137255,0.8634146341463416,0.9170731707317072,0.7016135979285365,0.01548540685325861,0.00014293938875198364,,,,,
hepatitis_survival_prediction,4,2,15,60,RandomFuzzyRules__max_literal_repetitions__2,104,51,19,32,0.8431372549019608,0.6,0.6951219512195121,0.4090806018078958,0.01568327657878399,0.0001421784982085228,,,,,
hepatitis_survival_prediction,4,2,15,60,RandomFuzzyRules__max_literal_repetitions__3,104,51,19,32,0.8431372549019608,0.7134146341463414,0.7073170731707317,0.46597959442054515,0.015457406640052795,0.0001423591747879982,,,,,
hepatitis_survival_prediction,5,0,16,60,RandomFuzzyRules__max_literal_repetitions__1,103,52,19,32,0.7692307692307693,0.4878048780487805,0.4955654101995566,-0.07253027534555852,0.015193270519375801,0.000139627605676651,,,,,
hepatitis_survival_prediction,5,0,16,60,RandomFuzzyRules__max_literal_repetitions__2,103,52,19,32,0.75,0.6086474501108647,0.7849223946784922,0.2251713644872949,0.015667014755308628,0.0001501692458987236,,,,,
hepatitis_survival_prediction,5,0,16,60,RandomFuzzyRules__max_literal_repetitions__3,103,52,19,32,0.8461538461538461,0.6363636363636364,0.7527716186252771,0.47770322487661093,0.015273898839950562,0.0001445198431611061,,,,,
hepatitis_survival_prediction,5,1,17,60,RandomFuzzyRules__max_literal_repetitions__1,103,52,19,32,0.8461538461538461,0.7694013303769401,0.8913525498891353,0.5388026607538803,0.015320618636906147,0.00014311913400888443,,,,,
hepatitis_survival_prediction,5,1,17,60,RandomFuzzyRules__max_literal_repetitions__2,103,52,19,32,0.7884615384615384,0.5332594235033259,0.533259423503326,0.14126448280440332,0.015216730535030365,0.00014192797243595123,,,,,
hepatitis_survival_prediction,5,1,17,60,RandomFuzzyRules__max_literal_repetitions__3,103,52,19,32,0.7884615384615384,0.5332594235033259,0.533259423503326,0.14126448280440332,0.015405328013002872,0.00012894906103610992,,,,,
hepatitis_survival_prediction,5,2,18,60,RandomFuzzyRules__max_literal_repetitions__1,104,51,19,32,0.8431372549019608,0.7890243902439025,0.7780487804878048,0.5410451285655064,0.015001651830971241,0.00013049785047769547,,,,,
hepatitis_survival_prediction,5,2,18,60,RandomFuzzyRules__max_literal_repetitions__2,104,51,19,32,0.803921568627451,0.651219512195122,0.6841463414634147,0.33017982690370057,0.015222630463540554,0.00014412961900234222,,,,,
hepatitis_survival_prediction,5,2,18,60,RandomFuzzyRules__max_literal_repetitions__3,104,51,19,32,0.7843137254901961,0.6390243902439025,0.6341463414634148,0.28957897267750127,0.015501786954700947,0.00014529842883348465,,,,,
hepatitis_survival_prediction,6,0,19,60,RandomFuzzyRules__max_literal_repetitions__1,103,52,19,32,0.8076923076923077,0.6784922394678492,0.7804878048780488,0.38537374425531756,0.015362728387117386,0.00014600809663534164,,,,,
hepatitis_survival_prediction,6,0,19,60,RandomFuzzyRules__max_literal_repetitions__2,103,52,19,32,0.7692307692307693,0.5543237250554324,0.7472283813747229,0.150512953502523,0.015508187003433704,0.00014535896480083466,,,,,
hepatitis_survival_prediction,6,0,19,60,RandomFuzzyRules__max_literal_repetitions__3,103,52,19,32,0.7692307692307693,0.5543237250554324,0.40465631929046564,0.150512953502523,0.015381108969449997,0.00014027860015630722,,,,,
hepatitis_survival_prediction,6,1,20,60,RandomFuzzyRules__max_literal_repetitions__1,103,52,19,32,0.8269230769230769,0.6574279379157428,0.7937915742793791,0.40248113813069764,0.01521219965070486,0.0001398976892232895,,,,,
hepatitis_survival_prediction,6,1,20,60,RandomFuzzyRules__max_literal_repetitions__2,103,52,19,32,0.7884615384615384,0.5997782705099779,0.6962305986696231,0.25509367909692104,0.015180851332843304,0.000141889788210392,,,,,
hepatitis_survival_prediction,6,1,20,60,RandomFuzzyRules__max_literal_repetitions__3,103,52,19,32,0.7884615384615384,0.5665188470066519,0.7073170731707318,0.2038977179351388,0.015274910256266594,0.0001407880336046219,,,,,
hepatitis_survival_prediction,6,2,21,60,RandomFuzzyRules__max_literal_repetitions__1,104,51,19,32,0.8627450980392157,0.7634146341463415,0.8060975609756098,0.548675948231055,0.015269128605723381,0.00014431867748498917,,,,,
hepatitis_survival_prediction,6,2,21,60,RandomFuzzyRules__max_literal_repetitions__2,104,51,19,32,0.8235294117647058,0.6634146341463415,0.8780487804878049,0.37708348463845026,0.015615926124155521,0.00014476757496595383,,,,,
hepatitis_survival_prediction,6,2,21,60,RandomFuzzyRules__max_literal_repetitions__3,104,51,19,32,0.803921568627451,0.6134146341463415,0.8951219512195122,0.279517586746904,0.015435107983648777,0.0001454278826713562,,,,,
hepatitis_survival_prediction,7,0,22,60,RandomFuzzyRules__max_literal_repetitions__1,103,52,19,32,0.8461538461538461,0.7694013303769401,0.8447893569844789,0.5388026607538803,0.015375797636806965,0.00014928914606571198,,,,,
hepatitis_survival_prediction,7,0,22,60,RandomFuzzyRules__max_literal_repetitions__2,103,52,19,32,0.7884615384615384,0.5665188470066519,0.8470066518847007,0.2038977179351388,0.01544662844389677,0.00014910753816366196,,,,,
hepatitis_survival_prediction,7,0,22,60,RandomFuzzyRules__max_literal_repetitions__3,103,52,19,32,0.8653846153846154,0.6818181818181819,0.8425720620842572,0.5573204290227127,0.015329228714108467,0.0001290794461965561,,,,,
hepatitis_survival_prediction,7,1,23,60,RandomFuzzyRules__max_literal_repetitions__1,103,52,19,32,0.8269230769230769,0.6574279379157428,0.7516629711751663,0.40248113813069764,0.015533696860074997,0.000144127756357193,,,,,
hepatitis_survival_prediction,7,1,23,60,RandomFuzzyRules__max_literal_repetitions__2,103,52,19,32,0.8269230769230769,0.6906873614190687,0.811529933481153,0.4316868746562183,0.015210920944809914,0.0001446390524506569,,,,,
hepatitis_survival_prediction,7,1,23,60,RandomFuzzyRules__max_literal_repetitions__3,103,52,19,32,0.8461538461538461,0.7694013303769401,0.7849223946784922,0.5388026607538803,0.015390368178486824,0.0001402776688337326,,,,,
hepatitis_survival_prediction,7,2,24,60,RandomFuzzyRules__max_literal_repetitions__1,104,51,19,32,0.803921568627451,0.5756097560975609,0.8097560975609757,0.22331651228714236,0.015365278348326683,0.00014067906886339188,,,,,
hepatitis_survival_prediction,7,2,24,60,RandomFuzzyRules__max_literal_repetitions__2,104,51,19,32,0.803921568627451,0.5756097560975609,0.4609756097560975,0.22331651228714236,0.015243600122630596,0.00014363881200551987,,,,,
hepatitis_survival_prediction,7,2,24,60,RandomFuzzyRules__max_literal_repetitions__3,104,51,19,32,0.803921568627451,0.5756097560975609,0.6963414634146341,0.22331651228714236,0.015554226003587246,0.00014195870608091354,,,,,
hepatitis_survival_prediction,8,0,25,60,RandomFuzzyRules__max_literal_repetitions__1,103,52,19,32,0.7692307692307693,0.5543237250554324,0.4878048780487805,0.150512953502523,0.015086072497069836,0.0001412583515048027,,,,,
hepatitis_survival_prediction,8,0,25,60,RandomFuzzyRules__max_literal_repetitions__2,103,52,19,32,0.7692307692307693,0.5543237250554324,0.4878048780487805,0.150512953502523,0.015157870948314667,0.0001363484188914299,,,,,
hepatitis_survival_prediction,8,0,25,60,RandomFuzzyRules__max_literal_repetitions__3,103,52,19,32,0.7692307692307693,0.5543237250554324,0.4878048780487805,0.150512953502523,0.015479807741940022,0.00013804901391267776,,,,,
hepatitis_survival_prediction,8,1,26,60,RandomFuzzyRules__max_literal_repetitions__1,103,52,19,32,0.75,0.5421286031042128,0.721729490022173,0.10770622006314444,0.015174801461398602,0.00014937855303287506,,,,,
hepatitis_survival_prediction,8,1,26,60,RandomFuzzyRules__max_literal_repetitions__2,103,52,19,32,0.7307692307692307,0.49667405764966743,0.7893569844789357,-0.009215078785868755,0.01539209857583046,0.00014284811913967133,,,,,
hepatitis_survival_prediction,8,1,26,60,RandomFuzzyRules__max_literal_repetitions__3,103,52,19,32,0.7115384615384616,0.5177383592017738,0.6807095343680709,0.04015691857267147,0.01529207918792963,0.00014325883239507675,,,,,
hepatitis_survival_prediction,8,2,27,60,RandomFuzzyRules__max_literal_repetitions__1,104,51,19,32,0.803921568627451,0.6890243902439024,0.7780487804878049,0.3780487804878049,0.01502696331590414,0.00014177802950143814,,,,,
hepatitis_survival_prediction,8,2,27,60,RandomFuzzyRules__max_literal_repetitions__2,104,51,19,32,0.7647058823529411,0.5890243902439024,0.55,0.19438005938685599,0.015327299013733864,0.00014068745076656342,,,,,
hepatitis_survival_prediction,8,2,27,60,RandomFuzzyRules__max_literal_repetitions__3,104,51,19,32,0.6666666666666666,0.4902439024390244,0.4731707317073171,-0.018835264373920444,0.015571116469800472,0.00013974960893392563,,,,,
hepatitis_survival_prediction,9,0,28,60,RandomFuzzyRules__max_literal_repetitions__1,103,52,19,32,0.7884615384615384,0.5665188470066519,0.7394678492239468,0.2038977179351388,0.015112711116671562,0.00014172866940498352,,,,,
hepatitis_survival_prediction,9,0,28,60,RandomFuzzyRules__max_literal_repetitions__2,103,52,19,32,0.8269230769230769,0.5909090909090909,0.853658536585366,0.3861229196653691,0.015334798954427242,0.00013899803161621094,,,,,
hepatitis_survival_prediction,9,0,28,60,RandomFuzzyRules__max_literal_repetitions__3,103,52,19,32,0.8461538461538461,0.6363636363636364,0.738359201773836,0.47770322487661093,0.015641004778444767,0.0001444593071937561,,,,,
hepatitis_survival_prediction,9,1,29,60,RandomFuzzyRules__max_literal_repetitions__1,103,52,19,32,0.7884615384615384,0.6330376940133038,0.8004434589800442,0.30117688929503605,0.014784375205636024,0.00014302972704172134,,,,,
hepatitis_survival_prediction,9,1,29,60,RandomFuzzyRules__max_literal_repetitions__2,103,52,19,32,0.7884615384615384,0.6330376940133038,0.6330376940133038,0.30117688929503605,0.015562525950372219,0.00014124903827905655,,,,,
hepatitis_survival_prediction,9,1,29,60,RandomFuzzyRules__max_literal_repetitions__3,103,52,19,32,0.7884615384615384,0.6330376940133038,0.6330376940133038,0.30117688929503605,0.015809333883225918,0.00014605838805437088,,,,,
hepatitis_survival_prediction,9,2,30,60,RandomFuzzyRules__max_literal_repetitions__1,104,51,19,32,0.803921568627451,0.6134146341463415,0.602439024390244,0.279517586746904,0.015382958576083183,0.0001426488161087036,,,,,
hepatitis_survival_prediction,9,2,30,60,RandomFuzzyRules__max_literal_repetitions__2,104,51,19,32,0.7843137254901961,0.4878048780487805,0.55,-0.06984302957695783,0.015298410318791866,0.0001390082761645317,,,,,
hepatitis_survival_prediction,9,2,30,60,RandomFuzzyRules__max_literal_repetitions__3,104,51,19,32,0.7647058823529411,0.47560975609756095,0.39756097560975606,-0.09977575653851117,0.015379369258880615,0.0001379195600748062,,,,,
hepatitis_survival_prediction,10,0,31,60,RandomFuzzyRules__max_literal_repetitions__1,103,52,19,32,0.7884615384615384,0.5332594235033259,0.7250554323725056,0.14126448280440332,0.015068922191858292,0.00014085881412029266,,,,,
hepatitis_survival_prediction,10,0,31,60,RandomFuzzyRules__max_literal_repetitions__2,103,52,19,32,0.7884615384615384,0.5332594235033259,0.7361419068736142,0.14126448280440332,0.015326139517128468,0.00014130864292383194,,,,,
hepatitis_survival_prediction,10,0,31,60,RandomFuzzyRules__max_literal_repetitions__3,103,52,19,32,0.7884615384615384,0.5332594235033259,0.458980044345898,0.14126448280440332,0.015437817201018333,0.00014334917068481445,,,,,
hepatitis_survival_prediction,10,1,32,60,RandomFuzzyRules__max_literal_repetitions__1,103,52,19,32,0.8269230769230769,0.7239467849223946,0.8048780487804877,0.4641287308819752,0.01501076202839613,0.00014292821288108826,,,,,
hepatitis_survival_prediction,10,1,32,60,RandomFuzzyRules__max_literal_repetitions__2,103,52,19,32,0.8269230769230769,0.7239467849223946,0.8048780487804877,0.4641287308819752,0.015050921589136124,0.00013826973736286163,,,,,
hepatitis_survival_prediction,10,1,32,60,RandomFuzzyRules__max_literal_repetitions__3,103,52,19,32,0.8076923076923077,0.5787139689578714,0.5997782705099779,0.2757473899694258,0.015340758487582207,0.00014177709817886353,,,,,
hepatitis_survival_prediction,10,2,33,60,RandomFuzzyRules__max_literal_repetitions__1,104,51,19,32,0.6862745098039216,0.6914634146341463,0.7646341463414634,0.3113951752250226,0.015215939842164516,0.00014452915638685226,,,,,
hepatitis_survival_prediction,10,2,33,60,RandomFuzzyRules__max_literal_repetitions__2,104,51,19,32,0.803921568627451,0.651219512195122,0.7146341463414634,0.33017982690370057,0.015372507274150848,0.0001462884247303009,,,,,
hepatitis_survival_prediction,10,2,33,60,RandomFuzzyRules__max_literal_repetitions__3,104,51,19,32,0.7843137254901961,0.6012195121951219,0.675609756097561,0.2335666360073983,0.015384028665721416,0.0001420583575963974,,,,,
hepatitis_survival_prediction,11,0,34,60,RandomFuzzyRules__max_literal_repetitions__1,103,52,19,32,0.7307692307692307,0.5964523281596452,0.728381374722838,0.19290465631929046,0.01505536213517189,0.00013187900185585022,,,,,
hepatitis_survival_prediction,11,0,34,60,RandomFuzzyRules__max_literal_repetitions__2,103,52,19,32,0.7884615384615384,0.6330376940133038,0.7594235033259422,0.30117688929503605,0.015535007230937481,0.0001444593071937561,,,,,
hepatitis_survival_prediction,11,0,34,60,RandomFuzzyRules__max_literal_repetitions__3,103,52,19,32,0.7692307692307693,0.6208425720620843,0.6419068736141907,0.26090520573807213,0.015609175898134708,0.00013958755880594254,,,,,
hepatitis_survival_prediction,11,1,35,60,RandomFuzzyRules__max_literal_repetitions__1,103,52,19,32,0.8269230769230769,0.6574279379157428,0.516629711751663,0.40248113813069764,0.014501308090984821,0.00014044903218746185,,,,,
hepatitis_survival_prediction,11,1,35,60,RandomFuzzyRules__max_literal_repetitions__2,103,52,19,32,0.8269230769230769,0.6574279379157428,0.70509977827051,0.40248113813069764,0.014976372942328453,0.00013733841478824615,,,,,
hepatitis_survival_prediction,11,1,35,60,RandomFuzzyRules__max_literal_repetitions__3,103,52,19,32,0.8269230769230769,0.6241685144124168,0.7117516629711752,0.3806090734789258,0.015424428507685661,0.0001458786427974701,,,,,
hepatitis_survival_prediction,11,2,36,60,RandomFuzzyRules__max_literal_repetitions__1,104,51,19,32,0.8431372549019608,0.751219512195122,0.6158536585365854,0.5024390243902439,0.015594505704939365,0.00013410858809947968,,,,,
hepatitis_survival_prediction,11,2,36,60,RandomFuzzyRules__max_literal_repetitions__2,104,51,19,32,0.8823529411764706,0.7,0.5439024390243903,0.590708193791796,0.015246429480612278,0.0001414390280842781,,,,,
hepatitis_survival_prediction,11,2,36,60,RandomFuzzyRules__max_literal_repetitions__3,104,51,19,32,0.8235294117647058,0.6634146341463415,0.651219512195122,0.37708348463845026,0.01544048823416233,0.00014130771160125732,,,,,
hepatitis_survival_prediction,12,0,37,60,RandomFuzzyRules__max_literal_repetitions__1,103,52,19,32,0.8076923076923077,0.6119733924611973,0.3946784922394679,0.31024098579091475,0.015229100361466408,0.00014330819249153137,,,,,
hepatitis_survival_prediction,12,0,37,60,RandomFuzzyRules__max_literal_repetitions__2,103,52,19,32,0.8076923076923077,0.6119733924611973,0.7361419068736142,0.31024098579091475,0.015222669579088688,0.00013917777687311172,,,,,
hepatitis_survival_prediction,12,0,37,60,RandomFuzzyRules__max_literal_repetitions__3,103,52,19,32,0.7692307692307693,0.5210643015521064,0.3702882483370288,0.07379155506224071,0.01555317547172308,0.00014127977192401886,,,,,
hepatitis_survival_prediction,12,1,38,60,RandomFuzzyRules__max_literal_repetitions__1,103,52,19,32,0.7692307692307693,0.5875831485587584,0.5764966740576496,0.20959626702331163,0.015071112662553787,0.00014272890985012054,,,,,
hepatitis_survival_prediction,12,1,38,60,RandomFuzzyRules__max_literal_repetitions__2,103,52,19,32,0.7692307692307693,0.5875831485587584,0.5764966740576496,0.20959626702331163,0.015403348952531815,0.00014159921556711197,,,,,
hepatitis_survival_prediction,12,1,38,60,RandomFuzzyRules__max_literal_repetitions__3,103,52,19,32,0.7692307692307693,0.5875831485587584,0.5764966740576496,0.20959626702331163,0.015554086305201054,0.00013008899986743927,,,,,
hepatitis_survival_prediction,12,2,39,60,RandomFuzzyRules__max_literal_repetitions__1,104,51,19,32,0.7647058823529411,0.6268292682926829,0.7097560975609756,0.25365853658536586,0.01542286854237318,0.0001439182087779045,,,,,
hepatitis_survival_prediction,12,2,39,60,RandomFuzzyRules__max_literal_repetitions__2,104,51,19,32,0.6862745098039216,0.5024390243902439,0.5487804878048781,0.004878048780487805,0.015491276979446411,0.00015269871801137924,,,,,
hepatitis_survival_prediction,12,2,39,60,RandomFuzzyRules__max_literal_repetitions__3,104,51,19,32,0.7647058823529411,0.5890243902439024,0.7646341463414634,0.19438005938685599,0.015294520184397697,0.0001439172774553299,,,,,
hepatitis_survival_prediction,13,0,40,60,RandomFuzzyRules__max_literal_repetitions__1,103,52,19,32,0.8076923076923077,0.7117516629711751,0.7494456762749445,0.42350332594235035,0.01546727865934372,0.00014650821685791016,,,,,
hepatitis_survival_prediction,13,0,40,60,RandomFuzzyRules__max_literal_repetitions__2,103,52,19,32,0.8269230769230769,0.6574279379157428,0.6685144124168514,0.40248113813069764,0.01558898575603962,0.00014769937843084335,,,,,
hepatitis_survival_prediction,13,0,40,60,RandomFuzzyRules__max_literal_repetitions__3,103,52,19,32,0.8653846153846154,0.7483370288248337,0.7583148558758315,0.5621968600174005,0.015422147698700428,0.0001406986266374588,,,,,
hepatitis_survival_prediction,13,1,41,60,RandomFuzzyRules__max_literal_repetitions__1,103,52,19,32,0.7692307692307693,0.7206208425720622,0.7638580931263859,0.3977574419180947,0.01500733196735382,0.00014757923781871796,,,,,
hepatitis_survival_prediction,13,1,41,60,RandomFuzzyRules__max_literal_repetitions__2,103,52,19,32,0.75,0.5753880266075388,0.7616407982261642,0.17066690393385375,0.015400499105453491,0.00013941805809736252,,,,,
hepatitis_survival_prediction,13,1,41,60,RandomFuzzyRules__max_literal_repetitions__3,103,52,19,32,0.8461538461538461,0.6696230598669624,0.8414634146341463,0.4699690180793065,0.015292230062186718,0.000141998752951622,,,,,
hepatitis_survival_prediction,13,2,42,60,RandomFuzzyRules__max_literal_repetitions__1,104,51,19,32,0.7058823529411765,0.552439024390244,0.6304878048780488,0.10123954600982238,0.015218819491565228,0.00015201792120933533,,,,,
hepatitis_survival_prediction,13,2,42,60,RandomFuzzyRules__max_literal_repetitions__2,104,51,19,32,0.7450980392156863,0.6146341463414634,0.6207317073170732,0.2213143563935652,0.015712104737758636,0.00014317966997623444,,,,,
hepatitis_survival_prediction,13,2,42,60,RandomFuzzyRules__max_literal_repetitions__3,104,51,19,32,0.7450980392156863,0.6146341463414634,0.5390243902439025,0.2213143563935652,0.015418107621371746,0.0001412276178598404,,,,,
hepatitis_survival_prediction,14,0,43,60,RandomFuzzyRules__max_literal_repetitions__1,103,52,19,32,0.8076923076923077,0.7450110864745011,0.7095343680709535,0.4621681606529813,0.015526587143540382,0.00014456827193498611,,,,,
hepatitis_survival_prediction,14,0,43,60,RandomFuzzyRules__max_literal_repetitions__2,103,52,19,32,0.8269230769230769,0.6906873614190687,0.7583148558758315,0.4316868746562183,0.015577996149659157,0.00014202948659658432,,,,,
hepatitis_survival_prediction,14,0,43,60,RandomFuzzyRules__max_literal_repetitions__3,103,52,19,32,0.7884615384615384,0.6330376940133038,0.6796008869179602,0.30117688929503605,0.015220720320940018,0.00014030933380126953,,,,,
hepatitis_survival_prediction,14,1,44,60,RandomFuzzyRules__max_literal_repetitions__1,103,52,19,32,0.8269230769230769,0.7239467849223946,0.7228381374722838,0.4641287308819752,0.015095142647624016,0.00014181900769472122,,,,,
hepatitis_survival_prediction,14,1,44,60,RandomFuzzyRules__max_literal_repetitions__2,103,52,19,32,0.8076923076923077,0.6452328159645233,0.8758314855875832,0.34755836683612434,0.015668164938688278,0.0001436891034245491,,,,,
hepatitis_survival_prediction,14,1,44,60,RandomFuzzyRules__max_literal_repetitions__3,103,52,19,32,0.8269230769230769,0.6574279379157428,0.7150776053215078,0.40248113813069764,0.015999002382159233,0.00015148799866437912,,,,,
hepatitis_survival_prediction,14,2,45,60,RandomFuzzyRules__max_literal_repetitions__1,104,51,19,32,0.8627450980392157,0.725609756097561,0.8597560975609756,0.5206003332695023,0.015474027022719383,0.00014039874076843262,,,,,
hepatitis_survival_prediction,14,2,45,60,RandomFuzzyRules__max_literal_repetitions__2,104,51,19,32,0.7647058823529411,0.6268292682926829,0.576829268292683,0.25365853658536586,0.01561807468533516,0.00014073960483074188,,,,,
hepatitis_survival_prediction,14,2,45,60,RandomFuzzyRules__max_literal_repetitions__3,104,51,19,32,0.7647058823529411,0.6646341463414633,0.6426829268292683,0.308190263106934,0.015833012759685516,0.00013976823538541794,,,,,
hepatitis_survival_prediction,15,0,46,60,RandomFuzzyRules__max_literal_repetitions__1,103,52,19,32,0.7884615384615384,0.6995565410199556,0.7682926829268292,0.3868687190313618,0.015159720554947853,0.00014340784400701523,,,,,
hepatitis_survival_prediction,15,0,46,60,RandomFuzzyRules__max_literal_repetitions__2,103,52,19,32,0.8076923076923077,0.6452328159645233,0.7117516629711751,0.34755836683612434,0.015436558052897453,0.00014392752200365067,,,,,
hepatitis_survival_prediction,15,0,46,60,RandomFuzzyRules__max_literal_repetitions__3,103,52,19,32,0.75,0.508869179600887,0.4778270509977828,0.027186362391351842,0.015763094648718834,0.00014111772179603577,,,,,
hepatitis_survival_prediction,15,1,47,60,RandomFuzzyRules__max_literal_repetitions__1,103,52,19,32,0.7692307692307693,0.5210643015521064,0.6452328159645233,0.07379155506224071,0.015251090750098228,0.00013981852680444717,,,,,
hepatitis_survival_prediction,15,1,47,60,RandomFuzzyRules__max_literal_repetitions__2,103,52,19,32,0.7884615384615384,0.5332594235033259,0.7095343680709535,0.14126448280440332,0.015375768765807152,0.00013827811926603317,,,,,
hepatitis_survival_prediction,15,1,47,60,RandomFuzzyRules__max_literal_repetitions__3,103,52,19,32,0.7884615384615384,0.5332594235033259,0.630820399113082,0.14126448280440332,0.015235980041325092,0.00014111865311861038,,,,,
hepatitis_survival_prediction,15,2,48,60,RandomFuzzyRules__max_literal_repetitions__1,104,51,19,32,0.7843137254901961,0.6768292682926829,0.7439024390243902,0.341389166777308,0.015235000289976597,0.00014360807836055756,,,,,
hepatitis_survival_prediction,15,2,48,60,RandomFuzzyRules__max_literal_repetitions__2,104,51,19,32,0.7843137254901961,0.5634146341463415,0.5585365853658537,0.1693352983467174,0.015306779183447361,0.00014092866331338882,,,,,
hepatitis_survival_prediction,15,2,48,60,RandomFuzzyRules__max_literal_repetitions__3,104,51,19,32,0.7843137254901961,0.5634146341463415,0.5585365853658537,0.1693352983467174,0.015662195160984993,0.00014278851449489594,,,,,
hepatitis_survival_prediction,16,0,49,60,RandomFuzzyRules__max_literal_repetitions__1,103,52,19,32,0.75,0.5421286031042128,0.5399113082039911,0.10770622006314444,0.015469147823750973,0.0001414986327290535,,,,,
hepatitis_survival_prediction,16,0,49,60,RandomFuzzyRules__max_literal_repetitions__2,103,52,19,32,0.75,0.5421286031042128,0.5399113082039911,0.10770622006314444,0.015462626703083515,0.00014167837798595428,,,,,
hepatitis_survival_prediction,16,0,49,60,RandomFuzzyRules__max_literal_repetitions__3,103,52,19,32,0.75,0.5421286031042128,0.5399113082039911,0.10770622006314444,0.015359018929302692,0.00014765746891498566,,,,,
hepatitis_survival_prediction,16,1,50,60,RandomFuzzyRules__max_literal_repetitions__1,103,52,19,32,0.8269230769230769,0.6906873614190687,0.7206208425720622,0.4316868746562183,0.01539135817438364,0.00014334823936223984,,,,,
hepatitis_survival_prediction,16,1,50,60,RandomFuzzyRules__max_literal_repetitions__2,103,52,19,32,0.75,0.6086474501108647,0.7217294900221729,0.2251713644872949,0.015341497957706451,0.00014396850019693375,,,,,
hepatitis_survival_prediction,16,1,50,60,RandomFuzzyRules__max_literal_repetitions__3,103,52,19,32,0.8461538461538461,0.6696230598669624,0.8126385809312638,0.4699690180793065,0.015402168035507202,0.00013803783804178238,,,,,
hepatitis_survival_prediction,16,2,51,60,RandomFuzzyRules__max_literal_repetitions__1,104,51,19,32,0.8627450980392157,0.725609756097561,0.5939024390243902,0.5206003332695023,0.015020822174847126,0.00014021899551153183,,,,,
hepatitis_survival_prediction,16,2,51,60,RandomFuzzyRules__max_literal_repetitions__2,104,51,19,32,0.8627450980392157,0.725609756097561,0.8439024390243902,0.5206003332695023,0.01532575860619545,0.00013875775039196014,,,,,
hepatitis_survival_prediction,16,2,51,60,RandomFuzzyRules__max_literal_repetitions__3,104,51,19,32,0.8431372549019608,0.6756097560975609,0.724390243902439,0.43280142464036747,0.015581975691020489,0.00013976823538541794,,,,,
hepatitis_survival_prediction,17,0,52,60,RandomFuzzyRules__max_literal_repetitions__1,103,52,19,32,0.8461538461538461,0.7694013303769401,0.7949002217294899,0.5388026607538803,0.015401949174702168,0.00014414824545383453,,,,,
hepatitis_survival_prediction,17,0,52,60,RandomFuzzyRules__max_literal_repetitions__2,103,52,19,32,0.8653846153846154,0.8148558758314857,0.8824833702882483,0.6103928678050375,0.015806663781404495,0.0001440988853573799,,,,,
hepatitis_survival_prediction,17,0,52,60,RandomFuzzyRules__max_literal_repetitions__3,103,52,19,32,0.8076923076923077,0.6119733924611973,0.8614190687361418,0.31024098579091475,0.0153204882517457,0.00014363788068294525,,,,,
hepatitis_survival_prediction,17,1,53,60,RandomFuzzyRules__max_literal_repetitions__1,103,52,19,32,0.8076923076923077,0.6119733924611973,0.7682926829268293,0.31024098579091475,0.015042501501739025,0.00014021899551153183,,,,,
hepatitis_survival_prediction,17,1,53,60,RandomFuzzyRules__max_literal_repetitions__2,103,52,19,32,0.7692307692307693,0.5210643015521064,0.5720620842572062,0.07379155506224071,0.01545464713126421,0.00014026928693056107,,,,,
hepatitis_survival_prediction,17,1,53,60,RandomFuzzyRules__max_literal_repetitions__3,103,52,19,32,0.8461538461538461,0.6363636363636364,0.7017738359201774,0.47770322487661093,0.015365099534392357,0.00014024879783391953,,,,,
hepatitis_survival_prediction,17,2,54,60,RandomFuzzyRules__max_literal_repetitions__1,104,51,19,32,0.7843137254901961,0.7146341463414634,0.7878048780487805,0.39107248857498667,0.015118050388991833,0.00013136770576238632,,,,,
hepatitis_survival_prediction,17,2,54,60,RandomFuzzyRules__max_literal_repetitions__2,104,51,19,32,0.7843137254901961,0.7146341463414634,0.7878048780487805,0.39107248857498667,0.01529586873948574,0.00014182832092046738,,,,,
hepatitis_survival_prediction,17,2,54,60,RandomFuzzyRules__max_literal_repetitions__3,104,51,19,32,0.8235294117647058,0.6634146341463415,0.6146341463414634,0.37708348463845026,0.015262260101735592,0.00013928860425949097,,,,,
hepatitis_survival_prediction,18,0,55,60,RandomFuzzyRules__max_literal_repetitions__1,103,52,19,32,0.7884615384615384,0.5332594235033259,0.8226164079822617,0.14126448280440332,0.015295770019292831,0.00014748796820640564,,,,,
hepatitis_survival_prediction,18,0,55,60,RandomFuzzyRules__max_literal_repetitions__2,103,52,19,32,0.8076923076923077,0.6119733924611973,0.7882483370288249,0.31024098579091475,0.01531387958675623,0.00014118850231170654,,,,,
hepatitis_survival_prediction,18,0,55,60,RandomFuzzyRules__max_literal_repetitions__3,103,52,19,32,0.8076923076923077,0.6119733924611973,0.45787139689578715,0.31024098579091475,0.015330979600548744,0.00014453940093517303,,,,,
hepatitis_survival_prediction,18,1,56,60,RandomFuzzyRules__max_literal_repetitions__1,103,52,19,32,0.8269230769230769,0.6574279379157428,0.7594235033259424,0.40248113813069764,0.015150411054491997,0.00014289747923612595,,,,,
hepatitis_survival_prediction,18,1,56,60,RandomFuzzyRules__max_literal_repetitions__2,103,52,19,32,0.75,0.5753880266075388,0.6618625277161863,0.17066690393385375,0.015205910429358482,0.0001430092379450798,,,,,
hepatitis_survival_prediction,18,1,56,60,RandomFuzzyRules__max_literal_repetitions__3,103,52,19,32,0.7307692307692307,0.5964523281596452,0.6740576496674058,0.19290465631929046,0.015444357879459858,0.00014376826584339142,,,,,
hepatitis_survival_prediction,18,2,57,60,RandomFuzzyRules__max_literal_repetitions__1,104,51,19,32,0.7254901960784313,0.45121951219512196,0.7414634146341463,-0.1440751692175112,0.015497277490794659,0.00014249887317419052,,,,,
hepatitis_survival_prediction,18,2,57,60,RandomFuzzyRules__max_literal_repetitions__2,104,51,19,32,0.8431372549019608,0.7134146341463414,0.7524390243902439,0.46597959442054515,0.015447227284312248,0.0001435689628124237,,,,,
hepatitis_survival_prediction,18,2,57,60,RandomFuzzyRules__max_literal_repetitions__3,104,51,19,32,0.8431372549019608,0.6378048780487805,0.7926829268292682,0.40701235303946914,0.015435358509421349,0.00014229770749807358,,,,,
hepatitis_survival_prediction,19,0,58,60,RandomFuzzyRules__max_literal_repetitions__1,103,52,19,32,0.7692307692307693,0.753880266075388,0.7838137472283814,0.44206764352260214,0.015587495639920235,0.00014685746282339096,,,,,
hepatitis_survival_prediction,19,0,58,60,RandomFuzzyRules__max_literal_repetitions__2,103,52,19,32,0.8269230769230769,0.7239467849223946,0.7450110864745011,0.4641287308819752,0.01535708922892809,0.00014650821685791016,,,,,
hepatitis_survival_prediction,19,0,58,60,RandomFuzzyRules__max_literal_repetitions__3,103,52,19,32,0.8076923076923077,0.5787139689578714,0.8026607538802661,0.2757473899694258,0.015292060561478138,0.00014210864901542664,,,,,
hepatitis_survival_prediction,19,1,59,60,RandomFuzzyRules__max_literal_repetitions__1,103,52,19,32,0.7692307692307693,0.5875831485587584,0.6674057649667406,0.20959626702331163,0.015206229873001575,0.00013032928109169006,,,,,
hepatitis_survival_prediction,19,1,59,60,RandomFuzzyRules__max_literal_repetitions__2,103,52,19,32,0.8269230769230769,0.6241685144124168,0.7926829268292682,0.3806090734789258,0.015506158582866192,0.00014032889157533646,,,,,
hepatitis_survival_prediction,19,1,59,60,RandomFuzzyRules__max_literal_repetitions__3,103,52,19,32,0.75,0.6751662971175166,0.6596452328159645,0.32256184896566575,0.015291839838027954,0.00014392752200365067,,,,,
hepatitis_survival_prediction,19,2,60,60,RandomFuzzyRules__max_literal_repetitions__1,104,51,19,32,0.8235294117647058,0.625609756097561,0.7865853658536586,0.3354141486483056,0.015460977330803871,0.00014600809663534164,,,,,
hepatitis_survival_prediction,19,2,60,60,RandomFuzzyRules__max_literal_repetitions__2,104,51,19,32,0.8235294117647058,0.7012195121951219,0.751219512195122,0.4191274604542782,0.015314139425754547,0.0001409389078617096,,,,,
hepatitis_survival_prediction,19,2,60,60,RandomFuzzyRules__max_literal_repetitions__3,104,51,19,32,0.8627450980392157,0.6878048780487804,0.8365853658536585,0.5014929989498939,0.015390128828585148,0.00012920796871185303,,,,,
homeq_default_prediction,0,0,1,9,RandomFuzzyRules__max_literal_repetitions__1,3805,1903,12,18,0.8102995270625328,0.5390363901621364,0.6470669894909654,0.2034157573898464,0.05847144592553377,0.0002408968284726143,,,,,
homeq_default_prediction,0,0,1,9,RandomFuzzyRules__max_literal_repetitions__2,3805,1903,12,18,0.8250131371518655,0.5797170803715239,0.6920942536585029,0.3141877838751283,0.057721284218132496,0.0002566669136285782,,,,,
homeq_default_prediction,0,0,1,9,RandomFuzzyRules__max_literal_repetitions__3,3805,1903,12,18,0.8218602207041513,0.5728268854698024,0.6542615566615276,0.2939766328008969,0.05819519888609648,0.00025010667741298676,,,,,
homeq_default_prediction,0,1,2,9,RandomFuzzyRules__max_literal_repetitions__1,3805,1903,12,18,0.815028901734104,0.5467170059093894,0.6282657151743443,0.23820680882866097,0.058518134988844395,0.00025490764528512955,,,,,
homeq_default_prediction,0,1,2,9,RandomFuzzyRules__max_literal_repetitions__2,3805,1903,12,18,0.8171308460325801,0.5598800843211114,0.6905147389155752,0.2579180034324283,0.05738866701722145,0.0002562468871474266,,,,,
homeq_default_prediction,0,1,2,9,RandomFuzzyRules__max_literal_repetitions__3,3805,1903,12,18,0.8176563321071991,0.5611958737947956,0.6862096969278088,0.2617397449672757,0.059178018011152744,0.0002527274191379547,,,,,
homeq_default_prediction,0,2,3,9,RandomFuzzyRules__max_literal_repetitions__1,3806,1902,12,18,0.8170347003154574,0.5490161836918183,0.6264420084376513,0.25515302015407915,0.061435713432729244,0.0002447972074151039,,,,,
homeq_default_prediction,0,2,3,9,RandomFuzzyRules__max_literal_repetitions__2,3806,1902,12,18,0.8301787592008412,0.5917836641538142,0.6733020955806073,0.3438860750452428,0.05737460684031248,0.00026073679327964783,,,,,
homeq_default_prediction,0,2,3,9,RandomFuzzyRules__max_literal_repetitions__3,3806,1902,12,18,0.825446898002103,0.5829033819766236,0.6591759457777163,0.3156031944403651,0.05877638328820467,0.00024623703211545944,,,,,
homeq_default_prediction,1,0,4,9,RandomFuzzyRules__max_literal_repetitions__1,3805,1903,12,18,0.8160798738833421,0.542650056390783,0.6504142222038276,0.2540369917707613,0.05865346360951662,0.0002534482628107071,,,,,
homeq_default_prediction,1,0,4,9,RandomFuzzyRules__max_literal_repetitions__2,3805,1903,12,18,0.8197582764056752,0.5626584374062309,0.652505164843882,0.27816245983697674,0.05818263813853264,0.00025939662009477615,,,,,
homeq_default_prediction,1,0,4,9,RandomFuzzyRules__max_literal_repetitions__3,3805,1903,12,18,0.8187073042564372,0.5629852280291507,0.6524999913775562,0.27156014073283247,0.0593190873041749,0.0002532070502638817,,,,,
homeq_default_prediction,1,1,5,9,RandomFuzzyRules__max_literal_repetitions__1,3805,1903,12,18,0.8181818181818182,0.5526367626222483,0.658881362960915,0.26311051480516384,0.05905967019498348,0.0002532573416829109,,,,,
homeq_default_prediction,1,1,5,9,RandomFuzzyRules__max_literal_repetitions__2,3805,1903,12,18,0.8250131371518655,0.5924542972664755,0.7057461036043821,0.31810784476142906,0.05815713945776224,0.0002620276063680649,,,,,
homeq_default_prediction,1,1,5,9,RandomFuzzyRules__max_literal_repetitions__3,3805,1903,12,18,0.8239621650026274,0.589822718319107,0.6926262224833258,0.3117546103243351,0.05875080171972513,0.0002512885257601738,,,,,
homeq_default_prediction,1,2,6,9,RandomFuzzyRules__max_literal_repetitions__1,3806,1902,12,18,0.8117770767613038,0.5338837402309979,0.6324763123314199,0.21068066054830162,0.060800809413194656,0.00024285726249217987,,,,,
homeq_default_prediction,1,2,6,9,RandomFuzzyRules__max_literal_repetitions__2,3806,1902,12,18,0.8228180862250263,0.569413514074279,0.6961909537312401,0.29687072532009084,0.057823872193694115,0.00026250723749399185,,,,,
homeq_default_prediction,1,2,6,9,RandomFuzzyRules__max_literal_repetitions__3,3806,1902,12,18,0.8217665615141956,0.5667819351269106,0.6567708693547272,0.28968945312846833,0.05897998996078968,0.00025419704616069794,,,,,
homeq_default_prediction,2,0,7,9,RandomFuzzyRules__max_literal_repetitions__1,3805,1903,12,18,0.8124014713610089,0.5354313463773664,0.6138102234592555,0.22053401411325185,0.059489804320037365,0.0002482673153281212,,,,,
homeq_default_prediction,2,0,7,9,RandomFuzzyRules__max_literal_repetitions__2,3805,1903,12,18,0.8197582764056752,0.5685613624840916,0.690655167775513,0.2802226136304989,0.057867731899023056,0.0002626674249768257,,,,,
homeq_default_prediction,2,0,7,9,RandomFuzzyRules__max_literal_repetitions__3,3805,1903,12,18,0.8187073042564372,0.5669205114143911,0.6727972242628671,0.27351616033566345,0.06211781781166792,0.00025516655296087265,,,,,
homeq_default_prediction,2,1,8,9,RandomFuzzyRules__max_literal_repetitions__1,3805,1903,12,18,0.8239621650026274,0.5651354667035283,0.6919851746898436,0.305517434650508,0.05886884033679962,0.00025827810168266296,,,,,
homeq_default_prediction,2,1,8,9,RandomFuzzyRules__max_literal_repetitions__2,3805,1903,12,18,0.8265895953757225,0.5845517849120503,0.6736729792307427,0.32189547744111,0.058110990561544895,0.00025520753115415573,,,,,
homeq_default_prediction,2,1,8,9,RandomFuzzyRules__max_literal_repetitions__3,3805,1903,12,18,0.8239621650026274,0.5799478176728756,0.6601582748729999,0.3060277509495918,0.05872240290045738,0.0002576075494289398,,,,,
homeq_default_prediction,2,2,9,9,RandomFuzzyRules__max_literal_repetitions__1,3806,1902,12,18,0.8054679284963197,0.5259924614427001,0.6514982018120202,0.15253498318392864,0.05827400740236044,0.0002483474090695381,,,,,
homeq_default_prediction,2,2,9,9,RandomFuzzyRules__max_literal_repetitions__2,3806,1902,12,18,0.8270241850683491,0.5819143785877309,0.6881293657929317,0.3244081668309976,0.057968671433627605,0.00025797635316848755,,,,,
homeq_default_prediction,2,2,9,9,RandomFuzzyRules__max_literal_repetitions__3,3806,1902,12,18,0.8201892744479495,0.5519745487239782,0.7344370288401687,0.28283863333362164,0.05954475421458483,0.0002504177391529083,,,,,
homesite_quote_conversion,0,0,1,9,RandomFuzzyRules__max_literal_repetitions__1,173835,86918,294,591,0.886858878483168,0.6992504792240555,0.6992168344059465,0.5894961146407255,4.777590185403824,0.24557941779494286,,,,,
homesite_quote_conversion,0,0,1,9,RandomFuzzyRules__max_literal_repetitions__2,173835,86918,294,591,0.886858878483168,0.6992504792240555,0.6992168344059465,0.5894961146407255,5.07149204891175,0.24866878520697355,,,,,
homesite_quote_conversion,0,0,1,9,RandomFuzzyRules__max_literal_repetitions__3,173835,86918,294,591,0.8199912561264641,0.5205452189517948,0.5204971849007783,0.17969668373540154,5.2420967584475875,0.2389747267588973,,,,,
homesite_quote_conversion,0,1,2,9,RandomFuzzyRules__max_literal_repetitions__1,173835,86918,294,592,0.8892749488023194,0.706046964461362,0.7060122205652934,0.5996197089963222,4.815373950637877,0.24481753539294004,,,,,
homesite_quote_conversion,0,1,2,9,RandomFuzzyRules__max_literal_repetitions__2,173835,86918,294,592,0.8892749488023194,0.706046964461362,0.7060122205652934,0.5996197089963222,5.210200851783156,0.20889617316424847,,,,,
homesite_quote_conversion,0,1,2,9,RandomFuzzyRules__max_literal_repetitions__3,173835,86918,294,592,0.8196691134172438,0.5194030362840996,0.5193211562793634,0.17635164404191522,5.240683814510703,0.23555455263704062,,,,,
homesite_quote_conversion,0,2,3,9,RandomFuzzyRules__max_literal_repetitions__1,173836,86917,294,590,0.8129134691717386,0.5408747524787083,0.7013550585899302,0.16446749186594686,4.803075923584402,0.24948052503168583,,,,,
homesite_quote_conversion,0,2,3,9,RandomFuzzyRules__max_literal_repetitions__2,173836,86917,294,590,0.8351530770735299,0.5932385884712186,0.6080856511887845,0.3202271160256391,5.165689572691917,0.23497441690415144,,,,,
homesite_quote_conversion,0,2,3,9,RandomFuzzyRules__max_literal_repetitions__3,173836,86917,294,590,0.8208175615817389,0.5224944946318543,0.5225210231872224,0.19011126398764153,5.114863672293723,0.2561598625034094,,,,,
homesite_quote_conversion,1,0,4,9,RandomFuzzyRules__max_literal_repetitions__1,173835,86918,294,591,0.8138130191674912,0.5042831910857114,0.5416696754468833,0.07375555545400224,4.735073536634445,0.22494623251259327,,,,,
homesite_quote_conversion,1,0,4,9,RandomFuzzyRules__max_literal_repetitions__2,173835,86918,294,591,0.820416944706505,0.5214679413816283,0.5214368861302061,0.18528304521511588,5.235718608833849,0.22291141282767057,,,,,
homesite_quote_conversion,1,0,4,9,RandomFuzzyRules__max_literal_repetitions__3,173835,86918,294,591,0.820416944706505,0.5214679413816283,0.5214368861302061,0.18528304521511588,5.091111866757274,0.23827073071151972,,,,,
homesite_quote_conversion,1,1,5,9,RandomFuzzyRules__max_literal_repetitions__1,173835,86918,294,592,0.8876297199659449,0.7015891277157782,0.7015580090393037,0.592646678433823,4.915872668847442,0.2403458273038268,,,,,
homesite_quote_conversion,1,1,5,9,RandomFuzzyRules__max_literal_repetitions__2,173835,86918,294,592,0.8876297199659449,0.7015891277157782,0.7015580090393037,0.592646678433823,5.247410089708865,0.2362455315887928,,,,,
homesite_quote_conversion,1,1,5,9,RandomFuzzyRules__max_literal_repetitions__3,173835,86918,294,592,0.8198531949653697,0.5199882879124814,0.519943831729479,0.17841225711441774,5.212143107317388,0.24344920553267002,,,,,
homesite_quote_conversion,1,2,6,9,RandomFuzzyRules__max_literal_repetitions__1,173836,86917,294,592,0.8881576676599514,0.7026699615156182,0.7026500601032125,0.5950838413879266,4.850994659587741,0.23904258105903864,,,,,
homesite_quote_conversion,1,2,6,9,RandomFuzzyRules__max_literal_repetitions__2,173836,86917,294,592,0.8881576676599514,0.7026699615156182,0.7026500601032125,0.5950838413879266,5.168264490552247,0.1839484004303813,,,,,
homesite_quote_conversion,1,2,6,9,RandomFuzzyRules__max_literal_repetitions__3,173836,86917,294,592,0.8202077844380271,0.520986520072347,0.520958751669977,0.18265011354373284,5.17241823207587,0.23691788222640753,,,,,
homesite_quote_conversion,2,0,7,9,RandomFuzzyRules__max_literal_repetitions__1,173835,86918,294,591,0.8139740905221013,0.5430365965331554,0.7041276081293748,0.17229519854945355,4.836878215894103,0.2403296772390604,,,,,
homesite_quote_conversion,2,0,7,9,RandomFuzzyRules__max_literal_repetitions__2,173835,86918,294,591,0.8199912561264641,0.5203092343157405,0.5202373428878917,0.18021267716305864,5.200331149622798,0.24584632739424706,,,,,
homesite_quote_conversion,2,0,7,9,RandomFuzzyRules__max_literal_repetitions__3,173835,86918,294,591,0.8199912561264641,0.5203092343157405,0.5202373428878917,0.18021267716305864,5.1175679583102465,0.24347845185548067,,,,,
homesite_quote_conversion,2,1,8,9,RandomFuzzyRules__max_literal_repetitions__1,173835,86918,294,593,0.8148024574886675,0.5450330703435264,0.701863454967987,0.17894768122253524,4.797282374463975,0.2376535227522254,,,,,
homesite_quote_conversion,2,1,8,9,RandomFuzzyRules__max_literal_repetitions__2,173835,86918,294,593,0.820244368255137,0.5211021560729626,0.5210097983364842,0.1830142391089375,5.034013522788882,0.23157867696136236,,,,,
homesite_quote_conversion,2,1,8,9,RandomFuzzyRules__max_literal_repetitions__3,173835,86918,294,593,0.820244368255137,0.5211021560729626,0.5210097983364842,0.1830142391089375,5.269259925931692,0.224879277870059,,,,,
homesite_quote_conversion,2,2,9,9,RandomFuzzyRules__max_literal_repetitions__1,173836,86917,294,591,0.8139259293348827,0.5434800767821001,0.7032614519450133,0.17301370961978632,4.8225600477308035,0.2553730346262455,,,,,
homesite_quote_conversion,2,2,9,9,RandomFuzzyRules__max_literal_repetitions__2,173836,86917,294,591,0.820242300125407,0.5210313591782705,0.5210923875408072,0.18316924955249497,5.176267961971462,0.19189901556819677,,,,,
homesite_quote_conversion,2,2,9,9,RandomFuzzyRules__max_literal_repetitions__3,173836,86917,294,591,0.820242300125407,0.5210313591782705,0.5210923875408072,0.18316924955249497,5.161841209977865,0.24309951439499855,,,,,
indian_liver_patient_dataset,0,0,1,60,RandomFuzzyRules__max_literal_repetitions__1,388,195,10,11,0.6923076923076923,0.5335945529290853,0.6600719424460432,0.09608727635764577,0.02227876428514719,0.00013910885900259018,,,,,
indian_liver_patient_dataset,0,0,1,60,RandomFuzzyRules__max_literal_repetitions__2,388,195,10,11,0.7025641025641025,0.5141315519013361,0.6359840698869476,0.057974285243605705,0.02072478085756302,0.00014561880379915237,,,,,
indian_liver_patient_dataset,0,0,1,60,RandomFuzzyRules__max_literal_repetitions__3,388,195,10,11,0.6820512820512821,0.5423946557040082,0.6368833504624871,0.10632610931031408,0.02105629723519087,0.00014505814760923386,,,,,
indian_liver_patient_dataset,0,1,2,60,RandomFuzzyRules__max_literal_repetitions__1,389,194,10,11,0.7061855670103093,0.5069875776397516,0.5615942028985508,0.03996449178172773,0.024992777034640312,0.0001527378335595131,,,,,
indian_liver_patient_dataset,0,1,2,60,RandomFuzzyRules__max_literal_repetitions__2,389,194,10,11,0.7371134020618557,0.5552536231884058,0.5518892339544514,0.23807686497666122,0.023631100542843342,0.00015195924788713455,,,,,
indian_liver_patient_dataset,0,1,2,60,RandomFuzzyRules__max_literal_repetitions__3,389,194,10,11,0.711340206185567,0.5,0.6367753623188407,0.0,0.02327923383563757,0.0001490386202931404,,,,,
indian_liver_patient_dataset,0,2,3,60,RandomFuzzyRules__max_literal_repetitions__1,389,194,10,11,0.7268041237113402,0.5456507521255722,0.5560497056899935,0.17082064631791494,0.024936786852777004,0.00015401747077703476,,,,,
indian_liver_patient_dataset,0,2,3,60,RandomFuzzyRules__max_literal_repetitions__2,389,194,10,11,0.7216494845360825,0.5530412034009157,0.608763897972531,0.16909120359546098,0.022836608812212944,0.00015557929873466492,,,,,
indian_liver_patient_dataset,0,2,3,60,RandomFuzzyRules__max_literal_repetitions__3,389,194,10,11,0.6958762886597938,0.5844996729888816,0.6856769130150425,0.1882709927771936,0.023010016418993473,0.0001508193090558052,,,,,
indian_liver_patient_dataset,1,0,4,60,RandomFuzzyRules__max_literal_repetitions__1,388,195,10,11,0.6871794871794872,0.4926772867420349,0.5088001027749229,-0.031580987872320526,0.024635699577629566,0.00015037786215543747,,,,,
indian_liver_patient_dataset,1,0,4,60,RandomFuzzyRules__max_literal_repetitions__2,388,195,10,11,0.7128205128205128,0.537320143884892,0.6339928057553957,0.13081917726612516,0.023144985549151897,0.00015088729560375214,,,,,
indian_liver_patient_dataset,1,0,4,60,RandomFuzzyRules__max_literal_repetitions__3,388,195,10,11,0.6974358974358974,0.5052029804727647,0.4924845837615621,0.022439122961911955,0.022779949940741062,0.0001508677378296852,,,,,
indian_liver_patient_dataset,1,1,5,60,RandomFuzzyRules__max_literal_repetitions__1,389,194,10,11,0.711340206185567,0.5053053830227743,0.484860248447205,0.04760084732414472,0.024919367395341396,0.00015498977154493332,,,,,
indian_liver_patient_dataset,1,1,5,60,RandomFuzzyRules__max_literal_repetitions__2,389,194,10,11,0.7268041237113402,0.5533126293995859,0.5957556935817806,0.19323362065299665,0.022999596782028675,0.00014961790293455124,,,,,
indian_liver_patient_dataset,1,1,5,60,RandomFuzzyRules__max_literal_repetitions__3,389,194,10,11,0.6907216494845361,0.5703933747412009,0.6887939958592133,0.16410263130129668,0.023149915970861912,0.00015080813318490982,,,,,
indian_liver_patient_dataset,1,2,6,60,RandomFuzzyRules__max_literal_repetitions__1,389,194,10,11,0.7216494845360825,0.5365598430346632,0.638587311968607,0.14249550853164014,0.024950516410171986,0.0001531774178147316,,,,,
indian_liver_patient_dataset,1,2,6,60,RandomFuzzyRules__max_literal_repetitions__2,389,194,10,11,0.7216494845360825,0.5200784826684107,0.5415958142576848,0.11421778305747873,0.02273331955075264,0.00015037786215543747,,,,,
indian_liver_patient_dataset,1,2,6,60,RandomFuzzyRules__max_literal_repetitions__3,389,194,10,11,0.7164948453608248,0.5054937867887508,0.6325703073904513,0.04902582707184533,0.023043086752295494,0.000150337815284729,,,,,
indian_liver_patient_dataset,2,0,7,60,RandomFuzzyRules__max_literal_repetitions__1,388,195,10,11,0.7128205128205128,0.537320143884892,0.6479958890030832,0.13081917726612516,0.02490271721035242,0.00015494786202907562,,,,,
indian_liver_patient_dataset,2,0,7,60,RandomFuzzyRules__max_literal_repetitions__2,388,195,10,11,0.717948717948718,0.524922918807811,0.5507451181911615,0.1212278400608607,0.022769889794290066,0.00014938879758119583,,,,,
indian_liver_patient_dataset,2,0,7,60,RandomFuzzyRules__max_literal_repetitions__3,388,195,10,11,0.717948717948718,0.5089285714285714,0.6617420349434737,0.1131130001812998,0.022715150378644466,0.00014543812721967697,,,,,
indian_liver_patient_dataset,2,1,8,60,RandomFuzzyRules__max_literal_repetitions__1,389,194,10,11,0.6649484536082474,0.515139751552795,0.5353907867494824,0.039640779239732624,0.02447613049298525,0.00015386845916509628,,,,,
indian_liver_patient_dataset,2,1,8,60,RandomFuzzyRules__max_literal_repetitions__2,389,194,10,11,0.6649484536082474,0.515139751552795,0.5353907867494824,0.039640779239732624,0.02253143209964037,0.00015209894627332687,,,,,
indian_liver_patient_dataset,2,1,8,60,RandomFuzzyRules__max_literal_repetitions__3,389,194,10,11,0.6855670103092784,0.5137163561076604,0.5512422360248448,0.04396339374881037,0.02310886699706316,0.0001490684226155281,,,,,
indian_liver_patient_dataset,2,2,9,60,RandomFuzzyRules__max_literal_repetitions__1,389,194,10,11,0.7164948453608248,0.5109875735775016,0.5593198168737737,0.06969694475332538,0.024647099897265434,0.00014470797032117844,,,,,
indian_liver_patient_dataset,2,2,9,60,RandomFuzzyRules__max_literal_repetitions__2,389,194,10,11,0.6804123711340206,0.4858077174623937,0.497841726618705,-0.055315787748418443,0.02264723088592291,0.00014860834926366806,,,,,
indian_liver_patient_dataset,2,2,9,60,RandomFuzzyRules__max_literal_repetitions__3,389,194,10,11,0.6958762886597938,0.5240680183126226,0.6238718116415959,0.07477673307923553,0.023049715906381607,0.00014993920922279358,,,,,
indian_liver_patient_dataset,3,0,10,60,RandomFuzzyRules__max_literal_repetitions__1,388,195,10,11,0.7025641025641025,0.5247944501541624,0.5408530318602262,0.08691256871725354,0.02488507702946663,0.00015514716506004333,,,,,
indian_liver_patient_dataset,3,0,10,60,RandomFuzzyRules__max_literal_repetitions__2,388,195,10,11,0.7230769230769231,0.523188591983556,0.5659044193216856,0.14803319376296717,0.02299498673528433,0.00015079788863658905,,,,,
indian_liver_patient_dataset,3,0,10,60,RandomFuzzyRules__max_literal_repetitions__3,388,195,10,11,0.6974358974358974,0.4998715313463515,0.6461330935251799,-0.0006248857735095912,0.02329374384135008,0.00014926865696907043,,,,,
indian_liver_patient_dataset,3,1,11,60,RandomFuzzyRules__max_literal_repetitions__1,389,194,10,11,0.711340206185567,0.5106107660455487,0.5802277432712216,0.06767114038281365,0.0250164857134223,0.00015676859766244888,,,,,
indian_liver_patient_dataset,3,1,11,60,RandomFuzzyRules__max_literal_repetitions__2,389,194,10,11,0.7061855670103093,0.5016821946169773,0.5875388198757765,0.012355561315961659,0.02272029034793377,0.00014978833496570587,,,,,
indian_liver_patient_dataset,3,1,11,60,RandomFuzzyRules__max_literal_repetitions__3,389,194,10,11,0.7061855670103093,0.5229037267080745,0.6563146997929608,0.08975276110980633,0.02263638097792864,0.00014852825552225113,,,,,
indian_liver_patient_dataset,3,2,12,60,RandomFuzzyRules__max_literal_repetitions__1,389,194,10,11,0.6804123711340206,0.4803139306736429,0.6066710268149118,-0.08436661642288869,0.02477529738098383,0.0001520095393061638,,,,,
indian_liver_patient_dataset,3,2,12,60,RandomFuzzyRules__max_literal_repetitions__2,389,194,10,11,0.7371134020618557,0.547351209941138,0.603139306736429,0.2146586312112164,0.022956227883696556,0.00014970824122428894,,,,,
indian_liver_patient_dataset,3,2,12,60,RandomFuzzyRules__max_literal_repetitions__3,389,194,10,11,0.6907216494845361,0.5863963374754741,0.6903858731196861,0.18749572554713054,0.022876827977597713,0.0001512393355369568,,,,,
indian_liver_patient_dataset,4,0,13,60,RandomFuzzyRules__max_literal_repetitions__1,388,195,10,11,0.7076923076923077,0.507065775950668,0.6596865364850977,0.04045101923310225,0.025038396008312702,0.00015691854059696198,,,,,
indian_liver_patient_dataset,4,0,13,60,RandomFuzzyRules__max_literal_repetitions__2,388,195,10,11,0.717948717948718,0.5355858170606372,0.696813977389517,0.139573541085477,0.022873428650200367,0.0001485385000705719,,,,,
indian_liver_patient_dataset,4,0,13,60,RandomFuzzyRules__max_literal_repetitions__3,388,195,10,11,0.7076923076923077,0.5390544707091469,0.5749614594039054,0.1252759497128042,0.022758149541914463,0.000150337815284729,,,,,
indian_liver_patient_dataset,4,1,14,60,RandomFuzzyRules__max_literal_repetitions__1,389,194,10,11,0.6907216494845361,0.5279503105590062,0.48304865424430643,0.08330298583563843,0.024442091584205627,0.00015082769095897675,,,,,
indian_liver_patient_dataset,4,1,14,60,RandomFuzzyRules__max_literal_repetitions__2,389,194,10,11,0.7164948453608248,0.5195393374741201,0.48913043478260865,0.11175256035260903,0.022000878117978573,0.0001492490991950035,,,,,
indian_liver_patient_dataset,4,1,14,60,RandomFuzzyRules__max_literal_repetitions__3,389,194,10,11,0.6907216494845361,0.5438664596273292,0.5825569358178054,0.11669569162890205,0.022613191045820713,0.00015526916831731796,,,,,
indian_liver_patient_dataset,4,2,15,60,RandomFuzzyRules__max_literal_repetitions__1,389,194,10,11,0.6958762886597938,0.5020928711576194,0.507782864617397,0.008532028980605419,0.02501196600496769,0.00015422794967889786,,,,,
indian_liver_patient_dataset,4,2,15,60,RandomFuzzyRules__max_literal_repetitions__2,389,194,10,11,0.711340206185567,0.5238718116415958,0.6327011118378024,0.09304268446162549,0.022975116968154907,0.00014923885464668274,,,,,
indian_liver_patient_dataset,4,2,15,60,RandomFuzzyRules__max_literal_repetitions__3,389,194,10,11,0.7061855670103093,0.5092871157619359,0.5118378024852845,0.04210155474032144,0.022897008806467056,0.00015015807002782822,,,,,
indian_liver_patient_dataset,5,0,16,60,RandomFuzzyRules__max_literal_repetitions__1,388,195,10,11,0.6871794871794872,0.5033401849948612,0.47783915724563214,0.01211698470971387,0.024815588258206844,0.00015236809849739075,,,,,
indian_liver_patient_dataset,5,0,16,60,RandomFuzzyRules__max_literal_repetitions__2,388,195,10,11,0.7076923076923077,0.507065775950668,0.48047276464542654,0.04045101923310225,0.022760129533708096,0.00015774834901094437,,,,,
indian_liver_patient_dataset,5,0,16,60,RandomFuzzyRules__max_literal_repetitions__3,388,195,10,11,0.7076923076923077,0.5177286742034943,0.599049331963001,0.07645923379614444,0.022710380144417286,0.00014892779290676117,,,,,
indian_liver_patient_dataset,5,1,17,60,RandomFuzzyRules__max_literal_repetitions__1,389,194,10,11,0.711340206185567,0.5212215320910973,0.597373188405797,0.09672501848772892,0.025044506415724754,0.00015491805970668793,,,,,
indian_liver_patient_dataset,5,1,17,60,RandomFuzzyRules__max_literal_repetitions__2,389,194,10,11,0.7061855670103093,0.4963768115942029,0.5181159420289854,-0.04585385103977192,0.02262309193611145,0.00014887936413288116,,,,,
indian_liver_patient_dataset,5,1,17,60,RandomFuzzyRules__max_literal_repetitions__3,389,194,10,11,0.7061855670103093,0.4963768115942029,0.5181159420289854,-0.04585385103977192,0.02275273948907852,0.00015141814947128296,,,,,
indian_liver_patient_dataset,5,2,18,60,RandomFuzzyRules__max_literal_repetitions__1,389,194,10,11,0.6907216494845361,0.4875081752779595,0.43871811641595815,-0.06037745446990509,0.02525280322879553,0.00014982838183641434,,,,,
indian_liver_patient_dataset,5,2,18,60,RandomFuzzyRules__max_literal_repetitions__2,389,194,10,11,0.7010309278350515,0.5001962066710268,0.5121648136036625,0.0009483369812026978,0.022976377978920937,0.00015117786824703217,,,,,
indian_liver_patient_dataset,5,2,18,60,RandomFuzzyRules__max_literal_repetitions__3,389,194,10,11,0.7010309278350515,0.5001962066710268,0.5122302158273382,0.0009483369812026978,0.023226034827530384,0.0001491289585828781,,,,,
indian_liver_patient_dataset,6,0,19,60,RandomFuzzyRules__max_literal_repetitions__1,388,195,10,11,0.7128205128205128,0.537320143884892,0.621210174717369,0.13081917726612516,0.02533786278218031,0.00015272758901119232,,,,,
indian_liver_patient_dataset,6,0,19,60,RandomFuzzyRules__max_literal_repetitions__2,388,195,10,11,0.7230769230769231,0.5338514902363823,0.5381551901336074,0.15443417230533207,0.02268931083381176,0.00018013827502727509,,,,,
indian_liver_patient_dataset,6,0,19,60,RandomFuzzyRules__max_literal_repetitions__3,388,195,10,11,0.7076923076923077,0.5017343268242549,0.65474049331963,0.012751201503148445,0.022933797910809517,0.00015438813716173172,,,,,
indian_liver_patient_dataset,6,1,20,60,RandomFuzzyRules__max_literal_repetitions__1,389,194,10,11,0.7061855670103093,0.4963768115942029,0.5243271221532091,-0.04585385103977192,0.02528875321149826,0.0001510288566350937,,,,,
indian_liver_patient_dataset,6,1,20,60,RandomFuzzyRules__max_literal_repetitions__2,389,194,10,11,0.6958762886597938,0.4997412008281573,0.6040372670807455,-0.001257640780237758,0.022870998829603195,0.00015257857739925385,,,,,
indian_liver_patient_dataset,6,1,20,60,RandomFuzzyRules__max_literal_repetitions__3,389,194,10,11,0.6958762886597938,0.4997412008281573,0.6040372670807455,-0.001257640780237758,0.022949548438191414,0.00014840811491012573,,,,,
indian_liver_patient_dataset,6,2,21,60,RandomFuzzyRules__max_literal_repetitions__1,389,194,10,11,0.6701030927835051,0.48960104643557883,0.5743623283191628,-0.0331510497801212,0.024724949151277542,0.00015496741980314255,,,,,
indian_liver_patient_dataset,6,2,21,60,RandomFuzzyRules__max_literal_repetitions__2,389,194,10,11,0.711340206185567,0.5348593852190975,0.6508175277959449,0.11764306183366999,0.022748151794075966,0.000150289386510849,,,,,
indian_liver_patient_dataset,6,2,21,60,RandomFuzzyRules__max_literal_repetitions__3,389,194,10,11,0.7010309278350515,0.5056899934597776,0.5798561151079137,0.024385035311599055,0.022796379402279854,0.0001533282920718193,,,,,
indian_liver_patient_dataset,7,0,22,60,RandomFuzzyRules__max_literal_repetitions__1,388,195,10,11,0.6871794871794872,0.5353288797533402,0.5850462487153134,0.0956239789379387,0.024752438999712467,0.00015133805572986603,,,,,
indian_liver_patient_dataset,7,0,22,60,RandomFuzzyRules__max_literal_repetitions__2,388,195,10,11,0.7128205128205128,0.5213257965056526,0.4925488180883864,0.09729059811265703,0.0229807673022151,0.0001584487035870552,,,,,
indian_liver_patient_dataset,7,0,22,60,RandomFuzzyRules__max_literal_repetitions__3,388,195,10,11,0.6923076923076923,0.4909429599177801,0.4840056526207605,-0.047458190113045993,0.022781268693506718,0.00015325844287872314,,,,,
indian_liver_patient_dataset,7,1,23,60,RandomFuzzyRules__max_literal_repetitions__1,389,194,10,11,0.654639175257732,0.4919772256728778,0.4649327122153209,-0.022491900585470324,0.02470272872596979,0.0001508183777332306,,,,,
indian_liver_patient_dataset,7,1,23,60,RandomFuzzyRules__max_literal_repetitions__2,389,194,10,11,0.6907216494845361,0.5173395445134575,0.6267468944099379,0.057125661857883814,0.022537182085216045,0.00014819763600826263,,,,,
indian_liver_patient_dataset,7,1,23,60,RandomFuzzyRules__max_literal_repetitions__3,389,194,10,11,0.6907216494845361,0.5226449275362319,0.5910973084886129,0.07073622861688433,0.023212854750454426,0.00015218742191791534,,,,,
indian_liver_patient_dataset,7,2,24,60,RandomFuzzyRules__max_literal_repetitions__1,389,194,10,11,0.7268041237113402,0.5291693917593198,0.7204708960104644,0.15187684403139703,0.024932727217674255,0.00015565846115350723,,,,,
indian_liver_patient_dataset,7,2,24,60,RandomFuzzyRules__max_literal_repetitions__2,389,194,10,11,0.711340206185567,0.5018966644865925,0.5674296926095488,0.013855810722923152,0.022977997548878193,0.00014772824943065643,,,,,
indian_liver_patient_dataset,7,2,24,60,RandomFuzzyRules__max_literal_repetitions__3,389,194,10,11,0.7061855670103093,0.5037933289731851,0.666187050359712,0.0197508003448902,0.022954897955060005,0.0001476481556892395,,,,,
indian_liver_patient_dataset,8,0,25,60,RandomFuzzyRules__max_literal_repetitions__1,388,195,10,11,0.6871794871794872,0.5086716341212744,0.5607656731757451,0.02944763848133566,0.02481180801987648,0.00015020743012428284,,,,,
indian_liver_patient_dataset,8,0,25,60,RandomFuzzyRules__max_literal_repetitions__2,388,195,10,11,0.7384615384615385,0.5553057553956835,0.5447070914696814,0.23851956629884188,0.02329702489078045,0.000148039311170578,,,,,
indian_liver_patient_dataset,8,0,25,60,RandomFuzzyRules__max_literal_repetitions__3,388,195,10,11,0.6923076923076923,0.4856115107913669,0.4283787255909558,-0.09185439169779681,0.023015577346086502,0.00014112796634435654,,,,,
indian_liver_patient_dataset,8,1,26,60,RandomFuzzyRules__max_literal_repetitions__1,389,194,10,11,0.6958762886597938,0.510351966873706,0.5198628364389234,0.04056621971064693,0.024953327141702175,0.00015289802104234695,,,,,
indian_liver_patient_dataset,8,1,26,60,RandomFuzzyRules__max_literal_repetitions__2,389,194,10,11,0.7010309278350515,0.49805900621118016,0.59180900621118,-0.012378867143197619,0.023254713974893093,0.00014787912368774414,,,,,
indian_liver_patient_dataset,8,1,26,60,RandomFuzzyRules__max_literal_repetitions__3,389,194,10,11,0.7010309278350515,0.49805900621118016,0.6086956521739131,-0.012378867143197619,0.02296655811369419,0.00014939717948436737,,,,,
indian_liver_patient_dataset,8,2,27,60,RandomFuzzyRules__max_literal_repetitions__1,389,194,10,11,0.6907216494845361,0.5094833224329627,0.5948986265533027,0.032004210067321105,0.024675710126757622,0.00015077833086252213,,,,,
indian_liver_patient_dataset,8,2,27,60,RandomFuzzyRules__max_literal_repetitions__2,389,194,10,11,0.7061855670103093,0.5037933289731851,0.5852844996729889,0.0197508003448902,0.022739749401807785,0.0001519685611128807,,,,,
indian_liver_patient_dataset,8,2,27,60,RandomFuzzyRules__max_literal_repetitions__3,389,194,10,11,0.6804123711340206,0.5352517985611511,0.5734466971877044,0.08911669037521387,0.02272144053131342,0.000153297558426857,,,,,
indian_liver_patient_dataset,9,0,28,60,RandomFuzzyRules__max_literal_repetitions__1,388,195,10,11,0.7128205128205128,0.5426515930113053,0.6278263103802673,0.14063070661172689,0.024997246451675892,0.00015219766646623611,,,,,
indian_liver_patient_dataset,9,0,28,60,RandomFuzzyRules__max_literal_repetitions__2,388,195,10,11,0.7384615384615385,0.5446428571428571,0.5931397738951696,0.2555768942455097,0.022903447970747948,0.00014981813728809357,,,,,
indian_liver_patient_dataset,9,0,28,60,RandomFuzzyRules__max_literal_repetitions__3,388,195,10,11,0.717948717948718,0.5089285714285714,0.5574254881808839,0.1131130001812998,0.02318134531378746,0.000153418630361557,,,,,
indian_liver_patient_dataset,9,1,29,60,RandomFuzzyRules__max_literal_repetitions__1,389,194,10,11,0.6701030927835051,0.5293737060041408,0.6045548654244307,0.07362744750961053,0.02536927256733179,0.0001545678824186325,,,,,
indian_liver_patient_dataset,9,1,29,60,RandomFuzzyRules__max_literal_repetitions__2,389,194,10,11,0.7061855670103093,0.5282091097308489,0.6129658385093169,0.10224497403483804,0.022892428562045097,0.0001651383936405182,,,,,
indian_liver_patient_dataset,9,1,29,60,RandomFuzzyRules__max_literal_repetitions__3,389,194,10,11,0.6958762886597938,0.510351966873706,0.61620082815735,0.04056621971064693,0.022838287986814976,0.00014955922961235046,,,,,
indian_liver_patient_dataset,9,2,30,60,RandomFuzzyRules__max_literal_repetitions__1,389,194,10,11,0.7164948453608248,0.5,0.5462393721386527,0.0,0.025172363966703415,0.00014222785830497742,,,,,
indian_liver_patient_dataset,9,2,30,60,RandomFuzzyRules__max_literal_repetitions__2,389,194,10,11,0.711340206185567,0.49640287769784175,0.5288423806409418,-0.04527883979119078,0.022768999449908733,0.00015232805162668228,,,,,
indian_liver_patient_dataset,9,2,30,60,RandomFuzzyRules__max_literal_repetitions__3,389,194,10,11,0.7010309278350515,0.4892086330935252,0.5160235448005233,-0.0788347851476662,0.022785630077123642,0.00014179758727550507,,,,,
indian_liver_patient_dataset,10,0,31,60,RandomFuzzyRules__max_literal_repetitions__1,388,195,10,11,0.6974358974358974,0.49454008221993834,0.5404676258992804,-0.03125760577103356,0.025609109550714493,0.00015736930072307587,,,,,
indian_liver_patient_dataset,10,0,31,60,RandomFuzzyRules__max_literal_repetitions__2,388,195,10,11,0.7076923076923077,0.507065775950668,0.5475334018499485,0.04045101923310225,0.02291447762399912,0.0001499885693192482,,,,,
indian_liver_patient_dataset,10,0,31,60,RandomFuzzyRules__max_literal_repetitions__3,388,195,10,11,0.7128205128205128,0.5106628982528263,0.5558196300102776,0.06807066527604586,0.022763749584555626,0.00014895852655172348,,,,,
indian_liver_patient_dataset,10,1,32,60,RandomFuzzyRules__max_literal_repetitions__1,389,194,10,11,0.7010309278350515,0.4927536231884058,0.5534420289855073,-0.0650157914671245,0.024653589352965355,0.00015531852841377258,,,,,
indian_liver_patient_dataset,10,1,32,60,RandomFuzzyRules__max_literal_repetitions__2,389,194,10,11,0.6958762886597938,0.4997412008281573,0.536231884057971,-0.001257640780237758,0.023296574130654335,0.00014933757483959198,,,,,
indian_liver_patient_dataset,10,1,32,60,RandomFuzzyRules__max_literal_repetitions__3,389,194,10,11,0.6907216494845361,0.5385610766045549,0.6442805383022774,0.10614086472636328,0.023009706288576126,0.0001506684347987175,,,,,
indian_liver_patient_dataset,10,2,33,60,RandomFuzzyRules__max_literal_repetitions__1,389,194,10,11,0.7164948453608248,0.5,0.5224983649444082,0.0,0.025062154978513718,0.00016278773546218872,,,,,
indian_liver_patient_dataset,10,2,33,60,RandomFuzzyRules__max_literal_repetitions__2,389,194,10,11,0.7164948453608248,0.5,0.574493132766514,0.0,0.023370813578367233,0.00015266891568899155,,,,,
indian_liver_patient_dataset,10,2,33,60,RandomFuzzyRules__max_literal_repetitions__3,389,194,10,11,0.711340206185567,0.5293655984303466,0.5510791366906475,0.10586359366387582,0.02305476740002632,0.0001527378335595131,,,,,
indian_liver_patient_dataset,11,0,34,60,RandomFuzzyRules__max_literal_repetitions__1,388,195,10,11,0.7025641025641025,0.49280575539568344,0.5520298047276465,-0.06461345388717683,0.02516599465161562,0.00015330780297517776,,,,,
indian_liver_patient_dataset,11,0,34,60,RandomFuzzyRules__max_literal_repetitions__2,388,195,10,11,0.6974358974358974,0.515865878725591,0.6685508735868448,0.05755567737114089,0.022774609737098217,0.00014845840632915497,,,,,
indian_liver_patient_dataset,11,0,34,60,RandomFuzzyRules__max_literal_repetitions__3,388,195,10,11,0.717948717948718,0.5195914696813977,0.6463257965056526,0.11215964423723807,0.02315521612763405,0.00015197787433862686,,,,,
indian_liver_patient_dataset,11,1,35,60,RandomFuzzyRules__max_literal_repetitions__1,389,194,10,11,0.6958762886597938,0.5368788819875776,0.5786749482401657,0.10757431765709008,0.025144745595753193,0.00015278812497854233,,,,,
indian_liver_patient_dataset,11,1,35,60,RandomFuzzyRules__max_literal_repetitions__2,389,194,10,11,0.6855670103092784,0.5561594202898551,0.6162655279503105,0.13546161857841554,0.02316238544881344,0.0001536589115858078,,,,,
indian_liver_patient_dataset,11,1,35,60,RandomFuzzyRules__max_literal_repetitions__3,389,194,10,11,0.6907216494845361,0.5916149068322981,0.7096273291925466,0.19827032974943515,0.023261635564267635,0.00015487801283597946,,,,,
indian_liver_patient_dataset,11,2,36,60,RandomFuzzyRules__max_literal_repetitions__1,389,194,10,11,0.711340206185567,0.5403531720078483,0.6357096141268803,0.12864275292034452,0.025173733942210674,0.00015496928244829178,,,,,
indian_liver_patient_dataset,11,2,36,60,RandomFuzzyRules__max_literal_repetitions__2,389,194,10,11,0.7164948453608248,0.5219751471550033,0.5938521909744932,0.09962058023061976,0.023124385625123978,0.0001475885510444641,,,,,
indian_liver_patient_dataset,11,2,36,60,RandomFuzzyRules__max_literal_repetitions__3,389,194,10,11,0.711340206185567,0.5073904512753433,0.628646173969915,0.04204107324265504,0.023014976643025875,0.0001492481678724289,,,,,
indian_liver_patient_dataset,12,0,37,60,RandomFuzzyRules__max_literal_repetitions__1,388,195,10,11,0.6974358974358974,0.515865878725591,0.5711716341212744,0.05755567737114089,0.024973477236926556,0.00015332922339439392,,,,,
indian_liver_patient_dataset,12,0,37,60,RandomFuzzyRules__max_literal_repetitions__2,388,195,10,11,0.7128205128205128,0.531988694758479,0.6004624871531345,0.12045137478780332,0.022979997098445892,0.00015229824930429459,,,,,
indian_liver_patient_dataset,12,0,37,60,RandomFuzzyRules__max_literal_repetitions__3,388,195,10,11,0.6974358974358974,0.515865878725591,0.5435508735868448,0.05755567737114089,0.02280372940003872,0.00014240853488445282,,,,,
indian_liver_patient_dataset,12,1,38,60,RandomFuzzyRules__max_literal_repetitions__1,389,194,10,11,0.6752577319587629,0.5117753623188406,0.6728778467908902,0.03434829090103578,0.024946856312453747,0.00015342887490987778,,,,,
indian_liver_patient_dataset,12,1,38,60,RandomFuzzyRules__max_literal_repetitions__2,389,194,10,11,0.7061855670103093,0.5122929606625258,0.5261387163561076,0.0597379370612935,0.023339794017374516,0.00015010777860879898,,,,,
indian_liver_patient_dataset,12,1,38,60,RandomFuzzyRules__max_literal_repetitions__3,389,194,10,11,0.7010309278350515,0.5086697722567287,0.6061076604554865,0.03951570877242584,0.02295743767172098,0.00015094876289367676,,,,,
indian_liver_patient_dataset,12,2,39,60,RandomFuzzyRules__max_literal_repetitions__1,389,194,10,11,0.7010309278350515,0.5001962066710268,0.531458469587966,0.0009483369812026978,0.024784168228507042,0.00015289802104234695,,,,,
indian_liver_patient_dataset,12,2,39,60,RandomFuzzyRules__max_literal_repetitions__2,389,194,10,11,0.711340206185567,0.5458469587965991,0.684761281883584,0.1390379795928895,0.02295877691358328,0.0001501990482211113,,,,,
indian_liver_patient_dataset,12,2,39,60,RandomFuzzyRules__max_literal_repetitions__3,389,194,10,11,0.6958762886597938,0.5350555918901243,0.6656638325703075,0.09965531837538988,0.022703670896589756,0.0001508183777332306,,,,,
indian_liver_patient_dataset,13,0,40,60,RandomFuzzyRules__max_literal_repetitions__1,388,195,10,11,0.6666666666666666,0.5102774922918808,0.49537512846865367,0.0278178847819458,0.025012466125190258,0.00015034805983304977,,,,,
indian_liver_patient_dataset,13,0,40,60,RandomFuzzyRules__max_literal_repetitions__2,388,195,10,11,0.7128205128205128,0.5266572456320657,0.4735354573484071,0.10936058352771076,0.02283242903649807,0.00013786833733320236,,,,,
indian_liver_patient_dataset,13,0,40,60,RandomFuzzyRules__max_literal_repetitions__3,388,195,10,11,0.6923076923076923,0.522931654676259,0.4540082219938335,0.07168757948028136,0.023181245662271976,0.0001530684530735016,,,,,
indian_liver_patient_dataset,13,1,41,60,RandomFuzzyRules__max_literal_repetitions__1,389,194,10,11,0.711340206185567,0.5106107660455487,0.588768115942029,0.06767114038281365,0.02495841681957245,0.00015026889741420746,,,,,
indian_liver_patient_dataset,13,1,41,60,RandomFuzzyRules__max_literal_repetitions__2,389,194,10,11,0.7164948453608248,0.5195393374741201,0.5107401656314701,0.11175256035260903,0.02304072678089142,0.00014720764011144638,,,,,
indian_liver_patient_dataset,13,1,41,60,RandomFuzzyRules__max_literal_repetitions__3,389,194,10,11,0.711340206185567,0.515916149068323,0.6845238095238095,0.08331956628274736,0.022545752115547657,0.00014687888324260712,,,,,
indian_liver_patient_dataset,13,2,42,60,RandomFuzzyRules__max_literal_repetitions__1,389,194,10,11,0.7061855670103093,0.4982995421844343,0.5896664486592544,-0.010786431926109882,0.024673419073224068,0.0001429188996553421,,,,,
indian_liver_patient_dataset,13,2,42,60,RandomFuzzyRules__max_literal_repetitions__2,389,194,10,11,0.7061855670103093,0.53675604970569,0.655461085676913,0.11419707606122383,0.022758349776268005,0.00015257764607667923,,,,,
indian_liver_patient_dataset,13,2,42,60,RandomFuzzyRules__max_literal_repetitions__3,389,194,10,11,0.7010309278350515,0.5276651406147809,0.5072596468279922,0.0881943022452281,0.022807808592915535,0.00020440854132175446,,,,,
indian_liver_patient_dataset,14,0,43,60,RandomFuzzyRules__max_literal_repetitions__1,388,195,10,11,0.7076923076923077,0.5337230215827338,0.5525436793422405,0.11451859409408312,0.024853757582604885,0.00015363842248916626,,,,,
indian_liver_patient_dataset,14,0,43,60,RandomFuzzyRules__max_literal_repetitions__2,388,195,10,11,0.7128205128205128,0.5159943473792394,0.5725205549845838,0.0838091442421876,0.023126335814595222,0.0001602480188012123,,,,,
indian_liver_patient_dataset,14,0,43,60,RandomFuzzyRules__max_literal_repetitions__3,388,195,10,11,0.7025641025641025,0.5088001027749229,0.5407245632065776,0.04014702391998196,0.023012987338006496,0.00015186890959739685,,,,,
indian_liver_patient_dataset,14,1,44,60,RandomFuzzyRules__max_literal_repetitions__1,389,194,10,11,0.7061855670103093,0.5388198757763976,0.5666407867494824,0.12442469928908596,0.025027395226061344,0.0001496691256761551,,,,,
indian_liver_patient_dataset,14,1,44,60,RandomFuzzyRules__max_literal_repetitions__2,389,194,10,11,0.7164948453608248,0.5195393374741201,0.5670289855072463,0.11175256035260903,0.023043877445161343,0.0001524677500128746,,,,,
indian_liver_patient_dataset,14,1,44,60,RandomFuzzyRules__max_literal_repetitions__3,389,194,10,11,0.7164948453608248,0.5142339544513458,0.6096014492753623,0.10454705728890636,0.022866828367114067,0.00015204865485429764,,,,,
indian_liver_patient_dataset,14,2,45,60,RandomFuzzyRules__max_literal_repetitions__1,389,194,10,11,0.7164948453608248,0.5109875735775016,0.5635055591890124,0.06969694475332538,0.02487320825457573,0.0001534782350063324,,,,,
indian_liver_patient_dataset,14,2,45,60,RandomFuzzyRules__max_literal_repetitions__2,389,194,10,11,0.711340206185567,0.5073904512753433,0.540745585349902,0.04204107324265504,0.02298637665808201,0.0001530088484287262,,,,,
indian_liver_patient_dataset,14,2,45,60,RandomFuzzyRules__max_literal_repetitions__3,389,194,10,11,0.6958762886597938,0.5185742315238718,0.6291693917593196,0.060863875519425285,0.022959916852414608,0.00015167798846960068,,,,,
indian_liver_patient_dataset,15,0,46,60,RandomFuzzyRules__max_literal_repetitions__1,388,195,10,11,0.6820512820512821,0.4890801644398767,0.4780960945529291,-0.044798311324604406,0.024969035759568214,0.00015345867723226547,,,,,
indian_liver_patient_dataset,15,0,46,60,RandomFuzzyRules__max_literal_repetitions__2,388,195,10,11,0.6923076923076923,0.522931654676259,0.6004624871531348,0.07168757948028136,0.02223440445959568,0.00014713779091835022,,,,,
indian_liver_patient_dataset,15,0,46,60,RandomFuzzyRules__max_literal_repetitions__3,388,195,10,11,0.7076923076923077,0.5177286742034943,0.5971223021582733,0.07645923379614444,0.022349773906171322,0.00015043746680021286,,,,,
indian_liver_patient_dataset,15,1,47,60,RandomFuzzyRules__max_literal_repetitions__1,389,194,10,11,0.6752577319587629,0.4905538302277433,0.5885093167701864,-0.03423799589239989,0.02516865450888872,0.00015062931925058365,,,,,
indian_liver_patient_dataset,15,1,47,60,RandomFuzzyRules__max_literal_repetitions__2,389,194,10,11,0.6855670103092784,0.5031055900621119,0.5833333333333334,0.011256327416679417,0.023020497523248196,0.0001490078866481781,,,,,
indian_liver_patient_dataset,15,1,47,60,RandomFuzzyRules__max_literal_repetitions__3,389,194,10,11,0.6752577319587629,0.5011645962732919,0.5432194616977225,0.0037327409786725788,0.022893697954714298,0.00014786981046199799,,,,,
indian_liver_patient_dataset,15,2,48,60,RandomFuzzyRules__max_literal_repetitions__1,389,194,10,11,0.711340206185567,0.49640287769784175,0.4725964682799215,-0.04527883979119078,0.02477517817169428,0.00015364866703748703,,,,,
indian_liver_patient_dataset,15,2,48,60,RandomFuzzyRules__max_literal_repetitions__2,389,194,10,11,0.7268041237113402,0.5346631785480707,0.491563113145847,0.15713960572091806,0.02313375659286976,0.00015365798026323318,,,,,
indian_liver_patient_dataset,15,2,48,60,RandomFuzzyRules__max_literal_repetitions__3,389,194,10,11,0.7268041237113402,0.523675604970569,0.6644865925441464,0.15018032143276067,0.023305684328079224,0.00014985818415880203,,,,,
indian_liver_patient_dataset,16,0,49,60,RandomFuzzyRules__max_literal_repetitions__1,388,195,10,11,0.6923076923076923,0.5069373072970196,0.5028263103802673,0.026121984893740482,0.02545333094894886,0.0001643877476453781,,,,,
indian_liver_patient_dataset,16,0,49,60,RandomFuzzyRules__max_literal_repetitions__2,388,195,10,11,0.7076923076923077,0.5443859198355602,0.5574254881808839,0.13543892540836536,0.02320371475070715,0.00015133898705244064,,,,,
indian_liver_patient_dataset,16,0,49,60,RandomFuzzyRules__max_literal_repetitions__3,388,195,10,11,0.7076923076923077,0.5443859198355602,0.5574254881808839,0.13543892540836536,0.022717160172760487,0.00015376880764961243,,,,,
indian_liver_patient_dataset,16,1,50,60,RandomFuzzyRules__max_literal_repetitions__1,389,194,10,11,0.6752577319587629,0.5011645962732919,0.5930383022774327,0.0037327409786725788,0.024890126660466194,0.00015524867922067642,,,,,
indian_liver_patient_dataset,16,1,50,60,RandomFuzzyRules__max_literal_repetitions__2,389,194,10,11,0.7268041237113402,0.537396480331263,0.5243271221532091,0.18172909274435603,0.022783170454204082,0.00015020836144685745,,,,,
indian_liver_patient_dataset,16,1,50,60,RandomFuzzyRules__max_literal_repetitions__3,389,194,10,11,0.7010309278350515,0.5086697722567287,0.5877329192546584,0.03951570877242584,0.02313673496246338,0.0001516789197921753,,,,,
indian_liver_patient_dataset,16,2,51,60,RandomFuzzyRules__max_literal_repetitions__1,389,194,10,11,0.711340206185567,0.5238718116415958,0.5899280575539568,0.09304268446162549,0.024603390134871006,0.00015357788652181625,,,,,
indian_liver_patient_dataset,16,2,51,60,RandomFuzzyRules__max_literal_repetitions__2,389,194,10,11,0.7319587628865979,0.5327665140614781,0.5555264879005886,0.18639449287230245,0.02313010673969984,0.0001514386385679245,,,,,
indian_liver_patient_dataset,16,2,51,60,RandomFuzzyRules__max_literal_repetitions__3,389,194,10,11,0.711340206185567,0.518378024852845,0.5325703073904512,0.07876086117884293,0.02283398900181055,0.00016248878091573715,,,,,
indian_liver_patient_dataset,17,0,52,60,RandomFuzzyRules__max_literal_repetitions__1,388,195,10,11,0.6923076923076923,0.5069373072970196,0.6476104830421376,0.026121984893740482,0.02490062639117241,0.00015070755034685135,,,,,
indian_liver_patient_dataset,17,0,52,60,RandomFuzzyRules__max_literal_repetitions__2,388,195,10,11,0.6871794871794872,0.5299974306269271,0.65172147995889,0.08415643416226382,0.022906147874891758,0.00014899857342243195,,,,,
indian_liver_patient_dataset,17,0,52,60,RandomFuzzyRules__max_literal_repetitions__3,388,195,10,11,0.717948717948718,0.5675745118191161,0.6718268242548818,0.1895772349865129,0.02318453509360552,0.00015099812299013138,,,,,
indian_liver_patient_dataset,17,1,53,60,RandomFuzzyRules__max_literal_repetitions__1,389,194,10,11,0.7164948453608248,0.5142339544513458,0.5115165631469979,0.10454705728890636,0.02507423609495163,0.00015201792120933533,,,,,
indian_liver_patient_dataset,17,1,53,60,RandomFuzzyRules__max_literal_repetitions__2,389,194,10,11,0.7216494845360825,0.5603002070393375,0.6542443064182195,0.1883604716312463,0.023135595954954624,0.00014969892799854279,,,,,
indian_liver_patient_dataset,17,1,53,60,RandomFuzzyRules__max_literal_repetitions__3,389,194,10,11,0.711340206185567,0.5053053830227743,0.5899974120082816,0.04760084732414472,0.02294892817735672,0.00015162862837314606,,,,,
indian_liver_patient_dataset,17,2,54,60,RandomFuzzyRules__max_literal_repetitions__1,389,194,10,11,0.7164948453608248,0.5054937867887508,0.5534336167429692,0.04902582707184533,0.024785018526017666,0.00015152804553508759,,,,,
indian_liver_patient_dataset,17,2,54,60,RandomFuzzyRules__max_literal_repetitions__2,389,194,10,11,0.7216494845360825,0.5310660562459123,0.5910398953564422,0.13313668704608678,0.02292945794761181,0.00015088915824890137,,,,,
indian_liver_patient_dataset,17,2,54,60,RandomFuzzyRules__max_literal_repetitions__3,389,194,10,11,0.7061855670103093,0.5422498364944408,0.6561805101373447,0.12524319876321355,0.023038286715745926,0.00015244819223880768,,,,,
indian_liver_patient_dataset,18,0,55,60,RandomFuzzyRules__max_literal_repetitions__1,388,195,10,11,0.7128205128205128,0.5053314491264131,0.5915981500513874,0.04788318457710426,0.025169894099235535,0.00015472900122404099,,,,,
indian_liver_patient_dataset,18,0,55,60,RandomFuzzyRules__max_literal_repetitions__2,388,195,10,11,0.717948717948718,0.5409172661870504,0.6725334018499487,0.14843306269399492,0.02315166499465704,0.00015340931713581085,,,,,
indian_liver_patient_dataset,18,0,55,60,RandomFuzzyRules__max_literal_repetitions__3,388,195,10,11,0.7076923076923077,0.5177286742034943,0.6514645426515929,0.07645923379614444,0.022887677885591984,0.00015393923968076706,,,,,
indian_liver_patient_dataset,18,1,56,60,RandomFuzzyRules__max_literal_repetitions__1,389,194,10,11,0.6958762886597938,0.49443581780538304,0.5048524844720497,-0.03182357678915356,0.024875948205590248,0.00015132781118154526,,,,,
indian_liver_patient_dataset,18,1,56,60,RandomFuzzyRules__max_literal_repetitions__2,389,194,10,11,0.711340206185567,0.5371376811594203,0.6546325051759835,0.1300702770529255,0.02285355795174837,0.0001500193029642105,,,,,
indian_liver_patient_dataset,18,1,56,60,RandomFuzzyRules__max_literal_repetitions__3,389,194,10,11,0.6804123711340206,0.488871635610766,0.3985507246376812,-0.04561272080085536,0.022843359038233757,0.00015360862016677856,,,,,
indian_liver_patient_dataset,18,2,57,60,RandomFuzzyRules__max_literal_repetitions__1,389,194,10,11,0.711340206185567,0.518378024852845,0.6347939829954219,0.07876086117884293,0.025272012688219547,0.00015344936400651932,,,,,
indian_liver_patient_dataset,18,2,57,60,RandomFuzzyRules__max_literal_repetitions__2,389,194,10,11,0.7164948453608248,0.5109875735775016,0.5478090255068673,0.06969694475332538,0.02292558830231428,0.00014848913997411728,,,,,
indian_liver_patient_dataset,18,2,57,60,RandomFuzzyRules__max_literal_repetitions__3,389,194,10,11,0.6907216494845361,0.5094833224329627,0.6313276651406148,0.032004210067321105,0.02296589780598879,0.000151708722114563,,,,,
indian_liver_patient_dataset,19,0,58,60,RandomFuzzyRules__max_literal_repetitions__1,388,195,10,11,0.6564102564102564,0.4817574511819116,0.4703237410071942,-0.05566520233860457,0.02502064686268568,0.00015355926007032394,,,,,
indian_liver_patient_dataset,19,0,58,60,RandomFuzzyRules__max_literal_repetitions__2,388,195,10,11,0.6923076923076923,0.49627440904419323,0.484134121274409,-0.016996550272693093,0.023397132754325867,0.0001500491052865982,,,,,
indian_liver_patient_dataset,19,0,58,60,RandomFuzzyRules__max_literal_repetitions__3,388,195,10,11,0.6974358974358974,0.4998715313463515,0.450860739979445,-0.0006248857735095912,0.02284128963947296,0.0001506684347987175,,,,,
indian_liver_patient_dataset,19,1,59,60,RandomFuzzyRules__max_literal_repetitions__1,389,194,10,11,0.6804123711340206,0.48356625258799174,0.5910973084886129,-0.07490291065818032,0.025096924975514412,0.00015470758080482483,,,,,
indian_liver_patient_dataset,19,1,59,60,RandomFuzzyRules__max_literal_repetitions__2,389,194,10,11,0.7268041237113402,0.5480072463768115,0.5982142857142858,0.18812584390812515,0.022582801058888435,0.00014991872012615204,,,,,
indian_liver_patient_dataset,19,1,59,60,RandomFuzzyRules__max_literal_repetitions__3,389,194,10,11,0.6958762886597938,0.526268115942029,0.5780926501035196,0.08419404651894817,0.022661490365862846,0.00015176739543676376,,,,,
indian_liver_patient_dataset,19,2,60,60,RandomFuzzyRules__max_literal_repetitions__1,389,194,10,11,0.7061855670103093,0.49280575539568344,0.6510137344669719,-0.06420048783217841,0.024796809069812298,0.00015310756862163544,,,,,
indian_liver_patient_dataset,19,2,60,60,RandomFuzzyRules__max_literal_repetitions__2,389,194,10,11,0.711340206185567,0.5238718116415958,0.6601700457815566,0.09304268446162549,0.022731369361281395,0.0001533282920718193,,,,,
indian_liver_patient_dataset,19,2,60,60,RandomFuzzyRules__max_literal_repetitions__3,389,194,10,11,0.7061855670103093,0.5092871157619359,0.6706344015696533,0.04210155474032144,0.022765458561480045,0.00014808867126703262,,,,,
iranian_churn,0,0,1,30,RandomFuzzyRules__max_literal_repetitions__1,1900,950,13,16,0.9105263157894737,0.7376322706746647,0.8812007144301408,0.6171646715703163,0.03653446491807699,0.00021232664585113525,,,,,
iranian_churn,0,0,1,30,RandomFuzzyRules__max_literal_repetitions__2,1900,950,13,16,0.9147368421052632,0.7511457841881781,0.8316371234076969,0.6381994319024662,0.03729936666786671,0.00021022744476795197,,,,,
iranian_churn,0,0,1,30,RandomFuzzyRules__max_literal_repetitions__3,1900,950,13,16,0.911578947368421,0.7382557120711735,0.9042427714497541,0.6222812839871811,0.037565953098237514,0.00022044777870178223,,,,,
iranian_churn,0,1,2,30,RandomFuzzyRules__max_literal_repetitions__1,1900,950,13,16,0.9073684210526316,0.7101609565224677,0.8916119950732725,0.6054288478735117,0.03633206710219383,0.00021162722259759903,,,,,
iranian_churn,0,1,2,30,RandomFuzzyRules__max_literal_repetitions__2,1900,950,13,16,0.9105263157894737,0.7229595555890707,0.8222314388893079,0.6206905336687922,0.037635582499206066,0.00021558627486228943,,,,,
iranian_churn,0,1,2,30,RandomFuzzyRules__max_literal_repetitions__3,1900,950,13,16,0.9073684210526316,0.7101609565224677,0.916048731032518,0.6054288478735117,0.03794573899358511,0.00021919794380664825,,,,,
iranian_churn,0,2,3,30,RandomFuzzyRules__max_literal_repetitions__1,1900,950,13,16,0.891578947368421,0.6789457808611719,0.5272017360849274,0.5192230968323208,0.036273567005991936,0.0002117278054356575,,,,,
iranian_churn,0,2,3,30,RandomFuzzyRules__max_literal_repetitions__2,1900,950,13,16,0.8968421052631579,0.6902613344058182,0.7898139071127535,0.5481022849830666,0.03743079490959644,0.0002103988081216812,,,,,
iranian_churn,0,2,3,30,RandomFuzzyRules__max_literal_repetitions__3,1900,950,13,16,0.891578947368421,0.6789457808611719,0.8845989492999522,0.5192230968323208,0.037633392959833145,0.00021932832896709442,,,,,
iranian_churn,1,0,4,30,RandomFuzzyRules__max_literal_repetitions__1,1900,950,13,16,0.9010526315789473,0.6989620543236503,0.8820979645480892,0.5675709955348257,0.036607204005122185,0.00021334737539291382,,,,,
iranian_churn,1,0,4,30,RandomFuzzyRules__max_literal_repetitions__2,1900,950,13,16,0.9042105263157895,0.7090971894587854,0.8262283480487969,0.584364376904363,0.037109618075191975,0.000216788612306118,,,,,
iranian_churn,1,0,4,30,RandomFuzzyRules__max_literal_repetitions__3,1900,950,13,16,0.9021052631578947,0.699585495720159,0.9088343330862033,0.5733881335974864,0.03816922754049301,0.00023017823696136475,,,,,
iranian_churn,1,1,5,30,RandomFuzzyRules__max_literal_repetitions__1,1900,950,13,16,0.9052631578947369,0.7225699419349974,0.5784547838691569,0.5931348144264454,0.03687523119151592,0.00020537711679935455,,,,,
iranian_churn,1,1,5,30,RandomFuzzyRules__max_literal_repetitions__2,1900,950,13,16,0.911578947368421,0.7399726851502736,0.8137102112292521,0.624955078084839,0.03842220455408096,0.0002054879441857338,,,,,
iranian_churn,1,1,5,30,RandomFuzzyRules__max_literal_repetitions__3,1900,950,13,16,0.9052631578947369,0.7225699419349974,0.9009962379240714,0.5931348144264454,0.03744892496615648,0.00021759793162345886,,,,,
iranian_churn,1,2,6,30,RandomFuzzyRules__max_literal_repetitions__1,1900,950,13,16,0.9031578947368422,0.7049325926484512,0.8717794032627001,0.5821470073514033,0.036577483639121056,0.00022049620747566223,,,,,
iranian_churn,1,2,6,30,RandomFuzzyRules__max_literal_repetitions__2,1900,950,13,16,0.9063157894736842,0.7149997067424109,0.8036305289529029,0.5985313451311991,0.03742734529078007,0.00020967796444892883,,,,,
iranian_churn,1,2,6,30,RandomFuzzyRules__max_literal_repetitions__3,1900,950,13,16,0.9031578947368422,0.7049325926484512,0.8948462073414941,0.5821470073514033,0.03920066636055708,0.00022438820451498032,,,,,
iranian_churn,2,0,7,30,RandomFuzzyRules__max_literal_repetitions__1,1900,950,13,16,0.9042105263157895,0.7090971894587854,0.5796277886365169,0.584364376904363,0.038018438033759594,0.00021682865917682648,,,,,
iranian_churn,2,0,7,30,RandomFuzzyRules__max_literal_repetitions__2,1900,950,13,16,0.9105263157894737,0.7266125227471861,0.8072344476646222,0.617121555693633,0.03723324742168188,0.00021070707589387894,,,,,
iranian_churn,2,0,7,30,RandomFuzzyRules__max_literal_repetitions__3,1900,950,13,16,0.9042105263157895,0.7090971894587854,0.9105867089034172,0.584364376904363,0.03819410689175129,0.0002242671325802803,,,,,
iranian_churn,2,1,8,30,RandomFuzzyRules__max_literal_repetitions__1,1900,950,13,16,0.9042105263157895,0.711019782319081,0.8774099489731795,0.5874517508624025,0.03634951636195183,0.00021588802337646484,,,,,
iranian_churn,2,1,8,30,RandomFuzzyRules__max_literal_repetitions__2,1900,950,13,16,0.9073684210526316,0.7210868964130408,0.8103377489547462,0.6037277860403335,0.03727121651172638,0.000217377208173275,,,,,
iranian_churn,2,1,8,30,RandomFuzzyRules__max_literal_repetitions__3,1900,950,13,16,0.9,0.7085229034177077,0.8817794870505826,0.565881164094429,0.038940378464758396,0.00020809751003980637,,,,,
iranian_churn,2,2,9,30,RandomFuzzyRules__max_literal_repetitions__1,1900,950,13,16,0.9021052631578947,0.7070398578957511,0.867619334891788,0.576372156593606,0.03664390277117491,0.00021435879170894623,,,,,
iranian_churn,2,2,9,30,RandomFuzzyRules__max_literal_repetitions__2,1900,950,13,16,0.9042105263157895,0.7164827522643675,0.8261904163419885,0.5874822853983109,0.03700284846127033,0.00020982883870601654,,,,,
iranian_churn,2,2,9,30,RandomFuzzyRules__max_literal_repetitions__3,1900,950,13,16,0.9021052631578947,0.7070398578957511,0.8927515102765837,0.576372156593606,0.03926802612841129,0.00022220704704523087,,,,,
iranian_churn,3,0,10,30,RandomFuzzyRules__max_literal_repetitions__1,1900,950,13,16,0.8968421052631579,0.6964682887376155,0.5666618925658826,0.5454439686581307,0.03896817844361067,0.00022659823298454285,,,,,
iranian_churn,3,0,10,30,RandomFuzzyRules__max_literal_repetitions__2,1900,950,13,16,0.9042105263157895,0.7173620004043944,0.8235997843229763,0.5846514102378289,0.037233627401292324,0.0002072574570775032,,,,,
iranian_churn,3,0,10,30,RandomFuzzyRules__max_literal_repetitions__3,1900,950,13,16,0.8968421052631579,0.6964682887376155,0.8798948574509672,0.5454439686581307,0.03759434260427952,0.0002171676605939865,,,,,
iranian_churn,3,1,11,30,RandomFuzzyRules__max_literal_repetitions__1,1900,950,13,16,0.9063157894736842,0.7068052518244812,0.8813479794552112,0.6000592066308631,0.03639300633221865,0.0002086767926812172,,,,,
iranian_churn,3,1,11,30,RandomFuzzyRules__max_literal_repetitions__2,1900,950,13,16,0.911578947368421,0.7235837753144141,0.802549665267409,0.6265665033134182,0.04061184078454971,0.00020352844148874283,,,,,
iranian_churn,3,1,11,30,RandomFuzzyRules__max_literal_repetitions__3,1900,950,13,16,0.9063157894736842,0.7068052518244812,0.9158602082966761,0.6000592066308631,0.03899939823895693,0.00021732784807682037,,,,,
iranian_churn,3,2,12,30,RandomFuzzyRules__max_literal_repetitions__1,1900,950,13,16,0.9073684210526316,0.723818381385684,0.896488449840384,0.6036712325169541,0.036336636170744896,0.00021325703710317612,,,,,
iranian_churn,3,2,12,30,RandomFuzzyRules__max_literal_repetitions__2,1900,950,13,16,0.9063157894736842,0.7231941616603407,0.8178367644471256,0.5983560761588359,0.03700932860374451,0.00021216832101345062,,,,,
iranian_churn,3,2,12,30,RandomFuzzyRules__max_literal_repetitions__3,1900,950,13,16,0.9073684210526316,0.723818381385684,0.9087675640348892,0.6036712325169541,0.037615323439240456,0.00022177863866090775,,,,,
iranian_churn,4,0,13,30,RandomFuzzyRules__max_literal_repetitions__1,1900,950,13,16,0.9073684210526316,0.7192323245939206,0.8679989216148818,0.6008127220835131,0.03828188590705395,0.00020841695368289948,,,,,
iranian_churn,4,0,13,30,RandomFuzzyRules__max_literal_repetitions__2,1900,950,13,16,0.9126315789473685,0.7361242164858125,0.8152549369818697,0.6275322977045916,0.03777632117271423,0.00021287798881530762,,,,,
iranian_churn,4,0,13,30,RandomFuzzyRules__max_literal_repetitions__3,1900,950,13,16,0.9073684210526316,0.7192323245939206,0.8945246680595809,0.6008127220835131,0.03736657556146383,0.00021719839423894882,,,,,
iranian_churn,4,1,14,30,RandomFuzzyRules__max_literal_repetitions__1,1900,950,13,16,0.8957894736842106,0.6841741447351883,0.5173776068504973,0.542332613816754,0.037659223191440105,0.0002061072736978531,,,,,
iranian_churn,4,1,14,30,RandomFuzzyRules__max_literal_repetitions__2,1900,950,13,16,0.9010526315789473,0.7009526682251213,0.8039237865419903,0.5708413333120339,0.03711635898798704,0.00020845793187618256,,,,,
iranian_churn,4,1,14,30,RandomFuzzyRules__max_literal_repetitions__3,1900,950,13,16,0.8957894736842106,0.6841741447351883,0.908256457951051,0.542332613816754,0.03873211145401001,0.00022148806601762772,,,,,
iranian_churn,4,2,15,30,RandomFuzzyRules__max_literal_repetitions__1,1900,950,13,16,0.9073684210526316,0.723818381385684,0.8938365633562075,0.6036712325169541,0.03648736421018839,0.00021516811102628708,,,,,
iranian_churn,4,2,15,30,RandomFuzzyRules__max_literal_repetitions__2,1900,950,13,16,0.9084210526315789,0.7271740860836706,0.8241166662477273,0.6090257636794999,0.0373364957049489,0.0002070469781756401,,,,,
iranian_churn,4,2,15,30,RandomFuzzyRules__max_literal_repetitions__3,1900,950,13,16,0.9031578947368422,0.7103955625937377,0.9130993975651241,0.581905352543428,0.03772604279220104,0.00021299812942743301,,,,,
iranian_churn,5,0,16,30,RandomFuzzyRules__max_literal_repetitions__1,1900,950,13,16,0.8989473684210526,0.689450360585024,0.8664824425422929,0.5563411015540433,0.03774275258183479,0.0002138875424861908,,,,,
iranian_churn,5,0,16,30,RandomFuzzyRules__max_literal_repetitions__2,1900,950,13,16,0.9021052631578947,0.7023404327020287,0.7842682145986386,0.5732089446775532,0.03846091404557228,0.00021060649305582047,,,,,
iranian_churn,5,0,16,30,RandomFuzzyRules__max_literal_repetitions__3,1900,950,13,16,0.8989473684210526,0.689450360585024,0.886150333625396,0.5563411015540433,0.03838700521737337,0.0002151867374777794,,,,,
iranian_churn,5,1,17,30,RandomFuzzyRules__max_literal_repetitions__1,1900,950,13,16,0.9052631578947369,0.7143754870170675,0.896371146804749,0.5929129008781139,0.036387816071510315,0.00021096784621477127,,,,,
iranian_churn,5,1,17,30,RandomFuzzyRules__max_literal_repetitions__2,1900,950,13,16,0.9105263157894737,0.7311540105070005,0.82007390091245,0.6196954512001639,0.03991416748613119,0.00021534878760576248,,,,,
iranian_churn,5,1,17,30,RandomFuzzyRules__max_literal_repetitions__3,1900,950,13,16,0.9052631578947369,0.7143754870170675,0.9181057235502601,0.5929129008781139,0.03940856456756592,0.0002160174772143364,,,,,
iranian_churn,5,2,18,30,RandomFuzzyRules__max_literal_repetitions__1,1900,950,13,16,0.9063157894736842,0.7231941616603407,0.5836873371373033,0.5983560761588359,0.03625010699033737,0.00021874811500310898,,,,,
iranian_churn,5,2,18,30,RandomFuzzyRules__max_literal_repetitions__2,1900,950,13,16,0.9094736842105263,0.7305297907816571,0.8388256290375287,0.6143473080249969,0.03725660592317581,0.00020992755889892578,,,,,
iranian_churn,5,2,18,30,RandomFuzzyRules__max_literal_repetitions__3,1900,950,13,16,0.9063157894736842,0.7231941616603407,0.9004390485048053,0.5983560761588359,0.03957269247621298,0.00021422840654850006,,,,,
iranian_churn,6,0,19,30,RandomFuzzyRules__max_literal_repetitions__1,1900,950,13,16,0.911578947368421,0.7217260901799556,0.8691025813843769,0.623844122105738,0.0377383716404438,0.0002153376117348671,,,,,
iranian_churn,6,0,19,30,RandomFuzzyRules__max_literal_repetitions__2,1900,950,13,16,0.9178947368421052,0.7419963604502258,0.8093406685987733,0.6549210643214449,0.036924020387232304,0.00020703859627246857,,,,,
iranian_churn,6,0,19,30,RandomFuzzyRules__max_literal_repetitions__3,1900,950,13,16,0.9073684210526316,0.708212576666442,0.9021786749342859,0.6024876489029383,0.03774335142225027,0.00020919833332300186,,,,,
iranian_churn,6,1,20,30,RandomFuzzyRules__max_literal_repetitions__1,1900,950,13,16,0.9031578947368422,0.7131270475663809,0.8918214647797635,0.5819916180476737,0.03653394337743521,0.0002166982740163803,,,,,
iranian_churn,6,1,20,30,RandomFuzzyRules__max_literal_repetitions__2,1900,950,13,16,0.9052631578947369,0.7225699419349974,0.8153817794870506,0.5931348144264454,0.039278674870729446,0.00021821819245815277,,,,,
iranian_churn,6,1,20,30,RandomFuzzyRules__max_literal_repetitions__3,1900,950,13,16,0.9031578947368422,0.7131270475663809,0.9108873974645787,0.5819916180476737,0.03806960768997669,0.0002205483615398407,,,,,
iranian_churn,6,2,21,30,RandomFuzzyRules__max_literal_repetitions__1,1900,950,13,16,0.8957894736842106,0.6923685996531181,0.5391582669314364,0.5427312424300508,0.03902343846857548,0.0002379976212978363,,,,,
iranian_churn,6,2,21,30,RandomFuzzyRules__max_literal_repetitions__2,1900,950,13,16,0.8989473684210526,0.6997042287744346,0.8215192418872383,0.5596469607159087,0.0371516477316618,0.00021086819469928741,,,,,
iranian_churn,6,2,21,30,RandomFuzzyRules__max_literal_repetitions__3,1900,950,13,16,0.8957894736842106,0.6923685996531181,0.8968445483414188,0.5427312424300508,0.03774639219045639,0.00022378657013177872,,,,,
iranian_churn,7,0,22,30,RandomFuzzyRules__max_literal_repetitions__1,1900,950,13,16,0.9,0.7038484868908809,0.5607097122059717,0.5622531765814176,0.036731451749801636,0.0002189967781305313,,,,,
iranian_churn,7,0,22,30,RandomFuzzyRules__max_literal_repetitions__2,1900,950,13,16,0.9073684210526316,0.7247421985576599,0.8078915885960773,0.6008556511113863,0.037231757305562496,0.00021479837596416473,,,,,
iranian_churn,7,0,22,30,RandomFuzzyRules__max_literal_repetitions__3,1900,950,13,16,0.9,0.7038484868908809,0.9083667520388219,0.5622531765814176,0.03782814089208841,0.00022089853882789612,,,,,
iranian_churn,7,1,23,30,RandomFuzzyRules__max_literal_repetitions__1,1900,950,13,16,0.911578947368421,0.7290467452597005,0.8816412370442988,0.6254639540329933,0.036699713207781315,0.00021111778914928436,,,,,
iranian_churn,7,1,23,30,RandomFuzzyRules__max_literal_repetitions__2,1900,950,13,16,0.9147368421052632,0.7418453443263036,0.8254949769164383,0.6407248608937773,0.04035444464534521,0.00020120665431022644,,,,,
iranian_churn,7,1,23,30,RandomFuzzyRules__max_literal_repetitions__3,1900,950,13,16,0.911578947368421,0.7290467452597005,0.9091446095065732,0.6254639540329933,0.03986302949488163,0.0002226065844297409,,,,,
iranian_churn,7,2,24,30,RandomFuzzyRules__max_literal_repetitions__1,1900,950,13,16,0.8989473684210526,0.6942412588291481,0.8642720089820611,0.5595675975611556,0.03658376354724169,0.0002137366682291031,,,,,
iranian_churn,7,2,24,30,RandomFuzzyRules__max_literal_repetitions__2,1900,950,13,16,0.9,0.6975969635271346,0.8109033171622719,0.5652252493788087,0.03725265618413687,0.00021578744053840637,,,,,
iranian_churn,7,2,24,30,RandomFuzzyRules__max_literal_repetitions__3,1900,950,13,16,0.8989473684210526,0.6942412588291481,0.8877535630797074,0.5595675975611556,0.03760040272027254,0.00022372789680957794,,,,,
iranian_churn,8,0,25,30,RandomFuzzyRules__max_literal_repetitions__1,1900,950,13,16,0.9,0.7010935499090112,0.8742417604637055,0.5619965877888006,0.03625685628503561,0.00020182784646749496,,,,,
iranian_churn,8,0,25,30,RandomFuzzyRules__max_literal_repetitions__2,1900,950,13,16,0.9063157894736842,0.7241187571611511,0.81498112826043,0.5956261527647463,0.037618513219058514,0.0002049282193183899,,,,,
iranian_churn,8,0,25,30,RandomFuzzyRules__max_literal_repetitions__3,1900,950,13,16,0.9,0.7010935499090112,0.895362943991373,0.5619965877888006,0.03774481173604727,0.0002210177481174469,,,,,
iranian_churn,8,1,26,30,RandomFuzzyRules__max_literal_repetitions__1,1900,950,13,16,0.9031578947368422,0.7076640776210944,0.5719109502383765,0.5819534749150785,0.036618794314563274,0.00021180696785449982,,,,,
iranian_churn,8,1,26,30,RandomFuzzyRules__max_literal_repetitions__2,1900,950,13,16,0.9073684210526316,0.7183554114403975,0.8131111278686876,0.6039204492127996,0.037586674094200134,0.00021670758724212646,,,,,
iranian_churn,8,1,26,30,RandomFuzzyRules__max_literal_repetitions__3,1900,950,13,16,0.9031578947368422,0.7076640776210944,0.900631760634777,0.5819534749150785,0.03755567315965891,0.0002172579988837242,,,,,
iranian_churn,8,2,27,30,RandomFuzzyRules__max_literal_repetitions__1,1900,950,13,16,0.9073684210526316,0.7183554114403975,0.8835641689498865,0.6039204492127996,0.03709065821021795,0.00020877830684185028,,,,,
iranian_churn,8,2,27,30,RandomFuzzyRules__max_literal_repetitions__2,1900,950,13,16,0.911578947368421,0.7345097152049871,0.8137646733529396,0.6249535548242727,0.037380375899374485,0.00020874757319688797,,,,,
iranian_churn,8,2,27,30,RandomFuzzyRules__max_literal_repetitions__3,1900,950,13,16,0.9073684210526316,0.7183554114403975,0.9087256700935911,0.6039204492127996,0.03782864101231098,0.00021717697381973267,,,,,
iranian_churn,9,0,28,30,RandomFuzzyRules__max_literal_repetitions__1,1900,950,13,16,0.9094736842105263,0.7122143964413291,0.8772831434926198,0.6140673864293967,0.03657107334583998,0.00020960811525583267,,,,,
iranian_churn,9,0,28,30,RandomFuzzyRules__max_literal_repetitions__2,1900,950,13,16,0.9147368421052632,0.729106288333221,0.8216578486216891,0.6402838496932692,0.037461635656654835,0.0002204766497015953,,,,,
iranian_churn,9,0,28,30,RandomFuzzyRules__max_literal_repetitions__3,1900,950,13,16,0.9042105263157895,0.7063422524769158,0.8183595066388084,0.584545674857086,0.03743688389658928,0.0002164384350180626,,,,,
iranian_churn,9,1,29,30,RandomFuzzyRules__max_literal_repetitions__1,1900,950,13,16,0.9010526315789473,0.7118786081156943,0.564881146888537,0.5714679005062228,0.03646550513803959,0.00020919833332300186,,,,,
iranian_churn,9,1,29,30,RandomFuzzyRules__max_literal_repetitions__2,1900,950,13,16,0.9031578947368422,0.7158585325390242,0.8011881121752171,0.5822023445097999,0.036890290677547455,0.0002140374854207039,,,,,
iranian_churn,9,1,29,30,RandomFuzzyRules__max_literal_repetitions__3,1900,950,13,16,0.9010526315789473,0.7118786081156943,0.9045488441461595,0.5714679005062228,0.03775107208639383,0.0002116980031132698,,,,,
iranian_churn,9,2,30,30,RandomFuzzyRules__max_literal_repetitions__1,1900,950,13,16,0.8947368421052632,0.6862814099824883,0.7660474742142791,0.5366369724049775,0.03756169322878122,0.00021939724683761597,,,,,
iranian_churn,9,2,30,30,RandomFuzzyRules__max_literal_repetitions__2,1900,950,13,16,0.9042105263157895,0.7192142372370107,0.82030850698372,0.5876863886381719,0.03700429946184158,0.0002145376056432724,,,,,
iranian_churn,9,2,30,30,RandomFuzzyRules__max_literal_repetitions__3,1900,950,13,16,0.9,0.7030599334724212,0.8942806391339685,0.5652925623248094,0.037878490053117275,0.0002249283716082573,,,,,
jm1,0,0,1,9,RandomFuzzyRules__max_literal_repetitions__1,7256,3629,21,21,0.8106916505924497,0.5198880255251966,0.6970673861688552,0.1361325652383406,0.0699282605201006,0.00037314649671316147,,,,,
jm1,0,0,1,9,RandomFuzzyRules__max_literal_repetitions__2,7256,3629,21,21,0.8090383025626895,0.5107416751591675,0.7127108646582511,0.10259342582360059,0.054935979656875134,0.0003645755350589752,,,,,
jm1,0,0,1,9,RandomFuzzyRules__max_literal_repetitions__3,7256,3629,21,21,0.8095894185726096,0.5121661765836689,0.6926756195632179,0.11184338230276591,0.05635508429259062,0.0003842255100607872,,,,,
jm1,0,1,2,9,RandomFuzzyRules__max_literal_repetitions__1,7257,3628,21,21,0.8109151047409041,0.5211406527196001,0.6323133494186126,0.14052502712809853,0.05503928940743208,0.00034981686621904373,,,,,
jm1,0,1,2,9,RandomFuzzyRules__max_literal_repetitions__2,7257,3628,21,21,0.8100882028665931,0.51629705577074,0.6079125552809763,0.12486071907409318,0.055718421936035156,0.00036984682083129883,,,,,
jm1,0,1,2,9,RandomFuzzyRules__max_literal_repetitions__3,7257,3628,21,21,0.8084343991179713,0.507692599797863,0.669333346964926,0.08899603269018518,0.05652058310806751,0.000360146164894104,,,,,
jm1,0,2,3,9,RandomFuzzyRules__max_literal_repetitions__1,7257,3628,21,21,0.8073318632855567,0.5248742485584591,0.6484073918284445,0.1284585728215925,0.05492404010146856,0.0004044659435749054,,,,,
jm1,0,2,3,9,RandomFuzzyRules__max_literal_repetitions__2,7257,3628,21,21,0.8103638368246968,0.5186334133702555,0.6398752319804951,0.13157895249531915,0.054906370118260384,0.00039320625364780426,,,,,
jm1,0,2,3,9,RandomFuzzyRules__max_literal_repetitions__3,7257,3628,21,21,0.8084343991179713,0.5066098618730198,0.6645153092521513,0.08739815602372653,0.05692480877041817,0.00035540666431188583,,,,,
jm1,1,0,4,9,RandomFuzzyRules__max_literal_repetitions__1,7256,3629,21,21,0.8106916505924497,0.5177223161507412,0.6937441173006599,0.13246838668386782,0.05459463316947222,0.0003769164904952049,,,,,
jm1,1,0,4,9,RandomFuzzyRules__max_literal_repetitions__2,7256,3629,21,21,0.8112427666023698,0.5213125269496981,0.6794993463937775,0.14303410481971485,0.0549317691475153,0.00037418678402900696,,,,,
jm1,1,0,4,9,RandomFuzzyRules__max_literal_repetitions__3,7256,3629,21,21,0.8087627445577295,0.5094879971033028,0.5979723120139929,0.09656061981607003,0.05591991916298866,0.00037012621760368347,,,,,
jm1,1,1,5,9,RandomFuzzyRules__max_literal_repetitions__1,7257,3628,21,21,0.8070562293274531,0.5339066391697971,0.620755462860726,0.1486053982753717,0.055421675555408,0.00037433579564094543,,,,,
jm1,1,1,5,9,RandomFuzzyRules__max_literal_repetitions__2,7257,3628,21,21,0.8100882028665931,0.5179211626580048,0.6217617664986086,0.12792995092701565,0.05552168283611536,0.0003751758486032486,,,,,
jm1,1,1,5,9,RandomFuzzyRules__max_literal_repetitions__3,7257,3628,21,21,0.807883131201764,0.5062680983733615,0.648400576032155,0.07717771319331021,0.056519863195717335,0.00034392625093460083,,,,,
jm1,1,2,6,9,RandomFuzzyRules__max_literal_repetitions__1,7257,3628,21,21,0.8095369349503859,0.5132484474589738,0.6444941510730984,0.11372334741441119,0.0544623751193285,0.0003737863153219223,,,,,
jm1,1,2,6,9,RandomFuzzyRules__max_literal_repetitions__2,7257,3628,21,21,0.8095369349503859,0.514331185383817,0.6303915382862751,0.1158391056348759,0.055465323850512505,0.0003699157387018204,,,,,
jm1,1,2,6,9,RandomFuzzyRules__max_literal_repetitions__3,7257,3628,21,21,0.8087100330760749,0.5073221125852705,0.6852034417823892,0.09330695633467097,0.05642831418663263,0.0003549056127667427,,,,,
jm1,2,0,7,9,RandomFuzzyRules__max_literal_repetitions__1,7256,3629,21,21,0.8076605125378892,0.5082632762851417,0.6538534539901127,0.080538573169417,0.055692343041300774,0.0003550071269273758,,,,,
jm1,2,0,7,9,RandomFuzzyRules__max_literal_repetitions__2,7256,3629,21,21,0.8084871865527694,0.50985860107828,0.6235228158699289,0.09415921105990427,0.05508519895374775,0.0003684060648083687,,,,,
jm1,2,0,7,9,RandomFuzzyRules__max_literal_repetitions__3,7256,3629,21,21,0.8079360705428492,0.5046441082484813,0.6848576520595653,0.07376268332521645,0.056491472758352757,0.00034805573523044586,,,,,
jm1,2,1,8,9,RandomFuzzyRules__max_literal_repetitions__1,7257,3628,21,21,0.8103638368246968,0.539205433942276,0.6358531819058135,0.17182885913212076,0.055156546644866467,0.0003799460828304291,,,,,
jm1,2,1,8,9,RandomFuzzyRules__max_literal_repetitions__2,7257,3628,21,21,0.811742006615215,0.5243601427811954,0.6385819346345663,0.15216552274581122,0.0547513822093606,0.00037134718149900436,,,,,
jm1,2,1,8,9,RandomFuzzyRules__max_literal_repetitions__3,7257,3628,21,21,0.8089856670341786,0.5096584701847859,0.6573448481343217,0.10059151234401445,0.05641000438481569,0.0003460058942437172,,,,,
jm1,2,2,9,9,RandomFuzzyRules__max_literal_repetitions__1,7257,3628,21,21,0.8100882028665931,0.5168384247331615,0.6643096182569866,0.12585763189377291,0.05588325019925833,0.00036013685166835785,,,,,
jm1,2,2,9,9,RandomFuzzyRules__max_literal_repetitions__2,7257,3628,21,21,0.8100882028665931,0.5141315799210536,0.6730873901926533,0.12130406810708536,0.05504080839455128,0.00036699697375297546,,,,,
jm1,2,2,9,9,RandomFuzzyRules__max_literal_repetitions__3,7257,3628,21,21,0.8106394707828004,0.512849236533447,0.6785655864603233,0.12790763941256106,0.05702075734734535,0.0003786953166127205,,,,,
ljubljana_breast_cancer,0,0,1,60,RandomFuzzyRules__max_literal_repetitions__1,190,96,9,18,0.6770833333333334,0.5339680905815749,0.5746268656716418,0.09432075421733413,0.021813880652189255,0.00014854874461889267,,,,,
ljubljana_breast_cancer,0,0,1,60,RandomFuzzyRules__max_literal_repetitions__2,190,96,9,18,0.65625,0.49948533196088524,0.5648481729284611,-0.001547192564967903,0.022307634353637695,0.00014490820467472076,,,,,
ljubljana_breast_cancer,0,0,1,60,RandomFuzzyRules__max_literal_repetitions__3,190,96,9,18,0.6979166666666666,0.5977869274318065,0.5977869274318065,0.2211186643318543,0.022219126112759113,0.00014519784599542618,,,,,
ljubljana_breast_cancer,0,1,2,60,RandomFuzzyRules__max_literal_repetitions__1,191,95,9,18,0.7052631578947368,0.562366737739872,0.562366737739872,0.17118660190842022,0.022664900869131088,0.0001487378031015396,,,,,
ljubljana_breast_cancer,0,1,2,60,RandomFuzzyRules__max_literal_repetitions__2,191,95,9,18,0.7052631578947368,0.562366737739872,0.562366737739872,0.17118660190842022,0.02162759192287922,0.000145668163895607,,,,,
ljubljana_breast_cancer,0,1,2,60,RandomFuzzyRules__max_literal_repetitions__3,191,95,9,18,0.7052631578947368,0.562366737739872,0.562366737739872,0.17118660190842022,0.02199142798781395,0.00014883838593959808,,,,,
ljubljana_breast_cancer,0,2,3,60,RandomFuzzyRules__max_literal_repetitions__1,191,95,9,18,0.6736842105263158,0.5919509594882729,0.6391257995735609,0.1904073258598273,0.022667251527309418,0.00014416780322790146,,,,,
ljubljana_breast_cancer,0,2,3,60,RandomFuzzyRules__max_literal_repetitions__2,191,95,9,18,0.7263157894736842,0.5876865671641791,0.5871535181236673,0.24068543601653955,0.022088157013058662,0.00014679878950119019,,,,,
ljubljana_breast_cancer,0,2,3,60,RandomFuzzyRules__max_literal_repetitions__3,191,95,9,18,0.7263157894736842,0.5876865671641791,0.5871535181236673,0.24068543601653955,0.021625252440571785,0.00014212820678949356,,,,,
ljubljana_breast_cancer,1,0,4,60,RandomFuzzyRules__max_literal_repetitions__1,190,96,9,18,0.7395833333333334,0.5689655172413793,0.6600617601646939,0.3169381250535249,0.021708060055971146,0.0001421188935637474,,,,,
ljubljana_breast_cancer,1,0,4,60,RandomFuzzyRules__max_literal_repetitions__2,190,96,9,18,0.78125,0.65748841996912,0.6783324755532681,0.4373053150076401,0.022420023567974567,0.00014505814760923386,,,,,
ljubljana_breast_cancer,1,0,4,60,RandomFuzzyRules__max_literal_repetitions__3,190,96,9,18,0.7604166666666666,0.6132269686052496,0.6471950591868246,0.3762096632950329,0.022193584591150284,0.00014698877930641174,,,,,
ljubljana_breast_cancer,1,1,5,60,RandomFuzzyRules__max_literal_repetitions__1,191,95,9,18,0.7368421052631579,0.6055437100213219,0.6055437100213219,0.2800271668958324,0.022493353113532066,0.00014721788465976715,,,,,
ljubljana_breast_cancer,1,1,5,60,RandomFuzzyRules__max_literal_repetitions__2,191,95,9,18,0.7052631578947368,0.5727611940298507,0.5783582089552239,0.1871714922092947,0.021984728053212166,0.0001462697982788086,,,,,
ljubljana_breast_cancer,1,1,5,60,RandomFuzzyRules__max_literal_repetitions__3,191,95,9,18,0.7578947368421053,0.5996801705756929,0.6114072494669509,0.3479083315007377,0.0223249439150095,0.00015224888920783997,,,,,
ljubljana_breast_cancer,1,2,6,60,RandomFuzzyRules__max_literal_repetitions__1,191,95,9,18,0.6947368421052632,0.5341151385927505,0.5341151385927505,0.10622410296796586,0.022554301656782627,0.0001480691134929657,,,,,
ljubljana_breast_cancer,1,2,6,60,RandomFuzzyRules__max_literal_repetitions__2,191,95,9,18,0.6947368421052632,0.5341151385927505,0.5341151385927505,0.10622410296796586,0.021955288015305996,0.0001463182270526886,,,,,
ljubljana_breast_cancer,1,2,6,60,RandomFuzzyRules__max_literal_repetitions__3,191,95,9,18,0.6947368421052632,0.5341151385927505,0.5341151385927505,0.10622410296796586,0.021789520047605038,0.00014608819037675858,,,,,
ljubljana_breast_cancer,2,0,7,60,RandomFuzzyRules__max_literal_repetitions__1,190,96,9,18,0.6458333333333334,0.5115800308800824,0.569480185280494,0.029287882565854517,0.02245957311242819,0.00014504790306091309,,,,,
ljubljana_breast_cancer,2,0,7,60,RandomFuzzyRules__max_literal_repetitions__2,190,96,9,18,0.65625,0.5483787956767885,0.5164693772516726,0.10939554972207528,0.02224306482821703,0.00014145951718091965,,,,,
ljubljana_breast_cancer,2,0,7,60,RandomFuzzyRules__max_literal_repetitions__3,190,96,9,18,0.65625,0.5483787956767885,0.5164693772516726,0.10939554972207528,0.021579372696578503,0.00014293845742940903,,,,,
ljubljana_breast_cancer,2,1,8,60,RandomFuzzyRules__max_literal_repetitions__1,191,95,9,18,0.7473684210526316,0.6234008528784648,0.6234008528784648,0.3174373659080712,0.02259560115635395,0.00014466792345046997,,,,,
ljubljana_breast_cancer,2,1,8,60,RandomFuzzyRules__max_literal_repetitions__2,191,95,9,18,0.7578947368421053,0.6100746268656716,0.6575159914712154,0.3427387072325773,0.02175100054591894,0.0001385984942317009,,,,,
ljubljana_breast_cancer,2,1,8,60,RandomFuzzyRules__max_literal_repetitions__3,191,95,9,18,0.7578947368421053,0.6100746268656716,0.6575159914712154,0.3427387072325773,0.02196984738111496,0.0001472393050789833,,,,,
ljubljana_breast_cancer,2,2,9,60,RandomFuzzyRules__max_literal_repetitions__1,191,95,9,18,0.7263157894736842,0.5980810234541578,0.6396588486140725,0.25230442905868294,0.022518313489854336,0.00014682859182357788,,,,,
ljubljana_breast_cancer,2,2,9,60,RandomFuzzyRules__max_literal_repetitions__2,191,95,9,18,0.7789473684210526,0.656183368869936,0.6615138592750534,0.4143836358610045,0.022117636166512966,0.00014157872647047043,,,,,
ljubljana_breast_cancer,2,2,9,60,RandomFuzzyRules__max_literal_repetitions__3,191,95,9,18,0.7789473684210526,0.656183368869936,0.6615138592750534,0.4143836358610045,0.022287595085799694,0.00014760904014110565,,,,,
ljubljana_breast_cancer,3,0,10,60,RandomFuzzyRules__max_literal_repetitions__1,190,96,9,18,0.6875,0.5903242408646423,0.6031909418425117,0.20064596806232898,0.022645071148872375,0.00014499761164188385,,,,,
ljubljana_breast_cancer,3,0,10,60,RandomFuzzyRules__max_literal_repetitions__2,190,96,9,18,0.7708333333333334,0.6304683479155944,0.642820380854349,0.41104623820725206,0.021751750260591507,0.0001461682841181755,,,,,
ljubljana_breast_cancer,3,0,10,60,RandomFuzzyRules__max_literal_repetitions__3,190,96,9,18,0.7708333333333334,0.6304683479155944,0.642820380854349,0.41104623820725206,0.021845519542694092,0.00014950893819332123,,,,,
ljubljana_breast_cancer,3,1,11,60,RandomFuzzyRules__max_literal_repetitions__1,191,95,9,18,0.7263157894736842,0.5357142857142857,0.6631130063965885,0.22684640926137065,0.022741099819540977,0.00014611892402172089,,,,,
ljubljana_breast_cancer,3,1,11,60,RandomFuzzyRules__max_literal_repetitions__2,191,95,9,18,0.7789473684210526,0.656183368869936,0.6833688699360342,0.4143836358610045,0.022293015383183956,0.0001449771225452423,,,,,
ljubljana_breast_cancer,3,1,11,60,RandomFuzzyRules__max_literal_repetitions__3,191,95,9,18,0.7789473684210526,0.656183368869936,0.6833688699360342,0.4143836358610045,0.02241926360875368,0.0001457398757338524,,,,,
ljubljana_breast_cancer,3,2,12,60,RandomFuzzyRules__max_literal_repetitions__1,191,95,9,18,0.6842105263157895,0.5266524520255863,0.5266524520255863,0.079190688736056,0.022448942996561527,0.00015134736895561218,,,,,
ljubljana_breast_cancer,3,2,12,60,RandomFuzzyRules__max_literal_repetitions__2,191,95,9,18,0.6421052631578947,0.5279850746268657,0.5319829424307037,0.06259321407118501,0.02207907661795616,0.00014623906463384628,,,,,
ljubljana_breast_cancer,3,2,12,60,RandomFuzzyRules__max_literal_repetitions__3,191,95,9,18,0.631578947368421,0.5309168443496801,0.5431769722814499,0.06581295726279894,0.021971197798848152,0.00015216786414384842,,,,,
ljubljana_breast_cancer,4,0,13,60,RandomFuzzyRules__max_literal_repetitions__1,190,96,9,18,0.71875,0.5931549150797735,0.5931549150797736,0.2423824808057085,0.02286056987941265,0.00014700833708047867,,,,,
ljubljana_breast_cancer,4,0,13,60,RandomFuzzyRules__max_literal_repetitions__2,190,96,9,18,0.71875,0.5931549150797735,0.5931549150797736,0.2423824808057085,0.021722900681197643,0.00014461763203144073,,,,,
ljubljana_breast_cancer,4,0,13,60,RandomFuzzyRules__max_literal_repetitions__3,190,96,9,18,0.7395833333333334,0.5885229027277407,0.5983015954709212,0.294127554939753,0.02199549786746502,0.00014712847769260406,,,,,
ljubljana_breast_cancer,4,1,14,60,RandomFuzzyRules__max_literal_repetitions__1,191,95,9,18,0.6526315789473685,0.5562366737739872,0.5562366737739872,0.11971149984871186,0.022406194359064102,0.0001367582008242607,,,,,
ljubljana_breast_cancer,4,1,14,60,RandomFuzzyRules__max_literal_repetitions__2,191,95,9,18,0.6526315789473685,0.5562366737739872,0.5562366737739872,0.11971149984871186,0.021972738206386566,0.0001459391787648201,,,,,
ljubljana_breast_cancer,4,1,14,60,RandomFuzzyRules__max_literal_repetitions__3,191,95,9,18,0.6842105263157895,0.5994136460554371,0.5786247334754798,0.20862080629708207,0.021981428377330303,0.00014876853674650192,,,,,
ljubljana_breast_cancer,4,2,15,60,RandomFuzzyRules__max_literal_repetitions__1,191,95,9,18,0.7052631578947368,0.5415778251599147,0.5415778251599147,0.13652228908318778,0.022457673214375973,0.00014736969023942947,,,,,
ljubljana_breast_cancer,4,2,15,60,RandomFuzzyRules__max_literal_repetitions__2,191,95,9,18,0.7684210526315789,0.6279317697228145,0.6692430703624733,0.3801153059330688,0.021865928545594215,0.00015296880155801773,,,,,
ljubljana_breast_cancer,4,2,15,60,RandomFuzzyRules__max_literal_repetitions__3,191,95,9,18,0.7684210526315789,0.6279317697228145,0.6692430703624733,0.3801153059330688,0.022023468278348446,0.00014677736908197403,,,,,
ljubljana_breast_cancer,5,0,16,60,RandomFuzzyRules__max_literal_repetitions__1,190,96,9,18,0.7395833333333334,0.5983015954709212,0.5983015954709213,0.29551377990886946,0.022408523596823215,0.00014996901154518127,,,,,
ljubljana_breast_cancer,5,0,16,60,RandomFuzzyRules__max_literal_repetitions__2,190,96,9,18,0.7395833333333334,0.5983015954709212,0.5983015954709213,0.29551377990886946,0.022329834289848804,0.00014299899339675903,,,,,
ljubljana_breast_cancer,5,0,16,60,RandomFuzzyRules__max_literal_repetitions__3,190,96,9,18,0.7395833333333334,0.5983015954709212,0.5983015954709213,0.29551377990886946,0.022138366475701332,0.00014895852655172348,,,,,
ljubljana_breast_cancer,5,1,17,60,RandomFuzzyRules__max_literal_repetitions__1,191,95,9,18,0.6842105263157895,0.537046908315565,0.6321961620469082,0.1016877678003009,0.02274265978485346,0.000146377831697464,,,,,
ljubljana_breast_cancer,5,1,17,60,RandomFuzzyRules__max_literal_repetitions__2,191,95,9,18,0.631578947368421,0.5621002132196162,0.5834221748400852,0.12296132582678614,0.022120286710560322,0.00015136878937482834,,,,,
ljubljana_breast_cancer,5,1,17,60,RandomFuzzyRules__max_literal_repetitions__3,191,95,9,18,0.631578947368421,0.5621002132196162,0.5834221748400852,0.12296132582678614,0.021891368553042412,0.00014475826174020767,,,,,
ljubljana_breast_cancer,5,2,18,60,RandomFuzzyRules__max_literal_repetitions__1,191,95,9,18,0.6736842105263158,0.4984008528784648,0.4984008528784648,-0.0055814170828995344,0.022486593574285507,0.00014645792543888092,,,,,
ljubljana_breast_cancer,5,2,18,60,RandomFuzzyRules__max_literal_repetitions__2,191,95,9,18,0.7052631578947368,0.531183368869936,0.531183368869936,0.11689577543175884,0.02210329659283161,0.00014587771147489548,,,,,
ljubljana_breast_cancer,5,2,18,60,RandomFuzzyRules__max_literal_repetitions__3,191,95,9,18,0.7052631578947368,0.531183368869936,0.531183368869936,0.11689577543175884,0.022346683777868748,0.0001480691134929657,,,,,
ljubljana_breast_cancer,6,0,19,60,RandomFuzzyRules__max_literal_repetitions__1,190,96,9,18,0.7291666666666666,0.6006176016469378,0.6006176016469378,0.2700409547216391,0.02254022192209959,0.00014420785009860992,,,,,
ljubljana_breast_cancer,6,0,19,60,RandomFuzzyRules__max_literal_repetitions__2,190,96,9,18,0.7395833333333334,0.5983015954709212,0.6194029850746269,0.29551377990886946,0.021821100264787674,0.0001439591869711876,,,,,
ljubljana_breast_cancer,6,0,19,60,RandomFuzzyRules__max_literal_repetitions__3,190,96,9,18,0.7395833333333334,0.5983015954709212,0.6194029850746269,0.29551377990886946,0.021971977315843105,0.0001527983695268631,,,,,
ljubljana_breast_cancer,6,1,20,60,RandomFuzzyRules__max_literal_repetitions__1,191,95,9,18,0.6526315789473685,0.5354477611940298,0.5495735607675906,0.08080749189443177,0.022901047952473164,0.00014654826372861862,,,,,
ljubljana_breast_cancer,6,1,20,60,RandomFuzzyRules__max_literal_repetitions__2,191,95,9,18,0.7157894736842105,0.5490405117270789,0.5490405117270789,0.17116345720891907,0.022032206878066063,0.00014673732221126556,,,,,
ljubljana_breast_cancer,6,1,20,60,RandomFuzzyRules__max_literal_repetitions__3,191,95,9,18,0.7157894736842105,0.5490405117270789,0.5490405117270789,0.17116345720891907,0.022115636616945267,0.00014775805175304413,,,,,
ljubljana_breast_cancer,6,2,21,60,RandomFuzzyRules__max_literal_repetitions__1,191,95,9,18,0.7263157894736842,0.5980810234541578,0.6369936034115139,0.25230442905868294,0.024015745148062706,0.00015852786600589752,,,,,
ljubljana_breast_cancer,6,2,21,60,RandomFuzzyRules__max_literal_repetitions__2,191,95,9,18,0.7789473684210526,0.656183368869936,0.6519189765458422,0.4143836358610045,0.02197317872196436,0.00014706887304782867,,,,,
ljubljana_breast_cancer,6,2,21,60,RandomFuzzyRules__max_literal_repetitions__3,191,95,9,18,0.7789473684210526,0.656183368869936,0.6519189765458422,0.4143836358610045,0.021951069124042988,0.0001335078850388527,,,,,
ljubljana_breast_cancer,7,0,22,60,RandomFuzzyRules__max_literal_repetitions__1,190,96,9,18,0.6875,0.541430777148739,0.5880082346886258,0.11944931685088571,0.022554872557520866,0.00014484766870737076,,,,,
ljubljana_breast_cancer,7,0,22,60,RandomFuzzyRules__max_literal_repetitions__2,190,96,9,18,0.7291666666666666,0.6103962943901183,0.636901698404529,0.27921114712781303,0.021884139627218246,0.00014627818018198013,,,,,
ljubljana_breast_cancer,7,0,22,60,RandomFuzzyRules__max_literal_repetitions__3,190,96,9,18,0.7291666666666666,0.6103962943901183,0.636901698404529,0.27921114712781303,0.022065985947847366,0.0001489892601966858,,,,,
ljubljana_breast_cancer,7,1,23,60,RandomFuzzyRules__max_literal_repetitions__1,191,95,9,18,0.6947368421052632,0.5341151385927505,0.6668443496801706,0.10622410296796586,0.0225173719227314,0.00014660879969596863,,,,,
ljubljana_breast_cancer,7,1,23,60,RandomFuzzyRules__max_literal_repetitions__2,191,95,9,18,0.6631578947368421,0.5221215351812366,0.5421108742004265,0.05690561851051817,0.022077896632254124,0.0001431889832019806,,,,,
ljubljana_breast_cancer,7,1,23,60,RandomFuzzyRules__max_literal_repetitions__3,191,95,9,18,0.7157894736842105,0.5178571428571429,0.5855543710021321,0.15954913679387844,0.022304555401206017,0.00014488957822322845,,,,,
ljubljana_breast_cancer,7,2,24,60,RandomFuzzyRules__max_literal_repetitions__1,191,95,9,18,0.6631578947368421,0.511727078891258,0.5301172707889126,0.03218893369218158,0.02246005181223154,0.00014563929289579391,,,,,
ljubljana_breast_cancer,7,2,24,60,RandomFuzzyRules__max_literal_repetitions__2,191,95,9,18,0.6842105263157895,0.5578358208955223,0.5690298507462688,0.14091907372363455,0.021893098950386047,0.00014451798051595688,,,,,
ljubljana_breast_cancer,7,2,24,60,RandomFuzzyRules__max_literal_repetitions__3,191,95,9,18,0.6736842105263158,0.5399786780383795,0.6844349680170576,0.09997334399526148,0.021957967430353165,0.00013120844960212708,,,,,
ljubljana_breast_cancer,8,0,25,60,RandomFuzzyRules__max_literal_repetitions__1,190,96,9,18,0.6979166666666666,0.5782295419454452,0.5782295419454452,0.19276678247064888,0.02254772186279297,0.00014593824744224548,,,,,
ljubljana_breast_cancer,8,0,25,60,RandomFuzzyRules__max_literal_repetitions__2,190,96,9,18,0.6979166666666666,0.5782295419454452,0.5782295419454452,0.19276678247064888,0.021840998902916908,0.00014258921146392822,,,,,
ljubljana_breast_cancer,8,0,25,60,RandomFuzzyRules__max_literal_repetitions__3,190,96,9,18,0.6979166666666666,0.5782295419454452,0.5782295419454452,0.19276678247064888,0.02185565885156393,0.0001499587669968605,,,,,
ljubljana_breast_cancer,8,1,26,60,RandomFuzzyRules__max_literal_repetitions__1,191,95,9,18,0.6631578947368421,0.5533049040511727,0.6247334754797441,0.11922516965940003,0.02233575377613306,0.0001480579376220703,,,,,
ljubljana_breast_cancer,8,1,26,60,RandomFuzzyRules__max_literal_repetitions__2,191,95,9,18,0.7368421052631579,0.5743603411513859,0.6018123667377397,0.2595358943548284,0.022019198164343834,0.00014379899948835373,,,,,
ljubljana_breast_cancer,8,1,26,60,RandomFuzzyRules__max_literal_repetitions__3,191,95,9,18,0.7368421052631579,0.5743603411513859,0.6018123667377397,0.2595358943548284,0.022073677740991116,0.00014443881809711456,,,,,
ljubljana_breast_cancer,8,2,27,60,RandomFuzzyRules__max_literal_repetitions__1,191,95,9,18,0.7052631578947368,0.562366737739872,0.5887526652452025,0.17118660190842022,0.022606320679187775,0.00014837738126516342,,,,,
ljubljana_breast_cancer,8,2,27,60,RandomFuzzyRules__max_literal_repetitions__2,191,95,9,18,0.7157894736842105,0.5906183368869936,0.5852878464818763,0.22660624638925933,0.02220107428729534,0.00014486908912658691,,,,,
ljubljana_breast_cancer,8,2,27,60,RandomFuzzyRules__max_literal_repetitions__3,191,95,9,18,0.7157894736842105,0.5906183368869936,0.5852878464818763,0.22660624638925933,0.02216053567826748,0.00014535803347826004,,,,,
ljubljana_breast_cancer,9,0,28,60,RandomFuzzyRules__max_literal_repetitions__1,190,96,9,18,0.7395833333333334,0.5689655172413793,0.6320123520329388,0.3169381250535249,0.02238210290670395,0.00014736875891685486,,,,,
ljubljana_breast_cancer,9,0,28,60,RandomFuzzyRules__max_literal_repetitions__2,190,96,9,18,0.7604166666666666,0.6425630468347916,0.6618630983015955,0.37093893471370865,0.021839969791471958,0.00014799833297729492,,,,,
ljubljana_breast_cancer,9,0,28,60,RandomFuzzyRules__max_literal_repetitions__3,190,96,9,18,0.7604166666666666,0.6425630468347916,0.6618630983015955,0.37093893471370865,0.022074807435274124,0.00015017949044704437,,,,,
ljubljana_breast_cancer,9,1,29,60,RandomFuzzyRules__max_literal_repetitions__1,191,95,9,18,0.6631578947368421,0.542910447761194,0.5434434968017057,0.09984535003853612,0.022480242885649204,0.00014765746891498566,,,,,
ljubljana_breast_cancer,9,1,29,60,RandomFuzzyRules__max_literal_repetitions__2,191,95,9,18,0.6526315789473685,0.5146588486140725,0.5146588486140725,0.03665689279826254,0.021978807635605335,0.00014809798449277878,,,,,
ljubljana_breast_cancer,9,1,29,60,RandomFuzzyRules__max_literal_repetitions__3,191,95,9,18,0.6947368421052632,0.5445095948827292,0.5445095948827292,0.1268422883569142,0.022119437344372272,0.0001478893682360649,,,,,
ljubljana_breast_cancer,9,2,30,60,RandomFuzzyRules__max_literal_repetitions__1,191,95,9,18,0.6842105263157895,0.5266524520255863,0.541044776119403,0.079190688736056,0.022685671225190163,0.0001459280028939247,,,,,
ljubljana_breast_cancer,9,2,30,60,RandomFuzzyRules__max_literal_repetitions__2,191,95,9,18,0.7473684210526316,0.5922174840085288,0.6321961620469084,0.3027994360434806,0.021735450252890587,0.00014473777264356613,,,,,
ljubljana_breast_cancer,9,2,30,60,RandomFuzzyRules__max_literal_repetitions__3,191,95,9,18,0.7473684210526316,0.5922174840085288,0.6321961620469084,0.3027994360434806,0.022134105674922466,0.00014611892402172089,,,,,
ljubljana_breast_cancer,10,0,31,60,RandomFuzzyRules__max_literal_repetitions__1,190,96,9,18,0.71875,0.5638188368502316,0.5638188368502317,0.21204544658447308,0.022011227905750275,0.0001485077664256096,,,,,
ljubljana_breast_cancer,10,0,31,60,RandomFuzzyRules__max_literal_repetitions__2,190,96,9,18,0.71875,0.5442614513638703,0.5648481729284612,0.20340805040748614,0.02223286498337984,0.00014526862651109695,,,,,
ljubljana_breast_cancer,10,0,31,60,RandomFuzzyRules__max_literal_repetitions__3,190,96,9,18,0.71875,0.5442614513638703,0.5648481729284612,0.20340805040748614,0.021928158588707447,0.00014614779502153397,,,,,
ljubljana_breast_cancer,10,1,32,60,RandomFuzzyRules__max_literal_repetitions__1,191,95,9,18,0.7157894736842105,0.5802238805970149,0.6769722814498934,0.21284893241324634,0.02239266410470009,0.00015442818403244019,,,,,
ljubljana_breast_cancer,10,1,32,60,RandomFuzzyRules__max_literal_repetitions__2,191,95,9,18,0.7789473684210526,0.6457889125799574,0.6327292110874201,0.4154654594684554,0.021755541674792767,0.00014426745474338531,,,,,
ljubljana_breast_cancer,10,1,32,60,RandomFuzzyRules__max_literal_repetitions__3,191,95,9,18,0.7789473684210526,0.6457889125799574,0.6327292110874201,0.4154654594684554,0.022309405729174614,0.000144127756357193,,,,,
ljubljana_breast_cancer,10,2,33,60,RandomFuzzyRules__max_literal_repetitions__1,191,95,9,18,0.7368421052631579,0.6159381663113006,0.6159381663113006,0.28992269758625827,0.022459622472524643,0.000145728699862957,,,,,
ljubljana_breast_cancer,10,2,33,60,RandomFuzzyRules__max_literal_repetitions__2,191,95,9,18,0.7368421052631579,0.5847547974413646,0.6231343283582088,0.2639005058110402,0.02177972998470068,0.00014272984117269516,,,,,
ljubljana_breast_cancer,10,2,33,60,RandomFuzzyRules__max_literal_repetitions__3,191,95,9,18,0.7368421052631579,0.5847547974413646,0.6231343283582088,0.2639005058110402,0.02237024437636137,0.00014586839824914932,,,,,
ljubljana_breast_cancer,11,0,34,60,RandomFuzzyRules__max_literal_repetitions__1,190,96,9,18,0.71875,0.5833762223365929,0.5833762223365929,0.23151457853345653,0.022406483069062233,0.00014123879373073578,,,,,
ljubljana_breast_cancer,11,0,34,60,RandomFuzzyRules__max_literal_repetitions__2,190,96,9,18,0.7395833333333334,0.6080802882141019,0.608080288214102,0.3001114906915177,0.02175027970224619,0.00014837831258773804,,,,,
ljubljana_breast_cancer,11,0,34,60,RandomFuzzyRules__max_literal_repetitions__3,190,96,9,18,0.7395833333333334,0.6080802882141019,0.608080288214102,0.3001114906915177,0.02180506009608507,0.00014975760132074356,,,,,
ljubljana_breast_cancer,11,1,35,60,RandomFuzzyRules__max_literal_repetitions__1,191,95,9,18,0.7263157894736842,0.5772921108742004,0.5772921108742005,0.2296529973345624,0.022286434657871723,0.00014572776854038239,,,,,
ljubljana_breast_cancer,11,1,35,60,RandomFuzzyRules__max_literal_repetitions__2,191,95,9,18,0.7263157894736842,0.5772921108742004,0.5772921108742005,0.2296529973345624,0.021975898183882236,0.00014481786638498306,,,,,
ljubljana_breast_cancer,11,1,35,60,RandomFuzzyRules__max_literal_repetitions__3,191,95,9,18,0.7263157894736842,0.5772921108742004,0.5772921108742005,0.2296529973345624,0.021449154242873192,0.00014975853264331818,,,,,
ljubljana_breast_cancer,11,2,36,60,RandomFuzzyRules__max_literal_repetitions__1,191,95,9,18,0.7157894736842105,0.5698294243070362,0.6300639658848614,0.1989980811347995,0.02264275122433901,0.00014653801918029785,,,,,
ljubljana_breast_cancer,11,2,36,60,RandomFuzzyRules__max_literal_repetitions__2,191,95,9,18,0.7578947368421053,0.5996801705756929,0.646588486140725,0.3479083315007377,0.021971377544105053,0.00014416873455047607,,,,,
ljubljana_breast_cancer,11,2,36,60,RandomFuzzyRules__max_literal_repetitions__3,191,95,9,18,0.7578947368421053,0.5996801705756929,0.646588486140725,0.3479083315007377,0.021945668384432793,0.00014784839004278183,,,,,
ljubljana_breast_cancer,12,0,37,60,RandomFuzzyRules__max_literal_repetitions__1,190,96,9,18,0.71875,0.5344827586206896,0.6065362840967576,0.22171213978347262,0.022572792135179043,0.00014582835137844086,,,,,
ljubljana_breast_cancer,12,0,37,60,RandomFuzzyRules__max_literal_repetitions__2,190,96,9,18,0.75,0.6057642820380854,0.6219763252702007,0.33321499783664815,0.02185049932450056,0.00014647934585809708,,,,,
ljubljana_breast_cancer,12,0,37,60,RandomFuzzyRules__max_literal_repetitions__3,190,96,9,18,0.75,0.6057642820380854,0.6219763252702007,0.33321499783664815,0.022083346731960773,0.00014736875891685486,,,,,
ljubljana_breast_cancer,12,1,38,60,RandomFuzzyRules__max_literal_repetitions__1,191,95,9,18,0.7157894736842105,0.5802238805970149,0.5802238805970149,0.21284893241324634,0.022466422989964485,0.0001475885510444641,,,,,
ljubljana_breast_cancer,12,1,38,60,RandomFuzzyRules__max_literal_repetitions__2,191,95,9,18,0.7368421052631579,0.5951492537313433,0.5783582089552238,0.2711538739126848,0.021980918012559414,0.00014834851026535034,,,,,
ljubljana_breast_cancer,12,1,38,60,RandomFuzzyRules__max_literal_repetitions__3,191,95,9,18,0.7368421052631579,0.5951492537313433,0.5783582089552238,0.2711538739126848,0.02214190550148487,0.0001490684226155281,,,,,
ljubljana_breast_cancer,12,2,39,60,RandomFuzzyRules__max_literal_repetitions__1,191,95,9,18,0.7052631578947368,0.5727611940298507,0.6138059701492538,0.1871714922092947,0.022712170146405697,0.00014958810061216354,,,,,
ljubljana_breast_cancer,12,2,39,60,RandomFuzzyRules__max_literal_repetitions__2,191,95,9,18,0.7368421052631579,0.5847547974413646,0.5847547974413646,0.2639005058110402,0.021990297362208366,0.0001446697860956192,,,,,
ljubljana_breast_cancer,12,2,39,60,RandomFuzzyRules__max_literal_repetitions__3,191,95,9,18,0.7368421052631579,0.5847547974413646,0.5847547974413646,0.2639005058110402,0.021799580194056034,0.00014327745884656906,,,,,
ljubljana_breast_cancer,13,0,40,60,RandomFuzzyRules__max_literal_repetitions__1,190,96,9,18,0.6979166666666666,0.5684508492022645,0.6245496654657746,0.17810425385170847,0.02248392254114151,0.0001495080068707466,,,,,
ljubljana_breast_cancer,13,0,40,60,RandomFuzzyRules__max_literal_repetitions__2,190,96,9,18,0.7395833333333334,0.5983015954709212,0.5916109109624292,0.29551377990886946,0.021844858303666115,0.00014521833509206772,,,,,
ljubljana_breast_cancer,13,0,40,60,RandomFuzzyRules__max_literal_repetitions__3,190,96,9,18,0.6770833333333334,0.5730828615542974,0.590838908903757,0.16525710702696478,0.021866079419851303,0.00014671776443719864,,,,,
ljubljana_breast_cancer,13,1,41,60,RandomFuzzyRules__max_literal_repetitions__1,191,95,9,18,0.7578947368421053,0.630863539445629,0.630863539445629,0.3472054013784185,0.022347254678606987,0.0001470884308218956,,,,,
ljubljana_breast_cancer,13,1,41,60,RandomFuzzyRules__max_literal_repetitions__2,191,95,9,18,0.7894736842105263,0.6636460554371002,0.6993603411513859,0.4491819383408975,0.02252264227718115,0.00014439783990383148,,,,,
ljubljana_breast_cancer,13,1,41,60,RandomFuzzyRules__max_literal_repetitions__3,191,95,9,18,0.7684210526315789,0.6175373134328358,0.6479211087420043,0.385938009523627,0.021936949342489243,0.0001450786367058754,,,,,
ljubljana_breast_cancer,13,2,42,60,RandomFuzzyRules__max_literal_repetitions__1,191,95,9,18,0.7263157894736842,0.5876865671641791,0.5876865671641791,0.24068543601653955,0.02232993394136429,0.0001490674912929535,,,,,
ljubljana_breast_cancer,13,2,42,60,RandomFuzzyRules__max_literal_repetitions__2,191,95,9,18,0.7473684210526316,0.5922174840085288,0.6034115138592749,0.3027994360434806,0.021952327340841293,0.00014453846961259842,,,,,
ljubljana_breast_cancer,13,2,42,60,RandomFuzzyRules__max_literal_repetitions__3,191,95,9,18,0.7473684210526316,0.5922174840085288,0.6034115138592749,0.3027994360434806,0.02175443060696125,0.00014540832489728928,,,,,
ljubljana_breast_cancer,14,0,43,60,RandomFuzzyRules__max_literal_repetitions__1,190,96,9,18,0.6770833333333334,0.5437467833247556,0.570766855378281,0.11382602689770842,0.022746489383280277,0.00015680864453315735,,,,,
ljubljana_breast_cancer,14,0,43,60,RandomFuzzyRules__max_literal_repetitions__2,190,96,9,18,0.7708333333333334,0.6402470406587751,0.6865671641791045,0.4043470663585883,0.02198375854641199,0.00013514980673789978,,,,,
ljubljana_breast_cancer,14,0,43,60,RandomFuzzyRules__max_literal_repetitions__3,190,96,9,18,0.7708333333333334,0.6402470406587751,0.6865671641791045,0.4043470663585883,0.021712709218263626,0.000148748978972435,,,,,
ljubljana_breast_cancer,14,1,44,60,RandomFuzzyRules__max_literal_repetitions__1,191,95,9,18,0.6842105263157895,0.5266524520255863,0.5186567164179106,0.079190688736056,0.022851918824017048,0.0001493990421295166,,,,,
ljubljana_breast_cancer,14,1,44,60,RandomFuzzyRules__max_literal_repetitions__2,191,95,9,18,0.7473684210526316,0.5922174840085288,0.5858208955223881,0.3027994360434806,0.021988128311932087,0.00014656875282526016,,,,,
ljubljana_breast_cancer,14,1,44,60,RandomFuzzyRules__max_literal_repetitions__3,191,95,9,18,0.7473684210526316,0.5922174840085288,0.5858208955223881,0.3027994360434806,0.021850138902664185,0.00014670845121145248,,,,,
ljubljana_breast_cancer,14,2,45,60,RandomFuzzyRules__max_literal_repetitions__1,191,95,9,18,0.7368421052631579,0.6055437100213219,0.6055437100213219,0.2800271668958324,0.02265804074704647,0.00014891847968101501,,,,,
ljubljana_breast_cancer,14,2,45,60,RandomFuzzyRules__max_literal_repetitions__2,191,95,9,18,0.7578947368421053,0.6204690831556503,0.61727078891258,0.3433096666905701,0.021634371019899845,0.0001416075974702835,,,,,
ljubljana_breast_cancer,14,2,45,60,RandomFuzzyRules__max_literal_repetitions__3,191,95,9,18,0.7578947368421053,0.6204690831556503,0.61727078891258,0.3433096666905701,0.022040397860109806,0.00014837738126516342,,,,,
ljubljana_breast_cancer,15,0,46,60,RandomFuzzyRules__max_literal_repetitions__1,190,96,9,18,0.7291666666666666,0.6006176016469378,0.6006176016469378,0.2700409547216391,0.022320675663650036,0.0001462092623114586,,,,,
ljubljana_breast_cancer,15,0,46,60,RandomFuzzyRules__max_literal_repetitions__2,190,96,9,18,0.75,0.6155429747812661,0.6160576428203809,0.33312262898166267,0.021786180324852467,0.00014428887516260147,,,,,
ljubljana_breast_cancer,15,0,46,60,RandomFuzzyRules__max_literal_repetitions__3,190,96,9,18,0.75,0.6155429747812661,0.6160576428203809,0.33312262898166267,0.022021668031811714,0.0001484183594584465,,,,,
ljubljana_breast_cancer,15,1,47,60,RandomFuzzyRules__max_literal_repetitions__1,191,95,9,18,0.6842105263157895,0.537046908315565,0.5463752665245202,0.1016877678003009,0.022373663261532784,0.0001459084451198578,,,,,
ljubljana_breast_cancer,15,1,47,60,RandomFuzzyRules__max_literal_repetitions__2,191,95,9,18,0.7263157894736842,0.5668976545842217,0.5812899786780384,0.2196608625633342,0.022095296531915665,0.0001475280150771141,,,,,
ljubljana_breast_cancer,15,1,47,60,RandomFuzzyRules__max_literal_repetitions__3,191,95,9,18,0.7263157894736842,0.5668976545842217,0.5812899786780384,0.2196608625633342,0.022269515320658684,0.00014474894851446152,,,,,
ljubljana_breast_cancer,15,2,48,60,RandomFuzzyRules__max_literal_repetitions__1,191,95,9,18,0.7052631578947368,0.5207889125799574,0.6295309168443497,0.09439032769748638,0.022748359479010105,0.00014499854296445847,,,,,
ljubljana_breast_cancer,15,2,48,60,RandomFuzzyRules__max_literal_repetitions__2,191,95,9,18,0.6947368421052632,0.5756929637526652,0.6162046908315565,0.18006535475918298,0.021950948052108288,0.0001447591930627823,,,,,
ljubljana_breast_cancer,15,2,48,60,RandomFuzzyRules__max_literal_repetitions__3,191,95,9,18,0.7578947368421053,0.630863539445629,0.630863539445629,0.3472054013784185,0.022448073141276836,0.0001473892480134964,,,,,
ljubljana_breast_cancer,16,0,49,60,RandomFuzzyRules__max_literal_repetitions__1,190,96,9,18,0.7291666666666666,0.5908389089037571,0.5908389089037571,0.261898191604737,0.022408303804695606,0.00014458876103162766,,,,,
ljubljana_breast_cancer,16,0,49,60,RandomFuzzyRules__max_literal_repetitions__2,190,96,9,18,0.7395833333333334,0.5983015954709212,0.5864642305712815,0.29551377990886946,0.021901289001107216,0.00014373846352100372,,,,,
ljubljana_breast_cancer,16,0,49,60,RandomFuzzyRules__max_literal_repetitions__3,190,96,9,18,0.7395833333333334,0.5983015954709212,0.5864642305712815,0.29551377990886946,0.02215286623686552,0.0001447778195142746,,,,,
ljubljana_breast_cancer,16,1,50,60,RandomFuzzyRules__max_literal_repetitions__1,191,95,9,18,0.7263157894736842,0.6188699360341151,0.6588486140724946,0.2765902243303547,0.023032937198877335,0.00014621857553720474,,,,,
ljubljana_breast_cancer,16,1,50,60,RandomFuzzyRules__max_literal_repetitions__2,191,95,9,18,0.7368421052631579,0.5639658848614072,0.6167377398720681,0.2612092593793357,0.02181345969438553,0.00014488957822322845,,,,,
ljubljana_breast_cancer,16,1,50,60,RandomFuzzyRules__max_literal_repetitions__3,191,95,9,18,0.7368421052631579,0.5639658848614072,0.6167377398720681,0.2612092593793357,0.022049546241760254,0.00014434847980737686,,,,,
ljubljana_breast_cancer,16,2,51,60,RandomFuzzyRules__max_literal_repetitions__1,191,95,9,18,0.7263157894736842,0.5980810234541578,0.5980810234541577,0.25230442905868294,0.02256778161972761,0.00014490727335214615,,,,,
ljubljana_breast_cancer,16,2,51,60,RandomFuzzyRules__max_literal_repetitions__2,191,95,9,18,0.7263157894736842,0.5980810234541578,0.5980810234541577,0.25230442905868294,0.022209986113011837,0.00014806818217039108,,,,,
ljubljana_breast_cancer,16,2,51,60,RandomFuzzyRules__max_literal_repetitions__3,191,95,9,18,0.7473684210526316,0.5818230277185501,0.6039445628997867,0.3067265218594014,0.02256844099611044,0.00014571938663721085,,,,,
ljubljana_breast_cancer,17,0,52,60,RandomFuzzyRules__max_literal_repetitions__1,190,96,9,18,0.6979166666666666,0.5880082346886258,0.6083376222336593,0.20706474022193322,0.02285249810665846,0.00014541950076818466,,,,,
ljubljana_breast_cancer,17,0,52,60,RandomFuzzyRules__max_literal_repetitions__2,190,96,9,18,0.7083333333333334,0.6150283067421514,0.6296963458569222,0.2555234977887779,0.021812569350004196,0.00014857761561870575,,,,,
ljubljana_breast_cancer,17,0,52,60,RandomFuzzyRules__max_literal_repetitions__3,190,96,9,18,0.65625,0.5972722593926918,0.6016469377251672,0.19271823271985478,0.021829288452863693,0.00014499854296445847,,,,,
ljubljana_breast_cancer,17,1,53,60,RandomFuzzyRules__max_literal_repetitions__1,191,95,9,18,0.7052631578947368,0.5,0.5631663113006397,0.0,0.022523121908307076,0.0001475876197218895,,,,,
ljubljana_breast_cancer,17,1,53,60,RandomFuzzyRules__max_literal_repetitions__2,191,95,9,18,0.7263157894736842,0.5565031982942431,0.595682302771855,0.21181114864558012,0.02169318124651909,0.00014768913388252258,,,,,
ljubljana_breast_cancer,17,1,53,60,RandomFuzzyRules__max_literal_repetitions__3,191,95,9,18,0.7263157894736842,0.5565031982942431,0.595682302771855,0.21181114864558012,0.02204778790473938,0.0001378888264298439,,,,,
ljubljana_breast_cancer,17,2,54,60,RandomFuzzyRules__max_literal_repetitions__1,191,95,9,18,0.7157894736842105,0.5698294243070362,0.6353944562899786,0.1989980811347995,0.022319854237139225,0.0001446884125471115,,,,,
ljubljana_breast_cancer,17,2,54,60,RandomFuzzyRules__max_literal_repetitions__2,191,95,9,18,0.7789473684210526,0.6457889125799574,0.6724413646055437,0.4154654594684554,0.02238631434738636,0.00014547817409038544,,,,,
ljubljana_breast_cancer,17,2,54,60,RandomFuzzyRules__max_literal_repetitions__3,191,95,9,18,0.7578947368421053,0.5996801705756929,0.6231343283582089,0.3479083315007377,0.022034318186342716,0.0001469682902097702,,,,,
ljubljana_breast_cancer,18,0,55,60,RandomFuzzyRules__max_literal_repetitions__1,190,96,9,18,0.6875,0.541430777148739,0.5638188368502316,0.11944931685088571,0.022465672343969345,0.00014795921742916107,,,,,
ljubljana_breast_cancer,18,0,55,60,RandomFuzzyRules__max_literal_repetitions__2,190,96,9,18,0.7083333333333334,0.5563561502830674,0.5579001544004117,0.17755251709544026,0.022046606987714767,0.00014597829431295395,,,,,
ljubljana_breast_cancer,18,0,55,60,RandomFuzzyRules__max_literal_repetitions__3,190,96,9,18,0.7083333333333334,0.5563561502830674,0.5579001544004117,0.17755251709544026,0.02216481603682041,0.00014420878142118454,,,,,
ljubljana_breast_cancer,18,1,56,60,RandomFuzzyRules__max_literal_repetitions__1,191,95,9,18,0.7368421052631579,0.5951492537313433,0.5951492537313433,0.2711538739126848,0.022474481724202633,0.00014609843492507935,,,,,
ljubljana_breast_cancer,18,1,56,60,RandomFuzzyRules__max_literal_repetitions__2,191,95,9,18,0.7473684210526316,0.5818230277185501,0.5986140724946695,0.3067265218594014,0.02176381926983595,0.00014101900160312653,,,,,
ljubljana_breast_cancer,18,1,56,60,RandomFuzzyRules__max_literal_repetitions__3,191,95,9,18,0.7473684210526316,0.5818230277185501,0.5986140724946695,0.3067265218594014,0.02202162705361843,0.00014630891382694244,,,,,
ljubljana_breast_cancer,18,2,57,60,RandomFuzzyRules__max_literal_repetitions__1,191,95,9,18,0.6842105263157895,0.5994136460554371,0.5964818763326225,0.20862080629708207,0.022368254140019417,0.00014760904014110565,,,,,
ljubljana_breast_cancer,18,2,57,60,RandomFuzzyRules__max_literal_repetitions__2,191,95,9,18,0.7473684210526316,0.6234008528784648,0.6234008528784648,0.3174373659080712,0.021665850654244423,0.00014604907482862473,,,,,
ljubljana_breast_cancer,18,2,57,60,RandomFuzzyRules__max_literal_repetitions__3,191,95,9,18,0.7684210526315789,0.6175373134328358,0.6303304904051172,0.385938009523627,0.02195378765463829,0.00014586839824914932,,,,,
ljubljana_breast_cancer,19,0,58,60,RandomFuzzyRules__max_literal_repetitions__1,190,96,9,18,0.6979166666666666,0.5586721564590839,0.47040658775090066,0.16291766637539531,0.022239115089178085,0.00014725793153047562,,,,,
ljubljana_breast_cancer,19,0,58,60,RandomFuzzyRules__max_literal_repetitions__2,190,96,9,18,0.6770833333333334,0.5437467833247556,0.47169325784868765,0.11382602689770842,0.021934249438345432,0.00014380831271409988,,,,,
ljubljana_breast_cancer,19,0,58,60,RandomFuzzyRules__max_literal_repetitions__3,190,96,9,18,0.6770833333333334,0.5437467833247556,0.47169325784868765,0.11382602689770842,0.022081157192587852,0.00014828890562057495,,,,,
ljubljana_breast_cancer,19,1,59,60,RandomFuzzyRules__max_literal_repetitions__1,191,95,9,18,0.6842105263157895,0.5474413646055437,0.5772921108742004,0.12203855535990643,0.02246410120278597,0.00013534817844629288,,,,,
ljubljana_breast_cancer,19,1,59,60,RandomFuzzyRules__max_literal_repetitions__2,191,95,9,18,0.7157894736842105,0.5698294243070362,0.5698294243070362,0.1989980811347995,0.02182114962488413,0.00014654826372861862,,,,,
ljubljana_breast_cancer,19,1,59,60,RandomFuzzyRules__max_literal_repetitions__3,191,95,9,18,0.7157894736842105,0.5698294243070362,0.5698294243070362,0.1989980811347995,0.021721641533076763,0.00014507770538330078,,,,,
ljubljana_breast_cancer,19,2,60,60,RandomFuzzyRules__max_literal_repetitions__1,191,95,9,18,0.6736842105263158,0.5399786780383795,0.5399786780383795,0.09997334399526148,0.02250996232032776,0.00014582928270101547,,,,,
ljubljana_breast_cancer,19,2,60,60,RandomFuzzyRules__max_literal_repetitions__2,191,95,9,18,0.7578947368421053,0.6204690831556503,0.6791044776119404,0.3433096666905701,0.021627561189234257,0.00014675874263048172,,,,,
ljubljana_breast_cancer,19,2,60,60,RandomFuzzyRules__max_literal_repetitions__3,191,95,9,18,0.7578947368421053,0.6204690831556503,0.6791044776119404,0.3433096666905701,0.02204972691833973,0.0001469375565648079,,,,,
lung_cancer_epithelial_genexp,0,0,1,60,RandomFuzzyRules__max_literal_repetitions__1,124,63,22215,22215,0.5714285714285714,0.5651515151515152,0.6686868686868688,0.13516934189431526,0.029995563440024853,0.00704981479793787,,,,,
lung_cancer_epithelial_genexp,0,0,1,60,RandomFuzzyRules__max_literal_repetitions__2,124,63,22215,22215,0.6349206349206349,0.6378787878787879,0.6787878787878787,0.2771609312622936,0.031867893412709236,0.007427620701491833,,,,,
lung_cancer_epithelial_genexp,0,0,1,60,RandomFuzzyRules__max_literal_repetitions__3,124,63,22215,22215,0.49206349206349204,0.4878787878787879,0.5202020202020202,-0.024592694134653176,0.031721324659883976,0.006931167095899582,,,,,
lung_cancer_epithelial_genexp,0,1,2,60,RandomFuzzyRules__max_literal_repetitions__1,125,62,22215,22215,0.532258064516129,0.5375,0.5333333333333333,0.0791945516022682,0.02954941801726818,0.0025904830545186996,,,,,
lung_cancer_epithelial_genexp,0,1,2,60,RandomFuzzyRules__max_literal_repetitions__2,125,62,22215,22215,0.6935483870967742,0.6833333333333333,0.7229166666666667,0.47965128945633434,0.03184895217418671,0.0026680221781134605,,,,,
lung_cancer_epithelial_genexp,0,1,2,60,RandomFuzzyRules__max_literal_repetitions__3,125,62,22215,22215,0.6612903225806451,0.659375,0.6927083333333334,0.3212698020578431,0.030918982811272144,0.0026752613484859467,,,,,
lung_cancer_epithelial_genexp,0,2,3,60,RandomFuzzyRules__max_literal_repetitions__1,125,62,22215,22215,0.5645161290322581,0.5635416666666666,0.615625,0.1272823676500175,0.030600926838815212,0.0026372522115707397,,,,,
lung_cancer_epithelial_genexp,0,2,3,60,RandomFuzzyRules__max_literal_repetitions__2,125,62,22215,22215,0.6290322580645161,0.61875,0.6697916666666667,0.3106832215796711,0.030866463668644428,0.0026228418573737144,,,,,
lung_cancer_epithelial_genexp,0,2,3,60,RandomFuzzyRules__max_literal_repetitions__3,125,62,22215,22215,0.6612903225806451,0.6572916666666666,0.7479166666666668,0.32544312757038596,0.030819804407656193,0.0026039527729153633,,,,,
lung_cancer_epithelial_genexp,1,0,4,60,RandomFuzzyRules__max_literal_repetitions__1,124,63,22215,22215,0.6031746031746031,0.6106060606060606,0.7494949494949494,0.2317518708689964,0.030363169498741627,0.0026479512453079224,,,,,
lung_cancer_epithelial_genexp,1,0,4,60,RandomFuzzyRules__max_literal_repetitions__2,124,63,22215,22215,0.7142857142857143,0.7166666666666667,0.705050505050505,0.4342114159629333,0.032050411216914654,0.0026932014152407646,,,,,
lung_cancer_epithelial_genexp,1,0,4,60,RandomFuzzyRules__max_literal_repetitions__3,124,63,22215,22215,0.5873015873015873,0.5878787878787879,0.5777777777777777,0.175580311389975,0.03122103027999401,0.0026504723355174065,,,,,
lung_cancer_epithelial_genexp,1,1,5,60,RandomFuzzyRules__max_literal_repetitions__1,125,62,22215,22215,0.5645161290322581,0.5635416666666666,0.640625,0.1272823676500175,0.02987824473530054,0.0025464827194809914,,,,,
lung_cancer_epithelial_genexp,1,1,5,60,RandomFuzzyRules__max_literal_repetitions__2,125,62,22215,22215,0.5645161290322581,0.5645833333333333,0.625,0.12909944487358055,0.031932832673192024,0.0026162518188357353,,,,,
lung_cancer_epithelial_genexp,1,1,5,60,RandomFuzzyRules__max_literal_repetitions__3,125,62,22215,22215,0.5483870967741935,0.55,0.6114583333333333,0.10041928905068677,0.03112559113651514,0.0025960924103856087,,,,,
lung_cancer_epithelial_genexp,1,2,6,60,RandomFuzzyRules__max_literal_repetitions__1,125,62,22215,22215,0.6290322580645161,0.625,0.6437499999999999,0.25863030005593585,0.029683447442948818,0.002644771710038185,,,,,
lung_cancer_epithelial_genexp,1,2,6,60,RandomFuzzyRules__max_literal_repetitions__2,125,62,22215,22215,0.6451612903225806,0.6354166666666666,0.640625,0.34258007985157446,0.03266788460314274,0.0026678619906306267,,,,,
lung_cancer_epithelial_genexp,1,2,6,60,RandomFuzzyRules__max_literal_repetitions__3,125,62,22215,22215,0.5967741935483871,0.6041666666666667,0.6822916666666667,0.2333800140046683,0.03136652894318104,0.002648591995239258,,,,,
lung_cancer_epithelial_genexp,2,0,7,60,RandomFuzzyRules__max_literal_repetitions__1,124,63,22215,22215,0.6984126984126984,0.6939393939393939,0.7065656565656566,0.3959604639294374,0.02972736582159996,0.0026430124416947365,,,,,
lung_cancer_epithelial_genexp,2,0,7,60,RandomFuzzyRules__max_literal_repetitions__2,124,63,22215,22215,0.6984126984126984,0.6848484848484848,0.7212121212121212,0.45625413112412705,0.030995851382613182,0.002598542720079422,,,,,
lung_cancer_epithelial_genexp,2,0,7,60,RandomFuzzyRules__max_literal_repetitions__3,124,63,22215,22215,0.6507936507936508,0.6439393939393939,0.7636363636363637,0.3015949004459542,0.03027593158185482,0.002697681076824665,,,,,
lung_cancer_epithelial_genexp,2,1,8,60,RandomFuzzyRules__max_literal_repetitions__1,125,62,22215,22215,0.532258064516129,0.53125,0.5322916666666667,0.0625978857295168,0.03004923276603222,0.0026327921077609062,,,,,
lung_cancer_epithelial_genexp,2,1,8,60,RandomFuzzyRules__max_literal_repetitions__2,125,62,22215,22215,0.6129032258064516,0.6135416666666667,0.6229166666666666,0.22708333333333333,0.03137404751032591,0.0026286235079169273,,,,,
lung_cancer_epithelial_genexp,2,1,8,60,RandomFuzzyRules__max_literal_repetitions__3,125,62,22215,22215,0.6290322580645161,0.6260416666666666,0.6291666666666668,0.2568081977866954,0.031055621802806854,0.002659521996974945,,,,,
lung_cancer_epithelial_genexp,2,2,9,60,RandomFuzzyRules__max_literal_repetitions__1,125,62,22215,22215,0.6129032258064516,0.6125,0.6645833333333333,0.225,0.030080031603574753,0.0026590023189783096,,,,,
lung_cancer_epithelial_genexp,2,2,9,60,RandomFuzzyRules__max_literal_repetitions__2,125,62,22215,22215,0.7258064516129032,0.7239583333333333,0.7343750000000001,0.45145756498324363,0.03172843437641859,0.002674652263522148,,,,,
lung_cancer_epithelial_genexp,2,2,9,60,RandomFuzzyRules__max_literal_repetitions__3,125,62,22215,22215,0.6290322580645161,0.6197916666666666,0.678125,0.29411860898048137,0.031065622344613075,0.0026566023007035255,,,,,
lung_cancer_epithelial_genexp,3,0,10,60,RandomFuzzyRules__max_literal_repetitions__1,124,63,22215,22215,0.5079365079365079,0.49696969696969695,0.5969696969696969,-0.006819150516320994,0.029696215875446796,0.002624283544719219,,,,,
lung_cancer_epithelial_genexp,3,0,10,60,RandomFuzzyRules__max_literal_repetitions__2,124,63,22215,22215,0.5238095238095238,0.5121212121212121,0.6050505050505051,0.02781536249477377,0.03197052236646414,0.00268448144197464,,,,,
lung_cancer_epithelial_genexp,3,0,10,60,RandomFuzzyRules__max_literal_repetitions__3,124,63,22215,22215,0.6031746031746031,0.5954545454545455,0.6,0.20225995873897262,0.031182981096208096,0.0026710815727710724,,,,,
lung_cancer_epithelial_genexp,3,1,11,60,RandomFuzzyRules__max_literal_repetitions__1,125,62,22215,22215,0.4838709677419355,0.49375,0.46770833333333334,-0.0158113883008419,0.030202210880815983,0.002581292763352394,,,,,
lung_cancer_epithelial_genexp,3,1,11,60,RandomFuzzyRules__max_literal_repetitions__2,125,62,22215,22215,0.5967741935483871,0.5864583333333333,0.625,0.22619918764133948,0.031415888108313084,0.002704022452235222,,,,,
lung_cancer_epithelial_genexp,3,1,11,60,RandomFuzzyRules__max_literal_repetitions__3,125,62,22215,22215,0.6129032258064516,0.6104166666666666,0.5895833333333333,0.22364661023097637,0.0317460848018527,0.002632763236761093,,,,,
lung_cancer_epithelial_genexp,3,2,12,60,RandomFuzzyRules__max_literal_repetitions__1,125,62,22215,22215,0.5806451612903226,0.5791666666666666,0.6328125000000001,0.15899720766358738,0.03027913998812437,0.002580813132226467,,,,,
lung_cancer_epithelial_genexp,3,2,12,60,RandomFuzzyRules__max_literal_repetitions__2,125,62,22215,22215,0.6290322580645161,0.63125,0.6708333333333333,0.264575131106459,0.03257587552070618,0.0026835408061742783,,,,,
lung_cancer_epithelial_genexp,3,2,12,60,RandomFuzzyRules__max_literal_repetitions__3,125,62,22215,22215,0.6935483870967742,0.6927083333333333,0.7458333333333333,0.38602029533202026,0.031495447270572186,0.002597283571958542,,,,,
lung_cancer_epithelial_genexp,4,0,13,60,RandomFuzzyRules__max_literal_repetitions__1,124,63,22215,22215,0.5079365079365079,0.5060606060606061,0.5858585858585857,0.012145773873089042,0.02944399882107973,0.006732538342475891,,,,,
lung_cancer_epithelial_genexp,4,0,13,60,RandomFuzzyRules__max_literal_repetitions__2,124,63,22215,22215,0.6190476190476191,0.6181818181818182,0.601010101010101,0.23636363636363636,0.030157350935041904,0.006932777352631092,,,,,
lung_cancer_epithelial_genexp,4,0,13,60,RandomFuzzyRules__max_literal_repetitions__3,124,63,22215,22215,0.6031746031746031,0.5969696969696969,0.6626262626262627,0.20118227630781807,0.03059836756438017,0.007258073426783085,,,,,
lung_cancer_epithelial_genexp,4,1,14,60,RandomFuzzyRules__max_literal_repetitions__1,125,62,22215,22215,0.6612903225806451,0.659375,0.7005208333333334,0.3212698020578431,0.030984003096818924,0.0026576919481158257,,,,,
lung_cancer_epithelial_genexp,4,1,14,60,RandomFuzzyRules__max_literal_repetitions__2,125,62,22215,22215,0.6935483870967742,0.6864583333333334,0.6854166666666667,0.41775022506835624,0.033058750443160534,0.002651851624250412,,,,,
lung_cancer_epithelial_genexp,4,1,14,60,RandomFuzzyRules__max_literal_repetitions__3,125,62,22215,22215,0.5483870967741935,0.553125,0.5895833333333333,0.11097450567175737,0.03125869017094374,0.0026496918871998787,,,,,
lung_cancer_epithelial_genexp,4,2,15,60,RandomFuzzyRules__max_literal_repetitions__1,125,62,22215,22215,0.6129032258064516,0.6135416666666667,0.6270833333333334,0.22708333333333333,0.030416148714721203,0.0025327540934085846,,,,,
lung_cancer_epithelial_genexp,4,2,15,60,RandomFuzzyRules__max_literal_repetitions__2,125,62,22215,22215,0.6612903225806451,0.65,0.6447916666666667,0.4255961412791452,0.03124050982296467,0.002599373459815979,,,,,
lung_cancer_epithelial_genexp,4,2,15,60,RandomFuzzyRules__max_literal_repetitions__3,125,62,22215,22215,0.6612903225806451,0.6572916666666666,0.7406249999999999,0.32544312757038596,0.030651496723294258,0.0026229722425341606,,,,,
lung_cancer_epithelial_genexp,5,0,16,60,RandomFuzzyRules__max_literal_repetitions__1,124,63,22215,22215,0.5238095238095238,0.5242424242424242,0.5828282828282829,0.04843594796964828,0.029833904467523098,0.00695656705647707,,,,,
lung_cancer_epithelial_genexp,5,0,16,60,RandomFuzzyRules__max_literal_repetitions__2,124,63,22215,22215,0.5238095238095238,0.5242424242424242,0.5828282828282829,0.04843594796964828,0.030148581601679325,0.007426961325109005,,,,,
lung_cancer_epithelial_genexp,5,0,16,60,RandomFuzzyRules__max_literal_repetitions__3,124,63,22215,22215,0.5238095238095238,0.5242424242424242,0.5828282828282829,0.04843594796964828,0.0302716800943017,0.007175734266638756,,,,,
lung_cancer_epithelial_genexp,5,1,17,60,RandomFuzzyRules__max_literal_repetitions__1,125,62,22215,22215,0.6129032258064516,0.6083333333333334,0.7072916666666667,0.2263009527424072,0.03109799139201641,0.0026698624715209007,,,,,
lung_cancer_epithelial_genexp,5,1,17,60,RandomFuzzyRules__max_literal_repetitions__2,125,62,22215,22215,0.7096774193548387,0.7020833333333334,0.715625,0.46159086124879656,0.03149097692221403,0.0026881108060479164,,,,,
lung_cancer_epithelial_genexp,5,1,17,60,RandomFuzzyRules__max_literal_repetitions__3,125,62,22215,22215,0.6774193548387096,0.671875,0.7083333333333333,0.3674842076295835,0.03168928436934948,0.0026289522647857666,,,,,
lung_cancer_epithelial_genexp,5,2,18,60,RandomFuzzyRules__max_literal_repetitions__1,125,62,22215,22215,0.5967741935483871,0.590625,0.6739583333333333,0.19647287646713604,0.02960835676640272,0.0026248423382639885,,,,,
lung_cancer_epithelial_genexp,5,2,18,60,RandomFuzzyRules__max_literal_repetitions__2,125,62,22215,22215,0.6451612903225806,0.6447916666666667,0.6260416666666666,0.28958333333333336,0.03097663354128599,0.002667192369699478,,,,,
lung_cancer_epithelial_genexp,5,2,18,60,RandomFuzzyRules__max_literal_repetitions__3,125,62,22215,22215,0.6129032258064516,0.609375,0.6375,0.22443276451862745,0.031157560646533966,0.00267840176820755,,,,,
lung_cancer_epithelial_genexp,6,0,19,60,RandomFuzzyRules__max_literal_repetitions__1,124,63,22215,22215,0.5079365079365079,0.5166666666666666,0.4818181818181818,0.03576408488192953,0.030448137782514095,0.002629282884299755,,,,,
lung_cancer_epithelial_genexp,6,0,19,60,RandomFuzzyRules__max_literal_repetitions__2,124,63,22215,22215,0.6507936507936508,0.6439393939393939,0.6737373737373737,0.3015949004459542,0.031967561691999435,0.002669292502105236,,,,,
lung_cancer_epithelial_genexp,6,0,19,60,RandomFuzzyRules__max_literal_repetitions__3,124,63,22215,22215,0.6666666666666666,0.6712121212121213,0.7585858585858586,0.34737180465197615,0.031140901148319244,0.0027365507557988167,,,,,
lung_cancer_epithelial_genexp,6,1,20,60,RandomFuzzyRules__max_literal_repetitions__1,125,62,22215,22215,0.46774193548387094,0.4614583333333333,0.4739583333333333,-0.08355743022165556,0.030311180278658867,0.0026276027783751488,,,,,
lung_cancer_epithelial_genexp,6,1,20,60,RandomFuzzyRules__max_literal_repetitions__2,125,62,22215,22215,0.6451612903225806,0.634375,0.6729166666666667,0.36515934351163215,0.03186941333115101,0.0025681229308247566,,,,,
lung_cancer_epithelial_genexp,6,1,20,60,RandomFuzzyRules__max_literal_repetitions__3,125,62,22215,22215,0.5967741935483871,0.5864583333333333,0.6875,0.22619918764133948,0.030968131497502327,0.00260115135461092,,,,,
lung_cancer_epithelial_genexp,6,2,21,60,RandomFuzzyRules__max_literal_repetitions__1,125,62,22215,22215,0.5967741935483871,0.5958333333333333,0.615625,0.19196684957051818,0.029426959343254566,0.0026681022718548775,,,,,
lung_cancer_epithelial_genexp,6,2,21,60,RandomFuzzyRules__max_literal_repetitions__2,125,62,22215,22215,0.6612903225806451,0.6572916666666666,0.7447916666666666,0.32544312757038596,0.03187937289476395,0.0027730008587241173,,,,,
lung_cancer_epithelial_genexp,6,2,21,60,RandomFuzzyRules__max_literal_repetitions__3,125,62,22215,22215,0.5483870967741935,0.55,0.5458333333333333,0.10041928905068677,0.03185148350894451,0.002682860940694809,,,,,
lung_cancer_epithelial_genexp,7,0,22,60,RandomFuzzyRules__max_literal_repetitions__1,124,63,22215,22215,0.5396825396825397,0.5333333333333333,0.5505050505050505,0.06915640748081246,0.029972923919558525,0.0026435526087880135,,,,,
lung_cancer_epithelial_genexp,7,0,22,60,RandomFuzzyRules__max_literal_repetitions__2,124,63,22215,22215,0.5555555555555556,0.5515151515151515,0.5202020202020201,0.104518950072276,0.030874894000589848,0.0026074033230543137,,,,,
lung_cancer_epithelial_genexp,7,0,22,60,RandomFuzzyRules__max_literal_repetitions__3,124,63,22215,22215,0.5238095238095238,0.5151515151515151,0.5979797979797981,0.03251280443811776,0.03072208631783724,0.002688881941139698,,,,,
lung_cancer_epithelial_genexp,7,1,23,60,RandomFuzzyRules__max_literal_repetitions__1,125,62,22215,22215,0.5161290322580645,0.5229166666666667,0.5354166666666667,0.05046083923495819,0.030322929844260216,0.0026228921487927437,,,,,
lung_cancer_epithelial_genexp,7,1,23,60,RandomFuzzyRules__max_literal_repetitions__2,125,62,22215,22215,0.7419354838709677,0.7354166666666666,0.7489583333333334,0.5183704394136615,0.031527936458587646,0.002617042511701584,,,,,
lung_cancer_epithelial_genexp,7,1,23,60,RandomFuzzyRules__max_literal_repetitions__3,125,62,22215,22215,0.6129032258064516,0.6125,0.6124999999999999,0.225,0.03132421895861626,0.002701621502637863,,,,,
lung_cancer_epithelial_genexp,7,2,24,60,RandomFuzzyRules__max_literal_repetitions__1,125,62,22215,22215,0.5161290322580645,0.5239583333333333,0.575,0.05472468973568207,0.03049049712717533,0.0026031723245978355,,,,,
lung_cancer_epithelial_genexp,7,2,24,60,RandomFuzzyRules__max_literal_repetitions__2,125,62,22215,22215,0.7419354838709677,0.7427083333333333,0.7531249999999999,0.48541666666666666,0.03134139906615019,0.0026217112317681313,,,,,
lung_cancer_epithelial_genexp,7,2,24,60,RandomFuzzyRules__max_literal_repetitions__3,125,62,22215,22215,0.6290322580645161,0.6260416666666666,0.6520833333333333,0.2568081977866954,0.03139596898108721,0.002633132040500641,,,,,
lung_cancer_epithelial_genexp,8,0,25,60,RandomFuzzyRules__max_literal_repetitions__1,124,63,22215,22215,0.5873015873015873,0.5969696969696969,0.5838383838383838,0.21104763639563975,0.02948850765824318,0.0026753125712275505,,,,,
lung_cancer_epithelial_genexp,8,0,25,60,RandomFuzzyRules__max_literal_repetitions__2,124,63,22215,22215,0.5555555555555556,0.5606060606060606,0.5575757575757576,0.12373764497794919,0.03134731948375702,0.0026699816808104515,,,,,
lung_cancer_epithelial_genexp,8,0,25,60,RandomFuzzyRules__max_literal_repetitions__3,124,63,22215,22215,0.5396825396825397,0.5363636363636364,0.5808080808080809,0.07339758434175737,0.03083089552819729,0.002642441540956497,,,,,
lung_cancer_epithelial_genexp,8,1,26,60,RandomFuzzyRules__max_literal_repetitions__1,125,62,22215,22215,0.5483870967741935,0.5416666666666666,0.6135416666666668,0.09174698042719671,0.030086993239820004,0.002597162500023842,,,,,
lung_cancer_epithelial_genexp,8,1,26,60,RandomFuzzyRules__max_literal_repetitions__2,125,62,22215,22215,0.6935483870967742,0.6885416666666666,0.625,0.3981726066669595,0.031222110614180565,0.0026080626994371414,,,,,
lung_cancer_epithelial_genexp,8,1,26,60,RandomFuzzyRules__max_literal_repetitions__3,125,62,22215,22215,0.5967741935483871,0.590625,0.628125,0.19647287646713604,0.030963493511080742,0.00266176275908947,,,,,
lung_cancer_epithelial_genexp,8,2,27,60,RandomFuzzyRules__max_literal_repetitions__1,125,62,22215,22215,0.5483870967741935,0.5479166666666666,0.6052083333333333,0.09583333333333334,0.029698345810174942,0.0026094624772667885,,,,,
lung_cancer_epithelial_genexp,8,2,27,60,RandomFuzzyRules__max_literal_repetitions__2,125,62,22215,22215,0.7096774193548387,0.7,0.615625,0.5059644256269408,0.03265760559588671,0.002586742863059044,,,,,
lung_cancer_epithelial_genexp,8,2,27,60,RandomFuzzyRules__max_literal_repetitions__3,125,62,22215,22215,0.6451612903225806,0.640625,0.7166666666666666,0.2937560444252401,0.03298028185963631,0.002642822451889515,,,,,
lung_cancer_epithelial_genexp,9,0,28,60,RandomFuzzyRules__max_literal_repetitions__1,124,63,22215,22215,0.5238095238095238,0.5196969696969698,0.5878787878787879,0.039963127968811414,0.02971915528178215,0.0069651976227760315,,,,,
lung_cancer_epithelial_genexp,9,0,28,60,RandomFuzzyRules__max_literal_repetitions__2,124,63,22215,22215,0.6507936507936508,0.6363636363636364,0.6858585858585858,0.3468729675471602,0.030707056634128094,0.007140994071960449,,,,,
lung_cancer_epithelial_genexp,9,0,28,60,RandomFuzzyRules__max_literal_repetitions__3,124,63,22215,22215,0.6031746031746031,0.5924242424242424,0.6808080808080809,0.2079840907477903,0.030759734101593494,0.007046385668218136,,,,,
lung_cancer_epithelial_genexp,9,1,29,60,RandomFuzzyRules__max_literal_repetitions__1,125,62,22215,22215,0.6290322580645161,0.6364583333333333,0.6447916666666665,0.30572781834611545,0.029932132922112942,0.002618563361465931,,,,,
lung_cancer_epithelial_genexp,9,1,29,60,RandomFuzzyRules__max_literal_repetitions__2,125,62,22215,22215,0.5967741935483871,0.5885416666666666,0.709375,0.20664207128868395,0.031734623946249485,0.0026338621973991394,,,,,
lung_cancer_epithelial_genexp,9,1,29,60,RandomFuzzyRules__max_literal_repetitions__3,125,62,22215,22215,0.6129032258064516,0.60625,0.6708333333333333,0.23395480008935163,0.031375957652926445,0.0026764320209622383,,,,,
lung_cancer_epithelial_genexp,9,2,30,60,RandomFuzzyRules__max_literal_repetitions__1,125,62,22215,22215,0.5645161290322581,0.5666666666666667,0.584375,0.13438736818105856,0.02926013059914112,0.0025787334889173508,,,,,
lung_cancer_epithelial_genexp,9,2,30,60,RandomFuzzyRules__max_literal_repetitions__2,125,62,22215,22215,0.5161290322580645,0.5208333333333333,0.55,0.04351941398892446,0.031791163608431816,0.0026079323142766953,,,,,
lung_cancer_epithelial_genexp,9,2,30,60,RandomFuzzyRules__max_literal_repetitions__3,125,62,22215,22215,0.5806451612903226,0.5833333333333333,0.4895833333333333,0.16878989451394444,0.031897783279418945,0.002586512826383114,,,,,
lung_cancer_epithelial_genexp,10,0,31,60,RandomFuzzyRules__max_literal_repetitions__1,124,63,22215,22215,0.6031746031746031,0.5969696969696969,0.6474747474747475,0.20118227630781807,0.029807234182953835,0.007223763503134251,,,,,
lung_cancer_epithelial_genexp,10,0,31,60,RandomFuzzyRules__max_literal_repetitions__2,124,63,22215,22215,0.6349206349206349,0.6181818181818182,0.6555555555555556,0.33734954246999327,0.030351619236171246,0.007073435001075268,,,,,
lung_cancer_epithelial_genexp,10,0,31,60,RandomFuzzyRules__max_literal_repetitions__3,124,63,22215,22215,0.5555555555555556,0.543939393939394,0.6060606060606061,0.10083068904355492,0.03032515849918127,0.0069284262135624886,,,,,
lung_cancer_epithelial_genexp,10,1,32,60,RandomFuzzyRules__max_literal_repetitions__1,125,62,22215,22215,0.6451612903225806,0.6416666666666666,0.6375000000000001,0.290693866424127,0.03015769086778164,0.002676081843674183,,,,,
lung_cancer_epithelial_genexp,10,1,32,60,RandomFuzzyRules__max_literal_repetitions__2,125,62,22215,22215,0.6129032258064516,0.6072916666666667,0.6708333333333333,0.22939923264149759,0.03173625376075506,0.0026374515146017075,,,,,
lung_cancer_epithelial_genexp,10,1,32,60,RandomFuzzyRules__max_literal_repetitions__3,125,62,22215,22215,0.6612903225806451,0.6614583333333333,0.6968749999999999,0.3227486121839514,0.032300247810781,0.0026565222069621086,,,,,
lung_cancer_epithelial_genexp,10,2,33,60,RandomFuzzyRules__max_literal_repetitions__1,125,62,22215,22215,0.46774193548387094,0.465625,0.4510416666666667,-0.06929348671835832,0.030708285979926586,0.002625691704452038,,,,,
lung_cancer_epithelial_genexp,10,2,33,60,RandomFuzzyRules__max_literal_repetitions__2,125,62,22215,22215,0.6290322580645161,0.6229166666666667,0.6395833333333334,0.26648045313933394,0.03165178466588259,0.0025971727445721626,,,,,
lung_cancer_epithelial_genexp,10,2,33,60,RandomFuzzyRules__max_literal_repetitions__3,125,62,22215,22215,0.5806451612903226,0.584375,0.6625,0.17313384691436975,0.03100193291902542,0.0026379311457276344,,,,,
lung_cancer_epithelial_genexp,11,0,34,60,RandomFuzzyRules__max_literal_repetitions__1,124,63,22215,22215,0.5396825396825397,0.5378787878787878,0.5747474747474748,0.07591108670680652,0.030037352815270424,0.0026405230164527893,,,,,
lung_cancer_epithelial_genexp,11,0,34,60,RandomFuzzyRules__max_literal_repetitions__2,124,63,22215,22215,0.5555555555555556,0.5454545454545454,0.7282828282828282,0.10050378152592121,0.03166875522583723,0.0026889415457844734,,,,,
lung_cancer_epithelial_genexp,11,0,34,60,RandomFuzzyRules__max_literal_repetitions__3,124,63,22215,22215,0.5714285714285714,0.5712121212121213,0.5797979797979798,0.14228059716084182,0.032029591500759125,0.002674682065844536,,,,,
lung_cancer_epithelial_genexp,11,1,35,60,RandomFuzzyRules__max_literal_repetitions__1,125,62,22215,22215,0.5967741935483871,0.5979166666666667,0.6864583333333334,0.19614004195248597,0.02996793296188116,0.0025722533464431763,,,,,
lung_cancer_epithelial_genexp,11,1,35,60,RandomFuzzyRules__max_literal_repetitions__2,125,62,22215,22215,0.7580645161290323,0.7583333333333333,0.8270833333333333,0.5163977794943222,0.03143962845206261,0.0025791218504309654,,,,,
lung_cancer_epithelial_genexp,11,1,35,60,RandomFuzzyRules__max_literal_repetitions__3,125,62,22215,22215,0.6129032258064516,0.6125,0.615625,0.225,0.031362988986074924,0.002616502344608307,,,,,
lung_cancer_epithelial_genexp,11,2,36,60,RandomFuzzyRules__max_literal_repetitions__1,125,62,22215,22215,0.6612903225806451,0.6552083333333334,0.7156250000000001,0.33648802981153186,0.029572137631475925,0.0026820413768291473,,,,,
lung_cancer_epithelial_genexp,11,2,36,60,RandomFuzzyRules__max_literal_repetitions__2,125,62,22215,22215,0.6290322580645161,0.6302083333333333,0.6812500000000001,0.26082452387298666,0.03281939309090376,0.0026352517306804657,,,,,
lung_cancer_epithelial_genexp,11,2,36,60,RandomFuzzyRules__max_literal_repetitions__3,125,62,22215,22215,0.5645161290322581,0.5583333333333333,0.6177083333333334,0.12646529979493815,0.03283607307821512,0.002691861242055893,,,,,
lung_cancer_epithelial_genexp,12,0,37,60,RandomFuzzyRules__max_literal_repetitions__1,124,63,22215,22215,0.6190476190476191,0.6181818181818182,0.6727272727272727,0.23636363636363636,0.029714076779782772,0.002722321078181267,,,,,
lung_cancer_epithelial_genexp,12,0,37,60,RandomFuzzyRules__max_literal_repetitions__2,124,63,22215,22215,0.5396825396825397,0.5469696969696969,0.6191919191919192,0.09841517804025875,0.03198159206658602,0.0026465319097042084,,,,,
lung_cancer_epithelial_genexp,12,0,37,60,RandomFuzzyRules__max_literal_repetitions__3,124,63,22215,22215,0.6190476190476191,0.6166666666666667,0.697979797979798,0.23452078799117146,0.031185240484774113,0.0026396717876195908,,,,,
lung_cancer_epithelial_genexp,12,1,38,60,RandomFuzzyRules__max_literal_repetitions__1,125,62,22215,22215,0.5806451612903226,0.5833333333333333,0.65,0.16878989451394444,0.030222521163523197,0.002604053355753422,,,,,
lung_cancer_epithelial_genexp,12,1,38,60,RandomFuzzyRules__max_literal_repetitions__2,125,62,22215,22215,0.6129032258064516,0.6166666666666667,0.671875,0.2393949488198693,0.03136986866593361,0.0026651713997125626,,,,,
lung_cancer_epithelial_genexp,12,1,38,60,RandomFuzzyRules__max_literal_repetitions__3,125,62,22215,22215,0.5645161290322581,0.565625,0.5010416666666667,0.13145556003198527,0.031877944245934486,0.0026555918157100677,,,,,
lung_cancer_epithelial_genexp,12,2,39,60,RandomFuzzyRules__max_literal_repetitions__1,125,62,22215,22215,0.5967741935483871,0.590625,0.6489583333333333,0.19647287646713604,0.029546118341386318,0.002622031606733799,,,,,
lung_cancer_epithelial_genexp,12,2,39,60,RandomFuzzyRules__max_literal_repetitions__2,125,62,22215,22215,0.6129032258064516,0.603125,0.5135416666666666,0.2608879069638913,0.03170955553650856,0.002622881904244423,,,,,
lung_cancer_epithelial_genexp,12,2,39,60,RandomFuzzyRules__max_literal_repetitions__3,125,62,22215,22215,0.5967741935483871,0.5927083333333334,0.6635416666666667,0.19181747254148576,0.0317801833152771,0.002618301659822464,,,,,
lung_cancer_epithelial_genexp,13,0,40,60,RandomFuzzyRules__max_literal_repetitions__1,124,63,22215,22215,0.5555555555555556,0.5424242424242425,0.5737373737373738,0.10192943828752511,0.029766486026346684,0.0026189014315605164,,,,,
lung_cancer_epithelial_genexp,13,0,40,60,RandomFuzzyRules__max_literal_repetitions__2,124,63,22215,22215,0.6825396825396826,0.6666666666666666,0.6818181818181819,0.45557345160942025,0.030794795602560043,0.0026888009160757065,,,,,
lung_cancer_epithelial_genexp,13,0,40,60,RandomFuzzyRules__max_literal_repetitions__3,124,63,22215,22215,0.5396825396825397,0.5363636363636364,0.5777777777777777,0.07339758434175737,0.03236366808414459,0.0026839515194296837,,,,,
lung_cancer_epithelial_genexp,13,1,41,60,RandomFuzzyRules__max_literal_repetitions__1,125,62,22215,22215,0.5645161290322581,0.5708333333333333,0.5520833333333333,0.15356500689385347,0.029715976677834988,0.0025812434032559395,,,,,
lung_cancer_epithelial_genexp,13,1,41,60,RandomFuzzyRules__max_literal_repetitions__2,125,62,22215,22215,0.6451612903225806,0.6489583333333333,0.725,0.30565605072536883,0.03176627401262522,0.002606603316962719,,,,,
lung_cancer_epithelial_genexp,13,1,41,60,RandomFuzzyRules__max_literal_repetitions__3,125,62,22215,22215,0.5806451612903226,0.5833333333333333,0.6729166666666666,0.16878989451394444,0.031340609304606915,0.0026616016402840614,,,,,
lung_cancer_epithelial_genexp,13,2,42,60,RandomFuzzyRules__max_literal_repetitions__1,125,62,22215,22215,0.5967741935483871,0.59375,0.5791666666666666,0.19101436199010402,0.03026624023914337,0.0026075122877955437,,,,,
lung_cancer_epithelial_genexp,13,2,42,60,RandomFuzzyRules__max_literal_repetitions__2,125,62,22215,22215,0.6290322580645161,0.63125,0.6322916666666667,0.264575131106459,0.03194479178637266,0.002593441866338253,,,,,
lung_cancer_epithelial_genexp,13,2,42,60,RandomFuzzyRules__max_literal_repetitions__3,125,62,22215,22215,0.532258064516129,0.5354166666666667,0.5562499999999999,0.07216098119626152,0.0328940823674202,0.00261120218783617,,,,,
lung_cancer_epithelial_genexp,14,0,43,60,RandomFuzzyRules__max_literal_repetitions__1,124,63,22215,22215,0.49206349206349204,0.4893939393939394,0.5707070707070707,-0.021320071635561044,0.02983502484858036,0.007105945609509945,,,,,
lung_cancer_epithelial_genexp,14,0,43,60,RandomFuzzyRules__max_literal_repetitions__2,124,63,22215,22215,0.5238095238095238,0.5136363636363637,0.5737373737373737,0.03015113445777636,0.030324719846248627,0.00687053706496954,,,,,
lung_cancer_epithelial_genexp,14,0,43,60,RandomFuzzyRules__max_literal_repetitions__3,124,63,22215,22215,0.5714285714285714,0.5681818181818181,0.5808080808080808,0.13762047064079508,0.030976993031799793,0.0071275439113378525,,,,,
lung_cancer_epithelial_genexp,14,1,44,60,RandomFuzzyRules__max_literal_repetitions__1,125,62,22215,22215,0.5161290322580645,0.5177083333333333,0.6052083333333332,0.03556516487211823,0.03064596652984619,0.002658282406628132,,,,,
lung_cancer_epithelial_genexp,14,1,44,60,RandomFuzzyRules__max_literal_repetitions__2,125,62,22215,22215,0.5806451612903226,0.56875,0.559375,0.20497289793748072,0.03184945322573185,0.0025897128507494926,,,,,
lung_cancer_epithelial_genexp,14,1,44,60,RandomFuzzyRules__max_literal_repetitions__3,125,62,22215,22215,0.5967741935483871,0.603125,0.6229166666666667,0.22357258356605136,0.03209039103239775,0.002587652765214443,,,,,
lung_cancer_epithelial_genexp,14,2,45,60,RandomFuzzyRules__max_literal_repetitions__1,125,62,22215,22215,0.6129032258064516,0.6104166666666666,0.6604166666666667,0.22364661023097637,0.029704906046390533,0.0025876834988594055,,,,,
lung_cancer_epithelial_genexp,14,2,45,60,RandomFuzzyRules__max_literal_repetitions__2,125,62,22215,22215,0.6612903225806451,0.6510416666666666,0.6197916666666667,0.3951672555180027,0.03136188816279173,0.0026058927178382874,,,,,
lung_cancer_epithelial_genexp,14,2,45,60,RandomFuzzyRules__max_literal_repetitions__3,125,62,22215,22215,0.5967741935483871,0.5895833333333333,0.6812499999999999,0.20070681204401472,0.03177539352327585,0.0025873733684420586,,,,,
lung_cancer_epithelial_genexp,15,0,46,60,RandomFuzzyRules__max_literal_repetitions__1,124,63,22215,22215,0.5714285714285714,0.5681818181818181,0.5838383838383838,0.13762047064079508,0.03031712956726551,0.006993926130235195,,,,,
lung_cancer_epithelial_genexp,15,0,46,60,RandomFuzzyRules__max_literal_repetitions__2,124,63,22215,22215,0.6984126984126984,0.6863636363636364,0.6636363636363636,0.43706146852900135,0.03020257130265236,0.00690829660743475,,,,,
lung_cancer_epithelial_genexp,15,0,46,60,RandomFuzzyRules__max_literal_repetitions__3,124,63,22215,22215,0.6031746031746031,0.6106060606060606,0.6828282828282828,0.2317518708689964,0.03082247357815504,0.007002696394920349,,,,,
lung_cancer_epithelial_genexp,15,1,47,60,RandomFuzzyRules__max_literal_repetitions__1,125,62,22215,22215,0.6451612903225806,0.640625,0.6276041666666666,0.2937560444252401,0.03022761084139347,0.0026705320924520493,,,,,
lung_cancer_epithelial_genexp,15,1,47,60,RandomFuzzyRules__max_literal_repetitions__2,125,62,22215,22215,0.5806451612903226,0.5770833333333334,0.646875,0.15817166261312793,0.03189149405807257,0.0026481226086616516,,,,,
lung_cancer_epithelial_genexp,15,1,47,60,RandomFuzzyRules__max_literal_repetitions__3,125,62,22215,22215,0.4838709677419355,0.49166666666666664,0.5421875,-0.019034674690672024,0.031203540042042732,0.0027044322341680527,,,,,
lung_cancer_epithelial_genexp,15,2,48,60,RandomFuzzyRules__max_literal_repetitions__1,125,62,22215,22215,0.6290322580645161,0.6239583333333334,0.7270833333333334,0.26178199001860875,0.029623307287693024,0.0026439521461725235,,,,,
lung_cancer_epithelial_genexp,15,2,48,60,RandomFuzzyRules__max_literal_repetitions__2,125,62,22215,22215,0.5645161290322581,0.565625,0.6395833333333334,0.13145556003198527,0.031694645062088966,0.0025695525109767914,,,,,
lung_cancer_epithelial_genexp,15,2,48,60,RandomFuzzyRules__max_literal_repetitions__3,125,62,22215,22215,0.6451612903225806,0.640625,0.66875,0.2937560444252401,0.03111428115516901,0.002611112780869007,,,,,
lung_cancer_epithelial_genexp,16,0,49,60,RandomFuzzyRules__max_literal_repetitions__1,124,63,22215,22215,0.5873015873015873,0.5848484848484848,0.5939393939393939,0.17056057308448835,0.029988682828843594,0.002676042728126049,,,,,
lung_cancer_epithelial_genexp,16,0,49,60,RandomFuzzyRules__max_literal_repetitions__2,124,63,22215,22215,0.6507936507936508,0.6530303030303031,0.6272727272727273,0.30668079029549833,0.03363622538745403,0.0027459999546408653,,,,,
lung_cancer_epithelial_genexp,16,0,49,60,RandomFuzzyRules__max_literal_repetitions__3,124,63,22215,22215,0.6349206349206349,0.6287878787878788,0.6494949494949496,0.2671952107213209,0.03166252560913563,0.0027440814301371574,,,,,
lung_cancer_epithelial_genexp,16,1,50,60,RandomFuzzyRules__max_literal_repetitions__1,125,62,22215,22215,0.6290322580645161,0.6239583333333334,0.6656249999999999,0.26178199001860875,0.030026933178305626,0.002582482062280178,,,,,
lung_cancer_epithelial_genexp,16,1,50,60,RandomFuzzyRules__max_literal_repetitions__2,125,62,22215,22215,0.6935483870967742,0.69375,0.7145833333333333,0.3872983346207417,0.03204841073602438,0.002605592831969261,,,,,
lung_cancer_epithelial_genexp,16,1,50,60,RandomFuzzyRules__max_literal_repetitions__3,125,62,22215,22215,0.6129032258064516,0.6166666666666667,0.6895833333333333,0.2393949488198693,0.031569075770676136,0.0026110829785466194,,,,,
lung_cancer_epithelial_genexp,16,2,51,60,RandomFuzzyRules__max_literal_repetitions__1,125,62,22215,22215,0.6290322580645161,0.625,0.6541666666666667,0.25863030005593585,0.029964013025164604,0.002624591812491417,,,,,
lung_cancer_epithelial_genexp,16,2,51,60,RandomFuzzyRules__max_literal_repetitions__2,125,62,22215,22215,0.6290322580645161,0.6197916666666666,0.6906249999999999,0.29411860898048137,0.03236164711415768,0.0026750322431325912,,,,,
lung_cancer_epithelial_genexp,16,2,51,60,RandomFuzzyRules__max_literal_repetitions__3,125,62,22215,22215,0.6290322580645161,0.6229166666666667,0.7364583333333334,0.26648045313933394,0.03282410278916359,0.0026713917031884193,,,,,
lung_cancer_epithelial_genexp,17,0,52,60,RandomFuzzyRules__max_literal_repetitions__1,124,63,22215,22215,0.6507936507936508,0.646969696969697,0.7090909090909091,0.2981864163826698,0.03015095181763172,0.002646881155669689,,,,,
lung_cancer_epithelial_genexp,17,0,52,60,RandomFuzzyRules__max_literal_repetitions__2,124,63,22215,22215,0.6825396825396826,0.6712121212121211,0.7111111111111111,0.3928919952386795,0.030744295567274094,0.0026747118681669235,,,,,
lung_cancer_epithelial_genexp,17,0,52,60,RandomFuzzyRules__max_literal_repetitions__3,124,63,22215,22215,0.5873015873015873,0.5863636363636364,0.6545454545454545,0.17272727272727273,0.03210703004151583,0.0026169121265411377,,,,,
lung_cancer_epithelial_genexp,17,1,53,60,RandomFuzzyRules__max_literal_repetitions__1,125,62,22215,22215,0.5967741935483871,0.5947916666666666,0.5770833333333333,0.19108203913244265,0.03020022064447403,0.00261757243424654,,,,,
lung_cancer_epithelial_genexp,17,1,53,60,RandomFuzzyRules__max_literal_repetitions__2,125,62,22215,22215,0.5806451612903226,0.575,0.6614583333333334,0.16035674514745463,0.03168708551675081,0.0027054306119680405,,,,,
lung_cancer_epithelial_genexp,17,1,53,60,RandomFuzzyRules__max_literal_repetitions__3,125,62,22215,22215,0.6129032258064516,0.6125,0.6822916666666667,0.225,0.031848142854869366,0.0025892332196235657,,,,,
lung_cancer_epithelial_genexp,17,2,54,60,RandomFuzzyRules__max_literal_repetitions__1,125,62,22215,22215,0.5645161290322581,0.56875,0.609375,0.14224666503076472,0.03069669660180807,0.0026346417143940926,,,,,
lung_cancer_epithelial_genexp,17,2,54,60,RandomFuzzyRules__max_literal_repetitions__2,125,62,22215,22215,0.6290322580645161,0.6270833333333333,0.6666666666666667,0.2561759205951429,0.0312638096511364,0.0028446493670344353,,,,,
lung_cancer_epithelial_genexp,17,2,54,60,RandomFuzzyRules__max_literal_repetitions__3,125,62,22215,22215,0.5806451612903226,0.5770833333333334,0.5802083333333334,0.15817166261312793,0.03187183476984501,0.002656701020896435,,,,,
lung_cancer_epithelial_genexp,18,0,55,60,RandomFuzzyRules__max_literal_repetitions__1,124,63,22215,22215,0.6507936507936508,0.6439393939393939,0.6838383838383839,0.3015949004459542,0.029656176455318928,0.002672642469406128,,,,,
lung_cancer_epithelial_genexp,18,0,55,60,RandomFuzzyRules__max_literal_repetitions__2,124,63,22215,22215,0.5714285714285714,0.5787878787878787,0.5666666666666667,0.16508352445462757,0.031127890571951866,0.002632671967148781,,,,,
lung_cancer_epithelial_genexp,18,0,55,60,RandomFuzzyRules__max_literal_repetitions__3,124,63,22215,22215,0.5873015873015873,0.5848484848484848,0.5888888888888889,0.17056057308448835,0.032091451808810234,0.0029209591448307037,,,,,
lung_cancer_epithelial_genexp,18,1,56,60,RandomFuzzyRules__max_literal_repetitions__1,125,62,22215,22215,0.6612903225806451,0.659375,0.6895833333333334,0.3212698020578431,0.030207260511815548,0.002637391909956932,,,,,
lung_cancer_epithelial_genexp,18,1,56,60,RandomFuzzyRules__max_literal_repetitions__2,125,62,22215,22215,0.7096774193548387,0.70625,0.734375,0.4232160702351261,0.03133748844265938,0.0026553617790341377,,,,,
lung_cancer_epithelial_genexp,18,1,56,60,RandomFuzzyRules__max_literal_repetitions__3,125,62,22215,22215,0.5806451612903226,0.5729166666666666,0.6729166666666667,0.16655340354338022,0.03217849973589182,0.0026379628106951714,,,,,
lung_cancer_epithelial_genexp,18,2,57,60,RandomFuzzyRules__max_literal_repetitions__1,125,62,22215,22215,0.6290322580645161,0.628125,0.603125,0.2566513314910189,0.029585917480289936,0.002595912665128708,,,,,
lung_cancer_epithelial_genexp,18,2,57,60,RandomFuzzyRules__max_literal_repetitions__2,125,62,22215,22215,0.6612903225806451,0.6510416666666666,0.6791666666666666,0.3951672555180027,0.03225022926926613,0.002560453489422798,,,,,
lung_cancer_epithelial_genexp,18,2,57,60,RandomFuzzyRules__max_literal_repetitions__3,125,62,22215,22215,0.6290322580645161,0.6333333333333333,0.6645833333333333,0.2758723200596649,0.03341103717684746,0.0025992421433329582,,,,,
lung_cancer_epithelial_genexp,19,0,58,60,RandomFuzzyRules__max_literal_repetitions__1,124,63,22215,22215,0.6507936507936508,0.6499999999999999,0.6262626262626263,0.3,0.029759205877780914,0.006822887808084488,,,,,
lung_cancer_epithelial_genexp,19,0,58,60,RandomFuzzyRules__max_literal_repetitions__2,124,63,22215,22215,0.6825396825396826,0.6742424242424243,0.6646464646464646,0.3738972510383542,0.030349689535796642,0.007081365212798119,,,,,
lung_cancer_epithelial_genexp,19,0,58,60,RandomFuzzyRules__max_literal_repetitions__3,124,63,22215,22215,0.6031746031746031,0.606060606060606,0.6717171717171717,0.21320071635561041,0.03059715684503317,0.006649288348853588,,,,,
lung_cancer_epithelial_genexp,19,1,59,60,RandomFuzzyRules__max_literal_repetitions__1,125,62,22215,22215,0.5806451612903226,0.5791666666666666,0.5625,0.15899720766358738,0.02971822675317526,0.0025947224348783493,,,,,
lung_cancer_epithelial_genexp,19,1,59,60,RandomFuzzyRules__max_literal_repetitions__2,125,62,22215,22215,0.6612903225806451,0.659375,0.70625,0.3212698020578431,0.032104031182825565,0.0026713814586400986,,,,,
lung_cancer_epithelial_genexp,19,1,59,60,RandomFuzzyRules__max_literal_repetitions__3,125,62,22215,22215,0.7096774193548387,0.7052083333333333,0.7645833333333334,0.4286662277909059,0.03195522166788578,0.0026126625016331673,,,,,
lung_cancer_epithelial_genexp,19,2,60,60,RandomFuzzyRules__max_literal_repetitions__1,125,62,22215,22215,0.6129032258064516,0.6104166666666666,0.675,0.22364661023097637,0.03046705760061741,0.00258750282227993,,,,,
lung_cancer_epithelial_genexp,19,2,60,60,RandomFuzzyRules__max_literal_repetitions__2,125,62,22215,22215,0.6451612903225806,0.6427083333333333,0.7010416666666666,0.28905269435512987,0.03141235839575529,0.0026272619143128395,,,,,
lung_cancer_epithelial_genexp,19,2,60,60,RandomFuzzyRules__max_literal_repetitions__3,125,62,22215,22215,0.5806451612903226,0.584375,0.6114583333333333,0.17313384691436975,0.03184962458908558,0.002677411772310734,,,,,
marketing_campaign,0,0,1,30,RandomFuzzyRules__max_literal_repetitions__1,1493,747,24,40,0.8393574297188755,0.585883052864185,0.5863363363363363,0.22652038533858496,0.030493447557091713,0.00020714756101369858,,,,,
marketing_campaign,0,0,1,30,RandomFuzzyRules__max_literal_repetitions__2,1493,747,24,40,0.8594377510040161,0.6162672106068332,0.6180307666156722,0.319384473055725,0.03326511848717928,0.00020670797675848007,,,,,
marketing_campaign,0,0,1,30,RandomFuzzyRules__max_literal_repetitions__3,1493,747,24,40,0.8460508701472557,0.5637854835968044,0.5765694940223242,0.20155899899501212,0.03138995822519064,0.00019457843154668808,,,,,
marketing_campaign,0,1,2,30,RandomFuzzyRules__max_literal_repetitions__1,1493,747,24,40,0.8594377510040161,0.5533113048368954,0.5533113048368954,0.24177015664358,0.03131160885095596,0.00019809789955615997,,,,,
marketing_campaign,0,1,2,30,RandomFuzzyRules__max_literal_repetitions__2,1493,747,24,40,0.8594377510040161,0.5533113048368954,0.5533113048368954,0.24177015664358,0.031230909749865532,0.00019892770797014236,,,,,
marketing_campaign,0,1,2,30,RandomFuzzyRules__max_literal_repetitions__3,1493,747,24,40,0.8594377510040161,0.5533113048368954,0.5533113048368954,0.24177015664358,0.03140267729759216,0.00019600801169872284,,,,,
marketing_campaign,0,2,3,30,RandomFuzzyRules__max_literal_repetitions__1,1494,746,24,40,0.8739946380697051,0.5951620912250833,0.5951620912250833,0.36265694411306737,0.030785934068262577,0.00019863806664943695,,,,,
marketing_campaign,0,2,3,30,RandomFuzzyRules__max_literal_repetitions__2,1494,746,24,40,0.8739946380697051,0.5951620912250833,0.5951620912250833,0.36265694411306737,0.0313091604039073,0.00020348839461803436,,,,,
marketing_campaign,0,2,3,30,RandomFuzzyRules__max_literal_repetitions__3,1494,746,24,40,0.8739946380697051,0.5951620912250833,0.5951620912250833,0.36265694411306737,0.03160450607538223,0.00019652768969535828,,,,,
marketing_campaign,1,0,4,30,RandomFuzzyRules__max_literal_repetitions__1,1493,747,24,40,0.8554216867469879,0.5618519462859085,0.5618519462859086,0.2277782184726396,0.03083725366741419,0.00020009838044643402,,,,,
marketing_campaign,1,0,4,30,RandomFuzzyRules__max_literal_repetitions__2,1493,747,24,40,0.8554216867469879,0.5618519462859085,0.5618519462859086,0.2277782184726396,0.031138661317527294,0.00019799638539552689,,,,,
marketing_campaign,1,0,4,30,RandomFuzzyRules__max_literal_repetitions__3,1493,747,24,40,0.8554216867469879,0.5618519462859085,0.5618519462859086,0.2277782184726396,0.0316215343773365,0.00020186882466077805,,,,,
marketing_campaign,1,1,5,30,RandomFuzzyRules__max_literal_repetitions__1,1493,747,24,39,0.8688085676037484,0.5882381889763779,0.5883084926884139,0.33169505327788124,0.03042890876531601,0.00019899755716323853,,,,,
marketing_campaign,1,1,5,30,RandomFuzzyRules__max_literal_repetitions__2,1493,747,24,39,0.8688085676037484,0.5882381889763779,0.5882381889763779,0.33169505327788124,0.031719064339995384,0.0002015884965658188,,,,,
marketing_campaign,1,1,5,30,RandomFuzzyRules__max_literal_repetitions__3,1493,747,24,39,0.8554216867469879,0.5840410573678291,0.584041057367829,0.2665493789388021,0.03439073730260134,0.00021032802760601044,,,,,
marketing_campaign,1,2,6,30,RandomFuzzyRules__max_literal_repetitions__1,1494,746,24,40,0.8619302949061662,0.5546215506845428,0.5546215506845428,0.2533613887826075,0.030718316324055195,0.0001888880506157875,,,,,
marketing_campaign,1,2,6,30,RandomFuzzyRules__max_literal_repetitions__2,1494,746,24,40,0.8619302949061662,0.5546215506845428,0.5546215506845428,0.2533613887826075,0.03140686824917793,0.0002077082172036171,,,,,
marketing_campaign,1,2,6,30,RandomFuzzyRules__max_literal_repetitions__3,1494,746,24,40,0.8619302949061662,0.5546215506845428,0.5546215506845428,0.2533613887826075,0.03156736586242914,0.00019514746963977814,,,,,
marketing_campaign,2,0,7,30,RandomFuzzyRules__max_literal_repetitions__1,1493,747,24,39,0.8500669344042838,0.566143974162842,0.6253682928211229,0.21686041862300082,0.030980193056166172,0.00020276755094528198,,,,,
marketing_campaign,2,0,7,30,RandomFuzzyRules__max_literal_repetitions__2,1493,747,24,39,0.8674698795180723,0.6023924868264491,0.5647557935293784,0.3314921267063412,0.030932373367249966,0.00020943768322467804,,,,,
marketing_campaign,2,0,7,30,RandomFuzzyRules__max_literal_repetitions__3,1493,747,24,39,0.856760374832664,0.5440464048954615,0.6180590968326817,0.20432922740644724,0.03203376103192568,0.00019768811762332916,,,,,
marketing_campaign,2,1,8,30,RandomFuzzyRules__max_literal_repetitions__1,1493,747,24,40,0.8688085676037484,0.5772075365579302,0.5772075365579303,0.3260657791742148,0.03074935544282198,0.00019577797502279282,,,,,
marketing_campaign,2,1,8,30,RandomFuzzyRules__max_literal_repetitions__2,1493,747,24,40,0.8688085676037484,0.5772075365579302,0.5772075365579303,0.3260657791742148,0.03178027365356684,0.00020416732877492905,,,,,
marketing_campaign,2,1,8,30,RandomFuzzyRules__max_literal_repetitions__3,1493,747,24,40,0.8688085676037484,0.5772075365579302,0.5772075365579303,0.3260657791742148,0.03196214139461517,0.00019556749612092972,,,,,
marketing_campaign,2,2,9,30,RandomFuzzyRules__max_literal_repetitions__1,1494,746,24,39,0.8579088471849866,0.5373909342413279,0.537390934241328,0.20338597451715987,0.03747733402997255,0.00020588655024766922,,,,,
marketing_campaign,2,2,9,30,RandomFuzzyRules__max_literal_repetitions__2,1494,746,24,39,0.8579088471849866,0.5373909342413279,0.537390934241328,0.20338597451715987,0.03206739109009504,0.00020058825612068176,,,,,
marketing_campaign,2,2,9,30,RandomFuzzyRules__max_literal_repetitions__3,1494,746,24,39,0.8310991957104558,0.5513797261828758,0.5968078314535007,0.1476235701291627,0.03217335045337677,0.00021339859813451767,,,,,
marketing_campaign,3,0,10,30,RandomFuzzyRules__max_literal_repetitions__1,1493,747,24,40,0.8714859437751004,0.5861592724800272,0.5861592724800271,0.340787348047755,0.030903983861207962,0.00019862689077854156,,,,,
marketing_campaign,3,0,10,30,RandomFuzzyRules__max_literal_repetitions__2,1493,747,24,40,0.8714859437751004,0.5861592724800272,0.5861592724800271,0.340787348047755,0.031131811439990997,0.00019943807274103165,,,,,
marketing_campaign,3,0,10,30,RandomFuzzyRules__max_literal_repetitions__3,1493,747,24,40,0.8714859437751004,0.5861592724800272,0.5861592724800271,0.340787348047755,0.03128005005419254,0.0001971181482076645,,,,,
marketing_campaign,3,1,11,30,RandomFuzzyRules__max_literal_repetitions__1,1493,747,24,39,0.8514056224899599,0.5632944319460067,0.5632944319460067,0.21993041834906296,0.03087406326085329,0.00020372774451971054,,,,,
marketing_campaign,3,1,11,30,RandomFuzzyRules__max_literal_repetitions__2,1493,747,24,39,0.856760374832664,0.5701209223847019,0.5688976377952756,0.25103607258189325,0.034467725083231926,0.0002013780176639557,,,,,
marketing_campaign,3,1,11,30,RandomFuzzyRules__max_literal_repetitions__3,1493,747,24,39,0.8514056224899599,0.5632944319460067,0.5632944319460067,0.21993041834906296,0.031740845181047916,0.00019634701311588287,,,,,
marketing_campaign,3,2,12,30,RandomFuzzyRules__max_literal_repetitions__1,1494,746,24,40,0.8632707774798928,0.5591260551890473,0.5591260551890473,0.2671242071942715,0.030434567481279373,0.00019654817879199982,,,,,
marketing_campaign,3,2,12,30,RandomFuzzyRules__max_literal_repetitions__2,1494,746,24,40,0.853887399463807,0.5833510676030361,0.6006597148329431,0.2573822184104296,0.0318409139290452,0.00020239781588315964,,,,,
marketing_campaign,3,2,12,30,RandomFuzzyRules__max_literal_repetitions__3,1494,746,24,40,0.8632707774798928,0.5591260551890473,0.5591260551890473,0.2671242071942715,0.0315494854003191,0.00019843783229589462,,,,,
marketing_campaign,4,0,13,30,RandomFuzzyRules__max_literal_repetitions__1,1493,747,24,40,0.8701472556894244,0.5742180860105388,0.5742180860105388,0.327075180607645,0.03086899407207966,0.00020319689065217972,,,,,
marketing_campaign,4,0,13,30,RandomFuzzyRules__max_literal_repetitions__2,1493,747,24,40,0.8594377510040161,0.6013938466768656,0.6164301093546377,0.30005005981331145,0.031029622070491314,0.0002132672816514969,,,,,
marketing_campaign,4,0,13,30,RandomFuzzyRules__max_literal_repetitions__3,1493,747,24,40,0.8701472556894244,0.5742180860105388,0.5742180860105388,0.327075180607645,0.031296310015022755,0.00020468700677156448,,,,,
marketing_campaign,4,1,14,30,RandomFuzzyRules__max_literal_repetitions__1,1493,747,24,40,0.8688085676037484,0.5845613048368954,0.5845613048368954,0.3294148999553891,0.03066384606063366,0.00020484812557697296,,,,,
marketing_campaign,4,1,14,30,RandomFuzzyRules__max_literal_repetitions__2,1493,747,24,40,0.8688085676037484,0.5845613048368954,0.5845613048368954,0.3294148999553891,0.03164426516741514,0.00019713770598173141,,,,,
marketing_campaign,4,1,14,30,RandomFuzzyRules__max_literal_repetitions__3,1493,747,24,40,0.8688085676037484,0.5845613048368954,0.5845613048368954,0.3294148999553891,0.03149098716676235,0.0002107173204421997,,,,,
marketing_campaign,4,2,15,30,RandomFuzzyRules__max_literal_repetitions__1,1494,746,24,39,0.868632707774799,0.5882953819961694,0.611988366319075,0.32513053654183277,0.030840683728456497,0.0001969076693058014,,,,,
marketing_campaign,4,2,15,30,RandomFuzzyRules__max_literal_repetitions__2,1494,746,24,39,0.8646112600536193,0.5673476626232532,0.5673476626232532,0.2833480654353981,0.031057661399245262,0.0001986473798751831,,,,,
marketing_campaign,4,2,15,30,RandomFuzzyRules__max_literal_repetitions__3,1494,746,24,39,0.8565683646112601,0.5886429736823438,0.5886429736823439,0.2737232511707854,0.031992400996387005,0.0002007465809583664,,,,,
marketing_campaign,5,0,16,30,RandomFuzzyRules__max_literal_repetitions__1,1493,747,24,39,0.8473895582329317,0.5348249192588815,0.5348249192588814,0.14340918244619885,0.031011941842734814,0.0001996578648686409,,,,,
marketing_campaign,5,0,16,30,RandomFuzzyRules__max_literal_repetitions__2,1493,747,24,39,0.8487282463186078,0.539329423763386,0.5394994050654428,0.15865832198427,0.031210229732096195,0.00020648818463087082,,,,,
marketing_campaign,5,0,16,30,RandomFuzzyRules__max_literal_repetitions__3,1493,747,24,39,0.8473895582329317,0.5348249192588815,0.5348249192588814,0.14340918244619885,0.03168490529060364,0.00020730774849653244,,,,,
marketing_campaign,5,1,17,30,RandomFuzzyRules__max_literal_repetitions__1,1493,747,24,40,0.8607764390896921,0.5688062429696288,0.5688062429696287,0.26803987577846633,0.03284222260117531,0.000193827785551548,,,,,
marketing_campaign,5,1,17,30,RandomFuzzyRules__max_literal_repetitions__2,1493,747,24,40,0.8607764390896921,0.5688062429696288,0.5688062429696287,0.26803987577846633,0.03103314246982336,0.00019652768969535828,,,,,
marketing_campaign,5,1,17,30,RandomFuzzyRules__max_literal_repetitions__3,1493,747,24,40,0.8607764390896921,0.5688062429696288,0.5688062429696287,0.26803987577846633,0.031167699955403805,0.00019821804016828537,,,,,
marketing_campaign,5,2,18,30,RandomFuzzyRules__max_literal_repetitions__1,1494,746,24,40,0.8552278820375335,0.5432503369511243,0.6186990139746047,0.19539967501661346,0.031085211783647537,0.0002070469781756401,,,,,
marketing_campaign,5,2,18,30,RandomFuzzyRules__max_literal_repetitions__2,1494,746,24,40,0.8552278820375335,0.5432503369511243,0.6186990139746047,0.19539967501661346,0.03336389735341072,0.00023347698152065277,,,,,
marketing_campaign,5,2,18,30,RandomFuzzyRules__max_literal_repetitions__3,1494,746,24,40,0.8605898123324397,0.557551252039441,0.6500602965169894,0.24765920431890517,0.03153908625245094,0.00020096823573112488,,,,,
marketing_campaign,6,0,19,30,RandomFuzzyRules__max_literal_repetitions__1,1493,747,24,40,0.8674698795180723,0.5726457589665137,0.5726457589665136,0.30566799242793724,0.030381157994270325,0.00019633769989013672,,,,,
marketing_campaign,6,0,19,30,RandomFuzzyRules__max_literal_repetitions__2,1493,747,24,40,0.85809906291834,0.6043260241373449,0.6084409881579692,0.299769158164806,0.03083657380193472,0.0002024676650762558,,,,,
marketing_campaign,6,0,19,30,RandomFuzzyRules__max_literal_repetitions__3,1493,747,24,40,0.8674698795180723,0.5726457589665137,0.5726457589665136,0.30566799242793724,0.03125522006303072,0.00020744744688272476,,,,,
marketing_campaign,6,1,20,30,RandomFuzzyRules__max_literal_repetitions__1,1493,747,24,40,0.8661311914323963,0.5719558492688414,0.5719558492688414,0.3038866554223355,0.03160122595727444,0.00020371749997138977,,,,,
marketing_campaign,6,1,20,30,RandomFuzzyRules__max_literal_repetitions__2,1493,747,24,40,0.8420348058902276,0.6129358830146232,0.6053149606299212,0.2767033818773977,0.031218810006976128,0.0002069678157567978,,,,,
marketing_campaign,6,1,20,30,RandomFuzzyRules__max_literal_repetitions__3,1493,747,24,40,0.8473895582329317,0.5609322272215973,0.5801532620922385,0.20313598850839862,0.03169012535363436,0.00020059756934642792,,,,,
marketing_campaign,6,2,21,30,RandomFuzzyRules__max_literal_repetitions__1,1494,746,24,39,0.871313672922252,0.5898701851457757,0.6208413137546996,0.3424898117755088,0.030640145763754845,0.00019581802189350128,,,,,
marketing_campaign,6,2,21,30,RandomFuzzyRules__max_literal_repetitions__2,1494,746,24,39,0.8699731903485255,0.5816485777115699,0.5816485777115699,0.3293462720717143,0.031083560548722744,0.00019893795251846313,,,,,
marketing_campaign,6,2,21,30,RandomFuzzyRules__max_literal_repetitions__3,1494,746,24,39,0.8579088471849866,0.5522593459601334,0.6078456409165071,0.2248866459037809,0.0317362155765295,0.00020065810531377792,,,,,
marketing_campaign,7,0,22,30,RandomFuzzyRules__max_literal_repetitions__1,1493,747,24,40,0.8701472556894244,0.5704997450280469,0.5704997450280469,0.32704504415561597,0.0306715564802289,0.0001967577263712883,,,,,
marketing_campaign,7,0,22,30,RandomFuzzyRules__max_literal_repetitions__2,1493,747,24,40,0.8701472556894244,0.5704997450280469,0.5704997450280469,0.32704504415561597,0.031037362292408943,0.00019721779972314835,,,,,
marketing_campaign,7,0,22,30,RandomFuzzyRules__max_literal_repetitions__3,1493,747,24,40,0.8701472556894244,0.5704997450280469,0.5704997450280469,0.32704504415561597,0.031509486958384514,0.0001974981278181076,,,,,
marketing_campaign,7,1,23,30,RandomFuzzyRules__max_literal_repetitions__1,1493,747,24,39,0.8647925033467202,0.5821991001124859,0.582199100112486,0.30383074017290695,0.030848262831568718,0.00020844768732786179,,,,,
marketing_campaign,7,1,23,30,RandomFuzzyRules__max_literal_repetitions__2,1493,747,24,39,0.85809906291834,0.5819389763779528,0.5826279527559055,0.27316833345625774,0.03151190746575594,0.00020664744079113007,,,,,
marketing_campaign,7,1,23,30,RandomFuzzyRules__max_literal_repetitions__3,1493,747,24,39,0.8460508701472557,0.6667744656917884,0.6895528683914511,0.3574125739064843,0.032097470946609974,0.0002184780314564705,,,,,
marketing_campaign,7,2,24,30,RandomFuzzyRules__max_literal_repetitions__1,1494,746,24,40,0.868632707774799,0.573426970277364,0.573426970277364,0.315976879564278,0.030751154758036137,0.0001932978630065918,,,,,
marketing_campaign,7,2,24,30,RandomFuzzyRules__max_literal_repetitions__2,1494,746,24,40,0.868632707774799,0.573426970277364,0.573426970277364,0.315976879564278,0.03103526122868061,0.00020040851086378098,,,,,
marketing_campaign,7,2,24,30,RandomFuzzyRules__max_literal_repetitions__3,1494,746,24,40,0.868632707774799,0.573426970277364,0.573426970277364,0.315976879564278,0.031582766212522984,0.00019502826035022736,,,,,
marketing_campaign,8,0,25,30,RandomFuzzyRules__max_literal_repetitions__1,1493,747,24,40,0.8688085676037484,0.5771502634710182,0.5771502634710182,0.31770515037348873,0.03257238585501909,0.0002019684761762619,,,,,
marketing_campaign,8,0,25,30,RandomFuzzyRules__max_literal_repetitions__2,1493,747,24,40,0.8688085676037484,0.5771502634710182,0.5771502634710182,0.31770515037348873,0.03086419403553009,0.00020377710461616516,,,,,
marketing_campaign,8,0,25,30,RandomFuzzyRules__max_literal_repetitions__3,1493,747,24,40,0.8688085676037484,0.5771502634710182,0.5771502634710182,0.31770515037348873,0.03141936846077442,0.00020362716168165207,,,,,
marketing_campaign,8,1,26,30,RandomFuzzyRules__max_literal_repetitions__1,1493,747,24,39,0.8674698795180723,0.5874507874015749,0.6154035433070867,0.32324243730848357,0.030857833102345467,0.00020665768533945084,,,,,
marketing_campaign,8,1,26,30,RandomFuzzyRules__max_literal_repetitions__2,1493,747,24,39,0.8661311914323963,0.5719558492688414,0.5719558492688414,0.3038866554223355,0.03175804391503334,0.00020238850265741348,,,,,
marketing_campaign,8,1,26,30,RandomFuzzyRules__max_literal_repetitions__3,1493,747,24,39,0.8527443105756358,0.6743883577052868,0.6880694600674917,0.3789036542264817,0.03182143438607454,0.00021350756287574768,,,,,
marketing_campaign,8,2,27,30,RandomFuzzyRules__max_literal_repetitions__1,1494,746,24,40,0.868632707774799,0.5771440732070654,0.5771440732070654,0.31764925926647875,0.030399038456380367,0.00020132865756750107,,,,,
marketing_campaign,8,2,27,30,RandomFuzzyRules__max_literal_repetitions__2,1494,746,24,40,0.868632707774799,0.5771440732070654,0.5771440732070654,0.31764925926647875,0.031169951893389225,0.00019854679703712463,,,,,
marketing_campaign,8,2,27,30,RandomFuzzyRules__max_literal_repetitions__3,1494,746,24,40,0.868632707774799,0.5771440732070654,0.5771440732070654,0.31764925926647875,0.03148027788847685,0.00020254775881767273,,,,,
marketing_campaign,9,0,28,30,RandomFuzzyRules__max_literal_repetitions__1,1493,747,24,40,0.8647925033467202,0.5562000679925208,0.5562000679925208,0.2761456485383718,0.030393018387258053,0.00019322801381349564,,,,,
marketing_campaign,9,0,28,30,RandomFuzzyRules__max_literal_repetitions__2,1493,747,24,40,0.8647925033467202,0.5562000679925208,0.5562000679925208,0.2761456485383718,0.03156272601336241,0.0002021072432398796,,,,,
marketing_campaign,9,0,28,30,RandomFuzzyRules__max_literal_repetitions__3,1493,747,24,40,0.8647925033467202,0.5562000679925208,0.5562000679925208,0.2761456485383718,0.03175530396401882,0.00020452775061130524,,,,,
marketing_campaign,9,1,29,30,RandomFuzzyRules__max_literal_repetitions__1,1493,747,24,40,0.8674698795180723,0.5800970191226097,0.5800970191226097,0.31798279346189057,0.03409529011696577,0.0001913188025355339,,,,,
marketing_campaign,9,1,29,30,RandomFuzzyRules__max_literal_repetitions__2,1493,747,24,40,0.8674698795180723,0.5800970191226097,0.5800970191226097,0.31798279346189057,0.030828054063022137,0.00019701849669218063,,,,,
marketing_campaign,9,1,29,30,RandomFuzzyRules__max_literal_repetitions__3,1493,747,24,40,0.8674698795180723,0.5800970191226097,0.5800970191226097,0.31798279346189057,0.031519646756350994,0.00020016822963953018,,,,,
marketing_campaign,9,2,30,30,RandomFuzzyRules__max_literal_repetitions__1,1494,746,24,40,0.8552278820375335,0.5729871603887352,0.5729871603887352,0.24567218737161992,0.03281836211681366,0.0002172878012061119,,,,,
marketing_campaign,9,2,30,30,RandomFuzzyRules__max_literal_repetitions__2,1494,746,24,40,0.871313672922252,0.5898701851457757,0.5898701851457757,0.3424898117755088,0.031237689778208733,0.00019952841103076935,,,,,
marketing_campaign,9,2,30,30,RandomFuzzyRules__max_literal_repetitions__3,1494,746,24,40,0.871313672922252,0.5898701851457757,0.5898701851457757,0.3424898117755088,0.031400538980960846,0.0002034669741988182,,,,,
musk,0,0,1,60,RandomFuzzyRules__max_literal_repetitions__1,4672,1926,167,234,0.9132917964693665,0.5,0.5,0.0,0.06910165026783943,0.0009462600573897362,,,,,
musk,0,0,1,60,RandomFuzzyRules__max_literal_repetitions__2,4672,1926,167,234,0.9132917964693665,0.5,0.5,0.0,0.05551623273640871,0.0009308997541666031,,,,,
musk,0,0,1,60,RandomFuzzyRules__max_literal_repetitions__3,4672,1926,167,234,0.9132917964693665,0.5,0.5,0.0,0.05738728307187557,0.000939980149269104,,,,,
musk,0,1,2,60,RandomFuzzyRules__max_literal_repetitions__1,5831,767,167,234,0.47979139504563234,0.5,0.5,0.0,0.06527986004948616,0.0004612850025296211,,,,,
musk,0,1,2,60,RandomFuzzyRules__max_literal_repetitions__2,5831,767,167,234,0.47979139504563234,0.5,0.5,0.0,0.06623305007815361,0.00046116486191749573,,,,,
musk,0,1,2,60,RandomFuzzyRules__max_literal_repetitions__3,5831,767,167,234,0.47979139504563234,0.5,0.5,0.0,0.06757868453860283,0.00047180429100990295,,,,,
musk,0,2,3,60,RandomFuzzyRules__max_literal_repetitions__1,2693,3905,167,234,0.8845070422535212,0.5,0.7062142032695791,0.0,0.03604485932737589,0.001751510426402092,,,,,
musk,0,2,3,60,RandomFuzzyRules__max_literal_repetitions__2,2693,3905,167,234,0.8845070422535212,0.5,0.40166130210546724,0.0,0.03790259826928377,0.001712181605398655,,,,,
musk,0,2,3,60,RandomFuzzyRules__max_literal_repetitions__3,2693,3905,167,234,0.8845070422535212,0.5,0.5,0.0,0.038931017741560936,0.0016389936208724976,,,,,
musk,1,0,4,60,RandomFuzzyRules__max_literal_repetitions__1,4468,2130,167,234,0.8887323943661972,0.5,0.5,0.0,0.053076859563589096,0.001034758985042572,,,,,
musk,1,0,4,60,RandomFuzzyRules__max_literal_repetitions__2,4468,2130,167,234,0.6812206572769953,0.4386213030017319,0.607438909952501,-0.09095322052064873,0.05398219916969538,0.0010894276201725006,,,,,
musk,1,0,4,60,RandomFuzzyRules__max_literal_repetitions__3,4468,2130,167,234,0.8887323943661972,0.5,0.5,0.0,0.05568378232419491,0.001064848154783249,,,,,
musk,1,1,5,60,RandomFuzzyRules__max_literal_repetitions__1,3297,3301,167,234,0.8833686761587398,0.5,0.6931377264710598,0.0,0.04198160581290722,0.004196425899863243,,,,,
musk,1,1,5,60,RandomFuzzyRules__max_literal_repetitions__2,3297,3301,167,234,0.8833686761587398,0.5,0.5,0.0,0.042575289495289326,0.004110136069357395,,,,,
musk,1,1,5,60,RandomFuzzyRules__max_literal_repetitions__3,3297,3301,167,234,0.8833686761587398,0.5,0.5,0.0,0.04393751546740532,0.00392546784132719,,,,,
musk,1,2,6,60,RandomFuzzyRules__max_literal_repetitions__1,5431,1167,167,234,0.6615252784918595,0.5,0.5,0.0,0.06159009784460068,0.0005995128303766251,,,,,
musk,1,2,6,60,RandomFuzzyRules__max_literal_repetitions__2,5431,1167,167,234,0.6615252784918595,0.5,0.5,0.0,0.06298000458627939,0.0006052739918231964,,,,,
musk,1,2,6,60,RandomFuzzyRules__max_literal_repetitions__3,5431,1167,167,234,0.6615252784918595,0.5,0.5628533481996458,0.0,0.06467709597200155,0.0006055738776922226,,,,,
musk,2,0,7,60,RandomFuzzyRules__max_literal_repetitions__1,5412,1186,167,234,0.7630691399662732,0.5,0.5,0.0,0.06144607998430729,0.0005934536457061768,,,,,
musk,2,0,7,60,RandomFuzzyRules__max_literal_repetitions__2,5412,1186,167,234,0.7630691399662732,0.5,0.5,0.0,0.06260515842586756,0.0005902843549847603,,,,,
musk,2,0,7,60,RandomFuzzyRules__max_literal_repetitions__3,5412,1186,167,234,0.7630691399662732,0.5,0.5,0.0,0.06457985658198595,0.0005912641063332558,,,,,
musk,2,1,8,60,RandomFuzzyRules__max_literal_repetitions__1,3888,2710,167,234,0.9284132841328413,0.5,0.5,0.0,0.04586682468652725,0.0011382577940821648,,,,,
musk,2,1,8,60,RandomFuzzyRules__max_literal_repetitions__2,3888,2710,167,234,0.9284132841328413,0.5,0.5,0.0,0.047788104973733425,0.0011312682181596756,,,,,
musk,2,1,8,60,RandomFuzzyRules__max_literal_repetitions__3,3888,2710,167,234,0.9284132841328413,0.5,0.5,0.0,0.05275207199156284,0.0011327778920531273,,,,,
musk,2,2,9,60,RandomFuzzyRules__max_literal_repetitions__1,3896,2702,167,234,0.6324944485566247,0.41633268416017494,0.36863511343446764,-0.17111209639279612,0.04840038809925318,0.0011544879525899887,,,,,
musk,2,2,9,60,RandomFuzzyRules__max_literal_repetitions__2,3896,2702,167,234,0.7994078460399704,0.5,0.5,0.0,0.04904455225914717,0.0011002374812960625,,,,,
musk,2,2,9,60,RandomFuzzyRules__max_literal_repetitions__3,3896,2702,167,234,0.7994078460399704,0.5,0.6374406348230149,0.0,0.05047894548624754,0.0011579878628253937,,,,,
musk,3,0,10,60,RandomFuzzyRules__max_literal_repetitions__1,3757,2841,167,234,0.8567405843013024,0.5,0.4791477815306904,0.0,0.04635379929095507,0.0012165969237685204,,,,,
musk,3,0,10,60,RandomFuzzyRules__max_literal_repetitions__2,3757,2841,167,234,0.8567405843013024,0.5,0.49423250470908653,0.0,0.04701501317322254,0.0012076068669557571,,,,,
musk,3,0,10,60,RandomFuzzyRules__max_literal_repetitions__3,3757,2841,167,234,0.8567405843013024,0.5,0.5,0.0,0.048263910226523876,0.001201968640089035,,,,,
musk,3,1,11,60,RandomFuzzyRules__max_literal_repetitions__1,6106,492,167,234,0.5650406504065041,0.5,0.5,0.0,0.06736516859382391,0.0003900555893778801,,,,,
musk,3,1,11,60,RandomFuzzyRules__max_literal_repetitions__2,6106,492,167,234,0.5650406504065041,0.5,0.5,0.0,0.06805362086743116,0.00039202533662319183,,,,,
musk,3,1,11,60,RandomFuzzyRules__max_literal_repetitions__3,6106,492,167,234,0.5650406504065041,0.5,0.5,0.0,0.0691141989082098,0.00040654465556144714,,,,,
musk,3,2,12,60,RandomFuzzyRules__max_literal_repetitions__1,3333,3265,167,234,0.6664624808575804,0.5718640746960719,0.5805207002052593,0.10053113576472461,0.042104315012693405,0.0036760615184903145,,,,,
musk,3,2,12,60,RandomFuzzyRules__max_literal_repetitions__2,3333,3265,167,234,0.8787136294027565,0.5,0.5,0.0,0.047544537112116814,0.004042916931211948,,,,,
musk,3,2,12,60,RandomFuzzyRules__max_literal_repetitions__3,3333,3265,167,234,0.8787136294027565,0.5,0.5,0.0,0.04483397677540779,0.00407822709530592,,,,,
musk,4,0,13,60,RandomFuzzyRules__max_literal_repetitions__1,3491,3107,167,234,0.8915352429996781,0.5,0.5,0.0,0.044073513709008694,0.001291726715862751,,,,,
musk,4,0,13,60,RandomFuzzyRules__max_literal_repetitions__2,3491,3107,167,234,0.8915352429996781,0.5,0.5,0.0,0.04465839825570583,0.0012660175561904907,,,,,
musk,4,0,13,60,RandomFuzzyRules__max_literal_repetitions__3,3491,3107,167,234,0.8915352429996781,0.5,0.5,0.0,0.045835595577955246,0.0012494157999753952,,,,,
musk,4,1,14,60,RandomFuzzyRules__max_literal_repetitions__1,5100,1498,167,234,0.7997329773030708,0.5,0.5,0.0,0.05875538848340511,0.0014070160686969757,,,,,
musk,4,1,14,60,RandomFuzzyRules__max_literal_repetitions__2,5100,1498,167,234,0.8030707610146862,0.5083333333333333,0.4941318864774624,0.11564394007121755,0.05995733570307493,0.0014968644827604294,,,,,
musk,4,1,14,60,RandomFuzzyRules__max_literal_repetitions__3,5100,1498,167,234,0.7997329773030708,0.5,0.5230745687256539,0.0,0.06174085754901171,0.001420014537870884,,,,,
musk,4,2,15,60,RandomFuzzyRules__max_literal_repetitions__1,4605,1993,167,234,0.809332664325138,0.5,0.5,0.0,0.053193057887256145,0.0009997589513659477,,,,,
musk,4,2,15,60,RandomFuzzyRules__max_literal_repetitions__2,4605,1993,167,234,0.809332664325138,0.5,0.11907690801709792,0.0,0.055696831084787846,0.001023649238049984,,,,,
musk,4,2,15,60,RandomFuzzyRules__max_literal_repetitions__3,4605,1993,167,234,0.809332664325138,0.5,0.5,0.0,0.05617346614599228,0.0010132193565368652,,,,,
musk,5,0,16,60,RandomFuzzyRules__max_literal_repetitions__1,4455,2143,167,234,0.8128791413905739,0.5,0.4796783872694841,0.0,0.052904410287737846,0.0010697273537516594,,,,,
musk,5,0,16,60,RandomFuzzyRules__max_literal_repetitions__2,4455,2143,167,234,0.8128791413905739,0.5,0.5994020402495484,0.0,0.053904990665614605,0.0010696584358811378,,,,,
musk,5,0,16,60,RandomFuzzyRules__max_literal_repetitions__3,4455,2143,167,234,0.8128791413905739,0.5,0.43881971305948675,0.0,0.056341114453971386,0.0010757092386484146,,,,,
musk,5,1,17,60,RandomFuzzyRules__max_literal_repetitions__1,3927,2671,167,234,0.8932983901160614,0.5,0.5,0.0,0.04788142442703247,0.0010707592591643333,,,,,
musk,5,1,17,60,RandomFuzzyRules__max_literal_repetitions__2,3927,2671,167,234,0.8932983901160614,0.5,0.5,0.0,0.04933313839137554,0.0011142883449792862,,,,,
musk,5,1,17,60,RandomFuzzyRules__max_literal_repetitions__3,3927,2671,167,234,0.8932983901160614,0.5,0.5,0.0,0.05024278908967972,0.0010982481762766838,,,,,
musk,5,2,18,60,RandomFuzzyRules__max_literal_repetitions__1,4814,1784,167,234,0.8144618834080718,0.5,0.6344234140012434,0.0,0.055740540847182274,0.0009168796241283417,,,,,
musk,5,2,18,60,RandomFuzzyRules__max_literal_repetitions__2,4814,1784,167,234,0.8144618834080718,0.5,0.5,0.0,0.056916868314146996,0.0008955802768468857,,,,,
musk,5,2,18,60,RandomFuzzyRules__max_literal_repetitions__3,4814,1784,167,234,0.8144618834080718,0.5,0.5,0.0,0.05873514898121357,0.000879460945725441,,,,,
musk,6,0,19,60,RandomFuzzyRules__max_literal_repetitions__1,4573,2025,167,234,0.8676543209876543,0.5,0.5,0.0,0.054250787012279034,0.0010110987350344658,,,,,
musk,6,0,19,60,RandomFuzzyRules__max_literal_repetitions__2,4573,2025,167,234,0.6745679012345679,0.5041507743015147,0.6162110619356264,0.006372704549107115,0.055617242120206356,0.0010599475353956223,,,,,
musk,6,0,19,60,RandomFuzzyRules__max_literal_repetitions__3,4573,2025,167,234,0.8676543209876543,0.5,0.5,0.0,0.05705220717936754,0.001059308648109436,,,,,
musk,6,1,20,60,RandomFuzzyRules__max_literal_repetitions__1,3627,2971,167,234,0.8411309323460114,0.5,0.5,0.0,0.04400561563670635,0.00122135691344738,,,,,
musk,6,1,20,60,RandomFuzzyRules__max_literal_repetitions__2,3627,2971,167,234,0.8411309323460114,0.5,0.5,0.0,0.04562061745673418,0.0012325067073106766,,,,,
musk,6,1,20,60,RandomFuzzyRules__max_literal_repetitions__3,3627,2971,167,234,0.8411309323460114,0.5,0.4018853304033478,0.0,0.04676625598222017,0.0012814365327358246,,,,,
musk,6,2,21,60,RandomFuzzyRules__max_literal_repetitions__1,4996,1602,167,234,0.8270911360799001,0.5,0.5,0.0,0.058397662825882435,0.0008356012403964996,,,,,
musk,6,2,21,60,RandomFuzzyRules__max_literal_repetitions__2,4996,1602,167,234,0.8270911360799001,0.5,0.5,0.0,0.059532481245696545,0.0008340310305356979,,,,,
musk,6,2,21,60,RandomFuzzyRules__max_literal_repetitions__3,4996,1602,167,234,0.8270911360799001,0.5,0.5,0.0,0.06100413482636213,0.0008516805246472359,,,,,
musk,7,0,22,60,RandomFuzzyRules__max_literal_repetitions__1,4808,1790,167,234,0.7603351955307263,0.5,0.5,0.0,0.055440014228224754,0.0009012911468744278,,,,,
musk,7,0,22,60,RandomFuzzyRules__max_literal_repetitions__2,4808,1790,167,234,0.7603351955307263,0.5,0.5377387735947619,0.0,0.05774142034351826,0.0009204698726534843,,,,,
musk,7,0,22,60,RandomFuzzyRules__max_literal_repetitions__3,4808,1790,167,234,0.7603351955307263,0.5,0.3371612467865223,0.0,0.05857097078114748,0.0009284596890211105,,,,,
musk,7,1,23,60,RandomFuzzyRules__max_literal_repetitions__1,3411,3187,167,234,0.8920614998431127,0.5,0.6642692373761749,0.0,0.04259061999619007,0.0013474365696310997,,,,,
musk,7,1,23,60,RandomFuzzyRules__max_literal_repetitions__2,3411,3187,167,234,0.8920614998431127,0.5,0.4758494957013964,0.0,0.04413215350359678,0.0013472456485033035,,,,,
musk,7,1,23,60,RandomFuzzyRules__max_literal_repetitions__3,3411,3187,167,234,0.8920614998431127,0.5,0.5,0.0,0.04503832384943962,0.0013297060504555702,,,,,
musk,7,2,24,60,RandomFuzzyRules__max_literal_repetitions__1,4977,1621,167,234,0.8494756323257249,0.5,0.5,0.0,0.05837703309953213,0.000848851166665554,,,,,
musk,7,2,24,60,RandomFuzzyRules__max_literal_repetitions__2,4977,1621,167,234,0.8494756323257249,0.5,0.5,0.0,0.05935859214514494,0.0008307406678795815,,,,,
musk,7,2,24,60,RandomFuzzyRules__max_literal_repetitions__3,4977,1621,167,234,0.8494756323257249,0.5,0.5,0.0,0.06125751230865717,0.0008438611403107643,,,,,
musk,8,0,25,60,RandomFuzzyRules__max_literal_repetitions__1,4093,2505,167,234,0.817564870259481,0.5,0.5,0.0,0.05289445072412491,0.0010814284905791283,,,,,
musk,8,0,25,60,RandomFuzzyRules__max_literal_repetitions__2,4093,2505,167,234,0.817564870259481,0.5,0.5,0.0,0.051136689260602,0.0010447194799780846,,,,,
musk,8,0,25,60,RandomFuzzyRules__max_literal_repetitions__3,4093,2505,167,234,0.817564870259481,0.5,0.5,0.0,0.052539143711328506,0.0010564671829342842,,,,,
musk,8,1,26,60,RandomFuzzyRules__max_literal_repetitions__1,5368,1230,167,234,0.740650406504065,0.5,0.5,0.0,0.061706358566880226,0.0006159525364637375,,,,,
musk,8,1,26,60,RandomFuzzyRules__max_literal_repetitions__2,5368,1230,167,234,0.740650406504065,0.5,0.5,0.0,0.06296200398355722,0.0006293728947639465,,,,,
musk,8,1,26,60,RandomFuzzyRules__max_literal_repetitions__3,5368,1230,167,234,0.740650406504065,0.5,0.48108971160562813,0.0,0.06445302907377481,0.0006562527269124985,,,,,
musk,8,2,27,60,RandomFuzzyRules__max_literal_repetitions__1,3735,2863,167,234,0.9158225637443241,0.5,0.34363477248054286,0.0,0.04469113703817129,0.0012141866609454155,,,,,
musk,8,2,27,60,RandomFuzzyRules__max_literal_repetitions__2,3735,2863,167,234,0.9158225637443241,0.5,0.5,0.0,0.046902324073016644,0.0012310976162552834,,,,,
musk,8,2,27,60,RandomFuzzyRules__max_literal_repetitions__3,3735,2863,167,234,0.9158225637443241,0.5,0.6120371513304277,0.0,0.04823311045765877,0.0012485077604651451,,,,,
musk,9,0,28,60,RandomFuzzyRules__max_literal_repetitions__1,5213,1385,167,234,0.7776173285198555,0.5,0.5,0.0,0.05990795698016882,0.0006530536338686943,,,,,
musk,9,0,28,60,RandomFuzzyRules__max_literal_repetitions__2,5213,1385,167,234,0.7776173285198555,0.5,0.5,0.0,0.06180215533822775,0.0006564939394593239,,,,,
musk,9,0,28,60,RandomFuzzyRules__max_literal_repetitions__3,5213,1385,167,234,0.7776173285198555,0.5,0.5,0.0,0.06305789388716221,0.0006527332589030266,,,,,
musk,9,1,29,60,RandomFuzzyRules__max_literal_repetitions__1,3552,3046,167,234,0.9156270518713067,0.5,0.5,0.0,0.044050975702703,0.0012054070830345154,,,,,
musk,9,1,29,60,RandomFuzzyRules__max_literal_repetitions__2,3552,3046,167,234,0.9156270518713067,0.5,0.7198659826751288,0.0,0.04498919378966093,0.0012202970683574677,,,,,
musk,9,1,29,60,RandomFuzzyRules__max_literal_repetitions__3,3552,3046,167,234,0.9156270518713067,0.5,0.5,0.0,0.04620831273496151,0.0011919373646378517,,,,,
musk,9,2,30,60,RandomFuzzyRules__max_literal_repetitions__1,4431,2167,167,234,0.7914167051222889,0.5,0.5,0.0,0.0532615976408124,0.0010596998035907745,,,,,
musk,9,2,30,60,RandomFuzzyRules__max_literal_repetitions__2,4431,2167,167,234,0.7914167051222889,0.5,0.5,0.0,0.05378519184887409,0.0010633692145347595,,,,,
musk,9,2,30,60,RandomFuzzyRules__max_literal_repetitions__3,4431,2167,167,234,0.7914167051222889,0.5,0.5,0.0,0.05521942675113678,0.0010770773515105247,,,,,
musk,10,0,31,60,RandomFuzzyRules__max_literal_repetitions__1,4813,1785,167,234,0.8056022408963586,0.5,0.5,0.0,0.0564594529569149,0.0009216610342264175,,,,,
musk,10,0,31,60,RandomFuzzyRules__max_literal_repetitions__2,4813,1785,167,234,0.8084033613445378,0.5072046109510087,0.6387844548744854,0.10789211500565621,0.05696564819663763,0.0009321104735136032,,,,,
musk,10,0,31,60,RandomFuzzyRules__max_literal_repetitions__3,4813,1785,167,234,0.8056022408963586,0.5,0.4360783669281303,0.0,0.05884651746600866,0.0009079016745090485,,,,,
musk,10,1,32,60,RandomFuzzyRules__max_literal_repetitions__1,4510,2088,167,234,0.8160919540229885,0.5,0.5,0.0,0.05339707527309656,0.0010245293378829956,,,,,
musk,10,1,32,60,RandomFuzzyRules__max_literal_repetitions__2,4510,2088,167,234,0.8160919540229885,0.5,0.7446426606514085,0.0,0.055138446390628815,0.0010416088625788689,,,,,
musk,10,1,32,60,RandomFuzzyRules__max_literal_repetitions__3,4510,2088,167,234,0.8160919540229885,0.5,0.5295215302230046,0.0,0.05608274694532156,0.0010522985830903053,,,,,
musk,10,2,33,60,RandomFuzzyRules__max_literal_repetitions__1,3873,2725,167,234,0.895045871559633,0.5,0.3945723198490726,0.0,0.04697692301124334,0.001144607551395893,,,,,
musk,10,2,33,60,RandomFuzzyRules__max_literal_repetitions__2,3873,2725,167,234,0.895045871559633,0.5,0.5,0.0,0.049947552382946014,0.0011242777109146118,,,,,
musk,10,2,33,60,RandomFuzzyRules__max_literal_repetitions__3,3873,2725,167,234,0.895045871559633,0.5,0.5,0.0,0.05009317118674517,0.0011347876861691475,,,,,
musk,11,0,34,60,RandomFuzzyRules__max_literal_repetitions__1,4688,1910,167,234,0.8554973821989529,0.5,0.5,0.0,0.05515380669385195,0.000988990068435669,,,,,
musk,11,0,34,60,RandomFuzzyRules__max_literal_repetitions__2,4688,1910,167,234,0.8554973821989529,0.5,0.5,0.0,0.05595450755208731,0.0009785406291484833,,,,,
musk,11,0,34,60,RandomFuzzyRules__max_literal_repetitions__3,4688,1910,167,234,0.8554973821989529,0.5,0.44727307398932115,0.0,0.05773243959993124,0.0009716395288705826,,,,,
musk,11,1,35,60,RandomFuzzyRules__max_literal_repetitions__1,3314,3284,167,234,0.8611449451887941,0.5,0.5,0.0,0.04161695018410683,0.004097826778888702,,,,,
musk,11,1,35,60,RandomFuzzyRules__max_literal_repetitions__2,3314,3284,167,234,0.8611449451887941,0.5,0.5,0.0,0.042815638706088066,0.004086527042090893,,,,,
musk,11,1,35,60,RandomFuzzyRules__max_literal_repetitions__3,3314,3284,167,234,0.8611449451887941,0.5,0.3747425494429142,0.0,0.04417058266699314,0.004108276218175888,,,,,
musk,11,2,36,60,RandomFuzzyRules__max_literal_repetitions__1,5194,1404,167,234,0.7970085470085471,0.5,0.5,0.0,0.0600593751296401,0.0006578927859663963,,,,,
musk,11,2,36,60,RandomFuzzyRules__max_literal_repetitions__2,5194,1404,167,234,0.7970085470085471,0.5,0.5,0.0,0.07099511846899986,0.000669003464281559,,,,,
musk,11,2,36,60,RandomFuzzyRules__max_literal_repetitions__3,5194,1404,167,234,0.7970085470085471,0.5,0.5,0.0,0.06342981941998005,0.0006790636107325554,,,,,
musk,12,0,37,60,RandomFuzzyRules__max_literal_repetitions__1,4596,2002,167,234,0.8541458541458542,0.5,0.5,0.0,0.05349745415151119,0.0009974893182516098,,,,,
musk,12,0,37,60,RandomFuzzyRules__max_literal_repetitions__2,4596,2002,167,234,0.8541458541458542,0.5,0.5466214051109509,0.0,0.055029118433594704,0.0010262597352266312,,,,,
musk,12,0,37,60,RandomFuzzyRules__max_literal_repetitions__3,4596,2002,167,234,0.8541458541458542,0.5,0.5,0.0,0.05674588028341532,0.0010125786066055298,,,,,
musk,12,1,38,60,RandomFuzzyRules__max_literal_repetitions__1,3155,3443,167,234,0.9209991286668603,0.5,0.5,0.0,0.040928276255726814,0.004112605936825275,,,,,
musk,12,1,38,60,RandomFuzzyRules__max_literal_repetitions__2,3155,3443,167,234,0.9209991286668603,0.5,0.5,0.0,0.04134870320558548,0.004029438830912113,,,,,
musk,12,1,38,60,RandomFuzzyRules__max_literal_repetitions__3,3155,3443,167,234,0.9209991286668603,0.5,0.408947933478027,0.0,0.04286692664027214,0.004098647274076939,,,,,
musk,12,2,39,60,RandomFuzzyRules__max_literal_repetitions__1,5445,1153,167,234,0.6071118820468343,0.5,0.5,0.0,0.06269411742687225,0.0005905237048864365,,,,,
musk,12,2,39,60,RandomFuzzyRules__max_literal_repetitions__2,5445,1153,167,234,0.5342584562012143,0.46297855566067486,0.3970734783979817,-0.0951295695495687,0.06417273171246052,0.0006120828911662102,,,,,
musk,12,2,39,60,RandomFuzzyRules__max_literal_repetitions__3,5445,1153,167,234,0.6071118820468343,0.5,0.6614427625354777,0.0,0.06530093960464001,0.0005967942997813225,,,,,
musk,13,0,40,60,RandomFuzzyRules__max_literal_repetitions__1,4033,2565,167,234,0.8982456140350877,0.5,0.5,0.0,0.049293248914182186,0.0010870890691876411,,,,,
musk,13,0,40,60,RandomFuzzyRules__max_literal_repetitions__2,4033,2565,167,234,0.8982456140350877,0.5,0.5,0.0,0.051008960232138634,0.0010789288207888603,,,,,
musk,13,0,40,60,RandomFuzzyRules__max_literal_repetitions__3,4033,2565,167,234,0.8982456140350877,0.5,0.5,0.0,0.051743512973189354,0.0010904176160693169,,,,,
musk,13,1,41,60,RandomFuzzyRules__max_literal_repetitions__1,5625,973,167,234,0.5303186022610483,0.5,0.6546316557257477,0.0,0.06405648216605186,0.0005510738119482994,,,,,
musk,13,1,41,60,RandomFuzzyRules__max_literal_repetitions__2,5625,973,167,234,0.5303186022610483,0.5,0.419546079079945,0.0,0.06440204940736294,0.0005336841568350792,,,,,
musk,13,1,41,60,RandomFuzzyRules__max_literal_repetitions__3,5625,973,167,234,0.5303186022610483,0.5,0.5,0.0,0.06603882275521755,0.0005316343158483505,,,,,
musk,13,2,42,60,RandomFuzzyRules__max_literal_repetitions__1,3538,3060,167,234,0.9022875816993464,0.5,0.5,0.0,0.043147784657776356,0.0012892456725239754,,,,,
musk,13,2,42,60,RandomFuzzyRules__max_literal_repetitions__2,3538,3060,167,234,0.9035947712418301,0.5066889632107023,0.683343246048945,0.10993878420621904,0.04461847897619009,0.0012776264920830727,,,,,
musk,13,2,42,60,RandomFuzzyRules__max_literal_repetitions__3,3538,3060,167,234,0.9022875816993464,0.5,0.5,0.0,0.04606927279382944,0.001286037266254425,,,,,
musk,14,0,43,60,RandomFuzzyRules__max_literal_repetitions__1,4287,2311,167,234,0.9099956728688879,0.5,0.5,0.0,0.05101178027689457,0.0009684404358267784,,,,,
musk,14,0,43,60,RandomFuzzyRules__max_literal_repetitions__2,4287,2311,167,234,0.9099956728688879,0.5,0.5,0.0,0.0538499616086483,0.0009785192087292671,,,,,
musk,14,0,43,60,RandomFuzzyRules__max_literal_repetitions__3,4287,2311,167,234,0.9099956728688879,0.5,0.5,0.0,0.0561979953199625,0.0009867297485470772,,,,,
musk,14,1,44,60,RandomFuzzyRules__max_literal_repetitions__1,3686,2912,167,234,0.8780906593406593,0.5,0.2773694966041852,0.0,0.04421133268624544,0.0012371959164738655,,,,,
musk,14,1,44,60,RandomFuzzyRules__max_literal_repetitions__2,3686,2912,167,234,0.8780906593406593,0.5,0.5,0.0,0.046090152114629745,0.0012222463265061378,,,,,
musk,14,1,44,60,RandomFuzzyRules__max_literal_repetitions__3,3686,2912,167,234,0.8780906593406593,0.5,0.6325871537398029,0.0,0.04775453545153141,0.0012606270611286163,,,,,
musk,14,2,45,60,RandomFuzzyRules__max_literal_repetitions__1,5223,1375,167,234,0.6305454545454545,0.5873966240487499,0.6989768830087962,0.1731280828186797,0.06032208167016506,0.0006693331524729729,,,,,
musk,14,2,45,60,RandomFuzzyRules__max_literal_repetitions__2,5223,1375,167,234,0.6698181818181819,0.5,0.386464626172471,0.0,0.06147006992250681,0.0006836429238319397,,,,,
musk,14,2,45,60,RandomFuzzyRules__max_literal_repetitions__3,5223,1375,167,234,0.6698181818181819,0.5,0.498594948031014,0.0,0.06426365114748478,0.0006807120516896248,,,,,
musk,15,0,46,60,RandomFuzzyRules__max_literal_repetitions__1,4037,2561,167,234,0.7977352596641937,0.5,0.6321151233045506,0.0,0.04859096556901932,0.0011386480182409286,,,,,
musk,15,0,46,60,RandomFuzzyRules__max_literal_repetitions__2,4037,2561,167,234,0.7977352596641937,0.5,0.6944718475555479,0.0,0.04983554407954216,0.0010963976383209229,,,,,
musk,15,0,46,60,RandomFuzzyRules__max_literal_repetitions__3,4037,2561,167,234,0.7977352596641937,0.5,0.45154704736202533,0.0,0.05186913162469864,0.0010947389528155327,,,,,
musk,15,1,47,60,RandomFuzzyRules__max_literal_repetitions__1,3977,2621,167,234,0.5738267836703548,0.4255678857976451,0.497666588517245,-0.1039384051399098,0.04838535841554403,0.0011993469670414925,,,,,
musk,15,1,47,60,RandomFuzzyRules__max_literal_repetitions__2,3977,2621,167,234,0.4994276993513926,0.5110952641450454,0.4545222465353756,0.01483854919545641,0.050242829136550426,0.0010869977995753288,,,,,
musk,15,1,47,60,RandomFuzzyRules__max_literal_repetitions__3,3977,2621,167,234,0.5116367798550172,0.47367276232155886,0.4742445555902886,-0.03527550900996423,0.05264539271593094,0.0011270679533481598,,,,,
musk,15,2,48,60,RandomFuzzyRules__max_literal_repetitions__1,5182,1416,167,234,0.8848870056497176,0.5,0.5,0.0,0.059419192373752594,0.0006814626976847649,,,,,
musk,15,2,48,60,RandomFuzzyRules__max_literal_repetitions__2,5182,1416,167,234,0.8848870056497176,0.5,0.5,0.0,0.06040144059807062,0.0006663035601377487,,,,,
musk,15,2,48,60,RandomFuzzyRules__max_literal_repetitions__3,5182,1416,167,234,0.8848870056497176,0.5,0.7962974750170145,0.0,0.06271824613213539,0.0006858529523015022,,,,,
musk,16,0,49,60,RandomFuzzyRules__max_literal_repetitions__1,3984,2614,167,234,0.7957153787299158,0.5,0.5,0.0,0.0492306100204587,0.0010967478156089783,,,,,
musk,16,0,49,60,RandomFuzzyRules__max_literal_repetitions__2,3984,2614,167,234,0.7957153787299158,0.5,0.4421001692595794,0.0,0.05031023733317852,0.0011176280677318573,,,,,
musk,16,0,49,60,RandomFuzzyRules__max_literal_repetitions__3,3984,2614,167,234,0.7957153787299158,0.5,0.47931026721405934,0.0,0.051479906775057316,0.0011272281408309937,,,,,
musk,16,1,50,60,RandomFuzzyRules__max_literal_repetitions__1,4525,2073,167,234,0.8528702363724071,0.5,0.5,0.0,0.052696662954986095,0.0010175881907343864,,,,,
musk,16,1,50,60,RandomFuzzyRules__max_literal_repetitions__2,4525,2073,167,234,0.8528702363724071,0.5,0.5,0.0,0.05410041846334934,0.0010377094149589539,,,,,
musk,16,1,50,60,RandomFuzzyRules__max_literal_repetitions__3,4525,2073,167,234,0.8528702363724071,0.5,0.5,0.0,0.05630841478705406,0.0010259691625833511,,,,,
musk,16,2,51,60,RandomFuzzyRules__max_literal_repetitions__1,4687,1911,167,234,0.9068550497121926,0.5,0.5,0.0,0.05413123685866594,0.0009614499285817146,,,,,
musk,16,2,51,60,RandomFuzzyRules__max_literal_repetitions__2,4687,1911,167,234,0.9068550497121926,0.5,0.5,0.0,0.05665910989046097,0.0009765597060322762,,,,,
musk,16,2,51,60,RandomFuzzyRules__max_literal_repetitions__3,4687,1911,167,234,0.9068550497121926,0.5,0.5,0.0,0.05773563962429762,0.0009815702214837074,,,,,
musk,17,0,52,60,RandomFuzzyRules__max_literal_repetitions__1,4400,2198,167,234,0.859417652411283,0.5,0.5,0.0,0.052873700857162476,0.001075337640941143,,,,,
musk,17,0,52,60,RandomFuzzyRules__max_literal_repetitions__2,4400,2198,167,234,0.859417652411283,0.5,0.5,0.0,0.054027847945690155,0.0010793590918183327,,,,,
musk,17,0,52,60,RandomFuzzyRules__max_literal_repetitions__3,4400,2198,167,234,0.859417652411283,0.5,0.5642674931171953,0.0,0.055834139697253704,0.0011409586295485497,,,,,
musk,17,1,53,60,RandomFuzzyRules__max_literal_repetitions__1,5024,1574,167,234,0.7052096569250318,0.5,0.5,0.0,0.05853531137108803,0.0014286348596215248,,,,,
musk,17,1,53,60,RandomFuzzyRules__max_literal_repetitions__2,5024,1574,167,234,0.7052096569250318,0.5,0.5,0.0,0.05996301583945751,0.001524052582681179,,,,,
musk,17,1,53,60,RandomFuzzyRules__max_literal_repetitions__3,5024,1574,167,234,0.7052096569250318,0.5,0.5,0.0,0.061242152005434036,0.0016334522515535355,,,,,
musk,17,2,54,60,RandomFuzzyRules__max_literal_repetitions__1,3772,2826,167,234,0.913658881811748,0.5,0.5,0.0,0.044273911975324154,0.001212417148053646,,,,,
musk,17,2,54,60,RandomFuzzyRules__max_literal_repetitions__2,3772,2826,167,234,0.913658881811748,0.5,0.5146371157191654,0.0,0.0465367678552866,0.0011826781556010246,,,,,
musk,17,2,54,60,RandomFuzzyRules__max_literal_repetitions__3,3772,2826,167,234,0.913658881811748,0.5,0.5,0.0,0.04799171257764101,0.001200057566165924,,,,,
musk,18,0,55,60,RandomFuzzyRules__max_literal_repetitions__1,5937,661,167,234,0.6384266263237519,0.5,0.5,0.0,0.06598433293402195,0.0004297057166695595,,,,,
musk,18,0,55,60,RandomFuzzyRules__max_literal_repetitions__2,5937,661,167,234,0.6384266263237519,0.5,0.5,0.0,0.066915612667799,0.000428956001996994,,,,,
musk,18,0,55,60,RandomFuzzyRules__max_literal_repetitions__3,5937,661,167,234,0.6384266263237519,0.5,0.5,0.0,0.06823680736124516,0.0004252055659890175,,,,,
musk,18,1,56,60,RandomFuzzyRules__max_literal_repetitions__1,2500,4098,167,234,0.7571986334797463,0.5457788888602527,0.5600468487352847,0.07550108392177447,0.03502853028476238,0.0017956607043743134,,,,,
musk,18,1,56,60,RandomFuzzyRules__max_literal_repetitions__2,2500,4098,167,234,0.7469497315763787,0.6314519385239212,0.7327729239509865,0.19618936415161903,0.03555849380791187,0.001796560361981392,,,,,
musk,18,1,56,60,RandomFuzzyRules__max_literal_repetitions__3,2500,4098,167,234,0.808199121522694,0.6249117290791475,0.7826310318462584,0.2171728826229563,0.036932049319148064,0.00183046143501997,,,,,
musk,18,2,57,60,RandomFuzzyRules__max_literal_repetitions__1,4759,1839,167,234,0.8395867319195215,0.5,0.5,0.0,0.0723439147695899,0.0008319010958075523,,,,,
musk,18,2,57,60,RandomFuzzyRules__max_literal_repetitions__2,4759,1839,167,234,0.8395867319195215,0.5,0.5,0.0,0.055821869522333145,0.0008108513429760933,,,,,
musk,18,2,57,60,RandomFuzzyRules__max_literal_repetitions__3,4759,1839,167,234,0.8395867319195215,0.5,0.5,0.0,0.057920247316360474,0.0008270712569355965,,,,,
musk,19,0,58,60,RandomFuzzyRules__max_literal_repetitions__1,3350,3248,167,234,0.8512931034482759,0.5,0.5,0.0,0.04216803424060345,0.004068897105753422,,,,,
musk,19,0,58,60,RandomFuzzyRules__max_literal_repetitions__2,3350,3248,167,234,0.8512931034482759,0.5,0.5279080041482747,0.0,0.04270769841969013,0.004131856374442577,,,,,
musk,19,0,58,60,RandomFuzzyRules__max_literal_repetitions__3,3350,3248,167,234,0.8512931034482759,0.5,0.7309870123062984,0.0,0.04373864736407995,0.003911308944225311,,,,,
musk,19,1,59,60,RandomFuzzyRules__max_literal_repetitions__1,4212,2386,167,234,0.9052808046940486,0.5,0.5,0.0,0.05067772418260574,0.0009944494813680649,,,,,
musk,19,1,59,60,RandomFuzzyRules__max_literal_repetitions__2,4212,2386,167,234,0.9052808046940486,0.5,0.5,0.0,0.052229718305170536,0.0010193288326263428,,,,,
musk,19,1,59,60,RandomFuzzyRules__max_literal_repetitions__3,4212,2386,167,234,0.9052808046940486,0.5,0.5,0.0,0.05372677184641361,0.0010300287976861,,,,,
musk,19,2,60,60,RandomFuzzyRules__max_literal_repetitions__1,5634,964,167,234,0.6804979253112033,0.5,0.5,0.0,0.06287432461977005,0.0005203839391469955,,,,,
musk,19,2,60,60,RandomFuzzyRules__max_literal_repetitions__2,5634,964,167,234,0.6804979253112033,0.5,0.5,0.0,0.06545591820031404,0.00052669458091259,,,,,
musk,19,2,60,60,RandomFuzzyRules__max_literal_repetitions__3,5634,964,167,234,0.6804979253112033,0.5,0.4949863398796326,0.0,0.06685904320329428,0.0005376851186156273,,,,,
pancreatic_cancer_mouse_detection,0,0,1,60,RandomFuzzyRules__max_literal_repetitions__1,115,66,6772,6819,0.48484848484848486,0.5069124423963134,0.5539170506912442,0.02010563098848743,0.017940140329301357,0.0009826691821217537,,,,,
pancreatic_cancer_mouse_detection,0,0,1,60,RandomFuzzyRules__max_literal_repetitions__2,115,66,6772,6819,0.5,0.5211981566820276,0.5668202764976958,0.05901317066594032,0.01892847940325737,0.000994429923593998,,,,,
pancreatic_cancer_mouse_detection,0,0,1,60,RandomFuzzyRules__max_literal_repetitions__3,115,66,6772,6819,0.5303030303030303,0.5516129032258065,0.5585253456221198,0.1436842416214199,0.019425555132329464,0.0009756395593285561,,,,,
pancreatic_cancer_mouse_detection,0,1,2,60,RandomFuzzyRules__max_literal_repetitions__1,117,64,6772,6820,0.546875,0.5177339901477833,0.5802955665024631,0.0452352697840582,0.018769972026348114,0.0008137905970215797,,,,,
pancreatic_cancer_mouse_detection,0,1,2,60,RandomFuzzyRules__max_literal_repetitions__2,117,64,6772,6820,0.453125,0.4408866995073891,0.458128078817734,-0.12156613477096616,0.01931504625827074,0.0008178409188985825,,,,,
pancreatic_cancer_mouse_detection,0,1,2,60,RandomFuzzyRules__max_literal_repetitions__3,117,64,6772,6820,0.5625,0.5320197044334976,0.5960591133004927,0.08449792771373392,0.019961978308856487,0.0008162008598446846,,,,,
pancreatic_cancer_mouse_detection,0,2,3,60,RandomFuzzyRules__max_literal_repetitions__1,130,51,6772,6820,0.5490196078431373,0.5017857142857143,0.5330357142857143,0.0034275531069192606,0.019167887046933174,0.0016900822520256042,,,,,
pancreatic_cancer_mouse_detection,0,2,3,60,RandomFuzzyRules__max_literal_repetitions__2,130,51,6772,6820,0.5098039215686274,0.4732142857142857,0.47946428571428573,-0.050507627227610534,0.019675402902066708,0.0016818717122077942,,,,,
pancreatic_cancer_mouse_detection,0,2,3,60,RandomFuzzyRules__max_literal_repetitions__3,130,51,6772,6820,0.6078431372549019,0.5616071428571429,0.5026785714285714,0.11963599192036885,0.020111537538468838,0.0017587216570973396,,,,,
pancreatic_cancer_mouse_detection,1,0,4,60,RandomFuzzyRules__max_literal_repetitions__1,121,60,6772,6819,0.6,0.5882352941176471,0.666289592760181,0.17850138682385416,0.018921599723398685,0.0007765423506498337,,,,,
pancreatic_cancer_mouse_detection,1,0,4,60,RandomFuzzyRules__max_literal_repetitions__2,121,60,6772,6819,0.5833333333333334,0.5463800904977375,0.588235294117647,0.11157505632602395,0.019174636341631413,0.0008063726127147675,,,,,
pancreatic_cancer_mouse_detection,1,0,4,60,RandomFuzzyRules__max_literal_repetitions__3,121,60,6772,6819,0.6,0.5610859728506787,0.5837104072398189,0.1513513786491703,0.02001252770423889,0.0007820622995495796,,,,,
pancreatic_cancer_mouse_detection,1,1,5,60,RandomFuzzyRules__max_literal_repetitions__1,119,62,6772,6820,0.46774193548387094,0.46153846153846156,0.48931623931623935,-0.07607441180938383,0.018678382970392704,0.000822051428258419,,,,,
pancreatic_cancer_mouse_detection,1,1,5,60,RandomFuzzyRules__max_literal_repetitions__2,119,62,6772,6820,0.5483870967741935,0.530982905982906,0.47435897435897434,0.06277585696049084,0.01936920452862978,0.0008008414879441261,,,,,
pancreatic_cancer_mouse_detection,1,1,5,60,RandomFuzzyRules__max_literal_repetitions__3,119,62,6772,6820,0.5161290322580645,0.4925213675213675,0.4700854700854701,-0.015425838322648398,0.019381174817681313,0.00080134067684412,,,,,
pancreatic_cancer_mouse_detection,1,2,6,60,RandomFuzzyRules__max_literal_repetitions__1,122,59,6772,6820,0.5423728813559322,0.5299539170506913,0.5564516129032258,0.06870233745386015,0.01864222250878811,0.0007552318274974823,,,,,
pancreatic_cancer_mouse_detection,1,2,6,60,RandomFuzzyRules__max_literal_repetitions__2,122,59,6772,6820,0.576271186440678,0.560483870967742,0.5979262672811061,0.1551002419211146,0.019816690124571323,0.0007849819958209991,,,,,
pancreatic_cancer_mouse_detection,1,2,6,60,RandomFuzzyRules__max_literal_repetitions__3,122,59,6772,6820,0.5423728813559322,0.5247695852534562,0.597926267281106,0.06880220170568244,0.019686421379446983,0.0007709823548793793,,,,,
pancreatic_cancer_mouse_detection,2,0,7,60,RandomFuzzyRules__max_literal_repetitions__1,116,65,6772,6819,0.6153846153846154,0.6025641025641025,0.5936883629191321,0.2039250967738327,0.018289215862751007,0.0008176602423191071,,,,,
pancreatic_cancer_mouse_detection,2,0,7,60,RandomFuzzyRules__max_literal_repetitions__2,116,65,6772,6819,0.5230769230769231,0.5769230769230769,0.5177514792899408,0.1749635530559413,0.019220965914428234,0.0008148821070790291,,,,,
pancreatic_cancer_mouse_detection,2,0,7,60,RandomFuzzyRules__max_literal_repetitions__3,116,65,6772,6819,0.5846153846153846,0.5128205128205128,0.6183431952662721,0.036369648372665396,0.019313564524054527,0.0008171610534191132,,,,,
pancreatic_cancer_mouse_detection,2,1,8,60,RandomFuzzyRules__max_literal_repetitions__1,128,53,6772,6820,0.5283018867924528,0.5109970674486803,0.5491202346041055,0.022157177417302085,0.018809101544320583,0.001798810437321663,,,,,
pancreatic_cancer_mouse_detection,2,1,8,60,RandomFuzzyRules__max_literal_repetitions__2,128,53,6772,6820,0.5471698113207547,0.5601173020527859,0.530791788856305,0.1195355597850528,0.019818290136754513,0.0018057916313409805,,,,,
pancreatic_cancer_mouse_detection,2,1,8,60,RandomFuzzyRules__max_literal_repetitions__3,128,53,6772,6820,0.5471698113207547,0.5271260997067448,0.5344574780058651,0.05514899073637786,0.019107447937130928,0.0015959730371832848,,,,,
pancreatic_cancer_mouse_detection,2,2,9,60,RandomFuzzyRules__max_literal_repetitions__1,118,63,6772,6820,0.49206349206349204,0.4944556451612903,0.564516129032258,-0.011628764629047963,0.018387435004115105,0.0007882723584771156,,,,,
pancreatic_cancer_mouse_detection,2,2,9,60,RandomFuzzyRules__max_literal_repetitions__2,118,63,6772,6820,0.5238095238095238,0.5282258064516129,0.5584677419354839,0.06788442333021306,0.019604013301432133,0.0008090920746326447,,,,,
pancreatic_cancer_mouse_detection,2,2,9,60,RandomFuzzyRules__max_literal_repetitions__3,118,63,6772,6820,0.5396825396825397,0.544858870967742,0.5514112903225806,0.11815066113959706,0.019683102145791054,0.0008101928979158401,,,,,
pancreatic_cancer_mouse_detection,3,0,10,60,RandomFuzzyRules__max_literal_repetitions__1,112,69,6772,6819,0.5652173913043478,0.5548780487804879,0.5744773519163763,0.10871930568966823,0.0183611661195755,0.0009880103170871735,,,,,
pancreatic_cancer_mouse_detection,3,0,10,60,RandomFuzzyRules__max_literal_repetitions__2,112,69,6772,6819,0.5652173913043478,0.5775261324041812,0.5792682926829269,0.15306518229324925,0.018918680027127266,0.0010212790220975876,,,,,
pancreatic_cancer_mouse_detection,3,0,10,60,RandomFuzzyRules__max_literal_repetitions__3,112,69,6772,6819,0.4782608695652174,0.5043554006968641,0.5060975609756098,0.008898825966347891,0.01956669334322214,0.0010388493537902832,,,,,
pancreatic_cancer_mouse_detection,3,1,11,60,RandomFuzzyRules__max_literal_repetitions__1,117,64,6772,6820,0.453125,0.46089931573802545,0.5376344086021505,-0.0902550601789804,0.01849577482789755,0.0008373502641916275,,,,,
pancreatic_cancer_mouse_detection,3,1,11,60,RandomFuzzyRules__max_literal_repetitions__2,117,64,6772,6820,0.484375,0.4912023460410557,0.5405669599217986,-0.019557778346917184,0.019403064623475075,0.0008425107225775719,,,,,
pancreatic_cancer_mouse_detection,3,1,11,60,RandomFuzzyRules__max_literal_repetitions__3,117,64,6772,6820,0.5,0.5083088954056696,0.5332355816226784,0.01960502655914335,0.019775081425905228,0.0008365307003259659,,,,,
pancreatic_cancer_mouse_detection,3,2,12,60,RandomFuzzyRules__max_literal_repetitions__1,133,48,6772,6820,0.5416666666666666,0.49364791288566245,0.45735027223230484,-0.013980301652228746,0.019263646565377712,0.0015242034569382668,,,,,
pancreatic_cancer_mouse_detection,3,2,12,60,RandomFuzzyRules__max_literal_repetitions__2,133,48,6772,6820,0.6041666666666666,0.5635208711433757,0.4718693284936479,0.13668434131171125,0.019704781472682953,0.0014789747074246407,,,,,
pancreatic_cancer_mouse_detection,3,2,12,60,RandomFuzzyRules__max_literal_repetitions__3,133,48,6772,6820,0.5625,0.49274047186932846,0.441016333938294,-0.019051939705278707,0.02037733420729637,0.0016176234930753708,,,,,
pancreatic_cancer_mouse_detection,4,0,13,60,RandomFuzzyRules__max_literal_repetitions__1,110,71,6772,6819,0.5492957746478874,0.5862794612794613,0.6818181818181819,0.17388123249063075,0.018269176594913006,0.0010267486795783043,,,,,
pancreatic_cancer_mouse_detection,4,0,13,60,RandomFuzzyRules__max_literal_repetitions__2,110,71,6772,6819,0.5492957746478874,0.4861111111111111,0.5353535353535352,-0.031599803277473394,0.018863379955291748,0.0010505197569727898,,,,,
pancreatic_cancer_mouse_detection,4,0,13,60,RandomFuzzyRules__max_literal_repetitions__3,110,71,6772,6819,0.43661971830985913,0.4882154882154882,0.5286195286195285,-0.025436053228745,0.019697981886565685,0.0010589789599180222,,,,,
pancreatic_cancer_mouse_detection,4,1,14,60,RandomFuzzyRules__max_literal_repetitions__1,121,60,6772,6820,0.5,0.44999999999999996,0.475,-0.09782319760890369,0.01864551194012165,0.0007941620424389839,,,,,
pancreatic_cancer_mouse_detection,4,1,14,60,RandomFuzzyRules__max_literal_repetitions__2,121,60,6772,6820,0.55,0.5,0.48250000000000004,0.0,0.019756952300667763,0.0007763123139739037,,,,,
pancreatic_cancer_mouse_detection,4,1,14,60,RandomFuzzyRules__max_literal_repetitions__3,121,60,6772,6820,0.5,0.42500000000000004,0.44375,-0.1543033499620919,0.0201645465567708,0.0007783221080899239,,,,,
pancreatic_cancer_mouse_detection,4,2,15,60,RandomFuzzyRules__max_literal_repetitions__1,131,50,6772,6820,0.34,0.5,0.5632798573975044,0.0,0.01934506557881832,0.0016221832484006882,,,,,
pancreatic_cancer_mouse_detection,4,2,15,60,RandomFuzzyRules__max_literal_repetitions__2,131,50,6772,6820,0.38,0.5303030303030303,0.696969696969697,0.1465081788319221,0.019878780469298363,0.0016361931338906288,,,,,
pancreatic_cancer_mouse_detection,4,2,15,60,RandomFuzzyRules__max_literal_repetitions__3,131,50,6772,6820,0.34,0.5,0.5,0.0,0.020241386257112026,0.0016169631853699684,,,,,
pancreatic_cancer_mouse_detection,5,0,16,60,RandomFuzzyRules__max_literal_repetitions__1,104,77,6772,6819,0.45454545454545453,0.42852257181942544,0.39876880984952123,-0.15713752722497673,0.01802233885973692,0.002792070619761944,,,,,
pancreatic_cancer_mouse_detection,5,0,16,60,RandomFuzzyRules__max_literal_repetitions__2,104,77,6772,6819,0.45454545454545453,0.4808481532147743,0.49316005471956226,-0.0427081421758982,0.01862411294132471,0.002803620882332325,,,,,
pancreatic_cancer_mouse_detection,5,0,16,60,RandomFuzzyRules__max_literal_repetitions__3,104,77,6772,6819,0.5194805194805194,0.4928180574555403,0.4733242134062928,-0.016015553315961824,0.01879278104752302,0.002687150612473488,,,,,
pancreatic_cancer_mouse_detection,5,1,17,60,RandomFuzzyRules__max_literal_repetitions__1,135,46,6772,6820,0.5652173913043478,0.5578093306288032,0.5608519269776876,0.112039650223724,0.019513963721692562,0.0006265025585889816,,,,,
pancreatic_cancer_mouse_detection,5,1,17,60,RandomFuzzyRules__max_literal_repetitions__2,135,46,6772,6820,0.5217391304347826,0.511156186612576,0.5436105476673427,0.021621686885280073,0.01979944109916687,0.0006182733923196793,,,,,
pancreatic_cancer_mouse_detection,5,1,17,60,RandomFuzzyRules__max_literal_repetitions__3,135,46,6772,6820,0.6086956521739131,0.5801217038539555,0.5618661257606491,0.16024340770791076,0.0203001843765378,0.0005951542407274246,,,,,
pancreatic_cancer_mouse_detection,5,2,18,60,RandomFuzzyRules__max_literal_repetitions__1,123,58,6772,6820,0.5,0.5,0.441141498216409,0.0,0.01908300817012787,0.0007530516013503075,,,,,
pancreatic_cancer_mouse_detection,5,2,18,60,RandomFuzzyRules__max_literal_repetitions__2,123,58,6772,6820,0.5172413793103449,0.5172413793103448,0.4803804994054697,0.039374961547907886,0.019274476915597916,0.0007538804784417152,,,,,
pancreatic_cancer_mouse_detection,5,2,18,60,RandomFuzzyRules__max_literal_repetitions__3,123,58,6772,6820,0.5172413793103449,0.5172413793103449,0.4530321046373365,0.06142951168339512,0.02015349641442299,0.0007618116214871407,,,,,
pancreatic_cancer_mouse_detection,6,0,19,60,RandomFuzzyRules__max_literal_repetitions__1,132,49,6772,6819,0.42857142857142855,0.39824561403508774,0.4087719298245614,-0.20350877192982456,0.01938711479306221,0.001447533257305622,,,,,
pancreatic_cancer_mouse_detection,6,0,19,60,RandomFuzzyRules__max_literal_repetitions__2,132,49,6772,6819,0.46938775510204084,0.4508771929824561,0.387719298245614,-0.09673016668133488,0.019493343308568,0.0015925634652376175,,,,,
pancreatic_cancer_mouse_detection,6,0,19,60,RandomFuzzyRules__max_literal_repetitions__3,132,49,6772,6819,0.46938775510204084,0.4219298245614035,0.3684210526315789,-0.16506974894214832,0.020031077787280083,0.001597043126821518,,,,,
pancreatic_cancer_mouse_detection,6,1,20,60,RandomFuzzyRules__max_literal_repetitions__1,122,59,6772,6820,0.5254237288135594,0.49016203703703703,0.53125,-0.03519736631249669,0.019058508798480034,0.0007662316784262657,,,,,
pancreatic_cancer_mouse_detection,6,1,20,60,RandomFuzzyRules__max_literal_repetitions__2,122,59,6772,6820,0.5423728813559322,0.5260416666666666,0.6018518518518517,0.05635435216671452,0.01928468607366085,0.0007976116612553596,,,,,
pancreatic_cancer_mouse_detection,6,1,20,60,RandomFuzzyRules__max_literal_repetitions__3,122,59,6772,6820,0.5932203389830508,0.5815972222222222,0.6417824074074074,0.1698090356984735,0.02129460498690605,0.0007661422714591026,,,,,
pancreatic_cancer_mouse_detection,6,2,21,60,RandomFuzzyRules__max_literal_repetitions__1,108,73,6772,6820,0.5342465753424658,0.5245098039215685,0.555052790346908,0.05106296063785418,0.018503964878618717,0.0009295893833041191,,,,,
pancreatic_cancer_mouse_detection,6,2,21,60,RandomFuzzyRules__max_literal_repetitions__2,108,73,6772,6820,0.4657534246575342,0.4547511312217195,0.41478129713423834,-0.09513029883089882,0.019037648104131222,0.000939500518143177,,,,,
pancreatic_cancer_mouse_detection,6,2,21,60,RandomFuzzyRules__max_literal_repetitions__3,108,73,6772,6820,0.4657534246575342,0.45286576168929116,0.40384615384615385,-0.10122536019104246,0.01933269575238228,0.0009246310219168663,,,,,
pancreatic_cancer_mouse_detection,7,0,22,60,RandomFuzzyRules__max_literal_repetitions__1,132,49,6772,6819,0.46938775510204084,0.459866220735786,0.4230769230769231,-0.08415718409536588,0.018922549672424793,0.0015866933390498161,,,,,
pancreatic_cancer_mouse_detection,7,0,22,60,RandomFuzzyRules__max_literal_repetitions__2,132,49,6772,6819,0.5714285714285714,0.5510033444816054,0.4581939799331104,0.13773436818431956,0.019798951223492622,0.0015172939747571945,,,,,
pancreatic_cancer_mouse_detection,7,0,22,60,RandomFuzzyRules__max_literal_repetitions__3,132,49,6772,6819,0.46938775510204084,0.45735785953177255,0.4280936454849498,-0.09234948886510139,0.020358174107968807,0.001528044231235981,,,,,
pancreatic_cancer_mouse_detection,7,1,23,60,RandomFuzzyRules__max_literal_repetitions__1,110,71,6772,6820,0.5352112676056338,0.48641304347826086,0.5181159420289855,-0.026396344464997938,0.018802480772137642,0.0010587489232420921,,,,,
pancreatic_cancer_mouse_detection,7,1,23,60,RandomFuzzyRules__max_literal_repetitions__2,110,71,6772,6820,0.5633802816901409,0.541213768115942,0.49275362318840576,0.07809159619330008,0.0191385168582201,0.001007208600640297,,,,,
pancreatic_cancer_mouse_detection,7,1,23,60,RandomFuzzyRules__max_literal_repetitions__3,110,71,6772,6820,0.5352112676056338,0.644927536231884,0.5697463768115942,0.31786601771206735,0.01915963739156723,0.001032278873026371,,,,,
pancreatic_cancer_mouse_detection,7,2,24,60,RandomFuzzyRules__max_literal_repetitions__1,120,61,6772,6820,0.4426229508196721,0.5,0.5468409586056644,0.0,0.01854169461876154,0.0007809111848473549,,,,,
pancreatic_cancer_mouse_detection,7,2,24,60,RandomFuzzyRules__max_literal_repetitions__2,120,61,6772,6820,0.4426229508196721,0.5,0.4880174291938998,0.0,0.019471945241093636,0.0008006822317838669,,,,,
pancreatic_cancer_mouse_detection,7,2,24,60,RandomFuzzyRules__max_literal_repetitions__3,120,61,6772,6820,0.45901639344262296,0.5147058823529411,0.5920479302832244,0.11504474832710555,0.01948525384068489,0.0007872413843870163,,,,,
pancreatic_cancer_mouse_detection,8,0,25,60,RandomFuzzyRules__max_literal_repetitions__1,123,58,6772,6819,0.5344827586206896,0.5344827586206896,0.55410225921522,0.07106690545187014,0.018953129649162292,0.0007789125666022301,,,,,
pancreatic_cancer_mouse_detection,8,0,25,60,RandomFuzzyRules__max_literal_repetitions__2,123,58,6772,6819,0.5344827586206896,0.5344827586206897,0.5921521997621879,0.1,0.019403034821152687,0.0007499819621443748,,,,,
pancreatic_cancer_mouse_detection,8,0,25,60,RandomFuzzyRules__max_literal_repetitions__3,123,58,6772,6819,0.5689655172413793,0.5689655172413793,0.5969084423305588,0.18257418583505536,0.01984717044979334,0.0007763123139739037,,,,,
pancreatic_cancer_mouse_detection,8,1,26,60,RandomFuzzyRules__max_literal_repetitions__1,126,55,6772,6820,0.6727272727272727,0.5714285714285714,0.64,0.22043335708870274,0.01944594457745552,0.0008891196921467781,,,,,
pancreatic_cancer_mouse_detection,8,1,26,60,RandomFuzzyRules__max_literal_repetitions__2,126,55,6772,6820,0.45454545454545453,0.3892857142857143,0.3142857142857143,-0.23452566890916096,0.019759951159358025,0.0008323006331920624,,,,,
pancreatic_cancer_mouse_detection,8,1,26,60,RandomFuzzyRules__max_literal_repetitions__3,126,55,6772,6820,0.5636363636363636,0.48571428571428577,0.4471428571428571,-0.03327791628198609,0.020227985456585884,0.0008532507345080376,,,,,
pancreatic_cancer_mouse_detection,8,2,27,60,RandomFuzzyRules__max_literal_repetitions__1,113,68,6772,6820,0.47058823529411764,0.4585876198779425,0.4524847428073234,-0.08555347694233005,0.018185367807745934,0.0009756898507475853,,,,,
pancreatic_cancer_mouse_detection,8,2,27,60,RandomFuzzyRules__max_literal_repetitions__2,113,68,6772,6820,0.47058823529411764,0.46120313862249346,0.4555361813426329,-0.07898315673072966,0.018900450319051743,0.001008588820695877,,,,,
pancreatic_cancer_mouse_detection,8,2,27,60,RandomFuzzyRules__max_literal_repetitions__3,113,68,6772,6820,0.47058823529411764,0.46120313862249346,0.4555361813426329,-0.07898315673072966,0.019733482040464878,0.0010213600471615791,,,,,
pancreatic_cancer_mouse_detection,9,0,28,60,RandomFuzzyRules__max_literal_repetitions__1,123,58,6772,6819,0.4827586206896552,0.47261904761904766,0.4976190476190476,-0.0675536236148148,0.019006299786269665,0.0007856609299778938,,,,,
pancreatic_cancer_mouse_detection,9,0,28,60,RandomFuzzyRules__max_literal_repetitions__2,123,58,6772,6819,0.4482758620689655,0.444047619047619,0.46071428571428574,-0.11524593607423118,0.019648422487080097,0.0007502026855945587,,,,,
pancreatic_cancer_mouse_detection,9,0,28,60,RandomFuzzyRules__max_literal_repetitions__3,123,58,6772,6819,0.46551724137931033,0.46190476190476193,0.45,-0.07782916852651416,0.02042178437113762,0.0007833316922187805,,,,,
pancreatic_cancer_mouse_detection,9,1,29,60,RandomFuzzyRules__max_literal_repetitions__1,117,64,6772,6820,0.53125,0.471898197242842,0.4602332979851537,-0.05902513184886853,0.019032618962228298,0.0008400212973356247,,,,,
pancreatic_cancer_mouse_detection,9,1,29,60,RandomFuzzyRules__max_literal_repetitions__2,117,64,6772,6820,0.59375,0.5683987274655355,0.5259809119830329,0.13453384546460997,0.018938330002129078,0.0008087912574410439,,,,,
pancreatic_cancer_mouse_detection,9,1,29,60,RandomFuzzyRules__max_literal_repetitions__3,117,64,6772,6820,0.546875,0.531813361611877,0.5270413573700954,0.061541083462958945,0.01981575135141611,0.0008183615282177925,,,,,
pancreatic_cancer_mouse_detection,9,2,30,60,RandomFuzzyRules__max_literal_repetitions__1,122,59,6772,6820,0.4745762711864407,0.47126436781609193,0.5327586206896552,-0.06239965623375278,0.01897311955690384,0.0007761605083942413,,,,,
pancreatic_cancer_mouse_detection,9,2,30,60,RandomFuzzyRules__max_literal_repetitions__2,122,59,6772,6820,0.5084745762711864,0.5051724137931034,0.5298850574712644,0.0112319381220755,0.01959112286567688,0.000771012157201767,,,,,
pancreatic_cancer_mouse_detection,9,2,30,60,RandomFuzzyRules__max_literal_repetitions__3,122,59,6772,6820,0.4915254237288136,0.4896551724137931,0.5454022988505747,-0.02120790212264707,0.01989348977804184,0.0007565617561340332,,,,,
pancreatic_cancer_mouse_detection,10,0,31,60,RandomFuzzyRules__max_literal_repetitions__1,116,65,6772,6819,0.5846153846153846,0.5482456140350878,0.5146198830409356,0.10626159555108836,0.018842260353267193,0.0008187219500541687,,,,,
pancreatic_cancer_mouse_detection,10,0,31,60,RandomFuzzyRules__max_literal_repetitions__2,116,65,6772,6819,0.6307692307692307,0.5769980506822612,0.5409356725146198,0.20239052831636997,0.020895078778266907,0.0008103111758828163,,,,,
pancreatic_cancer_mouse_detection,10,0,31,60,RandomFuzzyRules__max_literal_repetitions__3,116,65,6772,6819,0.6,0.5614035087719298,0.6033138401559455,0.1377056581888109,0.019570293836295605,0.0008307406678795815,,,,,
pancreatic_cancer_mouse_detection,10,1,32,60,RandomFuzzyRules__max_literal_repetitions__1,124,57,6772,6820,0.45614035087719296,0.4844913151364764,0.5794044665012408,-0.04061846983656831,0.018680532462894917,0.0007389821112155914,,,,,
pancreatic_cancer_mouse_detection,10,1,32,60,RandomFuzzyRules__max_literal_repetitions__2,124,57,6772,6820,0.5087719298245614,0.5452853598014888,0.5477667493796525,0.15946620730782973,0.01940891519188881,0.0007589524611830711,,,,,
pancreatic_cancer_mouse_detection,10,1,32,60,RandomFuzzyRules__max_literal_repetitions__3,124,57,6772,6820,0.42105263157894735,0.4491315136476427,0.5514888337468983,-0.13322858106394406,0.01983308047056198,0.0011980170384049416,,,,,
pancreatic_cancer_mouse_detection,10,2,33,60,RandomFuzzyRules__max_literal_repetitions__1,122,59,6772,6820,0.5423728813559322,0.5245700245700246,0.5503685503685504,0.048088178388333604,0.019085426814854145,0.0007878821343183517,,,,,
pancreatic_cancer_mouse_detection,10,2,33,60,RandomFuzzyRules__max_literal_repetitions__2,122,59,6772,6820,0.5932203389830508,0.5743243243243243,0.5257985257985258,0.1463300512966626,0.01952508371323347,0.0007791919633746147,,,,,
pancreatic_cancer_mouse_detection,10,2,33,60,RandomFuzzyRules__max_literal_repetitions__3,122,59,6772,6820,0.5932203389830508,0.5743243243243243,0.5257985257985258,0.1463300512966626,0.020018568262457848,0.000779871828854084,,,,,
pancreatic_cancer_mouse_detection,11,0,34,60,RandomFuzzyRules__max_literal_repetitions__1,121,60,6772,6819,0.5666666666666667,0.5452488687782806,0.48642533936651583,0.09513029883089882,0.01871669292449951,0.0007795523852109909,,,,,
pancreatic_cancer_mouse_detection,11,0,34,60,RandomFuzzyRules__max_literal_repetitions__2,121,60,6772,6819,0.5166666666666667,0.46945701357466063,0.5039592760180995,-0.08477372848504612,0.01906110905110836,0.0007860520854592323,,,,,
pancreatic_cancer_mouse_detection,11,0,34,60,RandomFuzzyRules__max_literal_repetitions__3,121,60,6772,6819,0.5666666666666667,0.5271493212669683,0.4886877828054299,0.06726727939963124,0.01995654869824648,0.0007831109687685966,,,,,
pancreatic_cancer_mouse_detection,11,1,35,60,RandomFuzzyRules__max_literal_repetitions__1,122,59,6772,6820,0.559322033898305,0.5329411764705883,0.5611764705882353,0.06967416425108153,0.022900518029928207,0.0007796324789524078,,,,,
pancreatic_cancer_mouse_detection,11,1,35,60,RandomFuzzyRules__max_literal_repetitions__2,122,59,6772,6820,0.6101694915254238,0.571764705882353,0.6788235294117646,0.16671707921046017,0.019406914710998535,0.0007725106552243233,,,,,
pancreatic_cancer_mouse_detection,11,1,35,60,RandomFuzzyRules__max_literal_repetitions__3,122,59,6772,6820,0.4576271186440678,0.45529411764705885,0.5376470588235294,-0.08837806794588346,0.020015807822346687,0.0007825810462236404,,,,,
pancreatic_cancer_mouse_detection,11,2,36,60,RandomFuzzyRules__max_literal_repetitions__1,119,62,6772,6820,0.5483870967741935,0.5276907001044933,0.5778474399164054,0.0723333318269254,0.01895712874829769,0.0008197519928216934,,,,,
pancreatic_cancer_mouse_detection,11,2,36,60,RandomFuzzyRules__max_literal_repetitions__2,119,62,6772,6820,0.5,0.47596656217345873,0.4911180773249739,-0.07154182084435916,0.01951220352202654,0.0008169524371623993,,,,,
pancreatic_cancer_mouse_detection,11,2,36,60,RandomFuzzyRules__max_literal_repetitions__3,119,62,6772,6820,0.5806451612903226,0.5579937304075235,0.5741901776384535,0.16428874814874386,0.01986187044531107,0.0008045714348554611,,,,,
pancreatic_cancer_mouse_detection,12,0,37,60,RandomFuzzyRules__max_literal_repetitions__1,119,62,6772,6819,0.5483870967741935,0.5322751322751322,0.5375661375661376,0.0662548552106274,0.01859121397137642,0.0007995208725333214,,,,,
pancreatic_cancer_mouse_detection,12,0,37,60,RandomFuzzyRules__max_literal_repetitions__2,119,62,6772,6819,0.5483870967741935,0.5153439153439153,0.5312169312169311,0.035529372324842594,0.019539603032171726,0.0008278312161564827,,,,,
pancreatic_cancer_mouse_detection,12,0,37,60,RandomFuzzyRules__max_literal_repetitions__3,119,62,6772,6819,0.5806451612903226,0.5354497354497354,0.49206349206349204,0.09979291503678975,0.020029498264193535,0.000813591293990612,,,,,
pancreatic_cancer_mouse_detection,12,1,38,60,RandomFuzzyRules__max_literal_repetitions__1,113,68,6772,6820,0.6029411764705882,0.5521662245800177,0.6472148541114058,0.14569233644250532,0.018569323234260082,0.00098378024995327,,,,,
pancreatic_cancer_mouse_detection,12,1,38,60,RandomFuzzyRules__max_literal_repetitions__2,113,68,6772,6820,0.5,0.475685234305924,0.4509283819628647,-0.05083481087278529,0.0188061511144042,0.0009922096505761147,,,,,
pancreatic_cancer_mouse_detection,12,1,38,60,RandomFuzzyRules__max_literal_repetitions__3,113,68,6772,6820,0.45588235294117646,0.4504862953138815,0.4447391688770999,-0.09812066449060868,0.019562953151762486,0.0009993193671107292,,,,,
pancreatic_cancer_mouse_detection,12,2,39,60,RandomFuzzyRules__max_literal_repetitions__1,130,51,6772,6820,0.47058823529411764,0.46064814814814814,0.5787037037037037,-0.08333333333333333,0.018876349553465843,0.001746632158756256,,,,,
pancreatic_cancer_mouse_detection,12,2,39,60,RandomFuzzyRules__max_literal_repetitions__2,130,51,6772,6820,0.5294117647058824,0.5092592592592593,0.5308641975308641,0.025416428388767447,0.019701181910932064,0.0017532315105199814,,,,,
pancreatic_cancer_mouse_detection,12,2,39,60,RandomFuzzyRules__max_literal_repetitions__3,130,51,6772,6820,0.49019607843137253,0.4814814814814815,0.5848765432098766,-0.038683923545710625,0.01994968857616186,0.0017699012532830238,,,,,
pancreatic_cancer_mouse_detection,13,0,40,60,RandomFuzzyRules__max_literal_repetitions__1,120,61,6772,6819,0.4918032786885246,0.5364923747276689,0.5980392156862745,0.11373851722387066,0.01876028161495924,0.0008017215877771378,,,,,
pancreatic_cancer_mouse_detection,13,0,40,60,RandomFuzzyRules__max_literal_repetitions__2,120,61,6772,6819,0.45901639344262296,0.49945533769063183,0.5915032679738562,-0.0015256528788363604,0.019844849593937397,0.0007977308705449104,,,,,
pancreatic_cancer_mouse_detection,13,0,40,60,RandomFuzzyRules__max_literal_repetitions__3,120,61,6772,6819,0.47540983606557374,0.5103485838779956,0.5441176470588236,0.025860897759584667,0.019961548037827015,0.0008053528144955635,,,,,
pancreatic_cancer_mouse_detection,13,1,41,60,RandomFuzzyRules__max_literal_repetitions__1,112,69,6772,6820,0.5652173913043478,0.5171957671957672,0.5335097001763669,0.037574765346045196,0.01861641462892294,0.0010389694944024086,,,,,
pancreatic_cancer_mouse_detection,13,1,41,60,RandomFuzzyRules__max_literal_repetitions__2,112,69,6772,6820,0.4927536231884058,0.4642857142857143,0.5158730158730159,-0.0719378725056482,0.01896417886018753,0.001020899973809719,,,,,
pancreatic_cancer_mouse_detection,13,1,41,60,RandomFuzzyRules__max_literal_repetitions__3,112,69,6772,6820,0.5797101449275363,0.5687830687830688,0.5709876543209876,0.1354332000488987,0.019490393809974194,0.0010037794709205627,,,,,
pancreatic_cancer_mouse_detection,13,2,42,60,RandomFuzzyRules__max_literal_repetitions__1,130,51,6772,6820,0.5294117647058824,0.4967105263157895,0.5057565789473685,-0.006578947368421052,0.019215927459299564,0.0017656004056334496,,,,,
pancreatic_cancer_mouse_detection,13,2,42,60,RandomFuzzyRules__max_literal_repetitions__2,130,51,6772,6820,0.5098039215686274,0.459703947368421,0.4506578947368421,-0.08397505111952189,0.019352405332028866,0.0017610108479857445,,,,,
pancreatic_cancer_mouse_detection,13,2,42,60,RandomFuzzyRules__max_literal_repetitions__3,130,51,6772,6820,0.5686274509803921,0.5279605263157895,0.48601973684210525,0.05735393346764044,0.01997923944145441,0.0017666304484009743,,,,,
pancreatic_cancer_mouse_detection,14,0,43,60,RandomFuzzyRules__max_literal_repetitions__1,134,47,6772,6819,0.48936170212765956,0.4699248120300752,0.5234962406015038,-0.06015037593984962,0.01918700709939003,0.0015048449859023094,,,,,
pancreatic_cancer_mouse_detection,14,0,43,60,RandomFuzzyRules__max_literal_repetitions__2,134,47,6772,6819,0.5106382978723404,0.4708646616541353,0.5056390977443608,-0.0625294904874002,0.019389795139431953,0.0014742538332939148,,,,,
pancreatic_cancer_mouse_detection,14,0,43,60,RandomFuzzyRules__max_literal_repetitions__3,134,47,6772,6819,0.5106382978723404,0.4708646616541353,0.49248120300751885,-0.0625294904874002,0.0204936433583498,0.00148005411028862,,,,,
pancreatic_cancer_mouse_detection,14,1,44,60,RandomFuzzyRules__max_literal_repetitions__1,106,75,6772,6820,0.5333333333333333,0.530791788856305,0.5073313782991202,0.0606999798637141,0.018454174511134624,0.0009282100945711136,,,,,
pancreatic_cancer_mouse_detection,14,1,44,60,RandomFuzzyRules__max_literal_repetitions__2,106,75,6772,6820,0.64,0.593108504398827,0.5949413489736071,0.22384146230875393,0.018807551823556423,0.0009236205369234085,,,,,
pancreatic_cancer_mouse_detection,14,1,44,60,RandomFuzzyRules__max_literal_repetitions__3,106,75,6772,6820,0.64,0.6359970674486803,0.5854105571847508,0.2690514503965522,0.019567742943763733,0.0009261900559067726,,,,,
pancreatic_cancer_mouse_detection,14,2,45,60,RandomFuzzyRules__max_literal_repetitions__1,122,59,6772,6820,0.5254237288135594,0.532183908045977,0.5551724137931033,0.10646695683025933,0.019111108034849167,0.0007631825283169746,,,,,
pancreatic_cancer_mouse_detection,14,2,45,60,RandomFuzzyRules__max_literal_repetitions__2,122,59,6772,6820,0.4915254237288136,0.49885057471264366,0.5873563218390805,-0.0045715032088249445,0.019359705969691277,0.0007653320208191872,,,,,
pancreatic_cancer_mouse_detection,14,2,45,60,RandomFuzzyRules__max_literal_repetitions__3,122,59,6772,6820,0.4576271186440678,0.4626436781609195,0.47816091954022993,-0.092792778354146,0.020035527646541595,0.0007581925019621849,,,,,
pancreatic_cancer_mouse_detection,15,0,46,60,RandomFuzzyRules__max_literal_repetitions__1,117,64,6772,6819,0.5625,0.5497536945812808,0.5467980295566502,0.10323631789938985,0.0189877487719059,0.0008503710851073265,,,,,
pancreatic_cancer_mouse_detection,15,0,46,60,RandomFuzzyRules__max_literal_repetitions__2,117,64,6772,6819,0.5625,0.5408866995073892,0.5822660098522168,0.09216619992325613,0.019555932842195034,0.0008398815989494324,,,,,
pancreatic_cancer_mouse_detection,15,0,46,60,RandomFuzzyRules__max_literal_repetitions__3,117,64,6772,6819,0.546875,0.5177339901477833,0.5665024630541873,0.0452352697840582,0.019861879758536816,0.0008237017318606377,,,,,
pancreatic_cancer_mouse_detection,15,1,47,60,RandomFuzzyRules__max_literal_repetitions__1,114,67,6772,6820,0.5373134328358209,0.5022686025408348,0.5018148820326679,0.00527271293793975,0.01884357165545225,0.0008489610627293587,,,,,
pancreatic_cancer_mouse_detection,15,1,47,60,RandomFuzzyRules__max_literal_repetitions__2,114,67,6772,6820,0.582089552238806,0.558076225045372,0.5544464609800364,0.12405966645199967,0.019129867665469646,0.0008526407182216644,,,,,
pancreatic_cancer_mouse_detection,15,1,47,60,RandomFuzzyRules__max_literal_repetitions__3,114,67,6772,6820,0.5373134328358209,0.559437386569873,0.5798548094373865,0.12404813582352305,0.019385075196623802,0.00084674172103405,,,,,
pancreatic_cancer_mouse_detection,15,2,48,60,RandomFuzzyRules__max_literal_repetitions__1,131,50,6772,6820,0.52,0.5178571428571428,0.5454545454545455,0.03548460946886001,0.019060597755014896,0.0016171829774975777,,,,,
pancreatic_cancer_mouse_detection,15,2,48,60,RandomFuzzyRules__max_literal_repetitions__2,131,50,6772,6820,0.5,0.461038961038961,0.4480519480519481,-0.10067872296645641,0.020007997751235962,0.0016168830916285515,,,,,
pancreatic_cancer_mouse_detection,15,2,48,60,RandomFuzzyRules__max_literal_repetitions__3,131,50,6772,6820,0.54,0.4918831168831169,0.44480519480519476,-0.026860765467512676,0.020241806283593178,0.0016333330422639847,,,,,
pancreatic_cancer_mouse_detection,16,0,49,60,RandomFuzzyRules__max_literal_repetitions__1,117,64,6772,6819,0.546875,0.5264705882352941,0.6058823529411764,0.07002601243477949,0.018468444235622883,0.000809691846370697,,,,,
pancreatic_cancer_mouse_detection,16,0,49,60,RandomFuzzyRules__max_literal_repetitions__2,117,64,6772,6819,0.578125,0.557843137254902,0.6000000000000001,0.1530198049500737,0.0191353065893054,0.0008148122578859329,,,,,
pancreatic_cancer_mouse_detection,16,0,49,60,RandomFuzzyRules__max_literal_repetitions__3,117,64,6772,6819,0.5625,0.5431372549019607,0.6058823529411765,0.11030375355930092,0.019862569868564606,0.0008284114301204681,,,,,
pancreatic_cancer_mouse_detection,16,1,50,60,RandomFuzzyRules__max_literal_repetitions__1,131,50,6772,6820,0.48,0.4466338259441708,0.4909688013136289,-0.11495425696674638,0.01925209630280733,0.0016201231628656387,,,,,
pancreatic_cancer_mouse_detection,16,1,50,60,RandomFuzzyRules__max_literal_repetitions__2,131,50,6772,6820,0.58,0.5525451559934318,0.5295566502463054,0.11119157394380931,0.019693310372531414,0.0016289129853248596,,,,,
pancreatic_cancer_mouse_detection,16,1,50,60,RandomFuzzyRules__max_literal_repetitions__3,131,50,6772,6820,0.52,0.5008210180623973,0.5665024630541872,0.001669681773201163,0.020136735402047634,0.0015802131965756416,,,,,
pancreatic_cancer_mouse_detection,16,2,51,60,RandomFuzzyRules__max_literal_repetitions__1,114,67,6772,6820,0.5522388059701493,0.5399274047186933,0.5240471869328494,0.08066404512779932,0.018896911293268204,0.0008432213217020035,,,,,
pancreatic_cancer_mouse_detection,16,2,51,60,RandomFuzzyRules__max_literal_repetitions__2,114,67,6772,6820,0.5522388059701493,0.5521778584392014,0.5526315789473684,0.10342144814657499,0.019051588140428066,0.0010197190567851067,,,,,
pancreatic_cancer_mouse_detection,16,2,51,60,RandomFuzzyRules__max_literal_repetitions__3,114,67,6772,6820,0.5373134328358209,0.5063520871143375,0.5535390199637024,0.014200477428076832,0.019778399728238583,0.0008516311645507812,,,,,
pancreatic_cancer_mouse_detection,17,0,52,60,RandomFuzzyRules__max_literal_repetitions__1,120,61,6772,6819,0.4918032786885246,0.4879120879120879,0.46593406593406594,-0.023940212254467068,0.01881163101643324,0.0007882313802838326,,,,,
pancreatic_cancer_mouse_detection,17,0,52,60,RandomFuzzyRules__max_literal_repetitions__2,120,61,6772,6819,0.5573770491803278,0.55,0.49010989010989015,0.0995633166909434,0.0194616736844182,0.0008087623864412308,,,,,
pancreatic_cancer_mouse_detection,17,0,52,60,RandomFuzzyRules__max_literal_repetitions__3,120,61,6772,6819,0.4918032786885246,0.4928571428571429,0.46483516483516485,-0.014131269593987004,0.020046577788889408,0.0007960116490721703,,,,,
pancreatic_cancer_mouse_detection,17,1,53,60,RandomFuzzyRules__max_literal_repetitions__1,120,61,6772,6820,0.5901639344262295,0.5522875816993464,0.5751633986928104,0.14030230447057504,0.01884378120303154,0.0008170213550329208,,,,,
pancreatic_cancer_mouse_detection,17,1,53,60,RandomFuzzyRules__max_literal_repetitions__2,120,61,6772,6820,0.5573770491803278,0.5305010893246187,0.5533769063180829,0.06888115776422964,0.0196754215285182,0.0008171107620000839,,,,,
pancreatic_cancer_mouse_detection,17,1,53,60,RandomFuzzyRules__max_literal_repetitions__3,120,61,6772,6820,0.5573770491803278,0.511437908496732,0.579520697167756,0.0381540798431175,0.020027588121593,0.000793062150478363,,,,,
pancreatic_cancer_mouse_detection,17,2,54,60,RandomFuzzyRules__max_literal_repetitions__1,122,59,6772,6820,0.5254237288135594,0.49016203703703703,0.568287037037037,-0.03519736631249669,0.019089307636022568,0.000776931643486023,,,,,
pancreatic_cancer_mouse_detection,17,2,54,60,RandomFuzzyRules__max_literal_repetitions__2,122,59,6772,6820,0.5932203389830508,0.5671296296296297,0.6782407407407407,0.17174502150868617,0.01944038551300764,0.0007857223972678185,,,,,
pancreatic_cancer_mouse_detection,17,2,54,60,RandomFuzzyRules__max_literal_repetitions__3,122,59,6772,6820,0.6101694915254238,0.5885416666666666,0.6087962962962963,0.2073787655015633,0.01969423145055771,0.0007714517414569855,,,,,
pancreatic_cancer_mouse_detection,18,0,55,60,RandomFuzzyRules__max_literal_repetitions__1,122,59,6772,6819,0.5932203389830508,0.5425407925407926,0.5477855477855478,0.16802266772069924,0.01881911139935255,0.0007749916985630989,,,,,
pancreatic_cancer_mouse_detection,18,0,55,60,RandomFuzzyRules__max_literal_repetitions__2,122,59,6772,6819,0.6101694915254238,0.5699300699300699,0.5675990675990676,0.19312181983410703,0.019582833163440228,0.0007749814540147781,,,,,
pancreatic_cancer_mouse_detection,18,0,55,60,RandomFuzzyRules__max_literal_repetitions__3,122,59,6772,6819,0.4576271186440678,0.42948717948717946,0.5734265734265735,-0.1574880143284746,0.019757401198148727,0.0007684221491217613,,,,,
pancreatic_cancer_mouse_detection,18,1,56,60,RandomFuzzyRules__max_literal_repetitions__1,126,55,6772,6820,0.43636363636363634,0.4544836956521739,0.46467391304347827,-0.09242443186676633,0.01927794609218836,0.0008332906290888786,,,,,
pancreatic_cancer_mouse_detection,18,1,56,60,RandomFuzzyRules__max_literal_repetitions__2,126,55,6772,6820,0.5454545454545454,0.499320652173913,0.4898097826086957,-0.001622692549087526,0.019579472951591015,0.0008363109081983566,,,,,
pancreatic_cancer_mouse_detection,18,1,56,60,RandomFuzzyRules__max_literal_repetitions__3,126,55,6772,6820,0.5454545454545454,0.48709239130434784,0.36413043478260876,-0.03611775696492812,0.019896439276635647,0.0008223513141274452,,,,,
pancreatic_cancer_mouse_detection,18,2,57,60,RandomFuzzyRules__max_literal_repetitions__1,114,67,6772,6820,0.5522388059701493,0.5385304659498208,0.6079749103942652,0.08282811746517744,0.01852552406489849,0.0008530402556061745,,,,,
pancreatic_cancer_mouse_detection,18,2,57,60,RandomFuzzyRules__max_literal_repetitions__2,114,67,6772,6820,0.44776119402985076,0.43682795698924737,0.4811827956989247,-0.1313854178819248,0.0194986741989851,0.0008288705721497536,,,,,
pancreatic_cancer_mouse_detection,18,2,57,60,RandomFuzzyRules__max_literal_repetitions__3,114,67,6772,6820,0.44776119402985076,0.43682795698924737,0.46863799283154123,-0.1313854178819248,0.019381175749003887,0.0008414508774876595,,,,,
pancreatic_cancer_mouse_detection,19,0,58,60,RandomFuzzyRules__max_literal_repetitions__1,125,56,6772,6819,0.5714285714285714,0.5111111111111111,0.5305555555555556,0.023570226039551584,0.019105288200080395,0.0007154224440455437,,,,,
pancreatic_cancer_mouse_detection,19,0,58,60,RandomFuzzyRules__max_literal_repetitions__2,125,56,6772,6819,0.5892857142857143,0.5472222222222223,0.5569444444444445,0.09557955451201057,0.01927918568253517,0.0007079131901264191,,,,,
pancreatic_cancer_mouse_detection,19,0,58,60,RandomFuzzyRules__max_literal_repetitions__3,125,56,6772,6819,0.5892857142857143,0.525,0.4680555555555556,0.054100178080045934,0.019864209927618504,0.0007151728495955467,,,,,
pancreatic_cancer_mouse_detection,19,1,59,60,RandomFuzzyRules__max_literal_repetitions__1,124,57,6772,6820,0.49122807017543857,0.4328644501278773,0.45524296675191817,-0.16158053532128927,0.019243955612182617,0.0007615815848112106,,,,,
pancreatic_cancer_mouse_detection,19,1,59,60,RandomFuzzyRules__max_literal_repetitions__2,124,57,6772,6820,0.543859649122807,0.5262148337595908,0.5274936061381075,0.052429667519181586,0.019647672772407532,0.0007706210017204285,,,,,
pancreatic_cancer_mouse_detection,19,1,59,60,RandomFuzzyRules__max_literal_repetitions__3,124,57,6772,6820,0.543859649122807,0.5262148337595908,0.5274936061381075,0.052429667519181586,0.01972018089145422,0.0007553724572062492,,,,,
pancreatic_cancer_mouse_detection,19,2,60,60,RandomFuzzyRules__max_literal_repetitions__1,113,68,6772,6820,0.5441176470588235,0.5784655623365301,0.6547515257192676,0.2425884823160357,0.018890141509473324,0.0010227086022496223,,,,,
pancreatic_cancer_mouse_detection,19,2,60,60,RandomFuzzyRules__max_literal_repetitions__2,113,68,6772,6820,0.45588235294117646,0.5,0.4690496948561465,0.0,0.019376074895262718,0.0009971195831894875,,,,,
pancreatic_cancer_mouse_detection,19,2,60,60,RandomFuzzyRules__max_literal_repetitions__3,113,68,6772,6820,0.5,0.5379250217959896,0.6974716652136007,0.14473789986985813,0.01964649185538292,0.0010008597746491432,,,,,
pva_revenue_prediction_kddcup98,0,0,1,9,RandomFuzzyRules__max_literal_repetitions__1,96063,48032,397,586,0.948201199200533,0.499967066985751,0.5197047876651084,-0.001846044489183741,2.738240474835038,0.13645058684051037,,,,,
pva_revenue_prediction_kddcup98,0,0,1,9,RandomFuzzyRules__max_literal_repetitions__2,96063,48032,397,586,0.948201199200533,0.499967066985751,0.499967066985751,-0.001846044489183741,2.7619198635220528,0.13623088877648115,,,,,
pva_revenue_prediction_kddcup98,0,0,1,9,RandomFuzzyRules__max_literal_repetitions__3,96063,48032,397,586,0.948201199200533,0.499967066985751,0.5197047876651084,-0.001846044489183741,2.760760604403913,0.13810224831104279,,,,,
pva_revenue_prediction_kddcup98,0,1,2,9,RandomFuzzyRules__max_literal_repetitions__1,96063,48032,397,585,0.9482220186542305,0.49998902208755985,0.48915399031308304,-0.0010660182183835187,2.7385220574215055,0.13717005867511034,,,,,
pva_revenue_prediction_kddcup98,0,1,2,9,RandomFuzzyRules__max_literal_repetitions__2,96063,48032,397,585,0.948201199200533,0.49997804417511965,0.5183266312427185,-0.0015075931162157419,2.8119776491075754,0.13901097048074007,,,,,
pva_revenue_prediction_kddcup98,0,1,2,9,RandomFuzzyRules__max_literal_repetitions__3,96063,48032,397,585,0.948201199200533,0.49997804417511965,0.5183266312427185,-0.0015075931162157419,2.8097136924043298,0.13563115429133177,,,,,
pva_revenue_prediction_kddcup98,0,2,3,9,RandomFuzzyRules__max_literal_repetitions__1,96064,48031,397,584,0.9482625804168141,0.5,0.5,0.0,2.6802453100681305,0.1346154259517789,,,,,
pva_revenue_prediction_kddcup98,0,2,3,9,RandomFuzzyRules__max_literal_repetitions__2,96064,48031,397,584,0.9482209406425017,0.49997804417511965,0.49997804417511965,-0.0015073055604549847,2.7999892430379987,0.13640961609780788,,,,,
pva_revenue_prediction_kddcup98,0,2,3,9,RandomFuzzyRules__max_literal_repetitions__3,96064,48031,397,584,0.9482625804168141,0.5,0.4903927274179482,0.0,2.7783041009679437,0.13738897629082203,,,,,
pva_revenue_prediction_kddcup98,1,0,4,9,RandomFuzzyRules__max_literal_repetitions__1,96063,48032,397,585,0.9482636575616256,0.5,0.5,0.0,2.699680481106043,0.13596948143094778,,,,,
pva_revenue_prediction_kddcup98,1,0,4,9,RandomFuzzyRules__max_literal_repetitions__2,96063,48032,397,585,0.9482636575616256,0.5,0.5,0.0,2.824435538612306,0.13802322931587696,,,,,
pva_revenue_prediction_kddcup98,1,0,4,9,RandomFuzzyRules__max_literal_repetitions__3,96063,48032,397,585,0.9482636575616256,0.5,0.4988369985429516,0.0,2.84382027387619,0.13389532268047333,,,,,
pva_revenue_prediction_kddcup98,1,1,5,9,RandomFuzzyRules__max_literal_repetitions__1,96063,48032,397,585,0.9482220186542305,0.49998902208755985,0.49998902208755985,-0.0010660182183835187,2.6954572023823857,0.1327695157378912,,,,,
pva_revenue_prediction_kddcup98,1,1,5,9,RandomFuzzyRules__max_literal_repetitions__2,96063,48032,397,585,0.9482428381079281,0.5,0.5521859178624643,0.0,2.7914591943845153,0.14484939724206924,,,,,
pva_revenue_prediction_kddcup98,1,1,5,9,RandomFuzzyRules__max_literal_repetitions__3,96063,48032,397,585,0.9482220186542305,0.49998902208755985,0.493856272683785,-0.0010660182183835187,2.8239707006141543,0.13111881166696548,,,,,
pva_revenue_prediction_kddcup98,1,2,6,9,RandomFuzzyRules__max_literal_repetitions__1,96064,48031,397,586,0.9482625804168141,0.5,0.4999886200794986,0.0,2.7263628309592605,0.1348609421402216,,,,,
pva_revenue_prediction_kddcup98,1,2,6,9,RandomFuzzyRules__max_literal_repetitions__2,96064,48031,397,586,0.9482417605296579,0.49998902208755985,0.48542147806259683,-0.0010658148876408027,2.8079885663464665,0.11355099827051163,,,,,
pva_revenue_prediction_kddcup98,1,2,6,9,RandomFuzzyRules__max_literal_repetitions__3,96064,48031,397,586,0.9482417605296579,0.49998902208755985,0.4960842736125178,-0.0010658148876408027,2.819190545938909,0.13698145002126694,,,,,
pva_revenue_prediction_kddcup98,2,0,7,9,RandomFuzzyRules__max_literal_repetitions__1,96063,48032,397,585,0.9482428381079281,0.49998902232858367,0.4925071495122182,-0.0010657920924021587,2.687980443239212,0.14304230641573668,,,,,
pva_revenue_prediction_kddcup98,2,0,7,9,RandomFuzzyRules__max_literal_repetitions__2,96063,48032,397,585,0.948201199200533,0.499967066985751,0.5145813162506335,-0.001846044489183741,2.79164357483387,0.14092984795570374,,,,,
pva_revenue_prediction_kddcup98,2,0,7,9,RandomFuzzyRules__max_literal_repetitions__3,96063,48032,397,585,0.948201199200533,0.499967066985751,0.5145813162506335,-0.001846044489183741,2.8005105312913656,0.13544132560491562,,,,,
pva_revenue_prediction_kddcup98,2,1,8,9,RandomFuzzyRules__max_literal_repetitions__1,96063,48032,397,586,0.9482428381079281,0.5,0.5,0.0,2.7499216431751847,0.14154462236911058,,,,,
pva_revenue_prediction_kddcup98,2,1,8,9,RandomFuzzyRules__max_literal_repetitions__2,96063,48032,397,586,0.948201199200533,0.49997804417511965,0.4986110070432097,-0.0015075931162157419,2.807505493052304,0.13337603863328695,,,,,
pva_revenue_prediction_kddcup98,2,1,8,9,RandomFuzzyRules__max_literal_repetitions__3,96063,48032,397,586,0.948201199200533,0.49997804417511965,0.49841767478876753,-0.0015075931162157419,2.8019275618717074,0.13725263625383377,,,,,
pva_revenue_prediction_kddcup98,2,2,9,9,RandomFuzzyRules__max_literal_repetitions__1,96064,48031,397,585,0.9482417605296579,0.49998902208755985,0.46315668569004154,-0.0010658148876408027,2.7181692365556955,0.13867095112800598,,,,,
pva_revenue_prediction_kddcup98,2,2,9,9,RandomFuzzyRules__max_literal_repetitions__2,96064,48031,397,585,0.9482625804168141,0.5,0.48670223598650697,0.0,2.8026581006124616,0.1414118418470025,,,,,
pva_revenue_prediction_kddcup98,2,2,9,9,RandomFuzzyRules__max_literal_repetitions__3,96064,48031,397,585,0.9482625804168141,0.5,0.48670223598650697,0.0,2.8250730829313397,0.1296015977859497,,,,,
sepsis_prediction,0,0,1,1,RandomFuzzyRules__max_literal_repetitions__1,970175,258511,43,146,0.9819543462367172,0.5,0.5,0.0,19.08497016131878,0.16548293642699718,,,,,
sepsis_prediction,0,0,1,1,RandomFuzzyRules__max_literal_repetitions__2,970175,258511,43,146,0.9819543462367172,0.5,0.5,0.0,18.90370148513466,0.14535981975495815,,,,,
sepsis_prediction,0,0,1,1,RandomFuzzyRules__max_literal_repetitions__3,970175,258511,43,146,0.9819543462367172,0.5,0.6321562455109143,0.0,18.641572777181864,0.1838830215856433,,,,,
south_africa_coronary_heart_disease,0,0,1,60,RandomFuzzyRules__max_literal_repetitions__1,308,154,9,10,0.7012987012987013,0.5794881374929945,0.691761628993088,0.27167501887871076,0.024751887656748295,0.0001393081620335579,,,,,
south_africa_coronary_heart_disease,0,0,1,60,RandomFuzzyRules__max_literal_repetitions__2,308,154,9,10,0.7142857142857143,0.6521576685970484,0.7605081262843266,0.3324614073173725,0.022270163521170616,0.00015394855290651321,,,,,
south_africa_coronary_heart_disease,0,0,1,60,RandomFuzzyRules__max_literal_repetitions__3,308,154,9,10,0.7272727272727273,0.6441247898374743,0.7123108537268821,0.350278352934839,0.02222757413983345,0.00015036854892969131,,,,,
south_africa_coronary_heart_disease,0,1,2,60,RandomFuzzyRules__max_literal_repetitions__1,308,154,9,10,0.6623376623376623,0.6484214459181767,0.7351018120679992,0.2868364273880545,0.02587300632148981,0.00015899911522865295,,,,,
south_africa_coronary_heart_disease,0,1,2,60,RandomFuzzyRules__max_literal_repetitions__2,308,154,9,10,0.7077922077922078,0.6516906407621894,0.6627124976648608,0.32363370616233544,0.023969875648617744,0.00015408825129270554,,,,,
south_africa_coronary_heart_disease,0,1,2,60,RandomFuzzyRules__max_literal_repetitions__3,308,154,9,10,0.7012987012987013,0.6467401457126845,0.6986736409490006,0.3108005983044459,0.023592649959027767,0.00014603883028030396,,,,,
south_africa_coronary_heart_disease,0,2,3,60,RandomFuzzyRules__max_literal_repetitions__1,308,154,9,10,0.7142857142857143,0.6224074074074074,0.7551851851851852,0.322075194867748,0.025868705473840237,0.00015135947614908218,,,,,
south_africa_coronary_heart_disease,0,2,3,60,RandomFuzzyRules__max_literal_repetitions__2,308,154,9,10,0.6688311688311688,0.5831481481481482,0.6746296296296297,0.20296700875049592,0.023709719069302082,0.00015041790902614594,,,,,
south_africa_coronary_heart_disease,0,2,3,60,RandomFuzzyRules__max_literal_repetitions__3,308,154,9,10,0.7597402597402597,0.682962962962963,0.725,0.44661782771824043,0.02362509910017252,0.0001508193090558052,,,,,
south_africa_coronary_heart_disease,1,0,4,60,RandomFuzzyRules__max_literal_repetitions__1,308,154,9,10,0.7077922077922078,0.6023725014010834,0.7283766112460304,0.28936402412773027,0.025872915983200073,0.00015558861196041107,,,,,
south_africa_coronary_heart_disease,1,0,4,60,RandomFuzzyRules__max_literal_repetitions__2,308,154,9,10,0.6623376623376623,0.5497851671959649,0.7164206986736409,0.14384173161755345,0.02404754515737295,0.0001526186242699623,,,,,
south_africa_coronary_heart_disease,1,0,4,60,RandomFuzzyRules__max_literal_repetitions__3,308,154,9,10,0.7337662337662337,0.6490752848869793,0.688585839716047,0.3672569110408502,0.023652889765799046,0.0001562889665365219,,,,,
south_africa_coronary_heart_disease,1,1,5,60,RandomFuzzyRules__max_literal_repetitions__1,308,154,9,10,0.7077922077922078,0.6113394358303755,0.7403325238184195,0.291675759026565,0.02583386655896902,0.00015144795179367065,,,,,
south_africa_coronary_heart_disease,1,1,5,60,RandomFuzzyRules__max_literal_repetitions__2,308,154,9,10,0.6623376623376623,0.5811694376984868,0.616009714178965,0.18796262418137424,0.023716318421065807,0.00014766864478588104,,,,,
south_africa_coronary_heart_disease,1,1,5,60,RandomFuzzyRules__max_literal_repetitions__3,308,154,9,10,0.6623376623376623,0.5811694376984868,0.6916682234261162,0.18796262418137424,0.02366350870579481,0.00015890877693891525,,,,,
south_africa_coronary_heart_disease,1,2,6,60,RandomFuzzyRules__max_literal_repetitions__1,308,154,9,10,0.7272727272727273,0.657962962962963,0.7168518518518519,0.3634561863815594,0.02601633407175541,0.00015089940279722214,,,,,
south_africa_coronary_heart_disease,1,2,6,60,RandomFuzzyRules__max_literal_repetitions__2,308,154,9,10,0.7337662337662337,0.6501851851851852,0.7462962962962963,0.3769382651607752,0.0240265354514122,0.0001633279025554657,,,,,
south_africa_coronary_heart_disease,1,2,6,60,RandomFuzzyRules__max_literal_repetitions__3,308,154,9,10,0.7727272727272727,0.7185185185185186,0.7818518518518519,0.4795500044623094,0.023757698014378548,0.00014812778681516647,,,,,
south_africa_coronary_heart_disease,2,0,7,60,RandomFuzzyRules__max_literal_repetitions__1,308,154,9,10,0.6818181818181818,0.5780870539884178,0.7187558378479357,0.2120358764511853,0.025866186246275902,0.00015005841851234436,,,,,
south_africa_coronary_heart_disease,2,0,7,60,RandomFuzzyRules__max_literal_repetitions__2,308,154,9,10,0.7077922077922078,0.6247898374743135,0.6593498972538763,0.2993893631844684,0.023538840003311634,0.00014911964535713196,,,,,
south_africa_coronary_heart_disease,2,0,7,60,RandomFuzzyRules__max_literal_repetitions__3,308,154,9,10,0.7077922077922078,0.6337567719036055,0.6956846628059032,0.3064180290268948,0.02343634143471718,0.00014407746493816376,,,,,
south_africa_coronary_heart_disease,2,1,8,60,RandomFuzzyRules__max_literal_repetitions__1,308,154,9,10,0.7207792207792207,0.6391742947879694,0.7550906033999626,0.33389981373118105,0.026045135222375393,0.00015109963715076447,,,,,
south_africa_coronary_heart_disease,2,1,8,60,RandomFuzzyRules__max_literal_repetitions__2,308,154,9,10,0.7272727272727273,0.6620586586960583,0.7211843825892024,0.36041849141309107,0.023448990657925606,0.00014630798250436783,,,,,
south_africa_coronary_heart_disease,2,1,8,60,RandomFuzzyRules__max_literal_repetitions__3,308,154,9,10,0.7402597402597403,0.6719596487950682,0.8036614982252943,0.3898949982894142,0.02367009036242962,0.0001463182270526886,,,,,
south_africa_coronary_heart_disease,2,2,9,60,RandomFuzzyRules__max_literal_repetitions__1,308,154,9,10,0.6688311688311688,0.5916666666666667,0.658425925925926,0.21320071635561044,0.026251542381942272,0.0001514684408903122,,,,,
south_africa_coronary_heart_disease,2,2,9,60,RandomFuzzyRules__max_literal_repetitions__2,308,154,9,10,0.7012987012987013,0.6422222222222222,0.710925925925926,0.30953653338027165,0.024022486060857773,0.00014824792742729187,,,,,
south_africa_coronary_heart_disease,2,2,9,60,RandomFuzzyRules__max_literal_repetitions__3,308,154,9,10,0.7402597402597403,0.667962962962963,0.7009259259259258,0.3950804122956752,0.023855787701904774,0.00014875736087560654,,,,,
south_africa_coronary_heart_disease,3,0,10,60,RandomFuzzyRules__max_literal_repetitions__1,308,154,9,10,0.7012987012987013,0.6063889407808706,0.6820474500280216,0.27413232084701067,0.02603081427514553,0.0001521483063697815,,,,,
south_africa_coronary_heart_disease,3,0,10,60,RandomFuzzyRules__max_literal_repetitions__2,308,154,9,10,0.6688311688311688,0.6040538016065757,0.7102559312535026,0.22547798642864153,0.0238371379673481,0.00015052780508995056,,,,,
south_africa_coronary_heart_disease,3,0,10,60,RandomFuzzyRules__max_literal_repetitions__3,308,154,9,10,0.7467532467532467,0.6858770782738651,0.7864748739024847,0.40966952827603503,0.023569130338728428,0.00014868751168251038,,,,,
south_africa_coronary_heart_disease,3,1,11,60,RandomFuzzyRules__max_literal_repetitions__1,308,154,9,10,0.7142857142857143,0.6252568653091725,0.7248271997011022,0.3130014962360713,0.026310930959880352,0.00015020929276943207,,,,,
south_africa_coronary_heart_disease,3,1,11,60,RandomFuzzyRules__max_literal_repetitions__2,308,154,9,10,0.6558441558441559,0.5627685410050439,0.5998505510928451,0.15463448885930534,0.023950795643031597,0.00015227962285280228,,,,,
south_africa_coronary_heart_disease,3,1,11,60,RandomFuzzyRules__max_literal_repetitions__3,308,154,9,10,0.6493506493506493,0.562301513170185,0.6275920044834673,0.14763652335670766,0.023955855518579483,0.0001496393233537674,,,,,
south_africa_coronary_heart_disease,3,2,12,60,RandomFuzzyRules__max_literal_repetitions__1,308,154,9,10,0.7402597402597403,0.6509259259259259,0.8016666666666666,0.397112380964016,0.025816117413342,0.00014588795602321625,,,,,
south_africa_coronary_heart_disease,3,2,12,60,RandomFuzzyRules__max_literal_repetitions__2,308,154,9,10,0.7662337662337663,0.7007407407407408,0.7381481481481481,0.4618833599503053,0.023850438185036182,0.00015460792928934097,,,,,
south_africa_coronary_heart_disease,3,2,12,60,RandomFuzzyRules__max_literal_repetitions__3,308,154,9,10,0.7467532467532467,0.6644444444444444,0.7553703703703705,0.4127264851575443,0.02400173619389534,0.0001507885754108429,,,,,
south_africa_coronary_heart_disease,4,0,13,60,RandomFuzzyRules__max_literal_repetitions__1,308,154,9,10,0.7402597402597403,0.6495423127218382,0.7747057724640388,0.3853255888288534,0.025686107575893402,0.000147148035466671,,,,,
south_africa_coronary_heart_disease,4,0,13,60,RandomFuzzyRules__max_literal_repetitions__2,308,154,9,10,0.6883116883116883,0.6323556883990287,0.6986736409490005,0.2803338305521323,0.023764058016240597,0.00015119928866624832,,,,,
south_africa_coronary_heart_disease,4,0,13,60,RandomFuzzyRules__max_literal_repetitions__3,308,154,9,10,0.7597402597402597,0.691294601158229,0.7181019988791331,0.43822913648539147,0.023725438863039017,0.00014733802527189255,,,,,
south_africa_coronary_heart_disease,4,1,14,60,RandomFuzzyRules__max_literal_repetitions__1,308,154,9,10,0.7142857142857143,0.6028395292359424,0.7366897067065197,0.31181998980895875,0.025762346573174,0.00014954805374145508,,,,,
south_africa_coronary_heart_disease,4,1,14,60,RandomFuzzyRules__max_literal_repetitions__2,308,154,9,10,0.7207792207792207,0.6436577620026154,0.6634597422006351,0.33643626990713693,0.02382367756217718,0.00014883745461702347,,,,,
south_africa_coronary_heart_disease,4,1,14,60,RandomFuzzyRules__max_literal_repetitions__3,308,154,9,10,0.7142857142857143,0.6431907341677564,0.6986736409490005,0.3246654168265464,0.023652099072933197,0.0001485981047153473,,,,,
south_africa_coronary_heart_disease,4,2,15,60,RandomFuzzyRules__max_literal_repetitions__1,308,154,9,10,0.6883116883116883,0.6109259259259259,0.7169444444444444,0.26091859643341725,0.025954284705221653,0.00015169847756624222,,,,,
south_africa_coronary_heart_disease,4,2,15,60,RandomFuzzyRules__max_literal_repetitions__2,308,154,9,10,0.7142857142857143,0.6394444444444445,0.6668518518518519,0.3279995043645462,0.02346890140324831,0.00015174783766269684,,,,,
south_africa_coronary_heart_disease,4,2,15,60,RandomFuzzyRules__max_literal_repetitions__3,308,154,9,10,0.7142857142857143,0.6394444444444445,0.7075,0.3279995043645462,0.023680008947849274,0.00014985818415880203,,,,,
south_africa_coronary_heart_disease,5,0,16,60,RandomFuzzyRules__max_literal_repetitions__1,308,154,9,10,0.7337662337662337,0.6445918176723333,0.8100130767793761,0.36675891211181855,0.025935804471373558,0.00015303771942853928,,,,,
south_africa_coronary_heart_disease,5,0,16,60,RandomFuzzyRules__max_literal_repetitions__2,308,154,9,10,0.7012987012987013,0.6691574817859145,0.7435083130954604,0.3383149635718289,0.023471021093428135,0.00014657806605100632,,,,,
south_africa_coronary_heart_disease,5,0,16,60,RandomFuzzyRules__max_literal_repetitions__3,308,154,9,10,0.7142857142857143,0.6521576685970484,0.7332337007285634,0.3324614073173725,0.02373315952718258,0.00014624744653701782,,,,,
south_africa_coronary_heart_disease,5,1,17,60,RandomFuzzyRules__max_literal_repetitions__1,308,154,9,10,0.7597402597402597,0.6733607322996451,0.7769475060713618,0.4397316155552553,0.026338940486311913,0.00015088915824890137,,,,,
south_africa_coronary_heart_disease,5,1,17,60,RandomFuzzyRules__max_literal_repetitions__2,308,154,9,10,0.7532467532467533,0.6818606388940781,0.7377171679432094,0.4211314491152309,0.02391208615154028,0.00014827866107225418,,,,,
south_africa_coronary_heart_disease,5,1,17,60,RandomFuzzyRules__max_literal_repetitions__3,308,154,9,10,0.7532467532467533,0.6818606388940781,0.763870726695311,0.4211314491152309,0.024033264257013798,0.0001538693904876709,,,,,
south_africa_coronary_heart_disease,5,2,18,60,RandomFuzzyRules__max_literal_repetitions__1,308,154,9,10,0.6363636363636364,0.5624074074074075,0.6351851851851852,0.1407248396871963,0.0259501151740551,0.0001512877643108368,,,,,
south_africa_coronary_heart_disease,5,2,18,60,RandomFuzzyRules__max_literal_repetitions__2,308,154,9,10,0.6623376623376623,0.5866666666666667,0.6612962962962963,0.1994108971003163,0.02328395377844572,0.00014857854694128036,,,,,
south_africa_coronary_heart_disease,5,2,18,60,RandomFuzzyRules__max_literal_repetitions__3,308,154,9,10,0.7142857142857143,0.6309259259259259,0.6028703703703703,0.32395765104529,0.023514061234891415,0.00014685839414596558,,,,,
south_africa_coronary_heart_disease,6,0,19,60,RandomFuzzyRules__max_literal_repetitions__1,308,154,9,10,0.7142857142857143,0.6073229964505884,0.7252008219689893,0.3100828323237691,0.025987383909523487,0.00014112889766693115,,,,,
south_africa_coronary_heart_disease,6,0,19,60,RandomFuzzyRules__max_literal_repetitions__2,308,154,9,10,0.7207792207792207,0.6391742947879694,0.7021296469269568,0.33389981373118105,0.023665918968617916,0.00014615897089242935,,,,,
south_africa_coronary_heart_disease,6,0,19,60,RandomFuzzyRules__max_literal_repetitions__3,308,154,9,10,0.7207792207792207,0.6391742947879694,0.7021296469269568,0.33389981373118105,0.023444032296538353,0.00015620794147253036,,,,,
south_africa_coronary_heart_disease,6,1,20,60,RandomFuzzyRules__max_literal_repetitions__1,308,154,9,10,0.7532467532467533,0.6728937044647861,0.7627498598916496,0.42019781677406803,0.026010793633759022,0.0001492183655500412,,,,,
south_africa_coronary_heart_disease,6,1,20,60,RandomFuzzyRules__max_literal_repetitions__2,308,154,9,10,0.7012987012987013,0.6422566784980385,0.7149262096020923,0.30582299105419347,0.023772018030285835,0.00014919787645339966,,,,,
south_africa_coronary_heart_disease,6,1,20,60,RandomFuzzyRules__max_literal_repetitions__3,308,154,9,10,0.7402597402597403,0.6764431160097142,0.6910143844573138,0.39240952753851815,0.023498081602156162,0.0001499578356742859,,,,,
south_africa_coronary_heart_disease,6,2,21,60,RandomFuzzyRules__max_literal_repetitions__1,308,154,9,10,0.7337662337662337,0.6416666666666666,0.777962962962963,0.37931060493339136,0.025743587873876095,0.0001525282859802246,,,,,
south_africa_coronary_heart_disease,6,2,21,60,RandomFuzzyRules__max_literal_repetitions__2,308,154,9,10,0.7207792207792207,0.6401851851851852,0.6512962962962963,0.34219604816063565,0.02387727703899145,0.0001493683084845543,,,,,
south_africa_coronary_heart_disease,6,2,21,60,RandomFuzzyRules__max_literal_repetitions__3,308,154,9,10,0.7272727272727273,0.6537037037037037,0.7133333333333334,0.3615399583301107,0.023532400839030743,0.00016253814101219177,,,,,
south_africa_coronary_heart_disease,7,0,22,60,RandomFuzzyRules__max_literal_repetitions__1,308,154,9,10,0.7142857142857143,0.6342237997384644,0.7651784046329161,0.3180714903502082,0.02581382729113102,0.0001516072079539299,,,,,
south_africa_coronary_heart_disease,7,0,22,60,RandomFuzzyRules__max_literal_repetitions__2,308,154,9,10,0.7012987012987013,0.6288062768541005,0.7433215019615169,0.29205062609511256,0.02356851939111948,0.0001506386324763298,,,,,
south_africa_coronary_heart_disease,7,0,22,60,RandomFuzzyRules__max_literal_repetitions__3,308,154,9,10,0.7012987012987013,0.6108724079955166,0.7352886232019429,0.27705650710828983,0.023768718354403973,0.00015174876898527145,,,,,
south_africa_coronary_heart_disease,7,1,23,60,RandomFuzzyRules__max_literal_repetitions__1,308,154,9,10,0.7142857142857143,0.6656080702409863,0.7890902297776947,0.3460115596386564,0.02588118612766266,0.00015225820243358612,,,,,
south_africa_coronary_heart_disease,7,1,23,60,RandomFuzzyRules__max_literal_repetitions__2,308,154,9,10,0.7662337662337663,0.709695497851672,0.7892770409116383,0.45818039252762505,0.02365744858980179,0.00016431882977485657,,,,,
south_africa_coronary_heart_disease,7,1,23,60,RandomFuzzyRules__max_literal_repetitions__3,308,154,9,10,0.7792207792207793,0.7061460863067439,0.7578927704091164,0.4885064573437088,0.023633229546248913,0.0001487378031015396,,,,,
south_africa_coronary_heart_disease,7,2,24,60,RandomFuzzyRules__max_literal_repetitions__1,308,154,9,10,0.6428571428571429,0.5716666666666667,0.6264814814814814,0.1600848700757371,0.026068303734064102,0.00015191920101642609,,,,,
south_africa_coronary_heart_disease,7,2,24,60,RandomFuzzyRules__max_literal_repetitions__2,308,154,9,10,0.6688311688311688,0.6087037037037037,0.6785185185185184,0.23471457943679908,0.023748199455440044,0.00015668757259845734,,,,,
south_africa_coronary_heart_disease,7,2,24,60,RandomFuzzyRules__max_literal_repetitions__3,308,154,9,10,0.6753246753246753,0.6137037037037036,0.6883333333333335,0.24746800975974842,0.023647580295801163,0.00015848781913518906,,,,,
south_africa_coronary_heart_disease,8,0,25,60,RandomFuzzyRules__max_literal_repetitions__1,308,154,9,10,0.7077922077922078,0.5934055669717915,0.7147393984681487,0.29087195090327106,0.025939165614545345,0.00015086866915225983,,,,,
south_africa_coronary_heart_disease,8,0,25,60,RandomFuzzyRules__max_literal_repetitions__2,308,154,9,10,0.7077922077922078,0.6203063702596675,0.6511302073603586,0.2963827703136686,0.023404582403600216,0.00014735758304595947,,,,,
south_africa_coronary_heart_disease,8,0,25,60,RandomFuzzyRules__max_literal_repetitions__3,308,154,9,10,0.7077922077922078,0.6203063702596675,0.6511302073603586,0.2963827703136686,0.023784058168530464,0.00014896877110004425,,,,,
south_africa_coronary_heart_disease,8,1,26,60,RandomFuzzyRules__max_literal_repetitions__1,308,154,9,10,0.7272727272727273,0.6396413226228284,0.7640575378292546,0.3489464853638528,0.02606409415602684,0.00015020743012428284,,,,,
south_africa_coronary_heart_disease,8,1,26,60,RandomFuzzyRules__max_literal_repetitions__2,308,154,9,10,0.6623376623376623,0.6080702409863628,0.704277974967308,0.22579547349234375,0.02387254685163498,0.00014644768089056015,,,,,
south_africa_coronary_heart_disease,8,1,26,60,RandomFuzzyRules__max_literal_repetitions__3,308,154,9,10,0.6493506493506493,0.5712684475994769,0.6723332710629554,0.161591463169377,0.023586160503327847,0.00015672948211431503,,,,,
south_africa_coronary_heart_disease,8,2,27,60,RandomFuzzyRules__max_literal_repetitions__1,308,154,9,10,0.6688311688311688,0.5703703703703704,0.7087037037037037,0.18841572532639048,0.02582976594567299,0.00014372728765010834,,,,,
south_africa_coronary_heart_disease,8,2,27,60,RandomFuzzyRules__max_literal_repetitions__2,308,154,9,10,0.6688311688311688,0.6087037037037037,0.6827777777777778,0.23471457943679908,0.023612389340996742,0.0001520281657576561,,,,,
south_africa_coronary_heart_disease,8,2,27,60,RandomFuzzyRules__max_literal_repetitions__3,308,154,9,10,0.6948051948051948,0.6116666666666667,0.7074074074074075,0.27258152845556577,0.023586190305650234,0.00014917925000190735,,,,,
south_africa_coronary_heart_disease,9,0,28,60,RandomFuzzyRules__max_literal_repetitions__1,308,154,9,10,0.7402597402597403,0.6764431160097142,0.7833924901924154,0.39240952753851815,0.02571318857371807,0.00014975760132074356,,,,,
south_africa_coronary_heart_disease,9,0,28,60,RandomFuzzyRules__max_literal_repetitions__2,308,154,9,10,0.7272727272727273,0.6530917242667663,0.7025966747618159,0.3545117848484147,0.023537050001323223,0.00016036909073591232,,,,,
south_africa_coronary_heart_disease,9,0,28,60,RandomFuzzyRules__max_literal_repetitions__3,308,154,9,10,0.7272727272727273,0.6530917242667663,0.7511675695871474,0.3545117848484147,0.023569910787045956,0.00014845747500658035,,,,,
south_africa_coronary_heart_disease,9,1,29,60,RandomFuzzyRules__max_literal_repetitions__1,308,154,9,10,0.6883116883116883,0.5740706146086306,0.6140481972725573,0.22458969293233813,0.02626527100801468,0.0001498991623520851,,,,,
south_africa_coronary_heart_disease,9,1,29,60,RandomFuzzyRules__max_literal_repetitions__2,308,154,9,10,0.6883116883116883,0.6009714178965067,0.6017186624322809,0.24539915717599545,0.023949156515300274,0.00014852825552225113,,,,,
south_africa_coronary_heart_disease,9,1,29,60,RandomFuzzyRules__max_literal_repetitions__3,308,154,9,10,0.6818181818181818,0.5960209228470017,0.6442181954044461,0.23036846209104303,0.023615269921720028,0.00015003792941570282,,,,,
south_africa_coronary_heart_disease,9,2,30,60,RandomFuzzyRules__max_literal_repetitions__1,308,154,9,10,0.6428571428571429,0.5929629629629629,0.6518518518518519,0.1926619781548296,0.026195311918854713,0.00015034805983304977,,,,,
south_africa_coronary_heart_disease,9,2,30,60,RandomFuzzyRules__max_literal_repetitions__2,308,154,9,10,0.6558441558441559,0.585925925925926,0.6568518518518518,0.19193638169287341,0.023621209897100925,0.00015490874648094177,,,,,
south_africa_coronary_heart_disease,9,2,30,60,RandomFuzzyRules__max_literal_repetitions__3,308,154,9,10,0.6233766233766234,0.5822222222222222,0.6392592592592593,0.16592595585242373,0.02358532976359129,0.00015312805771827698,,,,,
south_africa_coronary_heart_disease,10,0,31,60,RandomFuzzyRules__max_literal_repetitions__1,308,154,9,10,0.7207792207792207,0.6302073603586774,0.6765365215766859,0.33027256039010017,0.025865565985441208,0.0001486893743276596,,,,,
south_africa_coronary_heart_disease,10,0,31,60,RandomFuzzyRules__max_literal_repetitions__2,308,154,9,10,0.7337662337662337,0.6983934242480851,0.7599476928824959,0.4025818756204148,0.023837508633732796,0.00015309732407331467,,,,,
south_africa_coronary_heart_disease,10,0,31,60,RandomFuzzyRules__max_literal_repetitions__3,308,154,9,10,0.7402597402597403,0.6854100504390062,0.7412665794881375,0.3985939837443034,0.023604179732501507,0.00014851894229650497,,,,,
south_africa_coronary_heart_disease,10,1,32,60,RandomFuzzyRules__max_literal_repetitions__1,308,154,9,10,0.7207792207792207,0.6167569587147393,0.7225854660937792,0.33002283773691865,0.02588905580341816,0.00014957785606384277,,,,,
south_africa_coronary_heart_disease,10,1,32,60,RandomFuzzyRules__max_literal_repetitions__2,308,154,9,10,0.6363636363636364,0.561367457500467,0.6818606388940781,0.13648123853510133,0.023663759231567383,0.00014785956591367722,,,,,
south_africa_coronary_heart_disease,10,1,32,60,RandomFuzzyRules__max_literal_repetitions__3,308,154,9,10,0.7142857142857143,0.6431907341677564,0.6612180085933121,0.3246654168265464,0.023748917505145073,0.00014922861009836197,,,,,
south_africa_coronary_heart_disease,10,2,33,60,RandomFuzzyRules__max_literal_repetitions__1,308,154,9,10,0.7077922077922078,0.6088888888888888,0.7352777777777778,0.30281331944409007,0.025511899031698704,0.0001497473567724228,,,,,
south_africa_coronary_heart_disease,10,2,33,60,RandomFuzzyRules__max_literal_repetitions__2,308,154,9,10,0.7142857142857143,0.6394444444444445,0.7008333333333334,0.3279995043645462,0.023645978420972824,0.00014769844710826874,,,,,
south_africa_coronary_heart_disease,10,2,33,60,RandomFuzzyRules__max_literal_repetitions__3,308,154,9,10,0.7142857142857143,0.6394444444444445,0.7525925925925926,0.3279995043645462,0.02361227013170719,0.00014812778681516647,,,,,
south_africa_coronary_heart_disease,11,0,34,60,RandomFuzzyRules__max_literal_repetitions__1,308,154,9,10,0.7727272727272727,0.692228656827947,0.8194470390435269,0.47356812213162264,0.025666948407888412,0.00014747772365808487,,,,,
south_africa_coronary_heart_disease,11,0,34,60,RandomFuzzyRules__max_literal_repetitions__2,308,154,9,10,0.7792207792207793,0.7016626190920978,0.7555576312348216,0.49011728061329707,0.02332892268896103,0.00014055799692869186,,,,,
south_africa_coronary_heart_disease,11,0,34,60,RandomFuzzyRules__max_literal_repetitions__3,308,154,9,10,0.7792207792207793,0.7151130207360359,0.7592004483467214,0.4877393704837159,0.023647508583962917,0.00014552846550941467,,,,,
south_africa_coronary_heart_disease,11,1,35,60,RandomFuzzyRules__max_literal_repetitions__1,308,154,9,10,0.6623376623376623,0.5991033065570708,0.6400149448907154,0.2130519983640836,0.02585491631180048,0.00015127845108509064,,,,,
south_africa_coronary_heart_disease,11,1,35,60,RandomFuzzyRules__max_literal_repetitions__2,308,154,9,10,0.6883116883116883,0.6592564916869046,0.716420698673641,0.3158106849573221,0.024045814760029316,0.000150999054312706,,,,,
south_africa_coronary_heart_disease,11,1,35,60,RandomFuzzyRules__max_literal_repetitions__3,308,154,9,10,0.7077922077922078,0.6472071735475434,0.7229590883616663,0.3189886055758878,0.023816448636353016,0.0001607285812497139,,,,,
south_africa_coronary_heart_disease,11,2,36,60,RandomFuzzyRules__max_literal_repetitions__1,308,154,9,10,0.6883116883116883,0.5768518518518518,0.6222222222222222,0.24037078287135005,0.025760017335414886,0.0001390194520354271,,,,,
south_africa_coronary_heart_disease,11,2,36,60,RandomFuzzyRules__max_literal_repetitions__2,308,154,9,10,0.7012987012987013,0.6124074074074074,0.6180555555555556,0.28637173321907067,0.02372586727142334,0.0001346096396446228,,,,,
south_africa_coronary_heart_disease,11,2,36,60,RandomFuzzyRules__max_literal_repetitions__3,308,154,9,10,0.6818181818181818,0.605925925925926,0.6987037037037037,0.24636527223314986,0.023794748820364475,0.0001392485573887825,,,,,
south_africa_coronary_heart_disease,12,0,37,60,RandomFuzzyRules__max_literal_repetitions__1,308,154,9,10,0.7207792207792207,0.6167569587147393,0.6504763683915562,0.33002283773691865,0.02589995600283146,0.00015153829008340836,,,,,
south_africa_coronary_heart_disease,12,0,37,60,RandomFuzzyRules__max_literal_repetitions__2,308,154,9,10,0.7077922077922078,0.6158229030450215,0.6391742947879693,0.2937862086683818,0.023692249320447445,0.0001505184918642044,,,,,
south_africa_coronary_heart_disease,12,0,37,60,RandomFuzzyRules__max_literal_repetitions__3,308,154,9,10,0.7012987012987013,0.6108724079955166,0.7209041658882869,0.27705650710828983,0.02390978764742613,0.00014627911150455475,,,,,
south_africa_coronary_heart_disease,12,1,38,60,RandomFuzzyRules__max_literal_repetitions__1,308,154,9,10,0.7012987012987013,0.6288062768541005,0.6631795254997198,0.29205062609511256,0.025856166146695614,0.000154837965965271,,,,,
south_africa_coronary_heart_disease,12,1,38,60,RandomFuzzyRules__max_literal_repetitions__2,308,154,9,10,0.6948051948051948,0.6238557818045956,0.696245096207734,0.27806904692074474,0.023488491773605347,0.00014616921544075012,,,,,
south_africa_coronary_heart_disease,12,1,38,60,RandomFuzzyRules__max_literal_repetitions__3,308,154,9,10,0.7662337662337663,0.705212030637026,0.7280029889781431,0.4563915997893724,0.02379243727773428,0.00014894921332597733,,,,,
south_africa_coronary_heart_disease,12,2,39,60,RandomFuzzyRules__max_literal_repetitions__1,308,154,9,10,0.7272727272727273,0.6494444444444445,0.7362962962962963,0.36010999912462033,0.026209131814539433,0.00015165936201810837,,,,,
south_africa_coronary_heart_disease,12,2,39,60,RandomFuzzyRules__max_literal_repetitions__2,308,154,9,10,0.7142857142857143,0.6394444444444445,0.6842592592592592,0.3279995043645462,0.023851707577705383,0.00014913920313119888,,,,,
south_africa_coronary_heart_disease,12,2,39,60,RandomFuzzyRules__max_literal_repetitions__3,308,154,9,10,0.7207792207792207,0.6572222222222222,0.6883333333333332,0.351193939778555,0.024096675217151642,0.000149567611515522,,,,,
south_africa_coronary_heart_disease,13,0,40,60,RandomFuzzyRules__max_literal_repetitions__1,308,154,9,10,0.7532467532467533,0.6684102372501401,0.743695124229404,0.4208364636194158,0.02586172614246607,0.00015434809029102325,,,,,
south_africa_coronary_heart_disease,13,0,40,60,RandomFuzzyRules__max_literal_repetitions__2,308,154,9,10,0.7337662337662337,0.6849430226041472,0.7197832990846255,0.3889948823497582,0.023607869632542133,0.00014952756464481354,,,,,
south_africa_coronary_heart_disease,13,0,40,60,RandomFuzzyRules__max_literal_repetitions__3,308,154,9,10,0.7727272727272727,0.7191294601158229,0.7556510368017934,0.474839637487965,0.023648809641599655,0.00015122722834348679,,,,,
south_africa_coronary_heart_disease,13,1,41,60,RandomFuzzyRules__max_literal_repetitions__1,308,154,9,10,0.7402597402597403,0.6540257799364843,0.7493928638146834,0.3848914744916343,0.026190033182501793,0.00015287846326828003,,,,,
south_africa_coronary_heart_disease,13,1,41,60,RandomFuzzyRules__max_literal_repetitions__2,308,154,9,10,0.6948051948051948,0.6104053801606576,0.6633663366336634,0.2648789126377557,0.024130423553287983,0.00015639886260032654,,,,,
south_africa_coronary_heart_disease,13,1,41,60,RandomFuzzyRules__max_literal_repetitions__3,308,154,9,10,0.6948051948051948,0.6104053801606576,0.6633663366336634,0.2648789126377557,0.02404731512069702,0.0001463182270526886,,,,,
south_africa_coronary_heart_disease,13,2,42,60,RandomFuzzyRules__max_literal_repetitions__1,308,154,9,10,0.7077922077922078,0.596111111111111,0.7528703703703704,0.30934809358648957,0.025909125804901123,0.0001527080312371254,,,,,
south_africa_coronary_heart_disease,13,2,42,60,RandomFuzzyRules__max_literal_repetitions__2,308,154,9,10,0.6818181818181818,0.6187037037037036,0.7052777777777777,0.26050131598333925,0.02334414329379797,0.00014685839414596558,,,,,
south_africa_coronary_heart_disease,13,2,42,60,RandomFuzzyRules__max_literal_repetitions__3,308,154,9,10,0.7012987012987013,0.6294444444444445,0.745462962962963,0.29783807066906215,0.023666108958423138,0.0001481892541050911,,,,,
south_africa_coronary_heart_disease,14,0,43,60,RandomFuzzyRules__max_literal_repetitions__1,308,154,9,10,0.7532467532467533,0.6684102372501401,0.8234634784233141,0.4208364636194158,0.026248962618410587,0.00015105865895748138,,,,,
south_africa_coronary_heart_disease,14,0,43,60,RandomFuzzyRules__max_literal_repetitions__2,308,154,9,10,0.7402597402597403,0.6854100504390062,0.7810573510181206,0.3985939837443034,0.02382646780461073,0.0001478288322687149,,,,,
south_africa_coronary_heart_disease,14,0,43,60,RandomFuzzyRules__max_literal_repetitions__3,308,154,9,10,0.7532467532467533,0.717728376611246,0.7696618718475621,0.44417177963861365,0.023966966196894646,0.0001483391970396042,,,,,
south_africa_coronary_heart_disease,14,1,44,60,RandomFuzzyRules__max_literal_repetitions__1,308,154,9,10,0.7142857142857143,0.6207733980945265,0.7548103866990472,0.31119674350762494,0.025944754481315613,0.00015106797218322754,,,,,
south_africa_coronary_heart_disease,14,1,44,60,RandomFuzzyRules__max_literal_repetitions__2,308,154,9,10,0.6753246753246753,0.6090042966560807,0.7195964879506819,0.23817216840968305,0.02371731959283352,0.00014640763401985168,,,,,
south_africa_coronary_heart_disease,14,1,44,60,RandomFuzzyRules__max_literal_repetitions__3,308,154,9,10,0.7337662337662337,0.6625256865309173,0.728937044647861,0.37232358275614313,0.02340372186154127,0.0001512579619884491,,,,,
south_africa_coronary_heart_disease,14,2,45,60,RandomFuzzyRules__max_literal_repetitions__1,308,154,9,10,0.6623376623376623,0.5525925925925926,0.6560185185185184,0.15622327900298638,0.025971295312047005,0.00014999788254499435,,,,,
south_africa_coronary_heart_disease,14,2,45,60,RandomFuzzyRules__max_literal_repetitions__2,308,154,9,10,0.6753246753246753,0.6051851851851852,0.6681481481481482,0.23718607994755933,0.023722948506474495,0.00014875922352075577,,,,,
south_africa_coronary_heart_disease,14,2,45,60,RandomFuzzyRules__max_literal_repetitions__3,308,154,9,10,0.6818181818181818,0.6016666666666667,0.6810185185185185,0.24197586864619589,0.023844867013394833,0.00014979857951402664,,,,,
south_africa_coronary_heart_disease,15,0,46,60,RandomFuzzyRules__max_literal_repetitions__1,308,154,9,10,0.6883116883116883,0.5740706146086306,0.6878385951802728,0.22458969293233813,0.026080213487148285,0.00015079975128173828,,,,,
south_africa_coronary_heart_disease,15,0,46,60,RandomFuzzyRules__max_literal_repetitions__2,308,154,9,10,0.7077922077922078,0.6203063702596675,0.6393611059219129,0.2963827703136686,0.023884765803813934,0.0001463489606976509,,,,,
south_africa_coronary_heart_disease,15,0,46,60,RandomFuzzyRules__max_literal_repetitions__3,308,154,9,10,0.7142857142857143,0.6342237997384644,0.65589389127592,0.3180714903502082,0.023755168542265892,0.0001505594700574875,,,,,
south_africa_coronary_heart_disease,15,1,47,60,RandomFuzzyRules__max_literal_repetitions__1,308,154,9,10,0.7597402597402597,0.695778068372875,0.7971231085372689,0.43954202288527977,0.026005334220826626,0.00015916768461465836,,,,,
south_africa_coronary_heart_disease,15,1,47,60,RandomFuzzyRules__max_literal_repetitions__2,308,154,9,10,0.7402597402597403,0.6674761815804222,0.7114702036241359,0.3878216169818228,0.02386393677443266,0.00015478767454624176,,,,,
south_africa_coronary_heart_disease,15,1,47,60,RandomFuzzyRules__max_literal_repetitions__3,308,154,9,10,0.7272727272727273,0.6665421259107043,0.7560246590696805,0.3638911536199356,0.023645720444619656,0.0001478772610425949,,,,,
south_africa_coronary_heart_disease,15,2,48,60,RandomFuzzyRules__max_literal_repetitions__1,308,154,9,10,0.7402597402597403,0.6424074074074074,0.7818518518518519,0.4042891242225313,0.025260052643716335,0.00015824753791093826,,,,,
south_africa_coronary_heart_disease,15,2,48,60,RandomFuzzyRules__max_literal_repetitions__2,308,154,9,10,0.7402597402597403,0.6722222222222223,0.6878703703703704,0.396265244237808,0.024050874635577202,0.00015067867934703827,,,,,
south_africa_coronary_heart_disease,15,2,48,60,RandomFuzzyRules__max_literal_repetitions__3,308,154,9,10,0.7207792207792207,0.6316666666666667,0.7138888888888889,0.3407515633228654,0.023848637007176876,0.00015275832265615463,,,,,
south_africa_coronary_heart_disease,16,0,49,60,RandomFuzzyRules__max_literal_repetitions__1,308,154,9,10,0.6688311688311688,0.5995703343919297,0.6410424061274052,0.21945111414183585,0.02615156304091215,0.00015019811689853668,,,,,
south_africa_coronary_heart_disease,16,0,49,60,RandomFuzzyRules__max_literal_repetitions__2,308,154,9,10,0.6948051948051948,0.5969549785167196,0.6497291238557817,0.2539928170046766,0.023758037947118282,0.00014867819845676422,,,,,
south_africa_coronary_heart_disease,16,0,49,60,RandomFuzzyRules__max_literal_repetitions__3,308,154,9,10,0.6948051948051948,0.5969549785167196,0.6902671399215393,0.2539928170046766,0.02336154133081436,0.00015668850392103195,,,,,
south_africa_coronary_heart_disease,16,1,50,60,RandomFuzzyRules__max_literal_repetitions__1,308,154,9,10,0.7532467532467533,0.6594433028208481,0.7715299831869978,0.42504541286448155,0.02577553689479828,0.000150938518345356,,,,,
south_africa_coronary_heart_disease,16,1,50,60,RandomFuzzyRules__max_literal_repetitions__2,308,154,9,10,0.7272727272727273,0.6979263964132263,0.7500467027834858,0.39585279282645247,0.024227223359048367,0.0001481175422668457,,,,,
south_africa_coronary_heart_disease,16,1,50,60,RandomFuzzyRules__max_literal_repetitions__3,308,154,9,10,0.7467532467532467,0.6858770782738651,0.7218382215580048,0.40966952827603503,0.02362344041466713,0.00014530867338180542,,,,,
south_africa_coronary_heart_disease,16,2,51,60,RandomFuzzyRules__max_literal_repetitions__1,308,154,9,10,0.7337662337662337,0.6501851851851852,0.8108333333333333,0.3769382651607752,0.025730556808412075,0.00014071911573410034,,,,,
south_africa_coronary_heart_disease,16,2,51,60,RandomFuzzyRules__max_literal_repetitions__2,308,154,9,10,0.7402597402597403,0.6722222222222223,0.7135185185185187,0.396265244237808,0.024065864272415638,0.00014909915626049042,,,,,
south_africa_coronary_heart_disease,16,2,51,60,RandomFuzzyRules__max_literal_repetitions__3,308,154,9,10,0.7337662337662337,0.6714814814814815,0.7324999999999999,0.38304545139569135,0.023829977959394455,0.00014819856733083725,,,,,
south_africa_coronary_heart_disease,17,0,52,60,RandomFuzzyRules__max_literal_repetitions__1,308,154,9,10,0.7077922077922078,0.6068559686157295,0.6663553147767607,0.2901543572489904,0.025896694511175156,0.0001540984958410263,,,,,
south_africa_coronary_heart_disease,17,0,52,60,RandomFuzzyRules__max_literal_repetitions__2,308,154,9,10,0.6753246753246753,0.5821034933682048,0.6676629927143657,0.20516652885272685,0.02366424910724163,0.00014804769307374954,,,,,
south_africa_coronary_heart_disease,17,0,52,60,RandomFuzzyRules__max_literal_repetitions__3,308,154,9,10,0.6753246753246753,0.5686530917242668,0.6629927143657761,0.19008736457394193,0.02366488892585039,0.00015425961464643478,,,,,
south_africa_coronary_heart_disease,17,1,53,60,RandomFuzzyRules__max_literal_repetitions__1,308,154,9,10,0.7012987012987013,0.5929385391369325,0.7144591817672332,0.2685225571472152,0.025908776558935642,0.0001563476398587227,,,,,
south_africa_coronary_heart_disease,17,1,53,60,RandomFuzzyRules__max_literal_repetitions__2,308,154,9,10,0.6883116883116883,0.6278722211843826,0.6788716607509807,0.27489932682415685,0.02384287677705288,0.00014934781938791275,,,,,
south_africa_coronary_heart_disease,17,1,53,60,RandomFuzzyRules__max_literal_repetitions__3,308,154,9,10,0.7012987012987013,0.6288062768541005,0.6583224360171867,0.29205062609511256,0.023784557357430458,0.00015127938240766525,,,,,
south_africa_coronary_heart_disease,17,2,54,60,RandomFuzzyRules__max_literal_repetitions__1,308,154,9,10,0.6818181818181818,0.5888888888888889,0.7566666666666667,0.2300432495006686,0.02595200575888157,0.00015084818005561829,,,,,
south_africa_coronary_heart_disease,17,2,54,60,RandomFuzzyRules__max_literal_repetitions__2,308,154,9,10,0.7272727272727273,0.657962962962963,0.7415740740740742,0.3634561863815594,0.023731758818030357,0.00014111772179603577,,,,,
south_africa_coronary_heart_disease,17,2,54,60,RandomFuzzyRules__max_literal_repetitions__3,308,154,9,10,0.7272727272727273,0.657962962962963,0.7415740740740742,0.3634561863815594,0.023920847102999687,0.0001590382307767868,,,,,
south_africa_coronary_heart_disease,18,0,55,60,RandomFuzzyRules__max_literal_repetitions__1,308,154,9,10,0.7272727272727273,0.6396413226228284,0.755837847935737,0.3489464853638528,0.026425420306622982,0.00016100984066724777,,,,,
south_africa_coronary_heart_disease,18,0,55,60,RandomFuzzyRules__max_literal_repetitions__2,308,154,9,10,0.7207792207792207,0.6481412292172614,0.6877451896133009,0.33937080589151897,0.02402674499899149,0.00015033967792987823,,,,,
south_africa_coronary_heart_disease,18,0,55,60,RandomFuzzyRules__max_literal_repetitions__3,308,154,9,10,0.7207792207792207,0.6481412292172614,0.7763870726695311,0.33937080589151897,0.02364478912204504,0.00014175847172737122,,,,,
south_africa_coronary_heart_disease,18,1,56,60,RandomFuzzyRules__max_literal_repetitions__1,308,154,9,10,0.6818181818181818,0.5780870539884178,0.6747618158042219,0.2120358764511853,0.02603555377572775,0.00015392806380987167,,,,,
south_africa_coronary_heart_disease,18,1,56,60,RandomFuzzyRules__max_literal_repetitions__2,308,154,9,10,0.6753246753246753,0.5955538950121427,0.6616850364281712,0.22127245631478235,0.024087874218821526,0.0001489892601966858,,,,,
south_africa_coronary_heart_disease,18,1,56,60,RandomFuzzyRules__max_literal_repetitions__3,308,154,9,10,0.6818181818181818,0.6139547917055856,0.6464599290117691,0.2511541831642024,0.02358237188309431,0.0001532984897494316,,,,,
south_africa_coronary_heart_disease,18,2,57,60,RandomFuzzyRules__max_literal_repetitions__1,308,154,9,10,0.7402597402597403,0.6509259259259259,0.7799999999999999,0.397112380964016,0.02594437636435032,0.00014956947416067123,,,,,
south_africa_coronary_heart_disease,18,2,57,60,RandomFuzzyRules__max_literal_repetitions__2,308,154,9,10,0.6948051948051948,0.6287037037037037,0.7059259259259258,0.2874909165442824,0.023806308396160603,0.0001610778272151947,,,,,
south_africa_coronary_heart_disease,18,2,57,60,RandomFuzzyRules__max_literal_repetitions__3,308,154,9,10,0.7792207792207793,0.7064814814814815,0.7444444444444445,0.4975497509590479,0.023860687389969826,0.00014287885278463364,,,,,
south_africa_coronary_heart_disease,19,0,58,60,RandomFuzzyRules__max_literal_repetitions__1,308,154,9,10,0.7142857142857143,0.6431907341677564,0.7367831122734916,0.3246654168265464,0.025905576534569263,0.000147918239235878,,,,,
south_africa_coronary_heart_disease,19,0,58,60,RandomFuzzyRules__max_literal_repetitions__2,308,154,9,10,0.7272727272727273,0.6530917242667663,0.6960582850737903,0.3545117848484147,0.023740379139780998,0.00014748796820640564,,,,,
south_africa_coronary_heart_disease,19,0,58,60,RandomFuzzyRules__max_literal_repetitions__3,308,154,9,10,0.7272727272727273,0.6575751914814123,0.7234261161965252,0.35728020755798034,0.023791518062353134,0.0001509273424744606,,,,,
south_africa_coronary_heart_disease,19,1,59,60,RandomFuzzyRules__max_literal_repetitions__1,308,154,9,10,0.6883116883116883,0.6189052867550906,0.6758826826078834,0.26444538303680976,0.025904515758156776,0.000151108019053936,,,,,
south_africa_coronary_heart_disease,19,1,59,60,RandomFuzzyRules__max_literal_repetitions__2,308,154,9,10,0.7207792207792207,0.6346908275733234,0.7592004483467214,0.3318198406772594,0.023826788179576397,0.0001497780904173851,,,,,
south_africa_coronary_heart_disease,19,1,59,60,RandomFuzzyRules__max_literal_repetitions__3,308,154,9,10,0.7077922077922078,0.6292733046889595,0.7364094900056044,0.3027488930763833,0.023996866308152676,0.000157088041305542,,,,,
south_africa_coronary_heart_disease,19,2,60,60,RandomFuzzyRules__max_literal_repetitions__1,308,154,9,10,0.6623376623376623,0.5653703703703704,0.6732407407407408,0.17200082267521186,0.025847746059298515,0.0001591285690665245,,,,,
south_africa_coronary_heart_disease,19,2,60,60,RandomFuzzyRules__max_literal_repetitions__2,308,154,9,10,0.6493506493506493,0.5638888888888889,0.6039814814814815,0.15395037137297896,0.02390521764755249,0.0001475578173995018,,,,,
south_africa_coronary_heart_disease,19,2,60,60,RandomFuzzyRules__max_literal_repetitions__3,308,154,9,10,0.6623376623376623,0.5866666666666667,0.6300925925925926,0.1994108971003163,0.02353848982602358,0.0001497296616435051,,,,,
wids_diabetes_mellitus,0,0,1,9,RandomFuzzyRules__max_literal_repetitions__1,84905,42453,179,430,0.7954208183167267,0.5635972459786746,0.7185849955716251,0.22927221038053608,2.0416852850466967,0.0976014556363225,,,,,
wids_diabetes_mellitus,0,0,1,9,RandomFuzzyRules__max_literal_repetitions__2,84905,42453,179,430,0.7954208183167267,0.5635972459786746,0.7185849955716251,0.22927221038053608,2.115731529891491,0.09380883630365133,,,,,
wids_diabetes_mellitus,0,0,1,9,RandomFuzzyRules__max_literal_repetitions__3,84905,42453,179,430,0.7954208183167267,0.5635972459786746,0.7185849955716251,0.22927221038053608,2.1499456958845258,0.09392549470067024,,,,,
wids_diabetes_mellitus,0,1,2,9,RandomFuzzyRules__max_literal_repetitions__1,84905,42453,179,430,0.7941252679433727,0.5576091032519835,0.7808592462815501,0.21694715927544017,2.0683127492666245,0.09410298336297274,,,,,
wids_diabetes_mellitus,0,1,2,9,RandomFuzzyRules__max_literal_repetitions__2,84905,42453,179,430,0.7941252679433727,0.5576091032519835,0.7808592462815501,0.21694715927544017,2.096213074401021,0.09430981054902077,,,,,
wids_diabetes_mellitus,0,1,2,9,RandomFuzzyRules__max_literal_repetitions__3,84905,42453,179,430,0.7943137116340424,0.5580839492405694,0.7803609457150232,0.21825267296595535,2.1725295959040523,0.07347186096012592,,,,,
wids_diabetes_mellitus,0,2,3,9,RandomFuzzyRules__max_literal_repetitions__1,84906,42452,179,430,0.795086215019316,0.5598336296197315,0.7810657552568806,0.22325022123399874,2.024852250702679,0.0975746950134635,,,,,
wids_diabetes_mellitus,0,2,3,9,RandomFuzzyRules__max_literal_repetitions__2,84906,42452,179,430,0.795086215019316,0.5598336296197315,0.7810657552568806,0.22325022123399874,2.0956766000017524,0.0947378259152174,,,,,
wids_diabetes_mellitus,0,2,3,9,RandomFuzzyRules__max_literal_repetitions__3,84906,42452,179,430,0.795180439084142,0.560090782617125,0.7809063645800488,0.22391847718578012,2.1437922790646553,0.09874336421489716,,,,,
wids_diabetes_mellitus,1,0,4,9,RandomFuzzyRules__max_literal_repetitions__1,84905,42453,179,430,0.7926177184180152,0.5587354285714398,0.7196184859208821,0.21333717698389784,2.042295125313103,0.09393863379955292,,,,,
wids_diabetes_mellitus,1,0,4,9,RandomFuzzyRules__max_literal_repetitions__2,84905,42453,179,430,0.7926177184180152,0.5587354285714398,0.7196184859208821,0.21333717698389784,2.0862403186038136,0.07605092413723469,,,,,
wids_diabetes_mellitus,1,0,4,9,RandomFuzzyRules__max_literal_repetitions__3,84905,42453,179,430,0.7926177184180152,0.5587354285714398,0.7196184859208821,0.21333717698389784,2.1414126427844167,0.09362168796360493,,,,,
wids_diabetes_mellitus,1,1,5,9,RandomFuzzyRules__max_literal_repetitions__1,84905,42453,179,430,0.7952559300873908,0.5594731605378701,0.7811128027858389,0.22347268783950683,2.1161491107195616,0.09297719411551952,,,,,
wids_diabetes_mellitus,1,1,5,9,RandomFuzzyRules__max_literal_repetitions__2,84905,42453,179,430,0.7952559300873908,0.5594731605378701,0.7811128027858389,0.22347268783950683,2.0923865120857954,0.09549852833151817,,,,,
wids_diabetes_mellitus,1,1,5,9,RandomFuzzyRules__max_literal_repetitions__3,84905,42453,179,430,0.7952794855487245,0.5590941829891386,0.7774602598949834,0.22308401393264654,2.1284428108483553,0.09589228220283985,,,,,
wids_diabetes_mellitus,1,2,6,9,RandomFuzzyRules__max_literal_repetitions__1,84906,42452,179,430,0.7961462357486102,0.5620468357507761,0.7842230475227085,0.22986970412207913,2.0386855406686664,0.09519358072429895,,,,,
wids_diabetes_mellitus,1,2,6,9,RandomFuzzyRules__max_literal_repetitions__2,84906,42452,179,430,0.7961462357486102,0.5620468357507761,0.7842230475227085,0.22986970412207913,2.112220590002835,0.09242890030145645,,,,,
wids_diabetes_mellitus,1,2,6,9,RandomFuzzyRules__max_literal_repetitions__3,84906,42452,179,430,0.7962169037972298,0.5623283655105124,0.7837898703122534,0.23047036502311144,2.128388538956642,0.09840372763574123,,,,,
wids_diabetes_mellitus,2,0,7,9,RandomFuzzyRules__max_literal_repetitions__1,84905,42453,179,430,0.7957505947753987,0.5596311856544883,0.7822917278800882,0.22551340092672945,2.0508700804784894,0.09652422554790974,,,,,
wids_diabetes_mellitus,2,0,7,9,RandomFuzzyRules__max_literal_repetitions__2,84905,42453,179,430,0.7957505947753987,0.5596311856544883,0.7822917278800882,0.22551340092672945,2.112535606138408,0.09252522885799408,,,,,
wids_diabetes_mellitus,2,0,7,9,RandomFuzzyRules__max_literal_repetitions__3,84905,42453,179,430,0.7957505947753987,0.5596311856544883,0.7822917278800882,0.22551340092672945,2.141683826223016,0.09455932769924402,,,,,
wids_diabetes_mellitus,2,1,8,9,RandomFuzzyRules__max_literal_repetitions__1,84905,42453,179,430,0.793936824252703,0.5615077400499888,0.7169099820203275,0.2215171949132233,2.0702878925949335,0.09730242751538754,,,,,
wids_diabetes_mellitus,2,1,8,9,RandomFuzzyRules__max_literal_repetitions__2,84905,42453,179,430,0.793936824252703,0.5615077400499888,0.7169099820203275,0.2215171949132233,2.0850434359163046,0.09398370329290628,,,,,
wids_diabetes_mellitus,2,1,8,9,RandomFuzzyRules__max_literal_repetitions__3,84905,42453,179,430,0.793936824252703,0.5615077400499888,0.7169099820203275,0.2215171949132233,2.139723565429449,0.09721890836954117,,,,,
wids_diabetes_mellitus,2,2,9,9,RandomFuzzyRules__max_literal_repetitions__1,84906,42452,179,430,0.7946386507113917,0.5593904346514016,0.7800780864753741,0.22106980652621702,2.0467556603252888,0.09756915457546711,,,,,
wids_diabetes_mellitus,2,2,9,9,RandomFuzzyRules__max_literal_repetitions__2,84906,42452,179,430,0.7946386507113917,0.5593904346514016,0.7800780864753741,0.22106980652621702,2.097109366208315,0.0937695661559701,,,,,
wids_diabetes_mellitus,2,2,9,9,RandomFuzzyRules__max_literal_repetitions__3,84906,42452,179,430,0.7946386507113917,0.5593904346514016,0.7800780864753741,0.22106980652621702,2.1248166328296065,0.09911799803376198,,,,,
