dataset_id,dataset_name,fold,estimator,n_train,n_test,n_original_features,accuracy,f1,auroc,fit_time,predict_time
14,Breast Cancer,1,RandomFuzzyRules__max_rules__2,257,29,9,0.7586206896551724,0.36363636363636365,0.6607142857142857,0.06871169991791248,0.00037080002948641777
14,Breast Cancer,1,RandomFuzzyRules__max_rules__3,257,29,9,0.7586206896551724,0.36363636363636365,0.6011904761904762,0.04824150004424155,0.000310199917294085
14,Breast Cancer,1,RandomFuzzyRules__max_rules__4,257,29,9,0.7586206896551724,0.36363636363636365,0.6607142857142857,0.05300700000952929,0.0003125000512227416
14,Breast Cancer,1,RandomFuzzyRules__max_rules__5,257,29,9,0.7586206896551724,0.36363636363636365,0.6607142857142857,0.05553630006033927,0.0002991999499499798
14,Breast Cancer,1,RandomFuzzyRules__max_rules__6,257,29,9,0.7586206896551724,0.36363636363636365,0.6607142857142857,0.05822409992106259,0.0003282000543549657
14,Breast Cancer,1,RandomFuzzyRules__max_rules__7,257,29,9,0.7586206896551724,0.36363636363636365,0.6607142857142857,0.057409599889069796,0.0003646000986918807
14,Breast Cancer,2,RandomFuzzyRules__max_rules__2,257,29,9,0.6896551724137931,0.0,0.48055555555555557,0.045561700011603534,0.0003079000161960721
14,Breast Cancer,2,RandomFuzzyRules__max_rules__3,257,29,9,0.6896551724137931,0.0,0.5055555555555555,0.04768690001219511,0.0003548999084159732
14,Breast Cancer,2,RandomFuzzyRules__max_rules__4,257,29,9,0.6896551724137931,0.0,0.5055555555555555,0.052175199962221086,0.0003431000513955951
14,Breast Cancer,2,RandomFuzzyRules__max_rules__5,257,29,9,0.6896551724137931,0.0,0.48055555555555557,0.05394880007952452,0.00031079992186278105
14,Breast Cancer,2,RandomFuzzyRules__max_rules__6,257,29,9,0.6896551724137931,0.0,0.5055555555555555,0.06732600007671863,0.00034149992279708385
14,Breast Cancer,2,RandomFuzzyRules__max_rules__7,257,29,9,0.6896551724137931,0.0,0.5055555555555555,0.06153529998846352,0.00032210000790655613
14,Breast Cancer,3,RandomFuzzyRules__max_rules__2,257,29,9,0.7931034482758621,0.5714285714285714,0.7333333333333333,0.043730500037781894,0.00022139993961900473
14,Breast Cancer,3,RandomFuzzyRules__max_rules__3,257,29,9,0.7931034482758621,0.5714285714285714,0.7083333333333334,0.048198800068348646,0.00033900002017617226
14,Breast Cancer,3,RandomFuzzyRules__max_rules__4,257,29,9,0.7931034482758621,0.5714285714285714,0.7083333333333334,0.05086219997610897,0.00033029995393007994
14,Breast Cancer,3,RandomFuzzyRules__max_rules__5,257,29,9,0.7931034482758621,0.5714285714285714,0.7333333333333333,0.053178500034846365,0.0003399999113753438
14,Breast Cancer,3,RandomFuzzyRules__max_rules__6,257,29,9,0.7931034482758621,0.5714285714285714,0.7083333333333334,0.058912600041367114,0.00032469991128891706
14,Breast Cancer,3,RandomFuzzyRules__max_rules__7,257,29,9,0.7931034482758621,0.5714285714285714,0.7083333333333334,0.05919800000265241,0.0003342999843880534
14,Breast Cancer,4,RandomFuzzyRules__max_rules__2,257,29,9,0.7241379310344828,0.42857142857142855,0.7666666666666667,0.042251699953339994,0.00031349994242191315
14,Breast Cancer,4,RandomFuzzyRules__max_rules__3,257,29,9,0.7241379310344828,0.3333333333333333,0.5861111111111111,0.048172099981456995,0.0002937000244855881
14,Breast Cancer,4,RandomFuzzyRules__max_rules__4,257,29,9,0.7241379310344828,0.3333333333333333,0.5861111111111111,0.061487199971452355,0.00032549991738051176
14,Breast Cancer,4,RandomFuzzyRules__max_rules__5,257,29,9,0.7241379310344828,0.42857142857142855,0.7666666666666667,0.05361599999014288,0.00032270001247525215
14,Breast Cancer,4,RandomFuzzyRules__max_rules__6,257,29,9,0.7241379310344828,0.3333333333333333,0.5861111111111111,0.06753850006498396,0.00032679992727935314
14,Breast Cancer,4,RandomFuzzyRules__max_rules__7,257,29,9,0.7241379310344828,0.3333333333333333,0.5861111111111111,0.06198490003589541,0.00026130001060664654
14,Breast Cancer,5,RandomFuzzyRules__max_rules__2,257,29,9,0.6551724137931034,0.0,0.47777777777777775,0.04428060003556311,0.0002471000188961625
14,Breast Cancer,5,RandomFuzzyRules__max_rules__3,257,29,9,0.6206896551724138,0.0,0.45,0.05294019996654242,0.00024800002574920654
14,Breast Cancer,5,RandomFuzzyRules__max_rules__4,257,29,9,0.6206896551724138,0.0,0.45,0.049831500044092536,0.00027520000003278255
14,Breast Cancer,5,RandomFuzzyRules__max_rules__5,257,29,9,0.6551724137931034,0.0,0.47777777777777775,0.05351419991347939,0.0002738999901339412
14,Breast Cancer,5,RandomFuzzyRules__max_rules__6,257,29,9,0.6206896551724138,0.0,0.45,0.04981280001811683,0.00022759998682886362
14,Breast Cancer,5,RandomFuzzyRules__max_rules__7,257,29,9,0.6206896551724138,0.0,0.45,0.05852240009699017,0.00022149994038045406
14,Breast Cancer,6,RandomFuzzyRules__max_rules__2,257,29,9,0.7586206896551724,0.3636363636363636,0.5722222222222223,0.0546208000741899,0.0003212000010535121
14,Breast Cancer,6,RandomFuzzyRules__max_rules__3,257,29,9,0.7241379310344828,0.3333333333333333,0.5861111111111111,0.04768840002361685,0.0003282000543549657
14,Breast Cancer,6,RandomFuzzyRules__max_rules__4,257,29,9,0.7241379310344828,0.3333333333333333,0.5861111111111111,0.046585300005972385,0.00031809997744858265
14,Breast Cancer,6,RandomFuzzyRules__max_rules__5,257,29,9,0.7586206896551724,0.3636363636363636,0.5722222222222223,0.05261479993350804,0.00026210001669824123
14,Breast Cancer,6,RandomFuzzyRules__max_rules__6,257,29,9,0.7241379310344828,0.3333333333333333,0.5861111111111111,0.058701900066807866,0.0003478999715298414
14,Breast Cancer,6,RandomFuzzyRules__max_rules__7,257,29,9,0.7241379310344828,0.3333333333333333,0.5861111111111111,0.06098270008806139,0.0002906000008806586
14,Breast Cancer,7,RandomFuzzyRules__max_rules__2,258,28,9,0.8571428571428571,0.7142857142857143,0.828125,0.044835399952717125,0.00027860002592206
14,Breast Cancer,7,RandomFuzzyRules__max_rules__3,258,28,9,0.8214285714285714,0.6153846153846154,0.7249999999999999,0.0473535000346601,0.00029939995147287846
14,Breast Cancer,7,RandomFuzzyRules__max_rules__4,258,28,9,0.8214285714285714,0.6153846153846154,0.7249999999999999,0.049520200002007186,0.00023300002794712782
14,Breast Cancer,7,RandomFuzzyRules__max_rules__5,258,28,9,0.8571428571428571,0.6666666666666666,0.7999999999999999,0.053328200010582805,0.0003011999651789665
14,Breast Cancer,7,RandomFuzzyRules__max_rules__6,258,28,9,0.8214285714285714,0.6153846153846154,0.7249999999999999,0.05846020008902997,0.00032190000638365746
14,Breast Cancer,7,RandomFuzzyRules__max_rules__7,258,28,9,0.8214285714285714,0.6153846153846154,0.7249999999999999,0.0719905000878498,0.00034110003616660833
14,Breast Cancer,8,RandomFuzzyRules__max_rules__2,258,28,9,0.75,0.36363636363636365,0.621875,0.044752700021490455,0.00027979991864413023
14,Breast Cancer,8,RandomFuzzyRules__max_rules__3,258,28,9,0.7142857142857143,0.2,0.5375,0.05043559998739511,0.0003217000048607588
14,Breast Cancer,8,RandomFuzzyRules__max_rules__4,258,28,9,0.7142857142857143,0.2,0.5375,0.05292440007906407,0.00035749992821365595
14,Breast Cancer,8,RandomFuzzyRules__max_rules__5,258,28,9,0.75,0.36363636363636365,0.621875,0.05232619994785637,0.0002297000028192997
14,Breast Cancer,8,RandomFuzzyRules__max_rules__6,258,28,9,0.7142857142857143,0.2,0.5375,0.05676459998358041,0.00031340005807578564
14,Breast Cancer,8,RandomFuzzyRules__max_rules__7,258,28,9,0.7142857142857143,0.2,0.5375,0.05953850003425032,0.00033459998667240143
14,Breast Cancer,9,RandomFuzzyRules__max_rules__2,258,28,9,0.75,0.4615384615384615,0.678125,0.05329250008799136,0.0002266999799758196
14,Breast Cancer,9,RandomFuzzyRules__max_rules__3,258,28,9,0.75,0.4615384615384615,0.678125,0.04744710004888475,0.00032760004978626966
14,Breast Cancer,9,RandomFuzzyRules__max_rules__4,258,28,9,0.75,0.4615384615384615,0.678125,0.04987520002759993,0.0003149999538436532
14,Breast Cancer,9,RandomFuzzyRules__max_rules__5,258,28,9,0.75,0.4615384615384615,0.678125,0.05455730005633086,0.00032320001628249884
14,Breast Cancer,9,RandomFuzzyRules__max_rules__6,258,28,9,0.75,0.4615384615384615,0.678125,0.056942999945022166,0.0003109000390395522
14,Breast Cancer,9,RandomFuzzyRules__max_rules__7,258,28,9,0.75,0.4615384615384615,0.678125,0.05943759996443987,0.00029800005722790956
14,Breast Cancer,10,RandomFuzzyRules__max_rules__2,258,28,9,0.7142857142857143,0.5,0.6500000000000001,0.04650339996442199,0.0002935000229626894
14,Breast Cancer,10,RandomFuzzyRules__max_rules__3,258,28,9,0.7142857142857143,0.5,0.6500000000000001,0.04734759998973459,0.0003038999857380986
14,Breast Cancer,10,RandomFuzzyRules__max_rules__4,258,28,9,0.7142857142857143,0.5,0.6500000000000001,0.051687899976968765,0.0002761000068858266
14,Breast Cancer,10,RandomFuzzyRules__max_rules__5,258,28,9,0.7142857142857143,0.5,0.6500000000000001,0.05321179993916303,0.0003470000810921192
14,Breast Cancer,10,RandomFuzzyRules__max_rules__6,258,28,9,0.7142857142857143,0.5,0.6500000000000001,0.05711619998328388,0.00034579995553940535
14,Breast Cancer,10,RandomFuzzyRules__max_rules__7,258,28,9,0.7142857142857143,0.5,0.6500000000000001,0.058994999970309436,0.0002877999795600772
15,Breast Cancer Wisconsin (Original),1,RandomFuzzyRules__max_rules__2,629,70,9,0.9142857142857143,0.8636363636363635,0.980072463768116,0.060881500015966594,0.0005107999313622713
15,Breast Cancer Wisconsin (Original),1,RandomFuzzyRules__max_rules__3,629,70,9,0.9571428571428572,0.9387755102040817,0.9719202898550725,0.09887840005103499,0.0003288999432697892
15,Breast Cancer Wisconsin (Original),1,RandomFuzzyRules__max_rules__4,629,70,9,0.9428571428571428,0.9166666666666666,0.9873188405797101,0.07193269999697804,0.00029090000316500664
15,Breast Cancer Wisconsin (Original),1,RandomFuzzyRules__max_rules__5,629,70,9,0.9428571428571428,0.9130434782608695,0.9891304347826086,0.08104389999061823,0.00028579996433109045
15,Breast Cancer Wisconsin (Original),1,RandomFuzzyRules__max_rules__6,629,70,9,0.9857142857142858,0.9795918367346939,0.9791666666666666,0.0836412999778986,0.00033629999961704016
15,Breast Cancer Wisconsin (Original),1,RandomFuzzyRules__max_rules__7,629,70,9,0.9428571428571428,0.9199999999999999,0.9918478260869565,0.08516979997511953,0.0002983999438583851
15,Breast Cancer Wisconsin (Original),2,RandomFuzzyRules__max_rules__2,629,70,9,0.9571428571428572,0.9333333333333333,0.995018115942029,0.06606819992884994,0.00032029999420046806
15,Breast Cancer Wisconsin (Original),2,RandomFuzzyRules__max_rules__3,629,70,9,0.9428571428571428,0.9090909090909091,0.9678442028985507,0.06968520011287183,0.00025230005849152803
15,Breast Cancer Wisconsin (Original),2,RandomFuzzyRules__max_rules__4,629,70,9,0.9571428571428572,0.9361702127659574,0.990036231884058,0.07459149998612702,0.000341300037689507
15,Breast Cancer Wisconsin (Original),2,RandomFuzzyRules__max_rules__5,629,70,9,0.9142857142857143,0.8695652173913043,0.9547101449275361,0.07842660008464009,0.0003296999493613839
15,Breast Cancer Wisconsin (Original),2,RandomFuzzyRules__max_rules__6,629,70,9,0.9857142857142858,0.9787234042553191,0.9981884057971014,0.08253499993588775,0.0003470999654382467
15,Breast Cancer Wisconsin (Original),2,RandomFuzzyRules__max_rules__7,629,70,9,0.9285714285714286,0.888888888888889,0.9954710144927537,0.08347070007584989,0.00033359997905790806
15,Breast Cancer Wisconsin (Original),3,RandomFuzzyRules__max_rules__2,629,70,9,0.9,0.8444444444444444,0.9877717391304348,0.06449939997401088,0.00027469999622553587
15,Breast Cancer Wisconsin (Original),3,RandomFuzzyRules__max_rules__3,629,70,9,0.9714285714285714,0.9583333333333334,0.9877717391304348,0.06804360006935894,0.0003155999584123492
15,Breast Cancer Wisconsin (Original),3,RandomFuzzyRules__max_rules__4,629,70,9,0.9571428571428572,0.9361702127659574,0.9891304347826088,0.07526299997698516,0.000341600039973855
15,Breast Cancer Wisconsin (Original),3,RandomFuzzyRules__max_rules__5,629,70,9,0.9285714285714286,0.8936170212765957,0.9873188405797102,0.07844899990595877,0.0003247000277042389
15,Breast Cancer Wisconsin (Original),3,RandomFuzzyRules__max_rules__6,629,70,9,0.9571428571428572,0.9387755102040817,0.9873188405797102,0.08320669992826879,0.00032860005740076303
15,Breast Cancer Wisconsin (Original),3,RandomFuzzyRules__max_rules__7,629,70,9,0.9,0.8444444444444444,0.9877717391304348,0.08344890002626926,0.00024649989791214466
15,Breast Cancer Wisconsin (Original),4,RandomFuzzyRules__max_rules__2,629,70,9,0.9,0.8571428571428572,0.9732789855072463,0.09055960003752261,0.00034090003464370966
15,Breast Cancer Wisconsin (Original),4,RandomFuzzyRules__max_rules__3,629,70,9,0.9571428571428572,0.9411764705882353,0.9895833333333334,0.06508369999937713,0.00033379998058080673
15,Breast Cancer Wisconsin (Original),4,RandomFuzzyRules__max_rules__4,629,70,9,0.9857142857142858,0.9795918367346939,0.9945652173913043,0.07434739999007434,0.00032600003760308027
15,Breast Cancer Wisconsin (Original),4,RandomFuzzyRules__max_rules__5,629,70,9,0.9142857142857143,0.888888888888889,0.9927536231884058,0.07851929997559637,0.00032679992727935314
15,Breast Cancer Wisconsin (Original),4,RandomFuzzyRules__max_rules__6,629,70,9,0.9428571428571428,0.923076923076923,0.9981884057971014,0.08093820000067353,0.00031290005426853895
15,Breast Cancer Wisconsin (Original),4,RandomFuzzyRules__max_rules__7,629,70,9,0.9571428571428572,0.9411764705882353,0.9954710144927537,0.11201569996774197,0.0003458999563008547
15,Breast Cancer Wisconsin (Original),5,RandomFuzzyRules__max_rules__2,629,70,9,0.9,0.8444444444444444,0.9646739130434783,0.06318609998561442,0.00029630004428327084
15,Breast Cancer Wisconsin (Original),5,RandomFuzzyRules__max_rules__3,629,70,9,0.9285714285714286,0.9019607843137256,0.9764492753623187,0.07647749991156161,0.00035470002330839634
15,Breast Cancer Wisconsin (Original),5,RandomFuzzyRules__max_rules__4,629,70,9,0.9571428571428572,0.9411764705882353,0.990036231884058,0.07407600001897663,0.0003442000597715378
15,Breast Cancer Wisconsin (Original),5,RandomFuzzyRules__max_rules__5,629,70,9,0.9285714285714286,0.8979591836734694,0.9732789855072463,0.07806820003315806,0.0003162999637424946
15,Breast Cancer Wisconsin (Original),5,RandomFuzzyRules__max_rules__6,629,70,9,0.9285714285714286,0.8979591836734694,0.9678442028985508,0.08064149995334446,0.00032220000866800547
15,Breast Cancer Wisconsin (Original),5,RandomFuzzyRules__max_rules__7,629,70,9,0.9142857142857143,0.8799999999999999,0.9710144927536232,0.08500710001681,0.0003322999691590667
15,Breast Cancer Wisconsin (Original),6,RandomFuzzyRules__max_rules__2,629,70,9,0.9714285714285714,0.9583333333333334,0.9990942028985507,0.06924789992626756,0.00031480006873607635
15,Breast Cancer Wisconsin (Original),6,RandomFuzzyRules__max_rules__3,629,70,9,0.9857142857142858,0.9795918367346939,0.9990942028985508,0.06711369997356087,0.0002804000396281481
15,Breast Cancer Wisconsin (Original),6,RandomFuzzyRules__max_rules__4,629,70,9,0.9857142857142858,0.9795918367346939,0.9990942028985507,0.07367640000302345,0.0003386000171303749
15,Breast Cancer Wisconsin (Original),6,RandomFuzzyRules__max_rules__5,629,70,9,0.9714285714285714,0.9600000000000001,0.996376811594203,0.07849969994276762,0.00033569999504834414
15,Breast Cancer Wisconsin (Original),6,RandomFuzzyRules__max_rules__6,629,70,9,0.9714285714285714,0.9600000000000001,0.9972826086956523,0.08290499995928258,0.0003165999660268426
15,Breast Cancer Wisconsin (Original),6,RandomFuzzyRules__max_rules__7,629,70,9,0.9857142857142858,0.9795918367346939,0.9981884057971014,0.08414360007736832,0.00033730000723153353
15,Breast Cancer Wisconsin (Original),7,RandomFuzzyRules__max_rules__2,629,70,9,0.9285714285714286,0.888888888888889,0.9855072463768116,0.06284519995097071,0.0003104000352323055
15,Breast Cancer Wisconsin (Original),7,RandomFuzzyRules__max_rules__3,629,70,9,0.9285714285714286,0.8979591836734694,0.9918478260869565,0.06686689995694906,0.00032380002085119486
15,Breast Cancer Wisconsin (Original),7,RandomFuzzyRules__max_rules__4,629,70,9,0.9428571428571428,0.9166666666666666,0.9737318840579711,0.07389279990456998,0.0003195999888703227
15,Breast Cancer Wisconsin (Original),7,RandomFuzzyRules__max_rules__5,629,70,9,0.9571428571428572,0.9387755102040817,0.9927536231884058,0.07634809997398406,0.0003189999843016267
15,Breast Cancer Wisconsin (Original),7,RandomFuzzyRules__max_rules__6,629,70,9,0.9285714285714286,0.8979591836734694,0.9900362318840579,0.08212060004007071,0.0003507001092657447
15,Breast Cancer Wisconsin (Original),7,RandomFuzzyRules__max_rules__7,629,70,9,0.9571428571428572,0.9387755102040817,0.9927536231884058,0.07841429999098182,0.00022410007659345865
15,Breast Cancer Wisconsin (Original),8,RandomFuzzyRules__max_rules__2,629,70,9,0.9428571428571428,0.9090909090909091,0.9565217391304349,0.061374599928967655,0.00032510003075003624
15,Breast Cancer Wisconsin (Original),8,RandomFuzzyRules__max_rules__3,629,70,9,0.9714285714285714,0.9583333333333334,0.9959239130434783,0.0692341000540182,0.00029640004504472017
15,Breast Cancer Wisconsin (Original),8,RandomFuzzyRules__max_rules__4,629,70,9,0.9571428571428572,0.9361702127659574,0.9927536231884058,0.1068108999170363,0.000341000035405159
15,Breast Cancer Wisconsin (Original),8,RandomFuzzyRules__max_rules__5,629,70,9,0.9428571428571428,0.9199999999999999,0.9601449275362318,0.11137790000066161,0.00034509995020926
15,Breast Cancer Wisconsin (Original),8,RandomFuzzyRules__max_rules__6,629,70,9,0.9714285714285714,0.9565217391304348,0.9945652173913043,0.11901120003312826,0.00033219996839761734
15,Breast Cancer Wisconsin (Original),8,RandomFuzzyRules__max_rules__7,629,70,9,0.9571428571428572,0.9387755102040817,0.9945652173913043,0.12008589995093644,0.00035149999894201756
15,Breast Cancer Wisconsin (Original),9,RandomFuzzyRules__max_rules__2,629,70,9,0.9142857142857143,0.8695652173913043,0.9808888888888888,0.06385180004872382,0.000228899996727705
15,Breast Cancer Wisconsin (Original),9,RandomFuzzyRules__max_rules__3,629,70,9,0.9857142857142858,0.9803921568627451,0.9893333333333334,0.06932570005301386,0.0003048001090064645
15,Breast Cancer Wisconsin (Original),9,RandomFuzzyRules__max_rules__4,629,70,9,0.9714285714285714,0.96,0.9937777777777778,0.07272060005925596,0.00030529999639838934
15,Breast Cancer Wisconsin (Original),9,RandomFuzzyRules__max_rules__5,629,70,9,0.9285714285714286,0.8936170212765958,0.9884444444444445,0.07676960004027933,0.0002919000107795
15,Breast Cancer Wisconsin (Original),9,RandomFuzzyRules__max_rules__6,629,70,9,0.9857142857142858,0.9803921568627451,0.9893333333333333,0.08582839998416603,0.000332699972204864
15,Breast Cancer Wisconsin (Original),9,RandomFuzzyRules__max_rules__7,629,70,9,0.9142857142857143,0.8695652173913043,0.9826666666666666,0.08911749999970198,0.0003252999158576131
15,Breast Cancer Wisconsin (Original),10,RandomFuzzyRules__max_rules__2,630,69,9,0.9130434782608695,0.875,0.950462962962963,0.05673760001081973,0.00023300002794712782
15,Breast Cancer Wisconsin (Original),10,RandomFuzzyRules__max_rules__3,630,69,9,0.9565217391304348,0.9387755102040817,0.986574074074074,0.06849859992507845,0.00031020003370940685
15,Breast Cancer Wisconsin (Original),10,RandomFuzzyRules__max_rules__4,630,69,9,0.9710144927536232,0.9583333333333334,0.9907407407407407,0.07212279993109405,0.00031999999191612005
15,Breast Cancer Wisconsin (Original),10,RandomFuzzyRules__max_rules__5,630,69,9,0.9420289855072463,0.923076923076923,0.9935185185185185,0.10157699999399483,0.0002389999572187662
15,Breast Cancer Wisconsin (Original),10,RandomFuzzyRules__max_rules__6,630,69,9,0.9710144927536232,0.9600000000000001,0.9935185185185185,0.07938859995920211,0.000328000052832067
15,Breast Cancer Wisconsin (Original),10,RandomFuzzyRules__max_rules__7,630,69,9,0.927536231884058,0.9019607843137256,0.975,0.08664560003671795,0.00032590003684163094
17,Breast Cancer Wisconsin (Diagnostic),1,RandomFuzzyRules__max_rules__2,512,57,30,0.9298245614035088,0.9166666666666666,0.9948051948051948,0.04806059994734824,0.00025240005925297737
17,Breast Cancer Wisconsin (Diagnostic),1,RandomFuzzyRules__max_rules__3,512,57,30,0.9473684210526315,0.9302325581395349,0.9948051948051948,0.058094199979677796,0.00035009998828172684
17,Breast Cancer Wisconsin (Diagnostic),1,RandomFuzzyRules__max_rules__4,512,57,30,0.9473684210526315,0.9361702127659575,0.996103896103896,0.06452000001445413,0.00031849998049438
17,Breast Cancer Wisconsin (Diagnostic),1,RandomFuzzyRules__max_rules__5,512,57,30,0.9473684210526315,0.9361702127659575,0.996103896103896,0.06393839989323169,0.0002943000290542841
17,Breast Cancer Wisconsin (Diagnostic),1,RandomFuzzyRules__max_rules__6,512,57,30,0.9473684210526315,0.9333333333333332,0.996103896103896,0.07124060008209199,0.0003328999737277627
17,Breast Cancer Wisconsin (Diagnostic),1,RandomFuzzyRules__max_rules__7,512,57,30,0.9649122807017544,0.9523809523809523,0.9935064935064936,0.07249949988909066,0.0003333000931888819
17,Breast Cancer Wisconsin (Diagnostic),2,RandomFuzzyRules__max_rules__2,512,57,30,0.9473684210526315,0.9361702127659575,0.9922077922077922,0.05033270001877099,0.0002573999809101224
17,Breast Cancer Wisconsin (Diagnostic),2,RandomFuzzyRules__max_rules__3,512,57,30,0.9649122807017544,0.9565217391304348,0.996103896103896,0.0547854999313131,0.00037560006603598595
17,Breast Cancer Wisconsin (Diagnostic),2,RandomFuzzyRules__max_rules__4,512,57,30,0.9298245614035088,0.9166666666666666,0.9909090909090909,0.06406920007430017,0.00031319994013756514
17,Breast Cancer Wisconsin (Diagnostic),2,RandomFuzzyRules__max_rules__5,512,57,30,0.9298245614035088,0.9166666666666666,0.9909090909090909,0.0663102000253275,0.0003223000094294548
17,Breast Cancer Wisconsin (Diagnostic),2,RandomFuzzyRules__max_rules__6,512,57,30,0.9649122807017544,0.9565217391304348,0.9987012987012986,0.07053030002862215,0.00033179996535182
17,Breast Cancer Wisconsin (Diagnostic),2,RandomFuzzyRules__max_rules__7,512,57,30,0.9298245614035088,0.9130434782608695,0.9727272727272728,0.07111599994823337,0.000340400030836463
17,Breast Cancer Wisconsin (Diagnostic),3,RandomFuzzyRules__max_rules__2,512,57,30,0.9473684210526315,0.923076923076923,0.9973544973544973,0.07771890005096793,0.0002337999176234007
17,Breast Cancer Wisconsin (Diagnostic),3,RandomFuzzyRules__max_rules__3,512,57,30,0.9649122807017544,0.9500000000000001,1.0,0.054858600022271276,0.0002332000294700265
17,Breast Cancer Wisconsin (Diagnostic),3,RandomFuzzyRules__max_rules__4,512,57,30,0.9473684210526315,0.923076923076923,0.9933862433862434,0.06270179990679026,0.00032300001475960016
17,Breast Cancer Wisconsin (Diagnostic),3,RandomFuzzyRules__max_rules__5,512,57,30,0.9473684210526315,0.923076923076923,0.9933862433862434,0.06700829998590052,0.0003223000094294548
17,Breast Cancer Wisconsin (Diagnostic),3,RandomFuzzyRules__max_rules__6,512,57,30,0.9824561403508771,0.975609756097561,1.0,0.06966380006633699,0.00032380002085119486
17,Breast Cancer Wisconsin (Diagnostic),3,RandomFuzzyRules__max_rules__7,512,57,30,0.9649122807017544,0.9500000000000001,0.996031746031746,0.07203639997169375,0.00032870005816221237
17,Breast Cancer Wisconsin (Diagnostic),4,RandomFuzzyRules__max_rules__2,512,57,30,0.8947368421052632,0.8421052631578947,0.9603174603174603,0.054667599964886904,0.00031450006645172834
17,Breast Cancer Wisconsin (Diagnostic),4,RandomFuzzyRules__max_rules__3,512,57,30,0.8421052631578947,0.7567567567567567,0.9417989417989419,0.059543299954384565,0.00032160000409930944
17,Breast Cancer Wisconsin (Diagnostic),4,RandomFuzzyRules__max_rules__4,512,57,30,0.9122807017543859,0.8648648648648648,0.9563492063492063,0.06279879994690418,0.000332399969920516
17,Breast Cancer Wisconsin (Diagnostic),4,RandomFuzzyRules__max_rules__5,512,57,30,0.8771929824561403,0.8205128205128205,0.9470899470899471,0.06654200004413724,0.00036159995943307877
17,Breast Cancer Wisconsin (Diagnostic),4,RandomFuzzyRules__max_rules__6,512,57,30,0.8947368421052632,0.8421052631578947,0.9735449735449736,0.07252929999958724,0.00033380009699612856
17,Breast Cancer Wisconsin (Diagnostic),4,RandomFuzzyRules__max_rules__7,512,57,30,0.8070175438596491,0.717948717948718,0.8994708994708994,0.07153680000919849,0.0003173000877723098
17,Breast Cancer Wisconsin (Diagnostic),5,RandomFuzzyRules__max_rules__2,512,57,30,0.8771929824561403,0.8372093023255814,0.9365079365079365,0.05679589998908341,0.0003347999881953001
17,Breast Cancer Wisconsin (Diagnostic),5,RandomFuzzyRules__max_rules__3,512,57,30,0.9473684210526315,0.9268292682926829,0.9603174603174602,0.05971430009230971,0.0003280999371781945
17,Breast Cancer Wisconsin (Diagnostic),5,RandomFuzzyRules__max_rules__4,512,57,30,0.9122807017543859,0.8780487804878048,0.9523809523809523,0.06302909995429218,0.00030060007702559233
17,Breast Cancer Wisconsin (Diagnostic),5,RandomFuzzyRules__max_rules__5,512,57,30,0.9122807017543859,0.8780487804878048,0.9523809523809523,0.06605070002842695,0.00031489995308220387
17,Breast Cancer Wisconsin (Diagnostic),5,RandomFuzzyRules__max_rules__6,512,57,30,0.9298245614035088,0.9047619047619048,0.9695767195767195,0.07170430000405759,0.000327400048263371
17,Breast Cancer Wisconsin (Diagnostic),5,RandomFuzzyRules__max_rules__7,512,57,30,0.9473684210526315,0.923076923076923,0.9378306878306879,0.07456680003087968,0.00035180000122636557
17,Breast Cancer Wisconsin (Diagnostic),6,RandomFuzzyRules__max_rules__2,512,57,30,0.9122807017543859,0.8717948717948718,0.9563492063492063,0.05227700003888458,0.00032919994555413723
17,Breast Cancer Wisconsin (Diagnostic),6,RandomFuzzyRules__max_rules__3,512,57,30,0.9298245614035088,0.9,0.9841269841269842,0.05939900001976639,0.000251400051638484
17,Breast Cancer Wisconsin (Diagnostic),6,RandomFuzzyRules__max_rules__4,512,57,30,0.9298245614035088,0.9,0.9722222222222222,0.09461459994781762,0.00032410002313554287
17,Breast Cancer Wisconsin (Diagnostic),6,RandomFuzzyRules__max_rules__5,512,57,30,0.9298245614035088,0.9,0.9722222222222222,0.10143170005176216,0.00035039999056607485
17,Breast Cancer Wisconsin (Diagnostic),6,RandomFuzzyRules__max_rules__6,512,57,30,0.9649122807017544,0.9523809523809523,0.9933862433862435,0.09940160007681698,0.00028469995595514774
17,Breast Cancer Wisconsin (Diagnostic),6,RandomFuzzyRules__max_rules__7,512,57,30,0.8771929824561403,0.8292682926829269,0.9695767195767195,0.1081291000591591,0.0003176999744027853
17,Breast Cancer Wisconsin (Diagnostic),7,RandomFuzzyRules__max_rules__2,512,57,30,0.9649122807017544,0.9545454545454545,1.0,0.0783343999646604,0.00022759998682886362
17,Breast Cancer Wisconsin (Diagnostic),7,RandomFuzzyRules__max_rules__3,512,57,30,0.9298245614035088,0.9047619047619048,0.9854497354497354,0.10968069999944419,0.0002921000123023987
17,Breast Cancer Wisconsin (Diagnostic),7,RandomFuzzyRules__max_rules__4,512,57,30,1.0,1.0,1.0,0.10176340001635253,0.0003013000823557377
17,Breast Cancer Wisconsin (Diagnostic),7,RandomFuzzyRules__max_rules__5,512,57,30,0.9824561403508771,0.9767441860465117,1.0,0.10140729998238385,0.0002948999172076583
17,Breast Cancer Wisconsin (Diagnostic),7,RandomFuzzyRules__max_rules__6,512,57,30,0.9122807017543859,0.888888888888889,0.9775132275132276,0.10210550006013364,0.0002935999073088169
17,Breast Cancer Wisconsin (Diagnostic),7,RandomFuzzyRules__max_rules__7,512,57,30,0.8596491228070176,0.8095238095238095,0.9523809523809523,0.07529180007986724,0.00033579999580979347
17,Breast Cancer Wisconsin (Diagnostic),8,RandomFuzzyRules__max_rules__2,512,57,30,0.9649122807017544,0.9545454545454545,1.0,0.05203360004816204,0.0002753000007942319
17,Breast Cancer Wisconsin (Diagnostic),8,RandomFuzzyRules__max_rules__3,512,57,30,0.9824561403508771,0.975609756097561,0.9947089947089947,0.059135899995453656,0.0002914000069722533
17,Breast Cancer Wisconsin (Diagnostic),8,RandomFuzzyRules__max_rules__4,512,57,30,0.9649122807017544,0.9545454545454545,1.0,0.06511760002467781,0.0003372000064700842
17,Breast Cancer Wisconsin (Diagnostic),8,RandomFuzzyRules__max_rules__5,512,57,30,0.9473684210526315,0.9333333333333333,0.9973544973544973,0.07286330009810627,0.00032140000257641077
17,Breast Cancer Wisconsin (Diagnostic),8,RandomFuzzyRules__max_rules__6,512,57,30,0.9649122807017544,0.9545454545454545,1.0,0.06738540006335825,0.0002840999513864517
17,Breast Cancer Wisconsin (Diagnostic),8,RandomFuzzyRules__max_rules__7,512,57,30,0.8947368421052632,0.8636363636363636,0.9894179894179893,0.07464639993850142,0.0003320000832900405
17,Breast Cancer Wisconsin (Diagnostic),9,RandomFuzzyRules__max_rules__2,512,57,30,0.9473684210526315,0.923076923076923,0.9880952380952381,0.05619620007928461,0.00030809990130364895
17,Breast Cancer Wisconsin (Diagnostic),9,RandomFuzzyRules__max_rules__3,512,57,30,0.9473684210526315,0.923076923076923,0.992063492063492,0.061516999965533614,0.00032590003684163094
17,Breast Cancer Wisconsin (Diagnostic),9,RandomFuzzyRules__max_rules__4,512,57,30,0.9298245614035088,0.9,0.9907407407407407,0.06053949997294694,0.0003293000627309084
17,Breast Cancer Wisconsin (Diagnostic),9,RandomFuzzyRules__max_rules__5,512,57,30,0.9298245614035088,0.9047619047619048,0.9867724867724867,0.06959680002182722,0.00032819993793964386
17,Breast Cancer Wisconsin (Diagnostic),9,RandomFuzzyRules__max_rules__6,512,57,30,0.9298245614035088,0.9,0.9907407407407408,0.07101960002910346,0.00031859998125582933
17,Breast Cancer Wisconsin (Diagnostic),9,RandomFuzzyRules__max_rules__7,512,57,30,0.9298245614035088,0.9,0.9682539682539683,0.07426719996146858,0.0003293000627309084
17,Breast Cancer Wisconsin (Diagnostic),10,RandomFuzzyRules__max_rules__2,513,56,30,0.9821428571428571,0.975609756097561,0.998639455782313,0.04815329995471984,0.00021970004308968782
17,Breast Cancer Wisconsin (Diagnostic),10,RandomFuzzyRules__max_rules__3,513,56,30,0.9642857142857143,0.9500000000000001,1.0,0.09011190000455827,0.00024580000899732113
17,Breast Cancer Wisconsin (Diagnostic),10,RandomFuzzyRules__max_rules__4,513,56,30,0.9642857142857143,0.9500000000000001,0.9891156462585033,0.09687240002676845,0.0003584999358281493
17,Breast Cancer Wisconsin (Diagnostic),10,RandomFuzzyRules__max_rules__5,513,56,30,0.9642857142857143,0.9500000000000001,0.9891156462585033,0.07024040003307164,0.00030670000705868006
17,Breast Cancer Wisconsin (Diagnostic),10,RandomFuzzyRules__max_rules__6,513,56,30,1.0,1.0,1.0,0.0747225999366492,0.0003082000184804201
17,Breast Cancer Wisconsin (Diagnostic),10,RandomFuzzyRules__max_rules__7,513,56,30,0.9642857142857143,0.9523809523809523,0.9972789115646259,0.07625539996661246,0.00024089997168630362
27,Credit Approval,1,RandomFuzzyRules__max_rules__2,621,69,15,0.8405797101449275,0.860759493670886,0.8760611205432938,0.06126440002117306,0.00034360005520284176
27,Credit Approval,1,RandomFuzzyRules__max_rules__3,621,69,15,0.855072463768116,0.8717948717948718,0.865874363327674,0.091705699916929,0.00039270007982850075
27,Credit Approval,1,RandomFuzzyRules__max_rules__4,621,69,15,0.8115942028985508,0.8395061728395061,0.8289473684210528,0.063177700038068,0.00032480002846568823
27,Credit Approval,1,RandomFuzzyRules__max_rules__5,621,69,15,0.855072463768116,0.8717948717948718,0.8514431239388794,0.06692180002573878,0.0003470999654382467
27,Credit Approval,1,RandomFuzzyRules__max_rules__6,621,69,15,0.855072463768116,0.8717948717948718,0.8641765704584041,0.06813380005769432,0.00032680004369467497
27,Credit Approval,1,RandomFuzzyRules__max_rules__7,621,69,15,0.8985507246376812,0.9090909090909091,0.9078947368421053,0.0710587000939995,0.00034089991822838783
27,Credit Approval,2,RandomFuzzyRules__max_rules__2,621,69,15,0.8405797101449275,0.8405797101449276,0.849320882852292,0.05400299991015345,0.00033930002246052027
27,Credit Approval,2,RandomFuzzyRules__max_rules__3,621,69,15,0.8260869565217391,0.8285714285714286,0.83106960950764,0.06076309992931783,0.000327700050547719
27,Credit Approval,2,RandomFuzzyRules__max_rules__4,621,69,15,0.8405797101449275,0.8405797101449276,0.8450764006791174,0.06227320001926273,0.0003386000171303749
27,Credit Approval,2,RandomFuzzyRules__max_rules__5,621,69,15,0.8405797101449275,0.8405797101449276,0.849320882852292,0.061811599996872246,0.00033680000342428684
27,Credit Approval,2,RandomFuzzyRules__max_rules__6,621,69,15,0.8405797101449275,0.8405797101449276,0.849320882852292,0.06725690001621842,0.0003287999425083399
27,Credit Approval,2,RandomFuzzyRules__max_rules__7,621,69,15,0.855072463768116,0.861111111111111,0.8629032258064516,0.07075549999717623,0.0003497999859973788
27,Credit Approval,3,RandomFuzzyRules__max_rules__2,621,69,15,0.855072463768116,0.8529411764705883,0.8654499151103565,0.1010992000810802,0.00028879998717457056
27,Credit Approval,3,RandomFuzzyRules__max_rules__3,621,69,15,0.855072463768116,0.8529411764705883,0.8641765704584041,0.08030529995448887,0.0003402000293135643
27,Credit Approval,3,RandomFuzzyRules__max_rules__4,621,69,15,0.855072463768116,0.8529411764705883,0.867572156196944,0.08236060000490397,0.0003535000141710043
27,Credit Approval,3,RandomFuzzyRules__max_rules__5,621,69,15,0.855072463768116,0.8529411764705883,0.8654499151103565,0.0734264999628067,0.00021229998674243689
27,Credit Approval,3,RandomFuzzyRules__max_rules__6,621,69,15,0.8405797101449275,0.8405797101449276,0.8790322580645162,0.09435500006657094,0.0002886999864131212
27,Credit Approval,3,RandomFuzzyRules__max_rules__7,621,69,15,0.855072463768116,0.8529411764705883,0.8820033955857386,0.09236589993815869,0.0003502999898046255
27,Credit Approval,4,RandomFuzzyRules__max_rules__2,621,69,15,0.7246376811594203,0.716417910447761,0.735144312393888,0.0996016999706626,0.000341000035405159
27,Credit Approval,4,RandomFuzzyRules__max_rules__3,621,69,15,0.7391304347826086,0.7352941176470588,0.7376910016977929,0.10138029989320785,0.0002528000622987747
27,Credit Approval,4,RandomFuzzyRules__max_rules__4,621,69,15,0.7391304347826086,0.7352941176470588,0.7597623089983021,0.08522469992749393,0.0010490999557077885
27,Credit Approval,4,RandomFuzzyRules__max_rules__5,621,69,15,0.7246376811594203,0.716417910447761,0.7478777589134125,0.07985099998768419,0.00038870004937052727
27,Credit Approval,4,RandomFuzzyRules__max_rules__6,621,69,15,0.7246376811594203,0.716417910447761,0.735144312393888,0.08355310000479221,0.00030649988912045956
27,Credit Approval,4,RandomFuzzyRules__max_rules__7,621,69,15,0.7246376811594203,0.716417910447761,0.735144312393888,0.07456590002402663,0.0003396000247448683
27,Credit Approval,5,RandomFuzzyRules__max_rules__2,621,69,15,0.9420289855072463,0.9459459459459458,0.9443972835314092,0.05589789990335703,0.00024070008657872677
27,Credit Approval,5,RandomFuzzyRules__max_rules__3,621,69,15,0.9420289855072463,0.9459459459459458,0.9410016977928694,0.05671729997266084,0.00023440003860741854
27,Credit Approval,5,RandomFuzzyRules__max_rules__4,621,69,15,0.9420289855072463,0.9459459459459458,0.9414261460101867,0.06886689993552864,0.00024239998310804367
27,Credit Approval,5,RandomFuzzyRules__max_rules__5,621,69,15,0.9420289855072463,0.9444444444444444,0.9473684210526316,0.0649567999644205,0.0002862000837922096
27,Credit Approval,5,RandomFuzzyRules__max_rules__6,621,69,15,0.9420289855072463,0.9459459459459458,0.9443972835314092,0.06894759996794164,0.00034179992508143187
27,Credit Approval,5,RandomFuzzyRules__max_rules__7,621,69,15,0.9420289855072463,0.9459459459459458,0.9584040747028864,0.08086000010371208,0.000295399921014905
27,Credit Approval,6,RandomFuzzyRules__max_rules__2,621,69,15,0.7971014492753623,0.7941176470588235,0.8068760611205432,0.07685389998368919,0.0003228000132367015
27,Credit Approval,6,RandomFuzzyRules__max_rules__3,621,69,15,0.782608695652174,0.7887323943661972,0.7920203735144313,0.06137719994876534,0.00033439998514950275
27,Credit Approval,6,RandomFuzzyRules__max_rules__4,621,69,15,0.7971014492753623,0.7941176470588235,0.7958404074702886,0.0636724999640137,0.0003353999927639961
27,Credit Approval,6,RandomFuzzyRules__max_rules__5,621,69,15,0.7971014492753623,0.7941176470588235,0.8068760611205432,0.07031869993079454,0.00034090003464370966
27,Credit Approval,6,RandomFuzzyRules__max_rules__6,621,69,15,0.7971014492753623,0.7941176470588235,0.8068760611205432,0.08630039996933192,0.0002498000394552946
27,Credit Approval,6,RandomFuzzyRules__max_rules__7,621,69,15,0.7971014492753623,0.7999999999999999,0.8098471986417657,0.07412300002761185,0.00035370001569390297
27,Credit Approval,7,RandomFuzzyRules__max_rules__2,621,69,15,0.9130434782608695,0.9166666666666667,0.9206281833616299,0.05775179993361235,0.00031320005655288696
27,Credit Approval,7,RandomFuzzyRules__max_rules__3,621,69,15,0.8695652173913043,0.88,0.8713921901528013,0.06136960000731051,0.0003538000164553523
27,Credit Approval,7,RandomFuzzyRules__max_rules__4,621,69,15,0.8840579710144928,0.8918918918918918,0.9091680814940577,0.061764700105413795,0.000305800000205636
27,Credit Approval,7,RandomFuzzyRules__max_rules__5,621,69,15,0.8695652173913043,0.88,0.8713921901528013,0.06803239998407662,0.00033629999961704016
27,Credit Approval,7,RandomFuzzyRules__max_rules__6,621,69,15,0.8695652173913043,0.88,0.8713921901528013,0.07983479998074472,0.00029340002220124006
27,Credit Approval,7,RandomFuzzyRules__max_rules__7,621,69,15,0.8840579710144928,0.8947368421052632,0.9405772495755518,0.07146499992813915,0.0003339999821037054
27,Credit Approval,8,RandomFuzzyRules__max_rules__2,621,69,15,0.782608695652174,0.7945205479452054,0.7884615384615385,0.058795299963094294,0.00032460002694278955
27,Credit Approval,8,RandomFuzzyRules__max_rules__3,621,69,15,0.782608695652174,0.7945205479452054,0.7884615384615385,0.059712499962188303,0.0003424999304115772
27,Credit Approval,8,RandomFuzzyRules__max_rules__4,621,69,15,0.782608695652174,0.7945205479452054,0.7884615384615385,0.06193020008504391,0.0003375998931005597
27,Credit Approval,8,RandomFuzzyRules__max_rules__5,621,69,15,0.782608695652174,0.7887323943661971,0.7923076923076924,0.06632550002541393,0.00035230000503361225
27,Credit Approval,8,RandomFuzzyRules__max_rules__6,621,69,15,0.782608695652174,0.7945205479452054,0.7884615384615385,0.07301010005176067,0.00034650007728487253
27,Credit Approval,8,RandomFuzzyRules__max_rules__7,621,69,15,0.782608695652174,0.7945205479452054,0.7884615384615385,0.06949460005853325,0.0002875999780371785
27,Credit Approval,9,RandomFuzzyRules__max_rules__2,621,69,15,0.855072463768116,0.8571428571428572,0.8679487179487179,0.056649799924343824,0.0003160000778734684
27,Credit Approval,9,RandomFuzzyRules__max_rules__3,621,69,15,0.855072463768116,0.8571428571428572,0.8658119658119657,0.05925450008362532,0.0003377998946234584
27,Credit Approval,9,RandomFuzzyRules__max_rules__4,621,69,15,0.855072463768116,0.8571428571428572,0.8564102564102566,0.08521519997157156,0.00037050002720206976
27,Credit Approval,9,RandomFuzzyRules__max_rules__5,621,69,15,0.855072463768116,0.8571428571428572,0.8679487179487179,0.06299839995335788,0.0002549000782892108
27,Credit Approval,9,RandomFuzzyRules__max_rules__6,621,69,15,0.855072463768116,0.8571428571428572,0.8679487179487179,0.06849989993497729,0.00035260000731796026
27,Credit Approval,9,RandomFuzzyRules__max_rules__7,621,69,15,0.8405797101449275,0.8493150684931507,0.8658119658119657,0.07094319991301745,0.000327700050547719
27,Credit Approval,10,RandomFuzzyRules__max_rules__2,621,69,15,0.9420289855072463,0.945945945945946,0.9487179487179487,0.05434339994098991,0.00029880006331950426
27,Credit Approval,10,RandomFuzzyRules__max_rules__3,621,69,15,0.9565217391304348,0.9600000000000001,0.9615384615384616,0.058322399971075356,0.0003315999638289213
27,Credit Approval,10,RandomFuzzyRules__max_rules__4,621,69,15,0.927536231884058,0.935064935064935,0.9222222222222223,0.06613719998858869,0.00035039999056607485
27,Credit Approval,10,RandomFuzzyRules__max_rules__5,621,69,15,0.9420289855072463,0.945945945945946,0.9487179487179487,0.06414410006254911,0.0003341999836266041
27,Credit Approval,10,RandomFuzzyRules__max_rules__6,621,69,15,0.9420289855072463,0.945945945945946,0.9487179487179487,0.07072199997492135,0.00032659992575645447
27,Credit Approval,10,RandomFuzzyRules__max_rules__7,621,69,15,0.9420289855072463,0.9473684210526315,0.9594017094017094,0.06581330008339137,0.0003342001000419259
43,Haberman's Survival,1,RandomFuzzyRules__max_rules__2,275,31,3,0.7741935483870968,0.2222222222222222,0.7608695652173914,0.2691367999650538,0.00024500000290572643
43,Haberman's Survival,1,RandomFuzzyRules__max_rules__3,275,31,3,0.8387096774193549,0.5454545454545454,0.7418478260869564,0.1146422999445349,0.0003133000573143363
43,Haberman's Survival,1,RandomFuzzyRules__max_rules__4,275,31,3,0.8387096774193549,0.6153846153846154,0.7309782608695652,0.15708210004959255,0.00022229994647204876
43,Haberman's Survival,1,RandomFuzzyRules__max_rules__5,275,31,3,0.8387096774193549,0.6153846153846154,0.7364130434782609,0.13447099993936718,0.00033680000342428684
43,Haberman's Survival,1,RandomFuzzyRules__max_rules__6,275,31,3,0.8387096774193549,0.6153846153846154,0.7309782608695653,0.14221650001127273,0.0003381000133231282
43,Haberman's Survival,1,RandomFuzzyRules__max_rules__7,275,31,3,0.8387096774193549,0.6153846153846154,0.7364130434782609,0.15451510006096214,0.0003383998991921544
43,Haberman's Survival,2,RandomFuzzyRules__max_rules__2,275,31,3,0.7741935483870968,0.4615384615384615,0.6630434782608696,0.1852489000884816,0.00034289993345737457
43,Haberman's Survival,2,RandomFuzzyRules__max_rules__3,275,31,3,0.7741935483870968,0.36363636363636365,0.654891304347826,0.11175319994799793,0.000367900007404387
43,Haberman's Survival,2,RandomFuzzyRules__max_rules__4,275,31,3,0.7419354838709677,0.3333333333333333,0.6494565217391304,0.11080969998147339,0.0003423000453040004
43,Haberman's Survival,2,RandomFuzzyRules__max_rules__5,275,31,3,0.7741935483870968,0.4615384615384615,0.6603260869565218,0.1232636000495404,0.0003128999378532171
43,Haberman's Survival,2,RandomFuzzyRules__max_rules__6,275,31,3,0.7741935483870968,0.4615384615384615,0.654891304347826,0.13791160006076097,0.00034279993269592524
43,Haberman's Survival,2,RandomFuzzyRules__max_rules__7,275,31,3,0.7741935483870968,0.4615384615384615,0.6657608695652174,0.15461289999075234,0.0003160999622195959
43,Haberman's Survival,3,RandomFuzzyRules__max_rules__2,275,31,3,0.7741935483870968,0.2222222222222222,0.5978260869565217,0.183511900017038,0.00031299993861466646
43,Haberman's Survival,3,RandomFuzzyRules__max_rules__3,275,31,3,0.7741935483870968,0.2222222222222222,0.6521739130434783,0.11939249990973622,0.00030830001924186945
43,Haberman's Survival,3,RandomFuzzyRules__max_rules__4,275,31,3,0.7741935483870968,0.2222222222222222,0.6576086956521738,0.1217933000298217,0.00032410002313554287
43,Haberman's Survival,3,RandomFuzzyRules__max_rules__5,275,31,3,0.7741935483870968,0.2222222222222222,0.6521739130434783,0.1325582000426948,0.000323499902151525
43,Haberman's Survival,3,RandomFuzzyRules__max_rules__6,275,31,3,0.8064516129032258,0.4,0.6467391304347827,0.14604280004277825,0.00022060004994273186
43,Haberman's Survival,3,RandomFuzzyRules__max_rules__7,275,31,3,0.7741935483870968,0.36363636363636365,0.6467391304347826,0.153214699937962,0.00029660004656761885
43,Haberman's Survival,4,RandomFuzzyRules__max_rules__2,275,31,3,0.7096774193548387,0.18181818181818182,0.5380434782608695,0.18013220001012087,0.0003364000003784895
43,Haberman's Survival,4,RandomFuzzyRules__max_rules__3,275,31,3,0.6451612903225806,0.15384615384615385,0.5108695652173914,0.12006419990211725,0.0002693000715225935
43,Haberman's Survival,4,RandomFuzzyRules__max_rules__4,275,31,3,0.6451612903225806,0.15384615384615385,0.5271739130434783,0.12167539994698018,0.00031839997973293066
43,Haberman's Survival,4,RandomFuzzyRules__max_rules__5,275,31,3,0.6774193548387096,0.28571428571428575,0.5108695652173914,0.1384665999794379,0.0003349999897181988
43,Haberman's Survival,4,RandomFuzzyRules__max_rules__6,275,31,3,0.6451612903225806,0.15384615384615385,0.532608695652174,0.13672469998709857,0.0003163000801578164
43,Haberman's Survival,4,RandomFuzzyRules__max_rules__7,275,31,3,0.6774193548387096,0.28571428571428575,0.5108695652173914,0.15609679999761283,0.0003143999492749572
43,Haberman's Survival,5,RandomFuzzyRules__max_rules__2,275,31,3,0.8709677419354839,0.6666666666666666,0.9429347826086957,0.18508129997644573,0.00035340001340955496
43,Haberman's Survival,5,RandomFuzzyRules__max_rules__3,275,31,3,0.8387096774193549,0.6153846153846154,0.8749999999999999,0.11754720006138086,0.000317899975925684
43,Haberman's Survival,5,RandomFuzzyRules__max_rules__4,275,31,3,0.8709677419354839,0.6666666666666666,0.8695652173913043,0.11567039997316897,0.00030880002304911613
43,Haberman's Survival,5,RandomFuzzyRules__max_rules__5,275,31,3,0.8387096774193549,0.6153846153846154,0.8749999999999999,0.127784900018014,0.0003347001038491726
43,Haberman's Survival,5,RandomFuzzyRules__max_rules__6,275,31,3,0.8709677419354839,0.7142857142857143,0.9456521739130436,0.13741029996890575,0.0003079000161960721
43,Haberman's Survival,5,RandomFuzzyRules__max_rules__7,275,31,3,0.8709677419354839,0.7142857142857143,0.9456521739130436,0.2671934999525547,0.00028330006171017885
43,Haberman's Survival,6,RandomFuzzyRules__max_rules__2,275,31,3,0.6129032258064516,0.0,0.47474747474747475,0.18642470007762313,0.0003065000055357814
43,Haberman's Survival,6,RandomFuzzyRules__max_rules__3,275,31,3,0.7419354838709677,0.19999999999999998,0.6186868686868686,0.11192880000453442,0.00031399994622915983
43,Haberman's Survival,6,RandomFuzzyRules__max_rules__4,275,31,3,0.6774193548387096,0.0,0.6186868686868686,0.11329979996662587,0.00035370001569390297
43,Haberman's Survival,6,RandomFuzzyRules__max_rules__5,275,31,3,0.7419354838709677,0.19999999999999998,0.6237373737373737,0.1276615000097081,0.00031610007863491774
43,Haberman's Survival,6,RandomFuzzyRules__max_rules__6,275,31,3,0.7419354838709677,0.19999999999999998,0.6136363636363636,0.13925640005618334,0.0003229000139981508
43,Haberman's Survival,6,RandomFuzzyRules__max_rules__7,275,31,3,0.7096774193548387,0.1818181818181818,0.6186868686868686,0.15131700003985316,0.000332099967636168
43,Haberman's Survival,7,RandomFuzzyRules__max_rules__2,276,30,3,0.7333333333333333,0.2,0.7982954545454546,0.18373739998787642,0.00025120005011558533
43,Haberman's Survival,7,RandomFuzzyRules__max_rules__3,276,30,3,0.8,0.5,0.8153409090909092,0.11818909994326532,0.0003166000824421644
43,Haberman's Survival,7,RandomFuzzyRules__max_rules__4,276,30,3,0.8,0.5,0.8323863636363635,0.11312560003716499,0.00032400002237409353
43,Haberman's Survival,7,RandomFuzzyRules__max_rules__5,276,30,3,0.8,0.5,0.8210227272727273,0.13468250003643334,0.0003442999441176653
43,Haberman's Survival,7,RandomFuzzyRules__max_rules__6,276,30,3,0.8333333333333334,0.5454545454545454,0.8551136363636362,0.14199259993620217,0.00035990006290376186
43,Haberman's Survival,7,RandomFuzzyRules__max_rules__7,276,30,3,0.8,0.5,0.8153409090909092,0.15177879994735122,0.00033579999580979347
43,Haberman's Survival,8,RandomFuzzyRules__max_rules__2,276,30,3,0.6666666666666666,0.0,0.48863636363636365,0.18815519998315722,0.00035009998828172684
43,Haberman's Survival,8,RandomFuzzyRules__max_rules__3,276,30,3,0.7333333333333333,0.2,0.42329545454545453,0.11962989997118711,0.00035990006290376186
43,Haberman's Survival,8,RandomFuzzyRules__max_rules__4,276,30,3,0.7333333333333333,0.2,0.4005681818181818,0.11936689994763583,0.00033249997068196535
43,Haberman's Survival,8,RandomFuzzyRules__max_rules__5,276,30,3,0.7333333333333333,0.2,0.41761363636363635,0.1279548000311479,0.00031859998125582933
43,Haberman's Survival,8,RandomFuzzyRules__max_rules__6,276,30,3,0.7333333333333333,0.2,0.42329545454545453,0.13631630002055317,0.0003298000665381551
43,Haberman's Survival,8,RandomFuzzyRules__max_rules__7,276,30,3,0.7333333333333333,0.2,0.41761363636363635,0.15686360001564026,0.0003261000383645296
43,Haberman's Survival,9,RandomFuzzyRules__max_rules__2,276,30,3,0.7,0.0,0.8977272727272728,0.17992399993818253,0.000305499997921288
43,Haberman's Survival,9,RandomFuzzyRules__max_rules__3,276,30,3,0.7333333333333333,0.5,0.6534090909090908,0.12703669990878552,0.00034730008337646723
43,Haberman's Survival,9,RandomFuzzyRules__max_rules__4,276,30,3,0.7666666666666667,0.36363636363636365,0.9090909090909091,0.11470280005596578,0.0003307000733911991
43,Haberman's Survival,9,RandomFuzzyRules__max_rules__5,276,30,3,0.7666666666666667,0.36363636363636365,0.8977272727272728,0.12558770005125552,0.0002559999702498317
43,Haberman's Survival,9,RandomFuzzyRules__max_rules__6,276,30,3,0.8333333333333334,0.6153846153846154,0.9147727272727273,0.14194660005159676,0.00032620003912597895
43,Haberman's Survival,9,RandomFuzzyRules__max_rules__7,276,30,3,0.7333333333333333,0.5,0.6534090909090908,0.15071409998927265,0.000319099985063076
43,Haberman's Survival,10,RandomFuzzyRules__max_rules__2,276,30,3,0.6666666666666666,0.0,0.5710227272727273,0.18290609994437546,0.0003823000006377697
43,Haberman's Survival,10,RandomFuzzyRules__max_rules__3,276,30,3,0.6666666666666666,0.0,0.5426136363636364,0.11452099995221943,0.000340700033120811
43,Haberman's Survival,10,RandomFuzzyRules__max_rules__4,276,30,3,0.7,0.0,0.6306818181818181,0.12261560000479221,0.0003347999881953001
43,Haberman's Survival,10,RandomFuzzyRules__max_rules__5,276,30,3,0.6666666666666666,0.0,0.5369318181818182,0.1267682999605313,0.0003125999355688691
43,Haberman's Survival,10,RandomFuzzyRules__max_rules__6,276,30,3,0.6666666666666666,0.0,0.5198863636363636,0.14060139993671328,0.00029910006560385227
43,Haberman's Survival,10,RandomFuzzyRules__max_rules__7,276,30,3,0.6666666666666666,0.0,0.5482954545454546,0.17366759991273284,0.0003391000209376216
45,Heart Disease,1,RandomFuzzyRules__max_rules__2,272,31,13,0.8387096774193549,0.8,0.842436974789916,0.04726329992990941,0.00030150008387863636
45,Heart Disease,1,RandomFuzzyRules__max_rules__3,272,31,13,0.8387096774193549,0.8275862068965518,0.884453781512605,0.04773440002463758,0.0002970000496134162
45,Heart Disease,1,RandomFuzzyRules__max_rules__4,272,31,13,0.8064516129032258,0.7692307692307692,0.865546218487395,0.05161429999861866,0.0003078998997807503
45,Heart Disease,1,RandomFuzzyRules__max_rules__5,272,31,13,0.7741935483870968,0.7586206896551724,0.884453781512605,0.053442400065250695,0.0003249999135732651
45,Heart Disease,1,RandomFuzzyRules__max_rules__6,272,31,13,0.8064516129032258,0.7692307692307692,0.8991596638655462,0.05838659999426454,0.0003141999477520585
45,Heart Disease,1,RandomFuzzyRules__max_rules__7,272,31,13,0.7419354838709677,0.7142857142857143,0.8151260504201681,0.05894380004610866,0.0003424999304115772
45,Heart Disease,2,RandomFuzzyRules__max_rules__2,272,31,13,0.6451612903225806,0.56,0.6743697478991596,0.046195800066925585,0.00029669993091374636
45,Heart Disease,2,RandomFuzzyRules__max_rules__3,272,31,13,0.7419354838709677,0.7333333333333334,0.7815126050420167,0.04825420002453029,0.00028719997499138117
45,Heart Disease,2,RandomFuzzyRules__max_rules__4,272,31,13,0.7419354838709677,0.75,0.8844537815126049,0.052580100018531084,0.00030149996746331453
45,Heart Disease,2,RandomFuzzyRules__max_rules__5,272,31,13,0.7741935483870968,0.7741935483870968,0.8214285714285713,0.06298479996621609,0.00033930002246052027
45,Heart Disease,2,RandomFuzzyRules__max_rules__6,272,31,13,0.6451612903225806,0.56,0.6638655462184874,0.05836470006033778,0.0003206999972462654
45,Heart Disease,2,RandomFuzzyRules__max_rules__7,272,31,13,0.8064516129032258,0.8125000000000001,0.7773109243697479,0.06014100008178502,0.0003391999052837491
45,Heart Disease,3,RandomFuzzyRules__max_rules__2,272,31,13,0.8064516129032258,0.7999999999999999,0.8361344537815126,0.04599060001783073,0.0003016999689862132
45,Heart Disease,3,RandomFuzzyRules__max_rules__3,272,31,13,0.8387096774193549,0.8387096774193549,0.857142857142857,0.0490159000037238,0.00027860002592206
45,Heart Disease,3,RandomFuzzyRules__max_rules__4,272,31,13,0.8064516129032258,0.7999999999999999,0.8214285714285714,0.0542553000850603,0.0003554000286385417
45,Heart Disease,3,RandomFuzzyRules__max_rules__5,272,31,13,0.7741935483870968,0.7741935483870968,0.8403361344537814,0.05418799992185086,0.00033489998895674944
45,Heart Disease,3,RandomFuzzyRules__max_rules__6,272,31,13,0.7741935483870968,0.7878787878787878,0.8676470588235293,0.06544550007674843,0.0003299999516457319
45,Heart Disease,3,RandomFuzzyRules__max_rules__7,272,31,13,0.7741935483870968,0.7741935483870968,0.8403361344537814,0.06056030001491308,0.0003200999926775694
45,Heart Disease,4,RandomFuzzyRules__max_rules__2,273,30,13,0.7,0.5714285714285714,0.6719457013574661,0.046506899991072714,0.00032730004750192165
45,Heart Disease,4,RandomFuzzyRules__max_rules__3,273,30,13,0.8333333333333334,0.8148148148148148,0.8190045248868778,0.05553550005424768,0.0003298999508842826
45,Heart Disease,4,RandomFuzzyRules__max_rules__4,273,30,13,0.7666666666666667,0.7586206896551724,0.8099547511312217,0.05185799999162555,0.00027520000003278255
45,Heart Disease,4,RandomFuzzyRules__max_rules__5,273,30,13,0.6666666666666666,0.6153846153846154,0.8009049773755657,0.05420689994934946,0.0003717000363394618
45,Heart Disease,4,RandomFuzzyRules__max_rules__6,273,30,13,0.8333333333333334,0.8148148148148148,0.918552036199095,0.06263520009815693,0.0003272000467404723
45,Heart Disease,4,RandomFuzzyRules__max_rules__7,273,30,13,0.7333333333333333,0.6666666666666667,0.7194570135746606,0.06853970000520349,0.0003228000132367015
45,Heart Disease,5,RandomFuzzyRules__max_rules__2,273,30,13,0.7,0.7272727272727273,0.8080357142857142,0.04416379996109754,0.00024229998234659433
45,Heart Disease,5,RandomFuzzyRules__max_rules__3,273,30,13,0.7333333333333333,0.75,0.859375,0.05110899999272078,0.00029779993928968906
45,Heart Disease,5,RandomFuzzyRules__max_rules__4,273,30,13,0.7,0.7096774193548386,0.7790178571428571,0.05211239994969219,0.0003168000839650631
45,Heart Disease,5,RandomFuzzyRules__max_rules__5,273,30,13,0.7,0.7272727272727273,0.8147321428571429,0.05451679998077452,0.00033179996535182
45,Heart Disease,5,RandomFuzzyRules__max_rules__6,273,30,13,0.7333333333333333,0.7647058823529412,0.8705357142857143,0.05845979996956885,0.0003201999934390187
45,Heart Disease,5,RandomFuzzyRules__max_rules__7,273,30,13,0.7,0.7096774193548386,0.7544642857142858,0.06094389990903437,0.00032400002237409353
45,Heart Disease,6,RandomFuzzyRules__max_rules__2,273,30,13,0.7666666666666667,0.7200000000000001,0.7723214285714286,0.04563439998310059,0.0003302000695839524
45,Heart Disease,6,RandomFuzzyRules__max_rules__3,273,30,13,0.6666666666666666,0.5833333333333334,0.6696428571428571,0.05013319989666343,0.00026700005400925875
45,Heart Disease,6,RandomFuzzyRules__max_rules__4,273,30,13,0.7,0.689655172413793,0.7455357142857143,0.053157799993641675,0.000295399921014905
45,Heart Disease,6,RandomFuzzyRules__max_rules__5,273,30,13,0.8,0.7692307692307692,0.8995535714285714,0.05630249995738268,0.0003437999403104186
45,Heart Disease,6,RandomFuzzyRules__max_rules__6,273,30,13,0.8,0.7692307692307692,0.8415178571428571,0.057072099996730685,0.00033439998514950275
45,Heart Disease,6,RandomFuzzyRules__max_rules__7,273,30,13,0.6666666666666666,0.5833333333333334,0.6830357142857142,0.060686000040732324,0.00033579999580979347
45,Heart Disease,7,RandomFuzzyRules__max_rules__2,273,30,13,0.7333333333333333,0.6666666666666666,0.7232142857142857,0.06115610001143068,0.00021460000425577164
45,Heart Disease,7,RandomFuzzyRules__max_rules__3,273,30,13,0.8333333333333334,0.8148148148148148,0.8705357142857143,0.043685800046660006,0.0003296999493613839
45,Heart Disease,7,RandomFuzzyRules__max_rules__4,273,30,13,0.8,0.7692307692307692,0.8058035714285713,0.05016109999269247,0.0002242999617010355
45,Heart Disease,7,RandomFuzzyRules__max_rules__5,273,30,13,0.7333333333333333,0.6666666666666666,0.7232142857142857,0.05514419998507947,0.0003274999326094985
45,Heart Disease,7,RandomFuzzyRules__max_rules__6,273,30,13,0.8333333333333334,0.8148148148148148,0.8839285714285714,0.05868360004387796,0.0003242000238969922
45,Heart Disease,7,RandomFuzzyRules__max_rules__7,273,30,13,0.7333333333333333,0.6666666666666666,0.7232142857142857,0.06671970000024885,0.0003380000125616789
45,Heart Disease,8,RandomFuzzyRules__max_rules__2,273,30,13,0.6,0.5384615384615384,0.59375,0.045542199979536235,0.0002964999293908477
45,Heart Disease,8,RandomFuzzyRules__max_rules__3,273,30,13,0.7,0.689655172413793,0.7544642857142858,0.049918900011107326,0.00028609996661543846
45,Heart Disease,8,RandomFuzzyRules__max_rules__4,273,30,13,0.7,0.689655172413793,0.7834821428571428,0.05342120002023876,0.0003269000444561243
45,Heart Disease,8,RandomFuzzyRules__max_rules__5,273,30,13,0.6333333333333333,0.5925925925925927,0.6294642857142857,0.05194209993351251,0.00023880007211118937
45,Heart Disease,8,RandomFuzzyRules__max_rules__6,273,30,13,0.7333333333333333,0.7333333333333334,0.8214285714285715,0.05849950003903359,0.0003168999683111906
45,Heart Disease,8,RandomFuzzyRules__max_rules__7,273,30,13,0.6333333333333333,0.5925925925925927,0.6294642857142857,0.06884439999703318,0.0003244999097660184
45,Heart Disease,9,RandomFuzzyRules__max_rules__2,273,30,13,0.8,0.7999999999999999,0.8571428571428571,0.04518849996384233,0.00028280005790293217
45,Heart Disease,9,RandomFuzzyRules__max_rules__3,273,30,13,0.7666666666666667,0.7586206896551724,0.8482142857142857,0.050360299996100366,0.0002703999634832144
45,Heart Disease,9,RandomFuzzyRules__max_rules__4,273,30,13,0.7666666666666667,0.7586206896551724,0.8392857142857143,0.06764240004122257,0.0003260999219492078
45,Heart Disease,9,RandomFuzzyRules__max_rules__5,273,30,13,0.7333333333333333,0.7142857142857143,0.8013392857142857,0.05598840001039207,0.0003133999416604638
45,Heart Disease,9,RandomFuzzyRules__max_rules__6,273,30,13,0.7333333333333333,0.7142857142857143,0.8013392857142857,0.06764239992480725,0.00032410002313554287
45,Heart Disease,9,RandomFuzzyRules__max_rules__7,273,30,13,0.7333333333333333,0.7142857142857143,0.8013392857142857,0.07260169996879995,0.00023479992523789406
45,Heart Disease,10,RandomFuzzyRules__max_rules__2,273,30,13,0.7666666666666667,0.7200000000000001,0.78125,0.04750790004618466,0.0003149999538436532
45,Heart Disease,10,RandomFuzzyRules__max_rules__3,273,30,13,0.8,0.7692307692307692,0.7991071428571429,0.050554599962197244,0.00029260001610964537
45,Heart Disease,10,RandomFuzzyRules__max_rules__4,273,30,13,0.7666666666666667,0.7200000000000001,0.8415178571428571,0.05260289995931089,0.00027920003049075603
45,Heart Disease,10,RandomFuzzyRules__max_rules__5,273,30,13,0.7666666666666667,0.7407407407407408,0.8058035714285714,0.055393700022250414,0.00030880002304911613
45,Heart Disease,10,RandomFuzzyRules__max_rules__6,273,30,13,0.7333333333333333,0.6923076923076924,0.7633928571428572,0.059096200042404234,0.00032670004293322563
45,Heart Disease,10,RandomFuzzyRules__max_rules__7,273,30,13,0.7333333333333333,0.6666666666666666,0.7522321428571429,0.07337130000814795,0.00030159996822476387
46,Hepatitis,1,RandomFuzzyRules__max_rules__2,139,16,19,0.8125,0.896551724137931,0.4102564102564103,0.04489400004968047,0.0003485999768599868
46,Hepatitis,1,RandomFuzzyRules__max_rules__3,139,16,19,0.8125,0.896551724137931,0.4102564102564103,0.04333240003325045,0.0002711999695748091
46,Hepatitis,1,RandomFuzzyRules__max_rules__4,139,16,19,0.8125,0.896551724137931,0.4102564102564103,0.051173900021240115,0.00032210000790655613
46,Hepatitis,1,RandomFuzzyRules__max_rules__5,139,16,19,0.8125,0.896551724137931,0.4102564102564103,0.056037900038063526,0.0003298999508842826
46,Hepatitis,1,RandomFuzzyRules__max_rules__6,139,16,19,0.875,0.9285714285714286,1.0,0.05967340001370758,0.0003056999994441867
46,Hepatitis,1,RandomFuzzyRules__max_rules__7,139,16,19,0.8125,0.896551724137931,0.6153846153846154,0.05682289996184409,0.00032730004750192165
46,Hepatitis,2,RandomFuzzyRules__max_rules__2,139,16,19,0.8125,0.888888888888889,0.9487179487179488,0.0447221000213176,0.000309599912725389
46,Hepatitis,2,RandomFuzzyRules__max_rules__3,139,16,19,0.8125,0.888888888888889,0.5512820512820513,0.04450770001858473,0.00028639996889978647
46,Hepatitis,2,RandomFuzzyRules__max_rules__4,139,16,19,0.8125,0.888888888888889,0.5512820512820513,0.052436500089243054,0.000304899993352592
46,Hepatitis,2,RandomFuzzyRules__max_rules__5,139,16,19,0.8125,0.888888888888889,0.5,0.0583733000094071,0.00030519999563694
46,Hepatitis,2,RandomFuzzyRules__max_rules__6,139,16,19,0.8125,0.888888888888889,0.7435897435897436,0.048675699974410236,0.00026190001517534256
46,Hepatitis,2,RandomFuzzyRules__max_rules__7,139,16,19,0.8125,0.888888888888889,0.8333333333333333,0.05343259999062866,0.00032590003684163094
46,Hepatitis,3,RandomFuzzyRules__max_rules__2,139,16,19,0.6875,0.8148148148148148,0.8333333333333335,0.049103799974545836,0.000313800061121583
46,Hepatitis,3,RandomFuzzyRules__max_rules__3,139,16,19,0.6875,0.8148148148148148,0.8333333333333335,0.04778230004012585,0.0002565999748185277
46,Hepatitis,3,RandomFuzzyRules__max_rules__4,139,16,19,0.6875,0.8148148148148148,0.8333333333333335,0.05089960002806038,0.00025759998243302107
46,Hepatitis,3,RandomFuzzyRules__max_rules__5,139,16,19,0.9375,0.962962962962963,0.8333333333333334,0.05090070003643632,0.0002704999642446637
46,Hepatitis,3,RandomFuzzyRules__max_rules__6,139,16,19,0.75,0.8571428571428571,0.9230769230769231,0.05883960006758571,0.0002770000137388706
46,Hepatitis,3,RandomFuzzyRules__max_rules__7,139,16,19,0.6875,0.8148148148148148,0.5512820512820513,0.06003460008651018,0.0003261999227106571
46,Hepatitis,4,RandomFuzzyRules__max_rules__2,139,16,19,0.75,0.8333333333333334,0.875,0.03908680006861687,0.00020899996161460876
46,Hepatitis,4,RandomFuzzyRules__max_rules__3,139,16,19,0.75,0.8461538461538461,0.8541666666666667,0.04314760002307594,0.00026549992617219687
46,Hepatitis,4,RandomFuzzyRules__max_rules__4,139,16,19,0.625,0.7692307692307692,0.8125,0.04701809992548078,0.00021930004004389048
46,Hepatitis,4,RandomFuzzyRules__max_rules__5,139,16,19,0.6875,0.8148148148148148,0.8645833333333333,0.06277999992016703,0.00028840010054409504
46,Hepatitis,4,RandomFuzzyRules__max_rules__6,139,16,19,0.6875,0.8148148148148148,0.8645833333333333,0.05181600002106279,0.0002696000738069415
46,Hepatitis,4,RandomFuzzyRules__max_rules__7,139,16,19,0.75,0.8461538461538461,0.875,0.04971499997191131,0.00022630009334534407
46,Hepatitis,5,RandomFuzzyRules__max_rules__2,139,16,19,0.8125,0.888888888888889,0.8020833333333333,0.038923999993130565,0.00028680008836090565
46,Hepatitis,5,RandomFuzzyRules__max_rules__3,139,16,19,0.8125,0.888888888888889,0.75,0.04291429999284446,0.00032410002313554287
46,Hepatitis,5,RandomFuzzyRules__max_rules__4,139,16,19,0.8125,0.888888888888889,0.75,0.04475779994390905,0.0003380000125616789
46,Hepatitis,5,RandomFuzzyRules__max_rules__5,139,16,19,0.8125,0.888888888888889,0.53125,0.047163099981844425,0.0003018999705091119
46,Hepatitis,5,RandomFuzzyRules__max_rules__6,139,16,19,0.8125,0.888888888888889,0.4479166666666667,0.050456499913707376,0.00030700000934302807
46,Hepatitis,5,RandomFuzzyRules__max_rules__7,139,16,19,0.8125,0.888888888888889,0.8020833333333333,0.06020020006690174,0.00031409994699060917
46,Hepatitis,6,RandomFuzzyRules__max_rules__2,140,15,19,0.7333333333333333,0.8461538461538461,0.763888888888889,0.04003889998421073,0.00026130001060664654
46,Hepatitis,6,RandomFuzzyRules__max_rules__3,140,15,19,0.8666666666666667,0.9166666666666666,0.7083333333333334,0.04250270000193268,0.0002552000805735588
46,Hepatitis,6,RandomFuzzyRules__max_rules__4,140,15,19,0.7333333333333333,0.8461538461538461,0.8055555555555556,0.06076800008304417,0.00032160000409930944
46,Hepatitis,6,RandomFuzzyRules__max_rules__5,140,15,19,0.6666666666666666,0.8,0.5000000000000001,0.04795220005325973,0.0003130999393761158
46,Hepatitis,6,RandomFuzzyRules__max_rules__6,140,15,19,0.6666666666666666,0.8,0.5000000000000001,0.05160120001528412,0.00031500007025897503
46,Hepatitis,6,RandomFuzzyRules__max_rules__7,140,15,19,0.8666666666666667,0.9166666666666666,0.7222222222222223,0.06184209999628365,0.0003378000110387802
46,Hepatitis,7,RandomFuzzyRules__max_rules__2,140,15,19,0.8,0.8799999999999999,0.7777777777777778,0.038525399984791875,0.0003092000260949135
46,Hepatitis,7,RandomFuzzyRules__max_rules__3,140,15,19,0.8666666666666667,0.923076923076923,0.7222222222222223,0.0424141000257805,0.0002880000974982977
46,Hepatitis,7,RandomFuzzyRules__max_rules__4,140,15,19,0.8666666666666667,0.923076923076923,0.7222222222222223,0.046322899986989796,0.00032840005587786436
46,Hepatitis,7,RandomFuzzyRules__max_rules__5,140,15,19,0.8666666666666667,0.923076923076923,0.6666666666666667,0.04709260002709925,0.00033219996839761734
46,Hepatitis,7,RandomFuzzyRules__max_rules__6,140,15,19,0.7333333333333333,0.8461538461538461,0.8055555555555556,0.05249459994956851,0.00031919998582452536
46,Hepatitis,7,RandomFuzzyRules__max_rules__7,140,15,19,0.8666666666666667,0.923076923076923,0.6666666666666667,0.05309810000471771,0.0003119999310001731
46,Hepatitis,8,RandomFuzzyRules__max_rules__2,140,15,19,0.8,0.8799999999999999,0.5694444444444445,0.038888099952600896,0.0002812000457197428
46,Hepatitis,8,RandomFuzzyRules__max_rules__3,140,15,19,0.8,0.8799999999999999,0.7083333333333334,0.04254689998924732,0.00031210004817694426
46,Hepatitis,8,RandomFuzzyRules__max_rules__4,140,15,19,0.7333333333333333,0.8461538461538461,0.6527777777777778,0.04510070011019707,0.0002870000898838043
46,Hepatitis,8,RandomFuzzyRules__max_rules__5,140,15,19,0.8,0.8799999999999999,0.6527777777777778,0.05391799996141344,0.0003122999332845211
46,Hepatitis,8,RandomFuzzyRules__max_rules__6,140,15,19,0.8,0.8799999999999999,0.8333333333333334,0.05076239991467446,0.0003066000062972307
46,Hepatitis,8,RandomFuzzyRules__max_rules__7,140,15,19,0.8,0.8799999999999999,0.7083333333333334,0.052119100000709295,0.0003111000405624509
46,Hepatitis,9,RandomFuzzyRules__max_rules__2,140,15,19,0.8,0.8799999999999999,0.7222222222222222,0.03945840010419488,0.00027710001450031996
46,Hepatitis,9,RandomFuzzyRules__max_rules__3,140,15,19,0.7333333333333333,0.8333333333333334,0.4722222222222223,0.042630899930372834,0.00028989999555051327
46,Hepatitis,9,RandomFuzzyRules__max_rules__4,140,15,19,0.7333333333333333,0.8333333333333334,0.4722222222222223,0.04536370001733303,0.00029260001610964537
46,Hepatitis,9,RandomFuzzyRules__max_rules__5,140,15,19,0.7333333333333333,0.8333333333333334,0.5833333333333335,0.05724170000758022,0.0002935000229626894
46,Hepatitis,9,RandomFuzzyRules__max_rules__6,140,15,19,0.7333333333333333,0.8333333333333334,0.4444444444444445,0.05117000010795891,0.0003234000178053975
46,Hepatitis,9,RandomFuzzyRules__max_rules__7,140,15,19,0.7333333333333333,0.8333333333333334,0.7777777777777779,0.05234990001190454,0.0003160999622195959
46,Hepatitis,10,RandomFuzzyRules__max_rules__2,140,15,19,0.8,0.8799999999999999,0.6944444444444444,0.0396814999403432,0.00029720005113631487
46,Hepatitis,10,RandomFuzzyRules__max_rules__3,140,15,19,0.8,0.8799999999999999,0.6805555555555556,0.04320640000514686,0.00028190005104988813
46,Hepatitis,10,RandomFuzzyRules__max_rules__4,140,15,19,0.8,0.8799999999999999,0.6805555555555556,0.045433899969793856,0.00033549999352544546
46,Hepatitis,10,RandomFuzzyRules__max_rules__5,140,15,19,0.8,0.8799999999999999,0.6805555555555556,0.0482095000334084,0.00029660004656761885
46,Hepatitis,10,RandomFuzzyRules__max_rules__6,140,15,19,0.7333333333333333,0.8461538461538461,0.9166666666666666,0.049182399990968406,0.0003163999645039439
46,Hepatitis,10,RandomFuzzyRules__max_rules__7,140,15,19,0.8,0.8799999999999999,0.6944444444444444,0.05236979993060231,0.0003065000055357814
52,Ionosphere,1,RandomFuzzyRules__max_rules__2,315,36,34,0.8333333333333334,0.8846153846153846,0.7090301003344481,0.05876809998881072,0.00035280000884085894
52,Ionosphere,1,RandomFuzzyRules__max_rules__3,315,36,34,0.8333333333333334,0.8846153846153846,0.6086956521739131,0.06884419999551028,0.00025669997557997704
52,Ionosphere,1,RandomFuzzyRules__max_rules__4,315,36,34,0.8333333333333334,0.8846153846153846,0.7090301003344481,0.07748810003977269,0.00036509998608380556
52,Ionosphere,1,RandomFuzzyRules__max_rules__5,315,36,34,0.8333333333333334,0.8846153846153846,0.677257525083612,0.0710630000103265,0.000403400044888258
52,Ionosphere,1,RandomFuzzyRules__max_rules__6,315,36,34,0.8888888888888888,0.92,0.7391304347826086,0.0745941000059247,0.00037839997094124556
52,Ionosphere,1,RandomFuzzyRules__max_rules__7,315,36,34,0.8888888888888888,0.92,0.7391304347826086,0.07765550003387034,0.00032210000790655613
52,Ionosphere,2,RandomFuzzyRules__max_rules__2,316,35,34,0.9142857142857143,0.9361702127659574,0.894927536231884,0.056118099950253963,0.00028439995367079973
52,Ionosphere,2,RandomFuzzyRules__max_rules__3,316,35,34,0.9142857142857143,0.9361702127659574,0.9021739130434783,0.05884780001360923,0.0003625000827014446
52,Ionosphere,2,RandomFuzzyRules__max_rules__4,316,35,34,0.8285714285714286,0.8695652173913043,0.9420289855072463,0.05996800004504621,0.0003336999798193574
52,Ionosphere,2,RandomFuzzyRules__max_rules__5,316,35,34,0.9142857142857143,0.9361702127659574,0.9021739130434783,0.0713794999755919,0.0003352999920025468
52,Ionosphere,2,RandomFuzzyRules__max_rules__6,316,35,34,0.9142857142857143,0.9361702127659574,0.9202898550724637,0.0702452000696212,0.0003322999691590667
52,Ionosphere,2,RandomFuzzyRules__max_rules__7,316,35,34,0.9142857142857143,0.9361702127659574,0.9202898550724637,0.07406249991618097,0.0002408000873401761
52,Ionosphere,3,RandomFuzzyRules__max_rules__2,316,35,34,0.7714285714285715,0.8461538461538461,0.6557971014492754,0.054012599983252585,0.0003073000116273761
52,Ionosphere,3,RandomFuzzyRules__max_rules__3,316,35,34,0.7714285714285715,0.8461538461538461,0.681159420289855,0.05500439996831119,0.00033569999504834414
52,Ionosphere,3,RandomFuzzyRules__max_rules__4,316,35,34,0.7714285714285715,0.8461538461538461,0.6557971014492754,0.05744859995320439,0.00027860002592206
52,Ionosphere,3,RandomFuzzyRules__max_rules__5,316,35,34,0.8,0.8679245283018869,0.6503623188405797,0.06571320001967251,0.00029879994690418243
52,Ionosphere,3,RandomFuzzyRules__max_rules__6,316,35,34,0.8571428571428571,0.8979591836734695,0.7971014492753623,0.07018639997113496,0.0003530000103637576
52,Ionosphere,3,RandomFuzzyRules__max_rules__7,316,35,34,0.8571428571428571,0.8979591836734695,0.7971014492753623,0.09365029993932694,0.0003298000665381551
52,Ionosphere,4,RandomFuzzyRules__max_rules__2,316,35,34,0.8571428571428571,0.9019607843137255,0.7137681159420289,0.04681169998366386,0.0003035999834537506
52,Ionosphere,4,RandomFuzzyRules__max_rules__3,316,35,34,0.8285714285714286,0.8800000000000001,0.677536231884058,0.05240159993991256,0.0003131000557914376
52,Ionosphere,4,RandomFuzzyRules__max_rules__4,316,35,34,0.7714285714285715,0.8260869565217391,0.7898550724637682,0.055075100040994585,0.0003018999705091119
52,Ionosphere,4,RandomFuzzyRules__max_rules__5,316,35,34,0.8571428571428571,0.9019607843137255,0.7391304347826088,0.05926889996044338,0.00031839997973293066
52,Ionosphere,4,RandomFuzzyRules__max_rules__6,316,35,34,0.8857142857142857,0.92,0.7789855072463768,0.06142410007305443,0.0003226000117138028
52,Ionosphere,4,RandomFuzzyRules__max_rules__7,316,35,34,0.8857142857142857,0.92,0.7789855072463768,0.06614359992090613,0.00028170004952698946
52,Ionosphere,5,RandomFuzzyRules__max_rules__2,316,35,34,0.8285714285714286,0.8800000000000001,0.6920289855072463,0.04836579994298518,0.00027930003125220537
52,Ionosphere,5,RandomFuzzyRules__max_rules__3,316,35,34,0.8285714285714286,0.8800000000000001,0.8442028985507246,0.052652299986220896,0.00032670004293322563
52,Ionosphere,5,RandomFuzzyRules__max_rules__4,316,35,34,0.7714285714285715,0.8461538461538461,0.605072463768116,0.06289860000833869,0.0003209999995306134
52,Ionosphere,5,RandomFuzzyRules__max_rules__5,316,35,34,0.7714285714285715,0.84,0.8260869565217391,0.05778010003268719,0.00024500000290572643
52,Ionosphere,5,RandomFuzzyRules__max_rules__6,316,35,34,0.8571428571428571,0.8936170212765957,0.8623188405797102,0.06262410001363605,0.00033359997905790806
52,Ionosphere,5,RandomFuzzyRules__max_rules__7,316,35,34,0.8571428571428571,0.8936170212765957,0.8623188405797102,0.06488809990696609,0.00031940010376274586
52,Ionosphere,6,RandomFuzzyRules__max_rules__2,316,35,34,0.8,0.8627450980392156,0.7342657342657343,0.04822750005405396,0.00027139997109770775
52,Ionosphere,6,RandomFuzzyRules__max_rules__3,316,35,34,0.8,0.8627450980392156,0.6713286713286714,0.054947399999946356,0.00023939996026456356
52,Ionosphere,6,RandomFuzzyRules__max_rules__4,316,35,34,0.8,0.8627450980392156,0.7342657342657343,0.06823750003241003,0.00025070004630833864
52,Ionosphere,6,RandomFuzzyRules__max_rules__5,316,35,34,0.8,0.8627450980392156,0.6188811188811189,0.08711089997086674,0.0003244000254198909
52,Ionosphere,6,RandomFuzzyRules__max_rules__6,316,35,34,0.9142857142857143,0.9361702127659575,0.9020979020979021,0.07595779991243035,0.000377400079742074
52,Ionosphere,6,RandomFuzzyRules__max_rules__7,316,35,34,0.9142857142857143,0.9361702127659575,0.9020979020979021,0.09687560005113482,0.00029340002220124006
52,Ionosphere,7,RandomFuzzyRules__max_rules__2,316,35,34,0.8,0.8627450980392156,0.6573426573426574,0.0411995000904426,0.00024910003412514925
52,Ionosphere,7,RandomFuzzyRules__max_rules__3,316,35,34,0.7714285714285715,0.84,0.5944055944055944,0.07692919997498393,0.0002578999847173691
52,Ionosphere,7,RandomFuzzyRules__max_rules__4,316,35,34,0.7142857142857143,0.7727272727272727,0.7517482517482518,0.08473400003276765,0.0002543999580666423
52,Ionosphere,7,RandomFuzzyRules__max_rules__5,316,35,34,0.7142857142857143,0.8076923076923077,0.6608391608391608,0.0600942000746727,0.00023999996483325958
52,Ionosphere,7,RandomFuzzyRules__max_rules__6,316,35,34,0.8857142857142857,0.9166666666666666,0.8374125874125874,0.06178430002182722,0.00032780005130916834
52,Ionosphere,7,RandomFuzzyRules__max_rules__7,316,35,34,0.8857142857142857,0.9166666666666666,0.8374125874125874,0.0653720999835059,0.0005212000105530024
52,Ionosphere,8,RandomFuzzyRules__max_rules__2,316,35,34,0.9428571428571428,0.9565217391304348,0.8933566433566433,0.04769269993994385,0.00029470003210008144
52,Ionosphere,8,RandomFuzzyRules__max_rules__3,316,35,34,0.9428571428571428,0.9565217391304348,0.8898601398601398,0.05128809995949268,0.0003133000573143363
52,Ionosphere,8,RandomFuzzyRules__max_rules__4,316,35,34,0.8857142857142857,0.9166666666666666,0.7132867132867133,0.08112160000018775,0.00031869998201727867
52,Ionosphere,8,RandomFuzzyRules__max_rules__5,316,35,34,0.9428571428571428,0.9565217391304348,0.8846153846153846,0.08135810005478561,0.0003255999181419611
52,Ionosphere,8,RandomFuzzyRules__max_rules__6,316,35,34,0.9428571428571428,0.9565217391304348,0.8986013986013986,0.08232960000168532,0.0003264000406488776
52,Ionosphere,8,RandomFuzzyRules__max_rules__7,316,35,34,0.9428571428571428,0.9565217391304348,0.8986013986013986,0.08011270000133663,0.00024149997625499964
52,Ionosphere,9,RandomFuzzyRules__max_rules__2,316,35,34,0.7142857142857143,0.8,0.5909090909090908,0.06528410001192242,0.00028190005104988813
52,Ionosphere,9,RandomFuzzyRules__max_rules__3,316,35,34,0.7142857142857143,0.8,0.5926573426573426,0.047794600017368793,0.0003239000216126442
52,Ionosphere,9,RandomFuzzyRules__max_rules__4,316,35,34,0.7142857142857143,0.8,0.5909090909090908,0.06921149999834597,0.00041199999395757914
52,Ionosphere,9,RandomFuzzyRules__max_rules__5,316,35,34,0.6857142857142857,0.7843137254901961,0.5297202797202797,0.09458899998571724,0.00028789998032152653
52,Ionosphere,9,RandomFuzzyRules__max_rules__6,316,35,34,0.8285714285714286,0.8695652173913043,0.7517482517482518,0.07116250006947666,0.0002786999102681875
52,Ionosphere,9,RandomFuzzyRules__max_rules__7,316,35,34,0.8285714285714286,0.8695652173913043,0.7517482517482518,0.06511650001630187,0.00033359997905790806
52,Ionosphere,10,RandomFuzzyRules__max_rules__2,316,35,34,0.8571428571428571,0.8936170212765958,0.8531468531468531,0.07285240001510829,0.0003152999561280012
52,Ionosphere,10,RandomFuzzyRules__max_rules__3,316,35,34,0.8571428571428571,0.8936170212765958,0.8601398601398602,0.05168180004693568,0.00023399991914629936
52,Ionosphere,10,RandomFuzzyRules__max_rules__4,316,35,34,0.8571428571428571,0.8936170212765958,0.8531468531468531,0.07530329993460327,0.00034090003464370966
52,Ionosphere,10,RandomFuzzyRules__max_rules__5,316,35,34,0.8285714285714286,0.875,0.8496503496503497,0.07851070002652705,0.00027909991331398487
52,Ionosphere,10,RandomFuzzyRules__max_rules__6,316,35,34,0.8571428571428571,0.8936170212765958,0.8024475524475525,0.0629719999851659,0.0002856999635696411
52,Ionosphere,10,RandomFuzzyRules__max_rules__7,316,35,34,0.8571428571428571,0.8936170212765958,0.8024475524475525,0.06631090003065765,0.00027740001678466797
74,Musk (Version 1),1,RandomFuzzyRules__max_rules__2,428,48,168,0.7291666666666666,0.6486486486486486,0.6763668430335097,0.059887100011110306,0.00041069998405873775
74,Musk (Version 1),1,RandomFuzzyRules__max_rules__3,428,48,168,0.7291666666666666,0.6486486486486486,0.6763668430335097,0.06215929996687919,0.000421699951402843
74,Musk (Version 1),1,RandomFuzzyRules__max_rules__4,428,48,168,0.7291666666666666,0.6486486486486486,0.6798941798941799,0.07338289998006076,0.00036990002263337374
74,Musk (Version 1),1,RandomFuzzyRules__max_rules__5,428,48,168,0.6666666666666666,0.5294117647058824,0.5731922398589065,0.07783470000140369,0.0003763999557122588
74,Musk (Version 1),1,RandomFuzzyRules__max_rules__6,428,48,168,0.6458333333333334,0.5405405405405405,0.5802469135802469,0.0766410999931395,0.00029989995528012514
74,Musk (Version 1),1,RandomFuzzyRules__max_rules__7,428,48,168,0.7291666666666666,0.6486486486486486,0.6798941798941799,0.08994560001883656,0.00035180000122636557
74,Musk (Version 1),2,RandomFuzzyRules__max_rules__2,428,48,168,0.6458333333333334,0.5405405405405405,0.6825396825396826,0.05609359999652952,0.0003654999891296029
74,Musk (Version 1),2,RandomFuzzyRules__max_rules__3,428,48,168,0.6458333333333334,0.5405405405405405,0.6825396825396826,0.06389330001547933,0.0003135999431833625
74,Musk (Version 1),2,RandomFuzzyRules__max_rules__4,428,48,168,0.6458333333333334,0.5405405405405405,0.6825396825396826,0.08528920006938279,0.00040989997796714306
74,Musk (Version 1),2,RandomFuzzyRules__max_rules__5,428,48,168,0.6458333333333334,0.45161290322580644,0.6393298059964727,0.06412080000154674,0.00045249995309859514
74,Musk (Version 1),2,RandomFuzzyRules__max_rules__6,428,48,168,0.6875,0.5454545454545454,0.6675485008818343,0.08001349994447082,0.0002808000426739454
74,Musk (Version 1),2,RandomFuzzyRules__max_rules__7,428,48,168,0.6458333333333334,0.5405405405405405,0.6825396825396826,0.08635050000157207,0.00040389993228018284
74,Musk (Version 1),3,RandomFuzzyRules__max_rules__2,428,48,168,0.7916666666666666,0.7222222222222222,0.8298059964726631,0.07451750000473112,0.0003114999271929264
74,Musk (Version 1),3,RandomFuzzyRules__max_rules__3,428,48,168,0.7916666666666666,0.7222222222222222,0.8298059964726631,0.06445940001867712,0.0004152000183239579
74,Musk (Version 1),3,RandomFuzzyRules__max_rules__4,428,48,168,0.7916666666666666,0.7222222222222222,0.8298059964726631,0.06533899996429682,0.0003646999830380082
74,Musk (Version 1),3,RandomFuzzyRules__max_rules__5,428,48,168,0.75,0.6666666666666666,0.763668430335097,0.07306450000032783,0.00039089994970709085
74,Musk (Version 1),3,RandomFuzzyRules__max_rules__6,428,48,168,0.75,0.6666666666666666,0.763668430335097,0.0952839000383392,0.0004157000221312046
74,Musk (Version 1),3,RandomFuzzyRules__max_rules__7,428,48,168,0.7916666666666666,0.7222222222222222,0.8298059964726631,0.08561029995325953,0.00034030003007501364
74,Musk (Version 1),4,RandomFuzzyRules__max_rules__2,428,48,168,0.6458333333333334,0.5405405405405405,0.5864197530864198,0.05964520003180951,0.0003912999527528882
74,Musk (Version 1),4,RandomFuzzyRules__max_rules__3,428,48,168,0.6458333333333334,0.5405405405405405,0.5864197530864198,0.06400430004578084,0.00027980003505945206
74,Musk (Version 1),4,RandomFuzzyRules__max_rules__4,428,48,168,0.6458333333333334,0.5405405405405405,0.5864197530864198,0.073242700076662,0.0004085999680683017
74,Musk (Version 1),4,RandomFuzzyRules__max_rules__5,428,48,168,0.6041666666666666,0.4864864864864864,0.654320987654321,0.0756869000615552,0.0004072999581694603
74,Musk (Version 1),4,RandomFuzzyRules__max_rules__6,428,48,168,0.6041666666666666,0.4864864864864864,0.654320987654321,0.08367409999482334,0.0003541000187397003
74,Musk (Version 1),4,RandomFuzzyRules__max_rules__7,428,48,168,0.6458333333333334,0.5405405405405405,0.5864197530864198,0.0886461999034509,0.00041470001451671124
74,Musk (Version 1),5,RandomFuzzyRules__max_rules__2,428,48,168,0.6875,0.5454545454545454,0.7169312169312169,0.07473700004629791,0.00038049998693168163
74,Musk (Version 1),5,RandomFuzzyRules__max_rules__3,428,48,168,0.6875,0.5454545454545454,0.7257495590828924,0.0678055000025779,0.00040440005250275135
74,Musk (Version 1),5,RandomFuzzyRules__max_rules__4,428,48,168,0.6875,0.5454545454545454,0.7169312169312169,0.07034810003824532,0.00035200000274926424
74,Musk (Version 1),5,RandomFuzzyRules__max_rules__5,428,48,168,0.6041666666666666,0.4242424242424242,0.5608465608465608,0.07341170008294284,0.0004016000311821699
74,Musk (Version 1),5,RandomFuzzyRules__max_rules__6,428,48,168,0.6041666666666666,0.4864864864864864,0.591710758377425,0.07955720007885247,0.000422299955971539
74,Musk (Version 1),5,RandomFuzzyRules__max_rules__7,428,48,168,0.6875,0.5454545454545454,0.7169312169312169,0.09372499992605299,0.00041039998177438974
74,Musk (Version 1),6,RandomFuzzyRules__max_rules__2,428,48,168,0.6458333333333334,0.5853658536585366,0.6455026455026456,0.0560224000364542,0.00031489995308220387
74,Musk (Version 1),6,RandomFuzzyRules__max_rules__3,428,48,168,0.6458333333333334,0.5853658536585366,0.6455026455026456,0.06417909997981042,0.0003466999623924494
74,Musk (Version 1),6,RandomFuzzyRules__max_rules__4,428,48,168,0.6458333333333334,0.5853658536585366,0.6455026455026456,0.07121620001271367,0.0004170999163761735
74,Musk (Version 1),6,RandomFuzzyRules__max_rules__5,428,48,168,0.6875,0.6153846153846153,0.6666666666666667,0.07496130000799894,0.0003992000129073858
74,Musk (Version 1),6,RandomFuzzyRules__max_rules__6,428,48,168,0.6666666666666666,0.6,0.6005291005291006,0.06393430009484291,0.00036889989860355854
74,Musk (Version 1),6,RandomFuzzyRules__max_rules__7,428,48,168,0.6458333333333334,0.5853658536585366,0.6455026455026456,0.08723850001115352,0.0004251999780535698
74,Musk (Version 1),7,RandomFuzzyRules__max_rules__2,429,47,168,0.723404255319149,0.6829268292682926,0.7893772893772895,0.047992800013162196,0.00027730001602321863
74,Musk (Version 1),7,RandomFuzzyRules__max_rules__3,429,47,168,0.723404255319149,0.6829268292682926,0.7893772893772895,0.06953789992257953,0.00027650000993162394
74,Musk (Version 1),7,RandomFuzzyRules__max_rules__4,429,47,168,0.723404255319149,0.6829268292682926,0.7893772893772895,0.08397389994934201,0.0002968000480905175
74,Musk (Version 1),7,RandomFuzzyRules__max_rules__5,429,47,168,0.7021276595744681,0.588235294117647,0.7042124542124542,0.0874006999656558,0.00043130002450197935
74,Musk (Version 1),7,RandomFuzzyRules__max_rules__6,429,47,168,0.7446808510638298,0.7,0.7060439560439561,0.08282429992686957,0.00037690007593482733
74,Musk (Version 1),7,RandomFuzzyRules__max_rules__7,429,47,168,0.723404255319149,0.6829268292682926,0.7893772893772895,0.08659319998696446,0.0002919000107795
74,Musk (Version 1),8,RandomFuzzyRules__max_rules__2,429,47,168,0.8085106382978723,0.7804878048780488,0.8583333333333334,0.07491199998185039,0.0003155000740662217
74,Musk (Version 1),8,RandomFuzzyRules__max_rules__3,429,47,168,0.8085106382978723,0.7804878048780488,0.8583333333333334,0.06327949999831617,0.0004078999627381563
74,Musk (Version 1),8,RandomFuzzyRules__max_rules__4,429,47,168,0.8085106382978723,0.7804878048780488,0.8583333333333334,0.06875310000032187,0.00039850000757724047
74,Musk (Version 1),8,RandomFuzzyRules__max_rules__5,429,47,168,0.8297872340425532,0.7894736842105262,0.7481481481481482,0.0670731000136584,0.0004233000800013542
74,Musk (Version 1),8,RandomFuzzyRules__max_rules__6,429,47,168,0.7872340425531915,0.75,0.8018518518518519,0.08072259998880327,0.00040060002356767654
74,Musk (Version 1),8,RandomFuzzyRules__max_rules__7,429,47,168,0.8085106382978723,0.7804878048780488,0.8583333333333334,0.09152680006809533,0.0004029999254271388
74,Musk (Version 1),9,RandomFuzzyRules__max_rules__2,429,47,168,0.6808510638297872,0.5945945945945946,0.6740740740740742,0.05729560006875545,0.0003890999360010028
74,Musk (Version 1),9,RandomFuzzyRules__max_rules__3,429,47,168,0.7446808510638298,0.6470588235294117,0.7999999999999999,0.06428829999640584,0.0004075999604538083
74,Musk (Version 1),9,RandomFuzzyRules__max_rules__4,429,47,168,0.7446808510638298,0.6842105263157895,0.7222222222222222,0.07505250000394881,0.00042159995064139366
74,Musk (Version 1),9,RandomFuzzyRules__max_rules__5,429,47,168,0.7446808510638298,0.6470588235294117,0.6981481481481482,0.07618510001339018,0.0003429000498726964
74,Musk (Version 1),9,RandomFuzzyRules__max_rules__6,429,47,168,0.6808510638297872,0.5945945945945946,0.6740740740740742,0.07756529992911965,0.00035740004386752844
74,Musk (Version 1),9,RandomFuzzyRules__max_rules__7,429,47,168,0.7446808510638298,0.6842105263157895,0.7222222222222222,0.0945314000127837,0.0004051000578328967
74,Musk (Version 1),10,RandomFuzzyRules__max_rules__2,429,47,168,0.6595744680851063,0.5294117647058824,0.6074074074074074,0.06586740002967417,0.0003890000516548753
74,Musk (Version 1),10,RandomFuzzyRules__max_rules__3,429,47,168,0.6595744680851063,0.5294117647058824,0.6074074074074074,0.07581050007138401,0.00040770007763057947
74,Musk (Version 1),10,RandomFuzzyRules__max_rules__4,429,47,168,0.6595744680851063,0.5294117647058824,0.6277777777777779,0.0714534999569878,0.000408099964261055
74,Musk (Version 1),10,RandomFuzzyRules__max_rules__5,429,47,168,0.6170212765957447,0.35714285714285715,0.5203703703703704,0.07711670000571758,0.00047069997526705265
74,Musk (Version 1),10,RandomFuzzyRules__max_rules__6,429,47,168,0.6170212765957447,0.4375,0.5425925925925926,0.0811524000018835,0.00040659995283931494
74,Musk (Version 1),10,RandomFuzzyRules__max_rules__7,429,47,168,0.6595744680851063,0.5294117647058824,0.6277777777777779,0.08089999994263053,0.000421699951402843
75,Musk (Version 2),1,RandomFuzzyRules__max_rules__2,5938,660,166,0.8787878787878788,0.4117647058823529,0.7758451050671165,0.43936129997018725,0.0004986000712960958
75,Musk (Version 2),1,RandomFuzzyRules__max_rules__3,5938,660,166,0.85,0.3694267515923567,0.7222485768500948,0.4797637000447139,0.000586399924941361
75,Musk (Version 2),1,RandomFuzzyRules__max_rules__4,5938,660,166,0.8378787878787879,0.13008130081300812,0.6538583175205566,0.4919653000542894,0.0007170999888330698
75,Musk (Version 2),1,RandomFuzzyRules__max_rules__5,5938,660,166,0.8681818181818182,0.33587786259541985,0.6397322369808138,0.5475810000207275,0.000700299977324903
75,Musk (Version 2),1,RandomFuzzyRules__max_rules__6,5938,660,166,0.8378787878787879,0.13008130081300812,0.6538583175205566,0.5316274000797421,0.0007291999645531178
75,Musk (Version 2),1,RandomFuzzyRules__max_rules__7,5938,660,166,0.8469696969696969,0.03809523809523809,0.3869386464263125,0.5629267999902368,0.0007893000729382038
75,Musk (Version 2),2,RandomFuzzyRules__max_rules__2,5938,660,166,0.853030303030303,0.2595419847328244,0.7540234731885584,0.4693636998999864,0.000647400040179491
75,Musk (Version 2),2,RandomFuzzyRules__max_rules__3,5938,660,166,0.853030303030303,0.2706766917293233,0.6927226087567643,0.4870995000237599,0.0006698999786749482
75,Musk (Version 2),2,RandomFuzzyRules__max_rules__4,5938,660,166,0.8484848484848485,0.21875,0.7061986084756482,0.5276733000064269,0.0004935999168083072
75,Musk (Version 2),2,RandomFuzzyRules__max_rules__5,5938,660,166,0.8590909090909091,0.24390243902439024,0.6232342399325322,0.6621930999681354,0.0005512000061571598
75,Musk (Version 2),2,RandomFuzzyRules__max_rules__6,5938,660,166,0.8484848484848485,0.21875,0.7061986084756482,0.5693654000060633,0.0006952999392524362
75,Musk (Version 2),2,RandomFuzzyRules__max_rules__7,5938,660,166,0.85,0.07476635514018691,0.6078255675029868,0.5592685000738129,0.000664199935272336
75,Musk (Version 2),3,RandomFuzzyRules__max_rules__2,5938,660,166,0.8818181818181818,0.4729729729729731,0.7965598425750229,0.4716883999062702,0.0005641999887302518
75,Musk (Version 2),3,RandomFuzzyRules__max_rules__3,5938,660,166,0.8515151515151516,0.3194444444444445,0.7839271909480638,0.5116616999730468,0.000682900077663362
75,Musk (Version 2),3,RandomFuzzyRules__max_rules__4,5938,660,166,0.8469696969696969,0.01941747572815534,0.6849743481622039,0.5265756000299007,0.0007266999455168843
75,Musk (Version 2),3,RandomFuzzyRules__max_rules__5,5938,660,166,0.8590909090909091,0.20512820512820512,0.6244641225665895,0.5232489999616519,0.0006710999878123403
75,Musk (Version 2),3,RandomFuzzyRules__max_rules__6,5938,660,166,0.8621212121212121,0.3157894736842105,0.6982395108581068,0.5337675000773743,0.000697100069373846
75,Musk (Version 2),3,RandomFuzzyRules__max_rules__7,5938,660,166,0.8515151515151516,0.07547169811320754,0.40268114414224476,0.5467367999954149,0.0005605999613180757
75,Musk (Version 2),4,RandomFuzzyRules__max_rules__2,5938,660,166,0.8590909090909091,0.3404255319148936,0.7451331787195166,0.4832854000851512,0.00061039999127388
75,Musk (Version 2),4,RandomFuzzyRules__max_rules__3,5938,660,166,0.853030303030303,0.32167832167832167,0.6946025722116803,0.45855239999946207,0.0005051000043749809
75,Musk (Version 2),4,RandomFuzzyRules__max_rules__4,5938,660,166,0.85,0.1951219512195122,0.6504673554009417,0.48261820001062006,0.0007006999803707004
75,Musk (Version 2),4,RandomFuzzyRules__max_rules__5,5938,660,166,0.8515151515151516,0.18333333333333335,0.6476913345983555,0.49089820007793605,0.0005982000147923827
75,Musk (Version 2),4,RandomFuzzyRules__max_rules__6,5938,660,166,0.85,0.1951219512195122,0.6504673554009417,0.5140078999102116,0.0007129000732675195
75,Musk (Version 2),4,RandomFuzzyRules__max_rules__7,5938,660,166,0.8469696969696969,0.03809523809523809,0.520978283786633,0.544117100071162,0.0007956000044941902
75,Musk (Version 2),5,RandomFuzzyRules__max_rules__2,5938,660,166,0.8742424242424243,0.4575163398692811,0.7642139292993183,0.466486299992539,0.000743800075724721
75,Musk (Version 2),5,RandomFuzzyRules__max_rules__3,5938,660,166,0.853030303030303,0.2706766917293233,0.6757590132827324,0.48804469988681376,0.0006012000376358628
75,Musk (Version 2),5,RandomFuzzyRules__max_rules__4,5938,660,166,0.8590909090909091,0.27906976744186046,0.6983800688734275,0.5358075000112876,0.0007319999858736992
75,Musk (Version 2),5,RandomFuzzyRules__max_rules__5,5938,660,166,0.853030303030303,0.22400000000000006,0.6241654367840327,0.5339470999315381,0.000682300073094666
75,Musk (Version 2),5,RandomFuzzyRules__max_rules__6,5938,660,166,0.8590909090909091,0.27906976744186046,0.6983800688734275,0.5647928999969736,0.0007474999874830246
75,Musk (Version 2),5,RandomFuzzyRules__max_rules__7,5938,660,166,0.8545454545454545,0.14285714285714285,0.6029763159744185,0.5543163999682292,0.000526099931448698
75,Musk (Version 2),6,RandomFuzzyRules__max_rules__2,5938,660,166,0.8757575757575757,0.42253521126760557,0.7719621898938787,0.4649341000476852,0.0005150999641045928
75,Musk (Version 2),6,RandomFuzzyRules__max_rules__3,5938,660,166,0.8651515151515151,0.3945578231292517,0.7771101272050038,0.5698160999454558,0.0006374999647960067
75,Musk (Version 2),6,RandomFuzzyRules__max_rules__4,5938,660,166,0.843939393939394,0.20155038759689922,0.6168212804835196,0.5022610999876633,0.0005540000274777412
75,Musk (Version 2),6,RandomFuzzyRules__max_rules__5,5938,660,166,0.8727272727272727,0.34375000000000006,0.6412608053974278,0.5004686999600381,0.0006716999923810363
75,Musk (Version 2),6,RandomFuzzyRules__max_rules__6,5938,660,166,0.843939393939394,0.20155038759689922,0.6168212804835196,0.5429154000012204,0.0007386000361293554
75,Musk (Version 2),6,RandomFuzzyRules__max_rules__7,5938,660,166,0.85,0.07476635514018691,0.6096176821983273,0.5543049999978393,0.0007706000469624996
75,Musk (Version 2),7,RandomFuzzyRules__max_rules__2,5938,660,166,0.8757575757575757,0.4142857142857143,0.7751774544943426,0.4710350000532344,0.0007582999533042312
75,Musk (Version 2),7,RandomFuzzyRules__max_rules__3,5938,660,166,0.8454545454545455,0.3289473684210526,0.734134514020662,0.4819836999522522,0.0006715999916195869
75,Musk (Version 2),7,RandomFuzzyRules__max_rules__4,5938,660,166,0.8469696969696969,0.2518518518518519,0.6966230936819171,0.5045979999704286,0.0005788999842479825
75,Musk (Version 2),7,RandomFuzzyRules__max_rules__5,5938,660,166,0.853030303030303,0.248062015503876,0.582244008714597,0.5179390999255702,0.0006921000313013792
75,Musk (Version 2),7,RandomFuzzyRules__max_rules__6,5938,660,166,0.8469696969696969,0.2518518518518519,0.6966230936819171,0.5456576999276876,0.0008040000684559345
75,Musk (Version 2),7,RandomFuzzyRules__max_rules__7,5938,660,166,0.85,0.05714285714285715,0.3872197624569541,0.5615083000157028,0.0006441000150516629
75,Musk (Version 2),8,RandomFuzzyRules__max_rules__2,5938,660,166,0.8787878787878788,0.4666666666666667,0.8078251474521334,0.45990740007255226,0.0006788999307900667
75,Musk (Version 2),8,RandomFuzzyRules__max_rules__3,5938,660,166,0.8560606060606061,0.30656934306569344,0.7444163020953258,0.4654763999860734,0.0006122000049799681
75,Musk (Version 2),8,RandomFuzzyRules__max_rules__4,5938,660,166,0.8545454545454545,0.11111111111111112,0.6620025150994527,0.4856593000004068,0.0006089999806135893
75,Musk (Version 2),8,RandomFuzzyRules__max_rules__5,5938,660,166,0.8590909090909091,0.23140495867768596,0.6462211516321577,0.5178980000782758,0.0006603000219911337
75,Musk (Version 2),8,RandomFuzzyRules__max_rules__6,5938,660,166,0.8469696969696969,0.2170542635658915,0.7305478311695213,0.5339852999895811,0.0006436000112444162
75,Musk (Version 2),8,RandomFuzzyRules__max_rules__7,5938,660,166,0.8515151515151516,0.07547169811320754,0.37698152641740024,0.5516782000195235,0.0007553000468760729
75,Musk (Version 2),9,RandomFuzzyRules__max_rules__2,5939,659,166,0.866464339908953,0.3888888888888889,0.7912629972674687,0.46728080010507256,0.0006842000875622034
75,Musk (Version 2),9,RandomFuzzyRules__max_rules__3,5939,659,166,0.8603945371775418,0.34285714285714286,0.693876645729089,0.46666809997987,0.0006685000844299793
75,Musk (Version 2),9,RandomFuzzyRules__max_rules__4,5939,659,166,0.8528072837632777,0.11009174311926605,0.6502892224706343,0.49972139997407794,0.0007329999934881926
75,Musk (Version 2),9,RandomFuzzyRules__max_rules__5,5939,659,166,0.8543247344461306,0.23809523809523808,0.6162922743887291,0.5333957999246195,0.0006775000365450978
75,Musk (Version 2),9,RandomFuzzyRules__max_rules__6,5939,659,166,0.8619119878603946,0.272,0.6881542993008978,0.537046100012958,0.0007283999584615231
75,Musk (Version 2),9,RandomFuzzyRules__max_rules__7,5939,659,166,0.8482549317147192,0.038461538461538464,0.37306149969835695,0.6142953000962734,0.0006455999100580812
75,Musk (Version 2),10,RandomFuzzyRules__max_rules__2,5939,659,166,0.8770864946889226,0.39999999999999997,0.7953795379537953,0.4840725000249222,0.00049769994802773
75,Musk (Version 2),10,RandomFuzzyRules__max_rules__3,5939,659,166,0.8603945371775418,0.34285714285714286,0.6649277831008906,0.5652496999828145,0.000674300012178719
75,Musk (Version 2),10,RandomFuzzyRules__max_rules__4,5939,659,166,0.8573596358118362,0.14545454545454545,0.6212072820185244,0.4843664000509307,0.0007464999798685312
75,Musk (Version 2),10,RandomFuzzyRules__max_rules__5,5939,659,166,0.8619119878603946,0.23529411764705885,0.6191312679655063,0.4971781000494957,0.0005386999109759927
75,Musk (Version 2),10,RandomFuzzyRules__max_rules__6,5939,659,166,0.8649468892261002,0.28800000000000003,0.682582774406473,0.5431517000542954,0.000712399953044951
75,Musk (Version 2),10,RandomFuzzyRules__max_rules__7,5939,659,166,0.8482549317147192,0.056603773584905655,0.5399943220128465,0.5580926999682561,0.0007738000713288784
94,Spambase,1,RandomFuzzyRules__max_rules__2,4140,461,57,0.6160520607375272,0.05347593582887701,0.7428709283547994,0.23429330007638782,0.0006495000561699271
94,Spambase,1,RandomFuzzyRules__max_rules__3,4140,461,57,0.6160520607375272,0.05347593582887701,0.7428709283547994,0.24196659994777292,0.0003136999439448118
94,Spambase,1,RandomFuzzyRules__max_rules__4,4140,461,57,0.6160520607375272,0.05347593582887701,0.7428709283547994,0.2943562000291422,0.0004181000404059887
94,Spambase,1,RandomFuzzyRules__max_rules__5,4140,461,57,0.6117136659436009,0.05291005291005291,0.7326007326007327,0.24577439995482564,0.0004938000347465277
94,Spambase,1,RandomFuzzyRules__max_rules__6,4140,461,57,0.6247288503253796,0.14778325123152708,0.7751782267911301,0.2544232999207452,0.000466100056655705
94,Spambase,1,RandomFuzzyRules__max_rules__7,4140,461,57,0.6290672451193059,0.11398963730569948,0.7177911694040727,0.2631690000416711,0.000492400024086237
94,Spambase,2,RandomFuzzyRules__max_rules__2,4141,460,57,0.6086956521739131,0.02173913043478261,0.6921298126334098,0.20286139997188002,0.0003100000321865082
94,Spambase,2,RandomFuzzyRules__max_rules__3,4141,460,57,0.6086956521739131,0.02173913043478261,0.6921298126334098,0.21914870000910014,0.00037370005156844854
94,Spambase,2,RandomFuzzyRules__max_rules__4,4141,460,57,0.6086956521739131,0.02173913043478261,0.6581547948454423,0.23667789995670319,0.00045819999650120735
94,Spambase,2,RandomFuzzyRules__max_rules__5,4141,460,57,0.6173913043478261,0.08333333333333336,0.6619495612301368,0.255527300061658,0.00044189998880028725
94,Spambase,2,RandomFuzzyRules__max_rules__6,4141,460,57,0.6282608695652174,0.17391304347826086,0.7539133528342162,0.2685141999972984,0.0004472000291571021
94,Spambase,2,RandomFuzzyRules__max_rules__7,4141,460,57,0.6086956521739131,0.03225806451612903,0.7108862360660921,0.2629899999592453,0.0004632000345736742
94,Spambase,3,RandomFuzzyRules__max_rules__2,4141,460,57,0.6065217391304348,0.010928961748633882,0.715481460985058,0.2061948999762535,0.0004159000236541033
94,Spambase,3,RandomFuzzyRules__max_rules__3,4141,460,57,0.6065217391304348,0.010928961748633882,0.715481460985058,0.21405579999554902,0.00042079994454979897
94,Spambase,3,RandomFuzzyRules__max_rules__4,4141,460,57,0.6021739130434782,0.061538461538461535,0.5151494189263973,0.2318478999659419,0.0004548000870272517
94,Spambase,3,RandomFuzzyRules__max_rules__5,4141,460,57,0.6108695652173913,0.05291005291005291,0.7025160091706854,0.24790590000338852,0.0003933999687433243
94,Spambase,3,RandomFuzzyRules__max_rules__6,4141,460,57,0.6326086956521739,0.1990521327014218,0.8110522570954226,0.25190640008077025,0.0003917999565601349
94,Spambase,3,RandomFuzzyRules__max_rules__7,4141,460,57,0.6108695652173913,0.04278074866310161,0.6438750098822043,0.25485959998331964,0.00046580005437135696
94,Spambase,4,RandomFuzzyRules__max_rules__2,4141,460,57,0.6195652173913043,0.07407407407407407,0.6010218024119289,0.20370569999795407,0.00040559994522482157
94,Spambase,4,RandomFuzzyRules__max_rules__3,4141,460,57,0.6217391304347826,0.08421052631578947,0.7621735083863048,0.21778579999227077,0.00038570002652704716
94,Spambase,4,RandomFuzzyRules__max_rules__4,4141,460,57,0.6260869565217392,0.09473684210526316,0.7018158775421295,0.23711990006268024,0.0004140998935326934
94,Spambase,4,RandomFuzzyRules__max_rules__5,4141,460,57,0.6326086956521739,0.13333333333333333,0.7032911542802828,0.2468288999516517,0.0004458000184968114
94,Spambase,4,RandomFuzzyRules__max_rules__6,4141,460,57,0.6326086956521739,0.15920398009950248,0.7769955840709717,0.25124919996596873,0.00035690004006028175
94,Spambase,4,RandomFuzzyRules__max_rules__7,4141,460,57,0.6217391304347826,0.08421052631578947,0.720737044297907,0.3331342999590561,0.00043670006562024355
94,Spambase,5,RandomFuzzyRules__max_rules__2,4141,460,57,0.6152173913043478,0.043243243243243246,0.7290243371155866,0.235846700030379,0.00034529995173215866
94,Spambase,5,RandomFuzzyRules__max_rules__3,4141,460,57,0.6108695652173913,0.02185792349726776,0.5033862056674391,0.23283440002705902,0.000408099964261055
94,Spambase,5,RandomFuzzyRules__max_rules__4,4141,460,57,0.6152173913043478,0.043243243243243246,0.786233390760213,0.23355060000903904,0.00035910005681216717
94,Spambase,5,RandomFuzzyRules__max_rules__5,4141,460,57,0.6152173913043478,0.043243243243243246,0.786233390760213,0.2587012000149116,0.00046099990140646696
94,Spambase,5,RandomFuzzyRules__max_rules__6,4141,460,57,0.6217391304347826,0.14705882352941177,0.7808768490465157,0.2547471000580117,0.00046170002315193415
94,Spambase,5,RandomFuzzyRules__max_rules__7,4141,460,57,0.6108695652173913,0.032432432432432434,0.7071229133250165,0.3019372000126168,0.00040200003422796726
94,Spambase,6,RandomFuzzyRules__max_rules__2,4141,460,57,0.6130434782608696,0.05319148936170212,0.7981643200855463,0.1988437999971211,0.0004203999415040016
94,Spambase,6,RandomFuzzyRules__max_rules__3,4141,460,57,0.6130434782608696,0.05319148936170212,0.7975999524743065,0.22840669995639473,0.00042020005639642477
94,Spambase,6,RandomFuzzyRules__max_rules__4,4141,460,57,0.6130434782608696,0.043010752688172046,0.679102556486267,0.23918050003703684,0.0004754000110551715
94,Spambase,6,RandomFuzzyRules__max_rules__5,4141,460,57,0.6065217391304348,0.03208556149732621,0.7241727558961564,0.2507891000714153,0.00045089994091540575
94,Spambase,6,RandomFuzzyRules__max_rules__6,4141,460,57,0.6217391304347826,0.11224489795918367,0.789322560842789,0.24539830000139773,0.0004659999394789338
94,Spambase,6,RandomFuzzyRules__max_rules__7,4141,460,57,0.6239130434782608,0.09424083769633508,0.7060931899641578,0.25866069993935525,0.0004724999889731407
94,Spambase,7,RandomFuzzyRules__max_rules__2,4141,460,57,0.6173913043478261,0.05376344086021505,0.6490227529258006,0.20426569995470345,0.00043460004962980747
94,Spambase,7,RandomFuzzyRules__max_rules__3,4141,460,57,0.6152173913043478,0.043243243243243246,0.7079942177072813,0.2310075000859797,0.00046339991968125105
94,Spambase,7,RandomFuzzyRules__max_rules__4,4141,460,57,0.6021739130434782,0.010810810810810811,0.794362264599299,0.22551389993168414,0.00044490001164376736
94,Spambase,7,RandomFuzzyRules__max_rules__5,4141,460,57,0.6130434782608696,0.05319148936170212,0.7156379334244243,0.23808540008030832,0.0004506999393925071
94,Spambase,7,RandomFuzzyRules__max_rules__6,4141,460,57,0.6086956521739131,0.08163265306122448,0.7747480148121745,0.2669412998948246,0.00045789999421685934
94,Spambase,7,RandomFuzzyRules__max_rules__7,4141,460,57,0.6217391304347826,0.07446808510638298,0.66969642963227,0.256596100050956,0.0004373999545350671
94,Spambase,8,RandomFuzzyRules__max_rules__2,4141,460,57,0.6130434782608696,0.03260869565217391,0.7170538030456048,0.20293400005903095,0.0004069000715389848
94,Spambase,8,RandomFuzzyRules__max_rules__3,4141,460,57,0.6086956521739131,0.03225806451612903,0.6363294322659855,0.2250373000279069,0.00037169991992414
94,Spambase,8,RandomFuzzyRules__max_rules__4,4141,460,57,0.6108695652173913,0.02185792349726776,0.6646765282480841,0.2990169000113383,0.0004450000124052167
94,Spambase,8,RandomFuzzyRules__max_rules__5,4141,460,57,0.6065217391304348,0.021621621621621623,0.6973900473276698,0.24595180002506822,0.000435899943113327
94,Spambase,8,RandomFuzzyRules__max_rules__6,4141,460,57,0.6195652173913043,0.1206030150753769,0.817224103447593,0.2633932000026107,0.0004464999074116349
94,Spambase,8,RandomFuzzyRules__max_rules__7,4141,460,57,0.6130434782608696,0.043010752688172046,0.7169745935563081,0.27337130007799715,0.0005077999085187912
94,Spambase,9,RandomFuzzyRules__max_rules__2,4141,460,57,0.6065217391304348,0.0,0.7345392978078773,0.19916899991221726,0.0004121999954804778
94,Spambase,9,RandomFuzzyRules__max_rules__3,4141,460,57,0.6065217391304348,0.0,0.7345392978078773,0.21855680004227906,0.00045930000487715006
94,Spambase,9,RandomFuzzyRules__max_rules__4,4141,460,57,0.6086956521739131,0.010989010989010988,0.6619834056119923,0.23751639993861318,0.0004765000194311142
94,Spambase,9,RandomFuzzyRules__max_rules__5,4141,460,57,0.6108695652173913,0.02185792349726776,0.6434879898611854,0.24397800001315773,0.0004453000146895647
94,Spambase,9,RandomFuzzyRules__max_rules__6,4141,460,57,0.6260869565217392,0.1313131313131313,0.750678231252104,0.2613716999767348,0.0004561999812722206
94,Spambase,9,RandomFuzzyRules__max_rules__7,4141,460,57,0.6130434782608696,0.03260869565217391,0.7049149488108676,0.2959545999765396,0.00043000001460313797
94,Spambase,10,RandomFuzzyRules__max_rules__2,4141,460,57,0.6130434782608696,0.03260869565217391,0.7175884670983584,0.22208650002721697,0.0003855000250041485
94,Spambase,10,RandomFuzzyRules__max_rules__3,4141,460,57,0.6043478260869565,0.010869565217391304,0.6743301847561338,0.2163494999986142,0.00042339996434748173
94,Spambase,10,RandomFuzzyRules__max_rules__4,4141,460,57,0.6130434782608696,0.03260869565217391,0.6782609556624882,0.2376440999796614,0.0004482000367715955
94,Spambase,10,RandomFuzzyRules__max_rules__5,4141,460,57,0.6173913043478261,0.05376344086021505,0.6899047505891206,0.2511206000344828,0.0004558999789878726
94,Spambase,10,RandomFuzzyRules__max_rules__6,4141,460,57,0.6239130434782608,0.13930348258706465,0.7804510980415453,0.25652520009316504,0.0004504000535234809
94,Spambase,10,RandomFuzzyRules__max_rules__7,4141,460,57,0.6217391304347826,0.07446808510638298,0.6781421414285431,0.256372099975124,0.00046909996308386326
95,SPECT Heart,1,RandomFuzzyRules__max_rules__2,240,27,22,0.8148148148148148,0.8979591836734693,0.5,0.03836920007597655,0.00024149997625499964
95,SPECT Heart,1,RandomFuzzyRules__max_rules__3,240,27,22,0.6296296296296297,0.7222222222222223,0.6681818181818182,0.0500826999777928,0.00022110005374997854
95,SPECT Heart,1,RandomFuzzyRules__max_rules__4,240,27,22,0.6296296296296297,0.761904761904762,0.609090909090909,0.06101740000303835,0.00022139993961900473
95,SPECT Heart,1,RandomFuzzyRules__max_rules__5,240,27,22,0.7037037037037037,0.8095238095238095,0.75,0.05562189989723265,0.0002804000396281481
95,SPECT Heart,1,RandomFuzzyRules__max_rules__6,240,27,22,0.6666666666666666,0.7692307692307693,0.7,0.07009900000412017,0.00033009995240718126
95,SPECT Heart,1,RandomFuzzyRules__max_rules__7,240,27,22,0.6666666666666666,0.7804878048780488,0.5727272727272728,0.07139090006239712,0.00023819995112717152
95,SPECT Heart,2,RandomFuzzyRules__max_rules__2,240,27,22,0.8148148148148148,0.8979591836734693,0.5,0.042941899970173836,0.00022689998149871826
95,SPECT Heart,2,RandomFuzzyRules__max_rules__3,240,27,22,0.8148148148148148,0.8979591836734693,0.5,0.0476257000118494,0.0002324000233784318
95,SPECT Heart,2,RandomFuzzyRules__max_rules__4,240,27,22,0.8518518518518519,0.9047619047619048,0.7772727272727274,0.06495280005037785,0.00032029999420046806
95,SPECT Heart,2,RandomFuzzyRules__max_rules__5,240,27,22,0.8518518518518519,0.9047619047619048,0.840909090909091,0.06023880001157522,0.0002859999658539891
95,SPECT Heart,2,RandomFuzzyRules__max_rules__6,240,27,22,0.8148148148148148,0.8979591836734693,0.42272727272727273,0.05967950006015599,0.0003581999335438013
95,SPECT Heart,2,RandomFuzzyRules__max_rules__7,240,27,22,0.8518518518518519,0.9047619047619048,0.8727272727272729,0.06406410003546625,0.00042189995292574167
95,SPECT Heart,3,RandomFuzzyRules__max_rules__2,240,27,22,0.7777777777777778,0.8750000000000001,0.5,0.04247490002308041,0.0003209999995306134
95,SPECT Heart,3,RandomFuzzyRules__max_rules__3,240,27,22,0.7777777777777778,0.8750000000000001,0.5,0.04752290004398674,0.00032130000181496143
95,SPECT Heart,3,RandomFuzzyRules__max_rules__4,240,27,22,0.7777777777777778,0.8636363636363636,0.6349206349206349,0.048668700037524104,0.00027379998937249184
95,SPECT Heart,3,RandomFuzzyRules__max_rules__5,240,27,22,0.8148148148148148,0.888888888888889,0.7063492063492063,0.049996100016869605,0.0003053999971598387
95,SPECT Heart,3,RandomFuzzyRules__max_rules__6,240,27,22,0.7407407407407407,0.8292682926829269,0.6547619047619048,0.05982270010281354,0.00032789993565529585
95,SPECT Heart,3,RandomFuzzyRules__max_rules__7,240,27,22,0.7407407407407407,0.8444444444444444,0.5515873015873015,0.0679815000621602,0.0003220000071451068
95,SPECT Heart,4,RandomFuzzyRules__max_rules__2,240,27,22,0.7777777777777778,0.8750000000000001,0.5,0.04179439996369183,0.00027439999394118786
95,SPECT Heart,4,RandomFuzzyRules__max_rules__3,240,27,22,0.7777777777777778,0.8750000000000001,0.5,0.05493940005544573,0.00031569995917379856
95,SPECT Heart,4,RandomFuzzyRules__max_rules__4,240,27,22,0.8518518518518519,0.909090909090909,0.8928571428571428,0.052478000055998564,0.0003165999660268426
95,SPECT Heart,4,RandomFuzzyRules__max_rules__5,240,27,22,0.7777777777777778,0.8571428571428571,0.8214285714285714,0.05130270007066429,0.0003152999561280012
95,SPECT Heart,4,RandomFuzzyRules__max_rules__6,240,27,22,0.8148148148148148,0.888888888888889,0.6746031746031746,0.05390069994609803,0.0002722999779507518
95,SPECT Heart,4,RandomFuzzyRules__max_rules__7,240,27,22,0.7777777777777778,0.8571428571428571,0.7341269841269842,0.054993400000967085,0.0003266000421717763
95,SPECT Heart,5,RandomFuzzyRules__max_rules__2,240,27,22,0.7777777777777778,0.8750000000000001,0.5,0.04392229998484254,0.000332399969920516
95,SPECT Heart,5,RandomFuzzyRules__max_rules__3,240,27,22,0.7777777777777778,0.8750000000000001,0.5,0.04549109993968159,0.00028909998945891857
95,SPECT Heart,5,RandomFuzzyRules__max_rules__4,240,27,22,0.7777777777777778,0.8421052631578947,0.7817460317460319,0.04807020002044737,0.00031210004817694426
95,SPECT Heart,5,RandomFuzzyRules__max_rules__5,240,27,22,0.8888888888888888,0.9268292682926829,0.869047619047619,0.05009919998701662,0.00033219996839761734
95,SPECT Heart,5,RandomFuzzyRules__max_rules__6,240,27,22,0.7037037037037037,0.7894736842105262,0.6587301587301588,0.05307560006622225,0.00031489995308220387
95,SPECT Heart,5,RandomFuzzyRules__max_rules__7,240,27,22,0.7037037037037037,0.7777777777777778,0.7857142857142857,0.054148899973370135,0.00032320001628249884
95,SPECT Heart,6,RandomFuzzyRules__max_rules__2,240,27,22,0.7777777777777778,0.8750000000000001,0.5,0.041044100071303546,0.00026409991551190615
95,SPECT Heart,6,RandomFuzzyRules__max_rules__3,240,27,22,0.7777777777777778,0.8750000000000001,0.5,0.04534249997232109,0.00028719997499138117
95,SPECT Heart,6,RandomFuzzyRules__max_rules__4,240,27,22,0.7407407407407407,0.8292682926829269,0.7976190476190477,0.05984610004816204,0.0003170999698340893
95,SPECT Heart,6,RandomFuzzyRules__max_rules__5,240,27,22,0.6666666666666666,0.7692307692307692,0.623015873015873,0.05195939994882792,0.00031690008472651243
95,SPECT Heart,6,RandomFuzzyRules__max_rules__6,240,27,22,0.6666666666666666,0.7692307692307692,0.5912698412698414,0.04987029999028891,0.0002269999822601676
95,SPECT Heart,6,RandomFuzzyRules__max_rules__7,240,27,22,0.7037037037037037,0.8,0.6904761904761905,0.05457889998797327,0.0003168999683111906
95,SPECT Heart,7,RandomFuzzyRules__max_rules__2,240,27,22,0.7777777777777778,0.8750000000000001,0.5,0.042296800063923,0.0003016999689862132
95,SPECT Heart,7,RandomFuzzyRules__max_rules__3,240,27,22,0.7777777777777778,0.8750000000000001,0.5,0.042984799947589636,0.00022980000358074903
95,SPECT Heart,7,RandomFuzzyRules__max_rules__4,240,27,22,0.7777777777777778,0.8571428571428571,0.7063492063492064,0.048191500012762845,0.00033089995849877596
95,SPECT Heart,7,RandomFuzzyRules__max_rules__5,240,27,22,0.7777777777777778,0.8571428571428571,0.8452380952380952,0.050006299978122115,0.00030449999030679464
95,SPECT Heart,7,RandomFuzzyRules__max_rules__6,240,27,22,0.8148148148148148,0.8717948717948718,0.8134920634920635,0.05367740010842681,0.0003166000824421644
95,SPECT Heart,7,RandomFuzzyRules__max_rules__7,240,27,22,0.7777777777777778,0.8571428571428571,0.8095238095238095,0.05516780004836619,0.00031049991957843304
95,SPECT Heart,8,RandomFuzzyRules__max_rules__2,241,26,22,0.8076923076923077,0.8936170212765957,0.5,0.04198280000127852,0.00028719997499138117
95,SPECT Heart,8,RandomFuzzyRules__max_rules__3,241,26,22,0.8076923076923077,0.8936170212765957,0.5,0.046018399996683,0.00033329997677356005
95,SPECT Heart,8,RandomFuzzyRules__max_rules__4,241,26,22,0.7307692307692307,0.8205128205128205,0.7333333333333334,0.04867769998963922,0.0003143999492749572
95,SPECT Heart,8,RandomFuzzyRules__max_rules__5,241,26,22,0.8076923076923077,0.8780487804878048,0.7571428571428571,0.052224499988369644,0.00034030003007501364
95,SPECT Heart,8,RandomFuzzyRules__max_rules__6,241,26,22,0.7692307692307693,0.8500000000000001,0.7238095238095238,0.05253660003654659,0.0002346000401303172
95,SPECT Heart,8,RandomFuzzyRules__max_rules__7,241,26,22,0.8076923076923077,0.8780487804878048,0.8142857142857143,0.07717510010115802,0.0002864000853151083
95,SPECT Heart,9,RandomFuzzyRules__max_rules__2,241,26,22,0.8076923076923077,0.8936170212765957,0.5,0.04795459995511919,0.0003334000939503312
95,SPECT Heart,9,RandomFuzzyRules__max_rules__3,241,26,22,0.8076923076923077,0.8936170212765957,0.5,0.046511100023053586,0.00030720001086592674
95,SPECT Heart,9,RandomFuzzyRules__max_rules__4,241,26,22,0.9230769230769231,0.9523809523809523,0.9428571428571428,0.05413469998165965,0.00031729997135698795
95,SPECT Heart,9,RandomFuzzyRules__max_rules__5,241,26,22,0.9230769230769231,0.9545454545454545,0.9523809523809523,0.06511890003457665,0.0002565999748185277
95,SPECT Heart,9,RandomFuzzyRules__max_rules__6,241,26,22,0.8461538461538461,0.909090909090909,0.8761904761904762,0.05366230010986328,0.0003184000961482525
95,SPECT Heart,9,RandomFuzzyRules__max_rules__7,241,26,22,0.8846153846153846,0.9333333333333333,0.842857142857143,0.056547599961049855,0.00032540003303438425
95,SPECT Heart,10,RandomFuzzyRules__max_rules__2,241,26,22,0.8076923076923077,0.8936170212765957,0.5,0.05469729995820671,0.0003092000260949135
95,SPECT Heart,10,RandomFuzzyRules__max_rules__3,241,26,22,0.6153846153846154,0.7058823529411765,0.6857142857142857,0.0442009000107646,0.0002269999822601676
95,SPECT Heart,10,RandomFuzzyRules__max_rules__4,241,26,22,0.8076923076923077,0.8717948717948718,0.8571428571428572,0.04947990004438907,0.000332699972204864
95,SPECT Heart,10,RandomFuzzyRules__max_rules__5,241,26,22,0.7692307692307693,0.8500000000000001,0.8095238095238095,0.0524409000063315,0.00028929999098181725
95,SPECT Heart,10,RandomFuzzyRules__max_rules__6,241,26,22,0.6538461538461539,0.7692307692307692,0.6714285714285715,0.050878799986094236,0.00032110000029206276
95,SPECT Heart,10,RandomFuzzyRules__max_rules__7,241,26,22,0.7692307692307693,0.8500000000000001,0.7904761904761904,0.05555900000035763,0.0003189999843016267
105,Congressional Voting Records,1,RandomFuzzyRules__max_rules__2,391,44,16,0.9545454545454546,0.9444444444444444,0.962962962962963,0.05702579999342561,0.00035589991603046656
105,Congressional Voting Records,1,RandomFuzzyRules__max_rules__3,391,44,16,0.9545454545454546,0.9444444444444444,0.962962962962963,0.05318190006073564,0.00022799998987466097
105,Congressional Voting Records,1,RandomFuzzyRules__max_rules__4,391,44,16,0.9545454545454546,0.9444444444444444,0.962962962962963,0.06340320000890642,0.00034060003235936165
105,Congressional Voting Records,1,RandomFuzzyRules__max_rules__5,391,44,16,0.9545454545454546,0.9444444444444444,0.962962962962963,0.07897470006719232,0.00036339997313916683
105,Congressional Voting Records,1,RandomFuzzyRules__max_rules__6,391,44,16,0.9545454545454546,0.9444444444444444,0.962962962962963,0.065899399924092,0.0003426000475883484
105,Congressional Voting Records,1,RandomFuzzyRules__max_rules__7,391,44,16,0.9545454545454546,0.9444444444444444,0.962962962962963,0.07080720004159957,0.0006401999853551388
105,Congressional Voting Records,2,RandomFuzzyRules__max_rules__2,391,44,16,0.9772727272727273,0.9714285714285714,0.9814814814814815,0.052652699989266694,0.00032220000866800547
105,Congressional Voting Records,2,RandomFuzzyRules__max_rules__3,391,44,16,0.9772727272727273,0.9714285714285714,0.9814814814814815,0.05547879997175187,0.0003519000019878149
105,Congressional Voting Records,2,RandomFuzzyRules__max_rules__4,391,44,16,0.9772727272727273,0.9714285714285714,0.9814814814814815,0.06707129999995232,0.0003151999553665519
105,Congressional Voting Records,2,RandomFuzzyRules__max_rules__5,391,44,16,0.9772727272727273,0.9714285714285714,0.9814814814814815,0.061676800018176436,0.00034110003616660833
105,Congressional Voting Records,2,RandomFuzzyRules__max_rules__6,391,44,16,0.9772727272727273,0.9714285714285714,0.9814814814814815,0.06780459999572486,0.0003200999926775694
105,Congressional Voting Records,2,RandomFuzzyRules__max_rules__7,391,44,16,0.9772727272727273,0.9714285714285714,0.9814814814814815,0.06995150004513562,0.00033730000723153353
105,Congressional Voting Records,3,RandomFuzzyRules__max_rules__2,391,44,16,0.9772727272727273,0.9696969696969697,0.9705882352941176,0.05464710004162043,0.0003331999760121107
105,Congressional Voting Records,3,RandomFuzzyRules__max_rules__3,391,44,16,0.9772727272727273,0.9696969696969697,0.9705882352941176,0.058802499901503325,0.0003349999897181988
105,Congressional Voting Records,3,RandomFuzzyRules__max_rules__4,391,44,16,0.9772727272727273,0.9696969696969697,0.9705882352941176,0.056296000024303794,0.0003360999980941415
105,Congressional Voting Records,3,RandomFuzzyRules__max_rules__5,391,44,16,0.9772727272727273,0.9696969696969697,0.9705882352941176,0.06677879998460412,0.0002962000435218215
105,Congressional Voting Records,3,RandomFuzzyRules__max_rules__6,391,44,16,0.9772727272727273,0.9696969696969697,0.9705882352941176,0.06701160001102835,0.00034149992279708385
105,Congressional Voting Records,3,RandomFuzzyRules__max_rules__7,391,44,16,0.9772727272727273,0.9696969696969697,0.9705882352941176,0.07278849999420345,0.0003266999265179038
105,Congressional Voting Records,4,RandomFuzzyRules__max_rules__2,391,44,16,0.9090909090909091,0.8888888888888888,0.9248366013071895,0.051805100054480135,0.00034719996619969606
105,Congressional Voting Records,4,RandomFuzzyRules__max_rules__3,391,44,16,0.9090909090909091,0.8888888888888888,0.9248366013071895,0.05870130006223917,0.00033760000951588154
105,Congressional Voting Records,4,RandomFuzzyRules__max_rules__4,391,44,16,0.9318181818181818,0.9142857142857143,0.9335511982570807,0.06167439999990165,0.0002802999224513769
105,Congressional Voting Records,4,RandomFuzzyRules__max_rules__5,391,44,16,0.9318181818181818,0.9142857142857143,0.9335511982570807,0.06291069998405874,0.0002445999998599291
105,Congressional Voting Records,4,RandomFuzzyRules__max_rules__6,391,44,16,0.9318181818181818,0.9142857142857143,0.9335511982570807,0.07443699997384101,0.00028010003734380007
105,Congressional Voting Records,4,RandomFuzzyRules__max_rules__7,391,44,16,0.9318181818181818,0.9142857142857143,0.9335511982570807,0.07845809997525066,0.00027600000612437725
105,Congressional Voting Records,5,RandomFuzzyRules__max_rules__2,391,44,16,0.9318181818181818,0.9189189189189189,0.9444444444444444,0.043525799992494285,0.0002226999495178461
105,Congressional Voting Records,5,RandomFuzzyRules__max_rules__3,391,44,16,0.9318181818181818,0.9189189189189189,0.9444444444444444,0.06787810008972883,0.0002945999149233103
105,Congressional Voting Records,5,RandomFuzzyRules__max_rules__4,391,44,16,0.9318181818181818,0.9189189189189189,0.9444444444444444,0.07197289995383471,0.00030559999868273735
105,Congressional Voting Records,5,RandomFuzzyRules__max_rules__5,391,44,16,0.9318181818181818,0.9189189189189189,0.9444444444444444,0.07703109993599355,0.00029720005113631487
105,Congressional Voting Records,5,RandomFuzzyRules__max_rules__6,391,44,16,0.9318181818181818,0.9189189189189189,0.9444444444444444,0.07473210000898689,0.00023140001576393843
105,Congressional Voting Records,5,RandomFuzzyRules__max_rules__7,391,44,16,0.9318181818181818,0.9189189189189189,0.9444444444444444,0.07117779995314777,0.0002821999369189143
105,Congressional Voting Records,6,RandomFuzzyRules__max_rules__2,392,43,16,0.9302325581395349,0.9189189189189189,0.9423076923076923,0.07043259998317808,0.0002699000760912895
105,Congressional Voting Records,6,RandomFuzzyRules__max_rules__3,392,43,16,0.9302325581395349,0.9189189189189189,0.9423076923076923,0.05573799996636808,0.00030069996137171984
105,Congressional Voting Records,6,RandomFuzzyRules__max_rules__4,392,43,16,0.9302325581395349,0.9189189189189189,0.9423076923076923,0.058640999952331185,0.00030960002914071083
105,Congressional Voting Records,6,RandomFuzzyRules__max_rules__5,392,43,16,0.9302325581395349,0.9189189189189189,0.9423076923076923,0.0743650000076741,0.00033730000723153353
105,Congressional Voting Records,6,RandomFuzzyRules__max_rules__6,392,43,16,0.9302325581395349,0.9189189189189189,0.9423076923076923,0.07386389991734177,0.00028280005790293217
105,Congressional Voting Records,6,RandomFuzzyRules__max_rules__7,392,43,16,0.9302325581395349,0.9189189189189189,0.9423076923076923,0.06139480008278042,0.0003263999242335558
105,Congressional Voting Records,7,RandomFuzzyRules__max_rules__2,392,43,16,1.0,1.0,1.0,0.050790000008419156,0.0003026999766007066
105,Congressional Voting Records,7,RandomFuzzyRules__max_rules__3,392,43,16,1.0,1.0,1.0,0.053650899906642735,0.0002791000297293067
105,Congressional Voting Records,7,RandomFuzzyRules__max_rules__4,392,43,16,1.0,1.0,1.0,0.05970420001540333,0.0003011999651789665
105,Congressional Voting Records,7,RandomFuzzyRules__max_rules__5,392,43,16,1.0,1.0,1.0,0.05651839997153729,0.0003424000460654497
105,Congressional Voting Records,7,RandomFuzzyRules__max_rules__6,392,43,16,1.0,1.0,1.0,0.058302100049331784,0.0003277999348938465
105,Congressional Voting Records,7,RandomFuzzyRules__max_rules__7,392,43,16,1.0,1.0,1.0,0.06077810004353523,0.00032400002237409353
105,Congressional Voting Records,8,RandomFuzzyRules__max_rules__2,392,43,16,1.0,1.0,1.0,0.04847480007447302,0.0002649999223649502
105,Congressional Voting Records,8,RandomFuzzyRules__max_rules__3,392,43,16,1.0,1.0,1.0,0.0649988999357447,0.00031050003599375486
105,Congressional Voting Records,8,RandomFuzzyRules__max_rules__4,392,43,16,1.0,1.0,1.0,0.07291989994700998,0.0002935000229626894
105,Congressional Voting Records,8,RandomFuzzyRules__max_rules__5,392,43,16,1.0,1.0,1.0,0.06279000011272728,0.00029880006331950426
105,Congressional Voting Records,8,RandomFuzzyRules__max_rules__6,392,43,16,1.0,1.0,1.0,0.057943299994803965,0.0003209999995306134
105,Congressional Voting Records,8,RandomFuzzyRules__max_rules__7,392,43,16,1.0,1.0,1.0,0.06056930008344352,0.0003375998931005597
105,Congressional Voting Records,9,RandomFuzzyRules__max_rules__2,392,43,16,1.0,1.0,1.0,0.05514110007788986,0.00030500011052936316
105,Congressional Voting Records,9,RandomFuzzyRules__max_rules__3,392,43,16,1.0,1.0,1.0,0.05226350005250424,0.00024179997853934765
105,Congressional Voting Records,9,RandomFuzzyRules__max_rules__4,392,43,16,1.0,1.0,1.0,0.054200900020077825,0.000292200013063848
105,Congressional Voting Records,9,RandomFuzzyRules__max_rules__5,392,43,16,1.0,1.0,1.0,0.060337299946695566,0.0003229000139981508
105,Congressional Voting Records,9,RandomFuzzyRules__max_rules__6,392,43,16,1.0,1.0,1.0,0.0686308000003919,0.0003325999714434147
105,Congressional Voting Records,9,RandomFuzzyRules__max_rules__7,392,43,16,1.0,1.0,1.0,0.07086670002900064,0.00029250001534819603
105,Congressional Voting Records,10,RandomFuzzyRules__max_rules__2,392,43,16,0.8604651162790697,0.8125,0.8506944444444443,0.0648815999738872,0.0002742999931797385
105,Congressional Voting Records,10,RandomFuzzyRules__max_rules__3,392,43,16,0.8604651162790697,0.8125,0.8506944444444443,0.05079040001146495,0.0003073000116273761
105,Congressional Voting Records,10,RandomFuzzyRules__max_rules__4,392,43,16,0.8604651162790697,0.8125,0.8506944444444443,0.06625619996339083,0.000304599991068244
105,Congressional Voting Records,10,RandomFuzzyRules__max_rules__5,392,43,16,0.8604651162790697,0.8125,0.8506944444444443,0.06590130005497485,0.0002954999217763543
105,Congressional Voting Records,10,RandomFuzzyRules__max_rules__6,392,43,16,0.8604651162790697,0.8125,0.8506944444444443,0.061149399960413575,0.0003342001000419259
105,Congressional Voting Records,10,RandomFuzzyRules__max_rules__7,392,43,16,0.8604651162790697,0.8125,0.8506944444444443,0.06536740006413311,0.0002999999560415745
144,Statlog (German Credit Data),1,RandomFuzzyRules__max_rules__2,900,100,20,0.7,0.423076923076923,0.6047619047619048,0.07339889998547733,0.0002834000624716282
144,Statlog (German Credit Data),1,RandomFuzzyRules__max_rules__3,900,100,20,0.7,0.423076923076923,0.6047619047619048,0.07623520004563034,0.00025049992837011814
144,Statlog (German Credit Data),1,RandomFuzzyRules__max_rules__4,900,100,20,0.7,0.423076923076923,0.6047619047619048,0.07686109992209822,0.0003541000187397003
144,Statlog (German Credit Data),1,RandomFuzzyRules__max_rules__5,900,100,20,0.67,0.2978723404255319,0.5626190476190476,0.08707820007111877,0.0003369998885318637
144,Statlog (German Credit Data),1,RandomFuzzyRules__max_rules__6,900,100,20,0.73,0.37209302325581395,0.5976190476190476,0.09297810005955398,0.00037189992144703865
144,Statlog (German Credit Data),1,RandomFuzzyRules__max_rules__7,900,100,20,0.67,0.2978723404255319,0.5626190476190476,0.0938518000766635,0.000345699954777956
144,Statlog (German Credit Data),2,RandomFuzzyRules__max_rules__2,900,100,20,0.77,0.5106382978723405,0.6642857142857143,0.07167760003358126,0.00033430010080337524
144,Statlog (German Credit Data),2,RandomFuzzyRules__max_rules__3,900,100,20,0.77,0.5106382978723405,0.6642857142857143,0.07866839994676411,0.0003252000315114856
144,Statlog (German Credit Data),2,RandomFuzzyRules__max_rules__4,900,100,20,0.77,0.5106382978723405,0.6642857142857143,0.09169399994425476,0.000403400044888258
144,Statlog (German Credit Data),2,RandomFuzzyRules__max_rules__5,900,100,20,0.73,0.4,0.6638095238095238,0.08560400002170354,0.0003432000521570444
144,Statlog (German Credit Data),2,RandomFuzzyRules__max_rules__6,900,100,20,0.79,0.5116279069767441,0.6690476190476191,0.0818299000384286,0.00025679997634142637
144,Statlog (German Credit Data),2,RandomFuzzyRules__max_rules__7,900,100,20,0.73,0.4,0.6638095238095238,0.08861520001664758,0.0003437000559642911
144,Statlog (German Credit Data),3,RandomFuzzyRules__max_rules__2,900,100,20,0.71,0.4313725490196078,0.611904761904762,0.07403160003013909,0.00033059995621442795
144,Statlog (German Credit Data),3,RandomFuzzyRules__max_rules__3,900,100,20,0.71,0.4313725490196078,0.611904761904762,0.07312070007901639,0.0003622999647632241
144,Statlog (German Credit Data),3,RandomFuzzyRules__max_rules__4,900,100,20,0.71,0.4313725490196078,0.611904761904762,0.08488280000165105,0.00035370001569390297
144,Statlog (German Credit Data),3,RandomFuzzyRules__max_rules__5,900,100,20,0.7,0.423076923076923,0.6073809523809525,0.09038629999849945,0.00034959998447448015
144,Statlog (German Credit Data),3,RandomFuzzyRules__max_rules__6,900,100,20,0.72,0.36363636363636365,0.5904761904761905,0.09090050007216632,0.00030499999411404133
144,Statlog (German Credit Data),3,RandomFuzzyRules__max_rules__7,900,100,20,0.72,0.36363636363636365,0.5904761904761905,0.09025050001218915,0.00034660007804632187
144,Statlog (German Credit Data),4,RandomFuzzyRules__max_rules__2,900,100,20,0.71,0.4727272727272728,0.6309523809523809,0.0705800000578165,0.0002927000168710947
144,Statlog (German Credit Data),4,RandomFuzzyRules__max_rules__3,900,100,20,0.71,0.4727272727272728,0.6309523809523809,0.07980109995696694,0.00032730004750192165
144,Statlog (German Credit Data),4,RandomFuzzyRules__max_rules__4,900,100,20,0.71,0.4727272727272728,0.6309523809523809,0.08095209999009967,0.0003421999281272292
144,Statlog (German Credit Data),4,RandomFuzzyRules__max_rules__5,900,100,20,0.7,0.4642857142857143,0.6238095238095238,0.0833254000172019,0.0003226000117138028
144,Statlog (German Credit Data),4,RandomFuzzyRules__max_rules__6,900,100,20,0.71,0.3829787234042553,0.5928571428571429,0.08517770003527403,0.0003400000277906656
144,Statlog (German Credit Data),4,RandomFuzzyRules__max_rules__7,900,100,20,0.71,0.3829787234042553,0.5928571428571429,0.08948429999873042,0.0003445000620558858
144,Statlog (German Credit Data),5,RandomFuzzyRules__max_rules__2,900,100,20,0.73,0.42553191489361697,0.6166666666666667,0.07779659994412214,0.0003264000406488776
144,Statlog (German Credit Data),5,RandomFuzzyRules__max_rules__3,900,100,20,0.73,0.42553191489361697,0.6166666666666667,0.08588559995405376,0.00035260000731796026
144,Statlog (German Credit Data),5,RandomFuzzyRules__max_rules__4,900,100,20,0.73,0.42553191489361697,0.6166666666666667,0.07530060003045946,0.0003521000035107136
144,Statlog (German Credit Data),5,RandomFuzzyRules__max_rules__5,900,100,20,0.71,0.3555555555555555,0.603095238095238,0.08606010000221431,0.00034570007119327784
144,Statlog (German Credit Data),5,RandomFuzzyRules__max_rules__6,900,100,20,0.75,0.3902439024390244,0.6119047619047618,0.0834697000682354,0.00034369993954896927
144,Statlog (German Credit Data),5,RandomFuzzyRules__max_rules__7,900,100,20,0.75,0.3902439024390244,0.6119047619047618,0.09554930008016527,0.0003344001015648246
144,Statlog (German Credit Data),6,RandomFuzzyRules__max_rules__2,900,100,20,0.75,0.46808510638297873,0.6404761904761904,0.06379099993500859,0.00033629999961704016
144,Statlog (German Credit Data),6,RandomFuzzyRules__max_rules__3,900,100,20,0.75,0.46808510638297873,0.6404761904761904,0.06205579999368638,0.00025749998167157173
144,Statlog (German Credit Data),6,RandomFuzzyRules__max_rules__4,900,100,20,0.75,0.46808510638297873,0.6404761904761904,0.09598779992666095,0.00029580004047602415
144,Statlog (German Credit Data),6,RandomFuzzyRules__max_rules__5,900,100,20,0.72,0.36363636363636365,0.6128571428571429,0.09022160002496094,0.00024069997016340494
144,Statlog (German Credit Data),6,RandomFuzzyRules__max_rules__6,900,100,20,0.74,0.4090909090909091,0.6142857142857143,0.12437259999569505,0.00032750004902482033
144,Statlog (German Credit Data),6,RandomFuzzyRules__max_rules__7,900,100,20,0.74,0.4090909090909091,0.6142857142857143,0.09480800002347678,0.00026000000070780516
144,Statlog (German Credit Data),7,RandomFuzzyRules__max_rules__2,900,100,20,0.65,0.25531914893617025,0.5214285714285714,0.07961270003579557,0.00029630004428327084
144,Statlog (German Credit Data),7,RandomFuzzyRules__max_rules__3,900,100,20,0.65,0.25531914893617025,0.5214285714285714,0.07301640009973198,0.0002359000500291586
144,Statlog (German Credit Data),7,RandomFuzzyRules__max_rules__4,900,100,20,0.65,0.25531914893617025,0.5214285714285714,0.09209110005758703,0.0005107999313622713
144,Statlog (German Credit Data),7,RandomFuzzyRules__max_rules__5,900,100,20,0.65,0.25531914893617025,0.5173809523809525,0.096069399965927,0.0003434000536799431
144,Statlog (German Credit Data),7,RandomFuzzyRules__max_rules__6,900,100,20,0.66,0.15,0.5,0.08797829994000494,0.0003621000796556473
144,Statlog (German Credit Data),7,RandomFuzzyRules__max_rules__7,900,100,20,0.66,0.15,0.5,0.08410690003074706,0.00025290006306022406
144,Statlog (German Credit Data),8,RandomFuzzyRules__max_rules__2,900,100,20,0.72,0.4814814814814815,0.638095238095238,0.07547360006719828,0.0003056999994441867
144,Statlog (German Credit Data),8,RandomFuzzyRules__max_rules__3,900,100,20,0.64,0.33333333333333326,0.5428571428571428,0.08169000002089888,0.0003412999212741852
144,Statlog (German Credit Data),8,RandomFuzzyRules__max_rules__4,900,100,20,0.72,0.4814814814814815,0.638095238095238,0.08264699997380376,0.00031849998049438
144,Statlog (German Credit Data),8,RandomFuzzyRules__max_rules__5,900,100,20,0.72,0.4814814814814815,0.626904761904762,0.12429209996480495,0.0003315000794827938
144,Statlog (German Credit Data),8,RandomFuzzyRules__max_rules__6,900,100,20,0.73,0.4,0.6071428571428572,0.09198540006764233,0.0003364000003784895
144,Statlog (German Credit Data),8,RandomFuzzyRules__max_rules__7,900,100,20,0.73,0.4,0.6071428571428572,0.09429939999245107,0.0003253000322729349
144,Statlog (German Credit Data),9,RandomFuzzyRules__max_rules__2,900,100,20,0.72,0.43999999999999995,0.6190476190476191,0.0752632999792695,0.0003007999621331692
144,Statlog (German Credit Data),9,RandomFuzzyRules__max_rules__3,900,100,20,0.75,0.32432432432432434,0.6197619047619048,0.07052019995171577,0.00030319998040795326
144,Statlog (German Credit Data),9,RandomFuzzyRules__max_rules__4,900,100,20,0.76,0.5714285714285715,0.6952380952380952,0.08868220006115735,0.00032430002465844154
144,Statlog (German Credit Data),9,RandomFuzzyRules__max_rules__5,900,100,20,0.75,0.35897435897435903,0.6361904761904762,0.08978110004682094,0.00036339997313916683
144,Statlog (German Credit Data),9,RandomFuzzyRules__max_rules__6,900,100,20,0.72,0.3913043478260869,0.6000000000000001,0.10729129996616393,0.0003016000846400857
144,Statlog (German Credit Data),9,RandomFuzzyRules__max_rules__7,900,100,20,0.72,0.3913043478260869,0.6000000000000001,0.08435490005649626,0.0003410999197512865
144,Statlog (German Credit Data),10,RandomFuzzyRules__max_rules__2,900,100,20,0.73,0.4,0.6071428571428572,0.07288760005030781,0.0003355999942868948
144,Statlog (German Credit Data),10,RandomFuzzyRules__max_rules__3,900,100,20,0.77,0.5490196078431373,0.6833333333333333,0.07808959996327758,0.00034490006510168314
144,Statlog (German Credit Data),10,RandomFuzzyRules__max_rules__4,900,100,20,0.77,0.5490196078431373,0.6833333333333333,0.08461779996287078,0.000291300006210804
144,Statlog (German Credit Data),10,RandomFuzzyRules__max_rules__5,900,100,20,0.76,0.5,0.6676190476190477,0.11672970000654459,0.000323199899867177
144,Statlog (German Credit Data),10,RandomFuzzyRules__max_rules__6,900,100,20,0.71,0.29268292682926833,0.5642857142857143,0.10498689999803901,0.0003649999853223562
144,Statlog (German Credit Data),10,RandomFuzzyRules__max_rules__7,900,100,20,0.71,0.29268292682926833,0.5642857142857143,0.08450600004289299,0.00031839997973293066
151,"Connectionist Bench (Sonar, Mines vs. Rocks)",1,RandomFuzzyRules__max_rules__2,187,21,60,0.6666666666666666,0.588235294117647,0.7818181818181819,0.05398849991615862,0.0002906000008806586
151,"Connectionist Bench (Sonar, Mines vs. Rocks)",1,RandomFuzzyRules__max_rules__3,187,21,60,0.8095238095238095,0.7499999999999999,0.8818181818181818,0.045453200000338256,0.00021970004308968782
151,"Connectionist Bench (Sonar, Mines vs. Rocks)",1,RandomFuzzyRules__max_rules__4,187,21,60,0.8571428571428571,0.8235294117647058,0.9,0.047178099979646504,0.000314100063405931
151,"Connectionist Bench (Sonar, Mines vs. Rocks)",1,RandomFuzzyRules__max_rules__5,187,21,60,0.8095238095238095,0.7777777777777777,0.8363636363636363,0.05781219992786646,0.0003532000118866563
151,"Connectionist Bench (Sonar, Mines vs. Rocks)",1,RandomFuzzyRules__max_rules__6,187,21,60,0.8571428571428571,0.8235294117647058,0.8909090909090909,0.0572951000649482,0.0003396999090909958
151,"Connectionist Bench (Sonar, Mines vs. Rocks)",1,RandomFuzzyRules__max_rules__7,187,21,60,0.7619047619047619,0.6666666666666666,0.7636363636363636,0.05603390000760555,0.0003163999645039439
151,"Connectionist Bench (Sonar, Mines vs. Rocks)",2,RandomFuzzyRules__max_rules__2,187,21,60,0.8095238095238095,0.7499999999999999,0.8363636363636364,0.03988309996202588,0.0002992000663653016
151,"Connectionist Bench (Sonar, Mines vs. Rocks)",2,RandomFuzzyRules__max_rules__3,187,21,60,0.6666666666666666,0.631578947368421,0.8090909090909091,0.04647229996044189,0.00041370000690221786
151,"Connectionist Bench (Sonar, Mines vs. Rocks)",2,RandomFuzzyRules__max_rules__4,187,21,60,0.7619047619047619,0.7826086956521738,0.8363636363636363,0.04838799999561161,0.0003205999964848161
151,"Connectionist Bench (Sonar, Mines vs. Rocks)",2,RandomFuzzyRules__max_rules__5,187,21,60,0.8095238095238095,0.7499999999999999,0.8363636363636364,0.06319950008764863,0.0003236000193282962
151,"Connectionist Bench (Sonar, Mines vs. Rocks)",2,RandomFuzzyRules__max_rules__6,187,21,60,0.8095238095238095,0.8181818181818182,0.8727272727272727,0.0705777999246493,0.0003237000200897455
151,"Connectionist Bench (Sonar, Mines vs. Rocks)",2,RandomFuzzyRules__max_rules__7,187,21,60,0.7619047619047619,0.7826086956521738,0.8363636363636363,0.052886700024828315,0.00023559993132948875
151,"Connectionist Bench (Sonar, Mines vs. Rocks)",3,RandomFuzzyRules__max_rules__2,187,21,60,0.5714285714285714,0.18181818181818182,0.4090909090909091,0.04246719996444881,0.00028010003734380007
151,"Connectionist Bench (Sonar, Mines vs. Rocks)",3,RandomFuzzyRules__max_rules__3,187,21,60,0.5714285714285714,0.18181818181818182,0.5818181818181818,0.044787999941036105,0.0003170999698340893
151,"Connectionist Bench (Sonar, Mines vs. Rocks)",3,RandomFuzzyRules__max_rules__4,187,21,60,0.5714285714285714,0.18181818181818182,0.6090909090909091,0.05122050002682954,0.0002606000052765012
151,"Connectionist Bench (Sonar, Mines vs. Rocks)",3,RandomFuzzyRules__max_rules__5,187,21,60,0.5714285714285714,0.18181818181818182,0.4090909090909091,0.05796070001088083,0.00030970002990216017
151,"Connectionist Bench (Sonar, Mines vs. Rocks)",3,RandomFuzzyRules__max_rules__6,187,21,60,0.5714285714285714,0.18181818181818182,0.6181818181818182,0.06222870002966374,0.00031159992795437574
151,"Connectionist Bench (Sonar, Mines vs. Rocks)",3,RandomFuzzyRules__max_rules__7,187,21,60,0.5714285714285714,0.18181818181818182,0.6181818181818182,0.062177699990570545,0.0003146000672131777
151,"Connectionist Bench (Sonar, Mines vs. Rocks)",4,RandomFuzzyRules__max_rules__2,187,21,60,0.8095238095238095,0.8000000000000002,0.8727272727272727,0.049099499941803515,0.000278300023637712
151,"Connectionist Bench (Sonar, Mines vs. Rocks)",4,RandomFuzzyRules__max_rules__3,187,21,60,0.8095238095238095,0.8000000000000002,0.8727272727272727,0.04852199996821582,0.0003261999227106571
151,"Connectionist Bench (Sonar, Mines vs. Rocks)",4,RandomFuzzyRules__max_rules__4,187,21,60,0.8095238095238095,0.8000000000000002,0.8818181818181818,0.056538600008934736,0.0002976999385282397
151,"Connectionist Bench (Sonar, Mines vs. Rocks)",4,RandomFuzzyRules__max_rules__5,187,21,60,0.8095238095238095,0.8000000000000002,0.8636363636363635,0.059162699966691434,0.0003250000299885869
151,"Connectionist Bench (Sonar, Mines vs. Rocks)",4,RandomFuzzyRules__max_rules__6,187,21,60,0.8095238095238095,0.8000000000000002,0.8727272727272728,0.05160550004802644,0.00025050004478543997
151,"Connectionist Bench (Sonar, Mines vs. Rocks)",4,RandomFuzzyRules__max_rules__7,187,21,60,0.8095238095238095,0.8000000000000002,0.8818181818181818,0.05895080009941012,0.00031679996754974127
151,"Connectionist Bench (Sonar, Mines vs. Rocks)",5,RandomFuzzyRules__max_rules__2,187,21,60,0.5714285714285714,0.5714285714285713,0.5,0.04909159999806434,0.0002935000229626894
151,"Connectionist Bench (Sonar, Mines vs. Rocks)",5,RandomFuzzyRules__max_rules__3,187,21,60,0.6190476190476191,0.6363636363636365,0.5727272727272728,0.054329499951563776,0.0002933000214397907
151,"Connectionist Bench (Sonar, Mines vs. Rocks)",5,RandomFuzzyRules__max_rules__4,187,21,60,0.6190476190476191,0.6363636363636365,0.6727272727272728,0.06682419998105615,0.00028629996813833714
151,"Connectionist Bench (Sonar, Mines vs. Rocks)",5,RandomFuzzyRules__max_rules__5,187,21,60,0.6190476190476191,0.5555555555555556,0.5909090909090908,0.07359620009083301,0.00025489996187388897
151,"Connectionist Bench (Sonar, Mines vs. Rocks)",5,RandomFuzzyRules__max_rules__6,187,21,60,0.5714285714285714,0.5714285714285713,0.6,0.06753239990212023,0.00042100006248801947
151,"Connectionist Bench (Sonar, Mines vs. Rocks)",5,RandomFuzzyRules__max_rules__7,187,21,60,0.5714285714285714,0.5714285714285713,0.6000000000000001,0.07903560006525367,0.0003277999348938465
151,"Connectionist Bench (Sonar, Mines vs. Rocks)",6,RandomFuzzyRules__max_rules__2,187,21,60,0.8095238095238095,0.8000000000000002,0.8818181818181818,0.037989099975675344,0.00032029999420046806
151,"Connectionist Bench (Sonar, Mines vs. Rocks)",6,RandomFuzzyRules__max_rules__3,187,21,60,0.7619047619047619,0.7368421052631577,0.8363636363636364,0.05405749997589737,0.00027630000840872526
151,"Connectionist Bench (Sonar, Mines vs. Rocks)",6,RandomFuzzyRules__max_rules__4,187,21,60,0.8571428571428571,0.8571428571428572,0.881818181818182,0.053282300010323524,0.00022529996931552887
151,"Connectionist Bench (Sonar, Mines vs. Rocks)",6,RandomFuzzyRules__max_rules__5,187,21,60,0.8095238095238095,0.8000000000000002,0.8818181818181818,0.06757630000356585,0.0003342999843880534
151,"Connectionist Bench (Sonar, Mines vs. Rocks)",6,RandomFuzzyRules__max_rules__6,187,21,60,0.8571428571428571,0.8571428571428572,0.8909090909090909,0.06462000007741153,0.00043809995986521244
151,"Connectionist Bench (Sonar, Mines vs. Rocks)",6,RandomFuzzyRules__max_rules__7,187,21,60,0.7619047619047619,0.7826086956521738,0.8181818181818181,0.05494649999309331,0.00029090000316500664
151,"Connectionist Bench (Sonar, Mines vs. Rocks)",7,RandomFuzzyRules__max_rules__2,187,21,60,0.6666666666666666,0.588235294117647,0.8363636363636363,0.0475565999513492,0.0002761000068858266
151,"Connectionist Bench (Sonar, Mines vs. Rocks)",7,RandomFuzzyRules__max_rules__3,187,21,60,0.7142857142857143,0.625,0.8090909090909091,0.04944690002594143,0.00027769990265369415
151,"Connectionist Bench (Sonar, Mines vs. Rocks)",7,RandomFuzzyRules__max_rules__4,187,21,60,0.8571428571428571,0.8571428571428572,0.8545454545454545,0.05060160008724779,0.0002778999041765928
151,"Connectionist Bench (Sonar, Mines vs. Rocks)",7,RandomFuzzyRules__max_rules__5,187,21,60,0.8571428571428571,0.8235294117647058,0.9090909090909091,0.0471622000914067,0.0002479000249877572
151,"Connectionist Bench (Sonar, Mines vs. Rocks)",7,RandomFuzzyRules__max_rules__6,187,21,60,0.6666666666666666,0.588235294117647,0.8272727272727273,0.06017239997163415,0.0002562999725341797
151,"Connectionist Bench (Sonar, Mines vs. Rocks)",7,RandomFuzzyRules__max_rules__7,187,21,60,0.6666666666666666,0.631578947368421,0.7999999999999999,0.08329590002540499,0.00023999996483325958
151,"Connectionist Bench (Sonar, Mines vs. Rocks)",8,RandomFuzzyRules__max_rules__2,187,21,60,0.7619047619047619,0.6666666666666667,0.7314814814814814,0.051360800047405064,0.0002761000068858266
151,"Connectionist Bench (Sonar, Mines vs. Rocks)",8,RandomFuzzyRules__max_rules__3,187,21,60,0.7142857142857143,0.5714285714285714,0.7592592592592591,0.049152999999932945,0.00032549991738051176
151,"Connectionist Bench (Sonar, Mines vs. Rocks)",8,RandomFuzzyRules__max_rules__4,187,21,60,0.7142857142857143,0.5714285714285714,0.8148148148148148,0.05530230002477765,0.0003412999212741852
151,"Connectionist Bench (Sonar, Mines vs. Rocks)",8,RandomFuzzyRules__max_rules__5,187,21,60,0.7619047619047619,0.6666666666666667,0.7314814814814814,0.06546489999163896,0.0002894999925047159
151,"Connectionist Bench (Sonar, Mines vs. Rocks)",8,RandomFuzzyRules__max_rules__6,187,21,60,0.7142857142857143,0.5714285714285714,0.7685185185185184,0.07055129995569587,0.00029639992862939835
151,"Connectionist Bench (Sonar, Mines vs. Rocks)",8,RandomFuzzyRules__max_rules__7,187,21,60,0.6666666666666666,0.5882352941176471,0.7777777777777777,0.0706828999100253,0.0003026999766007066
151,"Connectionist Bench (Sonar, Mines vs. Rocks)",9,RandomFuzzyRules__max_rules__2,188,20,60,0.65,0.5333333333333333,0.6363636363636362,0.05058100004680455,0.00024079997092485428
151,"Connectionist Bench (Sonar, Mines vs. Rocks)",9,RandomFuzzyRules__max_rules__3,188,20,60,0.65,0.5333333333333333,0.5151515151515151,0.05373769998550415,0.0003564999205991626
151,"Connectionist Bench (Sonar, Mines vs. Rocks)",9,RandomFuzzyRules__max_rules__4,188,20,60,0.7,0.6250000000000001,0.5555555555555556,0.057318100007250905,0.00034520006738603115
151,"Connectionist Bench (Sonar, Mines vs. Rocks)",9,RandomFuzzyRules__max_rules__5,188,20,60,0.65,0.5333333333333333,0.6363636363636362,0.05939130007755011,0.0002997000701725483
151,"Connectionist Bench (Sonar, Mines vs. Rocks)",9,RandomFuzzyRules__max_rules__6,188,20,60,0.65,0.5333333333333333,0.5151515151515151,0.06913100008387119,0.000255499966442585
151,"Connectionist Bench (Sonar, Mines vs. Rocks)",9,RandomFuzzyRules__max_rules__7,188,20,60,0.6,0.5,0.606060606060606,0.07184979994781315,0.00033459998667240143
151,"Connectionist Bench (Sonar, Mines vs. Rocks)",10,RandomFuzzyRules__max_rules__2,188,20,60,0.9,0.8750000000000001,0.8484848484848484,0.048963199951685965,0.0002778000198304653
151,"Connectionist Bench (Sonar, Mines vs. Rocks)",10,RandomFuzzyRules__max_rules__3,188,20,60,0.8,0.7142857142857143,0.8787878787878787,0.045335100032389164,0.0003293999470770359
151,"Connectionist Bench (Sonar, Mines vs. Rocks)",10,RandomFuzzyRules__max_rules__4,188,20,60,0.75,0.761904761904762,0.8989898989898989,0.053187800105661154,0.0003261000383645296
151,"Connectionist Bench (Sonar, Mines vs. Rocks)",10,RandomFuzzyRules__max_rules__5,188,20,60,0.85,0.8,0.8383838383838383,0.04693770001176745,0.00023929995950311422
151,"Connectionist Bench (Sonar, Mines vs. Rocks)",10,RandomFuzzyRules__max_rules__6,188,20,60,0.8,0.7777777777777778,0.8484848484848485,0.08153570001013577,0.0002901999978348613
151,"Connectionist Bench (Sonar, Mines vs. Rocks)",10,RandomFuzzyRules__max_rules__7,188,20,60,0.9,0.8750000000000001,0.8181818181818181,0.066941799945198,0.00024279998615384102
161,Mammographic Mass,1,RandomFuzzyRules__max_rules__2,864,97,5,0.7835051546391752,0.7640449438202247,0.8534188034188035,0.08514879993163049,0.00023600005079060793
161,Mammographic Mass,1,RandomFuzzyRules__max_rules__3,864,97,5,0.7525773195876289,0.7209302325581395,0.8658119658119657,0.12002200004644692,0.00035449990537017584
161,Mammographic Mass,1,RandomFuzzyRules__max_rules__4,864,97,5,0.8041237113402062,0.8,0.8861111111111112,0.12022359995171428,0.00024399999529123306
161,Mammographic Mass,1,RandomFuzzyRules__max_rules__5,864,97,5,0.7628865979381443,0.735632183908046,0.8611111111111112,0.11202070000581443,0.0002482000272721052
161,Mammographic Mass,1,RandomFuzzyRules__max_rules__6,864,97,5,0.7938144329896907,0.7727272727272727,0.8908119658119659,0.13926540000829846,0.0003135999431833625
161,Mammographic Mass,1,RandomFuzzyRules__max_rules__7,864,97,5,0.8041237113402062,0.8,0.889957264957265,0.16652369999792427,0.0004900000058114529
161,Mammographic Mass,2,RandomFuzzyRules__max_rules__2,865,96,5,0.71875,0.7096774193548386,0.818082788671024,0.13851420010905713,0.0003174000885337591
161,Mammographic Mass,2,RandomFuzzyRules__max_rules__3,865,96,5,0.7395833333333334,0.7252747252747253,0.8394335511982571,0.1412078000139445,0.00028360006399452686
161,Mammographic Mass,2,RandomFuzzyRules__max_rules__4,865,96,5,0.7604166666666666,0.7578947368421052,0.8389978213507624,0.12648059998173267,0.0002465000143274665
161,Mammographic Mass,2,RandomFuzzyRules__max_rules__5,865,96,5,0.75,0.7209302325581395,0.8289760348583877,0.16191540006548166,0.00029180001001805067
161,Mammographic Mass,2,RandomFuzzyRules__max_rules__6,865,96,5,0.7916666666666666,0.75,0.8651416122004357,0.15155460010282695,0.00027680001221597195
161,Mammographic Mass,2,RandomFuzzyRules__max_rules__7,865,96,5,0.7604166666666666,0.7578947368421052,0.8368191721132897,0.14289490005467087,0.00029399991035461426
161,Mammographic Mass,3,RandomFuzzyRules__max_rules__2,865,96,5,0.7916666666666666,0.8113207547169811,0.8766884531590413,0.10774670005775988,0.0002337999176234007
161,Mammographic Mass,3,RandomFuzzyRules__max_rules__3,865,96,5,0.78125,0.7407407407407408,0.6956427015250545,0.13472079997882247,0.00032270001247525215
161,Mammographic Mass,3,RandomFuzzyRules__max_rules__4,865,96,5,0.7916666666666666,0.8113207547169811,0.9163398692810458,0.13435850001405925,0.00025829998776316643
161,Mammographic Mass,3,RandomFuzzyRules__max_rules__5,865,96,5,0.8125,0.8235294117647058,0.9021786492374728,0.1508762000594288,0.00027790002059191465
161,Mammographic Mass,3,RandomFuzzyRules__max_rules__6,865,96,5,0.7916666666666666,0.8113207547169811,0.9152505446623094,0.16607200005091727,0.0002965000458061695
161,Mammographic Mass,3,RandomFuzzyRules__max_rules__7,865,96,5,0.7916666666666666,0.8113207547169811,0.9183006535947713,0.1776417000219226,0.00027059996500611305
161,Mammographic Mass,4,RandomFuzzyRules__max_rules__2,865,96,5,0.8229166666666666,0.8210526315789474,0.8636165577342048,0.12032220000401139,0.00023680005688220263
161,Mammographic Mass,4,RandomFuzzyRules__max_rules__3,865,96,5,0.8229166666666666,0.7901234567901234,0.7403050108932462,0.11033920000772923,0.00042019993998110294
161,Mammographic Mass,4,RandomFuzzyRules__max_rules__4,865,96,5,0.8125,0.8200000000000001,0.8614379084967321,0.12149799999315292,0.00028519995976239443
161,Mammographic Mass,4,RandomFuzzyRules__max_rules__5,865,96,5,0.8020833333333334,0.8118811881188118,0.860566448801743,0.12796710000839084,0.00029090000316500664
161,Mammographic Mass,4,RandomFuzzyRules__max_rules__6,865,96,5,0.8020833333333334,0.7956989247311829,0.8827886710239651,0.16178930003661662,0.00025399995502084494
161,Mammographic Mass,4,RandomFuzzyRules__max_rules__7,865,96,5,0.8125,0.8200000000000001,0.8671023965141612,0.14325930003542453,0.0002905000001192093
161,Mammographic Mass,5,RandomFuzzyRules__max_rules__2,865,96,5,0.75,0.7142857142857142,0.818954248366013,0.10501539998222142,0.00031240005046129227
161,Mammographic Mass,5,RandomFuzzyRules__max_rules__3,865,96,5,0.75,0.7142857142857142,0.7886710239651415,0.1039485998917371,0.0002796000335365534
161,Mammographic Mass,5,RandomFuzzyRules__max_rules__4,865,96,5,0.75,0.7209302325581395,0.8148148148148149,0.14170530007686466,0.00030070007778704166
161,Mammographic Mass,5,RandomFuzzyRules__max_rules__5,865,96,5,0.75,0.7209302325581395,0.8148148148148149,0.15572020004037768,0.0002513999352231622
161,Mammographic Mass,5,RandomFuzzyRules__max_rules__6,865,96,5,0.7604166666666666,0.7228915662650601,0.8592592592592592,0.14919769996777177,0.0002533000661060214
161,Mammographic Mass,5,RandomFuzzyRules__max_rules__7,865,96,5,0.8020833333333334,0.8,0.8370370370370371,0.17347200005315244,0.0003381000133231282
161,Mammographic Mass,6,RandomFuzzyRules__max_rules__2,865,96,5,0.78125,0.7835051546391751,0.8492132867132867,0.12037919997237623,0.00030049995984882116
161,Mammographic Mass,6,RandomFuzzyRules__max_rules__3,865,96,5,0.7395833333333334,0.691358024691358,0.6606206293706293,0.12143530009780079,0.00024889991618692875
161,Mammographic Mass,6,RandomFuzzyRules__max_rules__4,865,96,5,0.7604166666666666,0.7766990291262135,0.8210227272727273,0.11643180006649345,0.0002489999169483781
161,Mammographic Mass,6,RandomFuzzyRules__max_rules__5,865,96,5,0.78125,0.796116504854369,0.845061188811189,0.10328700009267777,0.0002741999924182892
161,Mammographic Mass,6,RandomFuzzyRules__max_rules__6,865,96,5,0.8229166666666666,0.8247422680412373,0.8223339160839161,0.1415184000506997,0.000341300037689507
161,Mammographic Mass,6,RandomFuzzyRules__max_rules__7,865,96,5,0.8020833333333334,0.8118811881188119,0.8004807692307692,0.15970329998526722,0.0002539000706747174
161,Mammographic Mass,7,RandomFuzzyRules__max_rules__2,865,96,5,0.8229166666666666,0.8089887640449439,0.8566433566433566,0.10093849990516901,0.00024179997853934765
161,Mammographic Mass,7,RandomFuzzyRules__max_rules__3,865,96,5,0.8229166666666666,0.7733333333333332,0.7609265734265734,0.11500849993899465,0.00025509996339678764
161,Mammographic Mass,7,RandomFuzzyRules__max_rules__4,865,96,5,0.84375,0.8387096774193548,0.8629807692307692,0.11686189996544272,0.0002620000159367919
161,Mammographic Mass,7,RandomFuzzyRules__max_rules__5,865,96,5,0.7604166666666666,0.7294117647058823,0.8570804195804196,0.1248943000100553,0.00029959995299577713
161,Mammographic Mass,7,RandomFuzzyRules__max_rules__6,865,96,5,0.8125,0.7954545454545455,0.8946678321678323,0.14496319997124374,0.00023749994579702616
161,Mammographic Mass,7,RandomFuzzyRules__max_rules__7,865,96,5,0.84375,0.8387096774193548,0.8697552447552447,0.147692299913615,0.00023720005992799997
161,Mammographic Mass,8,RandomFuzzyRules__max_rules__2,865,96,5,0.8229166666666666,0.8045977011494252,0.8693181818181819,0.10780100000556558,0.00024179997853934765
161,Mammographic Mass,8,RandomFuzzyRules__max_rules__3,865,96,5,0.78125,0.7407407407407407,0.7030157342657343,0.12032330001238734,0.00023740006145089865
161,Mammographic Mass,8,RandomFuzzyRules__max_rules__4,865,96,5,0.8020833333333334,0.8,0.8548951048951049,0.13716410007327795,0.0002736999886110425
161,Mammographic Mass,8,RandomFuzzyRules__max_rules__5,865,96,5,0.7916666666666666,0.7959183673469388,0.8682255244755246,0.13206700002774596,0.00029939995147287846
161,Mammographic Mass,8,RandomFuzzyRules__max_rules__6,865,96,5,0.8020833333333334,0.8,0.854895104895105,0.134901599958539,0.0002487000310793519
161,Mammographic Mass,8,RandomFuzzyRules__max_rules__7,865,96,5,0.8020833333333334,0.8,0.8638548951048952,0.13601350004319102,0.0002524999435991049
161,Mammographic Mass,9,RandomFuzzyRules__max_rules__2,865,96,5,0.8333333333333334,0.8181818181818182,0.8326048951048952,0.13120429997798055,0.0003182999789714813
161,Mammographic Mass,9,RandomFuzzyRules__max_rules__3,865,96,5,0.8333333333333334,0.8181818181818182,0.8505244755244755,0.10761559999082237,0.00027359998784959316
161,Mammographic Mass,9,RandomFuzzyRules__max_rules__4,865,96,5,0.8333333333333334,0.8181818181818182,0.8505244755244755,0.14415780000854284,0.0003407999174669385
161,Mammographic Mass,9,RandomFuzzyRules__max_rules__5,865,96,5,0.8125,0.8,0.840472027972028,0.10082519997376949,0.0002392000751569867
161,Mammographic Mass,9,RandomFuzzyRules__max_rules__6,865,96,5,0.8333333333333334,0.8181818181818182,0.8356643356643357,0.133564000017941,0.00034010002855211496
161,Mammographic Mass,9,RandomFuzzyRules__max_rules__7,865,96,5,0.8645833333333334,0.8470588235294119,0.8450611888111889,0.162999999942258,0.00024129997473210096
161,Mammographic Mass,10,RandomFuzzyRules__max_rules__2,865,96,5,0.8125,0.8,0.8623251748251748,0.1042481999611482,0.0002332000294700265
161,Mammographic Mass,10,RandomFuzzyRules__max_rules__3,865,96,5,0.78125,0.7042253521126761,0.6501311188811189,0.08998579997569323,0.00032629992347210646
161,Mammographic Mass,10,RandomFuzzyRules__max_rules__4,865,96,5,0.8020833333333334,0.8041237113402062,0.8745629370629371,0.09410760004539043,0.0002199000446125865
161,Mammographic Mass,10,RandomFuzzyRules__max_rules__5,865,96,5,0.8020833333333334,0.8080808080808082,0.8625437062937062,0.126668700017035,0.0002479000249877572
161,Mammographic Mass,10,RandomFuzzyRules__max_rules__6,865,96,5,0.8125,0.7906976744186046,0.871722027972028,0.10958379996009171,0.0003437000559642911
161,Mammographic Mass,10,RandomFuzzyRules__max_rules__7,865,96,5,0.8020833333333334,0.8041237113402062,0.8730332167832169,0.1736872000619769,0.00028529996052384377
174,Parkinsons,1,RandomFuzzyRules__max_rules__2,175,20,20,0.9,0.9375,0.84,0.03809179994277656,0.00024780002422630787
174,Parkinsons,1,RandomFuzzyRules__max_rules__3,175,20,20,0.95,0.967741935483871,0.92,0.05949710006825626,0.00023509992752224207
174,Parkinsons,1,RandomFuzzyRules__max_rules__4,175,20,20,0.85,0.9090909090909091,0.9199999999999999,0.05534700001589954,0.0003328999737277627
174,Parkinsons,1,RandomFuzzyRules__max_rules__5,175,20,20,0.9,0.9375,0.84,0.0609315000474453,0.00033220008481293917
174,Parkinsons,1,RandomFuzzyRules__max_rules__6,175,20,20,0.85,0.9090909090909091,0.8,0.06451789999846369,0.00023090001195669174
174,Parkinsons,1,RandomFuzzyRules__max_rules__7,175,20,20,0.85,0.9090909090909091,0.8,0.07801149995066226,0.000332699972204864
174,Parkinsons,2,RandomFuzzyRules__max_rules__2,175,20,20,0.9,0.9375,0.9066666666666667,0.04762820003088564,0.0002218000590801239
174,Parkinsons,2,RandomFuzzyRules__max_rules__3,175,20,20,0.9,0.9375,0.8133333333333334,0.05534379999153316,0.00028300005942583084
174,Parkinsons,2,RandomFuzzyRules__max_rules__4,175,20,20,0.9,0.9375,0.84,0.05981559993233532,0.000328300055116415
174,Parkinsons,2,RandomFuzzyRules__max_rules__5,175,20,20,0.9,0.9375,0.9066666666666667,0.07094190001953393,0.00032839993946254253
174,Parkinsons,2,RandomFuzzyRules__max_rules__6,175,20,20,0.9,0.9375,0.84,0.05248569999821484,0.00023500004317611456
174,Parkinsons,2,RandomFuzzyRules__max_rules__7,175,20,20,0.9,0.9375,0.84,0.07055119995493442,0.00023889995645731688
174,Parkinsons,3,RandomFuzzyRules__max_rules__2,175,20,20,0.9,0.9375,0.8800000000000001,0.053680700017139316,0.0002275001024827361
174,Parkinsons,3,RandomFuzzyRules__max_rules__3,175,20,20,0.75,0.8275862068965518,0.8400000000000001,0.06237669999245554,0.00022389995865523815
174,Parkinsons,3,RandomFuzzyRules__max_rules__4,175,20,20,0.85,0.9090909090909091,0.8933333333333334,0.04906640003900975,0.0002471000188961625
174,Parkinsons,3,RandomFuzzyRules__max_rules__5,175,20,20,0.8,0.8571428571428571,0.8933333333333333,0.05862170003820211,0.0002335000317543745
174,Parkinsons,3,RandomFuzzyRules__max_rules__6,175,20,20,0.9,0.9333333333333333,0.9199999999999999,0.07356210006400943,0.0002764000091701746
174,Parkinsons,3,RandomFuzzyRules__max_rules__7,175,20,20,0.85,0.9090909090909091,0.8533333333333333,0.061238600057549775,0.00033650000113993883
174,Parkinsons,4,RandomFuzzyRules__max_rules__2,175,20,20,0.85,0.9090909090909091,0.7866666666666666,0.05853069992735982,0.0002731999848037958
174,Parkinsons,4,RandomFuzzyRules__max_rules__3,175,20,20,0.85,0.9032258064516129,0.7066666666666667,0.0514796000206843,0.00023209990467876196
174,Parkinsons,4,RandomFuzzyRules__max_rules__4,175,20,20,0.9,0.9375,0.7466666666666666,0.043425200041383505,0.00023220002185553312
174,Parkinsons,4,RandomFuzzyRules__max_rules__5,175,20,20,0.85,0.9090909090909091,0.7866666666666666,0.05191959999501705,0.0003063000040128827
174,Parkinsons,4,RandomFuzzyRules__max_rules__6,175,20,20,0.85,0.9032258064516129,0.8933333333333333,0.07516859995666891,0.00028280005790293217
174,Parkinsons,4,RandomFuzzyRules__max_rules__7,175,20,20,0.85,0.9032258064516129,0.6933333333333334,0.0620452999137342,0.00027710001450031996
174,Parkinsons,5,RandomFuzzyRules__max_rules__2,175,20,20,0.95,0.967741935483871,0.8800000000000001,0.04466919996775687,0.00022569997236132622
174,Parkinsons,5,RandomFuzzyRules__max_rules__3,175,20,20,0.9,0.9333333333333333,0.8933333333333333,0.05094079999253154,0.00026979995891451836
174,Parkinsons,5,RandomFuzzyRules__max_rules__4,175,20,20,0.95,0.967741935483871,0.92,0.05322449991945177,0.0002772000152617693
174,Parkinsons,5,RandomFuzzyRules__max_rules__5,175,20,20,0.95,0.967741935483871,0.8800000000000001,0.05038889998104423,0.00023380003403872252
174,Parkinsons,5,RandomFuzzyRules__max_rules__6,175,20,20,0.9,0.9375,0.9066666666666666,0.0651557999663055,0.0002527000615373254
174,Parkinsons,5,RandomFuzzyRules__max_rules__7,175,20,20,0.9,0.9375,0.9066666666666666,0.0688066000584513,0.00023549993056803942
174,Parkinsons,6,RandomFuzzyRules__max_rules__2,176,19,20,0.8947368421052632,0.9375,0.7,0.03960310004185885,0.00023330003023147583
174,Parkinsons,6,RandomFuzzyRules__max_rules__3,176,19,20,0.8421052631578947,0.9032258064516129,0.7,0.050308299949392676,0.00023200002033263445
174,Parkinsons,6,RandomFuzzyRules__max_rules__4,176,19,20,0.8947368421052632,0.9375,0.7,0.04982069996185601,0.0003272999310865998
174,Parkinsons,6,RandomFuzzyRules__max_rules__5,176,19,20,0.7368421052631579,0.8148148148148148,0.85,0.05107519996818155,0.0002589999930933118
174,Parkinsons,6,RandomFuzzyRules__max_rules__6,176,19,20,0.7368421052631579,0.8275862068965518,0.7833333333333333,0.06734269997105002,0.000277700019069016
174,Parkinsons,6,RandomFuzzyRules__max_rules__7,176,19,20,0.7368421052631579,0.8275862068965518,0.7833333333333333,0.08321119996253401,0.00033870001789182425
174,Parkinsons,7,RandomFuzzyRules__max_rules__2,176,19,20,0.7894736842105263,0.8823529411764706,0.41666666666666674,0.05675589991733432,0.00023710005916655064
174,Parkinsons,7,RandomFuzzyRules__max_rules__3,176,19,20,0.6842105263157895,0.8125,0.4,0.0556105999276042,0.00024330010637640953
174,Parkinsons,7,RandomFuzzyRules__max_rules__4,176,19,20,0.7894736842105263,0.8823529411764706,0.5,0.05411449994426221,0.0003063000040128827
174,Parkinsons,7,RandomFuzzyRules__max_rules__5,176,19,20,0.7894736842105263,0.8823529411764706,0.41666666666666674,0.05675719992723316,0.00032380002085119486
174,Parkinsons,7,RandomFuzzyRules__max_rules__6,176,19,20,0.7894736842105263,0.8823529411764706,0.4,0.06392870005220175,0.0003255000337958336
174,Parkinsons,7,RandomFuzzyRules__max_rules__7,176,19,20,0.7894736842105263,0.8823529411764706,0.4,0.0718628999311477,0.00032870005816221237
174,Parkinsons,8,RandomFuzzyRules__max_rules__2,176,19,20,0.8421052631578947,0.9032258064516129,0.7714285714285714,0.05585599993355572,0.0004899000050500035
174,Parkinsons,8,RandomFuzzyRules__max_rules__3,176,19,20,0.8421052631578947,0.9032258064516129,0.6714285714285715,0.052238899981603026,0.00031619996298104525
174,Parkinsons,8,RandomFuzzyRules__max_rules__4,176,19,20,0.8421052631578947,0.9032258064516129,0.8,0.055100099998526275,0.0002351999282836914
174,Parkinsons,8,RandomFuzzyRules__max_rules__5,176,19,20,0.7894736842105263,0.8666666666666666,0.9285714285714285,0.05915759992785752,0.0002949000336229801
174,Parkinsons,8,RandomFuzzyRules__max_rules__6,176,19,20,0.7894736842105263,0.8666666666666666,0.9285714285714285,0.059115300071425736,0.00025489996187388897
174,Parkinsons,8,RandomFuzzyRules__max_rules__7,176,19,20,0.8421052631578947,0.896551724137931,0.9571428571428572,0.06365829997230321,0.00021650001872330904
174,Parkinsons,9,RandomFuzzyRules__max_rules__2,176,19,20,0.8947368421052632,0.9333333333333333,0.9714285714285715,0.04374009999446571,0.000282999943010509
174,Parkinsons,9,RandomFuzzyRules__max_rules__3,176,19,20,0.8947368421052632,0.923076923076923,0.9857142857142858,0.04880869993939996,0.00029039999935775995
174,Parkinsons,9,RandomFuzzyRules__max_rules__4,176,19,20,0.8947368421052632,0.9333333333333333,0.9714285714285714,0.04389089997857809,0.00021470000501722097
174,Parkinsons,9,RandomFuzzyRules__max_rules__5,176,19,20,0.8947368421052632,0.9333333333333333,0.9714285714285715,0.06588810007087886,0.0002785999095067382
174,Parkinsons,9,RandomFuzzyRules__max_rules__6,176,19,20,0.7894736842105263,0.8571428571428571,0.8571428571428571,0.0669875000603497,0.00022929999977350235
174,Parkinsons,9,RandomFuzzyRules__max_rules__7,176,19,20,0.7894736842105263,0.8571428571428571,0.8571428571428571,0.06800440000370145,0.00027189997490495443
174,Parkinsons,10,RandomFuzzyRules__max_rules__2,176,19,20,0.7894736842105263,0.8750000000000001,0.6428571428571428,0.04465709999203682,0.0002148000057786703
174,Parkinsons,10,RandomFuzzyRules__max_rules__3,176,19,20,0.7894736842105263,0.8750000000000001,0.6285714285714286,0.05155100009869784,0.00028639996889978647
174,Parkinsons,10,RandomFuzzyRules__max_rules__4,176,19,20,0.6842105263157895,0.7999999999999999,0.6142857142857143,0.06511790002696216,0.00028380006551742554
174,Parkinsons,10,RandomFuzzyRules__max_rules__5,176,19,20,0.7894736842105263,0.8750000000000001,0.6428571428571428,0.05723159993067384,0.0003200999926775694
174,Parkinsons,10,RandomFuzzyRules__max_rules__6,176,19,20,0.7368421052631579,0.8387096774193549,0.7,0.06618730002082884,0.0003272999310865998
174,Parkinsons,10,RandomFuzzyRules__max_rules__7,176,19,20,0.6842105263157895,0.7999999999999999,0.6142857142857143,0.06790719996206462,0.00028380006551742554
176,Blood Transfusion Service Center,1,RandomFuzzyRules__max_rules__2,673,75,4,0.76,0.09999999999999999,0.5043859649122807,0.1258925999281928,0.00028680008836090565
176,Blood Transfusion Service Center,1,RandomFuzzyRules__max_rules__3,673,75,4,0.76,0.09999999999999999,0.5043859649122807,0.11538920004386455,0.00033210008405148983
176,Blood Transfusion Service Center,1,RandomFuzzyRules__max_rules__4,673,75,4,0.76,0.1818181818181818,0.5716374269005848,0.13430459995288402,0.00023930007591843605
176,Blood Transfusion Service Center,1,RandomFuzzyRules__max_rules__5,673,75,4,0.76,0.09999999999999999,0.5043859649122807,0.11711160000413656,0.0002541999565437436
176,Blood Transfusion Service Center,1,RandomFuzzyRules__max_rules__6,673,75,4,0.76,0.09999999999999999,0.5043859649122807,0.14222290006000549,0.0002821000525727868
176,Blood Transfusion Service Center,1,RandomFuzzyRules__max_rules__7,673,75,4,0.76,0.09999999999999999,0.5043859649122807,0.1481463999953121,0.0003255000337958336
176,Blood Transfusion Service Center,2,RandomFuzzyRules__max_rules__2,673,75,4,0.8266666666666667,0.48,0.7173489278752437,0.11885790002997965,0.0003119999310001731
176,Blood Transfusion Service Center,2,RandomFuzzyRules__max_rules__3,673,75,4,0.8266666666666667,0.48,0.7173489278752437,0.10751370002981275,0.0003111999249085784
176,Blood Transfusion Service Center,2,RandomFuzzyRules__max_rules__4,673,75,4,0.8,0.4444444444444444,0.7407407407407407,0.11855579994153231,0.00024590000975877047
176,Blood Transfusion Service Center,2,RandomFuzzyRules__max_rules__5,673,75,4,0.8266666666666667,0.48,0.7173489278752437,0.11096160009037703,0.00033329997677356005
176,Blood Transfusion Service Center,2,RandomFuzzyRules__max_rules__6,673,75,4,0.8266666666666667,0.48,0.7173489278752437,0.14948649995494634,0.00034989998675882816
176,Blood Transfusion Service Center,2,RandomFuzzyRules__max_rules__7,673,75,4,0.8266666666666667,0.48,0.7173489278752437,0.14374219998717308,0.0003336999798193574
176,Blood Transfusion Service Center,3,RandomFuzzyRules__max_rules__2,673,75,4,0.7733333333333333,0.10526315789473684,0.5409356725146198,0.13907519995700568,0.0003192999865859747
176,Blood Transfusion Service Center,3,RandomFuzzyRules__max_rules__3,673,75,4,0.7733333333333333,0.10526315789473684,0.5409356725146198,0.11371280008461326,0.00034550006967037916
176,Blood Transfusion Service Center,3,RandomFuzzyRules__max_rules__4,673,75,4,0.8,0.3478260869565218,0.6208576998050681,0.11070660001132637,0.00033249997068196535
176,Blood Transfusion Service Center,3,RandomFuzzyRules__max_rules__5,673,75,4,0.7733333333333333,0.10526315789473684,0.5409356725146198,0.12464920000638813,0.00022819999139755964
176,Blood Transfusion Service Center,3,RandomFuzzyRules__max_rules__6,673,75,4,0.7733333333333333,0.10526315789473684,0.5409356725146198,0.14253549999557436,0.00032860005740076303
176,Blood Transfusion Service Center,3,RandomFuzzyRules__max_rules__7,673,75,4,0.7733333333333333,0.10526315789473684,0.5409356725146198,0.1396842000540346,0.0003244999097660184
176,Blood Transfusion Service Center,4,RandomFuzzyRules__max_rules__2,673,75,4,0.7466666666666667,0.09523809523809525,0.6423001949317739,0.11701340007130057,0.00031489995308220387
176,Blood Transfusion Service Center,4,RandomFuzzyRules__max_rules__3,673,75,4,0.7466666666666667,0.09523809523809525,0.6423001949317739,0.11373659991659224,0.0003220000071451068
176,Blood Transfusion Service Center,4,RandomFuzzyRules__max_rules__4,673,75,4,0.7466666666666667,0.1739130434782609,0.7378167641325537,0.1175222999881953,0.00033009995240718126
176,Blood Transfusion Service Center,4,RandomFuzzyRules__max_rules__5,673,75,4,0.7466666666666667,0.09523809523809525,0.6423001949317739,0.12994180002715439,0.0003307999577373266
176,Blood Transfusion Service Center,4,RandomFuzzyRules__max_rules__6,673,75,4,0.7466666666666667,0.09523809523809525,0.6423001949317739,0.12824380001984537,0.00024939991999417543
176,Blood Transfusion Service Center,4,RandomFuzzyRules__max_rules__7,673,75,4,0.7466666666666667,0.09523809523809525,0.6423001949317739,0.1876240000128746,0.0002612000098451972
176,Blood Transfusion Service Center,5,RandomFuzzyRules__max_rules__2,673,75,4,0.7866666666666666,0.19999999999999998,0.7797270955165693,0.12892169994302094,0.0002770000137388706
176,Blood Transfusion Service Center,5,RandomFuzzyRules__max_rules__3,673,75,4,0.7866666666666666,0.19999999999999998,0.7797270955165693,0.11315689992625266,0.0003325999714434147
176,Blood Transfusion Service Center,5,RandomFuzzyRules__max_rules__4,673,75,4,0.8,0.2857142857142857,0.8157894736842106,0.13769899995531887,0.00030610000248998404
176,Blood Transfusion Service Center,5,RandomFuzzyRules__max_rules__5,673,75,4,0.7866666666666666,0.19999999999999998,0.7797270955165693,0.15139339992310852,0.00024750002194195986
176,Blood Transfusion Service Center,5,RandomFuzzyRules__max_rules__6,673,75,4,0.7866666666666666,0.19999999999999998,0.7797270955165693,0.13984019996132702,0.00024640001356601715
176,Blood Transfusion Service Center,5,RandomFuzzyRules__max_rules__7,673,75,4,0.7866666666666666,0.19999999999999998,0.7797270955165693,0.16128829994704574,0.0003256000345572829
176,Blood Transfusion Service Center,6,RandomFuzzyRules__max_rules__2,673,75,4,0.76,0.09999999999999999,0.5019493177387915,0.11132310004904866,0.00031859998125582933
176,Blood Transfusion Service Center,6,RandomFuzzyRules__max_rules__3,673,75,4,0.76,0.09999999999999999,0.5019493177387915,0.11207799997646362,0.0004865999799221754
176,Blood Transfusion Service Center,6,RandomFuzzyRules__max_rules__4,673,75,4,0.76,0.09999999999999999,0.5380116959064327,0.12351230008061975,0.00033650000113993883
176,Blood Transfusion Service Center,6,RandomFuzzyRules__max_rules__5,673,75,4,0.7333333333333333,0.0909090909090909,0.5126705653021443,0.13852969999425113,0.00030369998421519995
176,Blood Transfusion Service Center,6,RandomFuzzyRules__max_rules__6,673,75,4,0.7333333333333333,0.0909090909090909,0.5116959064327485,0.14093120000325143,0.00027409999165683985
176,Blood Transfusion Service Center,6,RandomFuzzyRules__max_rules__7,673,75,4,0.76,0.09999999999999999,0.5019493177387915,0.15245719999074936,0.0003385999007150531
176,Blood Transfusion Service Center,7,RandomFuzzyRules__max_rules__2,673,75,4,0.7866666666666666,0.19999999999999998,0.49171539961013644,0.11453459993936121,0.00031859998125582933
176,Blood Transfusion Service Center,7,RandomFuzzyRules__max_rules__3,673,75,4,0.7866666666666666,0.19999999999999998,0.49171539961013644,0.1166417000349611,0.0003315999638289213
176,Blood Transfusion Service Center,7,RandomFuzzyRules__max_rules__4,673,75,4,0.7733333333333333,0.1904761904761905,0.6038011695906433,0.11146859999280423,0.0003391000209376216
176,Blood Transfusion Service Center,7,RandomFuzzyRules__max_rules__5,673,75,4,0.7866666666666666,0.19999999999999998,0.49171539961013644,0.13188939995598048,0.0003011999651789665
176,Blood Transfusion Service Center,7,RandomFuzzyRules__max_rules__6,673,75,4,0.7866666666666666,0.19999999999999998,0.49171539961013644,0.13060070003848523,0.0002356999320909381
176,Blood Transfusion Service Center,7,RandomFuzzyRules__max_rules__7,673,75,4,0.7866666666666666,0.19999999999999998,0.49171539961013644,0.15054469997994602,0.00034060003235936165
176,Blood Transfusion Service Center,8,RandomFuzzyRules__max_rules__2,673,75,4,0.7866666666666666,0.19999999999999998,0.6632553606237817,0.109842500067316,0.0003128999378532171
176,Blood Transfusion Service Center,8,RandomFuzzyRules__max_rules__3,673,75,4,0.7866666666666666,0.19999999999999998,0.6632553606237817,0.11412689997814596,0.000287500093691051
176,Blood Transfusion Service Center,8,RandomFuzzyRules__max_rules__4,673,75,4,0.8,0.2857142857142857,0.7587719298245614,0.11486789991613477,0.00028140004724264145
176,Blood Transfusion Service Center,8,RandomFuzzyRules__max_rules__5,673,75,4,0.7733333333333333,0.10526315789473684,0.7002923976608186,0.15570060000754893,0.0002634000265970826
176,Blood Transfusion Service Center,8,RandomFuzzyRules__max_rules__6,673,75,4,0.7733333333333333,0.10526315789473684,0.7002923976608186,0.17205540009308606,0.00024419999681413174
176,Blood Transfusion Service Center,8,RandomFuzzyRules__max_rules__7,673,75,4,0.7866666666666666,0.19999999999999998,0.6632553606237817,0.1540883999550715,0.0003128999378532171
176,Blood Transfusion Service Center,9,RandomFuzzyRules__max_rules__2,674,74,4,0.7567567567567568,0.1,0.6119711042311662,0.10167890007141978,0.0003548999084159732
176,Blood Transfusion Service Center,9,RandomFuzzyRules__max_rules__3,674,74,4,0.7567567567567568,0.1,0.5902992776057792,0.11599259998183697,0.00032680004369467497
176,Blood Transfusion Service Center,9,RandomFuzzyRules__max_rules__4,674,74,4,0.7567567567567568,0.1,0.719298245614035,0.142709800042212,0.00034039991442114115
176,Blood Transfusion Service Center,9,RandomFuzzyRules__max_rules__5,674,74,4,0.7162162162162162,0.08695652173913045,0.6336429308565531,0.13829939998686314,0.0003415000392124057
176,Blood Transfusion Service Center,9,RandomFuzzyRules__max_rules__6,674,74,4,0.7567567567567568,0.1,0.628482972136223,0.14492839993909,0.0003369000041857362
176,Blood Transfusion Service Center,9,RandomFuzzyRules__max_rules__7,674,74,4,0.7567567567567568,0.1,0.5902992776057792,0.15699669998139143,0.00024560000747442245
176,Blood Transfusion Service Center,10,RandomFuzzyRules__max_rules__2,674,74,4,0.7432432432432432,0.09523809523809523,0.5495356037151703,0.12658620008733124,0.0003143999492749572
176,Blood Transfusion Service Center,10,RandomFuzzyRules__max_rules__3,674,74,4,0.7432432432432432,0.09523809523809523,0.5495356037151703,0.10555850004311651,0.00024259998463094234
176,Blood Transfusion Service Center,10,RandomFuzzyRules__max_rules__4,674,74,4,0.7837837837837838,0.2727272727272727,0.6011351909184727,0.11165450001135468,0.0002466000150889158
176,Blood Transfusion Service Center,10,RandomFuzzyRules__max_rules__5,674,74,4,0.7432432432432432,0.09523809523809523,0.5495356037151703,0.14792979997582734,0.00023640005383640528
176,Blood Transfusion Service Center,10,RandomFuzzyRules__max_rules__6,674,74,4,0.7567567567567568,0.0,0.5397316821465428,0.13064260000828654,0.0002462000120431185
176,Blood Transfusion Service Center,10,RandomFuzzyRules__max_rules__7,674,74,4,0.7432432432432432,0.09523809523809523,0.5495356037151703,0.1444476000033319,0.00035009998828172684
222,Bank Marketing,1,RandomFuzzyRules__max_rules__2,40689,4522,16,0.8936311366651923,0.2916053019145803,0.5871823422558475,1.99097000004258,0.0012691000010818243
222,Bank Marketing,1,RandomFuzzyRules__max_rules__3,40689,4522,16,0.8936311366651923,0.28740740740740744,0.585546682119039,2.215367199969478,0.0011901999823749065
222,Bank Marketing,1,RandomFuzzyRules__max_rules__4,40689,4522,16,0.8936311366651923,0.2916053019145803,0.5871866030203139,2.137984700035304,0.0008010000456124544
222,Bank Marketing,1,RandomFuzzyRules__max_rules__5,40689,4522,16,0.8936311366651923,0.2916053019145803,0.5871866030203139,2.1925795000279322,0.0009235000470653176
222,Bank Marketing,1,RandomFuzzyRules__max_rules__6,40689,4522,16,0.8936311366651923,0.2916053019145803,0.5871866030203139,2.3249522000551224,0.0012030999641865492
222,Bank Marketing,1,RandomFuzzyRules__max_rules__7,40689,4522,16,0.8936311366651923,0.28740740740740744,0.585546682119039,2.267012600088492,0.0012546000070869923
222,Bank Marketing,2,RandomFuzzyRules__max_rules__2,40690,4521,16,0.8944923689449237,0.2912332838038633,0.5870403414308373,1.9500900000566617,0.0008729000110179186
222,Bank Marketing,2,RandomFuzzyRules__max_rules__3,40690,4521,16,0.8949347489493474,0.29210134128166915,0.5871681692962684,2.094926799996756,0.0011246999492868781
222,Bank Marketing,2,RandomFuzzyRules__max_rules__4,40690,4521,16,0.8944923689449237,0.2912332838038633,0.5869177310293012,2.232364899944514,0.0008571000071242452
222,Bank Marketing,2,RandomFuzzyRules__max_rules__5,40690,4521,16,0.8944923689449237,0.2912332838038633,0.5869177310293012,2.5054227999644354,0.0009357000235468149
222,Bank Marketing,2,RandomFuzzyRules__max_rules__6,40690,4521,16,0.8944923689449237,0.2912332838038633,0.5869177310293012,2.2586034999694675,0.000851699966005981
222,Bank Marketing,2,RandomFuzzyRules__max_rules__7,40690,4521,16,0.8949347489493474,0.29210134128166915,0.5871681692962684,2.271033800090663,0.000879499944858253
222,Bank Marketing,3,RandomFuzzyRules__max_rules__2,40690,4521,16,0.8929440389294404,0.3085714285714286,0.5940785162006432,2.093375200056471,0.0008815999608486891
222,Bank Marketing,3,RandomFuzzyRules__max_rules__3,40690,4521,16,0.8929440389294404,0.3065902578796561,0.593368684438821,2.037525200052187,0.0012937000719830394
222,Bank Marketing,3,RandomFuzzyRules__max_rules__4,40690,4521,16,0.8929440389294404,0.3085714285714286,0.59418861352194,2.1371832999866456,0.0011433999752625823
222,Bank Marketing,3,RandomFuzzyRules__max_rules__5,40690,4521,16,0.8929440389294404,0.3085714285714286,0.59418861352194,2.521711300010793,0.0012351999757811427
222,Bank Marketing,3,RandomFuzzyRules__max_rules__6,40690,4521,16,0.8929440389294404,0.3085714285714286,0.59418861352194,2.2401919999392703,0.001213700044900179
222,Bank Marketing,3,RandomFuzzyRules__max_rules__7,40690,4521,16,0.8929440389294404,0.3065902578796561,0.593368684438821,2.276797299971804,0.0012564000207930803
222,Bank Marketing,4,RandomFuzzyRules__max_rules__2,40690,4521,16,0.8944923689449237,0.2891207153502236,0.5858794621378863,1.9641191000118852,0.0012715000193566084
222,Bank Marketing,4,RandomFuzzyRules__max_rules__3,40690,4521,16,0.8940499889404999,0.28400597907324365,0.5841557879464032,2.046730999951251,0.001291500055231154
222,Bank Marketing,4,RandomFuzzyRules__max_rules__4,40690,4521,16,0.8944923689449237,0.2891207153502236,0.5860461471146451,2.133975200005807,0.0008428000146523118
222,Bank Marketing,4,RandomFuzzyRules__max_rules__5,40690,4521,16,0.8944923689449237,0.2891207153502236,0.5860461471146451,2.2079774999292567,0.0010110000148415565
222,Bank Marketing,4,RandomFuzzyRules__max_rules__6,40690,4521,16,0.8944923689449237,0.2891207153502236,0.5860461471146451,2.6322300999891013,0.001240600016899407
222,Bank Marketing,4,RandomFuzzyRules__max_rules__7,40690,4521,16,0.8940499889404999,0.28400597907324365,0.5841557879464032,2.3106891000643373,0.000825700000859797
222,Bank Marketing,5,RandomFuzzyRules__max_rules__2,40690,4521,16,0.8929440389294404,0.2861356932153392,0.5853256607733425,2.091482099960558,0.00131870002951473
222,Bank Marketing,5,RandomFuzzyRules__max_rules__3,40690,4521,16,0.8931652289316523,0.2844444444444445,0.5844747150255141,2.092817199998535,0.0011273999698460102
222,Bank Marketing,5,RandomFuzzyRules__max_rules__4,40690,4521,16,0.8929440389294404,0.2861356932153392,0.5851693936076311,2.109488600050099,0.000831299927085638
222,Bank Marketing,5,RandomFuzzyRules__max_rules__5,40690,4521,16,0.8929440389294404,0.2861356932153392,0.5851693936076311,2.177809700020589,0.0008196999551728368
222,Bank Marketing,5,RandomFuzzyRules__max_rules__6,40690,4521,16,0.8929440389294404,0.2861356932153392,0.5851693936076311,2.2298606000840664,0.0008150999201461673
222,Bank Marketing,5,RandomFuzzyRules__max_rules__7,40690,4521,16,0.8931652289316523,0.2844444444444445,0.5844747150255141,2.458823600085452,0.0009843999287113547
222,Bank Marketing,6,RandomFuzzyRules__max_rules__2,40690,4521,16,0.893828798938288,0.2941176470588235,0.5881628569047358,2.1703095000702888,0.0011378999333828688
222,Bank Marketing,6,RandomFuzzyRules__max_rules__3,40690,4521,16,0.8918380889183809,0.25796661608497723,0.5722688287728577,2.0416442001005635,0.0011356999166309834
222,Bank Marketing,6,RandomFuzzyRules__max_rules__4,40690,4521,16,0.8918380889183809,0.25796661608497723,0.5747039921051933,2.1212767999386415,0.000992799992673099
222,Bank Marketing,6,RandomFuzzyRules__max_rules__5,40690,4521,16,0.8918380889183809,0.25796661608497723,0.5747039921051933,2.1487964000552893,0.0009728999575600028
222,Bank Marketing,6,RandomFuzzyRules__max_rules__6,40690,4521,16,0.893828798938288,0.2941176470588235,0.5881301828609962,2.2327191999647766,0.0010136000346392393
222,Bank Marketing,6,RandomFuzzyRules__max_rules__7,40690,4521,16,0.8918380889183809,0.25796661608497723,0.5747039921051933,2.2247613000217825,0.0012188999680802226
222,Bank Marketing,7,RandomFuzzyRules__max_rules__2,40690,4521,16,0.8880778588807786,0.23564954682779454,0.5667881130881802,2.072732099913992,0.0014214999973773956
222,Bank Marketing,7,RandomFuzzyRules__max_rules__3,40690,4521,16,0.8882990488829905,0.23368740515933234,0.5661405514242095,2.041589100030251,0.001025000005029142
222,Bank Marketing,7,RandomFuzzyRules__max_rules__4,40690,4521,16,0.8880778588807786,0.23564954682779454,0.5668352300063265,2.118063599918969,0.0009349000174552202
222,Bank Marketing,7,RandomFuzzyRules__max_rules__5,40690,4521,16,0.8880778588807786,0.23564954682779454,0.5668352300063265,2.1772765999194235,0.001041900017298758
222,Bank Marketing,7,RandomFuzzyRules__max_rules__6,40690,4521,16,0.8880778588807786,0.23564954682779454,0.5668352300063265,2.2645656999666244,0.0008215999696403742
222,Bank Marketing,7,RandomFuzzyRules__max_rules__7,40690,4521,16,0.8882990488829905,0.23368740515933234,0.5661405514242095,2.2621728000231087,0.0008663999615237117
222,Bank Marketing,8,RandomFuzzyRules__max_rules__2,40690,4521,16,0.8902897589028976,0.2619047619047619,0.5759858564008925,2.1072448999620974,0.0009884999599307775
222,Bank Marketing,8,RandomFuzzyRules__max_rules__3,40690,4521,16,0.8902897589028976,0.25748502994011974,0.5746471676812983,2.104587300098501,0.00084429990965873
222,Bank Marketing,8,RandomFuzzyRules__max_rules__4,40690,4521,16,0.8902897589028976,0.2619047619047619,0.5762870258475363,2.1400254999753088,0.0009855000535026193
222,Bank Marketing,8,RandomFuzzyRules__max_rules__5,40690,4521,16,0.8902897589028976,0.2619047619047619,0.5762870258475363,2.1734639999922365,0.0010273000225424767
222,Bank Marketing,8,RandomFuzzyRules__max_rules__6,40690,4521,16,0.8902897589028976,0.2619047619047619,0.5762870258475363,2.294803800061345,0.0010110000148415565
222,Bank Marketing,8,RandomFuzzyRules__max_rules__7,40690,4521,16,0.8902897589028976,0.25748502994011974,0.5746471676812983,2.486225700005889,0.0012061999877914786
222,Bank Marketing,9,RandomFuzzyRules__max_rules__2,40690,4521,16,0.8947135589471356,0.30205278592375373,0.5908051926158555,2.0664705999661237,0.0012757000513374805
222,Bank Marketing,9,RandomFuzzyRules__max_rules__3,40690,4521,16,0.8947135589471356,0.30205278592375373,0.591090972114361,2.137571800034493,0.0012200999772176147
222,Bank Marketing,9,RandomFuzzyRules__max_rules__4,40690,4521,16,0.8947135589471356,0.30205278592375373,0.591090972114361,2.1899670000420883,0.0010822999756783247
222,Bank Marketing,9,RandomFuzzyRules__max_rules__5,40690,4521,16,0.8947135589471356,0.30205278592375373,0.591090972114361,2.276354299974628,0.001263700076378882
222,Bank Marketing,9,RandomFuzzyRules__max_rules__6,40690,4521,16,0.8947135589471356,0.30205278592375373,0.591090972114361,2.294014999992214,0.0010602000402286649
222,Bank Marketing,9,RandomFuzzyRules__max_rules__7,40690,4521,16,0.8947135589471356,0.30205278592375373,0.591090972114361,2.2529198999982327,0.0011663000332191586
222,Bank Marketing,10,RandomFuzzyRules__max_rules__2,40690,4521,16,0.893607608936076,0.31383737517831667,0.5963237912497964,2.162068699952215,0.0007962000090628862
222,Bank Marketing,10,RandomFuzzyRules__max_rules__3,40690,4521,16,0.893607608936076,0.31383737517831667,0.5962042231911839,2.3233990999870002,0.0012242000084370375
222,Bank Marketing,10,RandomFuzzyRules__max_rules__4,40690,4521,16,0.893607608936076,0.31383737517831667,0.5962042231911839,2.195558700012043,0.0012752999318763614
222,Bank Marketing,10,RandomFuzzyRules__max_rules__5,40690,4521,16,0.893607608936076,0.31383737517831667,0.5962042231911839,2.2065157999750227,0.0012607999378815293
222,Bank Marketing,10,RandomFuzzyRules__max_rules__6,40690,4521,16,0.893607608936076,0.31383737517831667,0.5962042231911839,2.211657500010915,0.0009364999132230878
222,Bank Marketing,10,RandomFuzzyRules__max_rules__7,40690,4521,16,0.893607608936076,0.31383737517831667,0.5962042231911839,2.2191506000235677,0.0010055999737232924
225,ILPD (Indian Liver Patient Dataset),1,RandomFuzzyRules__max_rules__2,524,59,10,0.711864406779661,0.10526315789473684,0.5399159663865546,0.07917689997702837,0.00030399998649954796
225,ILPD (Indian Liver Patient Dataset),1,RandomFuzzyRules__max_rules__3,524,59,10,0.711864406779661,0.0,0.5574229691876751,0.07428190007340163,0.0002633999101817608
225,ILPD (Indian Liver Patient Dataset),1,RandomFuzzyRules__max_rules__4,524,59,10,0.711864406779661,0.0,0.5574229691876751,0.08174809999763966,0.000327100045979023
225,ILPD (Indian Liver Patient Dataset),1,RandomFuzzyRules__max_rules__5,524,59,10,0.711864406779661,0.10526315789473684,0.7352941176470589,0.09192020003683865,0.000332099967636168
225,ILPD (Indian Liver Patient Dataset),1,RandomFuzzyRules__max_rules__6,524,59,10,0.711864406779661,0.19047619047619047,0.5966386554621849,0.08648389996960759,0.0002911000046879053
225,ILPD (Indian Liver Patient Dataset),1,RandomFuzzyRules__max_rules__7,524,59,10,0.6949152542372882,0.0,0.5182072829131653,0.10472139995545149,0.0003030999796465039
225,ILPD (Indian Liver Patient Dataset),2,RandomFuzzyRules__max_rules__2,524,59,10,0.6949152542372882,0.1818181818181818,0.6526610644257703,0.06227779993787408,0.00030670000705868006
225,ILPD (Indian Liver Patient Dataset),2,RandomFuzzyRules__max_rules__3,524,59,10,0.6949152542372882,0.1818181818181818,0.6568627450980392,0.06341000006068498,0.00028389994986355305
225,ILPD (Indian Liver Patient Dataset),2,RandomFuzzyRules__max_rules__4,524,59,10,0.6949152542372882,0.1818181818181818,0.6568627450980392,0.07779090001713485,0.0003399999113753438
225,ILPD (Indian Liver Patient Dataset),2,RandomFuzzyRules__max_rules__5,524,59,10,0.6779661016949152,0.1739130434782609,0.6414565826330532,0.07912140002008528,0.00026949995663017035
225,ILPD (Indian Liver Patient Dataset),2,RandomFuzzyRules__max_rules__6,524,59,10,0.6779661016949152,0.09523809523809523,0.6596638655462185,0.09114339994266629,0.0002489000326022506
225,ILPD (Indian Liver Patient Dataset),2,RandomFuzzyRules__max_rules__7,524,59,10,0.6779661016949152,0.09523809523809523,0.5042016806722689,0.0916715000057593,0.00024099997244775295
225,ILPD (Indian Liver Patient Dataset),3,RandomFuzzyRules__max_rules__2,524,59,10,0.6949152542372882,0.0,0.4789915966386555,0.0668826000764966,0.000291600008495152
225,ILPD (Indian Liver Patient Dataset),3,RandomFuzzyRules__max_rules__3,524,59,10,0.6949152542372882,0.0,0.5980392156862745,0.07487120002042502,0.0004618000239133835
225,ILPD (Indian Liver Patient Dataset),3,RandomFuzzyRules__max_rules__4,524,59,10,0.6949152542372882,0.0,0.5434173669467787,0.07898340001702309,0.0003218000056222081
225,ILPD (Indian Liver Patient Dataset),3,RandomFuzzyRules__max_rules__5,524,59,10,0.6949152542372882,0.0,0.5525210084033614,0.09692749998066574,0.0003212000010535121
225,ILPD (Indian Liver Patient Dataset),3,RandomFuzzyRules__max_rules__6,524,59,10,0.6949152542372882,0.0,0.4789915966386555,0.09155409992672503,0.00034010002855211496
225,ILPD (Indian Liver Patient Dataset),3,RandomFuzzyRules__max_rules__7,524,59,10,0.7288135593220338,0.1111111111111111,0.6876750700280112,0.09071110002696514,0.0003369000041857362
225,ILPD (Indian Liver Patient Dataset),4,RandomFuzzyRules__max_rules__2,525,58,10,0.7241379310344828,0.1111111111111111,0.5922619047619048,0.06892220000736415,0.0002799999201670289
225,ILPD (Indian Liver Patient Dataset),4,RandomFuzzyRules__max_rules__3,525,58,10,0.7068965517241379,0.10526315789473684,0.5342261904761905,0.07227399991825223,0.0003352999920025468
225,ILPD (Indian Liver Patient Dataset),4,RandomFuzzyRules__max_rules__4,525,58,10,0.7241379310344828,0.0,0.6264880952380953,0.09752660000231117,0.0003063000040128827
225,ILPD (Indian Liver Patient Dataset),4,RandomFuzzyRules__max_rules__5,525,58,10,0.7068965517241379,0.0,0.40922619047619047,0.08166119991801679,0.0002842000685632229
225,ILPD (Indian Liver Patient Dataset),4,RandomFuzzyRules__max_rules__6,525,58,10,0.7413793103448276,0.11764705882352941,0.7053571428571428,0.07747009990271181,0.0003399000270292163
225,ILPD (Indian Liver Patient Dataset),4,RandomFuzzyRules__max_rules__7,525,58,10,0.7241379310344828,0.0,0.5811011904761905,0.07893409999087453,0.0002869999734684825
225,ILPD (Indian Liver Patient Dataset),5,RandomFuzzyRules__max_rules__2,525,58,10,0.6896551724137931,0.0,0.6904761904761905,0.06460830010473728,0.00032380002085119486
225,ILPD (Indian Liver Patient Dataset),5,RandomFuzzyRules__max_rules__3,525,58,10,0.6896551724137931,0.0,0.6904761904761905,0.08375320001505315,0.0002709999680519104
225,ILPD (Indian Liver Patient Dataset),5,RandomFuzzyRules__max_rules__4,525,58,10,0.6724137931034483,0.0,0.6354166666666667,0.07976700004655868,0.0003402999136596918
225,ILPD (Indian Liver Patient Dataset),5,RandomFuzzyRules__max_rules__5,525,58,10,0.6896551724137931,0.0,0.6904761904761905,0.07771320000756532,0.0002500000409781933
225,ILPD (Indian Liver Patient Dataset),5,RandomFuzzyRules__max_rules__6,525,58,10,0.6724137931034483,0.0,0.6279761904761905,0.09545920009259135,0.00033740000799298286
225,ILPD (Indian Liver Patient Dataset),5,RandomFuzzyRules__max_rules__7,525,58,10,0.6896551724137931,0.0,0.6488095238095238,0.0904609999852255,0.00033519999124109745
225,ILPD (Indian Liver Patient Dataset),6,RandomFuzzyRules__max_rules__2,525,58,10,0.7241379310344828,0.0,0.6354166666666667,0.07300480001140386,0.00027660001069307327
225,ILPD (Indian Liver Patient Dataset),6,RandomFuzzyRules__max_rules__3,525,58,10,0.7241379310344828,0.0,0.6398809523809524,0.07157199992798269,0.00033000006806105375
225,ILPD (Indian Liver Patient Dataset),6,RandomFuzzyRules__max_rules__4,525,58,10,0.7241379310344828,0.0,0.6458333333333334,0.07757660001516342,0.00032890005968511105
225,ILPD (Indian Liver Patient Dataset),6,RandomFuzzyRules__max_rules__5,525,58,10,0.7068965517241379,0.26086956521739124,0.48958333333333337,0.08460290008224547,0.0003472999669611454
225,ILPD (Indian Liver Patient Dataset),6,RandomFuzzyRules__max_rules__6,525,58,10,0.6724137931034483,0.09523809523809523,0.43601190476190477,0.08674419997259974,0.0002983000595122576
225,ILPD (Indian Liver Patient Dataset),6,RandomFuzzyRules__max_rules__7,525,58,10,0.7241379310344828,0.0,0.6294642857142857,0.10088659997563809,0.00029710005037486553
225,ILPD (Indian Liver Patient Dataset),7,RandomFuzzyRules__max_rules__2,525,58,10,0.6551724137931034,0.0,0.6147776183644189,0.0705415999982506,0.0002785000251606107
225,ILPD (Indian Liver Patient Dataset),7,RandomFuzzyRules__max_rules__3,525,58,10,0.6551724137931034,0.0,0.6054519368723098,0.07125559996347874,0.0002730999840423465
225,ILPD (Indian Liver Patient Dataset),7,RandomFuzzyRules__max_rules__4,525,58,10,0.6551724137931034,0.0,0.6054519368723098,0.07227969996165484,0.0003496999852359295
225,ILPD (Indian Liver Patient Dataset),7,RandomFuzzyRules__max_rules__5,525,58,10,0.6896551724137931,0.1818181818181818,0.6492109038737446,0.07818360009696335,0.00023529992904514074
225,ILPD (Indian Liver Patient Dataset),7,RandomFuzzyRules__max_rules__6,525,58,10,0.7068965517241379,0.10526315789473684,0.6470588235294118,0.09180339996237308,0.0003478000871837139
225,ILPD (Indian Liver Patient Dataset),7,RandomFuzzyRules__max_rules__7,525,58,10,0.6724137931034483,0.09523809523809523,0.4662840746054519,0.08957119996193796,0.0003323000855743885
225,ILPD (Indian Liver Patient Dataset),8,RandomFuzzyRules__max_rules__2,525,58,10,0.6551724137931034,0.16666666666666666,0.5121951219512195,0.09053789998870343,0.0003084999043494463
225,ILPD (Indian Liver Patient Dataset),8,RandomFuzzyRules__max_rules__3,525,58,10,0.6551724137931034,0.16666666666666666,0.5121951219512195,0.07091610005591065,0.0003336999798193574
225,ILPD (Indian Liver Patient Dataset),8,RandomFuzzyRules__max_rules__4,525,58,10,0.6551724137931034,0.16666666666666666,0.5121951219512195,0.07689879997633398,0.00034460006281733513
225,ILPD (Indian Liver Patient Dataset),8,RandomFuzzyRules__max_rules__5,525,58,10,0.6379310344827587,0.0,0.4598278335724533,0.08005669992417097,0.00032700004521757364
225,ILPD (Indian Liver Patient Dataset),8,RandomFuzzyRules__max_rules__6,525,58,10,0.6724137931034483,0.0,0.4418938307030129,0.09027209994383156,0.0003344999859109521
225,ILPD (Indian Liver Patient Dataset),8,RandomFuzzyRules__max_rules__7,525,58,10,0.6551724137931034,0.0,0.4368723098995696,0.09562960010953248,0.0003486000932753086
225,ILPD (Indian Liver Patient Dataset),9,RandomFuzzyRules__max_rules__2,525,58,10,0.7068965517241379,0.0,0.5050215208034433,0.06872529990505427,0.00029850006103515625
225,ILPD (Indian Liver Patient Dataset),9,RandomFuzzyRules__max_rules__3,525,58,10,0.7068965517241379,0.0,0.5566714490674318,0.07035980001091957,0.00032410002313554287
225,ILPD (Indian Liver Patient Dataset),9,RandomFuzzyRules__max_rules__4,525,58,10,0.7068965517241379,0.0,0.6226685796269728,0.07998630008660257,0.0002855999628081918
225,ILPD (Indian Liver Patient Dataset),9,RandomFuzzyRules__max_rules__5,525,58,10,0.6724137931034483,0.1739130434782609,0.5480631276901005,0.08919980004429817,0.00033549999352544546
225,ILPD (Indian Liver Patient Dataset),9,RandomFuzzyRules__max_rules__6,525,58,10,0.7068965517241379,0.0,0.5050215208034433,0.10864560003392398,0.00034549995325505733
225,ILPD (Indian Liver Patient Dataset),9,RandomFuzzyRules__max_rules__7,525,58,10,0.6379310344827587,0.08695652173913045,0.48708751793400284,0.09216299990657717,0.00033820001408457756
225,ILPD (Indian Liver Patient Dataset),10,RandomFuzzyRules__max_rules__2,525,58,10,0.7068965517241379,0.2608695652173913,0.5681492109038737,0.09506039996631444,0.0002965000458061695
225,ILPD (Indian Liver Patient Dataset),10,RandomFuzzyRules__max_rules__3,525,58,10,0.6896551724137931,0.25,0.569583931133429,0.09730260004289448,0.00027860002592206
225,ILPD (Indian Liver Patient Dataset),10,RandomFuzzyRules__max_rules__4,525,58,10,0.7068965517241379,0.2608695652173913,0.5681492109038737,0.09911720000673085,0.000310199917294085
225,ILPD (Indian Liver Patient Dataset),10,RandomFuzzyRules__max_rules__5,525,58,10,0.6896551724137931,0.1818181818181818,0.5451936872309899,0.08149270003195852,0.0002578999847173691
225,ILPD (Indian Liver Patient Dataset),10,RandomFuzzyRules__max_rules__6,525,58,10,0.6896551724137931,0.1,0.5796269727403156,0.0828001000918448,0.000242199981585145
225,ILPD (Indian Liver Patient Dataset),10,RandomFuzzyRules__max_rules__7,525,58,10,0.7068965517241379,0.0,0.5645624103299858,0.10367500002030283,0.0002359999343752861
264,EEG Eye State,1,RandomFuzzyRules__max_rules__2,13482,1498,14,0.5761014686248331,0.393505253104107,0.5809687752219532,0.5973783999215811,0.0005420000525191426
264,EEG Eye State,1,RandomFuzzyRules__max_rules__3,13482,1498,14,0.595460614152203,0.36210526315789476,0.5968036579038395,0.5969743999885395,0.00045080005656927824
264,EEG Eye State,1,RandomFuzzyRules__max_rules__4,13482,1498,14,0.5761014686248331,0.393505253104107,0.580976882278335,0.6276615000097081,0.0005216998979449272
264,EEG Eye State,1,RandomFuzzyRules__max_rules__5,13482,1498,14,0.5747663551401869,0.2785956964892412,0.6121746368038742,0.6369417000096291,0.0004955000476911664
264,EEG Eye State,1,RandomFuzzyRules__max_rules__6,13482,1498,14,0.589452603471295,0.3904856293359762,0.589496497751643,0.6297419000184163,0.0005380000220611691
264,EEG Eye State,1,RandomFuzzyRules__max_rules__7,13482,1498,14,0.5761014686248331,0.393505253104107,0.5809804854145048,0.6306152000324801,0.0004702999722212553
264,EEG Eye State,2,RandomFuzzyRules__max_rules__2,13482,1498,14,0.5947930574098799,0.3248053392658509,0.4955834558399631,0.5299905999563634,0.0003456000704318285
264,EEG Eye State,2,RandomFuzzyRules__max_rules__3,13482,1498,14,0.6001335113484646,0.34248079034028545,0.5079827481840193,0.595757000031881,0.0005126999458298087
264,EEG Eye State,2,RandomFuzzyRules__max_rules__4,13482,1498,14,0.5947930574098799,0.3248053392658509,0.495591562896345,0.6279494999907911,0.0005538999103009701
264,EEG Eye State,2,RandomFuzzyRules__max_rules__5,13482,1498,14,0.5987983978638184,0.2853745541022592,0.49897670932779886,0.6232031000545248,0.0005912999622523785
264,EEG Eye State,2,RandomFuzzyRules__max_rules__6,13482,1498,14,0.5941255006675568,0.2995391705069125,0.49456106595180443,0.6729173000203446,0.0004969000583514571
264,EEG Eye State,2,RandomFuzzyRules__max_rules__7,13482,1498,14,0.5941255006675568,0.2995391705069125,0.49456106595180443,0.6425347999902442,0.00046950008254498243
264,EEG Eye State,3,RandomFuzzyRules__max_rules__2,13482,1498,14,0.5794392523364486,0.3269230769230769,0.5709961950882048,0.677317599998787,0.00039109995122998953
264,EEG Eye State,3,RandomFuzzyRules__max_rules__3,13482,1498,14,0.5807743658210948,0.34854771784232363,0.5721104649486913,0.5639994000084698,0.00040909997187554836
264,EEG Eye State,3,RandomFuzzyRules__max_rules__4,13482,1498,14,0.5794392523364486,0.31521739130434784,0.5711673440562666,0.6286992001114413,0.0005283000646159053
264,EEG Eye State,3,RandomFuzzyRules__max_rules__5,13482,1498,14,0.5794392523364486,0.3269230769230769,0.5708736884584342,0.6447147999424487,0.0005875000497326255
264,EEG Eye State,3,RandomFuzzyRules__max_rules__6,13482,1498,14,0.5781041388518025,0.326226012793177,0.5712970569583766,0.6436102000297979,0.0005909999599680305
264,EEG Eye State,3,RandomFuzzyRules__max_rules__7,13482,1498,14,0.5781041388518025,0.31004366812227074,0.5706232704946386,0.6712221000343561,0.0005868999287486076
264,EEG Eye State,4,RandomFuzzyRules__max_rules__2,13482,1498,14,0.5841121495327103,0.3131201764057332,0.5649969733656175,0.5415539999958128,0.0005239000311121345
264,EEG Eye State,4,RandomFuzzyRules__max_rules__3,13482,1498,14,0.5801068090787717,0.32438238453276047,0.5651347933241093,0.5778741000685841,0.00047309999354183674
264,EEG Eye State,4,RandomFuzzyRules__max_rules__4,13482,1498,14,0.5854472630173565,0.3107658157602664,0.5649159028017987,0.5875907000154257,0.0006408999906852841
264,EEG Eye State,4,RandomFuzzyRules__max_rules__5,13482,1498,14,0.5841121495327103,0.3131201764057332,0.5649915686613628,0.6603624001145363,0.0005996000254526734
264,EEG Eye State,4,RandomFuzzyRules__max_rules__6,13482,1498,14,0.5861148197596796,0.3156732891832229,0.5652924305315347,0.6596594000002369,0.0006398999830707908
264,EEG Eye State,4,RandomFuzzyRules__max_rules__7,13482,1498,14,0.5814419225634179,0.2931228861330327,0.5648276259656405,0.6762642000103369,0.0005967000033706427
264,EEG Eye State,5,RandomFuzzyRules__max_rules__2,13482,1498,14,0.5887850467289719,0.34047109207708776,0.5807336705868789,0.5265897000208497,0.00041039998177438974
264,EEG Eye State,5,RandomFuzzyRules__max_rules__3,13482,1498,14,0.5927903871829105,0.3645833333333333,0.581029127752796,0.5745277999667451,0.0004643000429496169
264,EEG Eye State,5,RandomFuzzyRules__max_rules__4,13482,1498,14,0.589452603471295,0.33799784714747044,0.5810219214804566,0.6050432999618351,0.00056900002527982
264,EEG Eye State,5,RandomFuzzyRules__max_rules__5,13482,1498,14,0.5887850467289719,0.34047109207708776,0.5806057592528537,0.6457947000162676,0.0005864999257028103
264,EEG Eye State,5,RandomFuzzyRules__max_rules__6,13482,1498,14,0.5887850467289719,0.34047109207708776,0.5808453678081402,0.6335200000321493,0.0006160000339150429
264,EEG Eye State,5,RandomFuzzyRules__max_rules__7,13482,1498,14,0.5854472630173565,0.31982475355969336,0.5804958635996771,0.658470300026238,0.0005967000033706427
264,EEG Eye State,6,RandomFuzzyRules__max_rules__2,13482,1498,14,0.5761014686248331,0.28891377379619265,0.5515014268419233,0.5372881999937817,0.0004949000431224704
264,EEG Eye State,6,RandomFuzzyRules__max_rules__3,13482,1498,14,0.5761014686248331,0.30449069003285867,0.5516752781621123,0.5672820000909269,0.000331499963067472
264,EEG Eye State,6,RandomFuzzyRules__max_rules__4,13482,1498,14,0.57543391188251,0.2789115646258503,0.5516383460163726,0.6119924000231549,0.0005837999051436782
264,EEG Eye State,6,RandomFuzzyRules__max_rules__5,13482,1498,14,0.5761014686248331,0.28891377379619265,0.5513951343249164,0.8066199000459164,0.0005838999059051275
264,EEG Eye State,6,RandomFuzzyRules__max_rules__6,13482,1498,14,0.57543391188251,0.28859060402684567,0.5516851867865791,0.6314118000445887,0.0005366000114008784
264,EEG Eye State,6,RandomFuzzyRules__max_rules__7,13482,1498,14,0.5761014686248331,0.27262313860252,0.5513392857142857,0.6638654000125825,0.0005029999883845448
264,EEG Eye State,7,RandomFuzzyRules__max_rules__2,13482,1498,14,0.5640854472630173,0.3147953830010493,0.5632548570275568,0.5549243000568822,0.0004835999570786953
264,EEG Eye State,7,RandomFuzzyRules__max_rules__3,13482,1498,14,0.5640854472630173,0.33299284984678246,0.56392684192321,0.5722567000193521,0.0005222000181674957
264,EEG Eye State,7,RandomFuzzyRules__max_rules__4,13482,1498,14,0.5600801068090788,0.2951871657754011,0.5636980427764327,0.612881200038828,0.0006003000307828188
264,EEG Eye State,7,RandomFuzzyRules__max_rules__5,13482,1498,14,0.5640854472630173,0.3147953830010493,0.5633881730658366,0.6489785999292508,0.0005487999878823757
264,EEG Eye State,7,RandomFuzzyRules__max_rules__6,13482,1498,14,0.5614152202937249,0.310598111227702,0.5636043612360199,0.6455274999607354,0.0006154000293463469
264,EEG Eye State,7,RandomFuzzyRules__max_rules__7,13482,1498,14,0.5614152202937249,0.28972972972972977,0.562993629655252,0.6426243999740109,0.0005902999546378851
264,EEG Eye State,8,RandomFuzzyRules__max_rules__2,13482,1498,14,0.5787716955941254,0.3632694248234106,0.5839578549236796,0.6006220000563189,0.0005116000538691878
264,EEG Eye State,8,RandomFuzzyRules__max_rules__3,13482,1498,14,0.57543391188251,0.3627254509018036,0.5575217254266288,0.6059985000174493,0.0005491999909281731
264,EEG Eye State,8,RandomFuzzyRules__max_rules__4,13482,1498,14,0.5794392523364486,0.37125748502994016,0.5839308388491152,0.9718720999080688,0.0005597000708803535
264,EEG Eye State,8,RandomFuzzyRules__max_rules__5,13482,1498,14,0.5794392523364486,0.37125748502994016,0.5839308388491152,0.8464091999921948,0.0006386999739333987
264,EEG Eye State,8,RandomFuzzyRules__max_rules__6,13482,1498,14,0.5794392523364486,0.37125748502994016,0.5839308388491152,0.7078191000036895,0.00043409992940723896
264,EEG Eye State,8,RandomFuzzyRules__max_rules__7,13482,1498,14,0.5720961281708945,0.3634558093346574,0.5610302129767211,0.9725027000531554,0.00048239994794130325
264,EEG Eye State,9,RandomFuzzyRules__max_rules__2,13482,1498,14,0.5694259012016022,0.29967426710097717,0.5286775631500743,0.801405799924396,0.0004507000558078289
264,EEG Eye State,9,RandomFuzzyRules__max_rules__3,13482,1498,14,0.5727636849132176,0.3147751605995717,0.5298689720383628,0.7734229000052437,0.00040719995740801096
264,EEG Eye State,9,RandomFuzzyRules__max_rules__4,13482,1498,14,0.5660881174899867,0.2950108459869848,0.5293331532261696,0.7641481999307871,0.0006284000119194388
264,EEG Eye State,9,RandomFuzzyRules__max_rules__5,13482,1498,14,0.5694259012016022,0.29967426710097717,0.5285280742041515,0.9067507999716327,0.0004956000484526157
264,EEG Eye State,9,RandomFuzzyRules__max_rules__6,13482,1498,14,0.5700934579439252,0.3,0.5292088792831735,0.7142550999997184,0.0006401999853551388
264,EEG Eye State,9,RandomFuzzyRules__max_rules__7,13482,1498,14,0.5694259012016022,0.2825361512791991,0.5281246341573236,0.6860020000021905,0.0005516000092029572
264,EEG Eye State,10,RandomFuzzyRules__max_rules__2,13482,1498,14,0.5727636849132176,0.29978118161925604,0.5574875050655139,0.6024801000021398,0.0004680999554693699
264,EEG Eye State,10,RandomFuzzyRules__max_rules__3,13482,1498,14,0.5727636849132176,0.31914893617021284,0.556796794092485,0.6745968000032008,0.0004922000225633383
264,EEG Eye State,10,RandomFuzzyRules__max_rules__4,13482,1498,14,0.5640854472630173,0.2863387978142076,0.5541537214642712,0.6844386999728158,0.0006350999465212226
264,EEG Eye State,10,RandomFuzzyRules__max_rules__5,13482,1498,14,0.5727636849132176,0.29978118161925604,0.5572983925435634,0.7358211999526247,0.0006001000292599201
264,EEG Eye State,10,RandomFuzzyRules__max_rules__6,13482,1498,14,0.5727636849132176,0.29978118161925604,0.5574839029222387,0.7241677000420168,0.000636399956420064
264,EEG Eye State,10,RandomFuzzyRules__max_rules__7,13482,1498,14,0.5714285714285714,0.28507795100222716,0.557271376468999,0.7303655000869185,0.0006027999334037304
267,Banknote Authentication,1,RandomFuzzyRules__max_rules__2,1234,138,4,0.9347826086956522,0.9302325581395349,0.9921226314668938,0.17118940001819283,0.00037210003938525915
267,Banknote Authentication,1,RandomFuzzyRules__max_rules__3,1234,138,4,0.9347826086956522,0.9302325581395349,0.9921226314668938,0.13922559993807226,0.00031599996145814657
267,Banknote Authentication,1,RandomFuzzyRules__max_rules__4,1234,138,4,0.927536231884058,0.9242424242424242,0.9985096870342772,0.1488015999784693,0.0003608999541029334
267,Banknote Authentication,1,RandomFuzzyRules__max_rules__5,1234,138,4,0.9202898550724637,0.9026548672566372,0.9610389610389609,0.1492642000084743,0.0003624999662861228
267,Banknote Authentication,1,RandomFuzzyRules__max_rules__6,1234,138,4,0.9710144927536232,0.9672131147540983,0.9957419629550777,0.1650556999957189,0.00023990008048713207
267,Banknote Authentication,1,RandomFuzzyRules__max_rules__7,1234,138,4,0.9710144927536232,0.9672131147540983,0.9957419629550777,0.17572529998142272,0.00034300005063414574
267,Banknote Authentication,2,RandomFuzzyRules__max_rules__2,1234,138,4,0.9492753623188406,0.9411764705882353,0.9904194166489247,0.14867849997244775,0.0003018999705091119
267,Banknote Authentication,2,RandomFuzzyRules__max_rules__3,1234,138,4,0.9492753623188406,0.9411764705882353,0.9904194166489247,0.13458680000621825,0.00023429992143064737
267,Banknote Authentication,2,RandomFuzzyRules__max_rules__4,1234,138,4,0.9420289855072463,0.9384615384615386,1.0,0.13836669991724193,0.00034710008185356855
267,Banknote Authentication,2,RandomFuzzyRules__max_rules__5,1234,138,4,0.855072463768116,0.8148148148148149,0.9301681924632744,0.15123199997469783,0.0003530000103637576
267,Banknote Authentication,2,RandomFuzzyRules__max_rules__6,1234,138,4,0.9057971014492754,0.8959999999999999,0.9576325314030233,0.16062139999121428,0.00034499994944781065
267,Banknote Authentication,2,RandomFuzzyRules__max_rules__7,1234,138,4,0.9057971014492754,0.8959999999999999,0.9576325314030233,0.17293689993675798,0.0002498000394552946
267,Banknote Authentication,3,RandomFuzzyRules__max_rules__2,1235,137,4,0.927007299270073,0.9193548387096775,0.9864106988783434,0.15333390003070235,0.0002196000423282385
267,Banknote Authentication,3,RandomFuzzyRules__max_rules__3,1235,137,4,0.927007299270073,0.9193548387096775,0.9864106988783434,0.13035830005537719,0.0002442999975755811
267,Banknote Authentication,3,RandomFuzzyRules__max_rules__4,1235,137,4,0.9197080291970803,0.9172932330827067,0.9978429680759275,0.14378140005283058,0.0003541000187397003
267,Banknote Authentication,3,RandomFuzzyRules__max_rules__5,1235,137,4,0.9051094890510949,0.888888888888889,0.9544866264020708,0.16586629999801517,0.00030260009225457907
267,Banknote Authentication,3,RandomFuzzyRules__max_rules__6,1235,137,4,0.927007299270073,0.9193548387096775,0.972174288179465,0.1577381999231875,0.0002370000584051013
267,Banknote Authentication,3,RandomFuzzyRules__max_rules__7,1235,137,4,0.927007299270073,0.9193548387096775,0.972174288179465,0.1903009999077767,0.00023330003023147583
267,Banknote Authentication,4,RandomFuzzyRules__max_rules__2,1235,137,4,0.9197080291970803,0.9090909090909091,0.9885677308024159,0.14248220005538315,0.00034570007119327784
267,Banknote Authentication,4,RandomFuzzyRules__max_rules__3,1235,137,4,0.9197080291970803,0.9090909090909091,0.9885677308024159,0.11585270008072257,0.0002413999754935503
267,Banknote Authentication,4,RandomFuzzyRules__max_rules__4,1235,137,4,0.9197080291970803,0.9172932330827067,0.9993528904227782,0.15532640006858855,0.00034229992888867855
267,Banknote Authentication,4,RandomFuzzyRules__max_rules__5,1235,137,4,0.8613138686131386,0.8190476190476191,0.9266609145815359,0.1427174999844283,0.0003030999796465039
267,Banknote Authentication,4,RandomFuzzyRules__max_rules__6,1235,137,4,0.9051094890510949,0.8943089430894309,0.9710957722174287,0.1902175999712199,0.00029280001763254404
267,Banknote Authentication,4,RandomFuzzyRules__max_rules__7,1235,137,4,0.9051094890510949,0.8943089430894309,0.9710957722174287,0.17047519993502647,0.00033140007872134447
267,Banknote Authentication,5,RandomFuzzyRules__max_rules__2,1235,137,4,0.9562043795620438,0.9523809523809524,0.9937446074201899,0.15122040000278503,0.00028519995976239443
267,Banknote Authentication,5,RandomFuzzyRules__max_rules__3,1235,137,4,0.9562043795620438,0.9523809523809524,0.9937446074201899,0.13364989997353405,0.00035820004995912313
267,Banknote Authentication,5,RandomFuzzyRules__max_rules__4,1235,137,4,0.927007299270073,0.9242424242424242,0.9995685936151856,0.15618569997604936,0.0003002999583259225
267,Banknote Authentication,5,RandomFuzzyRules__max_rules__5,1235,137,4,0.8905109489051095,0.8695652173913043,0.9288179465056081,0.15579170000273734,0.0003429000498726964
267,Banknote Authentication,5,RandomFuzzyRules__max_rules__6,1235,137,4,0.948905109489051,0.9448818897637795,0.9779982743744606,0.16341989999637008,0.00034030003007501364
267,Banknote Authentication,5,RandomFuzzyRules__max_rules__7,1235,137,4,0.948905109489051,0.9448818897637795,0.9779982743744606,0.17286000004969537,0.00033929990604519844
267,Banknote Authentication,6,RandomFuzzyRules__max_rules__2,1235,137,4,0.948905109489051,0.944,0.9943917169974116,0.1458547000074759,0.0002861999673768878
267,Banknote Authentication,6,RandomFuzzyRules__max_rules__3,1235,137,4,0.948905109489051,0.944,0.9943917169974116,0.12919649994000793,0.00029859994538128376
267,Banknote Authentication,6,RandomFuzzyRules__max_rules__4,1235,137,4,0.948905109489051,0.9457364341085273,0.9997842968075927,0.13100420008413494,0.0002940000267699361
267,Banknote Authentication,6,RandomFuzzyRules__max_rules__5,1235,137,4,0.9197080291970803,0.9026548672566372,0.952113891285591,0.15340220008511096,0.00029159989207983017
267,Banknote Authentication,6,RandomFuzzyRules__max_rules__6,1235,137,4,0.9343065693430657,0.9291338582677166,0.9680759275237273,0.16116779996082187,0.00034090003464370966
267,Banknote Authentication,6,RandomFuzzyRules__max_rules__7,1235,137,4,0.9343065693430657,0.9291338582677166,0.9680759275237273,0.16756079997867346,0.00027570000384002924
267,Banknote Authentication,7,RandomFuzzyRules__max_rules__2,1235,137,4,0.9416058394160584,0.9375,0.9877049180327868,0.1416533999145031,0.0003532000118866563
267,Banknote Authentication,7,RandomFuzzyRules__max_rules__3,1235,137,4,0.9416058394160584,0.9375,0.9877049180327868,0.16159909998532385,0.0003458999563008547
267,Banknote Authentication,7,RandomFuzzyRules__max_rules__4,1235,137,4,0.927007299270073,0.9242424242424242,0.989430543572045,0.18429060000926256,0.00023859995417296886
267,Banknote Authentication,7,RandomFuzzyRules__max_rules__5,1235,137,4,0.9124087591240876,0.8965517241379309,0.9257981018119067,0.16038090002257377,0.00036529998760670424
267,Banknote Authentication,7,RandomFuzzyRules__max_rules__6,1235,137,4,0.948905109489051,0.9448818897637795,0.9836065573770492,0.1659485000418499,0.0002973999362438917
267,Banknote Authentication,7,RandomFuzzyRules__max_rules__7,1235,137,4,0.948905109489051,0.9448818897637795,0.9836065573770492,0.19207360001746565,0.00034829997457563877
267,Banknote Authentication,8,RandomFuzzyRules__max_rules__2,1235,137,4,0.9197080291970803,0.9172932330827067,0.9874892148403797,0.16361340007279068,0.0003282999387010932
267,Banknote Authentication,8,RandomFuzzyRules__max_rules__3,1235,137,4,0.9197080291970803,0.9172932330827067,0.9874892148403797,0.13201479997951537,0.0003315999638289213
267,Banknote Authentication,8,RandomFuzzyRules__max_rules__4,1235,137,4,0.8759124087591241,0.8776978417266188,0.9982743744607421,0.15690259996335953,0.00035669992212206125
267,Banknote Authentication,8,RandomFuzzyRules__max_rules__5,1235,137,4,0.8832116788321168,0.864406779661017,0.9206212251941328,0.1528239999897778,0.00034010002855211496
267,Banknote Authentication,8,RandomFuzzyRules__max_rules__6,1235,137,4,0.9197080291970803,0.9147286821705426,0.9743313201035375,0.17792720010038465,0.00023580004926770926
267,Banknote Authentication,8,RandomFuzzyRules__max_rules__7,1235,137,4,0.9197080291970803,0.9147286821705426,0.9743313201035375,0.18954199994914234,0.0003402000293135643
267,Banknote Authentication,9,RandomFuzzyRules__max_rules__2,1235,137,4,0.9562043795620438,0.95,0.9922346850733391,0.15036909992340952,0.0003408000338822603
267,Banknote Authentication,9,RandomFuzzyRules__max_rules__3,1235,137,4,0.9562043795620438,0.95,0.9922346850733391,0.12746850005351007,0.00034529995173215866
267,Banknote Authentication,9,RandomFuzzyRules__max_rules__4,1235,137,4,0.948905109489051,0.9457364341085273,0.9967644521138912,0.138925600098446,0.0002476000227034092
267,Banknote Authentication,9,RandomFuzzyRules__max_rules__5,1235,137,4,0.9051094890510949,0.882882882882883,0.9710957722174288,0.17822690005414188,0.00035069999285042286
267,Banknote Authentication,9,RandomFuzzyRules__max_rules__6,1235,137,4,0.9343065693430657,0.9268292682926829,0.9805867126833477,0.18731189996469766,0.00032600003760308027
267,Banknote Authentication,9,RandomFuzzyRules__max_rules__7,1235,137,4,0.9343065693430657,0.9268292682926829,0.9805867126833477,0.15527029999066144,0.0003355999942868948
267,Banknote Authentication,10,RandomFuzzyRules__max_rules__2,1235,137,4,0.9635036496350365,0.96,0.9928817946505608,0.1416795999975875,0.000265000038780272
267,Banknote Authentication,10,RandomFuzzyRules__max_rules__3,1235,137,4,0.9635036496350365,0.96,0.9928817946505608,0.11617920000571758,0.0003258000360801816
267,Banknote Authentication,10,RandomFuzzyRules__max_rules__4,1235,137,4,0.9197080291970803,0.9172932330827067,0.9982743744607421,0.11613370000850409,0.0002405999694019556
267,Banknote Authentication,10,RandomFuzzyRules__max_rules__5,1235,137,4,0.9051094890510949,0.8849557522123893,0.9583692838654012,0.12219310004729778,0.0003512999974191189
267,Banknote Authentication,10,RandomFuzzyRules__max_rules__6,1235,137,4,0.948905109489051,0.944,0.9946074201898187,0.13347390003036708,0.00033279997296631336
267,Banknote Authentication,10,RandomFuzzyRules__max_rules__7,1235,137,4,0.948905109489051,0.944,0.9946074201898187,0.14097089995630085,0.00033110007643699646
277,Thoracic Surgery Data,1,RandomFuzzyRules__max_rules__2,423,47,16,0.851063829787234,0.0,0.5,0.05326780001632869,0.00036339997313916683
277,Thoracic Surgery Data,1,RandomFuzzyRules__max_rules__3,423,47,16,0.851063829787234,0.0,0.5,0.05741250002756715,0.00035390001721680164
277,Thoracic Surgery Data,1,RandomFuzzyRules__max_rules__4,423,47,16,0.851063829787234,0.0,0.5,0.06077209999784827,0.00029340002220124006
277,Thoracic Surgery Data,1,RandomFuzzyRules__max_rules__5,423,47,16,0.851063829787234,0.0,0.5,0.07742580003105104,0.0002949000336229801
277,Thoracic Surgery Data,1,RandomFuzzyRules__max_rules__6,423,47,16,0.851063829787234,0.0,0.5,0.06802520004566759,0.00024309998843818903
277,Thoracic Surgery Data,1,RandomFuzzyRules__max_rules__7,423,47,16,0.851063829787234,0.0,0.5142857142857142,0.07500070007517934,0.0003549999091774225
277,Thoracic Surgery Data,2,RandomFuzzyRules__max_rules__2,423,47,16,0.8297872340425532,0.0,0.4875,0.05502730002626777,0.00034730008337646723
277,Thoracic Surgery Data,2,RandomFuzzyRules__max_rules__3,423,47,16,0.851063829787234,0.22222222222222224,0.5589285714285713,0.0636493000201881,0.00022759998682886362
277,Thoracic Surgery Data,2,RandomFuzzyRules__max_rules__4,423,47,16,0.8297872340425532,0.0,0.4875,0.06294079998042434,0.000341000035405159
277,Thoracic Surgery Data,2,RandomFuzzyRules__max_rules__5,423,47,16,0.8297872340425532,0.0,0.4875,0.06396820000372827,0.0002905000001192093
277,Thoracic Surgery Data,2,RandomFuzzyRules__max_rules__6,423,47,16,0.8297872340425532,0.0,0.4875,0.06569660000968724,0.0003464999608695507
277,Thoracic Surgery Data,2,RandomFuzzyRules__max_rules__7,423,47,16,0.851063829787234,0.22222222222222224,0.5589285714285713,0.08130580000579357,0.00024089997168630362
277,Thoracic Surgery Data,3,RandomFuzzyRules__max_rules__2,423,47,16,0.851063829787234,0.0,0.5,0.0547923999838531,0.00030239997431635857
277,Thoracic Surgery Data,3,RandomFuzzyRules__max_rules__3,423,47,16,0.851063829787234,0.0,0.5,0.07126100000459701,0.00033549999352544546
277,Thoracic Surgery Data,3,RandomFuzzyRules__max_rules__4,423,47,16,0.851063829787234,0.0,0.5,0.07740299997385591,0.00024179997853934765
277,Thoracic Surgery Data,3,RandomFuzzyRules__max_rules__5,423,47,16,0.851063829787234,0.0,0.5,0.056842599995434284,0.00043910008389502764
277,Thoracic Surgery Data,3,RandomFuzzyRules__max_rules__6,423,47,16,0.851063829787234,0.0,0.5,0.07907559990417212,0.0003033000975847244
277,Thoracic Surgery Data,3,RandomFuzzyRules__max_rules__7,423,47,16,0.851063829787234,0.0,0.5,0.06355079996865243,0.0002975000534206629
277,Thoracic Surgery Data,4,RandomFuzzyRules__max_rules__2,423,47,16,0.8085106382978723,0.0,0.475,0.053562200046144426,0.0003162999637424946
277,Thoracic Surgery Data,4,RandomFuzzyRules__max_rules__3,423,47,16,0.8085106382978723,0.0,0.475,0.05750819994136691,0.0003250000299885869
277,Thoracic Surgery Data,4,RandomFuzzyRules__max_rules__4,423,47,16,0.8085106382978723,0.0,0.475,0.054169800016097724,0.0003233000170439482
277,Thoracic Surgery Data,4,RandomFuzzyRules__max_rules__5,423,47,16,0.8085106382978723,0.0,0.475,0.056307699996978045,0.0003245000261813402
277,Thoracic Surgery Data,4,RandomFuzzyRules__max_rules__6,423,47,16,0.8085106382978723,0.0,0.475,0.06605420005507767,0.0003272000467404723
277,Thoracic Surgery Data,4,RandomFuzzyRules__max_rules__7,423,47,16,0.8297872340425532,0.2,0.5464285714285714,0.06247329991310835,0.00032540003303438425
277,Thoracic Surgery Data,5,RandomFuzzyRules__max_rules__2,423,47,16,0.851063829787234,0.0,0.5,0.04895930003840476,0.0003244000254198909
277,Thoracic Surgery Data,5,RandomFuzzyRules__max_rules__3,423,47,16,0.851063829787234,0.0,0.5,0.06144039996434003,0.0003502999898046255
277,Thoracic Surgery Data,5,RandomFuzzyRules__max_rules__4,423,47,16,0.851063829787234,0.0,0.5,0.060214499942958355,0.00028899998869746923
277,Thoracic Surgery Data,5,RandomFuzzyRules__max_rules__5,423,47,16,0.8085106382978723,0.0,0.5142857142857142,0.05770230002235621,0.00034439994487911463
277,Thoracic Surgery Data,5,RandomFuzzyRules__max_rules__6,423,47,16,0.851063829787234,0.0,0.5,0.06923530006315559,0.00034110003616660833
277,Thoracic Surgery Data,5,RandomFuzzyRules__max_rules__7,423,47,16,0.851063829787234,0.0,0.5,0.07030160003341734,0.00034549995325505733
277,Thoracic Surgery Data,6,RandomFuzzyRules__max_rules__2,423,47,16,0.851063829787234,0.0,0.5,0.0693741999566555,0.00031969998963177204
277,Thoracic Surgery Data,6,RandomFuzzyRules__max_rules__3,423,47,16,0.851063829787234,0.0,0.5,0.05882420006673783,0.0003386000171303749
277,Thoracic Surgery Data,6,RandomFuzzyRules__max_rules__4,423,47,16,0.851063829787234,0.0,0.5,0.063857699977234,0.00033549999352544546
277,Thoracic Surgery Data,6,RandomFuzzyRules__max_rules__5,423,47,16,0.851063829787234,0.0,0.5,0.06097689992748201,0.00034840009175240993
277,Thoracic Surgery Data,6,RandomFuzzyRules__max_rules__6,423,47,16,0.851063829787234,0.0,0.5,0.07276299991644919,0.000242199981585145
277,Thoracic Surgery Data,6,RandomFuzzyRules__max_rules__7,423,47,16,0.851063829787234,0.0,0.5,0.0697246000636369,0.00029689993243664503
277,Thoracic Surgery Data,7,RandomFuzzyRules__max_rules__2,423,47,16,0.8297872340425532,0.0,0.4875,0.046958699938841164,0.00025679997634142637
277,Thoracic Surgery Data,7,RandomFuzzyRules__max_rules__3,423,47,16,0.8297872340425532,0.0,0.4875,0.058689899975433946,0.00036559998989105225
277,Thoracic Surgery Data,7,RandomFuzzyRules__max_rules__4,423,47,16,0.8297872340425532,0.0,0.4875,0.06360839994158596,0.00029250001534819603
277,Thoracic Surgery Data,7,RandomFuzzyRules__max_rules__5,423,47,16,0.8297872340425532,0.0,0.4875,0.06876519997604191,0.0003377000102773309
277,Thoracic Surgery Data,7,RandomFuzzyRules__max_rules__6,423,47,16,0.8297872340425532,0.0,0.4875,0.06555309996474534,0.00023360003251582384
277,Thoracic Surgery Data,7,RandomFuzzyRules__max_rules__7,423,47,16,0.8297872340425532,0.0,0.4875,0.07553489995189011,0.00029710005037486553
277,Thoracic Surgery Data,8,RandomFuzzyRules__max_rules__2,423,47,16,0.8723404255319149,0.25,0.5714285714285714,0.05238599993754178,0.00027920003049075603
277,Thoracic Surgery Data,8,RandomFuzzyRules__max_rules__3,423,47,16,0.8723404255319149,0.25,0.5714285714285714,0.06168959999922663,0.0005368000129237771
277,Thoracic Surgery Data,8,RandomFuzzyRules__max_rules__4,423,47,16,0.851063829787234,0.0,0.5,0.06087950000073761,0.00030780001543462276
277,Thoracic Surgery Data,8,RandomFuzzyRules__max_rules__5,423,47,16,0.851063829787234,0.0,0.5,0.06296299991663545,0.0003461000742390752
277,Thoracic Surgery Data,8,RandomFuzzyRules__max_rules__6,423,47,16,0.8723404255319149,0.25,0.5714285714285714,0.07265859993640333,0.0003375000087544322
277,Thoracic Surgery Data,8,RandomFuzzyRules__max_rules__7,423,47,16,0.851063829787234,0.0,0.5,0.07078370009548962,0.00034300005063414574
277,Thoracic Surgery Data,9,RandomFuzzyRules__max_rules__2,423,47,16,0.8297872340425532,0.0,0.4875,0.05170630000066012,0.00031479995232075453
277,Thoracic Surgery Data,9,RandomFuzzyRules__max_rules__3,423,47,16,0.851063829787234,0.22222222222222224,0.5589285714285713,0.0704991000238806,0.00023100001271814108
277,Thoracic Surgery Data,9,RandomFuzzyRules__max_rules__4,423,47,16,0.8297872340425532,0.0,0.4875,0.08383699995465577,0.0002856000792235136
277,Thoracic Surgery Data,9,RandomFuzzyRules__max_rules__5,423,47,16,0.8297872340425532,0.0,0.4875,0.0819201999111101,0.00021620001643896103
277,Thoracic Surgery Data,9,RandomFuzzyRules__max_rules__6,423,47,16,0.8297872340425532,0.0,0.4875,0.07833379996009171,0.00034829997457563877
277,Thoracic Surgery Data,9,RandomFuzzyRules__max_rules__7,423,47,16,0.851063829787234,0.22222222222222224,0.5589285714285713,0.07496169989462942,0.0003228000132367015
277,Thoracic Surgery Data,10,RandomFuzzyRules__max_rules__2,423,47,16,0.8297872340425532,0.0,0.4875,0.05376600008457899,0.0003458999563008547
277,Thoracic Surgery Data,10,RandomFuzzyRules__max_rules__3,423,47,16,0.8723404255319149,0.25,0.5714285714285714,0.04865989997051656,0.0002604000037536025
277,Thoracic Surgery Data,10,RandomFuzzyRules__max_rules__4,423,47,16,0.851063829787234,0.0,0.5,0.06430130009539425,0.00033240008633583784
277,Thoracic Surgery Data,10,RandomFuzzyRules__max_rules__5,423,47,16,0.851063829787234,0.0,0.5,0.06282650004141033,0.00036689999978989363
277,Thoracic Surgery Data,10,RandomFuzzyRules__max_rules__6,423,47,16,0.8723404255319149,0.25,0.5714285714285714,0.08774699992500246,0.0003388000186532736
277,Thoracic Surgery Data,10,RandomFuzzyRules__max_rules__7,423,47,16,0.8297872340425532,0.0,0.4875,0.07766229996923357,0.0003367000026628375
327,Phishing Websites,1,RandomFuzzyRules__max_rules__2,9949,1106,30,0.8942133815551537,0.9051094890510949,0.9088142724622316,0.48841860005632043,0.0005187999922782183
327,Phishing Websites,1,RandomFuzzyRules__max_rules__3,9949,1106,30,0.8743218806509946,0.8902920284135755,0.8635237211767823,0.46493709995411336,0.0005025999853387475
327,Phishing Websites,1,RandomFuzzyRules__max_rules__4,9949,1106,30,0.8725135623869801,0.8885375494071146,0.8582212430426717,0.4833070000167936,0.00037839997094124556
327,Phishing Websites,1,RandomFuzzyRules__max_rules__5,9949,1106,30,0.8851717902350814,0.9007036747458952,0.8928886164855554,0.6592527000466362,0.00039409997407346964
327,Phishing Websites,1,RandomFuzzyRules__max_rules__6,9949,1106,30,0.8815551537070524,0.8994627782041443,0.9350549960243838,0.6827606000006199,0.0004770000232383609
327,Phishing Websites,1,RandomFuzzyRules__max_rules__7,9949,1106,30,0.8851717902350814,0.9007036747458952,0.8928223562152133,0.5727455000160262,0.0005585000617429614
327,Phishing Websites,2,RandomFuzzyRules__max_rules__2,9949,1106,30,0.9005424954792043,0.9099836333878887,0.9178107606679035,0.4205071999458596,0.0004973000613972545
327,Phishing Websites,2,RandomFuzzyRules__max_rules__3,9949,1106,30,0.8842676311030742,0.8976,0.8739961569043202,0.47038380010053515,0.0005048998864367604
327,Phishing Websites,2,RandomFuzzyRules__max_rules__4,9949,1106,30,0.8833634719710669,0.8967173738991193,0.8696975218658892,0.5045896000228822,0.00048040004912763834
327,Phishing Websites,2,RandomFuzzyRules__max_rules__5,9949,1106,30,0.8933092224231465,0.9063492063492063,0.8987228332891598,0.5193882000166923,0.0004958999343216419
327,Phishing Websites,2,RandomFuzzyRules__max_rules__6,9949,1106,30,0.8933092224231465,0.9076682316118937,0.9428670818976942,0.5552136999322101,0.0005169999785721302
327,Phishing Websites,2,RandomFuzzyRules__max_rules__7,9949,1106,30,0.8933092224231465,0.9063492063492063,0.8986482904850251,0.571447099908255,0.0006023000460118055
327,Phishing Websites,3,RandomFuzzyRules__max_rules__2,9949,1106,30,0.9086799276672695,0.9176854115729421,0.9235455870659952,0.41430689999833703,0.0005253999261185527
327,Phishing Websites,3,RandomFuzzyRules__max_rules__3,9949,1106,30,0.8924050632911392,0.9051792828685259,0.8823134773389876,0.47629100002814084,0.0005005999701097608
327,Phishing Websites,3,RandomFuzzyRules__max_rules__4,9949,1106,30,0.8924050632911392,0.9051792828685259,0.8798436257619932,0.4902330000186339,0.00032600003760308027
327,Phishing Websites,3,RandomFuzzyRules__max_rules__5,9949,1106,30,0.9023508137432188,0.9146919431279621,0.90536045587066,0.5224753000074998,0.0004932000301778316
327,Phishing Websites,3,RandomFuzzyRules__max_rules__6,9949,1106,30,0.8905967450271248,0.9056897895557288,0.9462678902729923,0.572950099944137,0.0005197999998927116
327,Phishing Websites,3,RandomFuzzyRules__max_rules__7,9949,1106,30,0.9023508137432188,0.9146919431279621,0.9055343890803075,0.5687638999661431,0.0006241999799385667
327,Phishing Websites,4,RandomFuzzyRules__max_rules__2,9949,1106,30,0.9150090415913201,0.9228243021346468,0.9294261860588391,0.42175169999245554,0.0004930999130010605
327,Phishing Websites,4,RandomFuzzyRules__max_rules__3,9949,1106,30,0.9005424954792043,0.9111470113085622,0.8917903525046382,0.48904359992593527,0.0005076000234112144
327,Phishing Websites,4,RandomFuzzyRules__max_rules__4,9949,1106,30,0.9005424954792043,0.9111470113085622,0.8896766498807315,0.504314300022088,0.0004857999738305807
327,Phishing Websites,4,RandomFuzzyRules__max_rules__5,9949,1106,30,0.9050632911392406,0.9155269509251811,0.9071527961834085,0.52001339988783,0.0005206000059843063
327,Phishing Websites,4,RandomFuzzyRules__max_rules__6,9949,1106,30,0.906871609403255,0.9181890389197777,0.9526669758812616,0.5486400999361649,0.0004909000126644969
327,Phishing Websites,4,RandomFuzzyRules__max_rules__7,9949,1106,30,0.903254972875226,0.9140562248995984,0.9071494831698914,0.5504778000758961,0.0005945999873802066
327,Phishing Websites,5,RandomFuzzyRules__max_rules__2,9949,1106,30,0.9005424954792043,0.9095394736842105,0.9202425125894513,0.4243979000020772,0.0004905000096186996
327,Phishing Websites,5,RandomFuzzyRules__max_rules__3,9949,1106,30,0.8842676311030742,0.8972712680577849,0.8766714153193746,0.511366100050509,0.0005025999853387475
327,Phishing Websites,5,RandomFuzzyRules__max_rules__4,9949,1106,30,0.8833634719710669,0.8963855421686748,0.8726063477338988,0.5017682999605313,0.000521700014360249
327,Phishing Websites,5,RandomFuzzyRules__max_rules__5,9949,1106,30,0.891500904159132,0.9043062200956937,0.8968426981182084,0.5313304000301287,0.00042559998109936714
327,Phishing Websites,5,RandomFuzzyRules__max_rules__6,9949,1106,30,0.8851717902350814,0.9002356637863315,0.9435793798038695,0.7370701000327244,0.0004121999954804778
327,Phishing Websites,5,RandomFuzzyRules__max_rules__7,9949,1106,30,0.8896925858951176,0.9028662420382165,0.896744964219454,0.5755741000175476,0.0005590999498963356
327,Phishing Websites,6,RandomFuzzyRules__max_rules__2,9950,1105,30,0.897737556561086,0.9087974172719935,0.9149759415961507,0.4192481000209227,0.00042339996434748173
327,Phishing Websites,6,RandomFuzzyRules__max_rules__3,9950,1105,30,0.8823529411764706,0.8971518987341772,0.8737282229965158,0.46343910007271916,0.0003972999984398484
327,Phishing Websites,6,RandomFuzzyRules__max_rules__4,9950,1105,30,0.881447963800905,0.8962787015043546,0.8690625518500084,0.5034822999732569,0.0004830000689253211
327,Phishing Websites,6,RandomFuzzyRules__max_rules__5,9950,1105,30,0.8950226244343892,0.9092331768388106,0.9043537414965986,0.5345103999134153,0.0004961000522598624
327,Phishing Websites,6,RandomFuzzyRules__max_rules__6,9950,1105,30,0.885972850678733,0.9024767801857586,0.9370897627343621,0.5477999000577256,0.0004773999098688364
327,Phishing Websites,6,RandomFuzzyRules__max_rules__7,9950,1105,30,0.8941176470588236,0.90852228303362,0.9043504230960677,0.5366260999580845,0.0006141000194475055
327,Phishing Websites,7,RandomFuzzyRules__max_rules__2,9950,1105,30,0.9095022624434389,0.9178981937602627,0.9226679940268792,0.42789329995866865,0.0005050000036135316
327,Phishing Websites,7,RandomFuzzyRules__max_rules__3,9950,1105,30,0.902262443438914,0.9123376623376623,0.891373817819811,0.4708358000498265,0.0005151999648660421
327,Phishing Websites,7,RandomFuzzyRules__max_rules__4,9950,1105,30,0.902262443438914,0.9123376623376623,0.8890924174547868,0.5146650000242516,0.0003525000065565109
327,Phishing Websites,7,RandomFuzzyRules__max_rules__5,9950,1105,30,0.9113122171945701,0.9210950080515298,0.9127526132404181,0.5244377000490203,0.0005066999001428485
327,Phishing Websites,7,RandomFuzzyRules__max_rules__6,9950,1105,30,0.9104072398190045,0.9218626677190213,0.9496217023394724,0.544378700084053,0.0005061000119894743
327,Phishing Websites,7,RandomFuzzyRules__max_rules__7,9950,1105,30,0.9104072398190045,0.9203539823008849,0.9125385764061722,0.5563687999965623,0.0006015000399202108
327,Phishing Websites,8,RandomFuzzyRules__max_rules__2,9950,1105,30,0.9049773755656109,0.9138638228055783,0.9217454786792766,0.43058300006669015,0.0003692999016493559
327,Phishing Websites,8,RandomFuzzyRules__max_rules__3,9950,1105,30,0.8923076923076924,0.9036437246963563,0.8870433051269289,0.565654999925755,0.0004926000256091356
327,Phishing Websites,8,RandomFuzzyRules__max_rules__4,9950,1105,30,0.8914027149321267,0.9027552674230145,0.883086112493778,0.481887900037691,0.0005035999929532409
327,Phishing Websites,8,RandomFuzzyRules__max_rules__5,9950,1105,30,0.9031674208144796,0.9141940657578188,0.909532105525137,0.537680400069803,0.0004989999579265714
327,Phishing Websites,8,RandomFuzzyRules__max_rules__6,9950,1105,30,0.890497737556561,0.9043478260869565,0.9445146839223495,0.5708966000238433,0.0004960999358445406
327,Phishing Websites,8,RandomFuzzyRules__max_rules__7,9950,1105,30,0.9013574660633484,0.9127301841473178,0.909444167911067,0.5594331999309361,0.0006306000286713243
327,Phishing Websites,9,RandomFuzzyRules__max_rules__2,9950,1105,30,0.9004524886877828,0.9110032362459547,0.9147196106551934,0.4309217999689281,0.0005107000470161438
327,Phishing Websites,9,RandomFuzzyRules__max_rules__3,9950,1105,30,0.8914027149321267,0.9044585987261146,0.8831368018484583,0.4786524000810459,0.0005279999459162354
327,Phishing Websites,9,RandomFuzzyRules__max_rules__4,9950,1105,30,0.890497737556561,0.9035856573705179,0.8798601705043423,0.49845700000878423,0.0004778999136760831
327,Phishing Websites,9,RandomFuzzyRules__max_rules__5,9950,1105,30,0.8968325791855204,0.9096671949286846,0.9018404907975459,0.6604857000056654,0.0004259999841451645
327,Phishing Websites,9,RandomFuzzyRules__max_rules__6,9950,1105,30,0.8941176470588236,0.9088074824629775,0.9367497277773351,0.541224000044167,0.0005302999634295702
327,Phishing Websites,9,RandomFuzzyRules__max_rules__7,9950,1105,30,0.8959276018099548,0.9089469517022961,0.9019533636098053,0.634430899983272,0.0005646999925374985
327,Phishing Websites,10,RandomFuzzyRules__max_rules__2,9950,1105,30,0.8995475113122172,0.9098294069861901,0.9156640905107162,0.4189032999565825,0.00048649997916072607
327,Phishing Websites,10,RandomFuzzyRules__max_rules__3,9950,1105,30,0.8923076923076924,0.9050279329608938,0.8836663081294983,0.46624679991509765,0.000534399994648993
327,Phishing Websites,10,RandomFuzzyRules__max_rules__4,9950,1105,30,0.8914027149321267,0.9041533546325877,0.8796560035056968,0.4953232000116259,0.00047149998135864735
327,Phishing Websites,10,RandomFuzzyRules__max_rules__5,9950,1105,30,0.897737556561086,0.9102462271644162,0.9022670836321142,0.5290460999822244,0.0005037999944761395
327,Phishing Websites,10,RandomFuzzyRules__max_rules__6,9950,1105,30,0.8823529411764706,0.8990683229813665,0.9381772368735559,0.5475925999926403,0.0004926999099552631
327,Phishing Websites,10,RandomFuzzyRules__max_rules__7,9950,1105,30,0.897737556561086,0.9102462271644162,0.9021957081773033,0.5407937000272796,0.0006098999874666333
329,Diabetic Retinopathy Debrecen,1,RandomFuzzyRules__max_rules__2,1035,116,18,0.5775862068965517,0.5050505050505051,0.6526284348864995,0.09110730001702905,0.00040090002585202456
329,Diabetic Retinopathy Debrecen,1,RandomFuzzyRules__max_rules__3,1035,116,18,0.5689655172413793,0.45652173913043476,0.6448626045400239,0.1113982000388205,0.0002831999445334077
329,Diabetic Retinopathy Debrecen,1,RandomFuzzyRules__max_rules__4,1035,116,18,0.6120689655172413,0.5360824742268042,0.6705495818399043,0.126814000075683,0.0003073998959735036
329,Diabetic Retinopathy Debrecen,1,RandomFuzzyRules__max_rules__5,1035,116,18,0.5948275862068966,0.49462365591397855,0.6556152927120669,0.09705380001105368,0.0003695000195875764
329,Diabetic Retinopathy Debrecen,1,RandomFuzzyRules__max_rules__6,1035,116,18,0.5948275862068966,0.6240000000000001,0.654121863799283,0.09928399999625981,0.0002601000014692545
329,Diabetic Retinopathy Debrecen,1,RandomFuzzyRules__max_rules__7,1035,116,18,0.6120689655172413,0.5631067961165048,0.6702508960573477,0.10605090006720275,0.000296299927867949
329,Diabetic Retinopathy Debrecen,2,RandomFuzzyRules__max_rules__2,1036,115,18,0.7130434782608696,0.6857142857142857,0.7510625379477838,0.0772291999310255,0.00022460008040070534
329,Diabetic Retinopathy Debrecen,2,RandomFuzzyRules__max_rules__3,1036,115,18,0.6260869565217392,0.6559999999999999,0.7380085003035823,0.08435079990886152,0.0003185000969097018
329,Diabetic Retinopathy Debrecen,2,RandomFuzzyRules__max_rules__4,1036,115,18,0.7043478260869566,0.6458333333333334,0.7413479052823316,0.09294919995591044,0.0003367000026628375
329,Diabetic Retinopathy Debrecen,2,RandomFuzzyRules__max_rules__5,1036,115,18,0.6086956521739131,0.6666666666666667,0.7085610200364298,0.11219110002275556,0.00029719993472099304
329,Diabetic Retinopathy Debrecen,2,RandomFuzzyRules__max_rules__6,1036,115,18,0.6434782608695652,0.6434782608695653,0.70856102003643,0.12173989997245371,0.00026110000908374786
329,Diabetic Retinopathy Debrecen,2,RandomFuzzyRules__max_rules__7,1036,115,18,0.7043478260869566,0.6530612244897959,0.7735276259866424,0.11943690001498908,0.000381499994546175
329,Diabetic Retinopathy Debrecen,3,RandomFuzzyRules__max_rules__2,1036,115,18,0.5565217391304348,0.3703703703703703,0.7027929568913176,0.07567370007745922,0.0002885001013055444
329,Diabetic Retinopathy Debrecen,3,RandomFuzzyRules__max_rules__3,1036,115,18,0.6347826086956522,0.5333333333333333,0.7571341833636915,0.08661490003578365,0.0002609000075608492
329,Diabetic Retinopathy Debrecen,3,RandomFuzzyRules__max_rules__4,1036,115,18,0.6521739130434783,0.6551724137931035,0.7103825136612022,0.08329569990746677,0.0002473000204190612
329,Diabetic Retinopathy Debrecen,3,RandomFuzzyRules__max_rules__5,1036,115,18,0.6521739130434783,0.6551724137931035,0.7103825136612022,0.09892330004367977,0.0003081000177189708
329,Diabetic Retinopathy Debrecen,3,RandomFuzzyRules__max_rules__6,1036,115,18,0.6608695652173913,0.6666666666666667,0.7474195506982392,0.1033797999843955,0.0003162999637424946
329,Diabetic Retinopathy Debrecen,3,RandomFuzzyRules__max_rules__7,1036,115,18,0.6521739130434783,0.6078431372549019,0.7140255009107469,0.11142810003366321,0.00032599992118775845
329,Diabetic Retinopathy Debrecen,4,RandomFuzzyRules__max_rules__2,1036,115,18,0.5826086956521739,0.5471698113207547,0.6554341226472373,0.07917030004318804,0.00032309989910572767
329,Diabetic Retinopathy Debrecen,4,RandomFuzzyRules__max_rules__3,1036,115,18,0.5739130434782609,0.5148514851485149,0.680327868852459,0.10521589999552816,0.000345399952493608
329,Diabetic Retinopathy Debrecen,4,RandomFuzzyRules__max_rules__4,1036,115,18,0.5478260869565217,0.45833333333333337,0.6681845780206436,0.11125640000682324,0.0003461999585852027
329,Diabetic Retinopathy Debrecen,4,RandomFuzzyRules__max_rules__5,1036,115,18,0.5652173913043478,0.40476190476190477,0.705525197328476,0.09668830002192408,0.0004124999977648258
329,Diabetic Retinopathy Debrecen,4,RandomFuzzyRules__max_rules__6,1036,115,18,0.6,0.5660377358490566,0.688221007893139,0.10199370002374053,0.0003747000591829419
329,Diabetic Retinopathy Debrecen,4,RandomFuzzyRules__max_rules__7,1036,115,18,0.6260869565217392,0.5473684210526315,0.6678809957498483,0.1062289000255987,0.0003344999859109521
329,Diabetic Retinopathy Debrecen,5,RandomFuzzyRules__max_rules__2,1036,115,18,0.591304347826087,0.5523809523809523,0.6393442622950819,0.07680659997276962,0.00031949998810887337
329,Diabetic Retinopathy Debrecen,5,RandomFuzzyRules__max_rules__3,1036,115,18,0.5652173913043478,0.5901639344262295,0.628415300546448,0.08000129996798933,0.00027469999622553587
329,Diabetic Retinopathy Debrecen,5,RandomFuzzyRules__max_rules__4,1036,115,18,0.6173913043478261,0.5599999999999999,0.6220400728597449,0.09227399993687868,0.0002447000006213784
329,Diabetic Retinopathy Debrecen,5,RandomFuzzyRules__max_rules__5,1036,115,18,0.591304347826087,0.6518518518518518,0.6505768063145112,0.09704899997450411,0.00026050000451505184
329,Diabetic Retinopathy Debrecen,5,RandomFuzzyRules__max_rules__6,1036,115,18,0.6260869565217392,0.6386554621848739,0.6769884638737097,0.10157769999932498,0.00025949999690055847
329,Diabetic Retinopathy Debrecen,5,RandomFuzzyRules__max_rules__7,1036,115,18,0.6260869565217392,0.5274725274725275,0.644808743169399,0.11753819999285042,0.0002631000243127346
329,Diabetic Retinopathy Debrecen,6,RandomFuzzyRules__max_rules__2,1036,115,18,0.5478260869565217,0.4999999999999999,0.587431693989071,0.09335610002744943,0.00029889994766563177
329,Diabetic Retinopathy Debrecen,6,RandomFuzzyRules__max_rules__3,1036,115,18,0.5478260869565217,0.5666666666666667,0.5956284153005464,0.07564570009708405,0.000255799968726933
329,Diabetic Retinopathy Debrecen,6,RandomFuzzyRules__max_rules__4,1036,115,18,0.48695652173913045,0.562962962962963,0.5931997571341833,0.11173529992811382,0.00030479999259114265
329,Diabetic Retinopathy Debrecen,6,RandomFuzzyRules__max_rules__5,1036,115,18,0.5478260869565217,0.6119402985074627,0.5971463266545234,0.09501629997976124,0.00029390002600848675
329,Diabetic Retinopathy Debrecen,6,RandomFuzzyRules__max_rules__6,1036,115,18,0.591304347826087,0.5840707964601771,0.643290831815422,0.10938119993079454,0.00026950007304549217
329,Diabetic Retinopathy Debrecen,6,RandomFuzzyRules__max_rules__7,1036,115,18,0.6434782608695652,0.5591397849462365,0.6156648451730419,0.09813739999663085,0.0002397000789642334
329,Diabetic Retinopathy Debrecen,7,RandomFuzzyRules__max_rules__2,1036,115,18,0.5565217391304348,0.5048543689320388,0.6083788706739526,0.09343220002483577,0.00021769991144537926
329,Diabetic Retinopathy Debrecen,7,RandomFuzzyRules__max_rules__3,1036,115,18,0.5391304347826087,0.5546218487394958,0.5789313904068002,0.07951830001547933,0.00031269993633031845
329,Diabetic Retinopathy Debrecen,7,RandomFuzzyRules__max_rules__4,1036,115,18,0.6,0.5490196078431373,0.6332726168791741,0.08577689994126558,0.00033950002398341894
329,Diabetic Retinopathy Debrecen,7,RandomFuzzyRules__max_rules__5,1036,115,18,0.6,0.6617647058823529,0.6053430479659987,0.09015150007326156,0.0003322999691590667
329,Diabetic Retinopathy Debrecen,7,RandomFuzzyRules__max_rules__6,1036,115,18,0.5652173913043478,0.5535714285714285,0.6152094717668488,0.09368689998518676,0.00034289993345737457
329,Diabetic Retinopathy Debrecen,7,RandomFuzzyRules__max_rules__7,1036,115,18,0.591304347826087,0.5436893203883496,0.6150576806314509,0.09528959996532649,0.00036099995486438274
329,Diabetic Retinopathy Debrecen,8,RandomFuzzyRules__max_rules__2,1036,115,18,0.5652173913043478,0.5283018867924528,0.6411657559198543,0.07343099999707192,0.00031610007863491774
329,Diabetic Retinopathy Debrecen,8,RandomFuzzyRules__max_rules__3,1036,115,18,0.5739130434782609,0.5739130434782609,0.6378263509411051,0.0827850999776274,0.00033000006806105375
329,Diabetic Retinopathy Debrecen,8,RandomFuzzyRules__max_rules__4,1036,115,18,0.591304347826087,0.5154639175257733,0.6129326047358834,0.10160679998807609,0.0002508999314159155
329,Diabetic Retinopathy Debrecen,8,RandomFuzzyRules__max_rules__5,1036,115,18,0.6173913043478261,0.6811594202898551,0.6278081360048573,0.11002220003865659,0.00026999996043741703
329,Diabetic Retinopathy Debrecen,8,RandomFuzzyRules__max_rules__6,1036,115,18,0.5826086956521739,0.6000000000000001,0.6618093503339405,0.10455639997962862,0.00035310001112520695
329,Diabetic Retinopathy Debrecen,8,RandomFuzzyRules__max_rules__7,1036,115,18,0.5652173913043478,0.4897959183673469,0.6226472374013357,0.10624600003939122,0.0002628000220283866
329,Diabetic Retinopathy Debrecen,9,RandomFuzzyRules__max_rules__2,1036,115,18,0.5478260869565217,0.4999999999999999,0.5931997571341834,0.07447730004787445,0.00027550000231713057
329,Diabetic Retinopathy Debrecen,9,RandomFuzzyRules__max_rules__3,1036,115,18,0.5043478260869565,0.4242424242424242,0.5880388585306618,0.0866686999797821,0.0003038999857380986
329,Diabetic Retinopathy Debrecen,9,RandomFuzzyRules__max_rules__4,1036,115,18,0.5826086956521739,0.5,0.5901639344262295,0.09685939992778003,0.0003431000513955951
329,Diabetic Retinopathy Debrecen,9,RandomFuzzyRules__max_rules__5,1036,115,18,0.5043478260869565,0.3736263736263736,0.579538554948391,0.09988709993194789,0.0003440000582486391
329,Diabetic Retinopathy Debrecen,9,RandomFuzzyRules__max_rules__6,1036,115,18,0.5739130434782609,0.5663716814159292,0.5997267759562842,0.1150455999886617,0.00041790003888309
329,Diabetic Retinopathy Debrecen,9,RandomFuzzyRules__max_rules__7,1036,115,18,0.5391304347826087,0.43010752688172044,0.6147540983606558,0.09586599993053824,0.0003381000133231282
329,Diabetic Retinopathy Debrecen,10,RandomFuzzyRules__max_rules__2,1036,115,18,0.5826086956521739,0.5555555555555556,0.6402550091074681,0.07395880005788058,0.0002858999650925398
329,Diabetic Retinopathy Debrecen,10,RandomFuzzyRules__max_rules__3,1036,115,18,0.5739130434782609,0.631578947368421,0.6208257437765634,0.08310220006387681,0.0003303999546915293
329,Diabetic Retinopathy Debrecen,10,RandomFuzzyRules__max_rules__4,1036,115,18,0.6173913043478261,0.5599999999999999,0.6268973891924712,0.08637339994311333,0.00033680000342428684
329,Diabetic Retinopathy Debrecen,10,RandomFuzzyRules__max_rules__5,1036,115,18,0.6,0.6714285714285714,0.6350941105039465,0.09218330006115139,0.00033359997905790806
329,Diabetic Retinopathy Debrecen,10,RandomFuzzyRules__max_rules__6,1036,115,18,0.5652173913043478,0.5535714285714285,0.640862173649059,0.11713140003848821,0.00035009998828172684
329,Diabetic Retinopathy Debrecen,10,RandomFuzzyRules__max_rules__7,1036,115,18,0.6521739130434783,0.6226415094339622,0.636915604128719,0.10029370000120252,0.00026729993987828493
451,Breast Cancer Coimbra,1,RandomFuzzyRules__max_rules__2,104,12,9,0.5833333333333334,0.6666666666666667,0.38888888888888895,0.046214899979531765,0.0002810999285429716
451,Breast Cancer Coimbra,1,RandomFuzzyRules__max_rules__3,104,12,9,0.6666666666666666,0.5,0.7222222222222222,0.057654600008390844,0.0003195999888703227
451,Breast Cancer Coimbra,1,RandomFuzzyRules__max_rules__4,104,12,9,0.6666666666666666,0.6666666666666666,0.75,0.06185870000626892,0.0002938000252470374
451,Breast Cancer Coimbra,1,RandomFuzzyRules__max_rules__5,104,12,9,0.5833333333333334,0.6153846153846153,0.6111111111111112,0.06250930007081479,0.0003242999082431197
451,Breast Cancer Coimbra,1,RandomFuzzyRules__max_rules__6,104,12,9,0.6666666666666666,0.6666666666666666,0.7222222222222223,0.0696317000547424,0.00032210000790655613
451,Breast Cancer Coimbra,1,RandomFuzzyRules__max_rules__7,104,12,9,0.6666666666666666,0.6666666666666666,0.7222222222222223,0.07078090007416904,0.00021979992743581533
451,Breast Cancer Coimbra,2,RandomFuzzyRules__max_rules__2,104,12,9,0.3333333333333333,0.5,0.4444444444444444,0.04881559999193996,0.0002962000435218215
451,Breast Cancer Coimbra,2,RandomFuzzyRules__max_rules__3,104,12,9,0.5,0.5714285714285715,0.36111111111111116,0.04702199995517731,0.0002207000507041812
451,Breast Cancer Coimbra,2,RandomFuzzyRules__max_rules__4,104,12,9,0.9166666666666666,0.923076923076923,0.9722222222222223,0.06075009994674474,0.00033569999504834414
451,Breast Cancer Coimbra,2,RandomFuzzyRules__max_rules__5,104,12,9,0.5,0.4,0.6666666666666667,0.059541999944485724,0.00025299994740635157
451,Breast Cancer Coimbra,2,RandomFuzzyRules__max_rules__6,104,12,9,0.5,0.25,0.6944444444444444,0.06779560004360974,0.000331499963067472
451,Breast Cancer Coimbra,2,RandomFuzzyRules__max_rules__7,104,12,9,0.4166666666666667,0.2222222222222222,0.6666666666666667,0.07907119998708367,0.00032430002465844154
451,Breast Cancer Coimbra,3,RandomFuzzyRules__max_rules__2,104,12,9,0.5,0.5714285714285714,0.28571428571428575,0.04762129997834563,0.00026290002278983593
451,Breast Cancer Coimbra,3,RandomFuzzyRules__max_rules__3,104,12,9,0.5,0.5714285714285714,0.4,0.05452940007671714,0.00031509995460510254
451,Breast Cancer Coimbra,3,RandomFuzzyRules__max_rules__4,104,12,9,0.9166666666666666,0.923076923076923,1.0,0.06192190002184361,0.0003279999364167452
451,Breast Cancer Coimbra,3,RandomFuzzyRules__max_rules__5,104,12,9,0.6666666666666666,0.7142857142857143,0.8571428571428572,0.06551210000179708,0.0003256000345572829
451,Breast Cancer Coimbra,3,RandomFuzzyRules__max_rules__6,104,12,9,0.8333333333333334,0.8571428571428571,0.9142857142857143,0.06403120001778007,0.0002933000214397907
451,Breast Cancer Coimbra,3,RandomFuzzyRules__max_rules__7,104,12,9,0.75,0.7692307692307692,0.7428571428571429,0.0690584999974817,0.0002421000972390175
451,Breast Cancer Coimbra,4,RandomFuzzyRules__max_rules__2,104,12,9,0.6666666666666666,0.6666666666666666,0.8,0.05372490000445396,0.00026540004182606936
451,Breast Cancer Coimbra,4,RandomFuzzyRules__max_rules__3,104,12,9,0.4166666666666667,0.5333333333333333,0.3142857142857143,0.053501199930906296,0.0002717999741435051
451,Breast Cancer Coimbra,4,RandomFuzzyRules__max_rules__4,104,12,9,0.8333333333333334,0.8333333333333333,0.9714285714285715,0.05631320003885776,0.00023239990696310997
451,Breast Cancer Coimbra,4,RandomFuzzyRules__max_rules__5,104,12,9,0.8333333333333334,0.8571428571428571,0.9714285714285715,0.06937229994218796,0.0002861000830307603
451,Breast Cancer Coimbra,4,RandomFuzzyRules__max_rules__6,104,12,9,0.8333333333333334,0.8571428571428571,0.9714285714285715,0.0658709000563249,0.0003233000170439482
451,Breast Cancer Coimbra,4,RandomFuzzyRules__max_rules__7,104,12,9,0.6666666666666666,0.6,0.9714285714285715,0.07443349994719028,0.00033219996839761734
451,Breast Cancer Coimbra,5,RandomFuzzyRules__max_rules__2,104,12,9,0.5833333333333334,0.5454545454545454,0.6,0.051528000039979815,0.00027109996881335974
451,Breast Cancer Coimbra,5,RandomFuzzyRules__max_rules__3,104,12,9,0.6666666666666666,0.7142857142857143,0.7428571428571429,0.045463599963113666,0.0002535999519750476
451,Breast Cancer Coimbra,5,RandomFuzzyRules__max_rules__4,104,12,9,0.5833333333333334,0.6153846153846153,0.6857142857142857,0.06557720003183931,0.00024850002955645323
451,Breast Cancer Coimbra,5,RandomFuzzyRules__max_rules__5,104,12,9,0.6666666666666666,0.7142857142857143,0.8857142857142857,0.06384920002892613,0.00022599997464567423
451,Breast Cancer Coimbra,5,RandomFuzzyRules__max_rules__6,104,12,9,0.6666666666666666,0.7142857142857143,0.6857142857142857,0.06638360000215471,0.0003168999683111906
451,Breast Cancer Coimbra,5,RandomFuzzyRules__max_rules__7,104,12,9,0.6666666666666666,0.75,0.8571428571428572,0.0789275000570342,0.0003229000139981508
451,Breast Cancer Coimbra,6,RandomFuzzyRules__max_rules__2,104,12,9,0.25,0.18181818181818182,0.2857142857142857,0.050723299966193736,0.00024940003640949726
451,Breast Cancer Coimbra,6,RandomFuzzyRules__max_rules__3,104,12,9,0.4166666666666667,0.22222222222222224,0.22857142857142854,0.054059899994172156,0.00022010004613548517
451,Breast Cancer Coimbra,6,RandomFuzzyRules__max_rules__4,104,12,9,0.4166666666666667,0.4615384615384615,0.3714285714285714,0.06675590004306287,0.0002805999247357249
451,Breast Cancer Coimbra,6,RandomFuzzyRules__max_rules__5,104,12,9,0.5,0.5714285714285714,0.45714285714285713,0.06539150001481175,0.00031619996298104525
451,Breast Cancer Coimbra,6,RandomFuzzyRules__max_rules__6,104,12,9,0.5,0.5714285714285714,0.45714285714285713,0.07281050004530698,0.00028249993920326233
451,Breast Cancer Coimbra,6,RandomFuzzyRules__max_rules__7,104,12,9,0.3333333333333333,0.3333333333333333,0.2571428571428571,0.07191790000069886,0.0003263999242335558
451,Breast Cancer Coimbra,7,RandomFuzzyRules__max_rules__2,105,11,9,0.5454545454545454,0.6153846153846153,0.6,0.04607220005709678,0.00031619996298104525
451,Breast Cancer Coimbra,7,RandomFuzzyRules__max_rules__3,105,11,9,0.5454545454545454,0.5454545454545454,0.8,0.053415499976836145,0.0003192999865859747
451,Breast Cancer Coimbra,7,RandomFuzzyRules__max_rules__4,105,11,9,0.9090909090909091,0.9090909090909091,1.0,0.058073399937711656,0.00025120005011558533
451,Breast Cancer Coimbra,7,RandomFuzzyRules__max_rules__5,105,11,9,0.8181818181818182,0.8,0.9666666666666668,0.06435490003786981,0.00022849999368190765
451,Breast Cancer Coimbra,7,RandomFuzzyRules__max_rules__6,105,11,9,0.6363636363636364,0.5,0.9,0.06099030002951622,0.0003323000855743885
451,Breast Cancer Coimbra,7,RandomFuzzyRules__max_rules__7,105,11,9,0.8181818181818182,0.8,1.0,0.08341720001772046,0.00023549993056803942
451,Breast Cancer Coimbra,8,RandomFuzzyRules__max_rules__2,105,11,9,0.5454545454545454,0.4444444444444444,0.5666666666666667,0.05458849994465709,0.0002001000102609396
451,Breast Cancer Coimbra,8,RandomFuzzyRules__max_rules__3,105,11,9,0.6363636363636364,0.6,0.6333333333333333,0.06075329997111112,0.0002987000625580549
451,Breast Cancer Coimbra,8,RandomFuzzyRules__max_rules__4,105,11,9,0.6363636363636364,0.6,0.6666666666666666,0.053169699967838824,0.00023769994731992483
451,Breast Cancer Coimbra,8,RandomFuzzyRules__max_rules__5,105,11,9,0.5454545454545454,0.5454545454545454,0.6666666666666666,0.06569170008879155,0.0003268999280408025
451,Breast Cancer Coimbra,8,RandomFuzzyRules__max_rules__6,105,11,9,0.5454545454545454,0.5454545454545454,0.6666666666666666,0.07114780007395893,0.00032320001628249884
451,Breast Cancer Coimbra,8,RandomFuzzyRules__max_rules__7,105,11,9,0.6363636363636364,0.5,0.7333333333333334,0.07859120005741715,0.0002872999757528305
451,Breast Cancer Coimbra,9,RandomFuzzyRules__max_rules__2,105,11,9,0.6363636363636364,0.5,0.8333333333333333,0.048873100080527365,0.00031479995232075453
451,Breast Cancer Coimbra,9,RandomFuzzyRules__max_rules__3,105,11,9,0.6363636363636364,0.5,0.8666666666666667,0.055199500056914985,0.00022099993657320738
451,Breast Cancer Coimbra,9,RandomFuzzyRules__max_rules__4,105,11,9,0.5454545454545454,0.4444444444444444,0.7666666666666666,0.06267819995991886,0.000341000035405159
451,Breast Cancer Coimbra,9,RandomFuzzyRules__max_rules__5,105,11,9,0.7272727272727273,0.6666666666666666,0.7333333333333334,0.06456259998958558,0.00028819998260587454
451,Breast Cancer Coimbra,9,RandomFuzzyRules__max_rules__6,105,11,9,0.5454545454545454,0.5454545454545454,0.7,0.06985079997684807,0.0003205999964848161
451,Breast Cancer Coimbra,9,RandomFuzzyRules__max_rules__7,105,11,9,0.8181818181818182,0.8,0.8333333333333333,0.07885289995465428,0.0002902999985963106
451,Breast Cancer Coimbra,10,RandomFuzzyRules__max_rules__2,105,11,9,0.5454545454545454,0.4444444444444444,0.4333333333333333,0.05410210008267313,0.000268499949015677
451,Breast Cancer Coimbra,10,RandomFuzzyRules__max_rules__3,105,11,9,0.5454545454545454,0.4444444444444444,0.4666666666666667,0.050398699939250946,0.0003377000102773309
451,Breast Cancer Coimbra,10,RandomFuzzyRules__max_rules__4,105,11,9,0.8181818181818182,0.8333333333333334,0.9,0.05563469999469817,0.00022280006669461727
451,Breast Cancer Coimbra,10,RandomFuzzyRules__max_rules__5,105,11,9,0.7272727272727273,0.7272727272727272,0.8,0.05941220000386238,0.00023120001424103975
451,Breast Cancer Coimbra,10,RandomFuzzyRules__max_rules__6,105,11,9,0.7272727272727273,0.7272727272727272,0.8,0.06933470000512898,0.0003325999714434147
451,Breast Cancer Coimbra,10,RandomFuzzyRules__max_rules__7,105,11,9,0.6363636363636364,0.6666666666666666,0.7666666666666666,0.07670480001252145,0.0003215000033378601
519,Heart Failure Clinical Records,1,RandomFuzzyRules__max_rules__2,269,30,12,0.8666666666666667,0.8000000000000002,0.8350000000000001,0.05197310005314648,0.00034499994944781065
519,Heart Failure Clinical Records,1,RandomFuzzyRules__max_rules__3,269,30,12,0.8666666666666667,0.8000000000000002,0.8350000000000001,0.0585603000363335,0.00028540007770061493
519,Heart Failure Clinical Records,1,RandomFuzzyRules__max_rules__4,269,30,12,0.8666666666666667,0.8000000000000002,0.8350000000000001,0.08169880008790642,0.00029639992862939835
519,Heart Failure Clinical Records,1,RandomFuzzyRules__max_rules__5,269,30,12,0.8666666666666667,0.8000000000000002,0.8350000000000001,0.06615680002141744,0.00033650000113993883
519,Heart Failure Clinical Records,1,RandomFuzzyRules__max_rules__6,269,30,12,0.8666666666666667,0.8000000000000002,0.8350000000000001,0.07378730003256351,0.00033820001408457756
519,Heart Failure Clinical Records,1,RandomFuzzyRules__max_rules__7,269,30,12,0.8666666666666667,0.8000000000000002,0.8500000000000001,0.09305919997859746,0.00028440007008612156
519,Heart Failure Clinical Records,2,RandomFuzzyRules__max_rules__2,269,30,12,0.9666666666666667,0.9473684210526316,0.93,0.06579499994404614,0.00027930003125220537
519,Heart Failure Clinical Records,2,RandomFuzzyRules__max_rules__3,269,30,12,0.9666666666666667,0.9473684210526316,0.925,0.07253750006202608,0.00024719990324229
519,Heart Failure Clinical Records,2,RandomFuzzyRules__max_rules__4,269,30,12,0.9333333333333333,0.9,0.93,0.061202900018543005,0.00032649992499500513
519,Heart Failure Clinical Records,2,RandomFuzzyRules__max_rules__5,269,30,12,0.9666666666666667,0.9473684210526316,0.925,0.06766030006110668,0.0002910998882725835
519,Heart Failure Clinical Records,2,RandomFuzzyRules__max_rules__6,269,30,12,0.9333333333333333,0.9,0.93,0.08757780003361404,0.00023939996026456356
519,Heart Failure Clinical Records,2,RandomFuzzyRules__max_rules__7,269,30,12,0.9666666666666667,0.9473684210526316,0.935,0.07356539997272193,0.00022599997464567423
519,Heart Failure Clinical Records,3,RandomFuzzyRules__max_rules__2,269,30,12,0.8666666666666667,0.7499999999999999,0.8574999999999999,0.050332400016486645,0.00022219994571059942
519,Heart Failure Clinical Records,3,RandomFuzzyRules__max_rules__3,269,30,12,0.8666666666666667,0.7499999999999999,0.875,0.06367480009794235,0.0002848000731319189
519,Heart Failure Clinical Records,3,RandomFuzzyRules__max_rules__4,269,30,12,0.8666666666666667,0.7499999999999999,0.7374999999999999,0.06403980008326471,0.0003263000398874283
519,Heart Failure Clinical Records,3,RandomFuzzyRules__max_rules__5,269,30,12,0.8666666666666667,0.7499999999999999,0.8225,0.07272820000071079,0.00024580000899732113
519,Heart Failure Clinical Records,3,RandomFuzzyRules__max_rules__6,269,30,12,0.8666666666666667,0.7499999999999999,0.7374999999999999,0.069147500093095,0.0002856000792235136
519,Heart Failure Clinical Records,3,RandomFuzzyRules__max_rules__7,269,30,12,0.8666666666666667,0.7499999999999999,0.8225,0.0755673999665305,0.0003018999705091119
519,Heart Failure Clinical Records,4,RandomFuzzyRules__max_rules__2,269,30,12,0.8,0.7,0.845,0.05412290000822395,0.00031319994013756514
519,Heart Failure Clinical Records,4,RandomFuzzyRules__max_rules__3,269,30,12,0.8,0.7,0.8500000000000001,0.059287099982611835,0.0003197999903932214
519,Heart Failure Clinical Records,4,RandomFuzzyRules__max_rules__4,269,30,12,0.8333333333333334,0.761904761904762,0.875,0.06519510003272444,0.0002938000252470374
519,Heart Failure Clinical Records,4,RandomFuzzyRules__max_rules__5,269,30,12,0.8,0.7,0.8500000000000001,0.08027339994441718,0.00033000006806105375
519,Heart Failure Clinical Records,4,RandomFuzzyRules__max_rules__6,269,30,12,0.8333333333333334,0.761904761904762,0.875,0.07247520005330443,0.0003445999464020133
519,Heart Failure Clinical Records,4,RandomFuzzyRules__max_rules__7,269,30,12,0.8,0.7,0.845,0.07967510004527867,0.0003548000240698457
519,Heart Failure Clinical Records,5,RandomFuzzyRules__max_rules__2,269,30,12,0.8333333333333334,0.7058823529411764,0.905,0.05378640000708401,0.00022099993657320738
519,Heart Failure Clinical Records,5,RandomFuzzyRules__max_rules__3,269,30,12,0.8666666666666667,0.7499999999999999,0.915,0.06023760000243783,0.0003293000627309084
519,Heart Failure Clinical Records,5,RandomFuzzyRules__max_rules__4,269,30,12,0.8333333333333334,0.7058823529411764,0.945,0.062244399916380644,0.00033279997296631336
519,Heart Failure Clinical Records,5,RandomFuzzyRules__max_rules__5,269,30,12,0.8666666666666667,0.7499999999999999,0.915,0.0700287000508979,0.00031889998354017735
519,Heart Failure Clinical Records,5,RandomFuzzyRules__max_rules__6,269,30,12,0.8333333333333334,0.7058823529411764,0.945,0.08492009993642569,0.0003364000003784895
519,Heart Failure Clinical Records,5,RandomFuzzyRules__max_rules__7,269,30,12,0.8333333333333334,0.7058823529411764,0.89,0.06827489996794611,0.0003646999830380082
519,Heart Failure Clinical Records,6,RandomFuzzyRules__max_rules__2,269,30,12,0.7333333333333333,0.33333333333333337,0.77,0.051747300080023706,0.0002231999533250928
519,Heart Failure Clinical Records,6,RandomFuzzyRules__max_rules__3,269,30,12,0.7333333333333333,0.33333333333333337,0.795,0.05835940001998097,0.000291300006210804
519,Heart Failure Clinical Records,6,RandomFuzzyRules__max_rules__4,269,30,12,0.7333333333333333,0.33333333333333337,0.795,0.060516900033690035,0.00033279997296631336
519,Heart Failure Clinical Records,6,RandomFuzzyRules__max_rules__5,269,30,12,0.7333333333333333,0.33333333333333337,0.795,0.07597709994297475,0.0003592000575736165
519,Heart Failure Clinical Records,6,RandomFuzzyRules__max_rules__6,269,30,12,0.7333333333333333,0.33333333333333337,0.755,0.0761715000262484,0.00033650000113993883
519,Heart Failure Clinical Records,6,RandomFuzzyRules__max_rules__7,269,30,12,0.7,0.30769230769230765,0.74,0.0798020000802353,0.0003420999273657799
519,Heart Failure Clinical Records,7,RandomFuzzyRules__max_rules__2,269,30,12,0.8,0.5,0.8968253968253969,0.052827300038188696,0.0003226000117138028
519,Heart Failure Clinical Records,7,RandomFuzzyRules__max_rules__3,269,30,12,0.8,0.5,0.8968253968253969,0.06118160008918494,0.00030209997203201056
519,Heart Failure Clinical Records,7,RandomFuzzyRules__max_rules__4,269,30,12,0.8333333333333334,0.6666666666666667,0.9259259259259259,0.07478609995450824,0.0002867999719455838
519,Heart Failure Clinical Records,7,RandomFuzzyRules__max_rules__5,269,30,12,0.7666666666666667,0.46153846153846156,0.8994708994708994,0.06651379994582385,0.00030880002304911613
519,Heart Failure Clinical Records,7,RandomFuzzyRules__max_rules__6,269,30,12,0.8333333333333334,0.6666666666666667,0.9259259259259259,0.07339080004021525,0.0003322999691590667
519,Heart Failure Clinical Records,7,RandomFuzzyRules__max_rules__7,269,30,12,0.8,0.5,0.8968253968253969,0.07186839997302741,0.00028579996433109045
519,Heart Failure Clinical Records,8,RandomFuzzyRules__max_rules__2,269,30,12,0.8333333333333334,0.7058823529411765,0.7936507936507936,0.053632899885997176,0.00031070003751665354
519,Heart Failure Clinical Records,8,RandomFuzzyRules__max_rules__3,269,30,12,0.8333333333333334,0.7058823529411765,0.7936507936507936,0.06490100000519305,0.00032350001856684685
519,Heart Failure Clinical Records,8,RandomFuzzyRules__max_rules__4,269,30,12,0.8,0.6666666666666666,0.8148148148148149,0.060423700022511184,0.00029200001154094934
519,Heart Failure Clinical Records,8,RandomFuzzyRules__max_rules__5,269,30,12,0.8333333333333334,0.7058823529411765,0.7936507936507936,0.09417979989666492,0.0002543000737205148
519,Heart Failure Clinical Records,8,RandomFuzzyRules__max_rules__6,269,30,12,0.8,0.6666666666666666,0.8148148148148149,0.07604299997910857,0.0003825000021606684
519,Heart Failure Clinical Records,8,RandomFuzzyRules__max_rules__7,269,30,12,0.8333333333333334,0.7058823529411765,0.783068783068783,0.08736070001032203,0.00037079991307109594
519,Heart Failure Clinical Records,9,RandomFuzzyRules__max_rules__2,269,30,12,0.7666666666666667,0.5333333333333333,0.7883597883597884,0.07005179999396205,0.0003024999750778079
519,Heart Failure Clinical Records,9,RandomFuzzyRules__max_rules__3,269,30,12,0.7666666666666667,0.5333333333333333,0.8042328042328042,0.07590900000650436,0.00029559992253780365
519,Heart Failure Clinical Records,9,RandomFuzzyRules__max_rules__4,269,30,12,0.8,0.6250000000000001,0.8306878306878307,0.0842745000263676,0.000282699940726161
519,Heart Failure Clinical Records,9,RandomFuzzyRules__max_rules__5,269,30,12,0.7666666666666667,0.5333333333333333,0.8042328042328042,0.14141239994205534,0.0003469999646767974
519,Heart Failure Clinical Records,9,RandomFuzzyRules__max_rules__6,269,30,12,0.8,0.6250000000000001,0.8306878306878307,0.09108490007929504,0.0003535000141710043
519,Heart Failure Clinical Records,9,RandomFuzzyRules__max_rules__7,269,30,12,0.8333333333333334,0.6666666666666667,0.7566137566137566,0.0654903999529779,0.00032860005740076303
519,Heart Failure Clinical Records,10,RandomFuzzyRules__max_rules__2,270,29,12,0.7931034482758621,0.5714285714285714,0.7999999999999999,0.07257289998233318,0.0003450000658631325
519,Heart Failure Clinical Records,10,RandomFuzzyRules__max_rules__3,270,29,12,0.7931034482758621,0.5714285714285714,0.811111111111111,0.05708319996483624,0.00034089991822838783
519,Heart Failure Clinical Records,10,RandomFuzzyRules__max_rules__4,270,29,12,0.8275862068965517,0.6666666666666667,0.8611111111111112,0.0748624000698328,0.00024339999072253704
519,Heart Failure Clinical Records,10,RandomFuzzyRules__max_rules__5,270,29,12,0.7931034482758621,0.5714285714285714,0.811111111111111,0.09031040000263602,0.00030479999259114265
519,Heart Failure Clinical Records,10,RandomFuzzyRules__max_rules__6,270,29,12,0.8275862068965517,0.6666666666666667,0.8611111111111112,0.11824780004099011,0.0008180000586435199
519,Heart Failure Clinical Records,10,RandomFuzzyRules__max_rules__7,270,29,12,0.7931034482758621,0.5714285714285714,0.8027777777777777,0.08990180003456771,0.0004428999964147806
529,Early Stage Diabetes Risk Prediction,1,RandomFuzzyRules__max_rules__2,468,52,16,0.9230769230769231,0.9375,0.9421875000000001,0.05331750004552305,0.0003329000901430845
529,Early Stage Diabetes Risk Prediction,1,RandomFuzzyRules__max_rules__3,468,52,16,0.8653846153846154,0.8852459016393444,0.9031250000000001,0.052704400033690035,0.00030880002304911613
529,Early Stage Diabetes Risk Prediction,1,RandomFuzzyRules__max_rules__4,468,52,16,0.8653846153846154,0.8852459016393444,0.8718750000000001,0.05646079999860376,0.0002839999506250024
529,Early Stage Diabetes Risk Prediction,1,RandomFuzzyRules__max_rules__5,468,52,16,0.9038461538461539,0.9253731343283582,0.95625,0.1310382999945432,0.0002856999635696411
529,Early Stage Diabetes Risk Prediction,1,RandomFuzzyRules__max_rules__6,468,52,16,0.9038461538461539,0.923076923076923,0.9359374999999999,0.09044009994249791,0.0003485999768599868
529,Early Stage Diabetes Risk Prediction,1,RandomFuzzyRules__max_rules__7,468,52,16,0.8846153846153846,0.9142857142857143,0.93046875,0.08754719991702586,0.00034110003616660833
529,Early Stage Diabetes Risk Prediction,2,RandomFuzzyRules__max_rules__2,468,52,16,0.9038461538461539,0.9180327868852458,0.91953125,0.051213799975812435,0.0003065000055357814
529,Early Stage Diabetes Risk Prediction,2,RandomFuzzyRules__max_rules__3,468,52,16,0.8076923076923077,0.8275862068965517,0.8515625,0.056238000048324466,0.0003244000254198909
529,Early Stage Diabetes Risk Prediction,2,RandomFuzzyRules__max_rules__4,468,52,16,0.8076923076923077,0.8275862068965517,0.825,0.05581050005275756,0.0003168999683111906
529,Early Stage Diabetes Risk Prediction,2,RandomFuzzyRules__max_rules__5,468,52,16,0.8653846153846154,0.8923076923076922,0.909375,0.08384420000948012,0.0003301999531686306
529,Early Stage Diabetes Risk Prediction,2,RandomFuzzyRules__max_rules__6,468,52,16,0.9038461538461539,0.923076923076923,0.9046874999999999,0.0582804000005126,0.00023529992904514074
529,Early Stage Diabetes Risk Prediction,2,RandomFuzzyRules__max_rules__7,468,52,16,0.8846153846153846,0.9090909090909091,0.9296875,0.06559720006771386,0.0003424999304115772
529,Early Stage Diabetes Risk Prediction,3,RandomFuzzyRules__max_rules__2,468,52,16,0.8846153846153846,0.9032258064516129,0.9015625,0.04942910000681877,0.0002908000024035573
529,Early Stage Diabetes Risk Prediction,3,RandomFuzzyRules__max_rules__3,468,52,16,0.8653846153846154,0.8888888888888888,0.8859375,0.05326630000490695,0.00030559999868273735
529,Early Stage Diabetes Risk Prediction,3,RandomFuzzyRules__max_rules__4,468,52,16,0.8653846153846154,0.8888888888888888,0.8859375,0.056297300034202635,0.0003418000414967537
529,Early Stage Diabetes Risk Prediction,3,RandomFuzzyRules__max_rules__5,468,52,16,0.9230769230769231,0.9411764705882353,0.978125,0.05879330006428063,0.0003377000102773309
529,Early Stage Diabetes Risk Prediction,3,RandomFuzzyRules__max_rules__6,468,52,16,0.9230769230769231,0.9375,0.9484375,0.06379060004837811,0.00032220000866800547
529,Early Stage Diabetes Risk Prediction,3,RandomFuzzyRules__max_rules__7,468,52,16,0.9230769230769231,0.9411764705882353,0.9734375000000001,0.0638901999918744,0.00028170004952698946
529,Early Stage Diabetes Risk Prediction,4,RandomFuzzyRules__max_rules__2,468,52,16,0.9038461538461539,0.9253731343283582,0.9218750000000001,0.05076460004784167,0.00034629995934665203
529,Early Stage Diabetes Risk Prediction,4,RandomFuzzyRules__max_rules__3,468,52,16,0.8461538461538461,0.875,0.9125,0.0543447999516502,0.0003010999644175172
529,Early Stage Diabetes Risk Prediction,4,RandomFuzzyRules__max_rules__4,468,52,16,0.8461538461538461,0.875,0.8375,0.05566840001847595,0.0003046999918296933
529,Early Stage Diabetes Risk Prediction,4,RandomFuzzyRules__max_rules__5,468,52,16,0.8653846153846154,0.9014084507042254,0.9671875,0.06705269997473806,0.0003003999590873718
529,Early Stage Diabetes Risk Prediction,4,RandomFuzzyRules__max_rules__6,468,52,16,0.8846153846153846,0.911764705882353,0.884375,0.059328900068067014,0.0003551000263541937
529,Early Stage Diabetes Risk Prediction,4,RandomFuzzyRules__max_rules__7,468,52,16,0.8461538461538461,0.888888888888889,0.9554687500000001,0.06389250000938773,0.0003255999181419611
529,Early Stage Diabetes Risk Prediction,5,RandomFuzzyRules__max_rules__2,468,52,16,0.9038461538461539,0.9180327868852458,0.92109375,0.055995100061409175,0.00032519991509616375
529,Early Stage Diabetes Risk Prediction,5,RandomFuzzyRules__max_rules__3,468,52,16,0.8653846153846154,0.8888888888888888,0.88828125,0.05334940005559474,0.0002666999353095889
529,Early Stage Diabetes Risk Prediction,5,RandomFuzzyRules__max_rules__4,468,52,16,0.8653846153846154,0.8888888888888888,0.8953125,0.056512099923565984,0.00032350001856684685
529,Early Stage Diabetes Risk Prediction,5,RandomFuzzyRules__max_rules__5,468,52,16,0.9038461538461539,0.9253731343283582,0.9531250000000001,0.05909090000204742,0.00034879997838288546
529,Early Stage Diabetes Risk Prediction,5,RandomFuzzyRules__max_rules__6,468,52,16,0.8653846153846154,0.8985507246376812,0.91875,0.0799674999434501,0.0003309000749140978
529,Early Stage Diabetes Risk Prediction,5,RandomFuzzyRules__max_rules__7,468,52,16,0.8846153846153846,0.911764705882353,0.9757812499999999,0.06229579995851964,0.0003415000392124057
529,Early Stage Diabetes Risk Prediction,6,RandomFuzzyRules__max_rules__2,468,52,16,0.8846153846153846,0.896551724137931,0.90625,0.0491793000837788,0.00026839994825422764
529,Early Stage Diabetes Risk Prediction,6,RandomFuzzyRules__max_rules__3,468,52,16,0.8461538461538461,0.870967741935484,0.875,0.05273469991516322,0.000317899975925684
529,Early Stage Diabetes Risk Prediction,6,RandomFuzzyRules__max_rules__4,468,52,16,0.8461538461538461,0.870967741935484,0.875,0.05531169997993857,0.0002866999711841345
529,Early Stage Diabetes Risk Prediction,6,RandomFuzzyRules__max_rules__5,468,52,16,0.9038461538461539,0.923076923076923,0.9406249999999999,0.06020060006994754,0.00027100008446723223
529,Early Stage Diabetes Risk Prediction,6,RandomFuzzyRules__max_rules__6,468,52,16,0.8269230769230769,0.8571428571428571,0.86875,0.07366560003720224,0.0003130000550299883
529,Early Stage Diabetes Risk Prediction,6,RandomFuzzyRules__max_rules__7,468,52,16,0.9038461538461539,0.9253731343283582,0.9492187499999999,0.06166140001732856,0.000328300055116415
529,Early Stage Diabetes Risk Prediction,7,RandomFuzzyRules__max_rules__2,468,52,16,0.9423076923076923,0.9523809523809523,0.95390625,0.04979029996320605,0.0003019999712705612
529,Early Stage Diabetes Risk Prediction,7,RandomFuzzyRules__max_rules__3,468,52,16,0.9038461538461539,0.9206349206349206,0.9203125,0.05227210000157356,0.00035669992212206125
529,Early Stage Diabetes Risk Prediction,7,RandomFuzzyRules__max_rules__4,468,52,16,0.9230769230769231,0.9375,0.940625,0.055680699995718896,0.0003173999721184373
529,Early Stage Diabetes Risk Prediction,7,RandomFuzzyRules__max_rules__5,468,52,16,0.9423076923076923,0.9538461538461539,0.9703125,0.05868489993736148,0.0003095000283792615
529,Early Stage Diabetes Risk Prediction,7,RandomFuzzyRules__max_rules__6,468,52,16,0.9230769230769231,0.9375,0.9468750000000001,0.06160990009084344,0.0003250999143347144
529,Early Stage Diabetes Risk Prediction,7,RandomFuzzyRules__max_rules__7,468,52,16,0.9038461538461539,0.927536231884058,0.96484375,0.06272879999596626,0.00032270001247525215
529,Early Stage Diabetes Risk Prediction,8,RandomFuzzyRules__max_rules__2,468,52,16,0.8269230769230769,0.8615384615384615,0.859375,0.04958490002900362,0.0003247000277042389
529,Early Stage Diabetes Risk Prediction,8,RandomFuzzyRules__max_rules__3,468,52,16,0.8461538461538461,0.8787878787878787,0.86328125,0.052929400000721216,0.00030509999487549067
529,Early Stage Diabetes Risk Prediction,8,RandomFuzzyRules__max_rules__4,468,52,16,0.8461538461538461,0.8787878787878787,0.87890625,0.055337100056931376,0.00035440002102404833
529,Early Stage Diabetes Risk Prediction,8,RandomFuzzyRules__max_rules__5,468,52,16,0.8846153846153846,0.911764705882353,0.9296875,0.05943479994311929,0.00033329997677356005
529,Early Stage Diabetes Risk Prediction,8,RandomFuzzyRules__max_rules__6,468,52,16,0.8461538461538461,0.8857142857142857,0.86640625,0.06114720006007701,0.0003133999416604638
529,Early Stage Diabetes Risk Prediction,8,RandomFuzzyRules__max_rules__7,468,52,16,0.8846153846153846,0.911764705882353,0.94453125,0.06501329992897809,0.000331499963067472
529,Early Stage Diabetes Risk Prediction,9,RandomFuzzyRules__max_rules__2,468,52,16,0.8653846153846154,0.8923076923076922,0.9031250000000001,0.048938299994915724,0.0003040999872609973
529,Early Stage Diabetes Risk Prediction,9,RandomFuzzyRules__max_rules__3,468,52,16,0.8461538461538461,0.8823529411764706,0.8796875,0.07508249999955297,0.00028639996889978647
529,Early Stage Diabetes Risk Prediction,9,RandomFuzzyRules__max_rules__4,468,52,16,0.8461538461538461,0.8823529411764706,0.8937499999999999,0.07977220008615404,0.00028069992549717426
529,Early Stage Diabetes Risk Prediction,9,RandomFuzzyRules__max_rules__5,468,52,16,0.8461538461538461,0.8857142857142857,0.9515625000000001,0.07828620006330311,0.00034469994716346264
529,Early Stage Diabetes Risk Prediction,9,RandomFuzzyRules__max_rules__6,468,52,16,0.8461538461538461,0.888888888888889,0.8796875,0.07890129997394979,0.0002389999572187662
529,Early Stage Diabetes Risk Prediction,9,RandomFuzzyRules__max_rules__7,468,52,16,0.8269230769230769,0.8767123287671234,0.93671875,0.07019639993086457,0.000286600086838007
529,Early Stage Diabetes Risk Prediction,10,RandomFuzzyRules__max_rules__2,468,52,16,0.8653846153846154,0.8813559322033898,0.8882812499999999,0.06968329998198897,0.00031530007254332304
529,Early Stage Diabetes Risk Prediction,10,RandomFuzzyRules__max_rules__3,468,52,16,0.8653846153846154,0.8813559322033898,0.8882812499999999,0.07559469994157553,0.00031150004360824823
529,Early Stage Diabetes Risk Prediction,10,RandomFuzzyRules__max_rules__4,468,52,16,0.8653846153846154,0.8813559322033898,0.8898437499999999,0.05734669999219477,0.00032029999420046806
529,Early Stage Diabetes Risk Prediction,10,RandomFuzzyRules__max_rules__5,468,52,16,0.9038461538461539,0.9206349206349206,0.934375,0.05817870004102588,0.00029969995375722647
529,Early Stage Diabetes Risk Prediction,10,RandomFuzzyRules__max_rules__6,468,52,16,0.9423076923076923,0.9538461538461539,0.95625,0.062207199982367456,0.00032739993184804916
529,Early Stage Diabetes Risk Prediction,10,RandomFuzzyRules__max_rules__7,468,52,16,0.9038461538461539,0.9253731343283582,0.95234375,0.062479899963364005,0.00031999999191612005
