dataset_id,dataset_name,fold,estimator,n_train,n_test,n_original_features,accuracy,f1,auroc,fit_time,predict_time
14,Breast Cancer,1,RandomFuzzyRules__max_literal_repetitions__1,257,29,9,0.7931034482758621,0.4,0.625,0.06184470001608133,0.00038079998921602964
14,Breast Cancer,1,RandomFuzzyRules__max_literal_repetitions__2,257,29,9,0.7931034482758621,0.4,0.6875,0.05470099998638034,0.00031130004208534956
14,Breast Cancer,1,RandomFuzzyRules__max_literal_repetitions__3,257,29,9,0.7586206896551724,0.36363636363636365,0.6607142857142857,0.05776340002194047,0.0003170999698340893
14,Breast Cancer,2,RandomFuzzyRules__max_literal_repetitions__1,257,29,9,0.7241379310344828,0.19999999999999998,0.5555555555555556,0.05554209998808801,0.00033110007643699646
14,Breast Cancer,2,RandomFuzzyRules__max_literal_repetitions__2,257,29,9,0.6896551724137931,0.0,0.5055555555555555,0.05747260001953691,0.00032300001475960016
14,Breast Cancer,2,RandomFuzzyRules__max_literal_repetitions__3,257,29,9,0.6896551724137931,0.0,0.5055555555555555,0.05776190001051873,0.0003135999431833625
14,Breast Cancer,3,RandomFuzzyRules__max_literal_repetitions__1,257,29,9,0.7931034482758621,0.5714285714285714,0.6972222222222222,0.05786089994944632,0.000341600039973855
14,Breast Cancer,3,RandomFuzzyRules__max_literal_repetitions__2,257,29,9,0.7931034482758621,0.5714285714285714,0.7083333333333334,0.06029529997613281,0.00024480000138282776
14,Breast Cancer,3,RandomFuzzyRules__max_literal_repetitions__3,257,29,9,0.7931034482758621,0.5714285714285714,0.7083333333333334,0.06091190001461655,0.0003312999615445733
14,Breast Cancer,4,RandomFuzzyRules__max_literal_repetitions__1,257,29,9,0.7586206896551724,0.46153846153846156,0.6416666666666666,0.056346100056543946,0.00023419992066919804
14,Breast Cancer,4,RandomFuzzyRules__max_literal_repetitions__2,257,29,9,0.7241379310344828,0.3333333333333333,0.5861111111111111,0.05715699994470924,0.00030640000477433205
14,Breast Cancer,4,RandomFuzzyRules__max_literal_repetitions__3,257,29,9,0.7241379310344828,0.3333333333333333,0.5861111111111111,0.07574190001469105,0.0003306999569758773
14,Breast Cancer,5,RandomFuzzyRules__max_literal_repetitions__1,257,29,9,0.6206896551724138,0.0,0.45,0.05779889994300902,0.0003261000383645296
14,Breast Cancer,5,RandomFuzzyRules__max_literal_repetitions__2,257,29,9,0.6206896551724138,0.0,0.45,0.05675300001166761,0.0003132999408990145
14,Breast Cancer,5,RandomFuzzyRules__max_literal_repetitions__3,257,29,9,0.6206896551724138,0.0,0.45,0.05749130004551262,0.00034829997457563877
14,Breast Cancer,6,RandomFuzzyRules__max_literal_repetitions__1,257,29,9,0.7241379310344828,0.3333333333333333,0.5861111111111111,0.054412700003013015,0.00032299989834427834
14,Breast Cancer,6,RandomFuzzyRules__max_literal_repetitions__2,257,29,9,0.7241379310344828,0.3333333333333333,0.5861111111111111,0.05680470005609095,0.0003138999454677105
14,Breast Cancer,6,RandomFuzzyRules__max_literal_repetitions__3,257,29,9,0.7241379310344828,0.3333333333333333,0.5861111111111111,0.0568595000077039,0.00033650000113993883
14,Breast Cancer,7,RandomFuzzyRules__max_literal_repetitions__1,258,28,9,0.8214285714285714,0.6153846153846154,0.7249999999999999,0.0563813999760896,0.00034140003845095634
14,Breast Cancer,7,RandomFuzzyRules__max_literal_repetitions__2,258,28,9,0.8214285714285714,0.6153846153846154,0.7249999999999999,0.05719630001112819,0.0003160000778734684
14,Breast Cancer,7,RandomFuzzyRules__max_literal_repetitions__3,258,28,9,0.8214285714285714,0.6153846153846154,0.7249999999999999,0.058027700055390596,0.00034719996619969606
14,Breast Cancer,8,RandomFuzzyRules__max_literal_repetitions__1,258,28,9,0.7142857142857143,0.2,0.5375,0.056691400008276105,0.0002736999886110425
14,Breast Cancer,8,RandomFuzzyRules__max_literal_repetitions__2,258,28,9,0.7142857142857143,0.2,0.5375,0.05897699994966388,0.0002973000518977642
14,Breast Cancer,8,RandomFuzzyRules__max_literal_repetitions__3,258,28,9,0.7142857142857143,0.2,0.5375,0.061524299904704094,0.00031780009157955647
14,Breast Cancer,9,RandomFuzzyRules__max_literal_repetitions__1,258,28,9,0.8214285714285714,0.5454545454545454,0.6875,0.05586079997010529,0.00032870005816221237
14,Breast Cancer,9,RandomFuzzyRules__max_literal_repetitions__2,258,28,9,0.75,0.4615384615384615,0.678125,0.05691229994408786,0.0003065000055357814
14,Breast Cancer,9,RandomFuzzyRules__max_literal_repetitions__3,258,28,9,0.75,0.4615384615384615,0.678125,0.05743329995311797,0.000318799982778728
14,Breast Cancer,10,RandomFuzzyRules__max_literal_repetitions__1,258,28,9,0.7142857142857143,0.5,0.6500000000000001,0.05579140002373606,0.0003255000337958336
14,Breast Cancer,10,RandomFuzzyRules__max_literal_repetitions__2,258,28,9,0.7142857142857143,0.5,0.6500000000000001,0.0663351999828592,0.0003185000969097018
14,Breast Cancer,10,RandomFuzzyRules__max_literal_repetitions__3,258,28,9,0.7142857142857143,0.5,0.6500000000000001,0.057249899953603745,0.0003192999865859747
15,Breast Cancer Wisconsin (Original),1,RandomFuzzyRules__max_literal_repetitions__1,629,70,9,0.9428571428571428,0.9130434782608695,0.9868659420289856,0.08870720001868904,0.0003656999906525016
15,Breast Cancer Wisconsin (Original),1,RandomFuzzyRules__max_literal_repetitions__2,629,70,9,0.9571428571428572,0.9361702127659574,0.9909420289855072,0.08094000001437962,0.0003431999357417226
15,Breast Cancer Wisconsin (Original),1,RandomFuzzyRules__max_literal_repetitions__3,629,70,9,0.9857142857142858,0.9795918367346939,0.9791666666666666,0.08274560002610087,0.00031669996678829193
15,Breast Cancer Wisconsin (Original),2,RandomFuzzyRules__max_literal_repetitions__1,629,70,9,0.9857142857142858,0.9787234042553191,1.0,0.08405199996195734,0.0003220000071451068
15,Breast Cancer Wisconsin (Original),2,RandomFuzzyRules__max_literal_repetitions__2,629,70,9,0.9428571428571428,0.9090909090909091,0.9918478260869565,0.07931820000521839,0.00032979995012283325
15,Breast Cancer Wisconsin (Original),2,RandomFuzzyRules__max_literal_repetitions__3,629,70,9,0.9857142857142858,0.9787234042553191,0.9981884057971014,0.08164039999246597,0.00032760004978626966
15,Breast Cancer Wisconsin (Original),3,RandomFuzzyRules__max_literal_repetitions__1,629,70,9,0.9428571428571428,0.9166666666666666,0.9895833333333334,0.09908000007271767,0.00032679992727935314
15,Breast Cancer Wisconsin (Original),3,RandomFuzzyRules__max_literal_repetitions__2,629,70,9,0.9571428571428572,0.9361702127659574,0.9882246376811594,0.08275219995994121,0.00032570003531873226
15,Breast Cancer Wisconsin (Original),3,RandomFuzzyRules__max_literal_repetitions__3,629,70,9,0.9571428571428572,0.9387755102040817,0.9873188405797102,0.08181390003301203,0.0003195999888703227
15,Breast Cancer Wisconsin (Original),4,RandomFuzzyRules__max_literal_repetitions__1,629,70,9,0.9428571428571428,0.923076923076923,0.9941123188405798,0.09540109999943525,0.00032409990672022104
15,Breast Cancer Wisconsin (Original),4,RandomFuzzyRules__max_literal_repetitions__2,629,70,9,0.9285714285714286,0.9056603773584906,0.9927536231884058,0.08918010001070797,0.00032600003760308027
15,Breast Cancer Wisconsin (Original),4,RandomFuzzyRules__max_literal_repetitions__3,629,70,9,0.9428571428571428,0.923076923076923,0.9981884057971014,0.08314700005576015,0.00034549995325505733
15,Breast Cancer Wisconsin (Original),5,RandomFuzzyRules__max_literal_repetitions__1,629,70,9,0.9285714285714286,0.8979591836734694,0.9664855072463768,0.10723539988975972,0.0003269000444561243
15,Breast Cancer Wisconsin (Original),5,RandomFuzzyRules__max_literal_repetitions__2,629,70,9,0.9571428571428572,0.9387755102040817,0.9873188405797102,0.0823714000871405,0.00032950006425380707
15,Breast Cancer Wisconsin (Original),5,RandomFuzzyRules__max_literal_repetitions__3,629,70,9,0.9285714285714286,0.8979591836734694,0.9678442028985508,0.07929550006520003,0.00032890005968511105
15,Breast Cancer Wisconsin (Original),6,RandomFuzzyRules__max_literal_repetitions__1,629,70,9,0.9571428571428572,0.9387755102040817,0.9927536231884058,0.08265720005147159,0.00032160000409930944
15,Breast Cancer Wisconsin (Original),6,RandomFuzzyRules__max_literal_repetitions__2,629,70,9,0.9857142857142858,0.9795918367346939,0.9986413043478262,0.08271500002592802,0.0003378000110387802
15,Breast Cancer Wisconsin (Original),6,RandomFuzzyRules__max_literal_repetitions__3,629,70,9,0.9714285714285714,0.9600000000000001,0.9972826086956523,0.08223059994634241,0.00033270008862018585
15,Breast Cancer Wisconsin (Original),7,RandomFuzzyRules__max_literal_repetitions__1,629,70,9,0.9857142857142858,0.9787234042553191,0.9981884057971016,0.08521259995177388,0.000327400048263371
15,Breast Cancer Wisconsin (Original),7,RandomFuzzyRules__max_literal_repetitions__2,629,70,9,0.9428571428571428,0.9199999999999999,0.9909420289855073,0.08007940009701997,0.00042479997500777245
15,Breast Cancer Wisconsin (Original),7,RandomFuzzyRules__max_literal_repetitions__3,629,70,9,0.9285714285714286,0.8979591836734694,0.9900362318840579,0.08234690001700073,0.00033409998286515474
15,Breast Cancer Wisconsin (Original),8,RandomFuzzyRules__max_literal_repetitions__1,629,70,9,0.9714285714285714,0.9565217391304348,0.9972826086956521,0.08326839993242174,0.0003229000139981508
15,Breast Cancer Wisconsin (Original),8,RandomFuzzyRules__max_literal_repetitions__2,629,70,9,0.9857142857142858,0.9795918367346939,0.9981884057971014,0.08151090005412698,0.00031669996678829193
15,Breast Cancer Wisconsin (Original),8,RandomFuzzyRules__max_literal_repetitions__3,629,70,9,0.9714285714285714,0.9565217391304348,0.9945652173913043,0.09657609998248518,0.00031729997135698795
15,Breast Cancer Wisconsin (Original),9,RandomFuzzyRules__max_literal_repetitions__1,629,70,9,0.9714285714285714,0.96,0.9848888888888888,0.08431639999616891,0.0003551000263541937
15,Breast Cancer Wisconsin (Original),9,RandomFuzzyRules__max_literal_repetitions__2,629,70,9,0.9714285714285714,0.96,0.9955555555555555,0.08143289992585778,0.0003269000444561243
15,Breast Cancer Wisconsin (Original),9,RandomFuzzyRules__max_literal_repetitions__3,629,70,9,0.9857142857142858,0.9803921568627451,0.9893333333333333,0.08256280003115535,0.00032919994555413723
15,Breast Cancer Wisconsin (Original),10,RandomFuzzyRules__max_literal_repetitions__1,630,69,9,0.927536231884058,0.8979591836734694,0.9879629629629629,0.07697630010079592,0.00025319994892925024
15,Breast Cancer Wisconsin (Original),10,RandomFuzzyRules__max_literal_repetitions__2,630,69,9,0.927536231884058,0.8936170212765957,0.9888888888888889,0.08789920003619045,0.00032979995012283325
15,Breast Cancer Wisconsin (Original),10,RandomFuzzyRules__max_literal_repetitions__3,630,69,9,0.9710144927536232,0.9600000000000001,0.9935185185185185,0.11760859994683415,0.0003302000695839524
17,Breast Cancer Wisconsin (Diagnostic),1,RandomFuzzyRules__max_literal_repetitions__1,512,57,30,0.9473684210526315,0.9333333333333332,0.9948051948051948,0.0709828999824822,0.0003749999450519681
17,Breast Cancer Wisconsin (Diagnostic),1,RandomFuzzyRules__max_literal_repetitions__2,512,57,30,0.9298245614035088,0.9090909090909091,0.9480519480519481,0.06917169992811978,0.00032210000790655613
17,Breast Cancer Wisconsin (Diagnostic),1,RandomFuzzyRules__max_literal_repetitions__3,512,57,30,0.9473684210526315,0.9333333333333332,0.996103896103896,0.07178559992462397,0.0003212000010535121
17,Breast Cancer Wisconsin (Diagnostic),2,RandomFuzzyRules__max_literal_repetitions__1,512,57,30,0.9473684210526315,0.9361702127659575,1.0,0.06393419997766614,0.0003060000017285347
17,Breast Cancer Wisconsin (Diagnostic),2,RandomFuzzyRules__max_literal_repetitions__2,512,57,30,0.9298245614035088,0.9130434782608695,0.9948051948051948,0.16850559995509684,0.00030120008159428835
17,Breast Cancer Wisconsin (Diagnostic),2,RandomFuzzyRules__max_literal_repetitions__3,512,57,30,0.9649122807017544,0.9565217391304348,0.9987012987012986,0.11779230006504804,0.0003274999326094985
17,Breast Cancer Wisconsin (Diagnostic),3,RandomFuzzyRules__max_literal_repetitions__1,512,57,30,0.9824561403508771,0.9767441860465117,0.9986772486772486,0.09241050004493445,0.00033299997448921204
17,Breast Cancer Wisconsin (Diagnostic),3,RandomFuzzyRules__max_literal_repetitions__2,512,57,30,0.9824561403508771,0.9767441860465117,0.9973544973544973,0.08440950000658631,0.0002717999741435051
17,Breast Cancer Wisconsin (Diagnostic),3,RandomFuzzyRules__max_literal_repetitions__3,512,57,30,0.9824561403508771,0.975609756097561,1.0,0.0778959000017494,0.0002733999863266945
17,Breast Cancer Wisconsin (Diagnostic),4,RandomFuzzyRules__max_literal_repetitions__1,512,57,30,0.8947368421052632,0.8421052631578947,0.933862433862434,0.08856880001258105,0.0003448999486863613
17,Breast Cancer Wisconsin (Diagnostic),4,RandomFuzzyRules__max_literal_repetitions__2,512,57,30,0.8596491228070176,0.7777777777777778,0.962962962962963,0.12453699996694922,0.0003203999949619174
17,Breast Cancer Wisconsin (Diagnostic),4,RandomFuzzyRules__max_literal_repetitions__3,512,57,30,0.8947368421052632,0.8421052631578947,0.9735449735449736,0.19159879989456385,0.00037860008887946606
17,Breast Cancer Wisconsin (Diagnostic),5,RandomFuzzyRules__max_literal_repetitions__1,512,57,30,0.9298245614035088,0.9,0.9576719576719577,0.1011218000203371,0.0002981000579893589
17,Breast Cancer Wisconsin (Diagnostic),5,RandomFuzzyRules__max_literal_repetitions__2,512,57,30,0.9122807017543859,0.8780487804878048,0.9325396825396826,0.106335400021635,0.0004483999218791723
17,Breast Cancer Wisconsin (Diagnostic),5,RandomFuzzyRules__max_literal_repetitions__3,512,57,30,0.9298245614035088,0.9047619047619048,0.9695767195767195,0.09508640004787594,0.0003493999829515815
17,Breast Cancer Wisconsin (Diagnostic),6,RandomFuzzyRules__max_literal_repetitions__1,512,57,30,0.9298245614035088,0.9047619047619048,0.9894179894179894,0.08290619996841997,0.0003372000064700842
17,Breast Cancer Wisconsin (Diagnostic),6,RandomFuzzyRules__max_literal_repetitions__2,512,57,30,0.9122807017543859,0.8780487804878048,0.988095238095238,0.07299340004101396,0.000470799976028502
17,Breast Cancer Wisconsin (Diagnostic),6,RandomFuzzyRules__max_literal_repetitions__3,512,57,30,0.9649122807017544,0.9523809523809523,0.9933862433862435,0.07590960001107305,0.0003347999881953001
17,Breast Cancer Wisconsin (Diagnostic),7,RandomFuzzyRules__max_literal_repetitions__1,512,57,30,0.8596491228070176,0.8181818181818182,0.9708994708994709,0.07231339998543262,0.0003296000650152564
17,Breast Cancer Wisconsin (Diagnostic),7,RandomFuzzyRules__max_literal_repetitions__2,512,57,30,0.8771929824561403,0.8372093023255814,0.9828042328042329,0.07749619998503476,0.0003312999615445733
17,Breast Cancer Wisconsin (Diagnostic),7,RandomFuzzyRules__max_literal_repetitions__3,512,57,30,0.9122807017543859,0.888888888888889,0.9775132275132276,0.06881640001665801,0.00032750004902482033
17,Breast Cancer Wisconsin (Diagnostic),8,RandomFuzzyRules__max_literal_repetitions__1,512,57,30,0.9649122807017544,0.9545454545454545,1.0,0.0689897999400273,0.0003252000315114856
17,Breast Cancer Wisconsin (Diagnostic),8,RandomFuzzyRules__max_literal_repetitions__2,512,57,30,0.9122807017543859,0.8936170212765957,0.9920634920634921,0.0714614000171423,0.00033930002246052027
17,Breast Cancer Wisconsin (Diagnostic),8,RandomFuzzyRules__max_literal_repetitions__3,512,57,30,0.9649122807017544,0.9545454545454545,1.0,0.08030900009907782,0.0003396999090909958
17,Breast Cancer Wisconsin (Diagnostic),9,RandomFuzzyRules__max_literal_repetitions__1,512,57,30,0.9298245614035088,0.9,0.9907407407407407,0.06686569994781166,0.00029280001763254404
17,Breast Cancer Wisconsin (Diagnostic),9,RandomFuzzyRules__max_literal_repetitions__2,512,57,30,0.9649122807017544,0.9500000000000001,0.9933862433862434,0.0732545000500977,0.00030419998802244663
17,Breast Cancer Wisconsin (Diagnostic),9,RandomFuzzyRules__max_literal_repetitions__3,512,57,30,0.9298245614035088,0.9,0.9907407407407408,0.0740072000771761,0.00032899994403123856
17,Breast Cancer Wisconsin (Diagnostic),10,RandomFuzzyRules__max_literal_repetitions__1,513,56,30,0.9285714285714286,0.9,0.9959183673469387,0.07448339997790754,0.0003302000695839524
17,Breast Cancer Wisconsin (Diagnostic),10,RandomFuzzyRules__max_literal_repetitions__2,513,56,30,0.9464285714285714,0.923076923076923,0.9972789115646259,0.07979460002388805,0.0002516999375075102
17,Breast Cancer Wisconsin (Diagnostic),10,RandomFuzzyRules__max_literal_repetitions__3,513,56,30,1.0,1.0,1.0,0.07916940003633499,0.0002498000394552946
27,Credit Approval,1,RandomFuzzyRules__max_literal_repetitions__1,621,69,15,0.8695652173913043,0.8831168831168831,0.8624787775891342,0.07823250000365078,0.0003727999283000827
27,Credit Approval,1,RandomFuzzyRules__max_literal_repetitions__2,621,69,15,0.8405797101449275,0.860759493670886,0.8641765704584041,0.06992980011273175,0.0003334000939503312
27,Credit Approval,1,RandomFuzzyRules__max_literal_repetitions__3,621,69,15,0.855072463768116,0.8717948717948718,0.8641765704584041,0.07422489998862147,0.00033549999352544546
27,Credit Approval,2,RandomFuzzyRules__max_literal_repetitions__1,621,69,15,0.8405797101449275,0.8405797101449276,0.850169779286927,0.07044160005170852,0.0004159999080002308
27,Credit Approval,2,RandomFuzzyRules__max_literal_repetitions__2,621,69,15,0.8405797101449275,0.8405797101449276,0.850169779286927,0.06590090005192906,0.0003339999821037054
27,Credit Approval,2,RandomFuzzyRules__max_literal_repetitions__3,621,69,15,0.8405797101449275,0.8405797101449276,0.849320882852292,0.07498769997619092,0.0002839999506250024
27,Credit Approval,3,RandomFuzzyRules__max_literal_repetitions__1,621,69,15,0.855072463768116,0.8529411764705883,0.8662988115449916,0.0858712000772357,0.00037249992601573467
27,Credit Approval,3,RandomFuzzyRules__max_literal_repetitions__2,621,69,15,0.855072463768116,0.8529411764705883,0.8662988115449916,0.06996039999648929,0.0003477999707683921
27,Credit Approval,3,RandomFuzzyRules__max_literal_repetitions__3,621,69,15,0.8405797101449275,0.8405797101449276,0.8790322580645162,0.06754630000796169,0.0003530000103637576
27,Credit Approval,4,RandomFuzzyRules__max_literal_repetitions__1,621,69,15,0.7246376811594203,0.716417910447761,0.735144312393888,0.06960689998231828,0.00033109996002167463
27,Credit Approval,4,RandomFuzzyRules__max_literal_repetitions__2,621,69,15,0.7391304347826086,0.7352941176470588,0.7546689303904924,0.06794410001020879,0.00033059995621442795
27,Credit Approval,4,RandomFuzzyRules__max_literal_repetitions__3,621,69,15,0.7246376811594203,0.716417910447761,0.735144312393888,0.0760221000527963,0.000341300037689507
27,Credit Approval,5,RandomFuzzyRules__max_literal_repetitions__1,621,69,15,0.9420289855072463,0.9459459459459458,0.9460950764006791,0.06851509993430227,0.0003264000406488776
27,Credit Approval,5,RandomFuzzyRules__max_literal_repetitions__2,621,69,15,0.9420289855072463,0.9459459459459458,0.9460950764006791,0.06824059993959963,0.00031999999191612005
27,Credit Approval,5,RandomFuzzyRules__max_literal_repetitions__3,621,69,15,0.9420289855072463,0.9459459459459458,0.9443972835314092,0.07035259995609522,0.0003578000469133258
27,Credit Approval,6,RandomFuzzyRules__max_literal_repetitions__1,621,69,15,0.7971014492753623,0.7999999999999999,0.8073005093378609,0.07135049998760223,0.0003361999988555908
27,Credit Approval,6,RandomFuzzyRules__max_literal_repetitions__2,621,69,15,0.7971014492753623,0.7999999999999999,0.8073005093378609,0.06760249997023493,0.00034190004225820303
27,Credit Approval,6,RandomFuzzyRules__max_literal_repetitions__3,621,69,15,0.7971014492753623,0.7941176470588235,0.8068760611205432,0.07065670005977154,0.0003369000041857362
27,Credit Approval,7,RandomFuzzyRules__max_literal_repetitions__1,621,69,15,0.8695652173913043,0.88,0.8713921901528013,0.07196070009376854,0.00035089999437332153
27,Credit Approval,7,RandomFuzzyRules__max_literal_repetitions__2,621,69,15,0.8695652173913043,0.88,0.8713921901528013,0.06726549996528774,0.00035440002102404833
27,Credit Approval,7,RandomFuzzyRules__max_literal_repetitions__3,621,69,15,0.8695652173913043,0.88,0.8713921901528013,0.06831750005949289,0.0003480000887066126
27,Credit Approval,8,RandomFuzzyRules__max_literal_repetitions__1,621,69,15,0.782608695652174,0.7887323943661971,0.7923076923076924,0.06641669990494847,0.0003352999920025468
27,Credit Approval,8,RandomFuzzyRules__max_literal_repetitions__2,621,69,15,0.782608695652174,0.7887323943661971,0.7923076923076924,0.07633990002796054,0.0003570000408217311
27,Credit Approval,8,RandomFuzzyRules__max_literal_repetitions__3,621,69,15,0.782608695652174,0.7945205479452054,0.7884615384615385,0.06665870000142604,0.0002620999002829194
27,Credit Approval,9,RandomFuzzyRules__max_literal_repetitions__1,621,69,15,0.855072463768116,0.8571428571428572,0.8683760683760683,0.06921950005926192,0.0003255000337958336
27,Credit Approval,9,RandomFuzzyRules__max_literal_repetitions__2,621,69,15,0.855072463768116,0.8571428571428572,0.8683760683760683,0.08425380010157824,0.00033270008862018585
27,Credit Approval,9,RandomFuzzyRules__max_literal_repetitions__3,621,69,15,0.855072463768116,0.8571428571428572,0.8679487179487179,0.07927830005064607,0.0003271999303251505
27,Credit Approval,10,RandomFuzzyRules__max_literal_repetitions__1,621,69,15,0.9420289855072463,0.945945945945946,0.9487179487179487,0.0651425999822095,0.0003307999577373266
27,Credit Approval,10,RandomFuzzyRules__max_literal_repetitions__2,621,69,15,0.9420289855072463,0.945945945945946,0.9487179487179487,0.08544169995002449,0.00035170000046491623
27,Credit Approval,10,RandomFuzzyRules__max_literal_repetitions__3,621,69,15,0.9420289855072463,0.945945945945946,0.9487179487179487,0.06805010000243783,0.00032490002922713757
43,Haberman's Survival,1,RandomFuzzyRules__max_literal_repetitions__1,275,31,3,0.7741935483870968,0.2222222222222222,0.7255434782608695,0.4313321999507025,0.0003575000446289778
43,Haberman's Survival,1,RandomFuzzyRules__max_literal_repetitions__2,275,31,3,0.8709677419354839,0.6666666666666666,0.7635869565217391,0.16537419997621328,0.00033820001408457756
43,Haberman's Survival,1,RandomFuzzyRules__max_literal_repetitions__3,275,31,3,0.8387096774193549,0.6153846153846154,0.7309782608695653,0.13781580002978444,0.0003155999584123492
43,Haberman's Survival,2,RandomFuzzyRules__max_literal_repetitions__1,275,31,3,0.7419354838709677,0.3333333333333333,0.6603260869565217,0.2912391999270767,0.00034440006129443645
43,Haberman's Survival,2,RandomFuzzyRules__max_literal_repetitions__2,275,31,3,0.7741935483870968,0.5333333333333333,0.5842391304347827,0.16875930002424866,0.0003103999188169837
43,Haberman's Survival,2,RandomFuzzyRules__max_literal_repetitions__3,275,31,3,0.7741935483870968,0.4615384615384615,0.654891304347826,0.14122520003002137,0.0003103000344708562
43,Haberman's Survival,3,RandomFuzzyRules__max_literal_repetitions__1,275,31,3,0.7741935483870968,0.2222222222222222,0.5869565217391304,0.2943429999286309,0.00034989998675882816
43,Haberman's Survival,3,RandomFuzzyRules__max_literal_repetitions__2,275,31,3,0.7741935483870968,0.2222222222222222,0.3586956521739131,0.16346760001033545,0.0002908000024035573
43,Haberman's Survival,3,RandomFuzzyRules__max_literal_repetitions__3,275,31,3,0.8064516129032258,0.4,0.6467391304347827,0.13477629993576556,0.0003074000123888254
43,Haberman's Survival,4,RandomFuzzyRules__max_literal_repetitions__1,275,31,3,0.6451612903225806,0.15384615384615385,0.5054347826086957,0.29600349999964237,0.0003445000620558858
43,Haberman's Survival,4,RandomFuzzyRules__max_literal_repetitions__2,275,31,3,0.6451612903225806,0.15384615384615385,0.5108695652173914,0.16762019996531308,0.0003085000207647681
43,Haberman's Survival,4,RandomFuzzyRules__max_literal_repetitions__3,275,31,3,0.6451612903225806,0.15384615384615385,0.532608695652174,0.14142569992691278,0.0003195001045241952
43,Haberman's Survival,5,RandomFuzzyRules__max_literal_repetitions__1,275,31,3,0.8709677419354839,0.6666666666666666,0.9456521739130435,0.2963711000047624,0.00036970002111047506
43,Haberman's Survival,5,RandomFuzzyRules__max_literal_repetitions__2,275,31,3,0.8709677419354839,0.7142857142857143,0.8260869565217391,0.16938410000875592,0.00032110000029206276
43,Haberman's Survival,5,RandomFuzzyRules__max_literal_repetitions__3,275,31,3,0.8709677419354839,0.7142857142857143,0.9456521739130436,0.14304430002812296,0.00033519999124109745
43,Haberman's Survival,6,RandomFuzzyRules__max_literal_repetitions__1,275,31,3,0.7096774193548387,0.0,0.6338383838383838,0.2909419999923557,0.00035820004995912313
43,Haberman's Survival,6,RandomFuzzyRules__max_literal_repetitions__2,275,31,3,0.6774193548387096,0.0,0.6237373737373737,0.16886289999820292,0.0003154000733047724
43,Haberman's Survival,6,RandomFuzzyRules__max_literal_repetitions__3,275,31,3,0.7419354838709677,0.19999999999999998,0.6136363636363636,0.13971380004659295,0.0003170999698340893
43,Haberman's Survival,7,RandomFuzzyRules__max_literal_repetitions__1,276,30,3,0.8333333333333334,0.5454545454545454,0.84375,0.2974590000230819,0.0003765999572351575
43,Haberman's Survival,7,RandomFuzzyRules__max_literal_repetitions__2,276,30,3,0.8,0.5,0.6846590909090909,0.17096110002603382,0.00031479995232075453
43,Haberman's Survival,7,RandomFuzzyRules__max_literal_repetitions__3,276,30,3,0.8333333333333334,0.5454545454545454,0.8551136363636362,0.1493788999505341,0.00033249997068196535
43,Haberman's Survival,8,RandomFuzzyRules__max_literal_repetitions__1,276,30,3,0.7333333333333333,0.2,0.39488636363636365,0.315020399983041,0.00032869994174689054
43,Haberman's Survival,8,RandomFuzzyRules__max_literal_repetitions__2,276,30,3,0.7333333333333333,0.2,0.41761363636363635,0.17308089998550713,0.00031779997516423464
43,Haberman's Survival,8,RandomFuzzyRules__max_literal_repetitions__3,276,30,3,0.7333333333333333,0.2,0.42329545454545453,0.17439699999522418,0.0003168999683111906
43,Haberman's Survival,9,RandomFuzzyRules__max_literal_repetitions__1,276,30,3,0.7666666666666667,0.36363636363636365,0.9034090909090909,0.31096419994719326,0.000340400030836463
43,Haberman's Survival,9,RandomFuzzyRules__max_literal_repetitions__2,276,30,3,0.7333333333333333,0.3333333333333333,0.7613636363636364,0.1664093000581488,0.0003706000279635191
43,Haberman's Survival,9,RandomFuzzyRules__max_literal_repetitions__3,276,30,3,0.8333333333333334,0.6153846153846154,0.9147727272727273,0.23162450001109391,0.0002386000705882907
43,Haberman's Survival,10,RandomFuzzyRules__max_literal_repetitions__1,276,30,3,0.6666666666666666,0.0,0.6221590909090908,0.4257250000955537,0.0003146000672131777
43,Haberman's Survival,10,RandomFuzzyRules__max_literal_repetitions__2,276,30,3,0.6666666666666666,0.0,0.53125,0.16599739994853735,0.00035230000503361225
43,Haberman's Survival,10,RandomFuzzyRules__max_literal_repetitions__3,276,30,3,0.6666666666666666,0.0,0.5198863636363636,0.17198370001278818,0.00029039999935775995
45,Heart Disease,1,RandomFuzzyRules__max_literal_repetitions__1,272,31,13,0.7741935483870968,0.7741935483870968,0.842436974789916,0.061083000036887825,0.00036479998379945755
45,Heart Disease,1,RandomFuzzyRules__max_literal_repetitions__2,272,31,13,0.8064516129032258,0.75,0.8592436974789917,0.05637250002473593,0.0003165999660268426
45,Heart Disease,1,RandomFuzzyRules__max_literal_repetitions__3,272,31,13,0.8064516129032258,0.7692307692307692,0.8991596638655462,0.05815409997012466,0.0003163999645039439
45,Heart Disease,2,RandomFuzzyRules__max_literal_repetitions__1,272,31,13,0.7419354838709677,0.7647058823529412,0.8739495798319328,0.05873519997112453,0.00033850001636892557
45,Heart Disease,2,RandomFuzzyRules__max_literal_repetitions__2,272,31,13,0.7419354838709677,0.7333333333333334,0.7542016806722688,0.057911000098101795,0.0003250999143347144
45,Heart Disease,2,RandomFuzzyRules__max_literal_repetitions__3,272,31,13,0.6451612903225806,0.56,0.6638655462184874,0.05972649995237589,0.0003253000322729349
45,Heart Disease,3,RandomFuzzyRules__max_literal_repetitions__1,272,31,13,0.8064516129032258,0.7999999999999999,0.8403361344537814,0.06069640000350773,0.0003339000977575779
45,Heart Disease,3,RandomFuzzyRules__max_literal_repetitions__2,272,31,13,0.8064516129032258,0.7999999999999999,0.8550420168067225,0.06823740003164858,0.00027680001221597195
45,Heart Disease,3,RandomFuzzyRules__max_literal_repetitions__3,272,31,13,0.7741935483870968,0.7878787878787878,0.8676470588235293,0.05848949996288866,0.000304599991068244
45,Heart Disease,4,RandomFuzzyRules__max_literal_repetitions__1,273,30,13,0.8333333333333334,0.8,0.8144796380090498,0.05899940000381321,0.00033379998058080673
45,Heart Disease,4,RandomFuzzyRules__max_literal_repetitions__2,273,30,13,0.8,0.7272727272727274,0.8597285067873301,0.05444979993626475,0.00024389999452978373
45,Heart Disease,4,RandomFuzzyRules__max_literal_repetitions__3,273,30,13,0.8333333333333334,0.8148148148148148,0.918552036199095,0.05776490003336221,0.00030360009986907244
45,Heart Disease,5,RandomFuzzyRules__max_literal_repetitions__1,273,30,13,0.7333333333333333,0.75,0.828125,0.06230320001486689,0.00021269998978823423
45,Heart Disease,5,RandomFuzzyRules__max_literal_repetitions__2,273,30,13,0.6666666666666666,0.6153846153846153,0.7723214285714286,0.05567999999038875,0.00022829999215900898
45,Heart Disease,5,RandomFuzzyRules__max_literal_repetitions__3,273,30,13,0.7333333333333333,0.7647058823529412,0.8705357142857143,0.05846679990645498,0.000300500076264143
45,Heart Disease,6,RandomFuzzyRules__max_literal_repetitions__1,273,30,13,0.9,0.888888888888889,0.8727678571428571,0.0613397000124678,0.00032190000638365746
45,Heart Disease,6,RandomFuzzyRules__max_literal_repetitions__2,273,30,13,0.8,0.75,0.8616071428571428,0.06074770004488528,0.0003271999303251505
45,Heart Disease,6,RandomFuzzyRules__max_literal_repetitions__3,273,30,13,0.8,0.7692307692307692,0.8415178571428571,0.06753969995770603,0.0003135999431833625
45,Heart Disease,7,RandomFuzzyRules__max_literal_repetitions__1,273,30,13,0.8333333333333334,0.8148148148148148,0.8058035714285715,0.058484300039708614,0.0003114000428467989
45,Heart Disease,7,RandomFuzzyRules__max_literal_repetitions__2,273,30,13,0.8,0.7272727272727273,0.796875,0.061952400021255016,0.0003277999348938465
45,Heart Disease,7,RandomFuzzyRules__max_literal_repetitions__3,273,30,13,0.8333333333333334,0.8148148148148148,0.8839285714285714,0.05858209996949881,0.00027680001221597195
45,Heart Disease,8,RandomFuzzyRules__max_literal_repetitions__1,273,30,13,0.8333333333333334,0.8387096774193549,0.90625,0.05913790001068264,0.0003241999074816704
45,Heart Disease,8,RandomFuzzyRules__max_literal_repetitions__2,273,30,13,0.7,0.689655172413793,0.7589285714285715,0.05552179994992912,0.00031779997516423464
45,Heart Disease,8,RandomFuzzyRules__max_literal_repetitions__3,273,30,13,0.7333333333333333,0.7333333333333334,0.8214285714285715,0.05844220006838441,0.0003434999380260706
45,Heart Disease,9,RandomFuzzyRules__max_literal_repetitions__1,273,30,13,0.7666666666666667,0.7407407407407408,0.8325892857142857,0.056791000068187714,0.00032510003075003624
45,Heart Disease,9,RandomFuzzyRules__max_literal_repetitions__2,273,30,13,0.7666666666666667,0.7586206896551724,0.8303571428571428,0.054402299923822284,0.00023580004926770926
45,Heart Disease,9,RandomFuzzyRules__max_literal_repetitions__3,273,30,13,0.7333333333333333,0.7142857142857143,0.8013392857142857,0.06608420005068183,0.0002847999567165971
45,Heart Disease,10,RandomFuzzyRules__max_literal_repetitions__1,273,30,13,0.8333333333333334,0.8148148148148148,0.8794642857142857,0.06746719998773187,0.00021670002024620771
45,Heart Disease,10,RandomFuzzyRules__max_literal_repetitions__2,273,30,13,0.7,0.64,0.7254464285714286,0.072153199929744,0.00031969998963177204
45,Heart Disease,10,RandomFuzzyRules__max_literal_repetitions__3,273,30,13,0.7333333333333333,0.6923076923076924,0.7633928571428572,0.08275970001704991,0.00022709998302161694
46,Hepatitis,1,RandomFuzzyRules__max_literal_repetitions__1,139,16,19,0.75,0.8571428571428571,0.35897435897435903,0.06027919996995479,0.0003499999875202775
46,Hepatitis,1,RandomFuzzyRules__max_literal_repetitions__2,139,16,19,0.8125,0.896551724137931,0.4102564102564103,0.048167699947953224,0.00022010004613548517
46,Hepatitis,1,RandomFuzzyRules__max_literal_repetitions__3,139,16,19,0.875,0.9285714285714286,1.0,0.0506353999953717,0.0003037999849766493
46,Hepatitis,2,RandomFuzzyRules__max_literal_repetitions__1,139,16,19,0.8125,0.888888888888889,0.8076923076923077,0.056833700044080615,0.0003277999348938465
46,Hepatitis,2,RandomFuzzyRules__max_literal_repetitions__2,139,16,19,0.8125,0.888888888888889,0.6923076923076923,0.05038479994982481,0.0002967000473290682
46,Hepatitis,2,RandomFuzzyRules__max_literal_repetitions__3,139,16,19,0.8125,0.888888888888889,0.7435897435897436,0.05061749997548759,0.0002893999917432666
46,Hepatitis,3,RandomFuzzyRules__max_literal_repetitions__1,139,16,19,0.875,0.9230769230769231,0.9487179487179488,0.05022599990479648,0.00028250005561858416
46,Hepatitis,3,RandomFuzzyRules__max_literal_repetitions__2,139,16,19,0.6875,0.8148148148148148,0.8333333333333335,0.06077890004962683,0.00022759998682886362
46,Hepatitis,3,RandomFuzzyRules__max_literal_repetitions__3,139,16,19,0.75,0.8571428571428571,0.9230769230769231,0.05014830001164228,0.00030369998421519995
46,Hepatitis,4,RandomFuzzyRules__max_literal_repetitions__1,139,16,19,0.75,0.8461538461538461,0.8541666666666667,0.049840599996969104,0.00029399991035461426
46,Hepatitis,4,RandomFuzzyRules__max_literal_repetitions__2,139,16,19,0.75,0.8461538461538461,0.8541666666666667,0.04989150003530085,0.000229199999012053
46,Hepatitis,4,RandomFuzzyRules__max_literal_repetitions__3,139,16,19,0.6875,0.8148148148148148,0.8645833333333333,0.04969919996801764,0.00029470003210008144
46,Hepatitis,5,RandomFuzzyRules__max_literal_repetitions__1,139,16,19,0.8125,0.888888888888889,0.47916666666666663,0.06130459997802973,0.0003182999789714813
46,Hepatitis,5,RandomFuzzyRules__max_literal_repetitions__2,139,16,19,0.8125,0.888888888888889,0.41666666666666663,0.06858760002069175,0.00032899994403123856
46,Hepatitis,5,RandomFuzzyRules__max_literal_repetitions__3,139,16,19,0.8125,0.888888888888889,0.4479166666666667,0.05194929998833686,0.0002999999560415745
46,Hepatitis,6,RandomFuzzyRules__max_literal_repetitions__1,140,15,19,0.8,0.888888888888889,0.6944444444444444,0.05802290001884103,0.0002828999422490597
46,Hepatitis,6,RandomFuzzyRules__max_literal_repetitions__2,140,15,19,0.8,0.888888888888889,0.5555555555555556,0.05123880004975945,0.0003068000078201294
46,Hepatitis,6,RandomFuzzyRules__max_literal_repetitions__3,140,15,19,0.6666666666666666,0.8,0.5000000000000001,0.053953299997374415,0.0003249999135732651
46,Hepatitis,7,RandomFuzzyRules__max_literal_repetitions__1,140,15,19,0.8666666666666667,0.923076923076923,0.8333333333333334,0.049639200093224645,0.00031510007102042437
46,Hepatitis,7,RandomFuzzyRules__max_literal_repetitions__2,140,15,19,0.8,0.888888888888889,1.0,0.05894140002783388,0.0003138999454677105
46,Hepatitis,7,RandomFuzzyRules__max_literal_repetitions__3,140,15,19,0.7333333333333333,0.8461538461538461,0.8055555555555556,0.05107389995828271,0.0003120000474154949
46,Hepatitis,8,RandomFuzzyRules__max_literal_repetitions__1,140,15,19,0.8,0.8799999999999999,0.5,0.05054500000551343,0.00030890002381056547
46,Hepatitis,8,RandomFuzzyRules__max_literal_repetitions__2,140,15,19,0.8,0.888888888888889,0.5277777777777778,0.05114669993054122,0.00031859998125582933
46,Hepatitis,8,RandomFuzzyRules__max_literal_repetitions__3,140,15,19,0.8,0.8799999999999999,0.8333333333333334,0.05119539995212108,0.000314700067974627
46,Hepatitis,9,RandomFuzzyRules__max_literal_repetitions__1,140,15,19,0.7333333333333333,0.8333333333333334,0.7222222222222223,0.04894220002461225,0.00031599996145814657
46,Hepatitis,9,RandomFuzzyRules__max_literal_repetitions__2,140,15,19,0.7333333333333333,0.8333333333333334,0.5416666666666667,0.05156769999302924,0.0003274999326094985
46,Hepatitis,9,RandomFuzzyRules__max_literal_repetitions__3,140,15,19,0.7333333333333333,0.8333333333333334,0.4444444444444445,0.05495390004944056,0.00029989995528012514
46,Hepatitis,10,RandomFuzzyRules__max_literal_repetitions__1,140,15,19,0.8,0.888888888888889,0.5555555555555556,0.05130649998318404,0.00031239993404597044
46,Hepatitis,10,RandomFuzzyRules__max_literal_repetitions__2,140,15,19,0.7333333333333333,0.8461538461538461,0.6111111111111112,0.04992279992438853,0.0002685000654309988
46,Hepatitis,10,RandomFuzzyRules__max_literal_repetitions__3,140,15,19,0.7333333333333333,0.8461538461538461,0.9166666666666666,0.05038759997114539,0.0003073000116273761
52,Ionosphere,1,RandomFuzzyRules__max_literal_repetitions__1,315,36,34,0.75,0.8363636363636363,0.7341137123745819,0.06319049990270287,0.000530300079844892
52,Ionosphere,1,RandomFuzzyRules__max_literal_repetitions__2,315,36,34,0.8333333333333334,0.8846153846153846,0.745819397993311,0.06607810000423342,0.000332699972204864
52,Ionosphere,1,RandomFuzzyRules__max_literal_repetitions__3,315,36,34,0.8888888888888888,0.92,0.7391304347826086,0.06464370002504438,0.0003336000954732299
52,Ionosphere,2,RandomFuzzyRules__max_literal_repetitions__1,316,35,34,0.8,0.8679245283018869,0.9057971014492754,0.05967419990338385,0.00036530010402202606
52,Ionosphere,2,RandomFuzzyRules__max_literal_repetitions__2,316,35,34,0.8571428571428571,0.9019607843137255,0.9202898550724637,0.0687779999570921,0.000291300006210804
52,Ionosphere,2,RandomFuzzyRules__max_literal_repetitions__3,316,35,34,0.9142857142857143,0.9361702127659574,0.9202898550724637,0.06602829997427762,0.00024560000747442245
52,Ionosphere,3,RandomFuzzyRules__max_literal_repetitions__1,316,35,34,0.8,0.851063829787234,0.6594202898550725,0.0720675999764353,0.00025400007143616676
52,Ionosphere,3,RandomFuzzyRules__max_literal_repetitions__2,316,35,34,0.8571428571428571,0.9019607843137255,0.7934782608695652,0.07149889995343983,0.00033629999961704016
52,Ionosphere,3,RandomFuzzyRules__max_literal_repetitions__3,316,35,34,0.8571428571428571,0.8979591836734695,0.7971014492753623,0.0759525999892503,0.0003092000260949135
52,Ionosphere,4,RandomFuzzyRules__max_literal_repetitions__1,316,35,34,0.8285714285714286,0.8749999999999999,0.8677536231884059,0.07719609991181642,0.00029390002600848675
52,Ionosphere,4,RandomFuzzyRules__max_literal_repetitions__2,316,35,34,0.8571428571428571,0.9019607843137255,0.7862318840579711,0.07007809996139258,0.00024580000899732113
52,Ionosphere,4,RandomFuzzyRules__max_literal_repetitions__3,316,35,34,0.8857142857142857,0.92,0.7789855072463768,0.07431269995868206,0.0003090000245720148
52,Ionosphere,5,RandomFuzzyRules__max_literal_repetitions__1,316,35,34,0.7714285714285715,0.8518518518518519,0.8333333333333334,0.07346360001247376,0.00033169996459037066
52,Ionosphere,5,RandomFuzzyRules__max_literal_repetitions__2,316,35,34,0.8285714285714286,0.8800000000000001,0.8369565217391305,0.08397419995162636,0.00027950003277510405
52,Ionosphere,5,RandomFuzzyRules__max_literal_repetitions__3,316,35,34,0.8571428571428571,0.8936170212765957,0.8623188405797102,0.07228109997231513,0.0002457000082358718
52,Ionosphere,6,RandomFuzzyRules__max_literal_repetitions__1,316,35,34,0.7428571428571429,0.823529411764706,0.6608391608391608,0.06922430009581149,0.00030129996594041586
52,Ionosphere,6,RandomFuzzyRules__max_literal_repetitions__2,316,35,34,0.9142857142857143,0.9361702127659575,0.923076923076923,0.07142499997280538,0.00034419994335621595
52,Ionosphere,6,RandomFuzzyRules__max_literal_repetitions__3,316,35,34,0.9142857142857143,0.9361702127659575,0.9020979020979021,0.07586280000396073,0.0002620999002829194
52,Ionosphere,7,RandomFuzzyRules__max_literal_repetitions__1,316,35,34,0.7428571428571429,0.8301886792452831,0.7657342657342657,0.06261279992759228,0.00034200004301965237
52,Ionosphere,7,RandomFuzzyRules__max_literal_repetitions__2,316,35,34,0.8,0.8627450980392156,0.8444055944055944,0.07859769999049604,0.0002991999499499798
52,Ionosphere,7,RandomFuzzyRules__max_literal_repetitions__3,316,35,34,0.8857142857142857,0.9166666666666666,0.8374125874125874,0.07161609991453588,0.00025290006306022406
52,Ionosphere,8,RandomFuzzyRules__max_literal_repetitions__1,316,35,34,0.8571428571428571,0.8979591836734693,0.8636363636363636,0.07213200000114739,0.00033409998286515474
52,Ionosphere,8,RandomFuzzyRules__max_literal_repetitions__2,316,35,34,0.9142857142857143,0.9361702127659575,0.9125874125874126,0.07180479995440692,0.00023859995417296886
52,Ionosphere,8,RandomFuzzyRules__max_literal_repetitions__3,316,35,34,0.9428571428571428,0.9565217391304348,0.8986013986013986,0.08051040000282228,0.0003853000234812498
52,Ionosphere,9,RandomFuzzyRules__max_literal_repetitions__1,316,35,34,0.7142857142857143,0.7826086956521738,0.7167832167832168,0.08882189996074885,0.0002975000534206629
52,Ionosphere,9,RandomFuzzyRules__max_literal_repetitions__2,316,35,34,0.8857142857142857,0.9166666666666666,0.7692307692307693,0.07247240003198385,0.00034559995401650667
52,Ionosphere,9,RandomFuzzyRules__max_literal_repetitions__3,316,35,34,0.8285714285714286,0.8695652173913043,0.7517482517482518,0.07289480010513216,0.00033900002017617226
52,Ionosphere,10,RandomFuzzyRules__max_literal_repetitions__1,316,35,34,0.7714285714285715,0.846153846153846,0.8216783216783217,0.06904820003546774,0.0003562999190762639
52,Ionosphere,10,RandomFuzzyRules__max_literal_repetitions__2,316,35,34,0.8,0.8627450980392156,0.798951048951049,0.06454339995980263,0.00027269998099654913
52,Ionosphere,10,RandomFuzzyRules__max_literal_repetitions__3,316,35,34,0.8571428571428571,0.8936170212765958,0.8024475524475525,0.07328460004646331,0.00023819995112717152
74,Musk (Version 1),1,RandomFuzzyRules__max_literal_repetitions__1,428,48,168,0.5833333333333334,0.4736842105263158,0.4814814814814815,0.07788260001689196,0.0003917000722140074
74,Musk (Version 1),1,RandomFuzzyRules__max_literal_repetitions__2,428,48,168,0.6458333333333334,0.5405405405405405,0.5925925925925926,0.07602279994171113,0.00040220003575086594
74,Musk (Version 1),1,RandomFuzzyRules__max_literal_repetitions__3,428,48,168,0.6458333333333334,0.5405405405405405,0.5802469135802469,0.09395969996694475,0.0003731000469997525
74,Musk (Version 1),2,RandomFuzzyRules__max_literal_repetitions__1,428,48,168,0.6666666666666666,0.5294117647058824,0.609347442680776,0.07497580000199378,0.0003991000121459365
74,Musk (Version 1),2,RandomFuzzyRules__max_literal_repetitions__2,428,48,168,0.6875,0.5454545454545454,0.6675485008818343,0.07278400007635355,0.00036880001425743103
74,Musk (Version 1),2,RandomFuzzyRules__max_literal_repetitions__3,428,48,168,0.6875,0.5454545454545454,0.6675485008818343,0.08181499992497265,0.00041530001908540726
74,Musk (Version 1),3,RandomFuzzyRules__max_literal_repetitions__1,428,48,168,0.5833333333333334,0.4444444444444444,0.6728395061728396,0.08844890003092587,0.00043320003896951675
74,Musk (Version 1),3,RandomFuzzyRules__max_literal_repetitions__2,428,48,168,0.625,0.5714285714285714,0.6596119929453262,0.10052870004437864,0.00040090002585202456
74,Musk (Version 1),3,RandomFuzzyRules__max_literal_repetitions__3,428,48,168,0.75,0.6666666666666666,0.763668430335097,0.08390039997175336,0.00040010001976042986
74,Musk (Version 1),4,RandomFuzzyRules__max_literal_repetitions__1,428,48,168,0.6041666666666666,0.4864864864864864,0.654320987654321,0.07338209997396916,0.0002967000473290682
74,Musk (Version 1),4,RandomFuzzyRules__max_literal_repetitions__2,428,48,168,0.6041666666666666,0.4864864864864864,0.654320987654321,0.06513390003237873,0.0002872999757528305
74,Musk (Version 1),4,RandomFuzzyRules__max_literal_repetitions__3,428,48,168,0.6041666666666666,0.4864864864864864,0.654320987654321,0.08325829997193068,0.0003040001029148698
74,Musk (Version 1),5,RandomFuzzyRules__max_literal_repetitions__1,428,48,168,0.6041666666666666,0.4242424242424242,0.5643738977072311,0.10057380003854632,0.0004197999369353056
74,Musk (Version 1),5,RandomFuzzyRules__max_literal_repetitions__2,428,48,168,0.6041666666666666,0.4242424242424242,0.5608465608465608,0.06817750004120171,0.0003415000392124057
74,Musk (Version 1),5,RandomFuzzyRules__max_literal_repetitions__3,428,48,168,0.6041666666666666,0.4864864864864864,0.591710758377425,0.08461979997809976,0.00034359993878751993
74,Musk (Version 1),6,RandomFuzzyRules__max_literal_repetitions__1,428,48,168,0.6875,0.5945945945945946,0.6596119929453264,0.07425249996595085,0.0002812000457197428
74,Musk (Version 1),6,RandomFuzzyRules__max_literal_repetitions__2,428,48,168,0.6666666666666666,0.6,0.5855379188712523,0.08623560005798936,0.00032869994174689054
74,Musk (Version 1),6,RandomFuzzyRules__max_literal_repetitions__3,428,48,168,0.6666666666666666,0.6,0.6005291005291006,0.07993490004446357,0.0003021999727934599
74,Musk (Version 1),7,RandomFuzzyRules__max_literal_repetitions__1,429,47,168,0.6382978723404256,0.5142857142857143,0.6529304029304029,0.07056879997253418,0.0003400000277906656
74,Musk (Version 1),7,RandomFuzzyRules__max_literal_repetitions__2,429,47,168,0.7446808510638298,0.7,0.7060439560439561,0.07844959991052747,0.0003388000186532736
74,Musk (Version 1),7,RandomFuzzyRules__max_literal_repetitions__3,429,47,168,0.7446808510638298,0.7,0.7060439560439561,0.07965530001092702,0.00032920006196945906
74,Musk (Version 1),8,RandomFuzzyRules__max_literal_repetitions__1,429,47,168,0.6808510638297872,0.4444444444444444,0.5277777777777778,0.07477290008682758,0.0003770999610424042
74,Musk (Version 1),8,RandomFuzzyRules__max_literal_repetitions__2,429,47,168,0.7872340425531915,0.75,0.8018518518518519,0.08955629996489733,0.00038049998693168163
74,Musk (Version 1),8,RandomFuzzyRules__max_literal_repetitions__3,429,47,168,0.7872340425531915,0.75,0.8018518518518519,0.08365819999016821,0.000417300034314394
74,Musk (Version 1),9,RandomFuzzyRules__max_literal_repetitions__1,429,47,168,0.574468085106383,0.3333333333333333,0.5731481481481482,0.0731921000406146,0.0003239000216126442
74,Musk (Version 1),9,RandomFuzzyRules__max_literal_repetitions__2,429,47,168,0.6808510638297872,0.5945945945945946,0.6740740740740742,0.08512039994820952,0.00034190004225820303
74,Musk (Version 1),9,RandomFuzzyRules__max_literal_repetitions__3,429,47,168,0.6808510638297872,0.5945945945945946,0.6740740740740742,0.07967730006203055,0.0003486999776214361
74,Musk (Version 1),10,RandomFuzzyRules__max_literal_repetitions__1,429,47,168,0.7021276595744681,0.5625000000000001,0.6611111111111111,0.07921370002441108,0.0003632999723777175
74,Musk (Version 1),10,RandomFuzzyRules__max_literal_repetitions__2,429,47,168,0.6170212765957447,0.4375,0.5425925925925926,0.07293240004219115,0.0004171000327914953
74,Musk (Version 1),10,RandomFuzzyRules__max_literal_repetitions__3,429,47,168,0.6170212765957447,0.4375,0.5425925925925926,0.08217569999396801,0.0004004999063909054
75,Musk (Version 2),1,RandomFuzzyRules__max_literal_repetitions__1,5938,660,166,0.8560606060606061,0.12844036697247707,0.6685027057417949,0.5316463999915868,0.0005942999850958586
75,Musk (Version 2),1,RandomFuzzyRules__max_literal_repetitions__2,5938,660,166,0.8515151515151516,0.1694915254237288,0.6140452596809334,0.5271989000029862,0.0006960999453440309
75,Musk (Version 2),1,RandomFuzzyRules__max_literal_repetitions__3,5938,660,166,0.8378787878787879,0.13008130081300812,0.6538583175205566,0.5849327000323683,0.0006385999731719494
75,Musk (Version 2),2,RandomFuzzyRules__max_literal_repetitions__1,5938,660,166,0.8560606060606061,0.15929203539823011,0.6675539391383793,0.52938920003362,0.00044950004667043686
75,Musk (Version 2),2,RandomFuzzyRules__max_literal_repetitions__2,5938,660,166,0.8515151515151516,0.12500000000000003,0.6125869702719797,0.676044899970293,0.0006019000429660082
75,Musk (Version 2),2,RandomFuzzyRules__max_literal_repetitions__3,5938,660,166,0.8484848484848485,0.21875,0.7061986084756482,0.6387476000236347,0.0006092999828979373
75,Musk (Version 2),3,RandomFuzzyRules__max_literal_repetitions__1,5938,660,166,0.8590909090909091,0.20512820512820512,0.6612112586970271,0.5135897999862209,0.0006792000494897366
75,Musk (Version 2),3,RandomFuzzyRules__max_literal_repetitions__2,5938,660,166,0.8606060606060606,0.2068965517241379,0.6493780307822054,0.5351987000321969,0.0006180000491440296
75,Musk (Version 2),3,RandomFuzzyRules__max_literal_repetitions__3,5938,660,166,0.8621212121212121,0.3157894736842105,0.6982395108581068,0.647322200005874,0.0005277000600472093
75,Musk (Version 2),4,RandomFuzzyRules__max_literal_repetitions__1,5938,660,166,0.8545454545454545,0.1724137931034483,0.6287160025300443,0.536064499989152,0.0007466999813914299
75,Musk (Version 2),4,RandomFuzzyRules__max_literal_repetitions__2,5938,660,166,0.8560606060606061,0.22764227642276424,0.6580662731042237,0.5192115999525413,0.0006074999691918492
75,Musk (Version 2),4,RandomFuzzyRules__max_literal_repetitions__3,5938,660,166,0.85,0.1951219512195122,0.6504673554009417,0.6107378000160679,0.0006442000158131123
75,Musk (Version 2),5,RandomFuzzyRules__max_literal_repetitions__1,5938,660,166,0.8545454545454545,0.1272727272727273,0.6381860988122846,0.7011998000089079,0.0006327000446617603
75,Musk (Version 2),5,RandomFuzzyRules__max_literal_repetitions__2,5938,660,166,0.8515151515151516,0.09259259259259259,0.6106718673132334,0.5011636998970062,0.0007211000192910433
75,Musk (Version 2),5,RandomFuzzyRules__max_literal_repetitions__3,5938,660,166,0.8590909090909091,0.27906976744186046,0.6983800688734275,0.5272706999676302,0.0007246000459417701
75,Musk (Version 2),6,RandomFuzzyRules__max_literal_repetitions__1,5938,660,166,0.8590909090909091,0.20512820512820512,0.7440262843488649,0.4862602000357583,0.0006571999983862042
75,Musk (Version 2),6,RandomFuzzyRules__max_literal_repetitions__2,5938,660,166,0.8681818181818182,0.2809917355371901,0.646918265514091,0.49582339997868985,0.0006180000491440296
75,Musk (Version 2),6,RandomFuzzyRules__max_literal_repetitions__3,5938,660,166,0.843939393939394,0.20155038759689922,0.6168212804835196,0.5307275999803096,0.0005581000586971641
75,Musk (Version 2),7,RandomFuzzyRules__max_literal_repetitions__1,5938,660,166,0.8484848484848485,0.07407407407407407,0.6627134724857685,0.4642661999678239,0.0004616000223904848
75,Musk (Version 2),7,RandomFuzzyRules__max_literal_repetitions__2,5938,660,166,0.8636363636363636,0.25,0.6100920655000351,0.49174140009563416,0.0004971999442204833
75,Musk (Version 2),7,RandomFuzzyRules__max_literal_repetitions__3,5938,660,166,0.8469696969696969,0.2518518518518519,0.6966230936819171,0.6586748999543488,0.0005501999985426664
75,Musk (Version 2),8,RandomFuzzyRules__max_literal_repetitions__1,5938,660,166,0.8651515151515151,0.21238938053097342,0.7079916399511148,0.4672683000098914,0.0004923000233247876
75,Musk (Version 2),8,RandomFuzzyRules__max_literal_repetitions__2,5938,660,166,0.8606060606060606,0.22033898305084745,0.6138968100745674,0.5856076000491157,0.0005078999092802405
75,Musk (Version 2),8,RandomFuzzyRules__max_literal_repetitions__3,5938,660,166,0.8469696969696969,0.2170542635658915,0.7305478311695213,0.7810031999833882,0.000851999968290329
75,Musk (Version 2),9,RandomFuzzyRules__max_literal_repetitions__1,5939,659,166,0.849772382397572,0.07476635514018691,0.6528088292700238,0.7311609999742359,0.0006267999997362494
75,Musk (Version 2),9,RandomFuzzyRules__max_literal_repetitions__2,5939,659,166,0.8573596358118362,0.14545454545454545,0.5905816388090421,0.6256928999209777,0.0008715000003576279
75,Musk (Version 2),9,RandomFuzzyRules__max_literal_repetitions__3,5939,659,166,0.8619119878603946,0.272,0.6881542993008978,0.7536983999889344,0.000650899950414896
75,Musk (Version 2),10,RandomFuzzyRules__max_literal_repetitions__1,5939,659,166,0.8512898330804249,0.09259259259259259,0.6350828631250223,0.47468820004723966,0.0006285000126808882
75,Musk (Version 2),10,RandomFuzzyRules__max_literal_repetitions__2,5939,659,166,0.8694992412746586,0.27118644067796616,0.6143227225948401,0.6484580999240279,0.0005422000540420413
75,Musk (Version 2),10,RandomFuzzyRules__max_literal_repetitions__3,5939,659,166,0.8649468892261002,0.28800000000000003,0.682582774406473,0.5659572000149637,0.0006114999996498227
94,Spambase,1,RandomFuzzyRules__max_literal_repetitions__1,4140,461,57,0.6399132321041214,0.20952380952380953,0.8131277324825712,0.2615104001015425,0.0005476000951603055
94,Spambase,1,RandomFuzzyRules__max_literal_repetitions__2,4140,461,57,0.6290672451193059,0.1407035175879397,0.7894068297294105,0.2874746999004856,0.0004835000727325678
94,Spambase,1,RandomFuzzyRules__max_literal_repetitions__3,4140,461,57,0.6247288503253796,0.14778325123152708,0.7751782267911301,0.28230200009420514,0.0004406999796628952
94,Spambase,2,RandomFuzzyRules__max_literal_repetitions__1,4141,460,57,0.6391304347826087,0.22429906542056077,0.7955273144122066,0.2521112998947501,0.0005021000979468226
94,Spambase,2,RandomFuzzyRules__max_literal_repetitions__2,4141,460,57,0.6173913043478261,0.1111111111111111,0.7664933986876432,0.2389440000988543,0.0004480999195948243
94,Spambase,2,RandomFuzzyRules__max_literal_repetitions__3,4141,460,57,0.6282608695652174,0.17391304347826086,0.7539133528342162,0.245412899996154,0.0004471999127417803
94,Spambase,3,RandomFuzzyRules__max_literal_repetitions__1,4141,460,57,0.6347826086956522,0.2222222222222222,0.8363506996600523,0.2551223000045866,0.0005047000013291836
94,Spambase,3,RandomFuzzyRules__max_literal_repetitions__2,4141,460,57,0.6239130434782608,0.15609756097560976,0.6488259941497352,0.23766310000792146,0.00042450008913874626
94,Spambase,3,RandomFuzzyRules__max_literal_repetitions__3,4141,460,57,0.6326086956521739,0.1990521327014218,0.8110522570954226,0.24749129998963326,0.00045960000716149807
94,Spambase,4,RandomFuzzyRules__max_literal_repetitions__1,4141,460,57,0.6369565217391304,0.17733990147783252,0.8051347551436661,0.25018370000179857,0.0005051000043749809
94,Spambase,4,RandomFuzzyRules__max_literal_repetitions__2,4141,460,57,0.6369565217391304,0.1691542288557214,0.8022634111566566,0.25462709995917976,0.00044490001164376736
94,Spambase,4,RandomFuzzyRules__max_literal_repetitions__3,4141,460,57,0.6326086956521739,0.15920398009950248,0.7769955840709717,0.24206600000616163,0.000439500086940825
94,Spambase,5,RandomFuzzyRules__max_literal_repetitions__1,4141,460,57,0.6347826086956522,0.19999999999999998,0.8100061387354205,0.296412399969995,0.0004754000110551715
94,Spambase,5,RandomFuzzyRules__max_literal_repetitions__2,4141,460,57,0.6282608695652174,0.13197969543147206,0.7745895958335809,0.31035899999551475,0.0003842998994514346
94,Spambase,5,RandomFuzzyRules__max_literal_repetitions__3,4141,460,57,0.6217391304347826,0.14705882352941177,0.7808768490465157,0.24248820007778704,0.0003405999159440398
94,Spambase,6,RandomFuzzyRules__max_literal_repetitions__1,4141,460,57,0.6369565217391304,0.17733990147783252,0.8272738074021267,0.3253218000754714,0.0004466000245884061
94,Spambase,6,RandomFuzzyRules__max_literal_repetitions__2,4141,460,57,0.6152173913043478,0.08290155440414508,0.781579833264025,0.26562189997639507,0.0003861000295728445
94,Spambase,6,RandomFuzzyRules__max_literal_repetitions__3,4141,460,57,0.6217391304347826,0.11224489795918367,0.789322560842789,0.24817949999123812,0.0004189000464975834
94,Spambase,7,RandomFuzzyRules__max_literal_repetitions__1,4141,460,57,0.6282608695652174,0.16585365853658535,0.8258975425255946,0.24946760002058,0.0004841999616473913
94,Spambase,7,RandomFuzzyRules__max_literal_repetitions__2,4141,460,57,0.6130434782608696,0.07291666666666666,0.7738965128022337,0.24896050000097603,0.000448899925686419
94,Spambase,7,RandomFuzzyRules__max_literal_repetitions__3,4141,460,57,0.6086956521739131,0.08163265306122448,0.7747480148121745,0.24542150006163865,0.0004814999410882592
94,Spambase,8,RandomFuzzyRules__max_literal_repetitions__1,4141,460,57,0.6391304347826087,0.2095238095238095,0.8386403691162202,0.24569999997038394,0.0004800999304279685
94,Spambase,8,RandomFuzzyRules__max_literal_repetitions__2,4141,460,57,0.6217391304347826,0.11224489795918367,0.8071545971207351,0.2550843999488279,0.00046989996917545795
94,Spambase,8,RandomFuzzyRules__max_literal_repetitions__3,4141,460,57,0.6195652173913043,0.1206030150753769,0.817224103447593,0.2578928000293672,0.00045939988922327757
94,Spambase,9,RandomFuzzyRules__max_literal_repetitions__1,4141,460,57,0.6369565217391304,0.17733990147783252,0.776144082061031,0.23927200003527105,0.0004867999814450741
94,Spambase,9,RandomFuzzyRules__max_literal_repetitions__2,4141,460,57,0.6304347826086957,0.11458333333333333,0.771114279490683,0.2498087000567466,0.0004002000205218792
94,Spambase,9,RandomFuzzyRules__max_literal_repetitions__3,4141,460,57,0.6260869565217392,0.1313131313131313,0.750678231252104,0.2565158000215888,0.0004485000390559435
94,Spambase,10,RandomFuzzyRules__max_literal_repetitions__1,4141,460,57,0.6347826086956522,0.17647058823529413,0.8126200518822155,0.23393240000586957,0.0004501999355852604
94,Spambase,10,RandomFuzzyRules__max_literal_repetitions__2,4141,460,57,0.6195652173913043,0.08376963350785341,0.7875502485197726,0.245018900022842,0.0004453000146895647
94,Spambase,10,RandomFuzzyRules__max_literal_repetitions__3,4141,460,57,0.6239130434782608,0.13930348258706465,0.7804510980415453,0.2615229000803083,0.00045769999269396067
95,SPECT Heart,1,RandomFuzzyRules__max_literal_repetitions__1,240,27,22,0.6666666666666666,0.7692307692307693,0.7,0.07083109999075532,0.0003888999344781041
95,SPECT Heart,1,RandomFuzzyRules__max_literal_repetitions__2,240,27,22,0.6666666666666666,0.7692307692307693,0.7,0.05946599994786084,0.0003501999890431762
95,SPECT Heart,1,RandomFuzzyRules__max_literal_repetitions__3,240,27,22,0.6666666666666666,0.7692307692307693,0.7,0.05925869999919087,0.00029230001382529736
95,SPECT Heart,2,RandomFuzzyRules__max_literal_repetitions__1,240,27,22,0.8148148148148148,0.8979591836734693,0.42272727272727273,0.061665000044740736,0.0003333999775350094
95,SPECT Heart,2,RandomFuzzyRules__max_literal_repetitions__2,240,27,22,0.8148148148148148,0.8979591836734693,0.42272727272727273,0.05339379992801696,0.000300500076264143
95,SPECT Heart,2,RandomFuzzyRules__max_literal_repetitions__3,240,27,22,0.8148148148148148,0.8979591836734693,0.42272727272727273,0.06293430004734546,0.0003298999508842826
95,SPECT Heart,3,RandomFuzzyRules__max_literal_repetitions__1,240,27,22,0.7407407407407407,0.8292682926829269,0.6547619047619048,0.06449560006149113,0.0003269999288022518
95,SPECT Heart,3,RandomFuzzyRules__max_literal_repetitions__2,240,27,22,0.7407407407407407,0.8292682926829269,0.6547619047619048,0.062266699969768524,0.00032819993793964386
95,SPECT Heart,3,RandomFuzzyRules__max_literal_repetitions__3,240,27,22,0.7407407407407407,0.8292682926829269,0.6547619047619048,0.06987670005764812,0.00024399999529123306
95,SPECT Heart,4,RandomFuzzyRules__max_literal_repetitions__1,240,27,22,0.8148148148148148,0.888888888888889,0.6746031746031746,0.06234569998923689,0.00032430002465844154
95,SPECT Heart,4,RandomFuzzyRules__max_literal_repetitions__2,240,27,22,0.8148148148148148,0.888888888888889,0.6746031746031746,0.0654235000256449,0.00023589993361383677
95,SPECT Heart,4,RandomFuzzyRules__max_literal_repetitions__3,240,27,22,0.8148148148148148,0.888888888888889,0.6746031746031746,0.06673429999500513,0.00033089995849877596
95,SPECT Heart,5,RandomFuzzyRules__max_literal_repetitions__1,240,27,22,0.7037037037037037,0.7894736842105262,0.6587301587301588,0.06562549993395805,0.0003317000810056925
95,SPECT Heart,5,RandomFuzzyRules__max_literal_repetitions__2,240,27,22,0.7037037037037037,0.7894736842105262,0.6587301587301588,0.06473640003241599,0.00031889998354017735
95,SPECT Heart,5,RandomFuzzyRules__max_literal_repetitions__3,240,27,22,0.7037037037037037,0.7894736842105262,0.6587301587301588,0.07760149997193366,0.00036479998379945755
95,SPECT Heart,6,RandomFuzzyRules__max_literal_repetitions__1,240,27,22,0.6666666666666666,0.7692307692307692,0.5912698412698414,0.06063469999935478,0.00033249997068196535
95,SPECT Heart,6,RandomFuzzyRules__max_literal_repetitions__2,240,27,22,0.6666666666666666,0.7692307692307692,0.5912698412698414,0.06356519996188581,0.0002749999985098839
95,SPECT Heart,6,RandomFuzzyRules__max_literal_repetitions__3,240,27,22,0.6666666666666666,0.7692307692307692,0.5912698412698414,0.06003680010326207,0.00032750004902482033
95,SPECT Heart,7,RandomFuzzyRules__max_literal_repetitions__1,240,27,22,0.8148148148148148,0.8717948717948718,0.8134920634920635,0.06146400002762675,0.00022110005374997854
95,SPECT Heart,7,RandomFuzzyRules__max_literal_repetitions__2,240,27,22,0.8148148148148148,0.8717948717948718,0.8134920634920635,0.06145720009226352,0.0002362000523135066
95,SPECT Heart,7,RandomFuzzyRules__max_literal_repetitions__3,240,27,22,0.8148148148148148,0.8717948717948718,0.8134920634920635,0.0577466000104323,0.0002762000076472759
95,SPECT Heart,8,RandomFuzzyRules__max_literal_repetitions__1,241,26,22,0.7692307692307693,0.8500000000000001,0.7238095238095238,0.06607579998672009,0.0002805000403895974
95,SPECT Heart,8,RandomFuzzyRules__max_literal_repetitions__2,241,26,22,0.7692307692307693,0.8500000000000001,0.7238095238095238,0.06811430002562702,0.0003504999913275242
95,SPECT Heart,8,RandomFuzzyRules__max_literal_repetitions__3,241,26,22,0.7692307692307693,0.8500000000000001,0.7238095238095238,0.06288910005241632,0.0003076998982578516
95,SPECT Heart,9,RandomFuzzyRules__max_literal_repetitions__1,241,26,22,0.8461538461538461,0.909090909090909,0.8761904761904762,0.05911290005315095,0.000345999957062304
95,SPECT Heart,9,RandomFuzzyRules__max_literal_repetitions__2,241,26,22,0.8461538461538461,0.909090909090909,0.8761904761904762,0.07183570007327944,0.0002940000267699361
95,SPECT Heart,9,RandomFuzzyRules__max_literal_repetitions__3,241,26,22,0.8461538461538461,0.909090909090909,0.8761904761904762,0.06545130000449717,0.0003370000049471855
95,SPECT Heart,10,RandomFuzzyRules__max_literal_repetitions__1,241,26,22,0.6538461538461539,0.7692307692307692,0.6714285714285715,0.060395400039851665,0.00033189996611326933
95,SPECT Heart,10,RandomFuzzyRules__max_literal_repetitions__2,241,26,22,0.6538461538461539,0.7692307692307692,0.6714285714285715,0.0687241000123322,0.0002364999381825328
95,SPECT Heart,10,RandomFuzzyRules__max_literal_repetitions__3,241,26,22,0.6538461538461539,0.7692307692307692,0.6714285714285715,0.06550579995382577,0.0003296999493613839
105,Congressional Voting Records,1,RandomFuzzyRules__max_literal_repetitions__1,391,44,16,0.9545454545454546,0.9444444444444444,0.962962962962963,0.07352760003414005,0.0003714000340551138
105,Congressional Voting Records,1,RandomFuzzyRules__max_literal_repetitions__2,391,44,16,0.9545454545454546,0.9444444444444444,0.962962962962963,0.06831160001456738,0.0003477999707683921
105,Congressional Voting Records,1,RandomFuzzyRules__max_literal_repetitions__3,391,44,16,0.9545454545454546,0.9444444444444444,0.962962962962963,0.07979770004749298,0.000354900024831295
105,Congressional Voting Records,2,RandomFuzzyRules__max_literal_repetitions__1,391,44,16,0.9772727272727273,0.9714285714285714,0.9814814814814815,0.06036360003054142,0.0002508999314159155
105,Congressional Voting Records,2,RandomFuzzyRules__max_literal_repetitions__2,391,44,16,0.9772727272727273,0.9714285714285714,0.9814814814814815,0.06495540007017553,0.0002497999230399728
105,Congressional Voting Records,2,RandomFuzzyRules__max_literal_repetitions__3,391,44,16,0.9772727272727273,0.9714285714285714,0.9814814814814815,0.06981190002989024,0.0003391000209376216
105,Congressional Voting Records,3,RandomFuzzyRules__max_literal_repetitions__1,391,44,16,0.9772727272727273,0.9696969696969697,0.9705882352941176,0.05754980002529919,0.0003391000209376216
105,Congressional Voting Records,3,RandomFuzzyRules__max_literal_repetitions__2,391,44,16,0.9772727272727273,0.9696969696969697,0.9705882352941176,0.06530090002343059,0.00028309994377195835
105,Congressional Voting Records,3,RandomFuzzyRules__max_literal_repetitions__3,391,44,16,0.9772727272727273,0.9696969696969697,0.9705882352941176,0.06747000000905246,0.0002661999315023422
105,Congressional Voting Records,4,RandomFuzzyRules__max_literal_repetitions__1,391,44,16,0.9318181818181818,0.9142857142857143,0.9335511982570807,0.08459400001447648,0.00026510003954172134
105,Congressional Voting Records,4,RandomFuzzyRules__max_literal_repetitions__2,391,44,16,0.9318181818181818,0.9142857142857143,0.9335511982570807,0.0850817000027746,0.0002753000007942319
105,Congressional Voting Records,4,RandomFuzzyRules__max_literal_repetitions__3,391,44,16,0.9318181818181818,0.9142857142857143,0.9335511982570807,0.06757449998985976,0.00023570004850625992
105,Congressional Voting Records,5,RandomFuzzyRules__max_literal_repetitions__1,391,44,16,0.9318181818181818,0.9189189189189189,0.9444444444444444,0.07944539992604405,0.00028879998717457056
105,Congressional Voting Records,5,RandomFuzzyRules__max_literal_repetitions__2,391,44,16,0.9318181818181818,0.9189189189189189,0.9444444444444444,0.06675309990532696,0.0003279000520706177
105,Congressional Voting Records,5,RandomFuzzyRules__max_literal_repetitions__3,391,44,16,0.9318181818181818,0.9189189189189189,0.9444444444444444,0.060333400033414364,0.0003274999326094985
105,Congressional Voting Records,6,RandomFuzzyRules__max_literal_repetitions__1,392,43,16,0.9302325581395349,0.9189189189189189,0.9423076923076923,0.05844509997405112,0.00032840005587786436
105,Congressional Voting Records,6,RandomFuzzyRules__max_literal_repetitions__2,392,43,16,0.9302325581395349,0.9189189189189189,0.9423076923076923,0.05808039999101311,0.0003272999310865998
105,Congressional Voting Records,6,RandomFuzzyRules__max_literal_repetitions__3,392,43,16,0.9302325581395349,0.9189189189189189,0.9423076923076923,0.058257399941794574,0.00031569995917379856
105,Congressional Voting Records,7,RandomFuzzyRules__max_literal_repetitions__1,392,43,16,1.0,1.0,1.0,0.06006120005622506,0.0003242000238969922
105,Congressional Voting Records,7,RandomFuzzyRules__max_literal_repetitions__2,392,43,16,1.0,1.0,1.0,0.05770610005129129,0.0003027999773621559
105,Congressional Voting Records,7,RandomFuzzyRules__max_literal_repetitions__3,392,43,16,1.0,1.0,1.0,0.05862899997737259,0.0004112999886274338
105,Congressional Voting Records,8,RandomFuzzyRules__max_literal_repetitions__1,392,43,16,1.0,1.0,1.0,0.057246900047175586,0.00032029999420046806
105,Congressional Voting Records,8,RandomFuzzyRules__max_literal_repetitions__2,392,43,16,1.0,1.0,1.0,0.05747770005837083,0.0003160999622195959
105,Congressional Voting Records,8,RandomFuzzyRules__max_literal_repetitions__3,392,43,16,1.0,1.0,1.0,0.05820650001987815,0.00030939991120249033
105,Congressional Voting Records,9,RandomFuzzyRules__max_literal_repetitions__1,392,43,16,1.0,1.0,1.0,0.05736810003872961,0.000382099999114871
105,Congressional Voting Records,9,RandomFuzzyRules__max_literal_repetitions__2,392,43,16,1.0,1.0,1.0,0.05815029994118959,0.0003114000428467989
105,Congressional Voting Records,9,RandomFuzzyRules__max_literal_repetitions__3,392,43,16,1.0,1.0,1.0,0.06298709998372942,0.0003124999348074198
105,Congressional Voting Records,10,RandomFuzzyRules__max_literal_repetitions__1,392,43,16,0.8604651162790697,0.8125,0.8506944444444443,0.056473299977369606,0.0003217000048607588
105,Congressional Voting Records,10,RandomFuzzyRules__max_literal_repetitions__2,392,43,16,0.8604651162790697,0.8125,0.8506944444444443,0.058632200001738966,0.00047830003313720226
105,Congressional Voting Records,10,RandomFuzzyRules__max_literal_repetitions__3,392,43,16,0.8604651162790697,0.8125,0.8506944444444443,0.058183500077575445,0.0003234000178053975
144,Statlog (German Credit Data),1,RandomFuzzyRules__max_literal_repetitions__1,900,100,20,0.7,0.3181818181818182,0.5988095238095239,0.08696759992744774,0.00038079998921602964
144,Statlog (German Credit Data),1,RandomFuzzyRules__max_literal_repetitions__2,900,100,20,0.64,0.18181818181818182,0.4952380952380953,0.0882572999689728,0.0003501999890431762
144,Statlog (German Credit Data),1,RandomFuzzyRules__max_literal_repetitions__3,900,100,20,0.73,0.37209302325581395,0.5976190476190476,0.089780000038445,0.0003572999266907573
144,Statlog (German Credit Data),2,RandomFuzzyRules__max_literal_repetitions__1,900,100,20,0.73,0.4,0.599047619047619,0.0841978999087587,0.000305800000205636
144,Statlog (German Credit Data),2,RandomFuzzyRules__max_literal_repetitions__2,900,100,20,0.71,0.29268292682926833,0.5642857142857143,0.0891695999307558,0.00035149999894201756
144,Statlog (German Credit Data),2,RandomFuzzyRules__max_literal_repetitions__3,900,100,20,0.79,0.5116279069767441,0.6690476190476191,0.0898954999865964,0.00035170000046491623
144,Statlog (German Credit Data),3,RandomFuzzyRules__max_literal_repetitions__1,900,100,20,0.68,0.15789473684210528,0.6200000000000001,0.0845098999561742,0.0003643999807536602
144,Statlog (German Credit Data),3,RandomFuzzyRules__max_literal_repetitions__2,900,100,20,0.7,0.2105263157894737,0.7152380952380952,0.08834319992456585,0.0003223000094294548
144,Statlog (German Credit Data),3,RandomFuzzyRules__max_literal_repetitions__3,900,100,20,0.72,0.36363636363636365,0.5904761904761905,0.1046169000910595,0.00027139997109770775
144,Statlog (German Credit Data),4,RandomFuzzyRules__max_literal_repetitions__1,900,100,20,0.69,0.31111111111111117,0.5650000000000001,0.09078770002815872,0.0002449000021442771
144,Statlog (German Credit Data),4,RandomFuzzyRules__max_literal_repetitions__2,900,100,20,0.71,0.1212121212121212,0.6873809523809524,0.08965310000348836,0.00035370001569390297
144,Statlog (German Credit Data),4,RandomFuzzyRules__max_literal_repetitions__3,900,100,20,0.71,0.3829787234042553,0.5928571428571429,0.0884995999513194,0.00034579995553940535
144,Statlog (German Credit Data),5,RandomFuzzyRules__max_literal_repetitions__1,900,100,20,0.7,0.11764705882352941,0.5959523809523809,0.08523329999297857,0.000304899993352592
144,Statlog (German Credit Data),5,RandomFuzzyRules__max_literal_repetitions__2,900,100,20,0.72,0.125,0.7257142857142858,0.09240109997335821,0.0003443000605329871
144,Statlog (German Credit Data),5,RandomFuzzyRules__max_literal_repetitions__3,900,100,20,0.75,0.3902439024390244,0.6119047619047618,0.07417849998455495,0.00034060003235936165
144,Statlog (German Credit Data),6,RandomFuzzyRules__max_literal_repetitions__1,900,100,20,0.68,0.15789473684210528,0.6816666666666666,0.0825781999155879,0.0003630999708548188
144,Statlog (German Credit Data),6,RandomFuzzyRules__max_literal_repetitions__2,900,100,20,0.68,0.15789473684210528,0.6816666666666666,0.07907610002439469,0.00029340002220124006
144,Statlog (German Credit Data),6,RandomFuzzyRules__max_literal_repetitions__3,900,100,20,0.74,0.4090909090909091,0.6142857142857143,0.0775796000380069,0.00033569999504834414
144,Statlog (German Credit Data),7,RandomFuzzyRules__max_literal_repetitions__1,900,100,20,0.67,0.26666666666666666,0.5376190476190476,0.07640909997280687,0.00034140003845095634
144,Statlog (German Credit Data),7,RandomFuzzyRules__max_literal_repetitions__2,900,100,20,0.66,0.26086956521739135,0.5285714285714286,0.08004469994921237,0.00035690004006028175
144,Statlog (German Credit Data),7,RandomFuzzyRules__max_literal_repetitions__3,900,100,20,0.66,0.15,0.5,0.07739160000346601,0.0002327000256627798
144,Statlog (German Credit Data),8,RandomFuzzyRules__max_literal_repetitions__1,900,100,20,0.71,0.17142857142857143,0.6302380952380953,0.07636059995274991,0.0003435000544413924
144,Statlog (German Credit Data),8,RandomFuzzyRules__max_literal_repetitions__2,900,100,20,0.71,0.17142857142857143,0.8135714285714286,0.0848871999187395,0.00036040006671100855
144,Statlog (German Credit Data),8,RandomFuzzyRules__max_literal_repetitions__3,900,100,20,0.73,0.4,0.6071428571428572,0.08291200001258403,0.00035180000122636557
144,Statlog (German Credit Data),9,RandomFuzzyRules__max_literal_repetitions__1,900,100,20,0.72,0.2631578947368421,0.6888095238095238,0.07833220006432384,0.0003410999197512865
144,Statlog (German Credit Data),9,RandomFuzzyRules__max_literal_repetitions__2,900,100,20,0.72,0.2631578947368421,0.6888095238095238,0.07689709996338934,0.0003507999936118722
144,Statlog (German Credit Data),9,RandomFuzzyRules__max_literal_repetitions__3,900,100,20,0.72,0.3913043478260869,0.6000000000000001,0.08119980001356453,0.0003423000453040004
144,Statlog (German Credit Data),10,RandomFuzzyRules__max_literal_repetitions__1,900,100,20,0.71,0.21621621621621623,0.6692857142857143,0.07597770006395876,0.0003519000019878149
144,Statlog (German Credit Data),10,RandomFuzzyRules__max_literal_repetitions__2,900,100,20,0.71,0.21621621621621623,0.6378571428571429,0.07876019994728267,0.00034440006129443645
144,Statlog (German Credit Data),10,RandomFuzzyRules__max_literal_repetitions__3,900,100,20,0.71,0.29268292682926833,0.5642857142857143,0.07608869997784495,0.0003432999365031719
151,"Connectionist Bench (Sonar, Mines vs. Rocks)",1,RandomFuzzyRules__max_literal_repetitions__1,187,21,60,0.6190476190476191,0.33333333333333337,0.7727272727272727,0.060906600090675056,0.0003638999769464135
151,"Connectionist Bench (Sonar, Mines vs. Rocks)",1,RandomFuzzyRules__max_literal_repetitions__2,187,21,60,0.7142857142857143,0.625,0.8727272727272727,0.05930860002990812,0.00024419999681413174
151,"Connectionist Bench (Sonar, Mines vs. Rocks)",1,RandomFuzzyRules__max_literal_repetitions__3,187,21,60,0.8571428571428571,0.8235294117647058,0.8909090909090909,0.06583710003178567,0.0003162999637424946
151,"Connectionist Bench (Sonar, Mines vs. Rocks)",2,RandomFuzzyRules__max_literal_repetitions__1,187,21,60,0.7142857142857143,0.6666666666666665,0.8090909090909091,0.05121499998494983,0.0003258000360801816
151,"Connectionist Bench (Sonar, Mines vs. Rocks)",2,RandomFuzzyRules__max_literal_repetitions__2,187,21,60,0.7619047619047619,0.7368421052631577,0.8272727272727273,0.06694469996728003,0.0003315000794827938
151,"Connectionist Bench (Sonar, Mines vs. Rocks)",2,RandomFuzzyRules__max_literal_repetitions__3,187,21,60,0.8095238095238095,0.8181818181818182,0.8727272727272727,0.05577850004192442,0.0003290999447926879
151,"Connectionist Bench (Sonar, Mines vs. Rocks)",3,RandomFuzzyRules__max_literal_repetitions__1,187,21,60,0.5714285714285714,0.18181818181818182,0.5818181818181818,0.0626721999142319,0.00033210008405148983
151,"Connectionist Bench (Sonar, Mines vs. Rocks)",3,RandomFuzzyRules__max_literal_repetitions__2,187,21,60,0.6190476190476191,0.4285714285714285,0.44545454545454544,0.057276700041256845,0.00027959991712123156
151,"Connectionist Bench (Sonar, Mines vs. Rocks)",3,RandomFuzzyRules__max_literal_repetitions__3,187,21,60,0.5714285714285714,0.18181818181818182,0.6181818181818182,0.054178800084628165,0.00023359991610050201
151,"Connectionist Bench (Sonar, Mines vs. Rocks)",4,RandomFuzzyRules__max_literal_repetitions__1,187,21,60,0.7619047619047619,0.761904761904762,0.9,0.05961840006057173,0.0002606000052765012
151,"Connectionist Bench (Sonar, Mines vs. Rocks)",4,RandomFuzzyRules__max_literal_repetitions__2,187,21,60,0.9047619047619048,0.9,0.9181818181818182,0.06118429999332875,0.00028360006399452686
151,"Connectionist Bench (Sonar, Mines vs. Rocks)",4,RandomFuzzyRules__max_literal_repetitions__3,187,21,60,0.8095238095238095,0.8000000000000002,0.8727272727272728,0.08288410003297031,0.0002831000601872802
151,"Connectionist Bench (Sonar, Mines vs. Rocks)",5,RandomFuzzyRules__max_literal_repetitions__1,187,21,60,0.6190476190476191,0.6,0.7,0.0539788999594748,0.00028169993311166763
151,"Connectionist Bench (Sonar, Mines vs. Rocks)",5,RandomFuzzyRules__max_literal_repetitions__2,187,21,60,0.5714285714285714,0.5714285714285713,0.6909090909090909,0.05713259999174625,0.00023279991000890732
151,"Connectionist Bench (Sonar, Mines vs. Rocks)",5,RandomFuzzyRules__max_literal_repetitions__3,187,21,60,0.5714285714285714,0.5714285714285713,0.6,0.06176359998062253,0.00025100004859268665
151,"Connectionist Bench (Sonar, Mines vs. Rocks)",6,RandomFuzzyRules__max_literal_repetitions__1,187,21,60,0.7619047619047619,0.7368421052631577,0.8636363636363636,0.06269669998437166,0.00021930004004389048
151,"Connectionist Bench (Sonar, Mines vs. Rocks)",6,RandomFuzzyRules__max_literal_repetitions__2,187,21,60,0.8571428571428571,0.8421052631578948,0.9,0.05273310001939535,0.0002894999925047159
151,"Connectionist Bench (Sonar, Mines vs. Rocks)",6,RandomFuzzyRules__max_literal_repetitions__3,187,21,60,0.8571428571428571,0.8571428571428572,0.8909090909090909,0.05999270000029355,0.00023319991305470467
151,"Connectionist Bench (Sonar, Mines vs. Rocks)",7,RandomFuzzyRules__max_literal_repetitions__1,187,21,60,0.6666666666666666,0.5333333333333333,0.8727272727272728,0.06980719999410212,0.00027760001830756664
151,"Connectionist Bench (Sonar, Mines vs. Rocks)",7,RandomFuzzyRules__max_literal_repetitions__2,187,21,60,0.7619047619047619,0.7058823529411764,0.9,0.0732661000220105,0.0002620000159367919
151,"Connectionist Bench (Sonar, Mines vs. Rocks)",7,RandomFuzzyRules__max_literal_repetitions__3,187,21,60,0.6666666666666666,0.588235294117647,0.8272727272727273,0.07775230007246137,0.0002383999526500702
151,"Connectionist Bench (Sonar, Mines vs. Rocks)",8,RandomFuzzyRules__max_literal_repetitions__1,187,21,60,0.7142857142857143,0.5,0.8240740740740741,0.07315700000617653,0.00024759990628808737
151,"Connectionist Bench (Sonar, Mines vs. Rocks)",8,RandomFuzzyRules__max_literal_repetitions__2,187,21,60,0.7619047619047619,0.6153846153846153,0.787037037037037,0.07431580009870231,0.0003128999378532171
151,"Connectionist Bench (Sonar, Mines vs. Rocks)",8,RandomFuzzyRules__max_literal_repetitions__3,187,21,60,0.7142857142857143,0.5714285714285714,0.7685185185185184,0.0565797999734059,0.0002554000820964575
151,"Connectionist Bench (Sonar, Mines vs. Rocks)",9,RandomFuzzyRules__max_literal_repetitions__1,188,20,60,0.6,0.3333333333333333,0.46464646464646464,0.0736645000288263,0.0003228000132367015
151,"Connectionist Bench (Sonar, Mines vs. Rocks)",9,RandomFuzzyRules__max_literal_repetitions__2,188,20,60,0.7,0.5714285714285714,0.6060606060606062,0.062063499935902655,0.00024019996635615826
151,"Connectionist Bench (Sonar, Mines vs. Rocks)",9,RandomFuzzyRules__max_literal_repetitions__3,188,20,60,0.65,0.5333333333333333,0.5151515151515151,0.055428899941034615,0.00033009995240718126
151,"Connectionist Bench (Sonar, Mines vs. Rocks)",10,RandomFuzzyRules__max_literal_repetitions__1,188,20,60,0.85,0.8,0.8484848484848484,0.05271939991507679,0.0003043001051992178
151,"Connectionist Bench (Sonar, Mines vs. Rocks)",10,RandomFuzzyRules__max_literal_repetitions__2,188,20,60,0.8,0.7777777777777778,0.8484848484848485,0.05001559993252158,0.00028250005561858416
151,"Connectionist Bench (Sonar, Mines vs. Rocks)",10,RandomFuzzyRules__max_literal_repetitions__3,188,20,60,0.8,0.7777777777777778,0.8484848484848485,0.08263019996229559,0.00032460002694278955
161,Mammographic Mass,1,RandomFuzzyRules__max_literal_repetitions__1,864,97,5,0.7422680412371134,0.7191011235955056,0.8452991452991452,0.16873230005148798,0.00031429994851350784
161,Mammographic Mass,1,RandomFuzzyRules__max_literal_repetitions__2,864,97,5,0.7628865979381443,0.735632183908046,0.8735042735042735,0.12450709997210652,0.00031399994622915983
161,Mammographic Mass,1,RandomFuzzyRules__max_literal_repetitions__3,864,97,5,0.7938144329896907,0.7727272727272727,0.8908119658119659,0.1511002000188455,0.0003768999595195055
161,Mammographic Mass,2,RandomFuzzyRules__max_literal_repetitions__1,865,96,5,0.75,0.7142857142857142,0.8389978213507626,0.13669349998235703,0.0003136999439448118
161,Mammographic Mass,2,RandomFuzzyRules__max_literal_repetitions__2,865,96,5,0.7395833333333334,0.7126436781609196,0.7877995642701525,0.1221815999597311,0.0003568000392988324
161,Mammographic Mass,2,RandomFuzzyRules__max_literal_repetitions__3,865,96,5,0.7916666666666666,0.75,0.8651416122004357,0.14295340003445745,0.0002859999658539891
161,Mammographic Mass,3,RandomFuzzyRules__max_literal_repetitions__1,865,96,5,0.7604166666666666,0.7628865979381444,0.8588235294117647,0.12572179990820587,0.00027930003125220537
161,Mammographic Mass,3,RandomFuzzyRules__max_literal_repetitions__2,865,96,5,0.875,0.8695652173913044,0.914161220043573,0.12810289999470115,0.00033790001180022955
161,Mammographic Mass,3,RandomFuzzyRules__max_literal_repetitions__3,865,96,5,0.7916666666666666,0.8113207547169811,0.9152505446623094,0.143901199917309,0.0003288000589236617
161,Mammographic Mass,4,RandomFuzzyRules__max_literal_repetitions__1,865,96,5,0.7708333333333334,0.7555555555555555,0.86078431372549,0.13772719993721694,0.00027329998556524515
161,Mammographic Mass,4,RandomFuzzyRules__max_literal_repetitions__2,865,96,5,0.8229166666666666,0.8131868131868132,0.8488017429193899,0.11658260005060583,0.00031669996678829193
161,Mammographic Mass,4,RandomFuzzyRules__max_literal_repetitions__3,865,96,5,0.8020833333333334,0.7956989247311829,0.8827886710239651,0.11510609998367727,0.0002810000441968441
161,Mammographic Mass,5,RandomFuzzyRules__max_literal_repetitions__1,865,96,5,0.7395833333333334,0.7058823529411765,0.7884531590413943,0.17621689999941736,0.00033439998514950275
161,Mammographic Mass,5,RandomFuzzyRules__max_literal_repetitions__2,865,96,5,0.7604166666666666,0.7294117647058822,0.7899782135076253,0.15004179999232292,0.0002919000107795
161,Mammographic Mass,5,RandomFuzzyRules__max_literal_repetitions__3,865,96,5,0.7604166666666666,0.7228915662650601,0.8592592592592592,0.11837549996562302,0.0002462000120431185
161,Mammographic Mass,6,RandomFuzzyRules__max_literal_repetitions__1,865,96,5,0.7708333333333334,0.7708333333333333,0.8004807692307692,0.16787569993175566,0.00032380002085119486
161,Mammographic Mass,6,RandomFuzzyRules__max_literal_repetitions__2,865,96,5,0.7916666666666666,0.7916666666666666,0.7707604895104894,0.13292240002192557,0.000283299945294857
161,Mammographic Mass,6,RandomFuzzyRules__max_literal_repetitions__3,865,96,5,0.8229166666666666,0.8247422680412373,0.8223339160839161,0.140116999973543,0.00028419995214790106
161,Mammographic Mass,7,RandomFuzzyRules__max_literal_repetitions__1,865,96,5,0.7708333333333334,0.7380952380952381,0.8026660839160839,0.1455821000272408,0.00028549996204674244
161,Mammographic Mass,7,RandomFuzzyRules__max_literal_repetitions__2,865,96,5,0.8020833333333334,0.7764705882352942,0.8444055944055944,0.15063669998198748,0.0002258999738842249
161,Mammographic Mass,7,RandomFuzzyRules__max_literal_repetitions__3,865,96,5,0.8125,0.7954545454545455,0.8946678321678323,0.11712619999889284,0.00029770005494356155
161,Mammographic Mass,8,RandomFuzzyRules__max_literal_repetitions__1,865,96,5,0.7916666666666666,0.7727272727272727,0.888986013986014,0.15575569996144623,0.00028339994605630636
161,Mammographic Mass,8,RandomFuzzyRules__max_literal_repetitions__2,865,96,5,0.8125,0.7906976744186046,0.833916083916084,0.16089230007492006,0.0003212000010535121
161,Mammographic Mass,8,RandomFuzzyRules__max_literal_repetitions__3,865,96,5,0.8020833333333334,0.8,0.854895104895105,0.13706830004230142,0.0002850999590009451
161,Mammographic Mass,9,RandomFuzzyRules__max_literal_repetitions__1,865,96,5,0.6354166666666666,0.5882352941176471,0.7860576923076923,0.14565329998731613,0.0003432999365031719
161,Mammographic Mass,9,RandomFuzzyRules__max_literal_repetitions__2,865,96,5,0.8333333333333334,0.8181818181818182,0.8505244755244755,0.14474819996394217,0.0002896999940276146
161,Mammographic Mass,9,RandomFuzzyRules__max_literal_repetitions__3,865,96,5,0.8333333333333334,0.8181818181818182,0.8356643356643357,0.13281199999619275,0.0002842000685632229
161,Mammographic Mass,10,RandomFuzzyRules__max_literal_repetitions__1,865,96,5,0.75,0.7073170731707317,0.871284965034965,0.15838570008054376,0.00028499995823949575
161,Mammographic Mass,10,RandomFuzzyRules__max_literal_repetitions__2,865,96,5,0.8125,0.7954545454545455,0.8599213286713288,0.15866780001670122,0.0002840999513864517
161,Mammographic Mass,10,RandomFuzzyRules__max_literal_repetitions__3,865,96,5,0.8125,0.7906976744186046,0.871722027972028,0.11940960003994405,0.00028899998869746923
174,Parkinsons,1,RandomFuzzyRules__max_literal_repetitions__1,175,20,20,0.85,0.9090909090909091,0.9333333333333333,0.06050589994993061,0.00028200005181133747
174,Parkinsons,1,RandomFuzzyRules__max_literal_repetitions__2,175,20,20,0.8,0.8823529411764706,0.7466666666666667,0.07605649996548891,0.00032849994022399187
174,Parkinsons,1,RandomFuzzyRules__max_literal_repetitions__3,175,20,20,0.85,0.9090909090909091,0.8,0.06727829994633794,0.00033850001636892557
174,Parkinsons,2,RandomFuzzyRules__max_literal_repetitions__1,175,20,20,0.9,0.9375,0.8933333333333333,0.05814269999973476,0.0003237000200897455
174,Parkinsons,2,RandomFuzzyRules__max_literal_repetitions__2,175,20,20,0.85,0.9090909090909091,0.7866666666666666,0.07801210007164627,0.0003309999592602253
174,Parkinsons,2,RandomFuzzyRules__max_literal_repetitions__3,175,20,20,0.9,0.9375,0.84,0.06575450010132045,0.00034529995173215866
174,Parkinsons,3,RandomFuzzyRules__max_literal_repetitions__1,175,20,20,0.85,0.9090909090909091,0.8400000000000001,0.07836780010256916,0.00031569995917379856
174,Parkinsons,3,RandomFuzzyRules__max_literal_repetitions__2,175,20,20,0.85,0.896551724137931,0.92,0.0647972000297159,0.0004635000368580222
174,Parkinsons,3,RandomFuzzyRules__max_literal_repetitions__3,175,20,20,0.9,0.9333333333333333,0.9199999999999999,0.061441399971954525,0.0002750999992713332
174,Parkinsons,4,RandomFuzzyRules__max_literal_repetitions__1,175,20,20,0.9,0.9375,0.8133333333333332,0.07473610003944486,0.0003081000177189708
174,Parkinsons,4,RandomFuzzyRules__max_literal_repetitions__2,175,20,20,0.85,0.888888888888889,0.9866666666666667,0.0667185999918729,0.0003263999242335558
174,Parkinsons,4,RandomFuzzyRules__max_literal_repetitions__3,175,20,20,0.85,0.9032258064516129,0.8933333333333333,0.07451289996970445,0.0002924000145867467
174,Parkinsons,5,RandomFuzzyRules__max_literal_repetitions__1,175,20,20,0.95,0.967741935483871,0.92,0.06304410006850958,0.00024610001128166914
174,Parkinsons,5,RandomFuzzyRules__max_literal_repetitions__2,175,20,20,0.9,0.9285714285714286,1.0,0.06427209998946637,0.00023959996178746223
174,Parkinsons,5,RandomFuzzyRules__max_literal_repetitions__3,175,20,20,0.9,0.9375,0.9066666666666666,0.06425289995968342,0.0002202000468969345
174,Parkinsons,6,RandomFuzzyRules__max_literal_repetitions__1,176,19,20,0.631578947368421,0.7407407407407408,0.7666666666666667,0.07331399992108345,0.00032700004521757364
174,Parkinsons,6,RandomFuzzyRules__max_literal_repetitions__2,176,19,20,0.7894736842105263,0.8571428571428571,0.8666666666666667,0.054711899952962995,0.00027740001678466797
174,Parkinsons,6,RandomFuzzyRules__max_literal_repetitions__3,176,19,20,0.7368421052631579,0.8275862068965518,0.7833333333333333,0.060358199989423156,0.0002169000217691064
174,Parkinsons,7,RandomFuzzyRules__max_literal_repetitions__1,176,19,20,0.7894736842105263,0.8823529411764706,0.5333333333333333,0.0613086000084877,0.0002756000030785799
174,Parkinsons,7,RandomFuzzyRules__max_literal_repetitions__2,176,19,20,0.7894736842105263,0.8823529411764706,0.4833333333333333,0.0782739999704063,0.000340700033120811
174,Parkinsons,7,RandomFuzzyRules__max_literal_repetitions__3,176,19,20,0.7894736842105263,0.8823529411764706,0.4,0.0650612999452278,0.00022249994799494743
174,Parkinsons,8,RandomFuzzyRules__max_literal_repetitions__1,176,19,20,0.8421052631578947,0.9032258064516129,0.7428571428571429,0.05414840008597821,0.0003256000345572829
174,Parkinsons,8,RandomFuzzyRules__max_literal_repetitions__2,176,19,20,0.8421052631578947,0.9032258064516129,0.7428571428571429,0.05308490002062172,0.00023060000967234373
174,Parkinsons,8,RandomFuzzyRules__max_literal_repetitions__3,176,19,20,0.7894736842105263,0.8666666666666666,0.9285714285714285,0.055707699968479574,0.0003106000367552042
174,Parkinsons,9,RandomFuzzyRules__max_literal_repetitions__1,176,19,20,0.8947368421052632,0.9333333333333333,0.9428571428571428,0.054501399979926646,0.00031230004969984293
174,Parkinsons,9,RandomFuzzyRules__max_literal_repetitions__2,176,19,20,0.7894736842105263,0.8571428571428571,0.8428571428571429,0.04976299998816103,0.00028200005181133747
174,Parkinsons,9,RandomFuzzyRules__max_literal_repetitions__3,176,19,20,0.7894736842105263,0.8571428571428571,0.8571428571428571,0.0561317999381572,0.0003157000755891204
174,Parkinsons,10,RandomFuzzyRules__max_literal_repetitions__1,176,19,20,0.7894736842105263,0.8750000000000001,0.7142857142857143,0.05433230008929968,0.0003260999219492078
174,Parkinsons,10,RandomFuzzyRules__max_literal_repetitions__2,176,19,20,0.7368421052631579,0.8387096774193549,0.7142857142857143,0.054910299950279295,0.00034520006738603115
174,Parkinsons,10,RandomFuzzyRules__max_literal_repetitions__3,176,19,20,0.7368421052631579,0.8387096774193549,0.7,0.06317560002207756,0.0003225000109523535
176,Blood Transfusion Service Center,1,RandomFuzzyRules__max_literal_repetitions__1,673,75,4,0.76,0.09999999999999999,0.6008771929824561,0.20959169999696314,0.000367600005120039
176,Blood Transfusion Service Center,1,RandomFuzzyRules__max_literal_repetitions__2,673,75,4,0.76,0.09999999999999999,0.5043859649122807,0.16044340003281832,0.00033799989614635706
176,Blood Transfusion Service Center,1,RandomFuzzyRules__max_literal_repetitions__3,673,75,4,0.76,0.09999999999999999,0.5043859649122807,0.14787059999071062,0.00032270001247525215
176,Blood Transfusion Service Center,2,RandomFuzzyRules__max_literal_repetitions__1,673,75,4,0.7733333333333333,0.1904761904761905,0.5282651072124757,0.19887109997216612,0.00025399995502084494
176,Blood Transfusion Service Center,2,RandomFuzzyRules__max_literal_repetitions__2,673,75,4,0.8266666666666667,0.48,0.7173489278752437,0.15882480004802346,0.00023809995036572218
176,Blood Transfusion Service Center,2,RandomFuzzyRules__max_literal_repetitions__3,673,75,4,0.8266666666666667,0.48,0.7173489278752437,0.16365880006924272,0.00028499995823949575
176,Blood Transfusion Service Center,3,RandomFuzzyRules__max_literal_repetitions__1,673,75,4,0.76,0.0,0.5341130604288499,0.2015619999729097,0.0003293999470770359
176,Blood Transfusion Service Center,3,RandomFuzzyRules__max_literal_repetitions__2,673,75,4,0.7733333333333333,0.10526315789473684,0.5409356725146198,0.156535999965854,0.0002992999507114291
176,Blood Transfusion Service Center,3,RandomFuzzyRules__max_literal_repetitions__3,673,75,4,0.7733333333333333,0.10526315789473684,0.5409356725146198,0.14077190007083118,0.0003303999546915293
176,Blood Transfusion Service Center,4,RandomFuzzyRules__max_literal_repetitions__1,673,75,4,0.7333333333333333,0.0909090909090909,0.7660818713450293,0.20120799995493144,0.00033139996230602264
176,Blood Transfusion Service Center,4,RandomFuzzyRules__max_literal_repetitions__2,673,75,4,0.7466666666666667,0.09523809523809525,0.6423001949317739,0.1568773000035435,0.00029660004656761885
176,Blood Transfusion Service Center,4,RandomFuzzyRules__max_literal_repetitions__3,673,75,4,0.7466666666666667,0.09523809523809525,0.6423001949317739,0.14211000001523644,0.0002612000098451972
176,Blood Transfusion Service Center,5,RandomFuzzyRules__max_literal_repetitions__1,673,75,4,0.7866666666666666,0.19999999999999998,0.8645224171539961,0.20012860000133514,0.00023999996483325958
176,Blood Transfusion Service Center,5,RandomFuzzyRules__max_literal_repetitions__2,673,75,4,0.7866666666666666,0.19999999999999998,0.7797270955165693,0.18227260001003742,0.0002799000358209014
176,Blood Transfusion Service Center,5,RandomFuzzyRules__max_literal_repetitions__3,673,75,4,0.7866666666666666,0.19999999999999998,0.7797270955165693,0.1367475000442937,0.00032919994555413723
176,Blood Transfusion Service Center,6,RandomFuzzyRules__max_literal_repetitions__1,673,75,4,0.76,0.09999999999999999,0.5087719298245614,0.18251100007910281,0.0003480999730527401
176,Blood Transfusion Service Center,6,RandomFuzzyRules__max_literal_repetitions__2,673,75,4,0.76,0.09999999999999999,0.5019493177387915,0.1592379999347031,0.00030499999411404133
176,Blood Transfusion Service Center,6,RandomFuzzyRules__max_literal_repetitions__3,673,75,4,0.7333333333333333,0.0909090909090909,0.5116959064327485,0.15493970003444701,0.00031379994470626116
176,Blood Transfusion Service Center,7,RandomFuzzyRules__max_literal_repetitions__1,673,75,4,0.7733333333333333,0.10526315789473684,0.47514619883040937,0.20793250005226582,0.00029610004276037216
176,Blood Transfusion Service Center,7,RandomFuzzyRules__max_literal_repetitions__2,673,75,4,0.7866666666666666,0.19999999999999998,0.49171539961013644,0.17452740005683154,0.0002416999777778983
176,Blood Transfusion Service Center,7,RandomFuzzyRules__max_literal_repetitions__3,673,75,4,0.7866666666666666,0.19999999999999998,0.49171539961013644,0.14065359998494387,0.00033299997448921204
176,Blood Transfusion Service Center,8,RandomFuzzyRules__max_literal_repetitions__1,673,75,4,0.7866666666666666,0.19999999999999998,0.7480506822612085,0.20228530000895262,0.0003342999843880534
176,Blood Transfusion Service Center,8,RandomFuzzyRules__max_literal_repetitions__2,673,75,4,0.7866666666666666,0.19999999999999998,0.6632553606237817,0.1564986000303179,0.00033089995849877596
176,Blood Transfusion Service Center,8,RandomFuzzyRules__max_literal_repetitions__3,673,75,4,0.7733333333333333,0.10526315789473684,0.7002923976608186,0.14616230002138764,0.0002540999557822943
176,Blood Transfusion Service Center,9,RandomFuzzyRules__max_literal_repetitions__1,674,74,4,0.7567567567567568,0.1,0.6119711042311662,0.19158760004211217,0.0003306999569758773
176,Blood Transfusion Service Center,9,RandomFuzzyRules__max_literal_repetitions__2,674,74,4,0.7567567567567568,0.1,0.5902992776057792,0.16126959992107004,0.00033190008252859116
176,Blood Transfusion Service Center,9,RandomFuzzyRules__max_literal_repetitions__3,674,74,4,0.7567567567567568,0.1,0.628482972136223,0.15521460003219545,0.0003360999980941415
176,Blood Transfusion Service Center,10,RandomFuzzyRules__max_literal_repetitions__1,674,74,4,0.7432432432432432,0.0,0.5758513931888545,0.20392900006845593,0.00035669992212206125
176,Blood Transfusion Service Center,10,RandomFuzzyRules__max_literal_repetitions__2,674,74,4,0.7432432432432432,0.09523809523809523,0.5495356037151703,0.16114069998729974,0.00027020007837563753
176,Blood Transfusion Service Center,10,RandomFuzzyRules__max_literal_repetitions__3,674,74,4,0.7567567567567568,0.0,0.5397316821465428,0.13487660000100732,0.00032870005816221237
222,Bank Marketing,1,RandomFuzzyRules__max_literal_repetitions__1,40689,4522,16,0.8931888544891641,0.2907488986784141,0.5919354617272097,2.4240423999726772,0.001230300054885447
222,Bank Marketing,1,RandomFuzzyRules__max_literal_repetitions__2,40689,4522,16,0.8936311366651923,0.2916053019145803,0.5871866030203139,2.23136789991986,0.0007830000249668956
222,Bank Marketing,1,RandomFuzzyRules__max_literal_repetitions__3,40689,4522,16,0.8936311366651923,0.2916053019145803,0.5871866030203139,2.3822157999966294,0.0009670000290498137
222,Bank Marketing,2,RandomFuzzyRules__max_literal_repetitions__1,40690,4521,16,0.8940499889404999,0.292466765140325,0.5935147398098187,2.3547640000469983,0.0013040999183431268
222,Bank Marketing,2,RandomFuzzyRules__max_literal_repetitions__2,40690,4521,16,0.8944923689449237,0.2912332838038633,0.5869177310293012,2.25053340010345,0.0011902000987902284
222,Bank Marketing,2,RandomFuzzyRules__max_literal_repetitions__3,40690,4521,16,0.8944923689449237,0.2912332838038633,0.5869177310293012,2.198097000014968,0.0009431999642401934
222,Bank Marketing,3,RandomFuzzyRules__max_literal_repetitions__1,40690,4521,16,0.8927228489272285,0.310099573257468,0.6775263665326872,2.267261700006202,0.0015070000663399696
222,Bank Marketing,3,RandomFuzzyRules__max_literal_repetitions__2,40690,4521,16,0.8929440389294404,0.3085714285714286,0.59418861352194,2.19646849995479,0.0009129000827670097
222,Bank Marketing,3,RandomFuzzyRules__max_literal_repetitions__3,40690,4521,16,0.8929440389294404,0.3085714285714286,0.59418861352194,2.376836200011894,0.0008965999586507678
222,Bank Marketing,4,RandomFuzzyRules__max_literal_repetitions__1,40690,4521,16,0.8940499889404999,0.28400597907324365,0.5841557879464032,2.2942895999876782,0.0008923999266698956
222,Bank Marketing,4,RandomFuzzyRules__max_literal_repetitions__2,40690,4521,16,0.8944923689449237,0.2891207153502236,0.5860461471146451,3.1879654000513256,0.0009667000267654657
222,Bank Marketing,4,RandomFuzzyRules__max_literal_repetitions__3,40690,4521,16,0.8944923689449237,0.2891207153502236,0.5860461471146451,2.614531800034456,0.001207199995405972
222,Bank Marketing,5,RandomFuzzyRules__max_literal_repetitions__1,40690,4521,16,0.8931652289316523,0.2844444444444445,0.5844747150255141,2.6871745999669656,0.0012453000526875257
222,Bank Marketing,5,RandomFuzzyRules__max_literal_repetitions__2,40690,4521,16,0.8929440389294404,0.2861356932153392,0.5851693936076311,2.164799000020139,0.0012193999718874693
222,Bank Marketing,5,RandomFuzzyRules__max_literal_repetitions__3,40690,4521,16,0.8929440389294404,0.2861356932153392,0.5851693936076311,2.1783873999956995,0.0007754999678581953
222,Bank Marketing,6,RandomFuzzyRules__max_literal_repetitions__1,40690,4521,16,0.893828798938288,0.2941176470588235,0.5881301828609962,2.201157800038345,0.0012278000358492136
222,Bank Marketing,6,RandomFuzzyRules__max_literal_repetitions__2,40690,4521,16,0.893828798938288,0.2941176470588235,0.5881301828609962,2.212155800079927,0.0009562000632286072
222,Bank Marketing,6,RandomFuzzyRules__max_literal_repetitions__3,40690,4521,16,0.893828798938288,0.2941176470588235,0.5881301828609962,2.4635809001047164,0.0016026999801397324
222,Bank Marketing,7,RandomFuzzyRules__max_literal_repetitions__1,40690,4521,16,0.8882990488829905,0.23368740515933234,0.5661405514242095,2.342724999994971,0.0011226999340578914
222,Bank Marketing,7,RandomFuzzyRules__max_literal_repetitions__2,40690,4521,16,0.8880778588807786,0.23564954682779454,0.5668352300063265,2.218580299988389,0.0008215999696403742
222,Bank Marketing,7,RandomFuzzyRules__max_literal_repetitions__3,40690,4521,16,0.8880778588807786,0.23564954682779454,0.5668352300063265,2.2301976999733597,0.0010778999421745539
222,Bank Marketing,8,RandomFuzzyRules__max_literal_repetitions__1,40690,4521,16,0.8902897589028976,0.25748502994011974,0.5746471676812983,2.2137960999971256,0.0010220999829471111
222,Bank Marketing,8,RandomFuzzyRules__max_literal_repetitions__2,40690,4521,16,0.8902897589028976,0.2619047619047619,0.5762870258475363,2.233264400041662,0.00079109997022897
222,Bank Marketing,8,RandomFuzzyRules__max_literal_repetitions__3,40690,4521,16,0.8902897589028976,0.2619047619047619,0.5762870258475363,2.206985200056806,0.0012387000024318695
222,Bank Marketing,9,RandomFuzzyRules__max_literal_repetitions__1,40690,4521,16,0.8940499889404999,0.3047895500725689,0.6686851964799163,2.355992899974808,0.0014506999868899584
222,Bank Marketing,9,RandomFuzzyRules__max_literal_repetitions__2,40690,4521,16,0.8947135589471356,0.30205278592375373,0.591090972114361,2.1979743000119925,0.0012433999218046665
222,Bank Marketing,9,RandomFuzzyRules__max_literal_repetitions__3,40690,4521,16,0.8947135589471356,0.30205278592375373,0.591090972114361,2.173852000036277,0.001229700050316751
222,Bank Marketing,10,RandomFuzzyRules__max_literal_repetitions__1,40690,4521,16,0.893607608936076,0.31383737517831667,0.5962042231911839,2.340236600022763,0.0009531999239698052
222,Bank Marketing,10,RandomFuzzyRules__max_literal_repetitions__2,40690,4521,16,0.893607608936076,0.31383737517831667,0.5962042231911839,2.5688462000107393,0.0012175000738352537
222,Bank Marketing,10,RandomFuzzyRules__max_literal_repetitions__3,40690,4521,16,0.893607608936076,0.31383737517831667,0.5962042231911839,2.1898874000180513,0.001277900068089366
225,ILPD (Indian Liver Patient Dataset),1,RandomFuzzyRules__max_literal_repetitions__1,524,59,10,0.6949152542372882,0.0,0.5623249299719889,0.09549249999690801,0.00033579999580979347
225,ILPD (Indian Liver Patient Dataset),1,RandomFuzzyRules__max_literal_repetitions__2,524,59,10,0.6779661016949152,0.0,0.4278711484593838,0.0958823999390006,0.00024119997397065163
225,ILPD (Indian Liver Patient Dataset),1,RandomFuzzyRules__max_literal_repetitions__3,524,59,10,0.711864406779661,0.19047619047619047,0.5966386554621849,0.0912322000367567,0.00033409998286515474
225,ILPD (Indian Liver Patient Dataset),2,RandomFuzzyRules__max_literal_repetitions__1,524,59,10,0.6610169491525424,0.0909090909090909,0.6764705882352942,0.09134699997957796,0.00035009998828172684
225,ILPD (Indian Liver Patient Dataset),2,RandomFuzzyRules__max_literal_repetitions__2,524,59,10,0.6779661016949152,0.0,0.5364145658263305,0.09301710000727326,0.00033050007186830044
225,ILPD (Indian Liver Patient Dataset),2,RandomFuzzyRules__max_literal_repetitions__3,524,59,10,0.6779661016949152,0.09523809523809523,0.6596638655462185,0.08430430002044886,0.00024309998843818903
225,ILPD (Indian Liver Patient Dataset),3,RandomFuzzyRules__max_literal_repetitions__1,524,59,10,0.711864406779661,0.10526315789473684,0.8445378151260504,0.07747260003816336,0.000416700029745698
225,ILPD (Indian Liver Patient Dataset),3,RandomFuzzyRules__max_literal_repetitions__2,524,59,10,0.6949152542372882,0.0,0.5525210084033614,0.0902237999252975,0.000328300055116415
225,ILPD (Indian Liver Patient Dataset),3,RandomFuzzyRules__max_literal_repetitions__3,524,59,10,0.6949152542372882,0.0,0.4789915966386555,0.07592279999516904,0.00032949994783848524
225,ILPD (Indian Liver Patient Dataset),4,RandomFuzzyRules__max_literal_repetitions__1,525,58,10,0.7068965517241379,0.10526315789473684,0.599702380952381,0.07676969992462546,0.0003239000216126442
225,ILPD (Indian Liver Patient Dataset),4,RandomFuzzyRules__max_literal_repetitions__2,525,58,10,0.7068965517241379,0.0,0.4866071428571428,0.0873274999903515,0.0003381000133231282
225,ILPD (Indian Liver Patient Dataset),4,RandomFuzzyRules__max_literal_repetitions__3,525,58,10,0.7413793103448276,0.11764705882352941,0.7053571428571428,0.07756560004781932,0.00033629999961704016
225,ILPD (Indian Liver Patient Dataset),5,RandomFuzzyRules__max_literal_repetitions__1,525,58,10,0.7068965517241379,0.0,0.5788690476190477,0.07802829996217042,0.0003146999515593052
225,ILPD (Indian Liver Patient Dataset),5,RandomFuzzyRules__max_literal_repetitions__2,525,58,10,0.6724137931034483,0.0,0.6458333333333333,0.07787290005944669,0.0003244999097660184
225,ILPD (Indian Liver Patient Dataset),5,RandomFuzzyRules__max_literal_repetitions__3,525,58,10,0.6724137931034483,0.0,0.6279761904761905,0.07548400002997369,0.00030590000096708536
225,ILPD (Indian Liver Patient Dataset),6,RandomFuzzyRules__max_literal_repetitions__1,525,58,10,0.7068965517241379,0.0,0.44940476190476186,0.07515599997714162,0.0003155000740662217
225,ILPD (Indian Liver Patient Dataset),6,RandomFuzzyRules__max_literal_repetitions__2,525,58,10,0.6724137931034483,0.24000000000000005,0.47767857142857145,0.07671299995854497,0.00032220000866800547
225,ILPD (Indian Liver Patient Dataset),6,RandomFuzzyRules__max_literal_repetitions__3,525,58,10,0.6724137931034483,0.09523809523809523,0.43601190476190477,0.0776928000850603,0.0003263999242335558
225,ILPD (Indian Liver Patient Dataset),7,RandomFuzzyRules__max_literal_repetitions__1,525,58,10,0.6896551724137931,0.0,0.44906743185078907,0.07691090006846935,0.00032899994403123856
225,ILPD (Indian Liver Patient Dataset),7,RandomFuzzyRules__max_literal_repetitions__2,525,58,10,0.6896551724137931,0.1818181818181818,0.6492109038737446,0.09471630002371967,0.00032579991966485977
225,ILPD (Indian Liver Patient Dataset),7,RandomFuzzyRules__max_literal_repetitions__3,525,58,10,0.7068965517241379,0.10526315789473684,0.6470588235294118,0.0747001999989152,0.0002980999415740371
225,ILPD (Indian Liver Patient Dataset),8,RandomFuzzyRules__max_literal_repetitions__1,525,58,10,0.6379310344827587,0.0,0.43902439024390244,0.07635109999682754,0.0002858999650925398
225,ILPD (Indian Liver Patient Dataset),8,RandomFuzzyRules__max_literal_repetitions__2,525,58,10,0.6551724137931034,0.0,0.4368723098995696,0.0789618999697268,0.0002894999925047159
225,ILPD (Indian Liver Patient Dataset),8,RandomFuzzyRules__max_literal_repetitions__3,525,58,10,0.6724137931034483,0.0,0.4418938307030129,0.07594240002799779,0.0003151999553665519
225,ILPD (Indian Liver Patient Dataset),9,RandomFuzzyRules__max_literal_repetitions__1,525,58,10,0.6896551724137931,0.0,0.7560975609756098,0.09517220000270754,0.0003120000474154949
225,ILPD (Indian Liver Patient Dataset),9,RandomFuzzyRules__max_literal_repetitions__2,525,58,10,0.7241379310344828,0.1111111111111111,0.5681492109038737,0.07584279996808618,0.0003372000064700842
225,ILPD (Indian Liver Patient Dataset),9,RandomFuzzyRules__max_literal_repetitions__3,525,58,10,0.7068965517241379,0.0,0.5050215208034433,0.07592760003171861,0.0003195001045241952
225,ILPD (Indian Liver Patient Dataset),10,RandomFuzzyRules__max_literal_repetitions__1,525,58,10,0.6896551724137931,0.0,0.5925394548063128,0.0762381999520585,0.00032540003303438425
225,ILPD (Indian Liver Patient Dataset),10,RandomFuzzyRules__max_literal_repetitions__2,525,58,10,0.6724137931034483,0.29629629629629634,0.5652797704447633,0.08394389995373785,0.00033549999352544546
225,ILPD (Indian Liver Patient Dataset),10,RandomFuzzyRules__max_literal_repetitions__3,525,58,10,0.6896551724137931,0.1,0.5796269727403156,0.07280980003997684,0.00024380011018365622
264,EEG Eye State,1,RandomFuzzyRules__max_literal_repetitions__1,13482,1498,14,0.5961281708945261,0.43720930232558136,0.5877165484838003,0.6003983999835327,0.0005323999794200063
264,EEG Eye State,1,RandomFuzzyRules__max_literal_repetitions__2,13482,1498,14,0.5934579439252337,0.33003300330033003,0.5970198460740228,0.6269328999333084,0.0005305000813677907
264,EEG Eye State,1,RandomFuzzyRules__max_literal_repetitions__3,13482,1498,14,0.589452603471295,0.3904856293359762,0.589496497751643,0.6496799000306055,0.0006050999509170651
264,EEG Eye State,2,RandomFuzzyRules__max_literal_repetitions__1,13482,1498,14,0.5947930574098799,0.3248053392658509,0.4955834558399631,0.5792066999711096,0.00047209998592734337
264,EEG Eye State,2,RandomFuzzyRules__max_literal_repetitions__2,13482,1498,14,0.5974632843791722,0.2980209545983702,0.49541410843998623,0.6176670999266207,0.0005118000553920865
264,EEG Eye State,2,RandomFuzzyRules__max_literal_repetitions__3,13482,1498,14,0.5941255006675568,0.2995391705069125,0.49456106595180443,0.652987000066787,0.00053060008212924
264,EEG Eye State,3,RandomFuzzyRules__max_literal_repetitions__1,13482,1498,14,0.5794392523364486,0.3269230769230769,0.5709241323648104,0.592947999946773,0.0005720000481233001
264,EEG Eye State,3,RandomFuzzyRules__max_literal_repetitions__2,13482,1498,14,0.5794392523364486,0.31521739130434784,0.5717636630923556,0.638644399936311,0.00047450000420212746
264,EEG Eye State,3,RandomFuzzyRules__max_literal_repetitions__3,13482,1498,14,0.5781041388518025,0.326226012793177,0.5712970569583766,0.643396999919787,0.0006232999730855227
264,EEG Eye State,4,RandomFuzzyRules__max_literal_repetitions__1,13482,1498,14,0.5841121495327103,0.3131201764057332,0.5649843623890234,0.6370896000880748,0.00047119997907429934
264,EEG Eye State,4,RandomFuzzyRules__max_literal_repetitions__2,13482,1498,14,0.5734312416555407,0.32237539766702017,0.5652149631038856,0.6387140000006184,0.0005210000090301037
264,EEG Eye State,4,RandomFuzzyRules__max_literal_repetitions__3,13482,1498,14,0.5861148197596796,0.3156732891832229,0.5652924305315347,0.6451210000086576,0.0005433999467641115
264,EEG Eye State,5,RandomFuzzyRules__max_literal_repetitions__1,13482,1498,14,0.5887850467289719,0.34047109207708776,0.580861581920904,0.5808566000778228,0.0005171999800950289
264,EEG Eye State,5,RandomFuzzyRules__max_literal_repetitions__2,13482,1498,14,0.589452603471295,0.33799784714747044,0.5818542459356624,0.6166903999401256,0.0005056000081822276
264,EEG Eye State,5,RandomFuzzyRules__max_literal_repetitions__3,13482,1498,14,0.5887850467289719,0.34047109207708776,0.5808453678081402,0.6431638000067323,0.0005080000264570117
264,EEG Eye State,6,RandomFuzzyRules__max_literal_repetitions__1,13482,1498,14,0.5761014686248331,0.28891377379619265,0.5517158134440217,0.5935164999682456,0.00045000005047768354
264,EEG Eye State,6,RandomFuzzyRules__max_literal_repetitions__2,13482,1498,14,0.5720961281708945,0.3025027203482046,0.5520977458780122,0.6187722000759095,0.0005493999924510717
264,EEG Eye State,6,RandomFuzzyRules__max_literal_repetitions__3,13482,1498,14,0.57543391188251,0.28859060402684567,0.5516851867865791,0.6455459999851882,0.0005904999561607838
264,EEG Eye State,7,RandomFuzzyRules__max_literal_repetitions__1,13482,1498,14,0.562082777036048,0.31092436974789917,0.5635899486913409,0.731290000025183,0.000519299996085465
264,EEG Eye State,7,RandomFuzzyRules__max_literal_repetitions__2,13482,1498,14,0.5600801068090788,0.2951871657754011,0.5644114637380375,0.6253428000491112,0.0005020000971853733
264,EEG Eye State,7,RandomFuzzyRules__max_literal_repetitions__3,13482,1498,14,0.5614152202937249,0.310598111227702,0.5636043612360199,0.7543601000215858,0.0006161999190226197
264,EEG Eye State,8,RandomFuzzyRules__max_literal_repetitions__1,13482,1498,14,0.5627503337783711,0.3169968717413973,0.5462434148318249,0.5781817999668419,0.0004912000149488449
264,EEG Eye State,8,RandomFuzzyRules__max_literal_repetitions__2,13482,1498,14,0.5801068090787717,0.3992359121298949,0.5610031969021568,0.6181334001012146,0.0005044999998062849
264,EEG Eye State,8,RandomFuzzyRules__max_literal_repetitions__3,13482,1498,14,0.5794392523364486,0.37125748502994016,0.5839308388491152,0.6337881999788806,0.00046520004980266094
264,EEG Eye State,9,RandomFuzzyRules__max_literal_repetitions__1,13482,1498,14,0.5694259012016022,0.29967426710097717,0.5286595524336981,0.5820476000662893,0.0005087999161332846
264,EEG Eye State,9,RandomFuzzyRules__max_literal_repetitions__2,13482,1498,14,0.568090787716956,0.28822882288228824,0.5301787563600342,0.630361899966374,0.0004624000284820795
264,EEG Eye State,9,RandomFuzzyRules__max_literal_repetitions__3,13482,1498,14,0.5700934579439252,0.3,0.5292088792831735,0.6384123999159783,0.0006076000863686204
264,EEG Eye State,10,RandomFuzzyRules__max_literal_repetitions__1,13482,1498,14,0.5727636849132176,0.29978118161925604,0.5575271286415417,0.568829899886623,0.000444800010882318
264,EEG Eye State,10,RandomFuzzyRules__max_literal_repetitions__2,13482,1498,14,0.5734312416555407,0.29392265193370165,0.5585825566211896,0.6509847999550402,0.0004937000339850783
264,EEG Eye State,10,RandomFuzzyRules__max_literal_repetitions__3,13482,1498,14,0.5727636849132176,0.29978118161925604,0.5574839029222387,0.6350880999816582,0.0006259999936446548
267,Banknote Authentication,1,RandomFuzzyRules__max_literal_repetitions__1,1234,138,4,0.927536231884058,0.9242424242424242,0.9972322759208005,0.24331980000715703,0.0003978000022470951
267,Banknote Authentication,1,RandomFuzzyRules__max_literal_repetitions__2,1234,138,4,0.9637681159420289,0.9579831932773109,0.9980838833297849,0.19415999995544553,0.0003690000157803297
267,Banknote Authentication,1,RandomFuzzyRules__max_literal_repetitions__3,1234,138,4,0.9710144927536232,0.9672131147540983,0.9957419629550777,0.17814369988627732,0.0003397000255063176
267,Banknote Authentication,2,RandomFuzzyRules__max_literal_repetitions__1,1234,138,4,0.9420289855072463,0.9375,0.9936129444326165,0.23337010003160685,0.0002633000258356333
267,Banknote Authentication,2,RandomFuzzyRules__max_literal_repetitions__2,1234,138,4,0.9420289855072463,0.9298245614035088,0.9987225888865233,0.18071109999436885,0.0003437000559642911
267,Banknote Authentication,2,RandomFuzzyRules__max_literal_repetitions__3,1234,138,4,0.9057971014492754,0.8959999999999999,0.9576325314030233,0.16981260001193732,0.00022849999368190765
267,Banknote Authentication,3,RandomFuzzyRules__max_literal_repetitions__1,1235,137,4,0.8978102189781022,0.8923076923076922,0.9889991371872303,0.23445350001566112,0.00034639996010810137
267,Banknote Authentication,3,RandomFuzzyRules__max_literal_repetitions__2,1235,137,4,0.9343065693430657,0.9217391304347826,0.9959016393442623,0.1979435000102967,0.0003629999700933695
267,Banknote Authentication,3,RandomFuzzyRules__max_literal_repetitions__3,1235,137,4,0.927007299270073,0.9193548387096775,0.972174288179465,0.17637210001703352,0.00034929998219013214
267,Banknote Authentication,4,RandomFuzzyRules__max_literal_repetitions__1,1235,137,4,0.927007299270073,0.9242424242424242,0.9939603106125972,0.21170570002868772,0.000345699954777956
267,Banknote Authentication,4,RandomFuzzyRules__max_literal_repetitions__2,1235,137,4,0.9124087591240876,0.8909090909090909,0.9995685936151856,0.17871060001198202,0.0002730999840423465
267,Banknote Authentication,4,RandomFuzzyRules__max_literal_repetitions__3,1235,137,4,0.9051094890510949,0.8943089430894309,0.9710957722174287,0.17277170007582754,0.00033569999504834414
267,Banknote Authentication,5,RandomFuzzyRules__max_literal_repetitions__1,1235,137,4,0.9124087591240876,0.9104477611940298,0.9976272648835203,0.2502020000247285,0.00033850001636892557
267,Banknote Authentication,5,RandomFuzzyRules__max_literal_repetitions__2,1235,137,4,0.9927007299270073,0.9917355371900827,0.9993528904227782,0.19003070006147027,0.00029619992710649967
267,Banknote Authentication,5,RandomFuzzyRules__max_literal_repetitions__3,1235,137,4,0.948905109489051,0.9448818897637795,0.9779982743744606,0.17503260006196797,0.0002340999199077487
267,Banknote Authentication,6,RandomFuzzyRules__max_literal_repetitions__1,1235,137,4,0.9343065693430657,0.9312977099236641,0.996548748921484,0.22223359998315573,0.0003184000961482525
267,Banknote Authentication,6,RandomFuzzyRules__max_literal_repetitions__2,1235,137,4,0.9635036496350365,0.9579831932773109,0.9976272648835203,0.19665500009432435,0.00025129993446171284
267,Banknote Authentication,6,RandomFuzzyRules__max_literal_repetitions__3,1235,137,4,0.9343065693430657,0.9291338582677166,0.9680759275237273,0.19092799990903586,0.0003010000800713897
267,Banknote Authentication,7,RandomFuzzyRules__max_literal_repetitions__1,1235,137,4,0.9051094890510949,0.9037037037037037,0.9935289042277826,0.26199250004719943,0.00029619992710649967
267,Banknote Authentication,7,RandomFuzzyRules__max_literal_repetitions__2,1235,137,4,0.9708029197080292,0.9672131147540983,0.9861949956859362,0.19656470010522753,0.0003439999418333173
267,Banknote Authentication,7,RandomFuzzyRules__max_literal_repetitions__3,1235,137,4,0.948905109489051,0.9448818897637795,0.9836065573770492,0.16475540003739297,0.00023779994808137417
267,Banknote Authentication,8,RandomFuzzyRules__max_literal_repetitions__1,1235,137,4,0.8832116788321168,0.8840579710144928,0.9905090595340811,0.21805250004399568,0.00035580003168433905
267,Banknote Authentication,8,RandomFuzzyRules__max_literal_repetitions__2,1235,137,4,0.9635036496350365,0.9586776859504132,0.9956859361518551,0.18708699999842793,0.00031759997364133596
267,Banknote Authentication,8,RandomFuzzyRules__max_literal_repetitions__3,1235,137,4,0.9197080291970803,0.9147286821705426,0.9743313201035375,0.1787062999792397,0.0003667999990284443
267,Banknote Authentication,9,RandomFuzzyRules__max_literal_repetitions__1,1235,137,4,0.9416058394160584,0.9384615384615386,0.9956859361518551,0.2252072999253869,0.00026220001745969057
267,Banknote Authentication,9,RandomFuzzyRules__max_literal_repetitions__2,1235,137,4,0.927007299270073,0.912280701754386,0.9926660914581537,0.18186699994839728,0.00035530002787709236
267,Banknote Authentication,9,RandomFuzzyRules__max_literal_repetitions__3,1235,137,4,0.9343065693430657,0.9268292682926829,0.9805867126833477,0.18396209995262325,0.0003388000186532736
267,Banknote Authentication,10,RandomFuzzyRules__max_literal_repetitions__1,1235,137,4,0.927007299270073,0.923076923076923,0.994823123382226,0.2293356000445783,0.0003117999294772744
267,Banknote Authentication,10,RandomFuzzyRules__max_literal_repetitions__2,1235,137,4,0.9562043795620438,0.9491525423728813,0.9963330457290769,0.1866864999756217,0.0002386000705882907
267,Banknote Authentication,10,RandomFuzzyRules__max_literal_repetitions__3,1235,137,4,0.948905109489051,0.944,0.9946074201898187,0.1788310999982059,0.0003464000765234232
277,Thoracic Surgery Data,1,RandomFuzzyRules__max_literal_repetitions__1,423,47,16,0.851063829787234,0.0,0.5,0.06905769999139011,0.00033660000190138817
277,Thoracic Surgery Data,1,RandomFuzzyRules__max_literal_repetitions__2,423,47,16,0.851063829787234,0.0,0.5,0.06724360003136098,0.00024590000975877047
277,Thoracic Surgery Data,1,RandomFuzzyRules__max_literal_repetitions__3,423,47,16,0.851063829787234,0.0,0.5,0.0809233000036329,0.00034220004454255104
277,Thoracic Surgery Data,2,RandomFuzzyRules__max_literal_repetitions__1,423,47,16,0.8297872340425532,0.0,0.4875,0.07180089992471039,0.0003434000536799431
277,Thoracic Surgery Data,2,RandomFuzzyRules__max_literal_repetitions__2,423,47,16,0.8297872340425532,0.0,0.4875,0.08370099996682256,0.0002540999557822943
277,Thoracic Surgery Data,2,RandomFuzzyRules__max_literal_repetitions__3,423,47,16,0.8297872340425532,0.0,0.4875,0.06939080008305609,0.0002505999291315675
277,Thoracic Surgery Data,3,RandomFuzzyRules__max_literal_repetitions__1,423,47,16,0.851063829787234,0.0,0.5,0.07111790007911623,0.000314100063405931
277,Thoracic Surgery Data,3,RandomFuzzyRules__max_literal_repetitions__2,423,47,16,0.851063829787234,0.0,0.5,0.05924810003489256,0.000251100049354136
277,Thoracic Surgery Data,3,RandomFuzzyRules__max_literal_repetitions__3,423,47,16,0.851063829787234,0.0,0.5,0.08703870000317693,0.00033650000113993883
277,Thoracic Surgery Data,4,RandomFuzzyRules__max_literal_repetitions__1,423,47,16,0.851063829787234,0.0,0.5,0.07118909992277622,0.0003565000370144844
277,Thoracic Surgery Data,4,RandomFuzzyRules__max_literal_repetitions__2,423,47,16,0.8085106382978723,0.0,0.5375000000000001,0.07048500003293157,0.000372299924492836
277,Thoracic Surgery Data,4,RandomFuzzyRules__max_literal_repetitions__3,423,47,16,0.8085106382978723,0.0,0.475,0.07054639991838485,0.00035310001112520695
277,Thoracic Surgery Data,5,RandomFuzzyRules__max_literal_repetitions__1,423,47,16,0.851063829787234,0.0,0.5,0.05984400003217161,0.0003378998953849077
277,Thoracic Surgery Data,5,RandomFuzzyRules__max_literal_repetitions__2,423,47,16,0.851063829787234,0.0,0.5,0.06949569995049387,0.00034030003007501364
277,Thoracic Surgery Data,5,RandomFuzzyRules__max_literal_repetitions__3,423,47,16,0.851063829787234,0.0,0.5,0.07105390005744994,0.00030420010443776846
277,Thoracic Surgery Data,6,RandomFuzzyRules__max_literal_repetitions__1,423,47,16,0.8723404255319149,0.25,0.5714285714285714,0.07496460003312677,0.0003431999357417226
277,Thoracic Surgery Data,6,RandomFuzzyRules__max_literal_repetitions__2,423,47,16,0.851063829787234,0.0,0.5,0.07501619996037334,0.0002869999734684825
277,Thoracic Surgery Data,6,RandomFuzzyRules__max_literal_repetitions__3,423,47,16,0.851063829787234,0.0,0.5,0.07110019994433969,0.0002460000105202198
277,Thoracic Surgery Data,7,RandomFuzzyRules__max_literal_repetitions__1,423,47,16,0.851063829787234,0.0,0.5,0.07204960007220507,0.00033519999124109745
277,Thoracic Surgery Data,7,RandomFuzzyRules__max_literal_repetitions__2,423,47,16,0.8297872340425532,0.0,0.4875,0.07433139998465776,0.0002848000731319189
277,Thoracic Surgery Data,7,RandomFuzzyRules__max_literal_repetitions__3,423,47,16,0.8297872340425532,0.0,0.4875,0.07362389995250851,0.0003454000689089298
277,Thoracic Surgery Data,8,RandomFuzzyRules__max_literal_repetitions__1,423,47,16,0.8723404255319149,0.25,0.5714285714285714,0.06737129995599389,0.0003369000041857362
277,Thoracic Surgery Data,8,RandomFuzzyRules__max_literal_repetitions__2,423,47,16,0.8723404255319149,0.25,0.5714285714285714,0.07930629991460592,0.000264400034211576
277,Thoracic Surgery Data,8,RandomFuzzyRules__max_literal_repetitions__3,423,47,16,0.8723404255319149,0.25,0.5714285714285714,0.09072550002019852,0.0002940000267699361
277,Thoracic Surgery Data,9,RandomFuzzyRules__max_literal_repetitions__1,423,47,16,0.851063829787234,0.22222222222222224,0.5589285714285713,0.06321250007022172,0.00022759998682886362
277,Thoracic Surgery Data,9,RandomFuzzyRules__max_literal_repetitions__2,423,47,16,0.8297872340425532,0.0,0.4875,0.08246009994763881,0.0003372000064700842
277,Thoracic Surgery Data,9,RandomFuzzyRules__max_literal_repetitions__3,423,47,16,0.8297872340425532,0.0,0.4875,0.07155820005573332,0.00035779993049800396
277,Thoracic Surgery Data,10,RandomFuzzyRules__max_literal_repetitions__1,423,47,16,0.8723404255319149,0.25,0.5714285714285714,0.06310949998442084,0.0003325999714434147
277,Thoracic Surgery Data,10,RandomFuzzyRules__max_literal_repetitions__2,423,47,16,0.8723404255319149,0.25,0.5714285714285714,0.08122140006162226,0.0003358999965712428
277,Thoracic Surgery Data,10,RandomFuzzyRules__max_literal_repetitions__3,423,47,16,0.8723404255319149,0.25,0.5714285714285714,0.07425599999260157,0.0003397999098524451
327,Phishing Websites,1,RandomFuzzyRules__max_literal_repetitions__1,9949,1106,30,0.8508137432188065,0.8813803019410497,0.8957990988603234,0.6475328999804333,0.0006503999466076493
327,Phishing Websites,1,RandomFuzzyRules__max_literal_repetitions__2,9949,1106,30,0.8725135623869801,0.8885375494071146,0.8582212430426717,0.5319961999775842,0.0004640000406652689
327,Phishing Websites,1,RandomFuzzyRules__max_literal_repetitions__3,9949,1106,30,0.8815551537070524,0.8994627782041443,0.9350549960243838,0.5493936000857502,0.0005036999937146902
327,Phishing Websites,2,RandomFuzzyRules__max_literal_repetitions__1,9949,1106,30,0.8571428571428571,0.8860028860028859,0.9051583620461171,0.523054699995555,0.0005949999904260039
327,Phishing Websites,2,RandomFuzzyRules__max_literal_repetitions__2,9949,1106,30,0.8833634719710669,0.8967173738991193,0.8696975218658892,0.51933449995704,0.0004911000141873956
327,Phishing Websites,2,RandomFuzzyRules__max_literal_repetitions__3,9949,1106,30,0.8933092224231465,0.9076682316118937,0.9428670818976942,0.5733643000712618,0.0005113999359309673
327,Phishing Websites,3,RandomFuzzyRules__max_literal_repetitions__1,9949,1106,30,0.8616636528028933,0.889050036258158,0.9036111847336337,0.5087510999292135,0.0006134000141173601
327,Phishing Websites,3,RandomFuzzyRules__max_literal_repetitions__2,9949,1106,30,0.8924050632911392,0.9051792828685259,0.8798436257619932,0.5241844000993297,0.00048420007806271315
327,Phishing Websites,3,RandomFuzzyRules__max_literal_repetitions__3,9949,1106,30,0.8905967450271248,0.9056897895557288,0.9462678902729923,0.5357945000287145,0.0004206000594422221
327,Phishing Websites,4,RandomFuzzyRules__max_literal_repetitions__1,9949,1106,30,0.8598553345388789,0.888086642599278,0.9065630797773655,0.5385738000040874,0.0005926999729126692
327,Phishing Websites,4,RandomFuzzyRules__max_literal_repetitions__2,9949,1106,30,0.9005424954792043,0.9111470113085622,0.8896766498807315,0.5479064000537619,0.0004363999469205737
327,Phishing Websites,4,RandomFuzzyRules__max_literal_repetitions__3,9949,1106,30,0.906871609403255,0.9181890389197777,0.9526669758812616,0.5796613999409601,0.00041179999243468046
327,Phishing Websites,5,RandomFuzzyRules__max_literal_repetitions__1,9949,1106,30,0.8535262206148282,0.8836206896551724,0.8967068645640075,0.5037216999335214,0.0006246999837458134
327,Phishing Websites,5,RandomFuzzyRules__max_literal_repetitions__2,9949,1106,30,0.8833634719710669,0.8963855421686748,0.8726063477338988,0.5196801999118179,0.00045220006722956896
327,Phishing Websites,5,RandomFuzzyRules__max_literal_repetitions__3,9949,1106,30,0.8851717902350814,0.9002356637863315,0.9435793798038695,0.5279054999118671,0.0004363000625744462
327,Phishing Websites,6,RandomFuzzyRules__max_literal_repetitions__1,9950,1105,30,0.8407239819004525,0.8746438746438746,0.8938211382113821,0.518632399966009,0.000596500001847744
327,Phishing Websites,6,RandomFuzzyRules__max_literal_repetitions__2,9950,1105,30,0.881447963800905,0.8962787015043546,0.8690625518500084,0.5464958000229672,0.0004934000317007303
327,Phishing Websites,6,RandomFuzzyRules__max_literal_repetitions__3,9950,1105,30,0.885972850678733,0.9024767801857586,0.9370897627343621,0.5455324000213295,0.0003504001069813967
327,Phishing Websites,7,RandomFuzzyRules__max_literal_repetitions__1,9950,1105,30,0.8461538461538461,0.8783977110157369,0.8966235274597645,0.5050983999390155,0.0006180000491440296
327,Phishing Websites,7,RandomFuzzyRules__max_literal_repetitions__2,9950,1105,30,0.902262443438914,0.9123376623376623,0.8890924174547868,0.5304998999927193,0.0004977000644430518
327,Phishing Websites,7,RandomFuzzyRules__max_literal_repetitions__3,9950,1105,30,0.9104072398190045,0.9218626677190213,0.9496217023394724,0.5270920000039041,0.0005024999845772982
327,Phishing Websites,8,RandomFuzzyRules__max_literal_repetitions__1,9950,1105,30,0.8479638009049774,0.8798283261802575,0.8913157458105193,0.5097552000079304,0.0006298000225797296
327,Phishing Websites,8,RandomFuzzyRules__max_literal_repetitions__2,9950,1105,30,0.8914027149321267,0.9027552674230145,0.883086112493778,0.5265789999393746,0.00032400002237409353
327,Phishing Websites,8,RandomFuzzyRules__max_literal_repetitions__3,9950,1105,30,0.890497737556561,0.9043478260869565,0.9445146839223495,0.7398698000470176,0.0003570999251678586
327,Phishing Websites,9,RandomFuzzyRules__max_literal_repetitions__1,9950,1105,30,0.8371040723981901,0.8721590909090908,0.8808693862374846,0.5951399999903515,0.0005963000003248453
327,Phishing Websites,9,RandomFuzzyRules__max_literal_repetitions__2,9950,1105,30,0.890497737556561,0.9035856573705179,0.8798601705043423,0.5206779000582173,0.0004727001069113612
327,Phishing Websites,9,RandomFuzzyRules__max_literal_repetitions__3,9950,1105,30,0.8941176470588236,0.9088074824629775,0.9367497277773351,0.5651341000339016,0.00046369992196559906
327,Phishing Websites,10,RandomFuzzyRules__max_literal_repetitions__1,9950,1105,30,0.8343891402714932,0.8699360341151386,0.8760606724563779,0.51105109998025,0.0006179000483825803
327,Phishing Websites,10,RandomFuzzyRules__max_literal_repetitions__2,9950,1105,30,0.8914027149321267,0.9041533546325877,0.8796560035056968,0.5369011999573559,0.0004781000316143036
327,Phishing Websites,10,RandomFuzzyRules__max_literal_repetitions__3,9950,1105,30,0.8823529411764706,0.8990683229813665,0.9381772368735559,0.549066900042817,0.0003597999457269907
329,Diabetic Retinopathy Debrecen,1,RandomFuzzyRules__max_literal_repetitions__1,1035,116,18,0.6896551724137931,0.7,0.730884109916368,0.10012190009001642,0.0003902000607922673
329,Diabetic Retinopathy Debrecen,1,RandomFuzzyRules__max_literal_repetitions__2,1035,116,18,0.646551724137931,0.6168224299065419,0.706989247311828,0.10133660002611578,0.0003429000498726964
329,Diabetic Retinopathy Debrecen,1,RandomFuzzyRules__max_literal_repetitions__3,1035,116,18,0.5948275862068966,0.6240000000000001,0.654121863799283,0.09941809996962547,0.00031429994851350784
329,Diabetic Retinopathy Debrecen,2,RandomFuzzyRules__max_literal_repetitions__1,1036,115,18,0.7130434782608696,0.7027027027027027,0.7468123861566486,0.10370310000143945,0.00036539998836815357
329,Diabetic Retinopathy Debrecen,2,RandomFuzzyRules__max_literal_repetitions__2,1036,115,18,0.6260869565217392,0.6666666666666666,0.7012750455373405,0.10369459993671626,0.0003560000332072377
329,Diabetic Retinopathy Debrecen,2,RandomFuzzyRules__max_literal_repetitions__3,1036,115,18,0.6434782608695652,0.6434782608695653,0.70856102003643,0.10289690003264695,0.00030449999030679464
329,Diabetic Retinopathy Debrecen,3,RandomFuzzyRules__max_literal_repetitions__1,1036,115,18,0.6173913043478261,0.6,0.6867030965391621,0.10624039999675006,0.00030800001695752144
329,Diabetic Retinopathy Debrecen,3,RandomFuzzyRules__max_literal_repetitions__2,1036,115,18,0.6086956521739131,0.5631067961165048,0.6560412871888281,0.09221559995785356,0.00030170008540153503
329,Diabetic Retinopathy Debrecen,3,RandomFuzzyRules__max_literal_repetitions__3,1036,115,18,0.6608695652173913,0.6666666666666667,0.7474195506982392,0.09877509996294975,0.0003066000062972307
329,Diabetic Retinopathy Debrecen,4,RandomFuzzyRules__max_literal_repetitions__1,1036,115,18,0.6434782608695652,0.6095238095238097,0.7061323618700668,0.09698669996578246,0.00026430003345012665
329,Diabetic Retinopathy Debrecen,4,RandomFuzzyRules__max_literal_repetitions__2,1036,115,18,0.6,0.5399999999999999,0.6660595021250759,0.11214759992435575,0.00023969996254891157
329,Diabetic Retinopathy Debrecen,4,RandomFuzzyRules__max_literal_repetitions__3,1036,115,18,0.6,0.5660377358490566,0.688221007893139,0.10422719991765916,0.0003182999789714813
329,Diabetic Retinopathy Debrecen,5,RandomFuzzyRules__max_literal_repetitions__1,1036,115,18,0.6347826086956522,0.625,0.6581663630843959,0.09240239998325706,0.00031889998354017735
329,Diabetic Retinopathy Debrecen,5,RandomFuzzyRules__max_literal_repetitions__2,1036,115,18,0.6,0.5399999999999999,0.6405585913782634,0.1044971999945119,0.00034250004682689905
329,Diabetic Retinopathy Debrecen,5,RandomFuzzyRules__max_literal_repetitions__3,1036,115,18,0.6260869565217392,0.6386554621848739,0.6769884638737097,0.09050209994893521,0.0003524000057950616
329,Diabetic Retinopathy Debrecen,6,RandomFuzzyRules__max_literal_repetitions__1,1036,115,18,0.5739130434782609,0.5420560747663552,0.5848512446873102,0.10307349998038262,0.0003525000065565109
329,Diabetic Retinopathy Debrecen,6,RandomFuzzyRules__max_literal_repetitions__2,1036,115,18,0.5826086956521739,0.5102040816326531,0.6102003642987249,0.09036949998699129,0.00033820001408457756
329,Diabetic Retinopathy Debrecen,6,RandomFuzzyRules__max_literal_repetitions__3,1036,115,18,0.591304347826087,0.5840707964601771,0.643290831815422,0.09288060001563281,0.00033569999504834414
329,Diabetic Retinopathy Debrecen,7,RandomFuzzyRules__max_literal_repetitions__1,1036,115,18,0.6260869565217392,0.6386554621848739,0.659077109896782,0.08945590001530945,0.0003530000103637576
329,Diabetic Retinopathy Debrecen,7,RandomFuzzyRules__max_literal_repetitions__2,1036,115,18,0.5826086956521739,0.5471698113207547,0.5983606557377049,0.09324859990738332,0.00033379998058080673
329,Diabetic Retinopathy Debrecen,7,RandomFuzzyRules__max_literal_repetitions__3,1036,115,18,0.5652173913043478,0.5535714285714285,0.6152094717668488,0.08825909998267889,0.00028259993996471167
329,Diabetic Retinopathy Debrecen,8,RandomFuzzyRules__max_literal_repetitions__1,1036,115,18,0.6,0.5740740740740742,0.6785063752276866,0.09161790006328374,0.0003478000871837139
329,Diabetic Retinopathy Debrecen,8,RandomFuzzyRules__max_literal_repetitions__2,1036,115,18,0.5565217391304348,0.4950495049504951,0.6457194899817851,0.09077479992993176,0.00031869998201727867
329,Diabetic Retinopathy Debrecen,8,RandomFuzzyRules__max_literal_repetitions__3,1036,115,18,0.5826086956521739,0.6000000000000001,0.6618093503339405,0.107849600026384,0.00034090003464370966
329,Diabetic Retinopathy Debrecen,9,RandomFuzzyRules__max_literal_repetitions__1,1036,115,18,0.6,0.5740740740740742,0.6302367941712205,0.08915580005850643,0.0003375000087544322
329,Diabetic Retinopathy Debrecen,9,RandomFuzzyRules__max_literal_repetitions__2,1036,115,18,0.5739130434782609,0.5050505050505051,0.6490588949605344,0.09729880001395941,0.0003404999151825905
329,Diabetic Retinopathy Debrecen,9,RandomFuzzyRules__max_literal_repetitions__3,1036,115,18,0.5739130434782609,0.5663716814159292,0.5997267759562842,0.09656669991090894,0.00036370009183883667
329,Diabetic Retinopathy Debrecen,10,RandomFuzzyRules__max_literal_repetitions__1,1036,115,18,0.6260869565217392,0.6194690265486725,0.6481481481481483,0.09421979996841401,0.0003429000498726964
329,Diabetic Retinopathy Debrecen,10,RandomFuzzyRules__max_literal_repetitions__2,1036,115,18,0.6260869565217392,0.5981308411214953,0.648755312689739,0.11050229996908456,0.00025399995502084494
329,Diabetic Retinopathy Debrecen,10,RandomFuzzyRules__max_literal_repetitions__3,1036,115,18,0.5652173913043478,0.5535714285714285,0.640862173649059,0.09845169994514436,0.0003391000209376216
451,Breast Cancer Coimbra,1,RandomFuzzyRules__max_literal_repetitions__1,104,12,9,0.5833333333333334,0.6666666666666667,0.6388888888888891,0.08711229998152703,0.00038700003642588854
451,Breast Cancer Coimbra,1,RandomFuzzyRules__max_literal_repetitions__2,104,12,9,0.75,0.7692307692307692,0.6666666666666667,0.07164380000904202,0.00035099999513477087
451,Breast Cancer Coimbra,1,RandomFuzzyRules__max_literal_repetitions__3,104,12,9,0.6666666666666666,0.6666666666666666,0.7222222222222223,0.07085289992392063,0.0003197999903932214
451,Breast Cancer Coimbra,2,RandomFuzzyRules__max_literal_repetitions__1,104,12,9,0.9166666666666666,0.923076923076923,0.888888888888889,0.07683909998741001,0.00024099997244775295
451,Breast Cancer Coimbra,2,RandomFuzzyRules__max_literal_repetitions__2,104,12,9,0.9166666666666666,0.923076923076923,0.888888888888889,0.07299549994058907,0.00034280004911124706
451,Breast Cancer Coimbra,2,RandomFuzzyRules__max_literal_repetitions__3,104,12,9,0.5,0.25,0.6944444444444444,0.07065759995020926,0.00030479999259114265
451,Breast Cancer Coimbra,3,RandomFuzzyRules__max_literal_repetitions__1,104,12,9,1.0,1.0,1.0,0.08096559997648001,0.0003301999531686306
451,Breast Cancer Coimbra,3,RandomFuzzyRules__max_literal_repetitions__2,104,12,9,1.0,1.0,1.0,0.062189700081944466,0.00024009996559470892
451,Breast Cancer Coimbra,3,RandomFuzzyRules__max_literal_repetitions__3,104,12,9,0.8333333333333334,0.8571428571428571,0.9142857142857143,0.0811334999743849,0.00027409999165683985
451,Breast Cancer Coimbra,4,RandomFuzzyRules__max_literal_repetitions__1,104,12,9,1.0,1.0,1.0,0.07514669990632683,0.00021389999892562628
451,Breast Cancer Coimbra,4,RandomFuzzyRules__max_literal_repetitions__2,104,12,9,1.0,1.0,1.0,0.06160220003221184,0.00023600005079060793
451,Breast Cancer Coimbra,4,RandomFuzzyRules__max_literal_repetitions__3,104,12,9,0.8333333333333334,0.8571428571428571,0.9714285714285715,0.07082410005386919,0.0002772000152617693
451,Breast Cancer Coimbra,5,RandomFuzzyRules__max_literal_repetitions__1,104,12,9,0.6666666666666666,0.75,0.7428571428571429,0.07920230005402118,0.00027219997718930244
451,Breast Cancer Coimbra,5,RandomFuzzyRules__max_literal_repetitions__2,104,12,9,0.6666666666666666,0.75,0.7428571428571429,0.06851999997161329,0.0002210000529885292
451,Breast Cancer Coimbra,5,RandomFuzzyRules__max_literal_repetitions__3,104,12,9,0.6666666666666666,0.7142857142857143,0.6857142857142857,0.07742270000744611,0.0003244000254198909
451,Breast Cancer Coimbra,6,RandomFuzzyRules__max_literal_repetitions__1,104,12,9,0.6666666666666666,0.7777777777777778,0.6285714285714286,0.0653232999611646,0.00031479995232075453
451,Breast Cancer Coimbra,6,RandomFuzzyRules__max_literal_repetitions__2,104,12,9,0.6666666666666666,0.7777777777777778,0.6285714285714286,0.0599543999414891,0.00032430002465844154
451,Breast Cancer Coimbra,6,RandomFuzzyRules__max_literal_repetitions__3,104,12,9,0.5,0.5714285714285714,0.45714285714285713,0.05930840002838522,0.0002940000267699361
451,Breast Cancer Coimbra,7,RandomFuzzyRules__max_literal_repetitions__1,105,11,9,1.0,1.0,1.0,0.062325999955646694,0.00031070003751665354
451,Breast Cancer Coimbra,7,RandomFuzzyRules__max_literal_repetitions__2,105,11,9,1.0,1.0,1.0,0.056008600047789514,0.00022500008344650269
451,Breast Cancer Coimbra,7,RandomFuzzyRules__max_literal_repetitions__3,105,11,9,0.6363636363636364,0.5,0.9,0.05793940008152276,0.00032329990062862635
451,Breast Cancer Coimbra,8,RandomFuzzyRules__max_literal_repetitions__1,105,11,9,0.9090909090909091,0.923076923076923,0.8333333333333334,0.06196080008521676,0.0003063000040128827
451,Breast Cancer Coimbra,8,RandomFuzzyRules__max_literal_repetitions__2,105,11,9,0.9090909090909091,0.923076923076923,0.8333333333333334,0.06630910001695156,0.00031649996526539326
451,Breast Cancer Coimbra,8,RandomFuzzyRules__max_literal_repetitions__3,105,11,9,0.5454545454545454,0.5454545454545454,0.6666666666666666,0.057788999984040856,0.0003189999843016267
451,Breast Cancer Coimbra,9,RandomFuzzyRules__max_literal_repetitions__1,105,11,9,0.8181818181818182,0.8333333333333334,0.9333333333333333,0.060807400033809245,0.00030960002914071083
451,Breast Cancer Coimbra,9,RandomFuzzyRules__max_literal_repetitions__2,105,11,9,0.8181818181818182,0.8333333333333334,0.9333333333333333,0.06790849997196347,0.0003306999569758773
451,Breast Cancer Coimbra,9,RandomFuzzyRules__max_literal_repetitions__3,105,11,9,0.5454545454545454,0.5454545454545454,0.7,0.05554800003301352,0.0003136999439448118
451,Breast Cancer Coimbra,10,RandomFuzzyRules__max_literal_repetitions__1,105,11,9,0.9090909090909091,0.923076923076923,0.9333333333333333,0.07952259993180633,0.00027489999774843454
451,Breast Cancer Coimbra,10,RandomFuzzyRules__max_literal_repetitions__2,105,11,9,0.9090909090909091,0.923076923076923,0.9333333333333333,0.06683540006633848,0.0003226998960599303
451,Breast Cancer Coimbra,10,RandomFuzzyRules__max_literal_repetitions__3,105,11,9,0.7272727272727273,0.7272727272727272,0.8,0.07478859997354448,0.0003353999927639961
519,Heart Failure Clinical Records,1,RandomFuzzyRules__max_literal_repetitions__1,269,30,12,0.7666666666666667,0.631578947368421,0.7999999999999999,0.0696225999854505,0.00032430002465844154
519,Heart Failure Clinical Records,1,RandomFuzzyRules__max_literal_repetitions__2,269,30,12,0.8,0.625,0.82,0.077621900010854,0.0003448999486863613
519,Heart Failure Clinical Records,1,RandomFuzzyRules__max_literal_repetitions__3,269,30,12,0.8666666666666667,0.8000000000000002,0.8350000000000001,0.07460170006379485,0.0003497999859973788
519,Heart Failure Clinical Records,2,RandomFuzzyRules__max_literal_repetitions__1,269,30,12,0.8333333333333334,0.7368421052631577,0.885,0.07522969995625317,0.0003226000117138028
519,Heart Failure Clinical Records,2,RandomFuzzyRules__max_literal_repetitions__2,269,30,12,0.9,0.8235294117647058,0.925,0.07514239998999983,0.0002413999754935503
519,Heart Failure Clinical Records,2,RandomFuzzyRules__max_literal_repetitions__3,269,30,12,0.9333333333333333,0.9,0.93,0.06850569997914135,0.00024060008581727743
519,Heart Failure Clinical Records,3,RandomFuzzyRules__max_literal_repetitions__1,269,30,12,0.7666666666666667,0.588235294117647,0.7500000000000001,0.07344460010062903,0.00033710000570863485
519,Heart Failure Clinical Records,3,RandomFuzzyRules__max_literal_repetitions__2,269,30,12,0.8,0.5714285714285715,0.795,0.07484519993886352,0.0003291000612080097
519,Heart Failure Clinical Records,3,RandomFuzzyRules__max_literal_repetitions__3,269,30,12,0.8666666666666667,0.7499999999999999,0.7374999999999999,0.07781669998075813,0.00023640005383640528
519,Heart Failure Clinical Records,4,RandomFuzzyRules__max_literal_repetitions__1,269,30,12,0.8333333333333334,0.7368421052631577,0.9299999999999999,0.07353479997254908,0.00023960007820278406
519,Heart Failure Clinical Records,4,RandomFuzzyRules__max_literal_repetitions__2,269,30,12,0.8666666666666667,0.7777777777777777,0.915,0.0767114000627771,0.000317899975925684
519,Heart Failure Clinical Records,4,RandomFuzzyRules__max_literal_repetitions__3,269,30,12,0.8333333333333334,0.761904761904762,0.875,0.0666763000190258,0.0002859999658539891
519,Heart Failure Clinical Records,5,RandomFuzzyRules__max_literal_repetitions__1,269,30,12,0.8333333333333334,0.7058823529411764,0.895,0.06952229992020875,0.00022659997921437025
519,Heart Failure Clinical Records,5,RandomFuzzyRules__max_literal_repetitions__2,269,30,12,0.8,0.5714285714285715,0.94,0.06886629993095994,0.0003293999470770359
519,Heart Failure Clinical Records,5,RandomFuzzyRules__max_literal_repetitions__3,269,30,12,0.8333333333333334,0.7058823529411764,0.945,0.07460449996870011,0.0003302000695839524
519,Heart Failure Clinical Records,6,RandomFuzzyRules__max_literal_repetitions__1,269,30,12,0.7666666666666667,0.588235294117647,0.755,0.07340519991703331,0.0002901999978348613
519,Heart Failure Clinical Records,6,RandomFuzzyRules__max_literal_repetitions__2,269,30,12,0.7666666666666667,0.4615384615384615,0.76,0.07358520000707358,0.0003303999546915293
519,Heart Failure Clinical Records,6,RandomFuzzyRules__max_literal_repetitions__3,269,30,12,0.7333333333333333,0.33333333333333337,0.755,0.08345159993041307,0.0003464999608695507
519,Heart Failure Clinical Records,7,RandomFuzzyRules__max_literal_repetitions__1,269,30,12,0.9,0.8,0.9735449735449736,0.07324129994958639,0.00034110003616660833
519,Heart Failure Clinical Records,7,RandomFuzzyRules__max_literal_repetitions__2,269,30,12,0.8,0.5,0.8571428571428572,0.07396599999628961,0.0003486000932753086
519,Heart Failure Clinical Records,7,RandomFuzzyRules__max_literal_repetitions__3,269,30,12,0.8333333333333334,0.6666666666666667,0.9259259259259259,0.07729280006606132,0.00033799989614635706
519,Heart Failure Clinical Records,8,RandomFuzzyRules__max_literal_repetitions__1,269,30,12,0.8,0.5714285714285714,0.7724867724867726,0.0822698000119999,0.0003372000064700842
519,Heart Failure Clinical Records,8,RandomFuzzyRules__max_literal_repetitions__2,269,30,12,0.8,0.5714285714285714,0.7671957671957672,0.08216270001139492,0.0003315000794827938
519,Heart Failure Clinical Records,8,RandomFuzzyRules__max_literal_repetitions__3,269,30,12,0.8,0.6666666666666666,0.8148148148148149,0.08373409998603165,0.00034929998219013214
519,Heart Failure Clinical Records,9,RandomFuzzyRules__max_literal_repetitions__1,269,30,12,0.8333333333333334,0.6666666666666667,0.7936507936507936,0.07713310001417994,0.00034110003616660833
519,Heart Failure Clinical Records,9,RandomFuzzyRules__max_literal_repetitions__2,269,30,12,0.8333333333333334,0.6666666666666667,0.798941798941799,0.08513979997951537,0.0002547000767663121
519,Heart Failure Clinical Records,9,RandomFuzzyRules__max_literal_repetitions__3,269,30,12,0.8,0.6250000000000001,0.8306878306878307,0.07271049998234957,0.0002957000397145748
519,Heart Failure Clinical Records,10,RandomFuzzyRules__max_literal_repetitions__1,270,29,12,0.7241379310344828,0.42857142857142855,0.7722222222222221,0.07388369995169342,0.00023830006830394268
519,Heart Failure Clinical Records,10,RandomFuzzyRules__max_literal_repetitions__2,270,29,12,0.7586206896551724,0.3636363636363636,0.7722222222222223,0.07654749997891486,0.00032789993565529585
519,Heart Failure Clinical Records,10,RandomFuzzyRules__max_literal_repetitions__3,270,29,12,0.8275862068965517,0.6666666666666667,0.8611111111111112,0.06452050001826137,0.0003304999554529786
529,Early Stage Diabetes Risk Prediction,1,RandomFuzzyRules__max_literal_repetitions__1,468,52,16,0.9038461538461539,0.923076923076923,0.93828125,0.058578999945893884,0.00032130000181496143
529,Early Stage Diabetes Risk Prediction,1,RandomFuzzyRules__max_literal_repetitions__2,468,52,16,0.9038461538461539,0.9253731343283582,0.95625,0.07469569996464998,0.00029360002372413874
529,Early Stage Diabetes Risk Prediction,1,RandomFuzzyRules__max_literal_repetitions__3,468,52,16,0.9038461538461539,0.923076923076923,0.9359374999999999,0.06158330000471324,0.00022829999215900898
529,Early Stage Diabetes Risk Prediction,2,RandomFuzzyRules__max_literal_repetitions__1,468,52,16,0.8076923076923077,0.8275862068965517,0.8515625,0.06799729994963855,0.0002416999777778983
529,Early Stage Diabetes Risk Prediction,2,RandomFuzzyRules__max_literal_repetitions__2,468,52,16,0.8846153846153846,0.9090909090909091,0.90390625,0.06190089997835457,0.0003381000133231282
529,Early Stage Diabetes Risk Prediction,2,RandomFuzzyRules__max_literal_repetitions__3,468,52,16,0.9038461538461539,0.923076923076923,0.9046874999999999,0.06437250005546957,0.0003111999249085784
529,Early Stage Diabetes Risk Prediction,3,RandomFuzzyRules__max_literal_repetitions__1,468,52,16,0.8846153846153846,0.9090909090909091,0.91875,0.05968639999628067,0.00032320001628249884
529,Early Stage Diabetes Risk Prediction,3,RandomFuzzyRules__max_literal_repetitions__2,468,52,16,0.9230769230769231,0.9411764705882353,0.978125,0.06656009994912893,0.0003330999752506614
529,Early Stage Diabetes Risk Prediction,3,RandomFuzzyRules__max_literal_repetitions__3,468,52,16,0.9230769230769231,0.9375,0.9484375,0.06404169998131692,0.000345999957062304
529,Early Stage Diabetes Risk Prediction,4,RandomFuzzyRules__max_literal_repetitions__1,468,52,16,0.8846153846153846,0.911764705882353,0.9234374999999999,0.07722820003982633,0.00023279991000890732
529,Early Stage Diabetes Risk Prediction,4,RandomFuzzyRules__max_literal_repetitions__2,468,52,16,0.9038461538461539,0.927536231884058,0.9359375000000001,0.06253849994391203,0.0003464999608695507
529,Early Stage Diabetes Risk Prediction,4,RandomFuzzyRules__max_literal_repetitions__3,468,52,16,0.8846153846153846,0.911764705882353,0.884375,0.061195499962195754,0.00034579995553940535
529,Early Stage Diabetes Risk Prediction,5,RandomFuzzyRules__max_literal_repetitions__1,468,52,16,0.8653846153846154,0.8985507246376812,0.90234375,0.08007799996994436,0.0003288000589236617
529,Early Stage Diabetes Risk Prediction,5,RandomFuzzyRules__max_literal_repetitions__2,468,52,16,0.8846153846153846,0.9142857142857143,0.9578125,0.06171869998797774,0.0002818999346345663
529,Early Stage Diabetes Risk Prediction,5,RandomFuzzyRules__max_literal_repetitions__3,468,52,16,0.8653846153846154,0.8985507246376812,0.91875,0.07159289997071028,0.00022050004918128252
529,Early Stage Diabetes Risk Prediction,6,RandomFuzzyRules__max_literal_repetitions__1,468,52,16,0.8076923076923077,0.8484848484848485,0.85546875,0.07716750004328787,0.00024449999909847975
529,Early Stage Diabetes Risk Prediction,6,RandomFuzzyRules__max_literal_repetitions__2,468,52,16,0.8461538461538461,0.8823529411764706,0.903125,0.05625919997692108,0.0002688999520614743
529,Early Stage Diabetes Risk Prediction,6,RandomFuzzyRules__max_literal_repetitions__3,468,52,16,0.8269230769230769,0.8571428571428571,0.86875,0.0660571000771597,0.00023859995417296886
529,Early Stage Diabetes Risk Prediction,7,RandomFuzzyRules__max_literal_repetitions__1,468,52,16,0.9230769230769231,0.9393939393939394,0.9601562499999999,0.06841110007371753,0.00024189997930079699
529,Early Stage Diabetes Risk Prediction,7,RandomFuzzyRules__max_literal_repetitions__2,468,52,16,0.9423076923076923,0.9538461538461539,0.9734375000000001,0.08425930002704263,0.00025180005468428135
529,Early Stage Diabetes Risk Prediction,7,RandomFuzzyRules__max_literal_repetitions__3,468,52,16,0.9230769230769231,0.9375,0.9468750000000001,0.055337199941277504,0.00022130005527287722
529,Early Stage Diabetes Risk Prediction,8,RandomFuzzyRules__max_literal_repetitions__1,468,52,16,0.8653846153846154,0.9014084507042254,0.8765625,0.05823180009610951,0.0002837999491021037
529,Early Stage Diabetes Risk Prediction,8,RandomFuzzyRules__max_literal_repetitions__2,468,52,16,0.8461538461538461,0.8857142857142857,0.90234375,0.06245869991835207,0.0002824000548571348
529,Early Stage Diabetes Risk Prediction,8,RandomFuzzyRules__max_literal_repetitions__3,468,52,16,0.8461538461538461,0.8857142857142857,0.86640625,0.0649061999283731,0.0003302000695839524
529,Early Stage Diabetes Risk Prediction,9,RandomFuzzyRules__max_literal_repetitions__1,468,52,16,0.8269230769230769,0.8767123287671234,0.9015625,0.06647499999962747,0.0003247999120503664
529,Early Stage Diabetes Risk Prediction,9,RandomFuzzyRules__max_literal_repetitions__2,468,52,16,0.8461538461538461,0.888888888888889,0.9343750000000001,0.057981900055892766,0.00032459991052746773
529,Early Stage Diabetes Risk Prediction,9,RandomFuzzyRules__max_literal_repetitions__3,468,52,16,0.8461538461538461,0.888888888888889,0.8796875,0.060331800021231174,0.00033409998286515474
529,Early Stage Diabetes Risk Prediction,10,RandomFuzzyRules__max_literal_repetitions__1,468,52,16,0.8653846153846154,0.8813559322033898,0.8906249999999999,0.06433750002179295,0.0003334999782964587
529,Early Stage Diabetes Risk Prediction,10,RandomFuzzyRules__max_literal_repetitions__2,468,52,16,0.9230769230769231,0.9393939393939394,0.9585937499999999,0.06173380010295659,0.00032049999572336674
529,Early Stage Diabetes Risk Prediction,10,RandomFuzzyRules__max_literal_repetitions__3,468,52,16,0.9423076923076923,0.9538461538461539,0.95625,0.05946979997679591,0.0007126000709831715
