dataset_id,dataset_name,fold,estimator,n_train,n_test,n_original_features,accuracy,f1,auroc,fit_time,predict_time
14,Breast Cancer,1,RandomFuzzyRules__max_rules_len__2,257,29,9,0.7931034482758621,0.5,0.7232142857142856,0.05182369996327907,0.00026670005172491074
14,Breast Cancer,1,RandomFuzzyRules__max_rules_len__3,257,29,9,0.7586206896551724,0.36363636363636365,0.6607142857142857,0.05501200002618134,0.0002343999221920967
14,Breast Cancer,1,RandomFuzzyRules__max_rules_len__4,257,29,9,0.7586206896551724,0.36363636363636365,0.6607142857142857,0.055054399999789894,0.00032270001247525215
14,Breast Cancer,1,RandomFuzzyRules__max_rules_len__5,257,29,9,0.7586206896551724,0.36363636363636365,0.6607142857142857,0.06669190002139658,0.0002519999397918582
14,Breast Cancer,1,RandomFuzzyRules__max_rules_len__6,257,29,9,0.7586206896551724,0.36363636363636365,0.6607142857142857,0.07235709996894002,0.00025809998624026775
14,Breast Cancer,1,RandomFuzzyRules__max_rules_len__7,257,29,9,0.7586206896551724,0.36363636363636365,0.6607142857142857,0.07268440001644194,0.0002937000244855881
14,Breast Cancer,2,RandomFuzzyRules__max_rules_len__2,257,29,9,0.6896551724137931,0.0,0.48055555555555557,0.05397509993053973,0.00026810006238520145
14,Breast Cancer,2,RandomFuzzyRules__max_rules_len__3,257,29,9,0.7241379310344828,0.19999999999999998,0.5555555555555556,0.056556399911642075,0.00023900007363408804
14,Breast Cancer,2,RandomFuzzyRules__max_rules_len__4,257,29,9,0.6896551724137931,0.0,0.48055555555555557,0.05832599999848753,0.00029640004504472017
14,Breast Cancer,2,RandomFuzzyRules__max_rules_len__5,257,29,9,0.6896551724137931,0.0,0.5055555555555555,0.05625809996854514,0.0005289000691846013
14,Breast Cancer,2,RandomFuzzyRules__max_rules_len__6,257,29,9,0.6896551724137931,0.0,0.5055555555555555,0.0751083999639377,0.00026760005857795477
14,Breast Cancer,2,RandomFuzzyRules__max_rules_len__7,257,29,9,0.6896551724137931,0.0,0.5055555555555555,0.07925890001934022,0.0002473000204190612
14,Breast Cancer,3,RandomFuzzyRules__max_rules_len__2,257,29,9,0.7931034482758621,0.5714285714285714,0.7333333333333333,0.06911289994604886,0.0002539000706747174
14,Breast Cancer,3,RandomFuzzyRules__max_rules_len__3,257,29,9,0.7931034482758621,0.5714285714285714,0.6972222222222222,0.07794960006140172,0.0003299999516457319
14,Breast Cancer,3,RandomFuzzyRules__max_rules_len__4,257,29,9,0.7931034482758621,0.5714285714285714,0.7333333333333333,0.06673770002089441,0.0002778000198304653
14,Breast Cancer,3,RandomFuzzyRules__max_rules_len__5,257,29,9,0.7931034482758621,0.5714285714285714,0.7083333333333334,0.06768480001483113,0.0003785000881180167
14,Breast Cancer,3,RandomFuzzyRules__max_rules_len__6,257,29,9,0.7931034482758621,0.5714285714285714,0.7083333333333334,0.06545649992767721,0.00025050004478543997
14,Breast Cancer,3,RandomFuzzyRules__max_rules_len__7,257,29,9,0.7931034482758621,0.5714285714285714,0.7083333333333334,0.06514439999591559,0.0003114999271929264
14,Breast Cancer,4,RandomFuzzyRules__max_rules_len__2,257,29,9,0.7241379310344828,0.42857142857142855,0.7666666666666667,0.052806399995461106,0.00027799990493804216
14,Breast Cancer,4,RandomFuzzyRules__max_rules_len__3,257,29,9,0.7586206896551724,0.46153846153846156,0.6416666666666666,0.05278070003259927,0.00023910007439553738
14,Breast Cancer,4,RandomFuzzyRules__max_rules_len__4,257,29,9,0.7241379310344828,0.42857142857142855,0.7666666666666667,0.06598950002808124,0.0003225000109523535
14,Breast Cancer,4,RandomFuzzyRules__max_rules_len__5,257,29,9,0.7241379310344828,0.3333333333333333,0.5861111111111111,0.06896710000000894,0.00028419995214790106
14,Breast Cancer,4,RandomFuzzyRules__max_rules_len__6,257,29,9,0.7241379310344828,0.3333333333333333,0.5861111111111111,0.06804489996284246,0.0002948000328615308
14,Breast Cancer,4,RandomFuzzyRules__max_rules_len__7,257,29,9,0.7241379310344828,0.3333333333333333,0.5861111111111111,0.06438200001139194,0.00028089992702007294
14,Breast Cancer,5,RandomFuzzyRules__max_rules_len__2,257,29,9,0.6551724137931034,0.0,0.47777777777777775,0.049102700082585216,0.00031399994622915983
14,Breast Cancer,5,RandomFuzzyRules__max_rules_len__3,257,29,9,0.6206896551724138,0.0,0.45,0.05460929998662323,0.00028739997651427984
14,Breast Cancer,5,RandomFuzzyRules__max_rules_len__4,257,29,9,0.6551724137931034,0.0,0.47777777777777775,0.051886599976569414,0.0002576999831944704
14,Breast Cancer,5,RandomFuzzyRules__max_rules_len__5,257,29,9,0.6896551724137931,0.0,0.5111111111111112,0.06789439998101443,0.00028009992092847824
14,Breast Cancer,5,RandomFuzzyRules__max_rules_len__6,257,29,9,0.6206896551724138,0.0,0.45,0.06705999991390854,0.00033130007795989513
14,Breast Cancer,5,RandomFuzzyRules__max_rules_len__7,257,29,9,0.6206896551724138,0.0,0.45,0.06401820003520697,0.0002856999635696411
14,Breast Cancer,6,RandomFuzzyRules__max_rules_len__2,257,29,9,0.7586206896551724,0.3636363636363636,0.5722222222222223,0.051652700058184564,0.0003024999750778079
14,Breast Cancer,6,RandomFuzzyRules__max_rules_len__3,257,29,9,0.7241379310344828,0.3333333333333333,0.5861111111111111,0.05290299991611391,0.0002487000310793519
14,Breast Cancer,6,RandomFuzzyRules__max_rules_len__4,257,29,9,0.7586206896551724,0.3636363636363636,0.5722222222222223,0.06003749999217689,0.0003233000170439482
14,Breast Cancer,6,RandomFuzzyRules__max_rules_len__5,257,29,9,0.7931034482758621,0.5,0.65,0.05957409995608032,0.00024159997701644897
14,Breast Cancer,6,RandomFuzzyRules__max_rules_len__6,257,29,9,0.7241379310344828,0.3333333333333333,0.5861111111111111,0.058544699917547405,0.0002471000188961625
14,Breast Cancer,6,RandomFuzzyRules__max_rules_len__7,257,29,9,0.7241379310344828,0.3333333333333333,0.5861111111111111,0.07485690002795309,0.00032190000638365746
14,Breast Cancer,7,RandomFuzzyRules__max_rules_len__2,258,28,9,0.8571428571428571,0.7142857142857143,0.828125,0.0557736000046134,0.0002573999809101224
14,Breast Cancer,7,RandomFuzzyRules__max_rules_len__3,258,28,9,0.8571428571428571,0.6666666666666666,0.7999999999999999,0.05825649993494153,0.0003195999888703227
14,Breast Cancer,7,RandomFuzzyRules__max_rules_len__4,258,28,9,0.8571428571428571,0.7142857142857143,0.828125,0.06012260005809367,0.00024279998615384102
14,Breast Cancer,7,RandomFuzzyRules__max_rules_len__5,258,28,9,0.8214285714285714,0.6153846153846154,0.7249999999999999,0.05874739994760603,0.00027710001450031996
14,Breast Cancer,7,RandomFuzzyRules__max_rules_len__6,258,28,9,0.8214285714285714,0.6153846153846154,0.7249999999999999,0.06662940001115203,0.000242499983869493
14,Breast Cancer,7,RandomFuzzyRules__max_rules_len__7,258,28,9,0.8571428571428571,0.6666666666666666,0.7999999999999999,0.08349600003566593,0.0002516999375075102
14,Breast Cancer,8,RandomFuzzyRules__max_rules_len__2,258,28,9,0.75,0.36363636363636365,0.621875,0.0563685999950394,0.0002468000166118145
14,Breast Cancer,8,RandomFuzzyRules__max_rules_len__3,258,28,9,0.7142857142857143,0.2,0.5375,0.0522929000435397,0.0003331999760121107
14,Breast Cancer,8,RandomFuzzyRules__max_rules_len__4,258,28,9,0.75,0.36363636363636365,0.621875,0.05442389997188002,0.0003117000451311469
14,Breast Cancer,8,RandomFuzzyRules__max_rules_len__5,258,28,9,0.75,0.2222222222222222,0.603125,0.058687099954113364,0.00024990004021674395
14,Breast Cancer,8,RandomFuzzyRules__max_rules_len__6,258,28,9,0.7142857142857143,0.2,0.5375,0.06087859999388456,0.00028549996204674244
14,Breast Cancer,8,RandomFuzzyRules__max_rules_len__7,258,28,9,0.7142857142857143,0.2,0.5375,0.06388950010295957,0.00034190004225820303
14,Breast Cancer,9,RandomFuzzyRules__max_rules_len__2,258,28,9,0.7857142857142857,0.5714285714285715,0.7437499999999999,0.05319140001665801,0.00028929999098181725
14,Breast Cancer,9,RandomFuzzyRules__max_rules_len__3,258,28,9,0.8214285714285714,0.5454545454545454,0.6875,0.05453389999456704,0.0002815999323502183
14,Breast Cancer,9,RandomFuzzyRules__max_rules_len__4,258,28,9,0.7857142857142857,0.5714285714285715,0.7437499999999999,0.058439299929887056,0.00034410005901008844
14,Breast Cancer,9,RandomFuzzyRules__max_rules_len__5,258,28,9,0.75,0.4615384615384615,0.678125,0.06335009995382279,0.0005301999626681209
14,Breast Cancer,9,RandomFuzzyRules__max_rules_len__6,258,28,9,0.75,0.4615384615384615,0.678125,0.08585450006648898,0.00032249989453703165
14,Breast Cancer,9,RandomFuzzyRules__max_rules_len__7,258,28,9,0.75,0.4615384615384615,0.678125,0.08430980006232858,0.0003100000321865082
14,Breast Cancer,10,RandomFuzzyRules__max_rules_len__2,258,28,9,0.8214285714285714,0.6153846153846154,0.675,0.05877919995691627,0.0002674000570550561
14,Breast Cancer,10,RandomFuzzyRules__max_rules_len__3,258,28,9,0.7142857142857143,0.5,0.6500000000000001,0.06603450002148747,0.0002581999870017171
14,Breast Cancer,10,RandomFuzzyRules__max_rules_len__4,258,28,9,0.7142857142857143,0.5,0.6500000000000001,0.06161809992045164,0.0002658000448718667
14,Breast Cancer,10,RandomFuzzyRules__max_rules_len__5,258,28,9,0.7857142857142857,0.5714285714285715,0.6375000000000001,0.07096490007825196,0.000310199917294085
14,Breast Cancer,10,RandomFuzzyRules__max_rules_len__6,258,28,9,0.7142857142857143,0.5,0.6500000000000001,0.07287060003727674,0.0003458999563008547
14,Breast Cancer,10,RandomFuzzyRules__max_rules_len__7,258,28,9,0.7142857142857143,0.5,0.6500000000000001,0.08652480004820973,0.000355200027115643
15,Breast Cancer Wisconsin (Original),1,RandomFuzzyRules__max_rules_len__2,629,70,9,0.9428571428571428,0.9166666666666666,0.9846014492753623,0.08918140002060682,0.00031269993633031845
15,Breast Cancer Wisconsin (Original),1,RandomFuzzyRules__max_rules_len__3,629,70,9,0.9428571428571428,0.9166666666666666,0.9846014492753623,0.12150249991100281,0.0003654001047834754
15,Breast Cancer Wisconsin (Original),1,RandomFuzzyRules__max_rules_len__4,629,70,9,0.9571428571428572,0.9387755102040817,0.9936594202898551,0.09604179998859763,0.00035440002102404833
15,Breast Cancer Wisconsin (Original),1,RandomFuzzyRules__max_rules_len__5,629,70,9,0.9571428571428572,0.9387755102040817,0.9936594202898551,0.08831900008954108,0.00030500011052936316
15,Breast Cancer Wisconsin (Original),1,RandomFuzzyRules__max_rules_len__6,629,70,9,0.9857142857142858,0.9795918367346939,0.9791666666666666,0.09270789998117834,0.00032140000257641077
15,Breast Cancer Wisconsin (Original),1,RandomFuzzyRules__max_rules_len__7,629,70,9,0.9428571428571428,0.9130434782608695,0.9778079710144928,0.125713299959898,0.00034439994487911463
15,Breast Cancer Wisconsin (Original),2,RandomFuzzyRules__max_rules_len__2,629,70,9,0.9714285714285714,0.9565217391304348,0.9972826086956522,0.08257199998479337,0.0002921000123023987
15,Breast Cancer Wisconsin (Original),2,RandomFuzzyRules__max_rules_len__3,629,70,9,0.9714285714285714,0.9565217391304348,0.9972826086956522,0.080169300083071,0.0003255999181419611
15,Breast Cancer Wisconsin (Original),2,RandomFuzzyRules__max_rules_len__4,629,70,9,0.9714285714285714,0.9565217391304348,0.9963768115942029,0.08616280008573085,0.000309899915009737
15,Breast Cancer Wisconsin (Original),2,RandomFuzzyRules__max_rules_len__5,629,70,9,0.9714285714285714,0.9565217391304348,0.9963768115942029,0.08696270000655204,0.000305499997921288
15,Breast Cancer Wisconsin (Original),2,RandomFuzzyRules__max_rules_len__6,629,70,9,0.9857142857142858,0.9787234042553191,0.9981884057971014,0.09325919998809695,0.0003397000255063176
15,Breast Cancer Wisconsin (Original),2,RandomFuzzyRules__max_rules_len__7,629,70,9,0.9714285714285714,0.9583333333333334,0.9968297101449276,0.09420619998127222,0.00027840002439916134
15,Breast Cancer Wisconsin (Original),3,RandomFuzzyRules__max_rules_len__2,629,70,9,0.9857142857142858,0.9795918367346939,0.9900362318840579,0.12009139999281615,0.0003453000681474805
15,Breast Cancer Wisconsin (Original),3,RandomFuzzyRules__max_rules_len__3,629,70,9,0.9857142857142858,0.9795918367346939,0.9900362318840579,0.10296539997216314,0.0002722999779507518
15,Breast Cancer Wisconsin (Original),3,RandomFuzzyRules__max_rules_len__4,629,70,9,0.9714285714285714,0.9583333333333334,0.9936594202898551,0.1067936000181362,0.0002701999619603157
15,Breast Cancer Wisconsin (Original),3,RandomFuzzyRules__max_rules_len__5,629,70,9,0.9714285714285714,0.9583333333333334,0.9936594202898551,0.11604959995020181,0.00030770001467317343
15,Breast Cancer Wisconsin (Original),3,RandomFuzzyRules__max_rules_len__6,629,70,9,0.9571428571428572,0.9387755102040817,0.9873188405797102,0.12173630006145686,0.0002847999567165971
15,Breast Cancer Wisconsin (Original),3,RandomFuzzyRules__max_rules_len__7,629,70,9,0.9285714285714286,0.8979591836734694,0.9873188405797102,0.09154040005523711,0.00030069996137171984
15,Breast Cancer Wisconsin (Original),4,RandomFuzzyRules__max_rules_len__2,629,70,9,0.9571428571428572,0.9411764705882353,0.9954710144927537,0.1032761000096798,0.00026439991779625416
15,Breast Cancer Wisconsin (Original),4,RandomFuzzyRules__max_rules_len__3,629,70,9,0.9571428571428572,0.9411764705882353,0.9954710144927537,0.11176030000206083,0.00029070000164210796
15,Breast Cancer Wisconsin (Original),4,RandomFuzzyRules__max_rules_len__4,629,70,9,0.9571428571428572,0.9411764705882353,0.9954710144927537,0.11686629999894649,0.00037350005004554987
15,Breast Cancer Wisconsin (Original),4,RandomFuzzyRules__max_rules_len__5,629,70,9,0.9571428571428572,0.9411764705882353,0.9954710144927537,0.11735060007777065,0.000282099936157465
15,Breast Cancer Wisconsin (Original),4,RandomFuzzyRules__max_rules_len__6,629,70,9,0.9428571428571428,0.923076923076923,0.9981884057971014,0.11692099994979799,0.0002893999917432666
15,Breast Cancer Wisconsin (Original),4,RandomFuzzyRules__max_rules_len__7,629,70,9,0.9428571428571428,0.923076923076923,0.9927536231884059,0.12249029998201877,0.00026300002355128527
15,Breast Cancer Wisconsin (Original),5,RandomFuzzyRules__max_rules_len__2,629,70,9,0.9571428571428572,0.9411764705882353,0.996376811594203,0.10416459990665317,0.0002770000137388706
15,Breast Cancer Wisconsin (Original),5,RandomFuzzyRules__max_rules_len__3,629,70,9,0.9571428571428572,0.9411764705882353,0.996376811594203,0.10575800004880875,0.00028149993158876896
15,Breast Cancer Wisconsin (Original),5,RandomFuzzyRules__max_rules_len__4,629,70,9,0.9571428571428572,0.9411764705882353,0.9773550724637682,0.11239330004900694,0.0002688999520614743
15,Breast Cancer Wisconsin (Original),5,RandomFuzzyRules__max_rules_len__5,629,70,9,0.9571428571428572,0.9411764705882353,0.9773550724637682,0.11743770004250109,0.00026030000299215317
15,Breast Cancer Wisconsin (Original),5,RandomFuzzyRules__max_rules_len__6,629,70,9,0.9285714285714286,0.8979591836734694,0.9678442028985508,0.1263038000324741,0.0003003999590873718
15,Breast Cancer Wisconsin (Original),5,RandomFuzzyRules__max_rules_len__7,629,70,9,0.9428571428571428,0.9199999999999999,0.9714673913043479,0.13325369998347014,0.00029930006712675095
15,Breast Cancer Wisconsin (Original),6,RandomFuzzyRules__max_rules_len__2,629,70,9,0.9857142857142858,0.9795918367346939,0.9990942028985507,0.09965350001584738,0.00028719997499138117
15,Breast Cancer Wisconsin (Original),6,RandomFuzzyRules__max_rules_len__3,629,70,9,0.9857142857142858,0.9795918367346939,0.9990942028985507,0.09205530001781881,0.00024500000290572643
15,Breast Cancer Wisconsin (Original),6,RandomFuzzyRules__max_rules_len__4,629,70,9,0.9857142857142858,0.9795918367346939,1.0,0.11188330000732094,0.00024880003184080124
15,Breast Cancer Wisconsin (Original),6,RandomFuzzyRules__max_rules_len__5,629,70,9,0.9857142857142858,0.9795918367346939,1.0,0.10142800002358854,0.0002976000541821122
15,Breast Cancer Wisconsin (Original),6,RandomFuzzyRules__max_rules_len__6,629,70,9,0.9714285714285714,0.9600000000000001,0.9972826086956523,0.08453120000194758,0.00023680005688220263
15,Breast Cancer Wisconsin (Original),6,RandomFuzzyRules__max_rules_len__7,629,70,9,0.9714285714285714,0.9600000000000001,0.995018115942029,0.11761399998795241,0.00022879999596625566
15,Breast Cancer Wisconsin (Original),7,RandomFuzzyRules__max_rules_len__2,629,70,9,0.9714285714285714,0.9600000000000001,0.9918478260869564,0.10376060009002686,0.0003312999615445733
15,Breast Cancer Wisconsin (Original),7,RandomFuzzyRules__max_rules_len__3,629,70,9,0.9714285714285714,0.9600000000000001,0.9918478260869564,0.1092691000085324,0.000310199917294085
15,Breast Cancer Wisconsin (Original),7,RandomFuzzyRules__max_rules_len__4,629,70,9,0.9428571428571428,0.9199999999999999,0.9827898550724637,0.11617870000191033,0.00027710001450031996
15,Breast Cancer Wisconsin (Original),7,RandomFuzzyRules__max_rules_len__5,629,70,9,0.9428571428571428,0.9199999999999999,0.9827898550724637,0.12037580006290227,0.0002875999780371785
15,Breast Cancer Wisconsin (Original),7,RandomFuzzyRules__max_rules_len__6,629,70,9,0.9285714285714286,0.8979591836734694,0.9900362318840579,0.12489950004965067,0.00029009999707341194
15,Breast Cancer Wisconsin (Original),7,RandomFuzzyRules__max_rules_len__7,629,70,9,0.9714285714285714,0.9600000000000001,0.988677536231884,0.12251040001865476,0.0002722999779507518
15,Breast Cancer Wisconsin (Original),8,RandomFuzzyRules__max_rules_len__2,629,70,9,0.9714285714285714,0.9565217391304348,0.996376811594203,0.10516549996100366,0.00026350002735853195
15,Breast Cancer Wisconsin (Original),8,RandomFuzzyRules__max_rules_len__3,629,70,9,0.9714285714285714,0.9565217391304348,0.996376811594203,0.0717222000239417,0.00023689994122833014
15,Breast Cancer Wisconsin (Original),8,RandomFuzzyRules__max_rules_len__4,629,70,9,0.9857142857142858,0.9795918367346939,1.0,0.11323550005909055,0.0002506999298930168
15,Breast Cancer Wisconsin (Original),8,RandomFuzzyRules__max_rules_len__5,629,70,9,0.9857142857142858,0.9795918367346939,1.0,0.11442550003994256,0.0002465000143274665
15,Breast Cancer Wisconsin (Original),8,RandomFuzzyRules__max_rules_len__6,629,70,9,0.9714285714285714,0.9565217391304348,0.9945652173913043,0.1269752000225708,0.0002882999833673239
15,Breast Cancer Wisconsin (Original),8,RandomFuzzyRules__max_rules_len__7,629,70,9,0.9571428571428572,0.9361702127659574,0.9923007246376812,0.11783800006378442,0.00022749998606741428
15,Breast Cancer Wisconsin (Original),9,RandomFuzzyRules__max_rules_len__2,629,70,9,0.9857142857142858,0.9803921568627451,0.9946666666666666,0.10875460004899651,0.00024349999148398638
15,Breast Cancer Wisconsin (Original),9,RandomFuzzyRules__max_rules_len__3,629,70,9,0.9857142857142858,0.9803921568627451,0.9946666666666666,0.11769410001579672,0.000242499983869493
15,Breast Cancer Wisconsin (Original),9,RandomFuzzyRules__max_rules_len__4,629,70,9,0.9857142857142858,0.9803921568627451,0.9911111111111112,0.08350109995808452,0.000251400051638484
15,Breast Cancer Wisconsin (Original),9,RandomFuzzyRules__max_rules_len__5,629,70,9,0.9857142857142858,0.9803921568627451,0.9911111111111112,0.07467999996151775,0.00024200009647756815
15,Breast Cancer Wisconsin (Original),9,RandomFuzzyRules__max_rules_len__6,629,70,9,0.9857142857142858,0.9803921568627451,0.9893333333333333,0.1260964999673888,0.0002808000426739454
15,Breast Cancer Wisconsin (Original),9,RandomFuzzyRules__max_rules_len__7,629,70,9,0.9714285714285714,0.96,0.991111111111111,0.09781760000623763,0.00023739994503557682
15,Breast Cancer Wisconsin (Original),10,RandomFuzzyRules__max_rules_len__2,630,69,9,0.9710144927536232,0.9583333333333334,0.9935185185185185,0.10136810003314167,0.0002549999626353383
15,Breast Cancer Wisconsin (Original),10,RandomFuzzyRules__max_rules_len__3,630,69,9,0.9710144927536232,0.9583333333333334,0.9935185185185185,0.10989540000446141,0.00027710001450031996
15,Breast Cancer Wisconsin (Original),10,RandomFuzzyRules__max_rules_len__4,630,69,9,0.9855072463768116,0.9795918367346939,0.9990740740740741,0.07302000001072884,0.00025539996568113565
15,Breast Cancer Wisconsin (Original),10,RandomFuzzyRules__max_rules_len__5,630,69,9,0.9855072463768116,0.9795918367346939,0.9990740740740741,0.08228560001589358,0.000282699940726161
15,Breast Cancer Wisconsin (Original),10,RandomFuzzyRules__max_rules_len__6,630,69,9,0.9710144927536232,0.9600000000000001,0.9935185185185185,0.12105780001729727,0.0002945999149233103
15,Breast Cancer Wisconsin (Original),10,RandomFuzzyRules__max_rules_len__7,630,69,9,0.927536231884058,0.8979591836734694,0.9833333333333334,0.12074170005507767,0.00030479999259114265
17,Breast Cancer Wisconsin (Diagnostic),1,RandomFuzzyRules__max_rules_len__2,512,57,30,0.9473684210526315,0.9361702127659575,0.996103896103896,0.08580849994905293,0.00029180001001805067
17,Breast Cancer Wisconsin (Diagnostic),1,RandomFuzzyRules__max_rules_len__3,512,57,30,0.9473684210526315,0.9361702127659575,0.996103896103896,0.06591090001165867,0.00030529999639838934
17,Breast Cancer Wisconsin (Diagnostic),1,RandomFuzzyRules__max_rules_len__4,512,57,30,0.9473684210526315,0.9302325581395349,0.9922077922077922,0.08771260001230985,0.0003388999029994011
17,Breast Cancer Wisconsin (Diagnostic),1,RandomFuzzyRules__max_rules_len__5,512,57,30,0.9824561403508771,0.9767441860465117,1.0,0.06798129994422197,0.0002590999938547611
17,Breast Cancer Wisconsin (Diagnostic),1,RandomFuzzyRules__max_rules_len__6,512,57,30,0.9473684210526315,0.9333333333333332,0.996103896103896,0.07428449997678399,0.00030179996974766254
17,Breast Cancer Wisconsin (Diagnostic),1,RandomFuzzyRules__max_rules_len__7,512,57,30,0.9473684210526315,0.9361702127659575,1.0,0.07730390003416687,0.0003322999691590667
17,Breast Cancer Wisconsin (Diagnostic),2,RandomFuzzyRules__max_rules_len__2,512,57,30,0.9298245614035088,0.9166666666666666,0.9909090909090909,0.08724010002333671,0.00026459991931915283
17,Breast Cancer Wisconsin (Diagnostic),2,RandomFuzzyRules__max_rules_len__3,512,57,30,0.9298245614035088,0.9166666666666666,0.9909090909090909,0.06439389998558909,0.0002474000211805105
17,Breast Cancer Wisconsin (Diagnostic),2,RandomFuzzyRules__max_rules_len__4,512,57,30,0.9649122807017544,0.9545454545454546,0.9974025974025974,0.06315159995574504,0.00025260006077587605
17,Breast Cancer Wisconsin (Diagnostic),2,RandomFuzzyRules__max_rules_len__5,512,57,30,0.9473684210526315,0.9361702127659575,0.974025974025974,0.10338250000495464,0.00032540003303438425
17,Breast Cancer Wisconsin (Diagnostic),2,RandomFuzzyRules__max_rules_len__6,512,57,30,0.9649122807017544,0.9565217391304348,0.9987012987012986,0.11161889997310936,0.00028440007008612156
17,Breast Cancer Wisconsin (Diagnostic),2,RandomFuzzyRules__max_rules_len__7,512,57,30,0.9298245614035088,0.9130434782608695,0.990909090909091,0.11654700001236051,0.00023669993970543146
17,Breast Cancer Wisconsin (Diagnostic),3,RandomFuzzyRules__max_rules_len__2,512,57,30,0.9473684210526315,0.923076923076923,0.9933862433862434,0.05782949994318187,0.00025320006534457207
17,Breast Cancer Wisconsin (Diagnostic),3,RandomFuzzyRules__max_rules_len__3,512,57,30,0.9473684210526315,0.923076923076923,0.9933862433862434,0.08831440005451441,0.00031349994242191315
17,Breast Cancer Wisconsin (Diagnostic),3,RandomFuzzyRules__max_rules_len__4,512,57,30,0.9649122807017544,0.9500000000000001,1.0,0.08790909999515861,0.000318799982778728
17,Breast Cancer Wisconsin (Diagnostic),3,RandomFuzzyRules__max_rules_len__5,512,57,30,0.9473684210526315,0.9268292682926829,0.9973544973544973,0.06772999989334494,0.000250800047069788
17,Breast Cancer Wisconsin (Diagnostic),3,RandomFuzzyRules__max_rules_len__6,512,57,30,0.9824561403508771,0.975609756097561,1.0,0.10373219999019057,0.0002487000310793519
17,Breast Cancer Wisconsin (Diagnostic),3,RandomFuzzyRules__max_rules_len__7,512,57,30,0.9649122807017544,0.9500000000000001,1.0,0.07372869993560016,0.0003244000254198909
17,Breast Cancer Wisconsin (Diagnostic),4,RandomFuzzyRules__max_rules_len__2,512,57,30,0.8596491228070176,0.7777777777777778,0.966931216931217,0.08736659993883222,0.00027240009512752295
17,Breast Cancer Wisconsin (Diagnostic),4,RandomFuzzyRules__max_rules_len__3,512,57,30,0.8771929824561403,0.8205128205128205,0.9444444444444444,0.09331909997854382,0.0002559999702498317
17,Breast Cancer Wisconsin (Diagnostic),4,RandomFuzzyRules__max_rules_len__4,512,57,30,0.8421052631578947,0.742857142857143,0.8888888888888887,0.09809470002073795,0.00034339993726462126
17,Breast Cancer Wisconsin (Diagnostic),4,RandomFuzzyRules__max_rules_len__5,512,57,30,0.8596491228070176,0.7777777777777778,0.9484126984126984,0.0996813999954611,0.000354600022546947
17,Breast Cancer Wisconsin (Diagnostic),4,RandomFuzzyRules__max_rules_len__6,512,57,30,0.8947368421052632,0.8421052631578947,0.9735449735449736,0.09831989998929203,0.00026729993987828493
17,Breast Cancer Wisconsin (Diagnostic),4,RandomFuzzyRules__max_rules_len__7,512,57,30,0.9473684210526315,0.923076923076923,0.9814814814814815,0.11006950004957616,0.00025859999004751444
17,Breast Cancer Wisconsin (Diagnostic),5,RandomFuzzyRules__max_rules_len__2,512,57,30,0.9122807017543859,0.8780487804878048,0.9523809523809523,0.08526409999467432,0.000224800081923604
17,Breast Cancer Wisconsin (Diagnostic),5,RandomFuzzyRules__max_rules_len__3,512,57,30,0.9122807017543859,0.8780487804878048,0.9523809523809523,0.09402209997642785,0.0002476000227034092
17,Breast Cancer Wisconsin (Diagnostic),5,RandomFuzzyRules__max_rules_len__4,512,57,30,0.9298245614035088,0.9,0.9603174603174603,0.09857149992603809,0.0003706000279635191
17,Breast Cancer Wisconsin (Diagnostic),5,RandomFuzzyRules__max_rules_len__5,512,57,30,0.9122807017543859,0.8837209302325582,0.9351851851851851,0.0788057999452576,0.0002509000478312373
17,Breast Cancer Wisconsin (Diagnostic),5,RandomFuzzyRules__max_rules_len__6,512,57,30,0.9298245614035088,0.9047619047619048,0.9695767195767195,0.10505080001894385,0.0002715999726206064
17,Breast Cancer Wisconsin (Diagnostic),5,RandomFuzzyRules__max_rules_len__7,512,57,30,0.9298245614035088,0.9047619047619048,0.9841269841269842,0.07548350002616644,0.0002677999436855316
17,Breast Cancer Wisconsin (Diagnostic),6,RandomFuzzyRules__max_rules_len__2,512,57,30,0.9298245614035088,0.9,0.9722222222222222,0.08643110003322363,0.0002432999899610877
17,Breast Cancer Wisconsin (Diagnostic),6,RandomFuzzyRules__max_rules_len__3,512,57,30,0.9298245614035088,0.9,0.9722222222222222,0.09166210005059838,0.0002517999382689595
17,Breast Cancer Wisconsin (Diagnostic),6,RandomFuzzyRules__max_rules_len__4,512,57,30,0.9298245614035088,0.9,0.9814814814814815,0.0987211000174284,0.0002449998864904046
17,Breast Cancer Wisconsin (Diagnostic),6,RandomFuzzyRules__max_rules_len__5,512,57,30,0.8947368421052632,0.8421052631578947,0.9814814814814814,0.10650759993586689,0.0003272000467404723
17,Breast Cancer Wisconsin (Diagnostic),6,RandomFuzzyRules__max_rules_len__6,512,57,30,0.9649122807017544,0.9523809523809523,0.9933862433862435,0.07060910004656762,0.0002544999588280916
17,Breast Cancer Wisconsin (Diagnostic),6,RandomFuzzyRules__max_rules_len__7,512,57,30,0.9298245614035088,0.9,0.9894179894179893,0.07523890002630651,0.00024750002194195986
17,Breast Cancer Wisconsin (Diagnostic),7,RandomFuzzyRules__max_rules_len__2,512,57,30,1.0,1.0,1.0,0.09314090001862496,0.0002899999963119626
17,Breast Cancer Wisconsin (Diagnostic),7,RandomFuzzyRules__max_rules_len__3,512,57,30,1.0,1.0,1.0,0.09815169998910278,0.000269699958153069
17,Breast Cancer Wisconsin (Diagnostic),7,RandomFuzzyRules__max_rules_len__4,512,57,30,0.9649122807017544,0.9523809523809523,0.9947089947089947,0.10637889988720417,0.00025860010646283627
17,Breast Cancer Wisconsin (Diagnostic),7,RandomFuzzyRules__max_rules_len__5,512,57,30,0.9122807017543859,0.8780487804878048,0.9828042328042328,0.103789999964647,0.00029039999935775995
17,Breast Cancer Wisconsin (Diagnostic),7,RandomFuzzyRules__max_rules_len__6,512,57,30,0.9122807017543859,0.888888888888889,0.9775132275132276,0.07379300007596612,0.00026329990942031145
17,Breast Cancer Wisconsin (Diagnostic),7,RandomFuzzyRules__max_rules_len__7,512,57,30,0.9473684210526315,0.9268292682926829,0.9947089947089947,0.07610479998402297,0.0002943000290542841
17,Breast Cancer Wisconsin (Diagnostic),8,RandomFuzzyRules__max_rules_len__2,512,57,30,0.9649122807017544,0.9545454545454545,1.0,0.08685500000137836,0.0002466000150889158
17,Breast Cancer Wisconsin (Diagnostic),8,RandomFuzzyRules__max_rules_len__3,512,57,30,0.9649122807017544,0.9545454545454545,1.0,0.0631769000319764,0.00022489996626973152
17,Breast Cancer Wisconsin (Diagnostic),8,RandomFuzzyRules__max_rules_len__4,512,57,30,0.8947368421052632,0.8571428571428571,0.9775132275132274,0.10712179995607585,0.0003201999934390187
17,Breast Cancer Wisconsin (Diagnostic),8,RandomFuzzyRules__max_rules_len__5,512,57,30,0.9298245614035088,0.909090909090909,0.9841269841269842,0.06792049994692206,0.00025180005468428135
17,Breast Cancer Wisconsin (Diagnostic),8,RandomFuzzyRules__max_rules_len__6,512,57,30,0.9649122807017544,0.9545454545454545,1.0,0.11373150011058897,0.00027489999774843454
17,Breast Cancer Wisconsin (Diagnostic),8,RandomFuzzyRules__max_rules_len__7,512,57,30,0.9473684210526315,0.9333333333333333,1.0,0.0912549999775365,0.0002454000059515238
17,Breast Cancer Wisconsin (Diagnostic),9,RandomFuzzyRules__max_rules_len__2,512,57,30,0.9298245614035088,0.8947368421052632,0.9933862433862434,0.09620390005875379,0.0002677999436855316
17,Breast Cancer Wisconsin (Diagnostic),9,RandomFuzzyRules__max_rules_len__3,512,57,30,0.9298245614035088,0.9,0.988095238095238,0.08169740007724613,0.00026539992541074753
17,Breast Cancer Wisconsin (Diagnostic),9,RandomFuzzyRules__max_rules_len__4,512,57,30,0.9298245614035088,0.9,0.9788359788359788,0.07764420006424189,0.00025129993446171284
17,Breast Cancer Wisconsin (Diagnostic),9,RandomFuzzyRules__max_rules_len__5,512,57,30,0.9298245614035088,0.9047619047619048,0.9841269841269841,0.06505189999006689,0.00023420003708451986
17,Breast Cancer Wisconsin (Diagnostic),9,RandomFuzzyRules__max_rules_len__6,512,57,30,0.9298245614035088,0.9,0.9907407407407408,0.0757184000685811,0.0003143999492749572
17,Breast Cancer Wisconsin (Diagnostic),9,RandomFuzzyRules__max_rules_len__7,512,57,30,0.9473684210526315,0.9302325581395349,0.9920634920634921,0.10919049999210984,0.00028570007998496294
17,Breast Cancer Wisconsin (Diagnostic),10,RandomFuzzyRules__max_rules_len__2,513,56,30,0.9642857142857143,0.9500000000000001,0.9891156462585033,0.05960789998061955,0.0002297000028192997
17,Breast Cancer Wisconsin (Diagnostic),10,RandomFuzzyRules__max_rules_len__3,513,56,30,0.9642857142857143,0.9500000000000001,0.9891156462585033,0.08735620009247214,0.00024199998006224632
17,Breast Cancer Wisconsin (Diagnostic),10,RandomFuzzyRules__max_rules_len__4,513,56,30,0.9821428571428571,0.975609756097561,1.0,0.09711560001596808,0.0002929999027401209
17,Breast Cancer Wisconsin (Diagnostic),10,RandomFuzzyRules__max_rules_len__5,513,56,30,0.9642857142857143,0.9523809523809523,0.9972789115646258,0.10339439997915179,0.00024069997016340494
17,Breast Cancer Wisconsin (Diagnostic),10,RandomFuzzyRules__max_rules_len__6,513,56,30,1.0,1.0,1.0,0.07224979996681213,0.0002805000403895974
17,Breast Cancer Wisconsin (Diagnostic),10,RandomFuzzyRules__max_rules_len__7,513,56,30,0.9642857142857143,0.9523809523809523,0.998639455782313,0.11367840005550534,0.00027769990265369415
27,Credit Approval,1,RandomFuzzyRules__max_rules_len__2,621,69,15,0.855072463768116,0.8717948717948718,0.8514431239388794,0.08783810003660619,0.00030419998802244663
27,Credit Approval,1,RandomFuzzyRules__max_rules_len__3,621,69,15,0.8840579710144928,0.8947368421052632,0.8845500848896435,0.06030260003171861,0.00029530003666877747
27,Credit Approval,1,RandomFuzzyRules__max_rules_len__4,621,69,15,0.8260869565217391,0.8500000000000001,0.8310696095076402,0.08802829997148365,0.00023699994198977947
27,Credit Approval,1,RandomFuzzyRules__max_rules_len__5,621,69,15,0.8840579710144928,0.8947368421052632,0.8730899830220713,0.08880680007860065,0.00024060008581727743
27,Credit Approval,1,RandomFuzzyRules__max_rules_len__6,621,69,15,0.855072463768116,0.8717948717948718,0.8641765704584041,0.06890219997148961,0.0002858999650925398
27,Credit Approval,1,RandomFuzzyRules__max_rules_len__7,621,69,15,0.8695652173913043,0.8831168831168831,0.8565365025466893,0.07375139999203384,0.00028389994986355305
27,Credit Approval,2,RandomFuzzyRules__max_rules_len__2,621,69,15,0.8405797101449275,0.8405797101449276,0.849320882852292,0.05911190004553646,0.0002709999680519104
27,Credit Approval,2,RandomFuzzyRules__max_rules_len__3,621,69,15,0.8405797101449275,0.8405797101449276,0.849320882852292,0.06021140003576875,0.0002437999937683344
27,Credit Approval,2,RandomFuzzyRules__max_rules_len__4,621,69,15,0.8260869565217391,0.8235294117647058,0.83616298811545,0.07737600000109524,0.00023369991686195135
27,Credit Approval,2,RandomFuzzyRules__max_rules_len__5,621,69,15,0.8405797101449275,0.8405797101449276,0.8276740237691003,0.08896239998284727,0.0002885999856516719
27,Credit Approval,2,RandomFuzzyRules__max_rules_len__6,621,69,15,0.8405797101449275,0.8405797101449276,0.849320882852292,0.08979660004843026,0.0002992999507114291
27,Credit Approval,2,RandomFuzzyRules__max_rules_len__7,621,69,15,0.8405797101449275,0.8405797101449276,0.849320882852292,0.06894959998317063,0.0002578999847173691
27,Credit Approval,3,RandomFuzzyRules__max_rules_len__2,621,69,15,0.855072463768116,0.8529411764705883,0.8654499151103565,0.07346560002770275,0.00022929999977350235
27,Credit Approval,3,RandomFuzzyRules__max_rules_len__3,621,69,15,0.855072463768116,0.8529411764705883,0.8654499151103565,0.0673473000060767,0.00024670001585036516
27,Credit Approval,3,RandomFuzzyRules__max_rules_len__4,621,69,15,0.855072463768116,0.8571428571428572,0.870118845500849,0.06475140003021806,0.00026590004563331604
27,Credit Approval,3,RandomFuzzyRules__max_rules_len__5,621,69,15,0.855072463768116,0.8529411764705883,0.8781833616298812,0.08788230002392083,0.00028169993311166763
27,Credit Approval,3,RandomFuzzyRules__max_rules_len__6,621,69,15,0.8405797101449275,0.8405797101449276,0.8790322580645162,0.09077780006919056,0.00025379995349794626
27,Credit Approval,3,RandomFuzzyRules__max_rules_len__7,621,69,15,0.855072463768116,0.8529411764705883,0.8654499151103565,0.09277790004853159,0.00031299993861466646
27,Credit Approval,4,RandomFuzzyRules__max_rules_len__2,621,69,15,0.7246376811594203,0.716417910447761,0.735144312393888,0.058574199909344316,0.00022300006821751595
27,Credit Approval,4,RandomFuzzyRules__max_rules_len__3,621,69,15,0.7246376811594203,0.716417910447761,0.735144312393888,0.07895810005720705,0.00024199998006224632
27,Credit Approval,4,RandomFuzzyRules__max_rules_len__4,621,69,15,0.7246376811594203,0.716417910447761,0.7211375212224109,0.06747120001818985,0.00025130005087703466
27,Credit Approval,4,RandomFuzzyRules__max_rules_len__5,621,69,15,0.7246376811594203,0.716417910447761,0.735144312393888,0.0924297000747174,0.0002628000220283866
27,Credit Approval,4,RandomFuzzyRules__max_rules_len__6,621,69,15,0.7246376811594203,0.716417910447761,0.735144312393888,0.10772959992755204,0.00030890002381056547
27,Credit Approval,4,RandomFuzzyRules__max_rules_len__7,621,69,15,0.7246376811594203,0.716417910447761,0.735144312393888,0.10979729995597154,0.00028849998489022255
27,Credit Approval,5,RandomFuzzyRules__max_rules_len__2,621,69,15,0.9420289855072463,0.9444444444444444,0.9473684210526316,0.07919279998168349,0.00025479996111243963
27,Credit Approval,5,RandomFuzzyRules__max_rules_len__3,621,69,15,0.927536231884058,0.9333333333333332,0.9282682512733447,0.07982399989850819,0.0002465000143274665
27,Credit Approval,5,RandomFuzzyRules__max_rules_len__4,621,69,15,0.9420289855072463,0.9459459459459458,0.9443972835314092,0.08545130002312362,0.0002482000272721052
27,Credit Approval,5,RandomFuzzyRules__max_rules_len__5,621,69,15,0.9420289855072463,0.9459459459459458,0.9443972835314092,0.07706709997728467,0.0002552000805735588
27,Credit Approval,5,RandomFuzzyRules__max_rules_len__6,621,69,15,0.9420289855072463,0.9459459459459458,0.9443972835314092,0.06927149998955429,0.0003378000110387802
27,Credit Approval,5,RandomFuzzyRules__max_rules_len__7,621,69,15,0.9420289855072463,0.9459459459459458,0.9443972835314092,0.08980090008117259,0.00029479991644620895
27,Credit Approval,6,RandomFuzzyRules__max_rules_len__2,621,69,15,0.7971014492753623,0.7941176470588235,0.8068760611205432,0.06669730006251484,0.00022929999977350235
27,Credit Approval,6,RandomFuzzyRules__max_rules_len__3,621,69,15,0.7971014492753623,0.7999999999999999,0.8056027164685909,0.08533189992886037,0.0002685000654309988
27,Credit Approval,6,RandomFuzzyRules__max_rules_len__4,621,69,15,0.782608695652174,0.782608695652174,0.7907470288624787,0.08359950000885874,0.00023520004469901323
27,Credit Approval,6,RandomFuzzyRules__max_rules_len__5,621,69,15,0.7971014492753623,0.7999999999999999,0.8157894736842106,0.06859670008998364,0.00033680000342428684
27,Credit Approval,6,RandomFuzzyRules__max_rules_len__6,621,69,15,0.7971014492753623,0.7941176470588235,0.8068760611205432,0.09182019997388124,0.00030529999639838934
27,Credit Approval,6,RandomFuzzyRules__max_rules_len__7,621,69,15,0.7971014492753623,0.7941176470588235,0.8068760611205432,0.09213680005632341,0.00023300002794712782
27,Credit Approval,7,RandomFuzzyRules__max_rules_len__2,621,69,15,0.8695652173913043,0.88,0.8713921901528013,0.0800900999456644,0.00025939999613910913
27,Credit Approval,7,RandomFuzzyRules__max_rules_len__3,621,69,15,0.8695652173913043,0.88,0.8713921901528013,0.06476189999375492,0.00029349990654736757
27,Credit Approval,7,RandomFuzzyRules__max_rules_len__4,621,69,15,0.8695652173913043,0.88,0.884974533106961,0.08687350002583116,0.0002606000052765012
27,Credit Approval,7,RandomFuzzyRules__max_rules_len__5,621,69,15,0.8695652173913043,0.88,0.8713921901528013,0.08947759994771332,0.0002354000462219119
27,Credit Approval,7,RandomFuzzyRules__max_rules_len__6,621,69,15,0.8695652173913043,0.88,0.8713921901528013,0.09258499997667968,0.00024119997397065163
27,Credit Approval,7,RandomFuzzyRules__max_rules_len__7,621,69,15,0.8695652173913043,0.88,0.8713921901528013,0.07115669990889728,0.0002351000439375639
27,Credit Approval,8,RandomFuzzyRules__max_rules_len__2,621,69,15,0.782608695652174,0.7887323943661971,0.7923076923076924,0.07740720000583678,0.0003040999872609973
27,Credit Approval,8,RandomFuzzyRules__max_rules_len__3,621,69,15,0.782608695652174,0.7887323943661971,0.7923076923076924,0.05916960001923144,0.00028359994757920504
27,Credit Approval,8,RandomFuzzyRules__max_rules_len__4,621,69,15,0.782608695652174,0.7945205479452054,0.7735042735042735,0.060924399993382394,0.0002943000290542841
27,Credit Approval,8,RandomFuzzyRules__max_rules_len__5,621,69,15,0.782608695652174,0.7945205479452054,0.7884615384615385,0.06637410004623234,0.00034259993117302656
27,Credit Approval,8,RandomFuzzyRules__max_rules_len__6,621,69,15,0.782608695652174,0.7945205479452054,0.7884615384615385,0.09650340001098812,0.0002930000191554427
27,Credit Approval,8,RandomFuzzyRules__max_rules_len__7,621,69,15,0.782608695652174,0.7945205479452054,0.7884615384615385,0.08028389990795404,0.0002474000211805105
27,Credit Approval,9,RandomFuzzyRules__max_rules_len__2,621,69,15,0.855072463768116,0.8571428571428572,0.8679487179487179,0.08571840007789433,0.00028549996204674244
27,Credit Approval,9,RandomFuzzyRules__max_rules_len__3,621,69,15,0.8260869565217391,0.8333333333333333,0.8358974358974358,0.07007680006790906,0.0003795999800786376
27,Credit Approval,9,RandomFuzzyRules__max_rules_len__4,621,69,15,0.855072463768116,0.8571428571428572,0.8606837606837606,0.06706949998624623,0.00035610003396868706
27,Credit Approval,9,RandomFuzzyRules__max_rules_len__5,621,69,15,0.855072463768116,0.8571428571428572,0.8653846153846154,0.07364950003102422,0.0002959000412374735
27,Credit Approval,9,RandomFuzzyRules__max_rules_len__6,621,69,15,0.855072463768116,0.8571428571428572,0.8679487179487179,0.07794450002256781,0.0003565000370144844
27,Credit Approval,9,RandomFuzzyRules__max_rules_len__7,621,69,15,0.855072463768116,0.8571428571428572,0.8679487179487179,0.07134519994724542,0.00028840010054409504
27,Credit Approval,10,RandomFuzzyRules__max_rules_len__2,621,69,15,0.9420289855072463,0.945945945945946,0.9487179487179487,0.08215470006689429,0.00027879991102963686
27,Credit Approval,10,RandomFuzzyRules__max_rules_len__3,621,69,15,0.9420289855072463,0.945945945945946,0.9487179487179487,0.06150589999742806,0.0002874999772757292
27,Credit Approval,10,RandomFuzzyRules__max_rules_len__4,621,69,15,0.927536231884058,0.935064935064935,0.9324786324786325,0.06512219994328916,0.0003499999875202775
27,Credit Approval,10,RandomFuzzyRules__max_rules_len__5,621,69,15,0.9420289855072463,0.945945945945946,0.9418803418803419,0.0677741999970749,0.00033080007415264845
27,Credit Approval,10,RandomFuzzyRules__max_rules_len__6,621,69,15,0.9420289855072463,0.945945945945946,0.9487179487179487,0.1058123999973759,0.00027189997490495443
27,Credit Approval,10,RandomFuzzyRules__max_rules_len__7,621,69,15,0.9420289855072463,0.945945945945946,0.9487179487179487,0.09553349995985627,0.00025040004402399063
43,Haberman's Survival,1,RandomFuzzyRules__max_rules_len__2,275,31,3,0.8387096774193549,0.5454545454545454,0.7418478260869564,0.08797220000997186,0.0003163999645039439
43,Haberman's Survival,1,RandomFuzzyRules__max_rules_len__3,275,31,3,0.8387096774193549,0.5454545454545454,0.7418478260869564,0.104369500069879,0.00029450003057718277
43,Haberman's Survival,1,RandomFuzzyRules__max_rules_len__4,275,31,3,0.7741935483870968,0.2222222222222222,0.7255434782608695,0.10577259992714971,0.00024419999681413174
43,Haberman's Survival,1,RandomFuzzyRules__max_rules_len__5,275,31,3,0.8387096774193549,0.6153846153846154,0.7364130434782609,0.15574729989748448,0.0002899999963119626
43,Haberman's Survival,1,RandomFuzzyRules__max_rules_len__6,275,31,3,0.8387096774193549,0.6153846153846154,0.7309782608695653,0.16870689997449517,0.00030229997355490923
43,Haberman's Survival,1,RandomFuzzyRules__max_rules_len__7,275,31,3,0.8387096774193549,0.6153846153846154,0.7364130434782609,0.1805927000241354,0.00031699996907263994
43,Haberman's Survival,2,RandomFuzzyRules__max_rules_len__2,275,31,3,0.7741935483870968,0.36363636363636365,0.654891304347826,0.06644169997889549,0.00027740001678466797
43,Haberman's Survival,2,RandomFuzzyRules__max_rules_len__3,275,31,3,0.7741935483870968,0.36363636363636365,0.654891304347826,0.09574459993746132,0.00027100008446723223
43,Haberman's Survival,2,RandomFuzzyRules__max_rules_len__4,275,31,3,0.7419354838709677,0.3333333333333333,0.6603260869565217,0.10364240000490099,0.0003434999380260706
43,Haberman's Survival,2,RandomFuzzyRules__max_rules_len__5,275,31,3,0.7741935483870968,0.4615384615384615,0.6657608695652174,0.14020679995883256,0.0002383999526500702
43,Haberman's Survival,2,RandomFuzzyRules__max_rules_len__6,275,31,3,0.7741935483870968,0.4615384615384615,0.654891304347826,0.1692338000284508,0.0003212000010535121
43,Haberman's Survival,2,RandomFuzzyRules__max_rules_len__7,275,31,3,0.7741935483870968,0.4615384615384615,0.6657608695652174,0.23394030006602407,0.0002443999983370304
43,Haberman's Survival,3,RandomFuzzyRules__max_rules_len__2,275,31,3,0.7741935483870968,0.36363636363636365,0.6576086956521738,0.09017250000033528,0.00030830001924186945
43,Haberman's Survival,3,RandomFuzzyRules__max_rules_len__3,275,31,3,0.7741935483870968,0.2222222222222222,0.6521739130434783,0.08220279996749014,0.0002824000548571348
43,Haberman's Survival,3,RandomFuzzyRules__max_rules_len__4,275,31,3,0.7741935483870968,0.2222222222222222,0.6358695652173914,0.10469339997507632,0.000238100066781044
43,Haberman's Survival,3,RandomFuzzyRules__max_rules_len__5,275,31,3,0.7741935483870968,0.36363636363636365,0.6467391304347826,0.15562620002310723,0.0003200999926775694
43,Haberman's Survival,3,RandomFuzzyRules__max_rules_len__6,275,31,3,0.8064516129032258,0.4,0.6467391304347827,0.183349100057967,0.0003245000261813402
43,Haberman's Survival,3,RandomFuzzyRules__max_rules_len__7,275,31,3,0.7741935483870968,0.36363636363636365,0.6467391304347826,0.2318610999500379,0.0002642000326886773
43,Haberman's Survival,4,RandomFuzzyRules__max_rules_len__2,275,31,3,0.6774193548387096,0.28571428571428575,0.5163043478260869,0.09495629998855293,0.00024239998310804367
43,Haberman's Survival,4,RandomFuzzyRules__max_rules_len__3,275,31,3,0.6774193548387096,0.16666666666666666,0.5271739130434783,0.08301790000405163,0.0002872999757528305
43,Haberman's Survival,4,RandomFuzzyRules__max_rules_len__4,275,31,3,0.6774193548387096,0.16666666666666666,0.5027173913043478,0.10129559994675219,0.00031610007863491774
43,Haberman's Survival,4,RandomFuzzyRules__max_rules_len__5,275,31,3,0.6774193548387096,0.28571428571428575,0.5108695652173914,0.15617159998510033,0.00031949998810887337
43,Haberman's Survival,4,RandomFuzzyRules__max_rules_len__6,275,31,3,0.6451612903225806,0.15384615384615385,0.532608695652174,0.21208279998973012,0.0002386999549344182
43,Haberman's Survival,4,RandomFuzzyRules__max_rules_len__7,275,31,3,0.6129032258064516,0.14285714285714288,0.4782608695652174,0.22833920002449304,0.0003081000177189708
43,Haberman's Survival,5,RandomFuzzyRules__max_rules_len__2,275,31,3,0.8387096774193549,0.6153846153846154,0.8749999999999999,0.08604389999527484,0.00029120000544935465
43,Haberman's Survival,5,RandomFuzzyRules__max_rules_len__3,275,31,3,0.8387096774193549,0.6153846153846154,0.8749999999999999,0.08242659992538393,0.0003415000392124057
43,Haberman's Survival,5,RandomFuzzyRules__max_rules_len__4,275,31,3,0.8709677419354839,0.7142857142857143,0.9456521739130436,0.12340699997730553,0.00029689993243664503
43,Haberman's Survival,5,RandomFuzzyRules__max_rules_len__5,275,31,3,0.8709677419354839,0.6666666666666666,0.8695652173913043,0.1552757000317797,0.0002711999695748091
43,Haberman's Survival,5,RandomFuzzyRules__max_rules_len__6,275,31,3,0.8709677419354839,0.7142857142857143,0.9456521739130436,0.18310729996301234,0.00022700009867548943
43,Haberman's Survival,5,RandomFuzzyRules__max_rules_len__7,275,31,3,0.8709677419354839,0.6666666666666666,0.8695652173913043,0.23293830000329763,0.0002896001096814871
43,Haberman's Survival,6,RandomFuzzyRules__max_rules_len__2,275,31,3,0.7419354838709677,0.19999999999999998,0.6186868686868686,0.0708889999659732,0.00025859999004751444
43,Haberman's Survival,6,RandomFuzzyRules__max_rules_len__3,275,31,3,0.7419354838709677,0.19999999999999998,0.6186868686868686,0.0854898999677971,0.00023520004469901323
43,Haberman's Survival,6,RandomFuzzyRules__max_rules_len__4,275,31,3,0.6774193548387096,0.0,0.6237373737373737,0.1288732000393793,0.0003007999621331692
43,Haberman's Survival,6,RandomFuzzyRules__max_rules_len__5,275,31,3,0.7096774193548387,0.1818181818181818,0.6186868686868686,0.14924699999392033,0.0002738999901339412
43,Haberman's Survival,6,RandomFuzzyRules__max_rules_len__6,275,31,3,0.7419354838709677,0.19999999999999998,0.6136363636363636,0.17902110004797578,0.0003163999645039439
43,Haberman's Survival,6,RandomFuzzyRules__max_rules_len__7,275,31,3,0.6451612903225806,0.15384615384615383,0.6666666666666666,0.219376299995929,0.00024189997930079699
43,Haberman's Survival,7,RandomFuzzyRules__max_rules_len__2,276,30,3,0.8,0.5,0.8323863636363635,0.0849566999822855,0.00022899999748915434
43,Haberman's Survival,7,RandomFuzzyRules__max_rules_len__3,276,30,3,0.8,0.5,0.8323863636363635,0.0844887999119237,0.0003162000793963671
43,Haberman's Survival,7,RandomFuzzyRules__max_rules_len__4,276,30,3,0.8,0.5,0.8295454545454545,0.11748090002220124,0.00046040001325309277
43,Haberman's Survival,7,RandomFuzzyRules__max_rules_len__5,276,30,3,0.8,0.5,0.8153409090909092,0.14739940001163632,0.0003282999387010932
43,Haberman's Survival,7,RandomFuzzyRules__max_rules_len__6,276,30,3,0.8333333333333334,0.5454545454545454,0.8551136363636362,0.24571199994534254,0.00027870002668350935
43,Haberman's Survival,7,RandomFuzzyRules__max_rules_len__7,276,30,3,0.8,0.5,0.8153409090909092,0.23607690003700554,0.0003208999987691641
43,Haberman's Survival,8,RandomFuzzyRules__max_rules_len__2,276,30,3,0.7333333333333333,0.2,0.41761363636363635,0.07799870008602738,0.0002780999056994915
43,Haberman's Survival,8,RandomFuzzyRules__max_rules_len__3,276,30,3,0.7333333333333333,0.2,0.42329545454545453,0.08779890008736402,0.00032079999800771475
43,Haberman's Survival,8,RandomFuzzyRules__max_rules_len__4,276,30,3,0.7333333333333333,0.2,0.4005681818181818,0.11484569997992367,0.0004499000497162342
43,Haberman's Survival,8,RandomFuzzyRules__max_rules_len__5,276,30,3,0.7333333333333333,0.2,0.41761363636363635,0.15911480004433542,0.00031489995308220387
43,Haberman's Survival,8,RandomFuzzyRules__max_rules_len__6,276,30,3,0.7333333333333333,0.2,0.42329545454545453,0.21201759995892644,0.00032190000638365746
43,Haberman's Survival,8,RandomFuzzyRules__max_rules_len__7,276,30,3,0.6666666666666666,0.16666666666666666,0.46022727272727276,0.2619745999109,0.00031699996907263994
43,Haberman's Survival,9,RandomFuzzyRules__max_rules_len__2,276,30,3,0.7666666666666667,0.36363636363636365,0.8977272727272728,0.08485820004716516,0.00027169997338205576
43,Haberman's Survival,9,RandomFuzzyRules__max_rules_len__3,276,30,3,0.7666666666666667,0.36363636363636365,0.8465909090909091,0.08211880002636462,0.0003307999577373266
43,Haberman's Survival,9,RandomFuzzyRules__max_rules_len__4,276,30,3,0.7666666666666667,0.36363636363636365,0.9034090909090909,0.10301350010558963,0.0003139000618830323
43,Haberman's Survival,9,RandomFuzzyRules__max_rules_len__5,276,30,3,0.7333333333333333,0.5,0.6534090909090908,0.1410114000318572,0.0003389000194147229
43,Haberman's Survival,9,RandomFuzzyRules__max_rules_len__6,276,30,3,0.8333333333333334,0.6153846153846154,0.9147727272727273,0.1684077000245452,0.00027929991483688354
43,Haberman's Survival,9,RandomFuzzyRules__max_rules_len__7,276,30,3,0.7333333333333333,0.5,0.6534090909090908,0.2103550999891013,0.0003264000406488776
43,Haberman's Survival,10,RandomFuzzyRules__max_rules_len__2,276,30,3,0.6666666666666666,0.0,0.5426136363636364,0.07704460003878921,0.0002085000742226839
43,Haberman's Survival,10,RandomFuzzyRules__max_rules_len__3,276,30,3,0.6666666666666666,0.0,0.53125,0.09755240008234978,0.0003187000984326005
43,Haberman's Survival,10,RandomFuzzyRules__max_rules_len__4,276,30,3,0.6333333333333333,0.0,0.5284090909090909,0.11118060001172125,0.00024359999224543571
43,Haberman's Survival,10,RandomFuzzyRules__max_rules_len__5,276,30,3,0.6666666666666666,0.0,0.5482954545454546,0.15243110002484173,0.00022629997693002224
43,Haberman's Survival,10,RandomFuzzyRules__max_rules_len__6,276,30,3,0.6666666666666666,0.0,0.5198863636363636,0.15047660004347563,0.0002660000463947654
43,Haberman's Survival,10,RandomFuzzyRules__max_rules_len__7,276,30,3,0.6666666666666666,0.0,0.5482954545454546,0.18425319995731115,0.00038350000977516174
45,Heart Disease,1,RandomFuzzyRules__max_rules_len__2,272,31,13,0.7419354838709677,0.7333333333333334,0.8424369747899161,0.06363049999345094,0.0003208999987691641
45,Heart Disease,1,RandomFuzzyRules__max_rules_len__3,272,31,13,0.8064516129032258,0.8125000000000001,0.9138655462184873,0.06238249992020428,0.00029120000544935465
45,Heart Disease,1,RandomFuzzyRules__max_rules_len__4,272,31,13,0.7741935483870968,0.7586206896551724,0.8823529411764705,0.06857010000385344,0.00027600000612437725
45,Heart Disease,1,RandomFuzzyRules__max_rules_len__5,272,31,13,0.8709677419354839,0.8571428571428571,0.8739495798319328,0.06932270003017038,0.00028519995976239443
45,Heart Disease,1,RandomFuzzyRules__max_rules_len__6,272,31,13,0.8064516129032258,0.7692307692307692,0.8991596638655462,0.07758330006618053,0.0003493999829515815
45,Heart Disease,1,RandomFuzzyRules__max_rules_len__7,272,31,13,0.7741935483870968,0.7586206896551724,0.8802521008403361,0.0716779000358656,0.0002508999314159155
45,Heart Disease,2,RandomFuzzyRules__max_rules_len__2,272,31,13,0.8064516129032258,0.8125000000000001,0.7352941176470589,0.06557850004173815,0.00032160000409930944
45,Heart Disease,2,RandomFuzzyRules__max_rules_len__3,272,31,13,0.7741935483870968,0.7586206896551724,0.8256302521008403,0.05213750002440065,0.0003071000101044774
45,Heart Disease,2,RandomFuzzyRules__max_rules_len__4,272,31,13,0.7741935483870968,0.7586206896551724,0.8256302521008403,0.05102240003179759,0.00027379998937249184
45,Heart Disease,2,RandomFuzzyRules__max_rules_len__5,272,31,13,0.8064516129032258,0.8125000000000001,0.9075630252100839,0.06835730001330376,0.00024640001356601715
45,Heart Disease,2,RandomFuzzyRules__max_rules_len__6,272,31,13,0.6451612903225806,0.56,0.6638655462184874,0.06890049995854497,0.00026530004106462
45,Heart Disease,2,RandomFuzzyRules__max_rules_len__7,272,31,13,0.8387096774193549,0.8387096774193549,0.9411764705882353,0.07399109995458275,0.0002362000523135066
45,Heart Disease,3,RandomFuzzyRules__max_rules_len__2,272,31,13,0.7741935483870968,0.7741935483870968,0.8130252100840336,0.05862819997128099,0.00023880007211118937
45,Heart Disease,3,RandomFuzzyRules__max_rules_len__3,272,31,13,0.7741935483870968,0.7878787878787878,0.8949579831932772,0.06627399998251349,0.0003166000824421644
45,Heart Disease,3,RandomFuzzyRules__max_rules_len__4,272,31,13,0.7741935483870968,0.7741935483870968,0.8508403361344539,0.06779980007559061,0.0002359999343752861
45,Heart Disease,3,RandomFuzzyRules__max_rules_len__5,272,31,13,0.8064516129032258,0.8125000000000001,0.8844537815126049,0.05962159996852279,0.00025120005011558533
45,Heart Disease,3,RandomFuzzyRules__max_rules_len__6,272,31,13,0.7741935483870968,0.7878787878787878,0.8676470588235293,0.07205950003117323,0.0003220000071451068
45,Heart Disease,3,RandomFuzzyRules__max_rules_len__7,272,31,13,0.7741935483870968,0.7878787878787878,0.8739495798319327,0.06496200000401586,0.0003218000056222081
45,Heart Disease,4,RandomFuzzyRules__max_rules_len__2,273,30,13,0.7333333333333333,0.6666666666666667,0.7194570135746606,0.050536699942313135,0.0003198999911546707
45,Heart Disease,4,RandomFuzzyRules__max_rules_len__3,273,30,13,0.7666666666666667,0.7407407407407408,0.7963800904977376,0.05418089998420328,0.000318199978210032
45,Heart Disease,4,RandomFuzzyRules__max_rules_len__4,273,30,13,0.8,0.7857142857142856,0.8755656108597284,0.05460200004745275,0.00031109992414712906
45,Heart Disease,4,RandomFuzzyRules__max_rules_len__5,273,30,13,0.8333333333333334,0.8148148148148148,0.8574660633484162,0.054580299998633564,0.00026270002126693726
45,Heart Disease,4,RandomFuzzyRules__max_rules_len__6,273,30,13,0.8333333333333334,0.8148148148148148,0.918552036199095,0.05661790003068745,0.00036149995867162943
45,Heart Disease,4,RandomFuzzyRules__max_rules_len__7,273,30,13,0.7666666666666667,0.7586206896551724,0.8823529411764706,0.06132049998268485,0.0003333999775350094
45,Heart Disease,5,RandomFuzzyRules__max_rules_len__2,273,30,13,0.7,0.7272727272727273,0.8482142857142858,0.05001270002685487,0.0002908000024035573
45,Heart Disease,5,RandomFuzzyRules__max_rules_len__3,273,30,13,0.7,0.7096774193548386,0.8415178571428571,0.05290829995647073,0.00031290005426853895
45,Heart Disease,5,RandomFuzzyRules__max_rules_len__4,273,30,13,0.7333333333333333,0.7647058823529412,0.9129464285714286,0.05293760006316006,0.00030999991577118635
45,Heart Disease,5,RandomFuzzyRules__max_rules_len__5,273,30,13,0.7333333333333333,0.75,0.8125,0.05596530006732792,0.0003079000161960721
45,Heart Disease,5,RandomFuzzyRules__max_rules_len__6,273,30,13,0.7333333333333333,0.7647058823529412,0.8705357142857143,0.058845399995334446,0.00030700000934302807
45,Heart Disease,5,RandomFuzzyRules__max_rules_len__7,273,30,13,0.6666666666666666,0.6875000000000001,0.7477678571428571,0.05460730008780956,0.00023809995036572218
45,Heart Disease,6,RandomFuzzyRules__max_rules_len__2,273,30,13,0.6666666666666666,0.6153846153846153,0.7879464285714286,0.05818750010803342,0.00022950000129640102
45,Heart Disease,6,RandomFuzzyRules__max_rules_len__3,273,30,13,0.7333333333333333,0.6666666666666666,0.78125,0.0540561000816524,0.0002641999162733555
45,Heart Disease,6,RandomFuzzyRules__max_rules_len__4,273,30,13,0.8,0.7692307692307692,0.8995535714285714,0.06853990000672638,0.00031070003751665354
45,Heart Disease,6,RandomFuzzyRules__max_rules_len__5,273,30,13,0.8,0.7692307692307692,0.8191964285714286,0.06948810000903904,0.00031859998125582933
45,Heart Disease,6,RandomFuzzyRules__max_rules_len__6,273,30,13,0.8,0.7692307692307692,0.8415178571428571,0.06240860000252724,0.00027820002287626266
45,Heart Disease,6,RandomFuzzyRules__max_rules_len__7,273,30,13,0.8,0.7857142857142857,0.8727678571428572,0.07346079999115318,0.0003195999888703227
45,Heart Disease,7,RandomFuzzyRules__max_rules_len__2,273,30,13,0.7333333333333333,0.6666666666666666,0.7232142857142857,0.06548039999324828,0.00028090004343539476
45,Heart Disease,7,RandomFuzzyRules__max_rules_len__3,273,30,13,0.7666666666666667,0.7200000000000001,0.9196428571428572,0.06091310002375394,0.0003205999964848161
45,Heart Disease,7,RandomFuzzyRules__max_rules_len__4,273,30,13,0.8666666666666667,0.8666666666666666,0.9464285714285714,0.05496210011187941,0.0003093000268563628
45,Heart Disease,7,RandomFuzzyRules__max_rules_len__5,273,30,13,0.8666666666666667,0.8571428571428571,0.8660714285714286,0.0687436000443995,0.0003200999926775694
45,Heart Disease,7,RandomFuzzyRules__max_rules_len__6,273,30,13,0.8333333333333334,0.8148148148148148,0.8839285714285714,0.0581793999299407,0.000305499997921288
45,Heart Disease,7,RandomFuzzyRules__max_rules_len__7,273,30,13,0.7333333333333333,0.6666666666666666,0.7232142857142857,0.05992830009199679,0.0003112000413239002
45,Heart Disease,8,RandomFuzzyRules__max_rules_len__2,273,30,13,0.6333333333333333,0.6451612903225806,0.6830357142857143,0.051441799965687096,0.0003152999561280012
45,Heart Disease,8,RandomFuzzyRules__max_rules_len__3,273,30,13,0.7,0.689655172413793,0.7678571428571428,0.053969600005075336,0.0002595999976620078
45,Heart Disease,8,RandomFuzzyRules__max_rules_len__4,273,30,13,0.7,0.689655172413793,0.7678571428571429,0.06479710002895445,0.00031070003751665354
45,Heart Disease,8,RandomFuzzyRules__max_rules_len__5,273,30,13,0.8,0.8125000000000001,0.8013392857142858,0.05585170001722872,0.00028119992930442095
45,Heart Disease,8,RandomFuzzyRules__max_rules_len__6,273,30,13,0.7333333333333333,0.7333333333333334,0.8214285714285715,0.05837699992116541,0.00027459999546408653
45,Heart Disease,8,RandomFuzzyRules__max_rules_len__7,273,30,13,0.6,0.5714285714285714,0.5982142857142857,0.06133810000028461,0.0003208999987691641
45,Heart Disease,9,RandomFuzzyRules__max_rules_len__2,273,30,13,0.7333333333333333,0.7142857142857143,0.828125,0.05237619997933507,0.00022270006593316793
45,Heart Disease,9,RandomFuzzyRules__max_rules_len__3,273,30,13,0.7333333333333333,0.7142857142857143,0.875,0.0513169999467209,0.00034680007956922054
45,Heart Disease,9,RandomFuzzyRules__max_rules_len__4,273,30,13,0.7666666666666667,0.7586206896551724,0.7834821428571428,0.05274259997531772,0.000318799982778728
45,Heart Disease,9,RandomFuzzyRules__max_rules_len__5,273,30,13,0.8,0.7999999999999999,0.8705357142857143,0.06437099992763251,0.0003285000566393137
45,Heart Disease,9,RandomFuzzyRules__max_rules_len__6,273,30,13,0.7333333333333333,0.7142857142857143,0.8013392857142857,0.05410860001575202,0.0003301999531686306
45,Heart Disease,9,RandomFuzzyRules__max_rules_len__7,273,30,13,0.7333333333333333,0.7142857142857143,0.8013392857142857,0.06014409998897463,0.0003111000405624509
45,Heart Disease,10,RandomFuzzyRules__max_rules_len__2,273,30,13,0.7333333333333333,0.7142857142857143,0.8236607142857144,0.05234549997840077,0.0003063000040128827
45,Heart Disease,10,RandomFuzzyRules__max_rules_len__3,273,30,13,0.7333333333333333,0.6923076923076924,0.8303571428571429,0.04839449992869049,0.0002266999799758196
45,Heart Disease,10,RandomFuzzyRules__max_rules_len__4,273,30,13,0.7333333333333333,0.6923076923076924,0.7901785714285715,0.053141499985940754,0.00028490007389336824
45,Heart Disease,10,RandomFuzzyRules__max_rules_len__5,273,30,13,0.7666666666666667,0.7407407407407408,0.8080357142857144,0.05532789998687804,0.00034849997609853745
45,Heart Disease,10,RandomFuzzyRules__max_rules_len__6,273,30,13,0.7333333333333333,0.6923076923076924,0.7633928571428572,0.06518500007223338,0.0003336000954732299
45,Heart Disease,10,RandomFuzzyRules__max_rules_len__7,273,30,13,0.7333333333333333,0.7142857142857143,0.7566964285714286,0.06063080008607358,0.0003407999174669385
46,Hepatitis,1,RandomFuzzyRules__max_rules_len__2,139,16,19,1.0,1.0,1.0,0.046757400035858154,0.00031340005807578564
46,Hepatitis,1,RandomFuzzyRules__max_rules_len__3,139,16,19,0.875,0.9285714285714286,0.6923076923076924,0.044741000048816204,0.00030360009986907244
46,Hepatitis,1,RandomFuzzyRules__max_rules_len__4,139,16,19,0.8125,0.896551724137931,0.6923076923076925,0.0498336999444291,0.0002437999937683344
46,Hepatitis,1,RandomFuzzyRules__max_rules_len__5,139,16,19,0.8125,0.896551724137931,0.4102564102564103,0.050805200007744133,0.00032430002465844154
46,Hepatitis,1,RandomFuzzyRules__max_rules_len__6,139,16,19,0.875,0.9285714285714286,1.0,0.052774200099520385,0.00031889998354017735
46,Hepatitis,1,RandomFuzzyRules__max_rules_len__7,139,16,19,0.8125,0.896551724137931,0.4102564102564103,0.052606599987484515,0.0003155999584123492
46,Hepatitis,2,RandomFuzzyRules__max_rules_len__2,139,16,19,0.8125,0.888888888888889,0.47435897435897445,0.044734900002367795,0.0002221000613644719
46,Hepatitis,2,RandomFuzzyRules__max_rules_len__3,139,16,19,0.8125,0.888888888888889,0.8076923076923077,0.049612500006332994,0.00023879995569586754
46,Hepatitis,2,RandomFuzzyRules__max_rules_len__4,139,16,19,0.8125,0.888888888888889,0.9487179487179488,0.05279550002887845,0.00033109996002167463
46,Hepatitis,2,RandomFuzzyRules__max_rules_len__5,139,16,19,0.8125,0.888888888888889,0.7435897435897436,0.04906739993020892,0.00030780001543462276
46,Hepatitis,2,RandomFuzzyRules__max_rules_len__6,139,16,19,0.8125,0.888888888888889,0.7435897435897436,0.0489110000198707,0.00031509995460510254
46,Hepatitis,2,RandomFuzzyRules__max_rules_len__7,139,16,19,0.8125,0.888888888888889,0.9487179487179488,0.05726879998110235,0.00023819995112717152
46,Hepatitis,3,RandomFuzzyRules__max_rules_len__2,139,16,19,0.6875,0.8148148148148148,0.8461538461538461,0.052422799984924495,0.0002188000362366438
46,Hepatitis,3,RandomFuzzyRules__max_rules_len__3,139,16,19,0.875,0.9230769230769231,0.9487179487179488,0.05350209993775934,0.00032700004521757364
46,Hepatitis,3,RandomFuzzyRules__max_rules_len__4,139,16,19,0.875,0.9230769230769231,0.9615384615384616,0.05359140003565699,0.0003133000573143363
46,Hepatitis,3,RandomFuzzyRules__max_rules_len__5,139,16,19,0.6875,0.8148148148148148,0.782051282051282,0.0521138000767678,0.0002128999913111329
46,Hepatitis,3,RandomFuzzyRules__max_rules_len__6,139,16,19,0.75,0.8571428571428571,0.9230769230769231,0.05662359995767474,0.00031429994851350784
46,Hepatitis,3,RandomFuzzyRules__max_rules_len__7,139,16,19,0.875,0.9285714285714286,0.9743589743589745,0.06004070001654327,0.00030940002761781216
46,Hepatitis,4,RandomFuzzyRules__max_rules_len__2,139,16,19,0.8125,0.8799999999999999,0.75,0.04805979994125664,0.0002457000082358718
46,Hepatitis,4,RandomFuzzyRules__max_rules_len__3,139,16,19,0.8125,0.888888888888889,0.75,0.04856639995705336,0.0003109000390395522
46,Hepatitis,4,RandomFuzzyRules__max_rules_len__4,139,16,19,0.75,0.8461538461538461,0.875,0.049481899943202734,0.00021790002938359976
46,Hepatitis,4,RandomFuzzyRules__max_rules_len__5,139,16,19,0.75,0.8461538461538461,0.6875,0.05025620001833886,0.00032629992347210646
46,Hepatitis,4,RandomFuzzyRules__max_rules_len__6,139,16,19,0.6875,0.8148148148148148,0.8645833333333333,0.05733370000962168,0.0003264000406488776
46,Hepatitis,4,RandomFuzzyRules__max_rules_len__7,139,16,19,0.6875,0.8,0.6666666666666667,0.051472000079229474,0.0003013000823557377
46,Hepatitis,5,RandomFuzzyRules__max_rules_len__2,139,16,19,0.8125,0.8695652173913043,0.75,0.0449833000311628,0.0002658999292179942
46,Hepatitis,5,RandomFuzzyRules__max_rules_len__3,139,16,19,0.8125,0.888888888888889,0.75,0.04559360002167523,0.00025969999842345715
46,Hepatitis,5,RandomFuzzyRules__max_rules_len__4,139,16,19,0.8125,0.888888888888889,0.8020833333333333,0.046284600044600666,0.0003342999843880534
46,Hepatitis,5,RandomFuzzyRules__max_rules_len__5,139,16,19,0.8125,0.888888888888889,0.75,0.04889590002130717,0.0003081000177189708
46,Hepatitis,5,RandomFuzzyRules__max_rules_len__6,139,16,19,0.8125,0.888888888888889,0.4479166666666667,0.04996670002583414,0.00029909994918853045
46,Hepatitis,5,RandomFuzzyRules__max_rules_len__7,139,16,19,0.8125,0.888888888888889,0.8020833333333333,0.051985900034196675,0.00027860002592206
46,Hepatitis,6,RandomFuzzyRules__max_rules_len__2,140,15,19,0.8666666666666667,0.923076923076923,0.9444444444444445,0.04546779999509454,0.00030049995984882116
46,Hepatitis,6,RandomFuzzyRules__max_rules_len__3,140,15,19,0.8,0.888888888888889,0.6111111111111112,0.04576779995113611,0.0002949000336229801
46,Hepatitis,6,RandomFuzzyRules__max_rules_len__4,140,15,19,0.8,0.8799999999999999,0.7916666666666667,0.04602290003094822,0.0002839999506250024
46,Hepatitis,6,RandomFuzzyRules__max_rules_len__5,140,15,19,0.8,0.888888888888889,0.5555555555555556,0.04882020002696663,0.00023760006297379732
46,Hepatitis,6,RandomFuzzyRules__max_rules_len__6,140,15,19,0.6666666666666666,0.8,0.5000000000000001,0.05041389993857592,0.0003344999859109521
46,Hepatitis,6,RandomFuzzyRules__max_rules_len__7,140,15,19,0.7333333333333333,0.8333333333333334,0.6666666666666667,0.05171999998856336,0.0003237000200897455
46,Hepatitis,7,RandomFuzzyRules__max_rules_len__2,140,15,19,0.8,0.8799999999999999,0.9166666666666666,0.04640590003691614,0.0003074000123888254
46,Hepatitis,7,RandomFuzzyRules__max_rules_len__3,140,15,19,0.8666666666666667,0.923076923076923,0.638888888888889,0.0456216000020504,0.0002810999285429716
46,Hepatitis,7,RandomFuzzyRules__max_rules_len__4,140,15,19,0.8666666666666667,0.923076923076923,0.5,0.04653599997982383,0.00029340002220124006
46,Hepatitis,7,RandomFuzzyRules__max_rules_len__5,140,15,19,0.8,0.8799999999999999,0.9166666666666666,0.048823799937963486,0.00030910002533346415
46,Hepatitis,7,RandomFuzzyRules__max_rules_len__6,140,15,19,0.7333333333333333,0.8461538461538461,0.8055555555555556,0.05156259995419532,0.00027219997718930244
46,Hepatitis,7,RandomFuzzyRules__max_rules_len__7,140,15,19,0.8666666666666667,0.923076923076923,0.8888888888888888,0.05184470000676811,0.00033009995240718126
46,Hepatitis,8,RandomFuzzyRules__max_rules_len__2,140,15,19,0.8,0.8799999999999999,0.7222222222222222,0.046370299998670816,0.0002981000579893589
46,Hepatitis,8,RandomFuzzyRules__max_rules_len__3,140,15,19,0.8,0.8799999999999999,0.9166666666666666,0.050914500025101006,0.0003212000010535121
46,Hepatitis,8,RandomFuzzyRules__max_rules_len__4,140,15,19,0.8,0.8799999999999999,0.6527777777777778,0.04644099995493889,0.0003037999849766493
46,Hepatitis,8,RandomFuzzyRules__max_rules_len__5,140,15,19,0.8,0.8799999999999999,0.8333333333333334,0.04851069999858737,0.00035770004615187645
46,Hepatitis,8,RandomFuzzyRules__max_rules_len__6,140,15,19,0.8,0.8799999999999999,0.8333333333333334,0.05048259999603033,0.00031749997287988663
46,Hepatitis,8,RandomFuzzyRules__max_rules_len__7,140,15,19,0.7333333333333333,0.8461538461538461,0.9166666666666666,0.05251829989720136,0.0003442000597715378
46,Hepatitis,9,RandomFuzzyRules__max_rules_len__2,140,15,19,0.7333333333333333,0.8181818181818182,0.638888888888889,0.04542909993324429,0.0002843000693246722
46,Hepatitis,9,RandomFuzzyRules__max_rules_len__3,140,15,19,0.7333333333333333,0.8333333333333334,0.7222222222222223,0.042081199935637414,0.0004409999819472432
46,Hepatitis,9,RandomFuzzyRules__max_rules_len__4,140,15,19,0.7333333333333333,0.8333333333333334,0.7777777777777779,0.046132200048305094,0.00025480007752776146
46,Hepatitis,9,RandomFuzzyRules__max_rules_len__5,140,15,19,0.7333333333333333,0.8333333333333334,0.4722222222222223,0.049536700011231005,0.000314100063405931
46,Hepatitis,9,RandomFuzzyRules__max_rules_len__6,140,15,19,0.7333333333333333,0.8333333333333334,0.4444444444444445,0.0484324999852106,0.000278000021353364
46,Hepatitis,9,RandomFuzzyRules__max_rules_len__7,140,15,19,0.8,0.8799999999999999,0.7222222222222222,0.05151649995241314,0.000301100080832839
46,Hepatitis,10,RandomFuzzyRules__max_rules_len__2,140,15,19,0.7333333333333333,0.8333333333333334,0.8611111111111112,0.045579400029964745,0.00028279994148761034
46,Hepatitis,10,RandomFuzzyRules__max_rules_len__3,140,15,19,0.8,0.8799999999999999,0.6805555555555556,0.04955029999837279,0.00029689993243664503
46,Hepatitis,10,RandomFuzzyRules__max_rules_len__4,140,15,19,0.8,0.8799999999999999,0.6944444444444444,0.05007819994352758,0.0006241999799385667
46,Hepatitis,10,RandomFuzzyRules__max_rules_len__5,140,15,19,0.7333333333333333,0.8461538461538461,0.7916666666666667,0.04969839996192604,0.00034110003616660833
46,Hepatitis,10,RandomFuzzyRules__max_rules_len__6,140,15,19,0.7333333333333333,0.8461538461538461,0.9166666666666666,0.050004999968223274,0.0002938000252470374
46,Hepatitis,10,RandomFuzzyRules__max_rules_len__7,140,15,19,0.8,0.8799999999999999,0.6944444444444444,0.04937590006738901,0.0002313000150024891
52,Ionosphere,1,RandomFuzzyRules__max_rules_len__2,315,36,34,0.8055555555555556,0.8679245283018869,0.6521739130434783,0.05107570008840412,0.00022579997312277555
52,Ionosphere,1,RandomFuzzyRules__max_rules_len__3,315,36,34,0.9166666666666666,0.9387755102040816,0.8494983277591973,0.05717560008633882,0.00024039996787905693
52,Ionosphere,1,RandomFuzzyRules__max_rules_len__4,315,36,34,0.8333333333333334,0.8846153846153846,0.5869565217391304,0.05517669999971986,0.0002906000008806586
52,Ionosphere,1,RandomFuzzyRules__max_rules_len__5,315,36,34,0.8333333333333334,0.8800000000000001,0.8327759197324415,0.08084549999330193,0.0002471000188961625
52,Ionosphere,1,RandomFuzzyRules__max_rules_len__6,315,36,34,0.8888888888888888,0.92,0.7391304347826086,0.0666145000141114,0.00023850006982684135
52,Ionosphere,1,RandomFuzzyRules__max_rules_len__7,315,36,34,0.8333333333333334,0.8846153846153846,0.6153846153846153,0.06619259994477034,0.00033629999961704016
52,Ionosphere,2,RandomFuzzyRules__max_rules_len__2,316,35,34,0.7428571428571429,0.8301886792452831,0.7934782608695652,0.05348110001068562,0.0002956000389531255
52,Ionosphere,2,RandomFuzzyRules__max_rules_len__3,316,35,34,0.9142857142857143,0.9361702127659574,0.9184782608695652,0.07112069998402148,0.000341000035405159
52,Ionosphere,2,RandomFuzzyRules__max_rules_len__4,316,35,34,0.8285714285714286,0.8695652173913043,0.9420289855072463,0.056261599995195866,0.00029939995147287846
52,Ionosphere,2,RandomFuzzyRules__max_rules_len__5,316,35,34,0.8,0.8627450980392156,0.7681159420289855,0.060229700058698654,0.0003249999135732651
52,Ionosphere,2,RandomFuzzyRules__max_rules_len__6,316,35,34,0.9142857142857143,0.9361702127659574,0.9202898550724637,0.06951300008222461,0.0003155999584123492
52,Ionosphere,2,RandomFuzzyRules__max_rules_len__7,316,35,34,0.8285714285714286,0.8695652173913043,0.9420289855072463,0.06271899992134422,0.0003301000688225031
52,Ionosphere,3,RandomFuzzyRules__max_rules_len__2,316,35,34,0.7714285714285715,0.8461538461538461,0.6413043478260869,0.04976279998663813,0.00028819998260587454
52,Ionosphere,3,RandomFuzzyRules__max_rules_len__3,316,35,34,0.7714285714285715,0.8461538461538461,0.7644927536231884,0.0556489999871701,0.0003013999667018652
52,Ionosphere,3,RandomFuzzyRules__max_rules_len__4,316,35,34,0.7714285714285715,0.8461538461538461,0.6413043478260869,0.05598249996546656,0.0002883999841287732
52,Ionosphere,3,RandomFuzzyRules__max_rules_len__5,316,35,34,0.7428571428571429,0.8235294117647057,0.6105072463768115,0.058562599937431514,0.0003303999546915293
52,Ionosphere,3,RandomFuzzyRules__max_rules_len__6,316,35,34,0.8571428571428571,0.8979591836734695,0.7971014492753623,0.06108980008866638,0.0003100999165326357
52,Ionosphere,3,RandomFuzzyRules__max_rules_len__7,316,35,34,0.7714285714285715,0.8461538461538461,0.5579710144927537,0.063099299906753,0.000313500058837235
52,Ionosphere,4,RandomFuzzyRules__max_rules_len__2,316,35,34,0.8285714285714286,0.8800000000000001,0.6992753623188406,0.062380600022152066,0.00036609999369829893
52,Ionosphere,4,RandomFuzzyRules__max_rules_len__3,316,35,34,0.9142857142857143,0.9387755102040816,0.8822463768115942,0.055365400039590895,0.0003008999628946185
52,Ionosphere,4,RandomFuzzyRules__max_rules_len__4,316,35,34,0.8,0.8571428571428572,0.7282608695652174,0.0575797000201419,0.00031560007482767105
52,Ionosphere,4,RandomFuzzyRules__max_rules_len__5,316,35,34,0.7714285714285715,0.8518518518518519,0.8043478260869565,0.06068560003768653,0.0003215000033378601
52,Ionosphere,4,RandomFuzzyRules__max_rules_len__6,316,35,34,0.8857142857142857,0.92,0.7789855072463768,0.06250979995820671,0.0003114000428467989
52,Ionosphere,4,RandomFuzzyRules__max_rules_len__7,316,35,34,0.8571428571428571,0.8936170212765957,0.818840579710145,0.06480119994375855,0.00032760004978626966
52,Ionosphere,5,RandomFuzzyRules__max_rules_len__2,316,35,34,0.8,0.8571428571428572,0.75,0.05358950002118945,0.00022379995789378881
52,Ionosphere,5,RandomFuzzyRules__max_rules_len__3,316,35,34,0.8285714285714286,0.8800000000000001,0.8731884057971014,0.06815879989881068,0.00023090001195669174
52,Ionosphere,5,RandomFuzzyRules__max_rules_len__4,316,35,34,0.7714285714285715,0.8461538461538461,0.605072463768116,0.05805520003195852,0.00031669996678829193
52,Ionosphere,5,RandomFuzzyRules__max_rules_len__5,316,35,34,0.8,0.8571428571428572,0.661231884057971,0.05995580006856471,0.0003066000062972307
52,Ionosphere,5,RandomFuzzyRules__max_rules_len__6,316,35,34,0.8571428571428571,0.8936170212765957,0.8623188405797102,0.06154730007983744,0.0003296000650152564
52,Ionosphere,5,RandomFuzzyRules__max_rules_len__7,316,35,34,0.7714285714285715,0.8461538461538461,0.605072463768116,0.06438039999920875,0.00032839993946254253
52,Ionosphere,6,RandomFuzzyRules__max_rules_len__2,316,35,34,0.7714285714285715,0.846153846153846,0.7167832167832167,0.05483969999477267,0.00031459995079785585
52,Ionosphere,6,RandomFuzzyRules__max_rules_len__3,316,35,34,0.8285714285714286,0.88,0.7272727272727273,0.06721310003194958,0.0003269999288022518
52,Ionosphere,6,RandomFuzzyRules__max_rules_len__4,316,35,34,0.8,0.8627450980392156,0.6958041958041957,0.057285399991087615,0.000332699972204864
52,Ionosphere,6,RandomFuzzyRules__max_rules_len__5,316,35,34,0.8,0.8627450980392156,0.6153846153846154,0.05664359999354929,0.0003364000003784895
52,Ionosphere,6,RandomFuzzyRules__max_rules_len__6,316,35,34,0.9142857142857143,0.9361702127659575,0.9020979020979021,0.061855100095272064,0.00032599992118775845
52,Ionosphere,6,RandomFuzzyRules__max_rules_len__7,316,35,34,0.8,0.8627450980392156,0.6153846153846154,0.06399349996354431,0.00034030003007501364
52,Ionosphere,7,RandomFuzzyRules__max_rules_len__2,316,35,34,0.7142857142857143,0.7916666666666666,0.5664335664335665,0.053571299999020994,0.00027909991331398487
52,Ionosphere,7,RandomFuzzyRules__max_rules_len__3,316,35,34,0.8285714285714286,0.88,0.7307692307692307,0.06909550004638731,0.0003197999903932214
52,Ionosphere,7,RandomFuzzyRules__max_rules_len__4,316,35,34,0.7142857142857143,0.7727272727272727,0.7517482517482518,0.07192739995662123,0.0002397999633103609
52,Ionosphere,7,RandomFuzzyRules__max_rules_len__5,316,35,34,0.7428571428571429,0.8163265306122449,0.5979020979020979,0.07203310006298125,0.00032489991281181574
52,Ionosphere,7,RandomFuzzyRules__max_rules_len__6,316,35,34,0.8857142857142857,0.9166666666666666,0.8374125874125874,0.07658909994643182,0.00025180005468428135
52,Ionosphere,7,RandomFuzzyRules__max_rules_len__7,316,35,34,0.7142857142857143,0.7727272727272727,0.7517482517482518,0.05876070004887879,0.00023579993285238743
52,Ionosphere,8,RandomFuzzyRules__max_rules_len__2,316,35,34,0.9428571428571428,0.9565217391304348,0.8986013986013986,0.07010320003610104,0.00027379998937249184
52,Ionosphere,8,RandomFuzzyRules__max_rules_len__3,316,35,34,0.9428571428571428,0.9565217391304348,0.8951048951048951,0.07547470007557422,0.0003228000132367015
52,Ionosphere,8,RandomFuzzyRules__max_rules_len__4,316,35,34,0.8857142857142857,0.9166666666666666,0.7132867132867133,0.050893999985419214,0.0002221000613644719
52,Ionosphere,8,RandomFuzzyRules__max_rules_len__5,316,35,34,0.9428571428571428,0.9565217391304348,0.8951048951048951,0.05346970004029572,0.00021630001720041037
52,Ionosphere,8,RandomFuzzyRules__max_rules_len__6,316,35,34,0.9428571428571428,0.9565217391304348,0.8986013986013986,0.05830969999078661,0.00021490000654011965
52,Ionosphere,8,RandomFuzzyRules__max_rules_len__7,316,35,34,0.8857142857142857,0.9166666666666666,0.7132867132867133,0.08184590004384518,0.00022559997159987688
52,Ionosphere,9,RandomFuzzyRules__max_rules_len__2,316,35,34,0.7142857142857143,0.8,0.5087412587412588,0.05855860002338886,0.0002975000534206629
52,Ionosphere,9,RandomFuzzyRules__max_rules_len__3,316,35,34,0.7428571428571429,0.8163265306122449,0.6958041958041958,0.05537770001683384,0.00029550003819167614
52,Ionosphere,9,RandomFuzzyRules__max_rules_len__4,316,35,34,0.7142857142857143,0.7826086956521738,0.7255244755244755,0.05757049995008856,0.00031610007863491774
52,Ionosphere,9,RandomFuzzyRules__max_rules_len__5,316,35,34,0.7142857142857143,0.8,0.5,0.060725799994543195,0.00023910007439553738
52,Ionosphere,9,RandomFuzzyRules__max_rules_len__6,316,35,34,0.8285714285714286,0.8695652173913043,0.7517482517482518,0.062410300015471876,0.00024670001585036516
52,Ionosphere,9,RandomFuzzyRules__max_rules_len__7,316,35,34,0.7142857142857143,0.7826086956521738,0.7255244755244755,0.06346620002295822,0.00031269993633031845
52,Ionosphere,10,RandomFuzzyRules__max_rules_len__2,316,35,34,0.8571428571428571,0.8936170212765958,0.7937062937062938,0.07137700007297099,0.000309599912725389
52,Ionosphere,10,RandomFuzzyRules__max_rules_len__3,316,35,34,0.8857142857142857,0.9130434782608695,0.8496503496503497,0.05453980003949255,0.0003264000406488776
52,Ionosphere,10,RandomFuzzyRules__max_rules_len__4,316,35,34,0.8285714285714286,0.8695652173913043,0.8076923076923077,0.05670580000150949,0.00032460002694278955
52,Ionosphere,10,RandomFuzzyRules__max_rules_len__5,316,35,34,0.8285714285714286,0.875,0.8041958041958042,0.06038849998731166,0.0002762000076472759
52,Ionosphere,10,RandomFuzzyRules__max_rules_len__6,316,35,34,0.8571428571428571,0.8936170212765958,0.8024475524475525,0.05983630008995533,0.0002753998851403594
52,Ionosphere,10,RandomFuzzyRules__max_rules_len__7,316,35,34,0.8285714285714286,0.8695652173913043,0.8076923076923077,0.06406300002709031,0.0003093000268563628
74,Musk (Version 1),1,RandomFuzzyRules__max_rules_len__2,428,48,168,0.6458333333333334,0.5405405405405405,0.5802469135802469,0.055126699968241155,0.00033169996459037066
74,Musk (Version 1),1,RandomFuzzyRules__max_rules_len__3,428,48,168,0.7291666666666666,0.6486486486486486,0.6763668430335097,0.05416179995518178,0.00028000003658235073
74,Musk (Version 1),1,RandomFuzzyRules__max_rules_len__4,428,48,168,0.7291666666666666,0.6486486486486486,0.6763668430335097,0.06270839995704591,0.00040389993228018284
74,Musk (Version 1),1,RandomFuzzyRules__max_rules_len__5,428,48,168,0.7291666666666666,0.6486486486486486,0.6798941798941799,0.07794690004084259,0.0005228000227361917
74,Musk (Version 1),1,RandomFuzzyRules__max_rules_len__6,428,48,168,0.6458333333333334,0.5405405405405405,0.5802469135802469,0.067389199975878,0.00042010005563497543
74,Musk (Version 1),1,RandomFuzzyRules__max_rules_len__7,428,48,168,0.7291666666666666,0.6486486486486486,0.6763668430335097,0.07364959991537035,0.0004133000038564205
74,Musk (Version 1),2,RandomFuzzyRules__max_rules_len__2,428,48,168,0.6041666666666666,0.4864864864864864,0.6393298059964727,0.054789000074379146,0.0003295999485999346
74,Musk (Version 1),2,RandomFuzzyRules__max_rules_len__3,428,48,168,0.6458333333333334,0.5405405405405405,0.6825396825396826,0.05810440005734563,0.00042749999556690454
74,Musk (Version 1),2,RandomFuzzyRules__max_rules_len__4,428,48,168,0.6458333333333334,0.5405405405405405,0.6825396825396826,0.054811300011351705,0.0002834999468177557
74,Musk (Version 1),2,RandomFuzzyRules__max_rules_len__5,428,48,168,0.6458333333333334,0.5405405405405405,0.6825396825396826,0.06411719997413456,0.0003809999907389283
74,Musk (Version 1),2,RandomFuzzyRules__max_rules_len__6,428,48,168,0.6875,0.5454545454545454,0.6675485008818343,0.08286780002526939,0.00027249997947365046
74,Musk (Version 1),2,RandomFuzzyRules__max_rules_len__7,428,48,168,0.6458333333333334,0.5405405405405405,0.6825396825396826,0.06993280001915991,0.0003971999976783991
74,Musk (Version 1),3,RandomFuzzyRules__max_rules_len__2,428,48,168,0.7708333333333334,0.7027027027027026,0.7601410934744268,0.055313799995929,0.00033050007186830044
74,Musk (Version 1),3,RandomFuzzyRules__max_rules_len__3,428,48,168,0.7916666666666666,0.7222222222222222,0.8298059964726631,0.05581159994471818,0.00037150003481656313
74,Musk (Version 1),3,RandomFuzzyRules__max_rules_len__4,428,48,168,0.7916666666666666,0.7222222222222222,0.8298059964726631,0.05952809995505959,0.0005460999673232436
74,Musk (Version 1),3,RandomFuzzyRules__max_rules_len__5,428,48,168,0.7916666666666666,0.7222222222222222,0.8298059964726631,0.06182619999162853,0.00039499998092651367
74,Musk (Version 1),3,RandomFuzzyRules__max_rules_len__6,428,48,168,0.75,0.6666666666666666,0.763668430335097,0.06787379994057119,0.00038730003871023655
74,Musk (Version 1),3,RandomFuzzyRules__max_rules_len__7,428,48,168,0.7916666666666666,0.7222222222222222,0.8298059964726631,0.07212919997982681,0.00041069998405873775
74,Musk (Version 1),4,RandomFuzzyRules__max_rules_len__2,428,48,168,0.6041666666666666,0.4864864864864864,0.654320987654321,0.055826200055889785,0.00037699996028095484
74,Musk (Version 1),4,RandomFuzzyRules__max_rules_len__3,428,48,168,0.6458333333333334,0.5405405405405405,0.5864197530864198,0.05646089999936521,0.00039549998473376036
74,Musk (Version 1),4,RandomFuzzyRules__max_rules_len__4,428,48,168,0.6458333333333334,0.5405405405405405,0.5864197530864198,0.05932040000334382,0.00040229992009699345
74,Musk (Version 1),4,RandomFuzzyRules__max_rules_len__5,428,48,168,0.6458333333333334,0.5405405405405405,0.5864197530864198,0.06425389996729791,0.00038600002881139517
74,Musk (Version 1),4,RandomFuzzyRules__max_rules_len__6,428,48,168,0.6041666666666666,0.4864864864864864,0.654320987654321,0.06697420007549226,0.0003899000585079193
74,Musk (Version 1),4,RandomFuzzyRules__max_rules_len__7,428,48,168,0.6458333333333334,0.5405405405405405,0.5864197530864198,0.07179049996193498,0.00039009994361549616
74,Musk (Version 1),5,RandomFuzzyRules__max_rules_len__2,428,48,168,0.6041666666666666,0.4864864864864864,0.591710758377425,0.05943180003669113,0.000380899989977479
74,Musk (Version 1),5,RandomFuzzyRules__max_rules_len__3,428,48,168,0.6875,0.5454545454545454,0.7169312169312169,0.057061800034716725,0.0003907999489456415
74,Musk (Version 1),5,RandomFuzzyRules__max_rules_len__4,428,48,168,0.6875,0.5454545454545454,0.7169312169312169,0.059494299930520356,0.00041750003583729267
74,Musk (Version 1),5,RandomFuzzyRules__max_rules_len__5,428,48,168,0.6875,0.5454545454545454,0.7169312169312169,0.07483389996923506,0.000390400062315166
74,Musk (Version 1),5,RandomFuzzyRules__max_rules_len__6,428,48,168,0.6041666666666666,0.4864864864864864,0.591710758377425,0.06870369997341186,0.00035610003396868706
74,Musk (Version 1),5,RandomFuzzyRules__max_rules_len__7,428,48,168,0.6875,0.5454545454545454,0.7169312169312169,0.07313520007301122,0.00039950001519173384
74,Musk (Version 1),6,RandomFuzzyRules__max_rules_len__2,428,48,168,0.6666666666666666,0.6,0.5855379188712523,0.05533540004398674,0.00039900001138448715
74,Musk (Version 1),6,RandomFuzzyRules__max_rules_len__3,428,48,168,0.6458333333333334,0.5853658536585366,0.6455026455026456,0.05432779993861914,0.00029280001763254404
74,Musk (Version 1),6,RandomFuzzyRules__max_rules_len__4,428,48,168,0.6458333333333334,0.5853658536585366,0.6455026455026456,0.058798600104637444,0.0003850000211969018
74,Musk (Version 1),6,RandomFuzzyRules__max_rules_len__5,428,48,168,0.6458333333333334,0.5853658536585366,0.6455026455026456,0.06341550010256469,0.0003847000189125538
74,Musk (Version 1),6,RandomFuzzyRules__max_rules_len__6,428,48,168,0.6666666666666666,0.6,0.6005291005291006,0.06787919998168945,0.00037649995647370815
74,Musk (Version 1),6,RandomFuzzyRules__max_rules_len__7,428,48,168,0.6458333333333334,0.5853658536585366,0.6455026455026456,0.07220440008677542,0.0003717000363394618
74,Musk (Version 1),7,RandomFuzzyRules__max_rules_len__2,429,47,168,0.7021276595744681,0.6315789473684211,0.6904761904761905,0.0558589999563992,0.00036369997542351484
74,Musk (Version 1),7,RandomFuzzyRules__max_rules_len__3,429,47,168,0.723404255319149,0.6829268292682926,0.7893772893772895,0.057040000101551414,0.0004023000365123153
74,Musk (Version 1),7,RandomFuzzyRules__max_rules_len__4,429,47,168,0.723404255319149,0.6829268292682926,0.7893772893772895,0.06475889997091144,0.00040819996502250433
74,Musk (Version 1),7,RandomFuzzyRules__max_rules_len__5,429,47,168,0.723404255319149,0.6829268292682926,0.7893772893772895,0.06484530004672706,0.0003906999481841922
74,Musk (Version 1),7,RandomFuzzyRules__max_rules_len__6,429,47,168,0.7446808510638298,0.7,0.7060439560439561,0.06888939999043941,0.0003893000539392233
74,Musk (Version 1),7,RandomFuzzyRules__max_rules_len__7,429,47,168,0.723404255319149,0.6829268292682926,0.7893772893772895,0.07217079994734377,0.0003850000211969018
74,Musk (Version 1),8,RandomFuzzyRules__max_rules_len__2,429,47,168,0.7872340425531915,0.75,0.7981481481481482,0.05421820003539324,0.00035509990993887186
74,Musk (Version 1),8,RandomFuzzyRules__max_rules_len__3,429,47,168,0.8085106382978723,0.7804878048780488,0.8583333333333334,0.05781209992710501,0.00039219995960593224
74,Musk (Version 1),8,RandomFuzzyRules__max_rules_len__4,429,47,168,0.8085106382978723,0.7804878048780488,0.8583333333333334,0.059972899965941906,0.0004104999825358391
74,Musk (Version 1),8,RandomFuzzyRules__max_rules_len__5,429,47,168,0.8085106382978723,0.7804878048780488,0.8583333333333334,0.06431269994936883,0.00039109995122998953
74,Musk (Version 1),8,RandomFuzzyRules__max_rules_len__6,429,47,168,0.7872340425531915,0.75,0.8018518518518519,0.08534750004764646,0.0003972999984398484
74,Musk (Version 1),8,RandomFuzzyRules__max_rules_len__7,429,47,168,0.8085106382978723,0.7804878048780488,0.8583333333333334,0.07067519996780902,0.00033549999352544546
74,Musk (Version 1),9,RandomFuzzyRules__max_rules_len__2,429,47,168,0.6808510638297872,0.5945945945945946,0.6740740740740742,0.05448020005133003,0.0003757999511435628
74,Musk (Version 1),9,RandomFuzzyRules__max_rules_len__3,429,47,168,0.7446808510638298,0.6842105263157895,0.7296296296296295,0.058706299983896315,0.00038730003871023655
74,Musk (Version 1),9,RandomFuzzyRules__max_rules_len__4,429,47,168,0.7446808510638298,0.6470588235294117,0.7999999999999999,0.06110239995177835,0.0003942999755963683
74,Musk (Version 1),9,RandomFuzzyRules__max_rules_len__5,429,47,168,0.7446808510638298,0.6842105263157895,0.7222222222222222,0.06307599996216595,0.0004293000092729926
74,Musk (Version 1),9,RandomFuzzyRules__max_rules_len__6,429,47,168,0.6808510638297872,0.5945945945945946,0.6740740740740742,0.08767979999538511,0.00041420001070946455
74,Musk (Version 1),9,RandomFuzzyRules__max_rules_len__7,429,47,168,0.7446808510638298,0.6842105263157895,0.7222222222222222,0.07494790002238005,0.00033920002169907093
74,Musk (Version 1),10,RandomFuzzyRules__max_rules_len__2,429,47,168,0.6170212765957447,0.4375,0.5416666666666667,0.051806500065140426,0.0003648999845609069
74,Musk (Version 1),10,RandomFuzzyRules__max_rules_len__3,429,47,168,0.6595744680851063,0.5294117647058824,0.6074074074074074,0.07526690000668168,0.0003375000087544322
74,Musk (Version 1),10,RandomFuzzyRules__max_rules_len__4,429,47,168,0.6595744680851063,0.5294117647058824,0.6074074074074074,0.05719590000808239,0.0003519000019878149
74,Musk (Version 1),10,RandomFuzzyRules__max_rules_len__5,429,47,168,0.6595744680851063,0.5294117647058824,0.6277777777777779,0.057109200046397746,0.0002614000113680959
74,Musk (Version 1),10,RandomFuzzyRules__max_rules_len__6,429,47,168,0.6170212765957447,0.4375,0.5425925925925926,0.08446939999703318,0.00033329997677356005
74,Musk (Version 1),10,RandomFuzzyRules__max_rules_len__7,429,47,168,0.6595744680851063,0.5294117647058824,0.6074074074074074,0.08777580002788454,0.0002885999856516719
75,Musk (Version 2),1,RandomFuzzyRules__max_rules_len__2,5938,660,166,0.8484848484848485,0.1935483870967742,0.6831558788389909,0.47133149998262525,0.0005021999822929502
75,Musk (Version 2),1,RandomFuzzyRules__max_rules_len__3,5938,660,166,0.85,0.12389380530973454,0.5752161079485557,0.4480296999681741,0.0005073000211268663
75,Musk (Version 2),1,RandomFuzzyRules__max_rules_len__4,5938,660,166,0.8515151515151516,0.07547169811320754,0.6706286457235223,0.5158967000897974,0.0006587998941540718
75,Musk (Version 2),1,RandomFuzzyRules__max_rules_len__5,5938,660,166,0.8409090909090909,0.1732283464566929,0.6733080328905756,0.4976419999729842,0.0006125000072643161
75,Musk (Version 2),1,RandomFuzzyRules__max_rules_len__6,5938,660,166,0.8378787878787879,0.13008130081300812,0.6538583175205566,0.5343092998955399,0.0006966000655665994
75,Musk (Version 2),1,RandomFuzzyRules__max_rules_len__7,5938,660,166,0.8651515151515151,0.31007751937984496,0.6751967812214492,0.5770816000876948,0.0006615000311285257
75,Musk (Version 2),2,RandomFuzzyRules__max_rules_len__2,5938,660,166,0.8469696969696969,0.01941747572815534,0.6215475437486823,0.4321588999591768,0.0006677000783383846
75,Musk (Version 2),2,RandomFuzzyRules__max_rules_len__3,5938,660,166,0.8545454545454545,0.15789473684210525,0.5921884882985453,0.4496916000498459,0.0006951999384909868
75,Musk (Version 2),2,RandomFuzzyRules__max_rules_len__4,5938,660,166,0.8484848484848485,0.038461538461538464,0.6335740389345703,0.48957140010315925,0.0005406000418588519
75,Musk (Version 2),2,RandomFuzzyRules__max_rules_len__5,5938,660,166,0.8515151515151516,0.07547169811320754,0.6042413381123058,0.5225962999975309,0.0007829999085515738
75,Musk (Version 2),2,RandomFuzzyRules__max_rules_len__6,5938,660,166,0.8484848484848485,0.21875,0.7061986084756482,0.5446310000261292,0.000613899901509285
75,Musk (Version 2),2,RandomFuzzyRules__max_rules_len__7,5938,660,166,0.8515151515151516,0.27941176470588236,0.653225806451613,0.5301946999970824,0.00046309991739690304
75,Musk (Version 2),3,RandomFuzzyRules__max_rules_len__2,5938,660,166,0.853030303030303,0.11009174311926605,0.5319769484854874,0.4223408999387175,0.0006260999944061041
75,Musk (Version 2),3,RandomFuzzyRules__max_rules_len__3,5938,660,166,0.853030303030303,0.18487394957983194,0.5894827465036194,0.5477353999158368,0.000493300030939281
75,Musk (Version 2),3,RandomFuzzyRules__max_rules_len__4,5938,660,166,0.8515151515151516,0.07547169811320754,0.6836741865204864,0.4560177999082953,0.00048070005141198635
75,Musk (Version 2),3,RandomFuzzyRules__max_rules_len__5,5938,660,166,0.8621212121212121,0.3259259259259259,0.7201841310000703,0.4831207999959588,0.0004752000095322728
75,Musk (Version 2),3,RandomFuzzyRules__max_rules_len__6,5938,660,166,0.8621212121212121,0.3157894736842105,0.6982395108581068,0.6579333000117913,0.0006181999342516065
75,Musk (Version 2),3,RandomFuzzyRules__max_rules_len__7,5938,660,166,0.8742424242424243,0.4028776978417266,0.6953492866680722,0.5265220000874251,0.0006435000104829669
75,Musk (Version 2),4,RandomFuzzyRules__max_rules_len__2,5938,660,166,0.85,0.09174311926605504,0.518272541991707,0.4920736000640318,0.0006773999193683267
75,Musk (Version 2),4,RandomFuzzyRules__max_rules_len__3,5938,660,166,0.8621212121212121,0.2222222222222222,0.572273174502776,0.4433025000616908,0.0006193999433889985
75,Musk (Version 2),4,RandomFuzzyRules__max_rules_len__4,5938,660,166,0.8469696969696969,0.03809523809523809,0.6612288284489423,0.47025530005339533,0.0006384999724105
75,Musk (Version 2),4,RandomFuzzyRules__max_rules_len__5,5938,660,166,0.8545454545454545,0.2,0.6271522946096002,0.5127464999677613,0.0007422000635415316
75,Musk (Version 2),4,RandomFuzzyRules__max_rules_len__6,5938,660,166,0.85,0.1951219512195122,0.6504673554009417,0.5318946000188589,0.0006994999712333083
75,Musk (Version 2),4,RandomFuzzyRules__max_rules_len__7,5938,660,166,0.8621212121212121,0.3259259259259259,0.6821192634759997,0.5563209000974894,0.0009194999001920223
75,Musk (Version 2),5,RandomFuzzyRules__max_rules_len__2,5938,660,166,0.8560606060606061,0.15929203539823011,0.5167439735750932,0.45982240000739694,0.0004888999974355102
75,Musk (Version 2),5,RandomFuzzyRules__max_rules_len__3,5938,660,166,0.8515151515151516,0.12500000000000003,0.5516550706304026,0.49267629999667406,0.0005937999812886119
75,Musk (Version 2),5,RandomFuzzyRules__max_rules_len__4,5938,660,166,0.85,0.05714285714285715,0.661782275634268,0.4968980000121519,0.0006536999717354774
75,Musk (Version 2),5,RandomFuzzyRules__max_rules_len__5,5938,660,166,0.853030303030303,0.18487394957983194,0.5823494272260875,0.510584200033918,0.000763299991376698
75,Musk (Version 2),5,RandomFuzzyRules__max_rules_len__6,5938,660,166,0.8590909090909091,0.27906976744186046,0.6983800688734275,0.5302330000558868,0.0007155999774113297
75,Musk (Version 2),5,RandomFuzzyRules__max_rules_len__7,5938,660,166,0.8651515151515151,0.3945578231292517,0.6946201419635954,0.5817334000021219,0.0005845000268891454
75,Musk (Version 2),6,RandomFuzzyRules__max_rules_len__2,5938,660,166,0.843939393939394,0.037383177570093455,0.4999297209923396,0.42860430001746863,0.0006158000323921442
75,Musk (Version 2),6,RandomFuzzyRules__max_rules_len__3,5938,660,166,0.8575757575757575,0.18965517241379312,0.5363869562161783,0.4551052999449894,0.0006969999521970749
75,Musk (Version 2),6,RandomFuzzyRules__max_rules_len__4,5938,660,166,0.8484848484848485,0.038461538461538464,0.7445709466582331,0.48192030005156994,0.0004547999706119299
75,Musk (Version 2),6,RandomFuzzyRules__max_rules_len__5,5938,660,166,0.8515151515151516,0.15517241379310345,0.589921990301497,0.5268652000231668,0.0006112001137807965
75,Musk (Version 2),6,RandomFuzzyRules__max_rules_len__6,5938,660,166,0.843939393939394,0.20155038759689922,0.6168212804835196,0.5799821000546217,0.0006073999684303999
75,Musk (Version 2),6,RandomFuzzyRules__max_rules_len__7,5938,660,166,0.8681818181818182,0.3916083916083916,0.7027285824724154,0.6017946000210941,0.0004635000368580222
75,Musk (Version 2),7,RandomFuzzyRules__max_rules_len__2,5938,660,166,0.8560606060606061,0.18803418803418806,0.5759803921568628,0.4726425000699237,0.0004146998981013894
75,Musk (Version 2),7,RandomFuzzyRules__max_rules_len__3,5938,660,166,0.8545454545454545,0.1724137931034483,0.6077552884953266,0.44227140001021326,0.0005423999391496181
75,Musk (Version 2),7,RandomFuzzyRules__max_rules_len__4,5938,660,166,0.8575757575757575,0.14545454545454545,0.6688101764003093,0.6059518000110984,0.0005354000022634864
75,Musk (Version 2),7,RandomFuzzyRules__max_rules_len__5,5938,660,166,0.85,0.2978723404255319,0.7126642771804061,0.6425446000648662,0.0006964999483898282
75,Musk (Version 2),7,RandomFuzzyRules__max_rules_len__6,5938,660,166,0.8469696969696969,0.2518518518518519,0.6966230936819171,0.5476065999828279,0.0007140999659895897
75,Musk (Version 2),7,RandomFuzzyRules__max_rules_len__7,5938,660,166,0.8651515151515151,0.3308270676691729,0.6846141682479444,0.5229253000579774,0.0004832999547943473
75,Musk (Version 2),8,RandomFuzzyRules__max_rules_len__2,5938,660,166,0.85,0.09174311926605504,0.5093607750757186,0.4458808000199497,0.0006191999418660998
75,Musk (Version 2),8,RandomFuzzyRules__max_rules_len__3,5938,660,166,0.8575757575757575,0.1896551724137931,0.5813599249012558,0.46985290001612157,0.0007054000161588192
75,Musk (Version 2),8,RandomFuzzyRules__max_rules_len__4,5938,660,166,0.853030303030303,0.07619047619047618,0.7140934129191094,0.5006543999770656,0.0006491000531241298
75,Musk (Version 2),8,RandomFuzzyRules__max_rules_len__5,5938,660,166,0.8560606060606061,0.14414414414414414,0.5622132875183762,0.5112029999727383,0.0007783999899402261
75,Musk (Version 2),8,RandomFuzzyRules__max_rules_len__6,5938,660,166,0.8469696969696969,0.2170542635658915,0.7305478311695213,0.5510256999405101,0.0006560999900102615
75,Musk (Version 2),8,RandomFuzzyRules__max_rules_len__7,5938,660,166,0.8712121212121212,0.3971631205673759,0.6812642802741813,0.6023637999314815,0.0005380000220611691
75,Musk (Version 2),9,RandomFuzzyRules__max_rules_len__2,5939,659,166,0.8528072837632777,0.14159292035398233,0.526269562440115,0.43827779998537153,0.0006120000034570694
75,Musk (Version 2),9,RandomFuzzyRules__max_rules_len__3,5939,659,166,0.8619119878603946,0.22222222222222224,0.5636821746690798,0.4518873000051826,0.000695900060236454
75,Musk (Version 2),9,RandomFuzzyRules__max_rules_len__4,5939,659,166,0.8603945371775418,0.1636363636363636,0.6523386209588701,0.522017499897629,0.0006266999989748001
75,Musk (Version 2),9,RandomFuzzyRules__max_rules_len__5,5939,659,166,0.858877086494689,0.1769911504424779,0.6139501046878881,0.5475690000457689,0.0006060999585315585
75,Musk (Version 2),9,RandomFuzzyRules__max_rules_len__6,5939,659,166,0.8619119878603946,0.272,0.6881542993008978,0.5503199000377208,0.0007213999051600695
75,Musk (Version 2),9,RandomFuzzyRules__max_rules_len__7,5939,659,166,0.866464339908953,0.3333333333333333,0.7063061144824159,0.5590385000687093,0.00045329995919018984
75,Musk (Version 2),10,RandomFuzzyRules__max_rules_len__2,5939,659,166,0.8482549317147192,0.10714285714285712,0.5015348309024451,0.43062530003953725,0.0006051999516785145
75,Musk (Version 2),10,RandomFuzzyRules__max_rules_len__3,5939,659,166,0.8573596358118362,0.16071428571428573,0.5568508463749602,0.4480308999773115,0.000736700021661818
75,Musk (Version 2),10,RandomFuzzyRules__max_rules_len__4,5939,659,166,0.8512898330804249,0.05769230769230769,0.6557099258312927,0.5174982999451458,0.0006377000827342272
75,Musk (Version 2),10,RandomFuzzyRules__max_rules_len__5,5939,659,166,0.8528072837632777,0.14159292035398233,0.5863763795734411,0.5193676999770105,0.0007463999791070819
75,Musk (Version 2),10,RandomFuzzyRules__max_rules_len__6,5939,659,166,0.8649468892261002,0.28800000000000003,0.682582774406473,0.5617950999876484,0.0006316000362858176
75,Musk (Version 2),10,RandomFuzzyRules__max_rules_len__7,5939,659,166,0.8710166919575114,0.35114503816793896,0.7056495972177863,0.5576634999597445,0.0006876999977976084
94,Spambase,1,RandomFuzzyRules__max_rules_len__2,4140,461,57,0.6377440347071583,0.2085308056872038,0.7713379810154004,0.22654780000448227,0.00043640006333589554
94,Spambase,1,RandomFuzzyRules__max_rules_len__3,4140,461,57,0.631236442516269,0.1904761904761905,0.7732679506873057,0.2081461000489071,0.00046469992958009243
94,Spambase,1,RandomFuzzyRules__max_rules_len__4,4140,461,57,0.648590021691974,0.3017241379310345,0.739010989010989,0.22107660002075136,0.0004488000413402915
94,Spambase,1,RandomFuzzyRules__max_rules_len__5,4140,461,57,0.6225596529284165,0.08421052631578947,0.8336287368545433,0.26306749996729195,0.00045430008322000504
94,Spambase,1,RandomFuzzyRules__max_rules_len__6,4140,461,57,0.6247288503253796,0.14778325123152708,0.7751782267911301,0.25152280007023364,0.0004363999469205737
94,Spambase,1,RandomFuzzyRules__max_rules_len__7,4140,461,57,0.6203904555314533,0.11167512690355329,0.590551026034897,0.25412479997612536,0.00048729998525232077
94,Spambase,2,RandomFuzzyRules__max_rules_len__2,4141,460,57,0.6326086956521739,0.1990521327014218,0.7436062139299549,0.19636329996865243,0.0004221999552100897
94,Spambase,2,RandomFuzzyRules__max_rules_len__3,4141,460,57,0.6434782608695652,0.2477064220183486,0.7506324610641159,0.2010859000729397,0.00042479997500777245
94,Spambase,2,RandomFuzzyRules__max_rules_len__4,4141,460,57,0.6217391304347826,0.2300884955752212,0.7011226183888055,0.2214557999977842,0.00042860000394284725
94,Spambase,2,RandomFuzzyRules__max_rules_len__5,4141,460,57,0.6086956521739131,0.052631578947368425,0.7986599731204047,0.24078320001717657,0.00045629998203366995
94,Spambase,2,RandomFuzzyRules__max_rules_len__6,4141,460,57,0.6282608695652174,0.17391304347826086,0.7539133528342162,0.2545222999760881,0.00046389992348849773
94,Spambase,2,RandomFuzzyRules__max_rules_len__7,4141,460,57,0.6086956521739131,0.02173913043478261,0.6543699106648746,0.24531130003742874,0.0003700999077409506
94,Spambase,3,RandomFuzzyRules__max_rules_len__2,4141,460,57,0.6239130434782608,0.09424083769633507,0.8189876670092499,0.19964030000846833,0.0003293999470770359
94,Spambase,3,RandomFuzzyRules__max_rules_len__3,4141,460,57,0.6347826086956522,0.2222222222222222,0.8077021898964346,0.22507699998095632,0.00035829993430525064
94,Spambase,3,RandomFuzzyRules__max_rules_len__4,4141,460,57,0.6130434782608696,0.23275862068965517,0.7630049806308798,0.21763510000891984,0.0003274999326094985
94,Spambase,3,RandomFuzzyRules__max_rules_len__5,4141,460,57,0.6173913043478261,0.1020408163265306,0.7573424776662186,0.2581503998953849,0.00042810000013560057
94,Spambase,3,RandomFuzzyRules__max_rules_len__6,4141,460,57,0.6326086956521739,0.1990521327014218,0.8110522570954226,0.24931410001590848,0.00046229991130530834
94,Spambase,3,RandomFuzzyRules__max_rules_len__7,4141,460,57,0.6130434782608696,0.043010752688172046,0.6785417819590482,0.2502776999026537,0.0004322000313550234
94,Spambase,4,RandomFuzzyRules__max_rules_len__2,4141,460,57,0.6391304347826087,0.2019230769230769,0.7628368878591656,0.19771780003793538,0.000435299938544631
94,Spambase,4,RandomFuzzyRules__max_rules_len__3,4141,460,57,0.6304347826086957,0.1904761904761905,0.7751935681894692,0.2190211999695748,0.00028680008836090565
94,Spambase,4,RandomFuzzyRules__max_rules_len__4,4141,460,57,0.6434782608695652,0.3223140495867769,0.7469751876274778,0.22517119999974966,0.00045659998431801796
94,Spambase,4,RandomFuzzyRules__max_rules_len__5,4141,460,57,0.6239130434782608,0.10362694300518134,0.8295906849640586,0.23891219997312874,0.00044189998880028725
94,Spambase,4,RandomFuzzyRules__max_rules_len__6,4141,460,57,0.6326086956521739,0.15920398009950248,0.7769955840709717,0.24507599999196827,0.00043729995377361774
94,Spambase,4,RandomFuzzyRules__max_rules_len__7,4141,460,57,0.6195652173913043,0.07407407407407407,0.6968751856472405,0.25505330006126314,0.00043050001841038465
94,Spambase,5,RandomFuzzyRules__max_rules_len__2,4141,460,57,0.6239130434782608,0.1642512077294686,0.7731440226539139,0.19795950001571327,0.00042830000165849924
94,Spambase,5,RandomFuzzyRules__max_rules_len__3,4141,460,57,0.65,0.27149321266968324,0.7781342204796133,0.20359279995318502,0.00043860008008778095
94,Spambase,5,RandomFuzzyRules__max_rules_len__4,4141,460,57,0.6304347826086957,0.2272727272727273,0.7373017287471038,0.22523290000390261,0.0004398999735713005
94,Spambase,5,RandomFuzzyRules__max_rules_len__5,4141,460,57,0.6152173913043478,0.053475935828877004,0.7884512564605239,0.24460820003878325,0.0004656999371945858
94,Spambase,5,RandomFuzzyRules__max_rules_len__6,4141,460,57,0.6217391304347826,0.14705882352941177,0.7808768490465157,0.24132129992358387,0.0004591000033542514
94,Spambase,5,RandomFuzzyRules__max_rules_len__7,4141,460,57,0.6239130434782608,0.08465608465608467,0.7846293986019525,0.2587364000501111,0.000499499961733818
94,Spambase,6,RandomFuzzyRules__max_rules_len__2,4141,460,57,0.6217391304347826,0.12121212121212122,0.786708647695994,0.2072187999729067,0.00044059997890144587
94,Spambase,6,RandomFuzzyRules__max_rules_len__3,4141,460,57,0.6326086956521739,0.19138755980861244,0.7864017109249688,0.2042088001035154,0.0004333000397309661
94,Spambase,6,RandomFuzzyRules__max_rules_len__4,4141,460,57,0.6239130434782608,0.26382978723404255,0.7209548703934732,0.22959420003462583,0.0004216000670567155
94,Spambase,6,RandomFuzzyRules__max_rules_len__5,4141,460,57,0.6217391304347826,0.09375,0.8147389057209053,0.24384340003598481,0.00045629998203366995
94,Spambase,6,RandomFuzzyRules__max_rules_len__6,4141,460,57,0.6217391304347826,0.11224489795918367,0.789322560842789,0.24845710000954568,0.0004602000117301941
94,Spambase,6,RandomFuzzyRules__max_rules_len__7,4141,460,57,0.6195652173913043,0.07407407407407407,0.723261846769243,0.29569769999943674,0.00046230002772063017
94,Spambase,7,RandomFuzzyRules__max_rules_len__2,4141,460,57,0.6086956521739131,0.0909090909090909,0.7631834293748391,0.19360830006189644,0.0004301000153645873
94,Spambase,7,RandomFuzzyRules__max_rules_len__3,4141,460,57,0.6282608695652174,0.16585365853658535,0.7727875799520783,0.2613577999873087,0.00032220000866800547
94,Spambase,7,RandomFuzzyRules__max_rules_len__4,4141,460,57,0.6326086956521739,0.2869198312236287,0.7242519653854532,0.24005660007242113,0.00040149991400539875
94,Spambase,7,RandomFuzzyRules__max_rules_len__5,4141,460,57,0.6130434782608696,0.043010752688172046,0.7088259173448979,0.29608010000083596,0.0003400000277906656
94,Spambase,7,RandomFuzzyRules__max_rules_len__6,4141,460,57,0.6086956521739131,0.08163265306122448,0.7747480148121745,0.3024571998976171,0.0003992000129073858
94,Spambase,7,RandomFuzzyRules__max_rules_len__7,4141,460,57,0.6173913043478261,0.06382978723404255,0.6712212123012335,0.3204599000746384,0.00042180006857961416
94,Spambase,8,RandomFuzzyRules__max_rules_len__2,4141,460,57,0.6239130434782608,0.14778325123152708,0.8042733519475632,0.20319369994103909,0.0004366000648587942
94,Spambase,8,RandomFuzzyRules__max_rules_len__3,4141,460,57,0.6369565217391304,0.215962441314554,0.814600289114636,0.1990995000815019,0.00041550002060830593
94,Spambase,8,RandomFuzzyRules__max_rules_len__4,4141,460,57,0.6195652173913043,0.1116751269035533,0.8084714548802947,0.23279689997434616,0.0004254999803379178
94,Spambase,8,RandomFuzzyRules__max_rules_len__5,4141,460,57,0.6108695652173913,0.0529100529100529,0.8376799540584963,0.2372345000039786,0.0004798000445589423
94,Spambase,8,RandomFuzzyRules__max_rules_len__6,4141,460,57,0.6195652173913043,0.1206030150753769,0.817224103447593,0.24212359997909516,0.0004539000801742077
94,Spambase,8,RandomFuzzyRules__max_rules_len__7,4141,460,57,0.6195652173913043,0.06417112299465241,0.7016178538188874,0.2559511000290513,0.00043999997433274984
94,Spambase,9,RandomFuzzyRules__max_rules_len__2,4141,460,57,0.6304347826086957,0.1584158415841584,0.7437374997524704,0.19100829993840307,0.0003816999960690737
94,Spambase,9,RandomFuzzyRules__max_rules_len__3,4141,460,57,0.6717391304347826,0.4124513618677043,0.7535495752391137,0.2069033000152558,0.0004238999681547284
94,Spambase,9,RandomFuzzyRules__max_rules_len__4,4141,460,57,0.6717391304347826,0.4124513618677043,0.7535495752391137,0.23682970006484538,0.0004510999424383044
94,Spambase,9,RandomFuzzyRules__max_rules_len__5,4141,460,57,0.6152173913043478,0.09230769230769231,0.7339551278243135,0.24499389994889498,0.0004453000146895647
94,Spambase,9,RandomFuzzyRules__max_rules_len__6,4141,460,57,0.6260869565217392,0.1313131313131313,0.750678231252104,0.2524928000057116,0.00045489997137337923
94,Spambase,9,RandomFuzzyRules__max_rules_len__7,4141,460,57,0.6108695652173913,0.02185792349726776,0.6843699875245055,0.26326320006046444,0.00042619998566806316
94,Spambase,10,RandomFuzzyRules__max_rules_len__2,4141,460,57,0.6326086956521739,0.175609756097561,0.7733915523079665,0.1929801000514999,0.0004164999118074775
94,Spambase,10,RandomFuzzyRules__max_rules_len__3,4141,460,57,0.6347826086956522,0.19999999999999998,0.7760648725717341,0.2008790000109002,0.00043539993930608034
94,Spambase,10,RandomFuzzyRules__max_rules_len__4,4141,460,57,0.6304347826086957,0.23423423423423423,0.7610051684191765,0.22406219993717968,0.0004485000390559435
94,Spambase,10,RandomFuzzyRules__max_rules_len__5,4141,460,57,0.6130434782608696,0.043010752688172046,0.6227153012930948,0.23904650006443262,0.0004357000580057502
94,Spambase,10,RandomFuzzyRules__max_rules_len__6,4141,460,57,0.6239130434782608,0.13930348258706465,0.7804510980415453,0.25779840000905097,0.00041880004573613405
94,Spambase,10,RandomFuzzyRules__max_rules_len__7,4141,460,57,0.6195652173913043,0.06417112299465241,0.7179944157310045,0.2534254000056535,0.00032760004978626966
95,SPECT Heart,1,RandomFuzzyRules__max_rules_len__2,240,27,22,0.6666666666666666,0.7804878048780488,0.7136363636363636,0.05020119994878769,0.0003139000618830323
95,SPECT Heart,1,RandomFuzzyRules__max_rules_len__3,240,27,22,0.6296296296296297,0.7499999999999999,0.6227272727272727,0.051902799983508885,0.00032210000790655613
95,SPECT Heart,1,RandomFuzzyRules__max_rules_len__4,240,27,22,0.6296296296296297,0.7368421052631579,0.6863636363636363,0.05210620001889765,0.00031779997516423464
95,SPECT Heart,1,RandomFuzzyRules__max_rules_len__5,240,27,22,0.7777777777777778,0.8571428571428572,0.7590909090909091,0.04885739996097982,0.0002576999831944704
95,SPECT Heart,1,RandomFuzzyRules__max_rules_len__6,240,27,22,0.6666666666666666,0.7692307692307693,0.7,0.049810700002126396,0.00022869999520480633
95,SPECT Heart,1,RandomFuzzyRules__max_rules_len__7,240,27,22,0.7037037037037037,0.7999999999999999,0.6909090909090909,0.05526349996216595,0.0003264000406488776
95,SPECT Heart,2,RandomFuzzyRules__max_rules_len__2,240,27,22,0.8148148148148148,0.8837209302325582,0.7363636363636363,0.051197599968872964,0.00023699994198977947
95,SPECT Heart,2,RandomFuzzyRules__max_rules_len__3,240,27,22,0.7777777777777778,0.85,0.8272727272727273,0.05470959993544966,0.0003264000406488776
95,SPECT Heart,2,RandomFuzzyRules__max_rules_len__4,240,27,22,0.7777777777777778,0.8571428571428572,0.781818181818182,0.05054830003064126,0.00032489991281181574
95,SPECT Heart,2,RandomFuzzyRules__max_rules_len__5,240,27,22,0.8888888888888888,0.9333333333333332,0.8227272727272726,0.052031699917279184,0.00029340002220124006
95,SPECT Heart,2,RandomFuzzyRules__max_rules_len__6,240,27,22,0.8148148148148148,0.8979591836734693,0.42272727272727273,0.05504190002102405,0.0002807000419124961
95,SPECT Heart,2,RandomFuzzyRules__max_rules_len__7,240,27,22,0.8148148148148148,0.8837209302325582,0.7863636363636364,0.055214300053194165,0.00031849998049438
95,SPECT Heart,3,RandomFuzzyRules__max_rules_len__2,240,27,22,0.7777777777777778,0.8636363636363636,0.7063492063492063,0.04881269996985793,0.00029969995375722647
95,SPECT Heart,3,RandomFuzzyRules__max_rules_len__3,240,27,22,0.7407407407407407,0.8444444444444444,0.7301587301587302,0.048413599957711995,0.000317899975925684
95,SPECT Heart,3,RandomFuzzyRules__max_rules_len__4,240,27,22,0.7777777777777778,0.8636363636363636,0.7023809523809523,0.049467199947685,0.0002867999719455838
95,SPECT Heart,3,RandomFuzzyRules__max_rules_len__5,240,27,22,0.7777777777777778,0.8695652173913043,0.7023809523809523,0.05231589998584241,0.0003053999971598387
95,SPECT Heart,3,RandomFuzzyRules__max_rules_len__6,240,27,22,0.7407407407407407,0.8292682926829269,0.6547619047619048,0.051236400031484663,0.0002356999320909381
95,SPECT Heart,3,RandomFuzzyRules__max_rules_len__7,240,27,22,0.8148148148148148,0.8837209302325582,0.8293650793650793,0.047994099906645715,0.00023770006373524666
95,SPECT Heart,4,RandomFuzzyRules__max_rules_len__2,240,27,22,0.8518518518518519,0.9047619047619048,0.888888888888889,0.047760399989783764,0.00025729998014867306
95,SPECT Heart,4,RandomFuzzyRules__max_rules_len__3,240,27,22,0.7037037037037037,0.8260869565217391,0.7658730158730159,0.04870879999361932,0.00031949998810887337
95,SPECT Heart,4,RandomFuzzyRules__max_rules_len__4,240,27,22,0.8518518518518519,0.9130434782608696,0.8531746031746031,0.050616900087334216,0.00030419998802244663
95,SPECT Heart,4,RandomFuzzyRules__max_rules_len__5,240,27,22,0.8888888888888888,0.9333333333333333,0.8849206349206349,0.053024400025606155,0.0003485999768599868
95,SPECT Heart,4,RandomFuzzyRules__max_rules_len__6,240,27,22,0.8148148148148148,0.888888888888889,0.6746031746031746,0.05151839996688068,0.00023740006145089865
95,SPECT Heart,4,RandomFuzzyRules__max_rules_len__7,240,27,22,0.9259259259259259,0.9523809523809523,0.9484126984126984,0.054801999940536916,0.0003063000040128827
95,SPECT Heart,5,RandomFuzzyRules__max_rules_len__2,240,27,22,0.8148148148148148,0.8780487804878048,0.8214285714285716,0.06112919992301613,0.00029990007169544697
95,SPECT Heart,5,RandomFuzzyRules__max_rules_len__3,240,27,22,0.6666666666666666,0.7567567567567567,0.7023809523809523,0.060622300021350384,0.0003274999326094985
95,SPECT Heart,5,RandomFuzzyRules__max_rules_len__4,240,27,22,0.7777777777777778,0.8500000000000001,0.6984126984126985,0.05115069996099919,0.0003021000884473324
95,SPECT Heart,5,RandomFuzzyRules__max_rules_len__5,240,27,22,0.8148148148148148,0.8780487804878048,0.7619047619047621,0.052719400031492114,0.0003038999857380986
95,SPECT Heart,5,RandomFuzzyRules__max_rules_len__6,240,27,22,0.7037037037037037,0.7894736842105262,0.6587301587301588,0.05187990004196763,0.0003197999903932214
95,SPECT Heart,5,RandomFuzzyRules__max_rules_len__7,240,27,22,0.8518518518518519,0.9,0.8452380952380952,0.05436189996544272,0.0003071000101044774
95,SPECT Heart,6,RandomFuzzyRules__max_rules_len__2,240,27,22,0.7037037037037037,0.8095238095238095,0.7142857142857143,0.048734000069089234,0.00026929995510727167
95,SPECT Heart,6,RandomFuzzyRules__max_rules_len__3,240,27,22,0.6296296296296297,0.7500000000000001,0.5674603174603174,0.04761759995017201,0.0003212000010535121
95,SPECT Heart,6,RandomFuzzyRules__max_rules_len__4,240,27,22,0.7037037037037037,0.8,0.7023809523809523,0.05098039994481951,0.0003322999691590667
95,SPECT Heart,6,RandomFuzzyRules__max_rules_len__5,240,27,22,0.7777777777777778,0.8571428571428571,0.7698412698412698,0.054899899987503886,0.00032840005587786436
95,SPECT Heart,6,RandomFuzzyRules__max_rules_len__6,240,27,22,0.6666666666666666,0.7692307692307692,0.5912698412698414,0.05027530004736036,0.0002394999610260129
95,SPECT Heart,6,RandomFuzzyRules__max_rules_len__7,240,27,22,0.7037037037037037,0.8095238095238095,0.6984126984126985,0.05411999998614192,0.0003087000222876668
95,SPECT Heart,7,RandomFuzzyRules__max_rules_len__2,240,27,22,0.8148148148148148,0.8837209302325582,0.7182539682539683,0.04909270000644028,0.0002941000275313854
95,SPECT Heart,7,RandomFuzzyRules__max_rules_len__3,240,27,22,0.7407407407407407,0.8292682926829269,0.753968253968254,0.045979600050486624,0.00022249994799494743
95,SPECT Heart,7,RandomFuzzyRules__max_rules_len__4,240,27,22,0.8148148148148148,0.8780487804878048,0.8055555555555557,0.04625080002006143,0.00021189998369663954
95,SPECT Heart,7,RandomFuzzyRules__max_rules_len__5,240,27,22,0.7777777777777778,0.8571428571428571,0.8333333333333334,0.04860239999834448,0.00027980003505945206
95,SPECT Heart,7,RandomFuzzyRules__max_rules_len__6,240,27,22,0.8148148148148148,0.8717948717948718,0.8134920634920635,0.05232239991892129,0.0002831000601872802
95,SPECT Heart,7,RandomFuzzyRules__max_rules_len__7,240,27,22,0.8148148148148148,0.8837209302325582,0.8214285714285714,0.05410539999138564,0.00033109996002167463
95,SPECT Heart,8,RandomFuzzyRules__max_rules_len__2,241,26,22,0.7307692307692307,0.8372093023255814,0.6761904761904762,0.04318559996318072,0.00020949996542185545
95,SPECT Heart,8,RandomFuzzyRules__max_rules_len__3,241,26,22,0.7307692307692307,0.8372093023255814,0.6857142857142857,0.04703329992480576,0.00022570008877664804
95,SPECT Heart,8,RandomFuzzyRules__max_rules_len__4,241,26,22,0.8076923076923077,0.8837209302325582,0.6952380952380952,0.06153529998846352,0.00031919998582452536
95,SPECT Heart,8,RandomFuzzyRules__max_rules_len__5,241,26,22,0.8076923076923077,0.8837209302325582,0.7428571428571428,0.06001929997000843,0.00023520004469901323
95,SPECT Heart,8,RandomFuzzyRules__max_rules_len__6,241,26,22,0.7692307692307693,0.8500000000000001,0.7238095238095238,0.05771179997827858,0.00021500000730156898
95,SPECT Heart,8,RandomFuzzyRules__max_rules_len__7,241,26,22,0.9230769230769231,0.9523809523809523,0.9285714285714286,0.05532399995718151,0.00033569999504834414
95,SPECT Heart,9,RandomFuzzyRules__max_rules_len__2,241,26,22,0.9230769230769231,0.9545454545454545,0.9428571428571428,0.0566296000033617,0.00028950010892003775
95,SPECT Heart,9,RandomFuzzyRules__max_rules_len__3,241,26,22,0.7692307692307693,0.8500000000000001,0.838095238095238,0.05002040008548647,0.0003087000222876668
95,SPECT Heart,9,RandomFuzzyRules__max_rules_len__4,241,26,22,0.8846153846153846,0.9333333333333333,0.9285714285714286,0.05057030008174479,0.0003035000991076231
95,SPECT Heart,9,RandomFuzzyRules__max_rules_len__5,241,26,22,0.9230769230769231,0.9545454545454545,0.9333333333333333,0.04988279996905476,0.0003192999865859747
95,SPECT Heart,9,RandomFuzzyRules__max_rules_len__6,241,26,22,0.8461538461538461,0.909090909090909,0.8761904761904762,0.06360039999708533,0.0003361999988555908
95,SPECT Heart,9,RandomFuzzyRules__max_rules_len__7,241,26,22,0.9230769230769231,0.9545454545454545,0.8619047619047618,0.054514599964022636,0.00031599996145814657
95,SPECT Heart,10,RandomFuzzyRules__max_rules_len__2,241,26,22,0.8461538461538461,0.9,0.8666666666666667,0.04801350005436689,0.0002924000145867467
95,SPECT Heart,10,RandomFuzzyRules__max_rules_len__3,241,26,22,0.7692307692307693,0.8500000000000001,0.819047619047619,0.050659800064750016,0.0003231000155210495
95,SPECT Heart,10,RandomFuzzyRules__max_rules_len__4,241,26,22,0.7692307692307693,0.8500000000000001,0.7999999999999999,0.05030660005286336,0.00032949994783848524
95,SPECT Heart,10,RandomFuzzyRules__max_rules_len__5,241,26,22,0.8846153846153846,0.9302325581395349,0.8999999999999999,0.05149170011281967,0.0002655000425875187
95,SPECT Heart,10,RandomFuzzyRules__max_rules_len__6,241,26,22,0.6538461538461539,0.7692307692307692,0.6714285714285715,0.05372289998922497,0.00033219996839761734
95,SPECT Heart,10,RandomFuzzyRules__max_rules_len__7,241,26,22,0.8461538461538461,0.9,0.8666666666666667,0.055361100006848574,0.00031430006492882967
105,Congressional Voting Records,1,RandomFuzzyRules__max_rules_len__2,391,44,16,0.9545454545454546,0.9444444444444444,0.962962962962963,0.06068139988929033,0.0003063000040128827
105,Congressional Voting Records,1,RandomFuzzyRules__max_rules_len__3,391,44,16,0.9545454545454546,0.9444444444444444,0.962962962962963,0.05620310001540929,0.00033329997677356005
105,Congressional Voting Records,1,RandomFuzzyRules__max_rules_len__4,391,44,16,0.9545454545454546,0.9444444444444444,0.9793028322440087,0.05613539996556938,0.00034449994564056396
105,Congressional Voting Records,1,RandomFuzzyRules__max_rules_len__5,391,44,16,0.9545454545454546,0.9444444444444444,0.962962962962963,0.06682710000313818,0.00032739993184804916
105,Congressional Voting Records,1,RandomFuzzyRules__max_rules_len__6,391,44,16,0.9545454545454546,0.9444444444444444,0.962962962962963,0.06312070006970316,0.0003370000049471855
105,Congressional Voting Records,1,RandomFuzzyRules__max_rules_len__7,391,44,16,0.9545454545454546,0.9444444444444444,0.962962962962963,0.06345260003581643,0.00023410003632307053
105,Congressional Voting Records,2,RandomFuzzyRules__max_rules_len__2,391,44,16,0.9772727272727273,0.9714285714285714,0.9814814814814815,0.054132900084368885,0.0003125999355688691
105,Congressional Voting Records,2,RandomFuzzyRules__max_rules_len__3,391,44,16,0.9772727272727273,0.9714285714285714,0.9814814814814815,0.053934500087052584,0.000295399921014905
105,Congressional Voting Records,2,RandomFuzzyRules__max_rules_len__4,391,44,16,0.9772727272727273,0.9714285714285714,0.9989106753812637,0.05443389993160963,0.00030970002990216017
105,Congressional Voting Records,2,RandomFuzzyRules__max_rules_len__5,391,44,16,0.9772727272727273,0.9714285714285714,0.9814814814814815,0.05811280000489205,0.0003261999227106571
105,Congressional Voting Records,2,RandomFuzzyRules__max_rules_len__6,391,44,16,0.9772727272727273,0.9714285714285714,0.9814814814814815,0.05951119994278997,0.0003151999553665519
105,Congressional Voting Records,2,RandomFuzzyRules__max_rules_len__7,391,44,16,0.9772727272727273,0.9714285714285714,0.9814814814814815,0.059929999988526106,0.0003328999737277627
105,Congressional Voting Records,3,RandomFuzzyRules__max_rules_len__2,391,44,16,0.9772727272727273,0.9696969696969697,0.9705882352941176,0.05399330006912351,0.0003008999628946185
105,Congressional Voting Records,3,RandomFuzzyRules__max_rules_len__3,391,44,16,0.9772727272727273,0.9696969696969697,0.9705882352941176,0.06450990005396307,0.00027719989884644747
105,Congressional Voting Records,3,RandomFuzzyRules__max_rules_len__4,391,44,16,0.9772727272727273,0.9696969696969697,0.9705882352941176,0.055117800016887486,0.00031399994622915983
105,Congressional Voting Records,3,RandomFuzzyRules__max_rules_len__5,391,44,16,0.9772727272727273,0.9696969696969697,0.9705882352941176,0.05717410007491708,0.00032709992956370115
105,Congressional Voting Records,3,RandomFuzzyRules__max_rules_len__6,391,44,16,0.9772727272727273,0.9696969696969697,0.9705882352941176,0.05842420004773885,0.00031590007711201906
105,Congressional Voting Records,3,RandomFuzzyRules__max_rules_len__7,391,44,16,0.9772727272727273,0.9696969696969697,0.9705882352941176,0.0751903000054881,0.0003223000094294548
105,Congressional Voting Records,4,RandomFuzzyRules__max_rules_len__2,391,44,16,0.9318181818181818,0.9142857142857143,0.9335511982570807,0.0729666999541223,0.00031299993861466646
105,Congressional Voting Records,4,RandomFuzzyRules__max_rules_len__3,391,44,16,0.9318181818181818,0.9142857142857143,0.9335511982570807,0.05418269999790937,0.0003378000110387802
105,Congressional Voting Records,4,RandomFuzzyRules__max_rules_len__4,391,44,16,0.9318181818181818,0.9142857142857143,0.9335511982570807,0.055264499969780445,0.0002867000875994563
105,Congressional Voting Records,4,RandomFuzzyRules__max_rules_len__5,391,44,16,0.9318181818181818,0.9142857142857143,0.9335511982570807,0.05521299992688,0.00032270001247525215
105,Congressional Voting Records,4,RandomFuzzyRules__max_rules_len__6,391,44,16,0.9318181818181818,0.9142857142857143,0.9335511982570807,0.05870409996714443,0.0003256000345572829
105,Congressional Voting Records,4,RandomFuzzyRules__max_rules_len__7,391,44,16,0.9318181818181818,0.9142857142857143,0.9335511982570807,0.060445599956437945,0.0003380000125616789
105,Congressional Voting Records,5,RandomFuzzyRules__max_rules_len__2,391,44,16,0.9318181818181818,0.9189189189189189,0.9444444444444444,0.05425929999910295,0.0002788000274449587
105,Congressional Voting Records,5,RandomFuzzyRules__max_rules_len__3,391,44,16,0.9318181818181818,0.9189189189189189,0.9444444444444444,0.052603699965402484,0.00022369995713233948
105,Congressional Voting Records,5,RandomFuzzyRules__max_rules_len__4,391,44,16,0.9318181818181818,0.9189189189189189,0.9379084967320261,0.06499270000495017,0.0003208999987691641
105,Congressional Voting Records,5,RandomFuzzyRules__max_rules_len__5,391,44,16,0.9318181818181818,0.9189189189189189,0.9444444444444444,0.05682249995879829,0.0002973000518977642
105,Congressional Voting Records,5,RandomFuzzyRules__max_rules_len__6,391,44,16,0.9318181818181818,0.9189189189189189,0.9444444444444444,0.059291500016115606,0.000322899897582829
105,Congressional Voting Records,5,RandomFuzzyRules__max_rules_len__7,391,44,16,0.9318181818181818,0.9189189189189189,0.9444444444444444,0.06024479994084686,0.00028309994377195835
105,Congressional Voting Records,6,RandomFuzzyRules__max_rules_len__2,392,43,16,0.9302325581395349,0.9189189189189189,0.9423076923076923,0.05433169996831566,0.00022990000434219837
105,Congressional Voting Records,6,RandomFuzzyRules__max_rules_len__3,392,43,16,0.9302325581395349,0.9189189189189189,0.9423076923076923,0.05318789999000728,0.0003160999622195959
105,Congressional Voting Records,6,RandomFuzzyRules__max_rules_len__4,392,43,16,0.9302325581395349,0.9189189189189189,0.9513574660633484,0.05560660001356155,0.0003250000299885869
105,Congressional Voting Records,6,RandomFuzzyRules__max_rules_len__5,392,43,16,0.9302325581395349,0.9189189189189189,0.9423076923076923,0.05878760002087802,0.0003056999994441867
105,Congressional Voting Records,6,RandomFuzzyRules__max_rules_len__6,392,43,16,0.9302325581395349,0.9189189189189189,0.9423076923076923,0.05487840005662292,0.0003163999645039439
105,Congressional Voting Records,6,RandomFuzzyRules__max_rules_len__7,392,43,16,0.9302325581395349,0.9189189189189189,0.9423076923076923,0.05884479999076575,0.00030910002533346415
105,Congressional Voting Records,7,RandomFuzzyRules__max_rules_len__2,392,43,16,1.0,1.0,1.0,0.05361180007457733,0.00025260006077587605
105,Congressional Voting Records,7,RandomFuzzyRules__max_rules_len__3,392,43,16,1.0,1.0,1.0,0.05196340009570122,0.000305800000205636
105,Congressional Voting Records,7,RandomFuzzyRules__max_rules_len__4,392,43,16,1.0,1.0,1.0,0.05487249989528209,0.00030060007702559233
105,Congressional Voting Records,7,RandomFuzzyRules__max_rules_len__5,392,43,16,1.0,1.0,1.0,0.05313370004296303,0.00024209998082369566
105,Congressional Voting Records,7,RandomFuzzyRules__max_rules_len__6,392,43,16,1.0,1.0,1.0,0.05530360003467649,0.0003189999843016267
105,Congressional Voting Records,7,RandomFuzzyRules__max_rules_len__7,392,43,16,1.0,1.0,1.0,0.05861720000393689,0.00033409998286515474
105,Congressional Voting Records,8,RandomFuzzyRules__max_rules_len__2,392,43,16,1.0,1.0,1.0,0.053092399961315095,0.000269699958153069
105,Congressional Voting Records,8,RandomFuzzyRules__max_rules_len__3,392,43,16,1.0,1.0,1.0,0.054617100046016276,0.00031919998582452536
105,Congressional Voting Records,8,RandomFuzzyRules__max_rules_len__4,392,43,16,1.0,1.0,1.0,0.05625040002632886,0.0003149999538436532
105,Congressional Voting Records,8,RandomFuzzyRules__max_rules_len__5,392,43,16,1.0,1.0,1.0,0.056793399970047176,0.0003197999903932214
105,Congressional Voting Records,8,RandomFuzzyRules__max_rules_len__6,392,43,16,1.0,1.0,1.0,0.053182899951934814,0.0003383000148460269
105,Congressional Voting Records,8,RandomFuzzyRules__max_rules_len__7,392,43,16,1.0,1.0,1.0,0.05954069993458688,0.00028639996889978647
105,Congressional Voting Records,9,RandomFuzzyRules__max_rules_len__2,392,43,16,1.0,1.0,1.0,0.05738290003500879,0.0002994999522343278
105,Congressional Voting Records,9,RandomFuzzyRules__max_rules_len__3,392,43,16,1.0,1.0,1.0,0.05466660007368773,0.00032380002085119486
105,Congressional Voting Records,9,RandomFuzzyRules__max_rules_len__4,392,43,16,1.0,1.0,1.0,0.0536129999672994,0.0003168999683111906
105,Congressional Voting Records,9,RandomFuzzyRules__max_rules_len__5,392,43,16,1.0,1.0,1.0,0.057147599989548326,0.0003108999226242304
105,Congressional Voting Records,9,RandomFuzzyRules__max_rules_len__6,392,43,16,1.0,1.0,1.0,0.058999900007620454,0.00028600008226931095
105,Congressional Voting Records,9,RandomFuzzyRules__max_rules_len__7,392,43,16,1.0,1.0,1.0,0.07793080003466457,0.0003342999843880534
105,Congressional Voting Records,10,RandomFuzzyRules__max_rules_len__2,392,43,16,0.8604651162790697,0.8125,0.8506944444444443,0.06371619994752109,0.00022559997159987688
105,Congressional Voting Records,10,RandomFuzzyRules__max_rules_len__3,392,43,16,0.8604651162790697,0.8125,0.8506944444444443,0.05633799999486655,0.0002346000401303172
105,Congressional Voting Records,10,RandomFuzzyRules__max_rules_len__4,392,43,16,0.8604651162790697,0.8125,0.8472222222222221,0.05897789995651692,0.00028929999098181725
105,Congressional Voting Records,10,RandomFuzzyRules__max_rules_len__5,392,43,16,0.8604651162790697,0.8125,0.8506944444444443,0.07431500009261072,0.0002766998950392008
105,Congressional Voting Records,10,RandomFuzzyRules__max_rules_len__6,392,43,16,0.8604651162790697,0.8125,0.8506944444444443,0.07564920000731945,0.00024119997397065163
105,Congressional Voting Records,10,RandomFuzzyRules__max_rules_len__7,392,43,16,0.8604651162790697,0.8125,0.8506944444444443,0.06536080001387745,0.0003902000607922673
144,Statlog (German Credit Data),1,RandomFuzzyRules__max_rules_len__2,900,100,20,0.67,0.2978723404255319,0.5626190476190476,0.08122379996348172,0.00028639996889978647
144,Statlog (German Credit Data),1,RandomFuzzyRules__max_rules_len__3,900,100,20,0.71,0.17142857142857143,0.5357142857142858,0.07498810009565204,0.0002975000534206629
144,Statlog (German Credit Data),1,RandomFuzzyRules__max_rules_len__4,900,100,20,0.68,0.33333333333333337,0.5642857142857144,0.07367019995581359,0.0003426000475883484
144,Statlog (German Credit Data),1,RandomFuzzyRules__max_rules_len__5,900,100,20,0.67,0.326530612244898,0.5635714285714286,0.08461329992860556,0.0003648999845609069
144,Statlog (German Credit Data),1,RandomFuzzyRules__max_rules_len__6,900,100,20,0.73,0.37209302325581395,0.5976190476190476,0.07311580004170537,0.000268499949015677
144,Statlog (German Credit Data),1,RandomFuzzyRules__max_rules_len__7,900,100,20,0.71,0.4313725490196078,0.611904761904762,0.0972619999665767,0.0004008000250905752
144,Statlog (German Credit Data),2,RandomFuzzyRules__max_rules_len__2,900,100,20,0.69,0.31111111111111117,0.6147619047619048,0.06921759992837906,0.00030610000248998404
144,Statlog (German Credit Data),2,RandomFuzzyRules__max_rules_len__3,900,100,20,0.7,0.25,0.5476190476190477,0.07616579998284578,0.00032709992956370115
144,Statlog (German Credit Data),2,RandomFuzzyRules__max_rules_len__4,900,100,20,0.76,0.5,0.6599999999999999,0.07238420005887747,0.0003467000788077712
144,Statlog (German Credit Data),2,RandomFuzzyRules__max_rules_len__5,900,100,20,0.75,0.41860465116279066,0.6221428571428571,0.07500049995724112,0.00034090003464370966
144,Statlog (German Credit Data),2,RandomFuzzyRules__max_rules_len__6,900,100,20,0.79,0.5116279069767441,0.6690476190476191,0.07772039994597435,0.00033389998134225607
144,Statlog (German Credit Data),2,RandomFuzzyRules__max_rules_len__7,900,100,20,0.78,0.5217391304347827,0.6714285714285714,0.07854330004192889,0.0003388999029994011
144,Statlog (German Credit Data),3,RandomFuzzyRules__max_rules_len__2,900,100,20,0.72,0.43999999999999995,0.6309523809523809,0.07034639990888536,0.00031150004360824823
144,Statlog (German Credit Data),3,RandomFuzzyRules__max_rules_len__3,900,100,20,0.74,0.35,0.5952380952380953,0.07163369993213564,0.0003209999995306134
144,Statlog (German Credit Data),3,RandomFuzzyRules__max_rules_len__4,900,100,20,0.68,0.2,0.5238095238095237,0.07243380008731037,0.00033680000342428684
144,Statlog (German Credit Data),3,RandomFuzzyRules__max_rules_len__5,900,100,20,0.63,0.0,0.44357142857142867,0.07498059992212802,0.0003355999942868948
144,Statlog (German Credit Data),3,RandomFuzzyRules__max_rules_len__6,900,100,20,0.72,0.36363636363636365,0.5904761904761905,0.07649499992839992,0.0003322999691590667
144,Statlog (German Credit Data),3,RandomFuzzyRules__max_rules_len__7,900,100,20,0.71,0.4313725490196078,0.611904761904762,0.07837969996035099,0.00033210008405148983
144,Statlog (German Credit Data),4,RandomFuzzyRules__max_rules_len__2,900,100,20,0.66,0.19047619047619044,0.5652380952380952,0.06978130002971739,0.0003231000155210495
144,Statlog (German Credit Data),4,RandomFuzzyRules__max_rules_len__3,900,100,20,0.65,0.14634146341463417,0.5647619047619048,0.10490890010260046,0.0003450000658631325
144,Statlog (German Credit Data),4,RandomFuzzyRules__max_rules_len__4,900,100,20,0.73,0.47058823529411764,0.6357142857142857,0.06822190003003925,0.00027109996881335974
144,Statlog (German Credit Data),4,RandomFuzzyRules__max_rules_len__5,900,100,20,0.75,0.4444444444444444,0.6261904761904762,0.07804540009237826,0.0003413999220356345
144,Statlog (German Credit Data),4,RandomFuzzyRules__max_rules_len__6,900,100,20,0.71,0.3829787234042553,0.5928571428571429,0.07918030000291765,0.00034170004073530436
144,Statlog (German Credit Data),4,RandomFuzzyRules__max_rules_len__7,900,100,20,0.7,0.4444444444444445,0.6142857142857142,0.0748981999931857,0.00026519992388784885
144,Statlog (German Credit Data),5,RandomFuzzyRules__max_rules_len__2,900,100,20,0.71,0.3555555555555555,0.603095238095238,0.06876389996614307,0.00022609997540712357
144,Statlog (German Credit Data),5,RandomFuzzyRules__max_rules_len__3,900,100,20,0.71,0.21621621621621623,0.5452380952380953,0.07074450002983212,0.00035619991831481457
144,Statlog (German Credit Data),5,RandomFuzzyRules__max_rules_len__4,900,100,20,0.71,0.3555555555555555,0.5833333333333333,0.07445800001733005,0.00030640000477433205
144,Statlog (German Credit Data),5,RandomFuzzyRules__max_rules_len__5,900,100,20,0.72,0.3,0.5714285714285714,0.09023019997403026,0.00035170000046491623
144,Statlog (German Credit Data),5,RandomFuzzyRules__max_rules_len__6,900,100,20,0.75,0.3902439024390244,0.6119047619047618,0.07671819999814034,0.0003437000559642911
144,Statlog (German Credit Data),5,RandomFuzzyRules__max_rules_len__7,900,100,20,0.71,0.3555555555555555,0.5833333333333333,0.09361039998475462,0.00033579999580979347
144,Statlog (German Credit Data),6,RandomFuzzyRules__max_rules_len__2,900,100,20,0.67,0.15384615384615383,0.4490476190476191,0.07298970001284033,0.00033760000951588154
144,Statlog (German Credit Data),6,RandomFuzzyRules__max_rules_len__3,900,100,20,0.72,0.2222222222222222,0.5528571428571428,0.07089520001318306,0.000332699972204864
144,Statlog (German Credit Data),6,RandomFuzzyRules__max_rules_len__4,900,100,20,0.68,0.23809523809523808,0.5333333333333333,0.07682089996524155,0.0003632999723777175
144,Statlog (German Credit Data),6,RandomFuzzyRules__max_rules_len__5,900,100,20,0.74,0.45833333333333326,0.6561904761904762,0.07648889999836683,0.00029799994081258774
144,Statlog (German Credit Data),6,RandomFuzzyRules__max_rules_len__6,900,100,20,0.74,0.4090909090909091,0.6142857142857143,0.07739439990837127,0.0003350001061335206
144,Statlog (German Credit Data),6,RandomFuzzyRules__max_rules_len__7,900,100,20,0.74,0.4090909090909091,0.6142857142857143,0.0842492999508977,0.0003063000040128827
144,Statlog (German Credit Data),7,RandomFuzzyRules__max_rules_len__2,900,100,20,0.65,0.25531914893617025,0.5173809523809525,0.07097719993907958,0.0003377000102773309
144,Statlog (German Credit Data),7,RandomFuzzyRules__max_rules_len__3,900,100,20,0.7,0.25,0.5488095238095239,0.11561839992646128,0.0002655000425875187
144,Statlog (German Credit Data),7,RandomFuzzyRules__max_rules_len__4,900,100,20,0.68,0.27272727272727276,0.5433333333333332,0.07261879998259246,0.00031859998125582933
144,Statlog (German Credit Data),7,RandomFuzzyRules__max_rules_len__5,900,100,20,0.66,0.22727272727272724,0.5204761904761904,0.07408739998936653,0.0003442000597715378
144,Statlog (German Credit Data),7,RandomFuzzyRules__max_rules_len__6,900,100,20,0.66,0.15,0.5,0.08747919998131692,0.00034030003007501364
144,Statlog (German Credit Data),7,RandomFuzzyRules__max_rules_len__7,900,100,20,0.66,0.26086956521739135,0.5285714285714286,0.0799434999935329,0.0003423000453040004
144,Statlog (German Credit Data),8,RandomFuzzyRules__max_rules_len__2,900,100,20,0.72,0.4814814814814815,0.626904761904762,0.06885829998645931,0.00028579996433109045
144,Statlog (German Credit Data),8,RandomFuzzyRules__max_rules_len__3,900,100,20,0.71,0.2564102564102564,0.5547619047619048,0.08459350001066923,0.0003309999592602253
144,Statlog (German Credit Data),8,RandomFuzzyRules__max_rules_len__4,900,100,20,0.68,0.33333333333333337,0.5642857142857144,0.07330369995906949,0.0003592000575736165
144,Statlog (German Credit Data),8,RandomFuzzyRules__max_rules_len__5,900,100,20,0.68,0.3043478260869565,0.5523809523809524,0.07519590004812926,0.0003381000133231282
144,Statlog (German Credit Data),8,RandomFuzzyRules__max_rules_len__6,900,100,20,0.73,0.4,0.6071428571428572,0.11983330000657588,0.00033409998286515474
144,Statlog (German Credit Data),8,RandomFuzzyRules__max_rules_len__7,900,100,20,0.71,0.4528301886792453,0.6214285714285714,0.11759399995207787,0.000327100045979023
144,Statlog (German Credit Data),9,RandomFuzzyRules__max_rules_len__2,900,100,20,0.7,0.37499999999999994,0.5871428571428571,0.07141589990351349,0.0003272000467404723
144,Statlog (German Credit Data),9,RandomFuzzyRules__max_rules_len__3,900,100,20,0.71,0.29268292682926833,0.5642857142857143,0.11112710007000715,0.000304599991068244
144,Statlog (German Credit Data),9,RandomFuzzyRules__max_rules_len__4,900,100,20,0.7,0.4,0.5976190476190476,0.07245470001362264,0.00032970006577670574
144,Statlog (German Credit Data),9,RandomFuzzyRules__max_rules_len__5,900,100,20,0.71,0.3829787234042553,0.587857142857143,0.0935894000576809,0.0003426999319344759
144,Statlog (German Credit Data),9,RandomFuzzyRules__max_rules_len__6,900,100,20,0.72,0.3913043478260869,0.6000000000000001,0.07595989992842078,0.0003431000513955951
144,Statlog (German Credit Data),9,RandomFuzzyRules__max_rules_len__7,900,100,20,0.72,0.3913043478260869,0.6000000000000001,0.07923310005571693,0.00026899995282292366
144,Statlog (German Credit Data),10,RandomFuzzyRules__max_rules_len__2,900,100,20,0.76,0.5,0.6676190476190477,0.06978790007997304,0.0003206999972462654
144,Statlog (German Credit Data),10,RandomFuzzyRules__max_rules_len__3,900,100,20,0.71,0.2564102564102564,0.5557142857142857,0.07241709996014833,0.00033920002169907093
144,Statlog (German Credit Data),10,RandomFuzzyRules__max_rules_len__4,900,100,20,0.75,0.4897959183673469,0.6504761904761904,0.07229699997697026,0.0003369000041857362
144,Statlog (German Credit Data),10,RandomFuzzyRules__max_rules_len__5,900,100,20,0.74,0.43478260869565216,0.639047619047619,0.07699839991983026,0.00033850001636892557
144,Statlog (German Credit Data),10,RandomFuzzyRules__max_rules_len__6,900,100,20,0.71,0.29268292682926833,0.5642857142857143,0.07819549995474517,0.0003236000193282962
144,Statlog (German Credit Data),10,RandomFuzzyRules__max_rules_len__7,900,100,20,0.71,0.29268292682926833,0.5642857142857143,0.08018079993780702,0.00036559998989105225
151,"Connectionist Bench (Sonar, Mines vs. Rocks)",1,RandomFuzzyRules__max_rules_len__2,187,21,60,0.9523809523809523,0.9523809523809523,0.9909090909090909,0.047899299999699,0.00030429998878389597
151,"Connectionist Bench (Sonar, Mines vs. Rocks)",1,RandomFuzzyRules__max_rules_len__3,187,21,60,0.8095238095238095,0.7499999999999999,0.8818181818181818,0.04755629994906485,0.00031729997135698795
151,"Connectionist Bench (Sonar, Mines vs. Rocks)",1,RandomFuzzyRules__max_rules_len__4,187,21,60,0.5714285714285714,0.5263157894736842,0.5909090909090908,0.048315700027160347,0.0002351999282836914
151,"Connectionist Bench (Sonar, Mines vs. Rocks)",1,RandomFuzzyRules__max_rules_len__5,187,21,60,0.8095238095238095,0.7777777777777777,0.8363636363636363,0.05234369996469468,0.0003421000437811017
151,"Connectionist Bench (Sonar, Mines vs. Rocks)",1,RandomFuzzyRules__max_rules_len__6,187,21,60,0.8571428571428571,0.8235294117647058,0.8909090909090909,0.05359900009352714,0.00025539996568113565
151,"Connectionist Bench (Sonar, Mines vs. Rocks)",1,RandomFuzzyRules__max_rules_len__7,187,21,60,0.7619047619047619,0.6666666666666666,0.7909090909090909,0.05335960001684725,0.0003341999836266041
151,"Connectionist Bench (Sonar, Mines vs. Rocks)",2,RandomFuzzyRules__max_rules_len__2,187,21,60,0.8095238095238095,0.8000000000000002,0.7727272727272728,0.046907100011594594,0.00030890002381056547
151,"Connectionist Bench (Sonar, Mines vs. Rocks)",2,RandomFuzzyRules__max_rules_len__3,187,21,60,0.7619047619047619,0.7826086956521738,0.8727272727272728,0.048569099977612495,0.0003325999714434147
151,"Connectionist Bench (Sonar, Mines vs. Rocks)",2,RandomFuzzyRules__max_rules_len__4,187,21,60,0.8095238095238095,0.8181818181818182,0.8727272727272727,0.049643600010313094,0.0003369000041857362
151,"Connectionist Bench (Sonar, Mines vs. Rocks)",2,RandomFuzzyRules__max_rules_len__5,187,21,60,0.7619047619047619,0.7826086956521738,0.8363636363636363,0.054927999968640506,0.00033549999352544546
151,"Connectionist Bench (Sonar, Mines vs. Rocks)",2,RandomFuzzyRules__max_rules_len__6,187,21,60,0.8095238095238095,0.8181818181818182,0.8727272727272727,0.05538059992250055,0.0002756000030785799
151,"Connectionist Bench (Sonar, Mines vs. Rocks)",2,RandomFuzzyRules__max_rules_len__7,187,21,60,0.6666666666666666,0.631578947368421,0.8,0.0680354000069201,0.0002970999339595437
151,"Connectionist Bench (Sonar, Mines vs. Rocks)",3,RandomFuzzyRules__max_rules_len__2,187,21,60,0.5714285714285714,0.18181818181818182,0.5818181818181818,0.0464084999402985,0.0003068000078201294
151,"Connectionist Bench (Sonar, Mines vs. Rocks)",3,RandomFuzzyRules__max_rules_len__3,187,21,60,0.5714285714285714,0.18181818181818182,0.5818181818181818,0.04324200004339218,0.00021819991525262594
151,"Connectionist Bench (Sonar, Mines vs. Rocks)",3,RandomFuzzyRules__max_rules_len__4,187,21,60,0.5714285714285714,0.18181818181818182,0.5818181818181818,0.058801200008019805,0.00022499996703118086
151,"Connectionist Bench (Sonar, Mines vs. Rocks)",3,RandomFuzzyRules__max_rules_len__5,187,21,60,0.5714285714285714,0.30769230769230765,0.5727272727272728,0.0647338000126183,0.00031699996907263994
151,"Connectionist Bench (Sonar, Mines vs. Rocks)",3,RandomFuzzyRules__max_rules_len__6,187,21,60,0.5714285714285714,0.18181818181818182,0.6181818181818182,0.05071099998895079,0.00020659994333982468
151,"Connectionist Bench (Sonar, Mines vs. Rocks)",3,RandomFuzzyRules__max_rules_len__7,187,21,60,0.5714285714285714,0.47058823529411764,0.5909090909090909,0.06804559996817261,0.00023989996407181025
151,"Connectionist Bench (Sonar, Mines vs. Rocks)",4,RandomFuzzyRules__max_rules_len__2,187,21,60,0.8095238095238095,0.7777777777777777,0.8636363636363636,0.046732100076042116,0.0003076000139117241
151,"Connectionist Bench (Sonar, Mines vs. Rocks)",4,RandomFuzzyRules__max_rules_len__3,187,21,60,0.8095238095238095,0.8000000000000002,0.8727272727272727,0.04716990003362298,0.00022379995789378881
151,"Connectionist Bench (Sonar, Mines vs. Rocks)",4,RandomFuzzyRules__max_rules_len__4,187,21,60,0.8095238095238095,0.8000000000000002,0.8727272727272727,0.050035999971441925,0.0002470000181347132
151,"Connectionist Bench (Sonar, Mines vs. Rocks)",4,RandomFuzzyRules__max_rules_len__5,187,21,60,0.8095238095238095,0.8000000000000002,0.8818181818181818,0.052147199981845915,0.0002997999545186758
151,"Connectionist Bench (Sonar, Mines vs. Rocks)",4,RandomFuzzyRules__max_rules_len__6,187,21,60,0.8095238095238095,0.8000000000000002,0.8727272727272728,0.05514940002467483,0.0003242000238969922
151,"Connectionist Bench (Sonar, Mines vs. Rocks)",4,RandomFuzzyRules__max_rules_len__7,187,21,60,0.8095238095238095,0.8000000000000002,0.8727272727272727,0.05336110002826899,0.00027189997490495443
151,"Connectionist Bench (Sonar, Mines vs. Rocks)",5,RandomFuzzyRules__max_rules_len__2,187,21,60,0.5238095238095238,0.5,0.6363636363636364,0.047152800019830465,0.00021269998978823423
151,"Connectionist Bench (Sonar, Mines vs. Rocks)",5,RandomFuzzyRules__max_rules_len__3,187,21,60,0.5238095238095238,0.5,0.6363636363636364,0.04865780007094145,0.0002911000046879053
151,"Connectionist Bench (Sonar, Mines vs. Rocks)",5,RandomFuzzyRules__max_rules_len__4,187,21,60,0.5714285714285714,0.5714285714285713,0.5,0.045535000041127205,0.00024340010713785887
151,"Connectionist Bench (Sonar, Mines vs. Rocks)",5,RandomFuzzyRules__max_rules_len__5,187,21,60,0.6190476190476191,0.6363636363636365,0.6727272727272728,0.05224040010944009,0.00031530007254332304
151,"Connectionist Bench (Sonar, Mines vs. Rocks)",5,RandomFuzzyRules__max_rules_len__6,187,21,60,0.5714285714285714,0.5714285714285713,0.6,0.05361659999471158,0.0003130000550299883
151,"Connectionist Bench (Sonar, Mines vs. Rocks)",5,RandomFuzzyRules__max_rules_len__7,187,21,60,0.5714285714285714,0.5714285714285713,0.5727272727272728,0.05296550004277378,0.00029009999707341194
151,"Connectionist Bench (Sonar, Mines vs. Rocks)",6,RandomFuzzyRules__max_rules_len__2,187,21,60,0.8571428571428571,0.8421052631578948,0.8909090909090909,0.0477120999712497,0.0002791000297293067
151,"Connectionist Bench (Sonar, Mines vs. Rocks)",6,RandomFuzzyRules__max_rules_len__3,187,21,60,0.8571428571428571,0.8421052631578948,0.8909090909090909,0.0498292000265792,0.0003135999431833625
151,"Connectionist Bench (Sonar, Mines vs. Rocks)",6,RandomFuzzyRules__max_rules_len__4,187,21,60,0.8095238095238095,0.8000000000000002,0.8727272727272727,0.04612790001556277,0.00031319994013756514
151,"Connectionist Bench (Sonar, Mines vs. Rocks)",6,RandomFuzzyRules__max_rules_len__5,187,21,60,0.8571428571428571,0.8571428571428572,0.881818181818182,0.05206570005975664,0.0003261999227106571
151,"Connectionist Bench (Sonar, Mines vs. Rocks)",6,RandomFuzzyRules__max_rules_len__6,187,21,60,0.8571428571428571,0.8571428571428572,0.8909090909090909,0.0543376998975873,0.00026810006238520145
151,"Connectionist Bench (Sonar, Mines vs. Rocks)",6,RandomFuzzyRules__max_rules_len__7,187,21,60,0.6666666666666666,0.631578947368421,0.7454545454545455,0.054637699970044196,0.00034550006967037916
151,"Connectionist Bench (Sonar, Mines vs. Rocks)",7,RandomFuzzyRules__max_rules_len__2,187,21,60,0.9523809523809523,0.9473684210526316,0.9818181818181817,0.04597420000936836,0.00022529996931552887
151,"Connectionist Bench (Sonar, Mines vs. Rocks)",7,RandomFuzzyRules__max_rules_len__3,187,21,60,0.7619047619047619,0.761904761904762,0.8181818181818181,0.04752680007368326,0.0003231000155210495
151,"Connectionist Bench (Sonar, Mines vs. Rocks)",7,RandomFuzzyRules__max_rules_len__4,187,21,60,0.6666666666666666,0.588235294117647,0.8363636363636363,0.04991389997303486,0.000269099953584373
151,"Connectionist Bench (Sonar, Mines vs. Rocks)",7,RandomFuzzyRules__max_rules_len__5,187,21,60,0.8571428571428571,0.8571428571428572,0.8545454545454545,0.05213050008751452,0.00029039999935775995
151,"Connectionist Bench (Sonar, Mines vs. Rocks)",7,RandomFuzzyRules__max_rules_len__6,187,21,60,0.6666666666666666,0.588235294117647,0.8272727272727273,0.05338209995534271,0.0003258000360801816
151,"Connectionist Bench (Sonar, Mines vs. Rocks)",7,RandomFuzzyRules__max_rules_len__7,187,21,60,0.6666666666666666,0.4615384615384615,0.7727272727272727,0.06424440001137555,0.0003264000406488776
151,"Connectionist Bench (Sonar, Mines vs. Rocks)",8,RandomFuzzyRules__max_rules_len__2,187,21,60,0.8095238095238095,0.75,0.8148148148148148,0.04734879999887198,0.0002802000381052494
151,"Connectionist Bench (Sonar, Mines vs. Rocks)",8,RandomFuzzyRules__max_rules_len__3,187,21,60,0.7142857142857143,0.5714285714285714,0.7592592592592591,0.048889299971051514,0.0003182000946253538
151,"Connectionist Bench (Sonar, Mines vs. Rocks)",8,RandomFuzzyRules__max_rules_len__4,187,21,60,0.7142857142857143,0.5714285714285714,0.7592592592592591,0.05043479998130351,0.000318199978210032
151,"Connectionist Bench (Sonar, Mines vs. Rocks)",8,RandomFuzzyRules__max_rules_len__5,187,21,60,0.7142857142857143,0.5714285714285714,0.8148148148148148,0.051756200031377375,0.00029989995528012514
151,"Connectionist Bench (Sonar, Mines vs. Rocks)",8,RandomFuzzyRules__max_rules_len__6,187,21,60,0.7142857142857143,0.5714285714285714,0.7685185185185184,0.05386860005091876,0.000354300020262599
151,"Connectionist Bench (Sonar, Mines vs. Rocks)",8,RandomFuzzyRules__max_rules_len__7,187,21,60,0.7142857142857143,0.5714285714285714,0.7592592592592591,0.052136900019831955,0.000268799951300025
151,"Connectionist Bench (Sonar, Mines vs. Rocks)",9,RandomFuzzyRules__max_rules_len__2,188,20,60,0.5,0.375,0.606060606060606,0.04786890000104904,0.00031319994013756514
151,"Connectionist Bench (Sonar, Mines vs. Rocks)",9,RandomFuzzyRules__max_rules_len__3,188,20,60,0.45,0.26666666666666666,0.6060606060606061,0.048428600071929395,0.0002938999095931649
151,"Connectionist Bench (Sonar, Mines vs. Rocks)",9,RandomFuzzyRules__max_rules_len__4,188,20,60,0.65,0.5333333333333333,0.5151515151515151,0.04745020007248968,0.00027489999774843454
151,"Connectionist Bench (Sonar, Mines vs. Rocks)",9,RandomFuzzyRules__max_rules_len__5,188,20,60,0.65,0.5333333333333333,0.5252525252525252,0.06497840001247823,0.00033109996002167463
151,"Connectionist Bench (Sonar, Mines vs. Rocks)",9,RandomFuzzyRules__max_rules_len__6,188,20,60,0.65,0.5333333333333333,0.5151515151515151,0.05342909996397793,0.000318199978210032
151,"Connectionist Bench (Sonar, Mines vs. Rocks)",9,RandomFuzzyRules__max_rules_len__7,188,20,60,0.55,0.4,0.46464646464646464,0.05364709999412298,0.00032490002922713757
151,"Connectionist Bench (Sonar, Mines vs. Rocks)",10,RandomFuzzyRules__max_rules_len__2,188,20,60,0.85,0.8,0.8888888888888888,0.04803619999438524,0.00024369999300688505
151,"Connectionist Bench (Sonar, Mines vs. Rocks)",10,RandomFuzzyRules__max_rules_len__3,188,20,60,0.8,0.7777777777777778,0.8484848484848485,0.04794359998777509,0.0003122000489383936
151,"Connectionist Bench (Sonar, Mines vs. Rocks)",10,RandomFuzzyRules__max_rules_len__4,188,20,60,0.85,0.8,0.8484848484848485,0.06356469995807856,0.0003360999980941415
151,"Connectionist Bench (Sonar, Mines vs. Rocks)",10,RandomFuzzyRules__max_rules_len__5,188,20,60,0.85,0.8,0.8383838383838383,0.0571087000425905,0.00031839997973293066
151,"Connectionist Bench (Sonar, Mines vs. Rocks)",10,RandomFuzzyRules__max_rules_len__6,188,20,60,0.8,0.7777777777777778,0.8484848484848485,0.04626610002014786,0.00022469996474683285
151,"Connectionist Bench (Sonar, Mines vs. Rocks)",10,RandomFuzzyRules__max_rules_len__7,188,20,60,0.7,0.5714285714285714,0.7070707070707071,0.06847220007330179,0.0003369000041857362
161,Mammographic Mass,1,RandomFuzzyRules__max_rules_len__2,864,97,5,0.7628865979381443,0.735632183908046,0.8856837606837608,0.08600670006126165,0.0003197999903932214
161,Mammographic Mass,1,RandomFuzzyRules__max_rules_len__3,864,97,5,0.7525773195876289,0.7209302325581395,0.872008547008547,0.0891459999838844,0.0002543999580666423
161,Mammographic Mass,1,RandomFuzzyRules__max_rules_len__4,864,97,5,0.8350515463917526,0.8,0.8098290598290598,0.09288070001639426,0.000265000038780272
161,Mammographic Mass,1,RandomFuzzyRules__max_rules_len__5,864,97,5,0.7525773195876289,0.7209302325581395,0.8510683760683762,0.10479530005250126,0.0003328999737277627
161,Mammographic Mass,1,RandomFuzzyRules__max_rules_len__6,864,97,5,0.7938144329896907,0.7727272727272727,0.8908119658119659,0.11611059994902462,0.0003367000026628375
161,Mammographic Mass,1,RandomFuzzyRules__max_rules_len__7,864,97,5,0.7835051546391752,0.7640449438202247,0.8933760683760684,0.12516429997049272,0.00029340002220124006
161,Mammographic Mass,2,RandomFuzzyRules__max_rules_len__2,865,96,5,0.75,0.7209302325581395,0.8289760348583877,0.09069260000251234,0.0003114000428467989
161,Mammographic Mass,2,RandomFuzzyRules__max_rules_len__3,865,96,5,0.7395833333333334,0.7368421052631577,0.8453159041394336,0.08787709998432547,0.00037320004776120186
161,Mammographic Mass,2,RandomFuzzyRules__max_rules_len__4,865,96,5,0.8020833333333334,0.7532467532467533,0.7294117647058824,0.10587430000305176,0.00033629999961704016
161,Mammographic Mass,2,RandomFuzzyRules__max_rules_len__5,865,96,5,0.7708333333333334,0.7708333333333334,0.839433551198257,0.10189030005130917,0.0003170999698340893
161,Mammographic Mass,2,RandomFuzzyRules__max_rules_len__6,865,96,5,0.7916666666666666,0.75,0.8651416122004357,0.13357980002183467,0.0003296999493613839
161,Mammographic Mass,2,RandomFuzzyRules__max_rules_len__7,865,96,5,0.7604166666666666,0.7294117647058822,0.8281045751633987,0.13791000004857779,0.0003370000049471855
161,Mammographic Mass,3,RandomFuzzyRules__max_rules_len__2,865,96,5,0.8125,0.8235294117647058,0.9021786492374728,0.08552089997101575,0.0003085000207647681
161,Mammographic Mass,3,RandomFuzzyRules__max_rules_len__3,865,96,5,0.7916666666666666,0.8113207547169811,0.9163398692810458,0.09002210001926869,0.00029960006941109896
161,Mammographic Mass,3,RandomFuzzyRules__max_rules_len__4,865,96,5,0.8229166666666666,0.7951807228915663,0.8366013071895425,0.09762229991611093,0.00032890005968511105
161,Mammographic Mass,3,RandomFuzzyRules__max_rules_len__5,865,96,5,0.7916666666666666,0.8113207547169811,0.9139433551198257,0.1042329000774771,0.00033119996078312397
161,Mammographic Mass,3,RandomFuzzyRules__max_rules_len__6,865,96,5,0.7916666666666666,0.8113207547169811,0.9152505446623094,0.114798599970527,0.00032839993946254253
161,Mammographic Mass,3,RandomFuzzyRules__max_rules_len__7,865,96,5,0.8541666666666666,0.8571428571428572,0.8993464052287582,0.1217729999916628,0.0003480999730527401
161,Mammographic Mass,4,RandomFuzzyRules__max_rules_len__2,865,96,5,0.8020833333333334,0.8118811881188118,0.860566448801743,0.08631919999606907,0.0003155999584123492
161,Mammographic Mass,4,RandomFuzzyRules__max_rules_len__3,865,96,5,0.8125,0.8200000000000001,0.8614379084967321,0.08741299994289875,0.0003165000816807151
161,Mammographic Mass,4,RandomFuzzyRules__max_rules_len__4,865,96,5,0.8541666666666666,0.8292682926829269,0.8128540305010894,0.09570860001258552,0.00034120003692805767
161,Mammographic Mass,4,RandomFuzzyRules__max_rules_len__5,865,96,5,0.8125,0.8200000000000001,0.8607843137254902,0.10131129994988441,0.0002891999902203679
161,Mammographic Mass,4,RandomFuzzyRules__max_rules_len__6,865,96,5,0.8020833333333334,0.7956989247311829,0.8827886710239651,0.11288869997952133,0.00032659992575645447
161,Mammographic Mass,4,RandomFuzzyRules__max_rules_len__7,865,96,5,0.8333333333333334,0.8333333333333334,0.9095860566448802,0.12112020002678037,0.0003170999698340893
161,Mammographic Mass,5,RandomFuzzyRules__max_rules_len__2,865,96,5,0.75,0.7209302325581395,0.8239651416122005,0.08583929995074868,0.0003021000884473324
161,Mammographic Mass,5,RandomFuzzyRules__max_rules_len__3,865,96,5,0.75,0.7209302325581395,0.8117647058823529,0.08905130007769912,0.00034200004301965237
161,Mammographic Mass,5,RandomFuzzyRules__max_rules_len__4,865,96,5,0.8125,0.775,0.7651416122004358,0.09367080009542406,0.00031509995460510254
161,Mammographic Mass,5,RandomFuzzyRules__max_rules_len__5,865,96,5,0.75,0.7142857142857142,0.8058823529411765,0.10035839991178364,0.00031530007254332304
161,Mammographic Mass,5,RandomFuzzyRules__max_rules_len__6,865,96,5,0.7604166666666666,0.7228915662650601,0.8592592592592592,0.11203040007967502,0.0002356999320909381
161,Mammographic Mass,5,RandomFuzzyRules__max_rules_len__7,865,96,5,0.78125,0.7640449438202247,0.8466230936819172,0.12516369996592402,0.00032320001628249884
161,Mammographic Mass,6,RandomFuzzyRules__max_rules_len__2,865,96,5,0.78125,0.796116504854369,0.845061188811189,0.08429029991384596,0.0003109000390395522
161,Mammographic Mass,6,RandomFuzzyRules__max_rules_len__3,865,96,5,0.8020833333333334,0.8118811881188119,0.7921765734265734,0.08498140005394816,0.00027439999394118786
161,Mammographic Mass,6,RandomFuzzyRules__max_rules_len__4,865,96,5,0.7291666666666666,0.6749999999999999,0.71131993006993,0.09542110003530979,0.0002859999658539891
161,Mammographic Mass,6,RandomFuzzyRules__max_rules_len__5,865,96,5,0.7916666666666666,0.7916666666666666,0.8347902097902098,0.14015009999275208,0.00026110000908374786
161,Mammographic Mass,6,RandomFuzzyRules__max_rules_len__6,865,96,5,0.8229166666666666,0.8247422680412373,0.8223339160839161,0.1137184000108391,0.0007404000498354435
161,Mammographic Mass,6,RandomFuzzyRules__max_rules_len__7,865,96,5,0.7916666666666666,0.7959183673469388,0.8308566433566433,0.1227460999507457,0.00028089992702007294
161,Mammographic Mass,7,RandomFuzzyRules__max_rules_len__2,865,96,5,0.8020833333333334,0.7816091954022988,0.8699737762237764,0.08661509992089123,0.00031919998582452536
161,Mammographic Mass,7,RandomFuzzyRules__max_rules_len__3,865,96,5,0.8229166666666666,0.8131868131868133,0.850743006993007,0.08273899997584522,0.0002378999488428235
161,Mammographic Mass,7,RandomFuzzyRules__max_rules_len__4,865,96,5,0.8229166666666666,0.7733333333333332,0.8168706293706295,0.10675480007193983,0.0003312999615445733
161,Mammographic Mass,7,RandomFuzzyRules__max_rules_len__5,865,96,5,0.8125,0.7906976744186046,0.8533653846153846,0.10628009994979948,0.0003272000467404723
161,Mammographic Mass,7,RandomFuzzyRules__max_rules_len__6,865,96,5,0.8125,0.7954545454545455,0.8946678321678323,0.1139747000997886,0.00043990008998662233
161,Mammographic Mass,7,RandomFuzzyRules__max_rules_len__7,865,96,5,0.84375,0.8351648351648351,0.888111888111888,0.12468489992897958,0.00031859998125582933
161,Mammographic Mass,8,RandomFuzzyRules__max_rules_len__2,865,96,5,0.7916666666666666,0.7959183673469388,0.8682255244755246,0.08847289998084307,0.0003285999409854412
161,Mammographic Mass,8,RandomFuzzyRules__max_rules_len__3,865,96,5,0.8020833333333334,0.8,0.8548951048951049,0.11689790000673383,0.00029850006103515625
161,Mammographic Mass,8,RandomFuzzyRules__max_rules_len__4,865,96,5,0.8125,0.7804878048780488,0.8216783216783217,0.09743859991431236,0.0003386000171303749
161,Mammographic Mass,8,RandomFuzzyRules__max_rules_len__5,865,96,5,0.7916666666666666,0.7916666666666666,0.8513986013986016,0.10656480002216995,0.0003034999826923013
161,Mammographic Mass,8,RandomFuzzyRules__max_rules_len__6,865,96,5,0.8020833333333334,0.8,0.854895104895105,0.11967219994403422,0.00033459998667240143
161,Mammographic Mass,8,RandomFuzzyRules__max_rules_len__7,865,96,5,0.8229166666666666,0.8089887640449439,0.8817744755244755,0.12308709998615086,0.0003329000901430845
161,Mammographic Mass,9,RandomFuzzyRules__max_rules_len__2,865,96,5,0.8333333333333334,0.8181818181818182,0.8326048951048952,0.08847209997475147,0.0003116999287158251
161,Mammographic Mass,9,RandomFuzzyRules__max_rules_len__3,865,96,5,0.8333333333333334,0.8181818181818182,0.8365384615384616,0.09152380004525185,0.000292200013063848
161,Mammographic Mass,9,RandomFuzzyRules__max_rules_len__4,865,96,5,0.7916666666666666,0.7777777777777778,0.8378496503496503,0.10430380003526807,0.00028579996433109045
161,Mammographic Mass,9,RandomFuzzyRules__max_rules_len__5,865,96,5,0.8125,0.8,0.840472027972028,0.10306420002598315,0.00028769997879862785
161,Mammographic Mass,9,RandomFuzzyRules__max_rules_len__6,865,96,5,0.8333333333333334,0.8181818181818182,0.8356643356643357,0.11570870003197342,0.0003388999029994011
161,Mammographic Mass,9,RandomFuzzyRules__max_rules_len__7,865,96,5,0.8125,0.8,0.8452797202797203,0.12841569993179291,0.0003228000132367015
161,Mammographic Mass,10,RandomFuzzyRules__max_rules_len__2,865,96,5,0.8020833333333334,0.8080808080808082,0.8625437062937062,0.0859307999489829,0.00030960002914071083
161,Mammographic Mass,10,RandomFuzzyRules__max_rules_len__3,865,96,5,0.8020833333333334,0.8041237113402062,0.8745629370629371,0.08882989990524948,0.00027740001678466797
161,Mammographic Mass,10,RandomFuzzyRules__max_rules_len__4,865,96,5,0.8125,0.7567567567567568,0.8162150349650349,0.09386779996566474,0.00034559995401650667
161,Mammographic Mass,10,RandomFuzzyRules__max_rules_len__5,865,96,5,0.7708333333333334,0.7555555555555555,0.85861013986014,0.10342459997627884,0.00033650000113993883
161,Mammographic Mass,10,RandomFuzzyRules__max_rules_len__6,865,96,5,0.8125,0.7906976744186046,0.871722027972028,0.11827500001527369,0.00033549999352544546
161,Mammographic Mass,10,RandomFuzzyRules__max_rules_len__7,865,96,5,0.8125,0.8043478260869567,0.9010052447552448,0.11859919992275536,0.00031340005807578564
174,Parkinsons,1,RandomFuzzyRules__max_rules_len__2,175,20,20,0.85,0.9090909090909091,0.8666666666666667,0.04798199993092567,0.00022170005831867456
174,Parkinsons,1,RandomFuzzyRules__max_rules_len__3,175,20,20,0.85,0.9090909090909091,0.8933333333333333,0.04845700005535036,0.0003176999744027853
174,Parkinsons,1,RandomFuzzyRules__max_rules_len__4,175,20,20,0.85,0.9032258064516129,0.8666666666666667,0.051733799977228045,0.0003402999136596918
174,Parkinsons,1,RandomFuzzyRules__max_rules_len__5,175,20,20,0.85,0.9090909090909091,0.88,0.0513121000258252,0.00022799998987466097
174,Parkinsons,1,RandomFuzzyRules__max_rules_len__6,175,20,20,0.85,0.9090909090909091,0.8,0.057654200005345047,0.0002815000480040908
174,Parkinsons,1,RandomFuzzyRules__max_rules_len__7,175,20,20,0.85,0.9090909090909091,0.88,0.06836539995856583,0.00036720000207424164
174,Parkinsons,2,RandomFuzzyRules__max_rules_len__2,175,20,20,0.9,0.9375,0.8,0.04821749997790903,0.00027860002592206
174,Parkinsons,2,RandomFuzzyRules__max_rules_len__3,175,20,20,0.9,0.9375,0.8933333333333333,0.05321479996200651,0.0002835000632330775
174,Parkinsons,2,RandomFuzzyRules__max_rules_len__4,175,20,20,0.95,0.967741935483871,0.9866666666666667,0.04689160000998527,0.00028410006780177355
174,Parkinsons,2,RandomFuzzyRules__max_rules_len__5,175,20,20,0.95,0.967741935483871,0.9866666666666667,0.06619680009316653,0.0003003999590873718
174,Parkinsons,2,RandomFuzzyRules__max_rules_len__6,175,20,20,0.9,0.9375,0.84,0.06717099994421005,0.00032890005968511105
174,Parkinsons,2,RandomFuzzyRules__max_rules_len__7,175,20,20,0.9,0.9375,0.9066666666666667,0.0533720999956131,0.00028769997879862785
174,Parkinsons,3,RandomFuzzyRules__max_rules_len__2,175,20,20,0.8,0.8571428571428571,0.8933333333333333,0.04973710002377629,0.0003024999750778079
174,Parkinsons,3,RandomFuzzyRules__max_rules_len__3,175,20,20,0.8,0.8571428571428571,0.8933333333333333,0.05025880003813654,0.00023070001043379307
174,Parkinsons,3,RandomFuzzyRules__max_rules_len__4,175,20,20,0.85,0.9032258064516129,0.8400000000000001,0.052355899941176176,0.0003418000414967537
174,Parkinsons,3,RandomFuzzyRules__max_rules_len__5,175,20,20,0.85,0.9032258064516129,0.8400000000000001,0.06547679996583611,0.00028250005561858416
174,Parkinsons,3,RandomFuzzyRules__max_rules_len__6,175,20,20,0.9,0.9333333333333333,0.9199999999999999,0.05599389993585646,0.0002297000028192997
174,Parkinsons,3,RandomFuzzyRules__max_rules_len__7,175,20,20,0.95,0.967741935483871,0.8800000000000001,0.0547578000696376,0.00027329998556524515
174,Parkinsons,4,RandomFuzzyRules__max_rules_len__2,175,20,20,0.85,0.9090909090909091,0.7333333333333334,0.05452340003103018,0.0002313000150024891
174,Parkinsons,4,RandomFuzzyRules__max_rules_len__3,175,20,20,0.9,0.9375,0.8,0.06020980002358556,0.00031729997135698795
174,Parkinsons,4,RandomFuzzyRules__max_rules_len__4,175,20,20,0.9,0.9375,0.7333333333333333,0.048444699961692095,0.00028460007160902023
174,Parkinsons,4,RandomFuzzyRules__max_rules_len__5,175,20,20,0.85,0.9032258064516129,0.8933333333333333,0.05425609997473657,0.00027840002439916134
174,Parkinsons,4,RandomFuzzyRules__max_rules_len__6,175,20,20,0.85,0.9032258064516129,0.8933333333333333,0.05521920009050518,0.0002861000830307603
174,Parkinsons,4,RandomFuzzyRules__max_rules_len__7,175,20,20,0.85,0.9090909090909091,0.7866666666666666,0.05529769998975098,0.00022799998987466097
174,Parkinsons,5,RandomFuzzyRules__max_rules_len__2,175,20,20,0.9,0.9333333333333333,0.8933333333333334,0.04880789993330836,0.00026320002507418394
174,Parkinsons,5,RandomFuzzyRules__max_rules_len__3,175,20,20,0.9,0.9375,0.92,0.050722099957056344,0.0002335000317543745
174,Parkinsons,5,RandomFuzzyRules__max_rules_len__4,175,20,20,0.9,0.9333333333333333,0.9066666666666666,0.05228079995140433,0.0002816000487655401
174,Parkinsons,5,RandomFuzzyRules__max_rules_len__5,175,20,20,0.95,0.967741935483871,1.0,0.053856999962590635,0.0003200999926775694
174,Parkinsons,5,RandomFuzzyRules__max_rules_len__6,175,20,20,0.9,0.9375,0.9066666666666666,0.05316180002409965,0.00022849999368190765
174,Parkinsons,5,RandomFuzzyRules__max_rules_len__7,175,20,20,0.95,0.967741935483871,0.8800000000000001,0.058929899940267205,0.0003624999662861228
174,Parkinsons,6,RandomFuzzyRules__max_rules_len__2,176,19,20,0.7368421052631579,0.8148148148148148,0.85,0.05262609990313649,0.00028030003886669874
174,Parkinsons,6,RandomFuzzyRules__max_rules_len__3,176,19,20,0.7368421052631579,0.8148148148148148,0.85,0.051636199932545424,0.00031869998201727867
174,Parkinsons,6,RandomFuzzyRules__max_rules_len__4,176,19,20,0.8947368421052632,0.9375,0.65,0.05612459999974817,0.0002794999163597822
174,Parkinsons,6,RandomFuzzyRules__max_rules_len__5,176,19,20,0.8421052631578947,0.9032258064516129,0.8166666666666667,0.06153740000445396,0.00029559992253780365
174,Parkinsons,6,RandomFuzzyRules__max_rules_len__6,176,19,20,0.7368421052631579,0.8275862068965518,0.7833333333333333,0.0575599999865517,0.0003499999875202775
174,Parkinsons,6,RandomFuzzyRules__max_rules_len__7,176,19,20,0.8947368421052632,0.9375,0.7,0.05765980004798621,0.00023359991610050201
174,Parkinsons,7,RandomFuzzyRules__max_rules_len__2,176,19,20,0.6842105263157895,0.8125,0.44999999999999996,0.04881000006571412,0.0003135999431833625
174,Parkinsons,7,RandomFuzzyRules__max_rules_len__3,176,19,20,0.7368421052631579,0.8484848484848485,0.7166666666666667,0.05646789993625134,0.00029150000773370266
174,Parkinsons,7,RandomFuzzyRules__max_rules_len__4,176,19,20,0.8421052631578947,0.9090909090909091,0.48333333333333334,0.052654200000688434,0.00034470006357878447
174,Parkinsons,7,RandomFuzzyRules__max_rules_len__5,176,19,20,0.7894736842105263,0.8749999999999999,0.8833333333333333,0.06057249999139458,0.00022629997693002224
174,Parkinsons,7,RandomFuzzyRules__max_rules_len__6,176,19,20,0.7894736842105263,0.8823529411764706,0.4,0.0565554000204429,0.0003162000793963671
174,Parkinsons,7,RandomFuzzyRules__max_rules_len__7,176,19,20,0.7894736842105263,0.8823529411764706,0.43333333333333335,0.05692310002632439,0.0002443999983370304
174,Parkinsons,8,RandomFuzzyRules__max_rules_len__2,176,19,20,0.8421052631578947,0.9032258064516129,0.7857142857142858,0.04854039999190718,0.0003105999203398824
174,Parkinsons,8,RandomFuzzyRules__max_rules_len__3,176,19,20,0.8421052631578947,0.9032258064516129,0.7857142857142857,0.04676359996665269,0.0002405999694019556
174,Parkinsons,8,RandomFuzzyRules__max_rules_len__4,176,19,20,0.8421052631578947,0.9032258064516129,0.7285714285714285,0.05879629997070879,0.00029559992253780365
174,Parkinsons,8,RandomFuzzyRules__max_rules_len__5,176,19,20,0.8421052631578947,0.9032258064516129,0.9571428571428572,0.0673273999709636,0.0002888999879360199
174,Parkinsons,8,RandomFuzzyRules__max_rules_len__6,176,19,20,0.7894736842105263,0.8666666666666666,0.9285714285714285,0.05916599999181926,0.00033030007034540176
174,Parkinsons,8,RandomFuzzyRules__max_rules_len__7,176,19,20,0.8421052631578947,0.9032258064516129,0.7714285714285714,0.0661126000341028,0.00030239997431635857
174,Parkinsons,9,RandomFuzzyRules__max_rules_len__2,176,19,20,0.7894736842105263,0.8571428571428571,0.8714285714285714,0.05788159999065101,0.0003228000132367015
174,Parkinsons,9,RandomFuzzyRules__max_rules_len__3,176,19,20,0.8421052631578947,0.896551724137931,0.9428571428571428,0.060349400038830936,0.00027920003049075603
174,Parkinsons,9,RandomFuzzyRules__max_rules_len__4,176,19,20,0.8947368421052632,0.923076923076923,0.9571428571428572,0.05149430001620203,0.0002815999323502183
174,Parkinsons,9,RandomFuzzyRules__max_rules_len__5,176,19,20,0.8947368421052632,0.9333333333333333,0.8857142857142857,0.062251699971966445,0.0002584999892860651
174,Parkinsons,9,RandomFuzzyRules__max_rules_len__6,176,19,20,0.7894736842105263,0.8571428571428571,0.8571428571428571,0.055119400029070675,0.00030479999259114265
174,Parkinsons,9,RandomFuzzyRules__max_rules_len__7,176,19,20,0.8947368421052632,0.9333333333333333,0.9714285714285715,0.05793509993236512,0.00031800009310245514
174,Parkinsons,10,RandomFuzzyRules__max_rules_len__2,176,19,20,0.7894736842105263,0.8750000000000001,0.7,0.04465059994254261,0.00029829994309693575
174,Parkinsons,10,RandomFuzzyRules__max_rules_len__3,176,19,20,0.7894736842105263,0.8750000000000001,0.5857142857142857,0.048869799938984215,0.000304599991068244
174,Parkinsons,10,RandomFuzzyRules__max_rules_len__4,176,19,20,0.8421052631578947,0.9032258064516129,0.6428571428571429,0.06129099999088794,0.0003160999622195959
174,Parkinsons,10,RandomFuzzyRules__max_rules_len__5,176,19,20,0.7894736842105263,0.8750000000000001,0.8571428571428572,0.05478370003402233,0.0003288999432697892
174,Parkinsons,10,RandomFuzzyRules__max_rules_len__6,176,19,20,0.7368421052631579,0.8387096774193549,0.7,0.056970200035721064,0.00031509995460510254
174,Parkinsons,10,RandomFuzzyRules__max_rules_len__7,176,19,20,0.7894736842105263,0.8750000000000001,0.6428571428571428,0.056359299924224615,0.0003030999796465039
176,Blood Transfusion Service Center,1,RandomFuzzyRules__max_rules_len__2,673,75,4,0.76,0.09999999999999999,0.4951267056530214,0.08410749991890043,0.0003037999849766493
176,Blood Transfusion Service Center,1,RandomFuzzyRules__max_rules_len__3,673,75,4,0.76,0.09999999999999999,0.5589668615984406,0.0829170000506565,0.00029450003057718277
176,Blood Transfusion Service Center,1,RandomFuzzyRules__max_rules_len__4,673,75,4,0.76,0.09999999999999999,0.4951267056530214,0.1316275999415666,0.00023790006525814533
176,Blood Transfusion Service Center,1,RandomFuzzyRules__max_rules_len__5,673,75,4,0.76,0.09999999999999999,0.5043859649122807,0.13217100000474602,0.0002452000044286251
176,Blood Transfusion Service Center,1,RandomFuzzyRules__max_rules_len__6,673,75,4,0.76,0.09999999999999999,0.5043859649122807,0.14153650007210672,0.0002869999734684825
176,Blood Transfusion Service Center,1,RandomFuzzyRules__max_rules_len__7,673,75,4,0.76,0.09999999999999999,0.5043859649122807,0.11974100000225008,0.00029039999935775995
176,Blood Transfusion Service Center,2,RandomFuzzyRules__max_rules_len__2,673,75,4,0.7733333333333333,0.2608695652173913,0.6306042884990253,0.07902029994875193,0.000278300023637712
176,Blood Transfusion Service Center,2,RandomFuzzyRules__max_rules_len__3,673,75,4,0.7733333333333333,0.2608695652173913,0.6033138401559455,0.08802600007038563,0.0002867999719455838
176,Blood Transfusion Service Center,2,RandomFuzzyRules__max_rules_len__4,673,75,4,0.7733333333333333,0.10526315789473684,0.6228070175438596,0.08873459999449551,0.00024039996787905693
176,Blood Transfusion Service Center,2,RandomFuzzyRules__max_rules_len__5,673,75,4,0.8266666666666667,0.48,0.7173489278752437,0.10984529997222126,0.0002809999277815223
176,Blood Transfusion Service Center,2,RandomFuzzyRules__max_rules_len__6,673,75,4,0.8266666666666667,0.48,0.7173489278752437,0.11362640000879765,0.0002855999628081918
176,Blood Transfusion Service Center,2,RandomFuzzyRules__max_rules_len__7,673,75,4,0.8266666666666667,0.48,0.7173489278752437,0.136017500073649,0.00032679992727935314
176,Blood Transfusion Service Center,3,RandomFuzzyRules__max_rules_len__2,673,75,4,0.7733333333333333,0.1904761904761905,0.5409356725146198,0.08026030007749796,0.00027029996272176504
176,Blood Transfusion Service Center,3,RandomFuzzyRules__max_rules_len__3,673,75,4,0.7733333333333333,0.10526315789473684,0.6642300194931774,0.08417809999082237,0.00032309989910572767
176,Blood Transfusion Service Center,3,RandomFuzzyRules__max_rules_len__4,673,75,4,0.7733333333333333,0.1904761904761905,0.5409356725146198,0.09058359998743981,0.0002810000441968441
176,Blood Transfusion Service Center,3,RandomFuzzyRules__max_rules_len__5,673,75,4,0.7733333333333333,0.10526315789473684,0.5409356725146198,0.13045789999887347,0.0003330999752506614
176,Blood Transfusion Service Center,3,RandomFuzzyRules__max_rules_len__6,673,75,4,0.7733333333333333,0.10526315789473684,0.5409356725146198,0.12026160000823438,0.0003322999691590667
176,Blood Transfusion Service Center,3,RandomFuzzyRules__max_rules_len__7,673,75,4,0.7733333333333333,0.10526315789473684,0.5409356725146198,0.12851760000921786,0.0002570000942796469
176,Blood Transfusion Service Center,4,RandomFuzzyRules__max_rules_len__2,673,75,4,0.7466666666666667,0.09523809523809525,0.645224171539961,0.07731609989423305,0.0002717000897973776
176,Blood Transfusion Service Center,4,RandomFuzzyRules__max_rules_len__3,673,75,4,0.7466666666666667,0.09523809523809525,0.6998050682261209,0.08341919991653413,0.0003250000299885869
176,Blood Transfusion Service Center,4,RandomFuzzyRules__max_rules_len__4,673,75,4,0.7466666666666667,0.09523809523809525,0.645224171539961,0.11566949996631593,0.0003168999683111906
176,Blood Transfusion Service Center,4,RandomFuzzyRules__max_rules_len__5,673,75,4,0.7466666666666667,0.09523809523809525,0.6423001949317739,0.10780230001546443,0.0003386000171303749
176,Blood Transfusion Service Center,4,RandomFuzzyRules__max_rules_len__6,673,75,4,0.7466666666666667,0.09523809523809525,0.6423001949317739,0.12337659997865558,0.00024069997016340494
176,Blood Transfusion Service Center,4,RandomFuzzyRules__max_rules_len__7,673,75,4,0.7466666666666667,0.09523809523809525,0.6423001949317739,0.13181980000808835,0.00032600003760308027
176,Blood Transfusion Service Center,5,RandomFuzzyRules__max_rules_len__2,673,75,4,0.7866666666666666,0.19999999999999998,0.7719298245614035,0.07511420000810176,0.0002726000966504216
176,Blood Transfusion Service Center,5,RandomFuzzyRules__max_rules_len__3,673,75,4,0.7866666666666666,0.19999999999999998,0.847953216374269,0.08149319991935045,0.00024860003031790257
176,Blood Transfusion Service Center,5,RandomFuzzyRules__max_rules_len__4,673,75,4,0.7866666666666666,0.19999999999999998,0.7719298245614035,0.09334119991399348,0.0002586999908089638
176,Blood Transfusion Service Center,5,RandomFuzzyRules__max_rules_len__5,673,75,4,0.7866666666666666,0.19999999999999998,0.7797270955165693,0.10305349994450808,0.00024229998234659433
176,Blood Transfusion Service Center,5,RandomFuzzyRules__max_rules_len__6,673,75,4,0.7866666666666666,0.19999999999999998,0.7797270955165693,0.11439159989822656,0.0003309000749140978
176,Blood Transfusion Service Center,5,RandomFuzzyRules__max_rules_len__7,673,75,4,0.7866666666666666,0.19999999999999998,0.7797270955165693,0.12871229997836053,0.00028849998489022255
176,Blood Transfusion Service Center,6,RandomFuzzyRules__max_rules_len__2,673,75,4,0.76,0.09999999999999999,0.48538011695906436,0.10858800006099045,0.00030720001086592674
176,Blood Transfusion Service Center,6,RandomFuzzyRules__max_rules_len__3,673,75,4,0.7333333333333333,0.0909090909090909,0.5092592592592592,0.08382619998883456,0.00022409996017813683
176,Blood Transfusion Service Center,6,RandomFuzzyRules__max_rules_len__4,673,75,4,0.7466666666666667,0.09523809523809525,0.5048732943469786,0.09621910005807877,0.00029500003438442945
176,Blood Transfusion Service Center,6,RandomFuzzyRules__max_rules_len__5,673,75,4,0.76,0.09999999999999999,0.5019493177387915,0.10226059996057302,0.00022249994799494743
176,Blood Transfusion Service Center,6,RandomFuzzyRules__max_rules_len__6,673,75,4,0.7333333333333333,0.0909090909090909,0.5116959064327485,0.11677009996492416,0.00033140007872134447
176,Blood Transfusion Service Center,6,RandomFuzzyRules__max_rules_len__7,673,75,4,0.7333333333333333,0.0909090909090909,0.5116959064327485,0.13599829992745072,0.0003429000498726964
176,Blood Transfusion Service Center,7,RandomFuzzyRules__max_rules_len__2,673,75,4,0.7733333333333333,0.1904761904761905,0.5696881091617934,0.07792279997374862,0.00032870005816221237
176,Blood Transfusion Service Center,7,RandomFuzzyRules__max_rules_len__3,673,75,4,0.7866666666666666,0.19999999999999998,0.6388888888888888,0.07816359994467348,0.0003236000193282962
176,Blood Transfusion Service Center,7,RandomFuzzyRules__max_rules_len__4,673,75,4,0.7866666666666666,0.19999999999999998,0.4887914230019493,0.08758910000324249,0.0002335000317543745
176,Blood Transfusion Service Center,7,RandomFuzzyRules__max_rules_len__5,673,75,4,0.7866666666666666,0.19999999999999998,0.49171539961013644,0.10397379996720701,0.0003312000771984458
176,Blood Transfusion Service Center,7,RandomFuzzyRules__max_rules_len__6,673,75,4,0.7866666666666666,0.19999999999999998,0.49171539961013644,0.14147370005957782,0.0003512999974191189
176,Blood Transfusion Service Center,7,RandomFuzzyRules__max_rules_len__7,673,75,4,0.7866666666666666,0.19999999999999998,0.49171539961013644,0.13552939996588975,0.00024880003184080124
176,Blood Transfusion Service Center,8,RandomFuzzyRules__max_rules_len__2,673,75,4,0.7733333333333333,0.10526315789473684,0.6671539961013645,0.07847149996086955,0.0003092000260949135
176,Blood Transfusion Service Center,8,RandomFuzzyRules__max_rules_len__3,673,75,4,0.7733333333333333,0.10526315789473684,0.7461013645224172,0.08242290001362562,0.0003293999470770359
176,Blood Transfusion Service Center,8,RandomFuzzyRules__max_rules_len__4,673,75,4,0.7733333333333333,0.10526315789473684,0.6671539961013645,0.09066959994379431,0.0002886001020669937
176,Blood Transfusion Service Center,8,RandomFuzzyRules__max_rules_len__5,673,75,4,0.7733333333333333,0.10526315789473684,0.7002923976608186,0.12488939997274429,0.0003263999242335558
176,Blood Transfusion Service Center,8,RandomFuzzyRules__max_rules_len__6,673,75,4,0.7733333333333333,0.10526315789473684,0.7002923976608186,0.11405550001654774,0.00032519991509616375
176,Blood Transfusion Service Center,8,RandomFuzzyRules__max_rules_len__7,673,75,4,0.7733333333333333,0.10526315789473684,0.7475633528265108,0.12883810000494123,0.00029749993700534105
176,Blood Transfusion Service Center,9,RandomFuzzyRules__max_rules_len__2,674,74,4,0.7297297297297297,0.0909090909090909,0.6429308565531475,0.07565879996400326,0.00028819998260587454
176,Blood Transfusion Service Center,9,RandomFuzzyRules__max_rules_len__3,674,74,4,0.7567567567567568,0.1,0.6119711042311662,0.08141750004142523,0.00032759993337094784
176,Blood Transfusion Service Center,9,RandomFuzzyRules__max_rules_len__4,674,74,4,0.7567567567567568,0.1,0.5902992776057792,0.09535249997861683,0.0002861000830307603
176,Blood Transfusion Service Center,9,RandomFuzzyRules__max_rules_len__5,674,74,4,0.7567567567567568,0.1,0.5902992776057792,0.10218240006361157,0.0003182999789714813
176,Blood Transfusion Service Center,9,RandomFuzzyRules__max_rules_len__6,674,74,4,0.7567567567567568,0.1,0.628482972136223,0.11480179999489337,0.00032590003684163094
176,Blood Transfusion Service Center,9,RandomFuzzyRules__max_rules_len__7,674,74,4,0.7297297297297297,0.0909090909090909,0.6057791537667698,0.15769130003172904,0.000331499963067472
176,Blood Transfusion Service Center,10,RandomFuzzyRules__max_rules_len__2,674,74,4,0.7432432432432432,0.09523809523809523,0.5495356037151703,0.1010791000444442,0.00021399999968707561
176,Blood Transfusion Service Center,10,RandomFuzzyRules__max_rules_len__3,674,74,4,0.7432432432432432,0.09523809523809523,0.5495356037151703,0.10268639994319528,0.0002519000554457307
176,Blood Transfusion Service Center,10,RandomFuzzyRules__max_rules_len__4,674,74,4,0.7432432432432432,0.09523809523809523,0.5495356037151703,0.12259430007543415,0.00022639997769147158
176,Blood Transfusion Service Center,10,RandomFuzzyRules__max_rules_len__5,674,74,4,0.7432432432432432,0.09523809523809523,0.5495356037151703,0.10491110000293702,0.00033139996230602264
176,Blood Transfusion Service Center,10,RandomFuzzyRules__max_rules_len__6,674,74,4,0.7567567567567568,0.0,0.5397316821465428,0.14805990003515035,0.0003334999782964587
176,Blood Transfusion Service Center,10,RandomFuzzyRules__max_rules_len__7,674,74,4,0.7432432432432432,0.09523809523809523,0.5495356037151703,0.16139479994308203,0.00033820001408457756
222,Bank Marketing,1,RandomFuzzyRules__max_rules_len__2,40689,4522,16,0.8936311366651923,0.2916053019145803,0.5871866030203139,2.401880700024776,0.0009710999438539147
222,Bank Marketing,1,RandomFuzzyRules__max_rules_len__3,40689,4522,16,0.8936311366651923,0.28740740740740744,0.585546682119039,2.254357900004834,0.0010771999368444085
222,Bank Marketing,1,RandomFuzzyRules__max_rules_len__4,40689,4522,16,0.8936311366651923,0.28740740740740744,0.585546682119039,2.4705844999989495,0.0011921999976038933
222,Bank Marketing,1,RandomFuzzyRules__max_rules_len__5,40689,4522,16,0.8936311366651923,0.2916053019145803,0.5871866030203139,2.1581842000596225,0.001234399969689548
222,Bank Marketing,1,RandomFuzzyRules__max_rules_len__6,40689,4522,16,0.8936311366651923,0.2916053019145803,0.5871866030203139,2.1679169998969883,0.0011508000316098332
222,Bank Marketing,1,RandomFuzzyRules__max_rules_len__7,40689,4522,16,0.8936311366651923,0.2916053019145803,0.5871866030203139,2.1383180000120774,0.0011437999783083797
222,Bank Marketing,2,RandomFuzzyRules__max_rules_len__2,40690,4521,16,0.8944923689449237,0.2912332838038633,0.5869177310293012,2.1221080999821424,0.001199499936774373
222,Bank Marketing,2,RandomFuzzyRules__max_rules_len__3,40690,4521,16,0.8949347489493474,0.29210134128166915,0.5871681692962684,2.162128300056793,0.0010148999281227589
222,Bank Marketing,2,RandomFuzzyRules__max_rules_len__4,40690,4521,16,0.8944923689449237,0.2912332838038633,0.5869177310293012,2.185843199957162,0.0010364999761804938
222,Bank Marketing,2,RandomFuzzyRules__max_rules_len__5,40690,4521,16,0.8944923689449237,0.2912332838038633,0.5869177310293012,2.1358195999637246,0.0011368000414222479
222,Bank Marketing,2,RandomFuzzyRules__max_rules_len__6,40690,4521,16,0.8944923689449237,0.2912332838038633,0.5869177310293012,2.5495238000294194,0.0011881999671459198
222,Bank Marketing,2,RandomFuzzyRules__max_rules_len__7,40690,4521,16,0.8944923689449237,0.2912332838038633,0.5869177310293012,2.1910103999543935,0.0011846000561490655
222,Bank Marketing,3,RandomFuzzyRules__max_rules_len__2,40690,4521,16,0.8929440389294404,0.3085714285714286,0.59418861352194,2.3472975000040606,0.0009512000251561403
222,Bank Marketing,3,RandomFuzzyRules__max_rules_len__3,40690,4521,16,0.8929440389294404,0.3065902578796561,0.593368684438821,2.1353225000202656,0.0012128000380471349
222,Bank Marketing,3,RandomFuzzyRules__max_rules_len__4,40690,4521,16,0.8929440389294404,0.3065902578796561,0.593368684438821,2.1287527999375015,0.0010453000431880355
222,Bank Marketing,3,RandomFuzzyRules__max_rules_len__5,40690,4521,16,0.8929440389294404,0.3085714285714286,0.59418861352194,2.1754162999568507,0.0012261000229045749
222,Bank Marketing,3,RandomFuzzyRules__max_rules_len__6,40690,4521,16,0.8929440389294404,0.3085714285714286,0.59418861352194,2.9647552999667823,0.0009249000577256083
222,Bank Marketing,3,RandomFuzzyRules__max_rules_len__7,40690,4521,16,0.8929440389294404,0.3085714285714286,0.59418861352194,2.710059699951671,0.0010862000053748488
222,Bank Marketing,4,RandomFuzzyRules__max_rules_len__2,40690,4521,16,0.8944923689449237,0.2891207153502236,0.5860461471146451,2.111739100073464,0.0008683999767526984
222,Bank Marketing,4,RandomFuzzyRules__max_rules_len__3,40690,4521,16,0.8940499889404999,0.28400597907324365,0.5841557879464032,2.2904500000877306,0.001031799940392375
222,Bank Marketing,4,RandomFuzzyRules__max_rules_len__4,40690,4521,16,0.8940499889404999,0.28400597907324365,0.5841557879464032,2.2188442000187933,0.0010519999777898192
222,Bank Marketing,4,RandomFuzzyRules__max_rules_len__5,40690,4521,16,0.8944923689449237,0.2891207153502236,0.5860461471146451,2.1805032999254763,0.0010461000492796302
222,Bank Marketing,4,RandomFuzzyRules__max_rules_len__6,40690,4521,16,0.8944923689449237,0.2891207153502236,0.5860461471146451,2.2281641999725252,0.0010116000194102526
222,Bank Marketing,4,RandomFuzzyRules__max_rules_len__7,40690,4521,16,0.8944923689449237,0.2891207153502236,0.5860461471146451,2.206253800075501,0.0008694999851286411
222,Bank Marketing,5,RandomFuzzyRules__max_rules_len__2,40690,4521,16,0.8929440389294404,0.2861356932153392,0.5851693936076311,2.3846320000011474,0.001275799935683608
222,Bank Marketing,5,RandomFuzzyRules__max_rules_len__3,40690,4521,16,0.8931652289316523,0.2844444444444445,0.5844747150255141,2.126090299920179,0.0012893000384792686
222,Bank Marketing,5,RandomFuzzyRules__max_rules_len__4,40690,4521,16,0.8931652289316523,0.2844444444444445,0.5844747150255141,2.221098699956201,0.0010158999357372522
222,Bank Marketing,5,RandomFuzzyRules__max_rules_len__5,40690,4521,16,0.8929440389294404,0.2861356932153392,0.5851693936076311,2.161336399964057,0.0012797999661415815
222,Bank Marketing,5,RandomFuzzyRules__max_rules_len__6,40690,4521,16,0.8929440389294404,0.2861356932153392,0.5851693936076311,2.264404199901037,0.0009917001007124782
222,Bank Marketing,5,RandomFuzzyRules__max_rules_len__7,40690,4521,16,0.8929440389294404,0.2861356932153392,0.5851693936076311,2.2005557999946177,0.0013638000236824155
222,Bank Marketing,6,RandomFuzzyRules__max_rules_len__2,40690,4521,16,0.893828798938288,0.2941176470588235,0.5881301828609962,2.2880772999487817,0.0009057000279426575
222,Bank Marketing,6,RandomFuzzyRules__max_rules_len__3,40690,4521,16,0.8918380889183809,0.25796661608497723,0.5747039921051933,2.4866884999210015,0.0012332000769674778
222,Bank Marketing,6,RandomFuzzyRules__max_rules_len__4,40690,4521,16,0.893828798938288,0.2941176470588235,0.5881301828609962,2.1943591000745073,0.0008321999339386821
222,Bank Marketing,6,RandomFuzzyRules__max_rules_len__5,40690,4521,16,0.893828798938288,0.2941176470588235,0.5881301828609962,2.1888524999376386,0.0008549999911338091
222,Bank Marketing,6,RandomFuzzyRules__max_rules_len__6,40690,4521,16,0.893828798938288,0.2941176470588235,0.5881301828609962,2.1912721999688074,0.0009055000264197588
222,Bank Marketing,6,RandomFuzzyRules__max_rules_len__7,40690,4521,16,0.8918380889183809,0.25796661608497723,0.5747039921051933,2.2011947999708354,0.0011414000764489174
222,Bank Marketing,7,RandomFuzzyRules__max_rules_len__2,40690,4521,16,0.8880778588807786,0.23564954682779454,0.5668352300063265,2.2554139000130817,0.0013231000630185008
222,Bank Marketing,7,RandomFuzzyRules__max_rules_len__3,40690,4521,16,0.8882990488829905,0.23368740515933234,0.5661405514242095,2.2003746000118554,0.0012188999680802226
222,Bank Marketing,7,RandomFuzzyRules__max_rules_len__4,40690,4521,16,0.8882990488829905,0.23368740515933234,0.5661405514242095,2.1852357001043856,0.0010380999883636832
222,Bank Marketing,7,RandomFuzzyRules__max_rules_len__5,40690,4521,16,0.8880778588807786,0.23564954682779454,0.5668352300063265,2.4783497999887913,0.000974800088442862
222,Bank Marketing,7,RandomFuzzyRules__max_rules_len__6,40690,4521,16,0.8880778588807786,0.23564954682779454,0.5668352300063265,2.678908599889837,0.0011088000610470772
222,Bank Marketing,7,RandomFuzzyRules__max_rules_len__7,40690,4521,16,0.8880778588807786,0.23564954682779454,0.5668352300063265,2.4322164999321103,0.0009317999938502908
222,Bank Marketing,8,RandomFuzzyRules__max_rules_len__2,40690,4521,16,0.8902897589028976,0.2619047619047619,0.5762870258475363,2.13032810005825,0.0013070999411866069
222,Bank Marketing,8,RandomFuzzyRules__max_rules_len__3,40690,4521,16,0.8902897589028976,0.25748502994011974,0.5746471676812983,2.106747700017877,0.0012451999355107546
222,Bank Marketing,8,RandomFuzzyRules__max_rules_len__4,40690,4521,16,0.8902897589028976,0.25748502994011974,0.5746471676812983,2.1998406999045983,0.0012110000243410468
222,Bank Marketing,8,RandomFuzzyRules__max_rules_len__5,40690,4521,16,0.8902897589028976,0.2619047619047619,0.5762870258475363,2.1974616000661626,0.00109479995444417
222,Bank Marketing,8,RandomFuzzyRules__max_rules_len__6,40690,4521,16,0.8902897589028976,0.2619047619047619,0.5762870258475363,2.4665879000676796,0.0012401000130921602
222,Bank Marketing,8,RandomFuzzyRules__max_rules_len__7,40690,4521,16,0.8902897589028976,0.2619047619047619,0.5762870258475363,2.1339019999140874,0.0011036000214517117
222,Bank Marketing,9,RandomFuzzyRules__max_rules_len__2,40690,4521,16,0.8947135589471356,0.30205278592375373,0.591090972114361,2.3112348000286147,0.0011486000148579478
222,Bank Marketing,9,RandomFuzzyRules__max_rules_len__3,40690,4521,16,0.8947135589471356,0.30205278592375373,0.591090972114361,2.1105374000035226,0.0008535999804735184
222,Bank Marketing,9,RandomFuzzyRules__max_rules_len__4,40690,4521,16,0.8947135589471356,0.30205278592375373,0.591090972114361,2.1548360999440774,0.0008316000457853079
222,Bank Marketing,9,RandomFuzzyRules__max_rules_len__5,40690,4521,16,0.8947135589471356,0.30205278592375373,0.591090972114361,2.191368500003591,0.0008999999845400453
222,Bank Marketing,9,RandomFuzzyRules__max_rules_len__6,40690,4521,16,0.8947135589471356,0.30205278592375373,0.591090972114361,2.38965729996562,0.0008186999475583434
222,Bank Marketing,9,RandomFuzzyRules__max_rules_len__7,40690,4521,16,0.8947135589471356,0.30205278592375373,0.591090972114361,2.9112350000068545,0.0008575000101700425
222,Bank Marketing,10,RandomFuzzyRules__max_rules_len__2,40690,4521,16,0.893607608936076,0.31383737517831667,0.5962042231911839,2.1226219000527635,0.00086090003605932
222,Bank Marketing,10,RandomFuzzyRules__max_rules_len__3,40690,4521,16,0.893607608936076,0.31383737517831667,0.5962042231911839,2.109716200036928,0.0009896999690681696
222,Bank Marketing,10,RandomFuzzyRules__max_rules_len__4,40690,4521,16,0.893607608936076,0.31383737517831667,0.5962042231911839,2.22321299999021,0.0009654000168666244
222,Bank Marketing,10,RandomFuzzyRules__max_rules_len__5,40690,4521,16,0.893607608936076,0.31383737517831667,0.5962042231911839,2.1925646000308916,0.0013014000141993165
222,Bank Marketing,10,RandomFuzzyRules__max_rules_len__6,40690,4521,16,0.893607608936076,0.31383737517831667,0.5962042231911839,2.187533100019209,0.001036900095641613
222,Bank Marketing,10,RandomFuzzyRules__max_rules_len__7,40690,4521,16,0.893607608936076,0.31383737517831667,0.5962042231911839,2.1702783999498934,0.0008605000330135226
225,ILPD (Indian Liver Patient Dataset),1,RandomFuzzyRules__max_rules_len__2,524,59,10,0.6949152542372882,0.0,0.5273109243697479,0.06596279994118959,0.000229199999012053
225,ILPD (Indian Liver Patient Dataset),1,RandomFuzzyRules__max_rules_len__3,524,59,10,0.711864406779661,0.10526315789473684,0.5896358543417367,0.06914969999343157,0.0003391000209376216
225,ILPD (Indian Liver Patient Dataset),1,RandomFuzzyRules__max_rules_len__4,524,59,10,0.6949152542372882,0.0,0.5273109243697479,0.09684989997185767,0.00024800002574920654
225,ILPD (Indian Liver Patient Dataset),1,RandomFuzzyRules__max_rules_len__5,524,59,10,0.6949152542372882,0.0,0.5273109243697479,0.07526840001810342,0.00033210008405148983
225,ILPD (Indian Liver Patient Dataset),1,RandomFuzzyRules__max_rules_len__6,524,59,10,0.711864406779661,0.19047619047619047,0.5966386554621849,0.10762879997491837,0.00035799993202090263
225,ILPD (Indian Liver Patient Dataset),1,RandomFuzzyRules__max_rules_len__7,524,59,10,0.711864406779661,0.0,0.5070028011204482,0.10382379998918623,0.00031299993861466646
225,ILPD (Indian Liver Patient Dataset),2,RandomFuzzyRules__max_rules_len__2,524,59,10,0.6949152542372882,0.1818181818181818,0.6526610644257703,0.06448299996554852,0.0002297000028192997
225,ILPD (Indian Liver Patient Dataset),2,RandomFuzzyRules__max_rules_len__3,524,59,10,0.6949152542372882,0.1,0.6190476190476191,0.06869999994523823,0.0003258000360801816
225,ILPD (Indian Liver Patient Dataset),2,RandomFuzzyRules__max_rules_len__4,524,59,10,0.6779661016949152,0.09523809523809523,0.5042016806722689,0.09891940001398325,0.00030620000325143337
225,ILPD (Indian Liver Patient Dataset),2,RandomFuzzyRules__max_rules_len__5,524,59,10,0.6779661016949152,0.0,0.5126050420168067,0.07308400003239512,0.000287800095975399
225,ILPD (Indian Liver Patient Dataset),2,RandomFuzzyRules__max_rules_len__6,524,59,10,0.6779661016949152,0.09523809523809523,0.6596638655462185,0.07756160001736134,0.00029250001534819603
225,ILPD (Indian Liver Patient Dataset),2,RandomFuzzyRules__max_rules_len__7,524,59,10,0.6949152542372882,0.1818181818181818,0.6526610644257703,0.10580839996691793,0.00028229993768036366
225,ILPD (Indian Liver Patient Dataset),3,RandomFuzzyRules__max_rules_len__2,524,59,10,0.711864406779661,0.0,0.45798319327731096,0.09285910008475184,0.0002818999346345663
225,ILPD (Indian Liver Patient Dataset),3,RandomFuzzyRules__max_rules_len__3,524,59,10,0.7288135593220338,0.1111111111111111,0.665266106442577,0.06125140003859997,0.00025129993446171284
225,ILPD (Indian Liver Patient Dataset),3,RandomFuzzyRules__max_rules_len__4,524,59,10,0.6949152542372882,0.0,0.41456582633053224,0.1004953000228852,0.0002946000313386321
225,ILPD (Indian Liver Patient Dataset),3,RandomFuzzyRules__max_rules_len__5,524,59,10,0.7288135593220338,0.1111111111111111,0.8837535014005602,0.07737590000033379,0.0003065000055357814
225,ILPD (Indian Liver Patient Dataset),3,RandomFuzzyRules__max_rules_len__6,524,59,10,0.6949152542372882,0.0,0.4789915966386555,0.07666380004957318,0.00024189997930079699
225,ILPD (Indian Liver Patient Dataset),3,RandomFuzzyRules__max_rules_len__7,524,59,10,0.7627118644067796,0.3636363636363636,0.6141456582633052,0.10535750002600253,0.0002637000288814306
225,ILPD (Indian Liver Patient Dataset),4,RandomFuzzyRules__max_rules_len__2,525,58,10,0.7241379310344828,0.1111111111111111,0.5922619047619048,0.08783840003889054,0.0002370000584051013
225,ILPD (Indian Liver Patient Dataset),4,RandomFuzzyRules__max_rules_len__3,525,58,10,0.7241379310344828,0.1111111111111111,0.5863095238095238,0.09440669999457896,0.00026759994216263294
225,ILPD (Indian Liver Patient Dataset),4,RandomFuzzyRules__max_rules_len__4,525,58,10,0.7241379310344828,0.0,0.5252976190476191,0.06930289999581873,0.00027710001450031996
225,ILPD (Indian Liver Patient Dataset),4,RandomFuzzyRules__max_rules_len__5,525,58,10,0.7068965517241379,0.0,0.6101190476190477,0.07494199997745454,0.000340400030836463
225,ILPD (Indian Liver Patient Dataset),4,RandomFuzzyRules__max_rules_len__6,525,58,10,0.7413793103448276,0.11764705882352941,0.7053571428571428,0.07295790000353009,0.00031319994013756514
225,ILPD (Indian Liver Patient Dataset),4,RandomFuzzyRules__max_rules_len__7,525,58,10,0.7413793103448276,0.11764705882352941,0.5111607142857142,0.1083754999563098,0.0002905000001192093
225,ILPD (Indian Liver Patient Dataset),5,RandomFuzzyRules__max_rules_len__2,525,58,10,0.6896551724137931,0.0,0.6904761904761905,0.09169760008808225,0.0002831999445334077
225,ILPD (Indian Liver Patient Dataset),5,RandomFuzzyRules__max_rules_len__3,525,58,10,0.6896551724137931,0.0,0.6815476190476191,0.08589039999060333,0.00032350001856684685
225,ILPD (Indian Liver Patient Dataset),5,RandomFuzzyRules__max_rules_len__4,525,58,10,0.7068965517241379,0.0,0.6845238095238095,0.06656359997577965,0.00023830006830394268
225,ILPD (Indian Liver Patient Dataset),5,RandomFuzzyRules__max_rules_len__5,525,58,10,0.6896551724137931,0.0,0.6860119047619048,0.0991296999854967,0.0002362999366596341
225,ILPD (Indian Liver Patient Dataset),5,RandomFuzzyRules__max_rules_len__6,525,58,10,0.6724137931034483,0.0,0.6279761904761905,0.07605050003621727,0.0002734999870881438
225,ILPD (Indian Liver Patient Dataset),5,RandomFuzzyRules__max_rules_len__7,525,58,10,0.7413793103448276,0.11764705882352941,0.6889880952380952,0.07846880005672574,0.0002986999461427331
225,ILPD (Indian Liver Patient Dataset),6,RandomFuzzyRules__max_rules_len__2,525,58,10,0.7241379310344828,0.0,0.6354166666666667,0.09238140005618334,0.0003098000306636095
225,ILPD (Indian Liver Patient Dataset),6,RandomFuzzyRules__max_rules_len__3,525,58,10,0.6896551724137931,0.1,0.6354166666666667,0.08992669999133795,0.0002954000374302268
225,ILPD (Indian Liver Patient Dataset),6,RandomFuzzyRules__max_rules_len__4,525,58,10,0.7241379310344828,0.0,0.6294642857142857,0.07140749995596707,0.00027459999546408653
225,ILPD (Indian Liver Patient Dataset),6,RandomFuzzyRules__max_rules_len__5,525,58,10,0.7068965517241379,0.32,0.46279761904761907,0.07075029995758086,0.000287200091406703
225,ILPD (Indian Liver Patient Dataset),6,RandomFuzzyRules__max_rules_len__6,525,58,10,0.6724137931034483,0.09523809523809523,0.43601190476190477,0.07660429994575679,0.00024189997930079699
225,ILPD (Indian Liver Patient Dataset),6,RandomFuzzyRules__max_rules_len__7,525,58,10,0.7241379310344828,0.0,0.47916666666666663,0.10893610003404319,0.0002397000789642334
225,ILPD (Indian Liver Patient Dataset),7,RandomFuzzyRules__max_rules_len__2,525,58,10,0.6896551724137931,0.1818181818181818,0.6563845050215207,0.06525220000185072,0.0002570999786257744
225,ILPD (Indian Liver Patient Dataset),7,RandomFuzzyRules__max_rules_len__3,525,58,10,0.6896551724137931,0.1818181818181818,0.6685796269727403,0.0960899000056088,0.0003383000148460269
225,ILPD (Indian Liver Patient Dataset),7,RandomFuzzyRules__max_rules_len__4,525,58,10,0.7241379310344828,0.1111111111111111,0.6571018651362985,0.0625975999282673,0.0002479000249877572
225,ILPD (Indian Liver Patient Dataset),7,RandomFuzzyRules__max_rules_len__5,525,58,10,0.6724137931034483,0.09523809523809523,0.48206599713055953,0.10326190001796931,0.0003032999811694026
225,ILPD (Indian Liver Patient Dataset),7,RandomFuzzyRules__max_rules_len__6,525,58,10,0.7068965517241379,0.10526315789473684,0.6470588235294118,0.10348900000099093,0.0003318000817671418
225,ILPD (Indian Liver Patient Dataset),7,RandomFuzzyRules__max_rules_len__7,525,58,10,0.7068965517241379,0.19047619047619047,0.5007173601147776,0.08177249995060265,0.0002896999940276146
225,ILPD (Indian Liver Patient Dataset),8,RandomFuzzyRules__max_rules_len__2,525,58,10,0.6379310344827587,0.0,0.4598278335724533,0.08358899992890656,0.00022380007430911064
225,ILPD (Indian Liver Patient Dataset),8,RandomFuzzyRules__max_rules_len__3,525,58,10,0.6379310344827587,0.0,0.4677187948350072,0.09375330002512783,0.0002858999650925398
225,ILPD (Indian Liver Patient Dataset),8,RandomFuzzyRules__max_rules_len__4,525,58,10,0.6551724137931034,0.0,0.48923959827833574,0.09761769999749959,0.00032480002846568823
225,ILPD (Indian Liver Patient Dataset),8,RandomFuzzyRules__max_rules_len__5,525,58,10,0.6379310344827587,0.0,0.45911047345767575,0.09869909996632487,0.00034259993117302656
225,ILPD (Indian Liver Patient Dataset),8,RandomFuzzyRules__max_rules_len__6,525,58,10,0.6724137931034483,0.0,0.4418938307030129,0.07063929992727935,0.0002429999876767397
225,ILPD (Indian Liver Patient Dataset),8,RandomFuzzyRules__max_rules_len__7,525,58,10,0.6551724137931034,0.16666666666666666,0.5107604017216643,0.10613129998091608,0.0002498000394552946
225,ILPD (Indian Liver Patient Dataset),9,RandomFuzzyRules__max_rules_len__2,525,58,10,0.7241379310344828,0.1111111111111111,0.7259684361549499,0.09414820000529289,0.0002791000297293067
225,ILPD (Indian Liver Patient Dataset),9,RandomFuzzyRules__max_rules_len__3,525,58,10,0.7413793103448276,0.3478260869565218,0.7460545193687231,0.08670210000127554,0.00027279998175799847
225,ILPD (Indian Liver Patient Dataset),9,RandomFuzzyRules__max_rules_len__4,525,58,10,0.6896551724137931,0.0,0.48206599713055953,0.09705909993499517,0.0002750999992713332
225,ILPD (Indian Liver Patient Dataset),9,RandomFuzzyRules__max_rules_len__5,525,58,10,0.6896551724137931,0.0,0.7790530846484935,0.09706050006207079,0.0002837999491021037
225,ILPD (Indian Liver Patient Dataset),9,RandomFuzzyRules__max_rules_len__6,525,58,10,0.7068965517241379,0.0,0.5050215208034433,0.07643450004979968,0.0003244000254198909
225,ILPD (Indian Liver Patient Dataset),9,RandomFuzzyRules__max_rules_len__7,525,58,10,0.7241379310344828,0.1111111111111111,0.5796269727403156,0.08291400002781302,0.000291600008495152
225,ILPD (Indian Liver Patient Dataset),10,RandomFuzzyRules__max_rules_len__2,525,58,10,0.7068965517241379,0.2608695652173913,0.5681492109038737,0.06078880000859499,0.00023770006373524666
225,ILPD (Indian Liver Patient Dataset),10,RandomFuzzyRules__max_rules_len__3,525,58,10,0.6724137931034483,0.1739130434782609,0.6111908177905309,0.09594650007784367,0.0003510999958962202
225,ILPD (Indian Liver Patient Dataset),10,RandomFuzzyRules__max_rules_len__4,525,58,10,0.6896551724137931,0.1818181818181818,0.5868005738880919,0.08962550002615899,0.0002522000577300787
225,ILPD (Indian Liver Patient Dataset),10,RandomFuzzyRules__max_rules_len__5,525,58,10,0.7068965517241379,0.10526315789473684,0.46628407460545196,0.0989733999595046,0.00024300010409206152
225,ILPD (Indian Liver Patient Dataset),10,RandomFuzzyRules__max_rules_len__6,525,58,10,0.6896551724137931,0.1,0.5796269727403156,0.07177129993215203,0.00030239997431635857
225,ILPD (Indian Liver Patient Dataset),10,RandomFuzzyRules__max_rules_len__7,525,58,10,0.7413793103448276,0.21052631578947367,0.5724533715925393,0.08216810005251318,0.00033459998667240143
264,EEG Eye State,1,RandomFuzzyRules__max_rules_len__2,13482,1498,14,0.5921228304405874,0.3142536475869809,0.597198201314424,0.6127011000644416,0.000408099964261055
264,EEG Eye State,1,RandomFuzzyRules__max_rules_len__3,13482,1498,14,0.5747663551401869,0.39391056137012376,0.5810993889081056,0.7713001000229269,0.0005492999916896224
264,EEG Eye State,1,RandomFuzzyRules__max_rules_len__4,13482,1498,14,0.5761014686248331,0.393505253104107,0.5809687752219532,0.7995729999383911,0.0003741000546142459
264,EEG Eye State,1,RandomFuzzyRules__max_rules_len__5,13482,1498,14,0.589452603471295,0.3904856293359762,0.589496497751643,0.6864956000354141,0.0004384999629110098
264,EEG Eye State,1,RandomFuzzyRules__max_rules_len__6,13482,1498,14,0.589452603471295,0.3904856293359762,0.589496497751643,0.7491084000794217,0.00045819999650120735
264,EEG Eye State,1,RandomFuzzyRules__max_rules_len__7,13482,1498,14,0.5874499332443258,0.3369098712446352,0.6003185172374035,0.8479367999825627,0.0006991999689489603
264,EEG Eye State,2,RandomFuzzyRules__max_rules_len__2,13482,1498,14,0.6021361815754339,0.3507625272331155,0.5024915686613628,0.5659866000059992,0.0005037999944761395
264,EEG Eye State,2,RandomFuzzyRules__max_rules_len__3,13482,1498,14,0.5941255006675568,0.2995391705069125,0.49456106595180443,0.6289243999635801,0.0005622999742627144
264,EEG Eye State,2,RandomFuzzyRules__max_rules_len__4,13482,1498,14,0.5974632843791722,0.2980209545983702,0.49541410843998623,0.6286382999969646,0.00040549994446337223
264,EEG Eye State,2,RandomFuzzyRules__max_rules_len__5,13482,1498,14,0.5720961281708945,0.33575129533678755,0.5506456820016141,0.6375697000185028,0.0004273999948054552
264,EEG Eye State,2,RandomFuzzyRules__max_rules_len__6,13482,1498,14,0.5941255006675568,0.2995391705069125,0.49456106595180443,0.7925349000142887,0.0004702999722212553
264,EEG Eye State,2,RandomFuzzyRules__max_rules_len__7,13482,1498,14,0.5934579439252337,0.28604923798358733,0.49534654963680386,0.6851125999819487,0.00047770002856850624
264,EEG Eye State,3,RandomFuzzyRules__max_rules_len__2,13482,1498,14,0.5807743658210948,0.34854771784232363,0.5721104649486913,0.5436694999225438,0.0004865999799221754
264,EEG Eye State,3,RandomFuzzyRules__max_rules_len__3,13482,1498,14,0.5807743658210948,0.34854771784232363,0.5721104649486913,0.5892696999944746,0.000480300048366189
264,EEG Eye State,3,RandomFuzzyRules__max_rules_len__4,13482,1498,14,0.5887850467289719,0.37777777777777777,0.6035955695837658,0.6051049999659881,0.0005712999263778329
264,EEG Eye State,3,RandomFuzzyRules__max_rules_len__5,13482,1498,14,0.5794392523364486,0.31521739130434784,0.5717816787732042,0.6767948000924662,0.00036069995258003473
264,EEG Eye State,3,RandomFuzzyRules__max_rules_len__6,13482,1498,14,0.5781041388518025,0.326226012793177,0.5712970569583766,0.892904800013639,0.0005647999932989478
264,EEG Eye State,3,RandomFuzzyRules__max_rules_len__7,13482,1498,14,0.5794392523364486,0.3269230769230769,0.5704791450478497,0.665235299966298,0.0004964999388903379
264,EEG Eye State,4,RandomFuzzyRules__max_rules_len__2,13482,1498,14,0.5801068090787717,0.32438238453276047,0.5651347933241093,0.5435704999836162,0.00041290000081062317
264,EEG Eye State,4,RandomFuzzyRules__max_rules_len__3,13482,1498,14,0.5801068090787717,0.32438238453276047,0.5651347933241093,0.7441294000018388,0.0004824999487027526
264,EEG Eye State,4,RandomFuzzyRules__max_rules_len__4,13482,1498,14,0.5867823765020027,0.36119711042311664,0.6139924190014989,0.6098699000431225,0.0006216000765562057
264,EEG Eye State,4,RandomFuzzyRules__max_rules_len__5,13482,1498,14,0.5867823765020027,0.30992196209587514,0.5658040758676351,0.6322228999342769,0.0005263000493869185
264,EEG Eye State,4,RandomFuzzyRules__max_rules_len__6,13482,1498,14,0.5861148197596796,0.3156732891832229,0.5652924305315347,0.6419795999536291,0.0006292000180110335
264,EEG Eye State,4,RandomFuzzyRules__max_rules_len__7,13482,1498,14,0.5841121495327103,0.3131201764057332,0.5646871036550214,0.6874171999515966,0.0004686999600380659
264,EEG Eye State,5,RandomFuzzyRules__max_rules_len__2,13482,1498,14,0.5927903871829105,0.3645833333333333,0.581029127752796,0.546117200050503,0.00048349995631724596
264,EEG Eye State,5,RandomFuzzyRules__max_rules_len__3,13482,1498,14,0.5927903871829105,0.3645833333333333,0.581029127752796,0.5835001999512315,0.0004403000930324197
264,EEG Eye State,5,RandomFuzzyRules__max_rules_len__4,13482,1498,14,0.6054739652870494,0.39877924720244157,0.625623342557362,0.6239927000133321,0.0006258001085370779
264,EEG Eye State,5,RandomFuzzyRules__max_rules_len__5,13482,1498,14,0.589452603471295,0.33799784714747044,0.5816551726622853,0.6314649999840185,0.0004979000659659505
264,EEG Eye State,5,RandomFuzzyRules__max_rules_len__6,13482,1498,14,0.5887850467289719,0.34047109207708776,0.5808453678081402,0.6202809000387788,0.0005967000033706427
264,EEG Eye State,5,RandomFuzzyRules__max_rules_len__7,13482,1498,14,0.5887850467289719,0.34047109207708776,0.5802868817018333,0.6780453000683337,0.0004931999137625098
264,EEG Eye State,6,RandomFuzzyRules__max_rules_len__2,13482,1498,14,0.5761014686248331,0.30449069003285867,0.5516752781621123,0.5526559000136331,0.0004702000878751278
264,EEG Eye State,6,RandomFuzzyRules__max_rules_len__3,13482,1498,14,0.5761014686248331,0.30449069003285867,0.5516752781621123,0.6128090999554843,0.00044450000859797
264,EEG Eye State,6,RandomFuzzyRules__max_rules_len__4,13482,1498,14,0.5674232309746329,0.31645569620253167,0.5807733050847458,0.6078596999868751,0.0006152000278234482
264,EEG Eye State,6,RandomFuzzyRules__max_rules_len__5,13482,1498,14,0.57543391188251,0.2789115646258503,0.5525562449556094,0.6188212999841198,0.0005372000159695745
264,EEG Eye State,6,RandomFuzzyRules__max_rules_len__6,13482,1498,14,0.57543391188251,0.28859060402684567,0.5516851867865791,0.6487454999005422,0.0006023000460118055
264,EEG Eye State,6,RandomFuzzyRules__max_rules_len__7,13482,1498,14,0.5761014686248331,0.28891377379619265,0.5513789202121526,0.6491896999068558,0.0005627000937238336
264,EEG Eye State,7,RandomFuzzyRules__max_rules_len__2,13482,1498,14,0.5640854472630173,0.33299284984678246,0.56392684192321,0.6962754999985918,0.0004276001127436757
264,EEG Eye State,7,RandomFuzzyRules__max_rules_len__3,13482,1498,14,0.5640854472630173,0.33299284984678246,0.56392684192321,0.6137384000467137,0.0004935999168083072
264,EEG Eye State,7,RandomFuzzyRules__max_rules_len__4,13482,1498,14,0.5714285714285714,0.3462321792260692,0.5932365530958146,0.5999690000899136,0.0004875999875366688
264,EEG Eye State,7,RandomFuzzyRules__max_rules_len__5,13482,1498,14,0.5600801068090788,0.2951871657754011,0.5641619465582843,0.6769122999394313,0.000505700008943677
264,EEG Eye State,7,RandomFuzzyRules__max_rules_len__6,13482,1498,14,0.5614152202937249,0.310598111227702,0.5636043612360199,0.6472576999804005,0.0005828000139445066
264,EEG Eye State,7,RandomFuzzyRules__max_rules_len__7,13482,1498,14,0.5640854472630173,0.3147953830010493,0.5629521935893,0.6747207000153139,0.0005114000523462892
264,EEG Eye State,8,RandomFuzzyRules__max_rules_len__2,13482,1498,14,0.5914552736982643,0.4081237911025145,0.5958575352334639,0.5482479000929743,0.0005423999391496181
264,EEG Eye State,8,RandomFuzzyRules__max_rules_len__3,13482,1498,14,0.6061415220293725,0.46846846846846846,0.6201251744788149,0.6017201000358909,0.0005310999695211649
264,EEG Eye State,8,RandomFuzzyRules__max_rules_len__4,13482,1498,14,0.5634178905206942,0.3012820512820513,0.5477139898239453,0.6107797999866307,0.0004811000544577837
264,EEG Eye State,8,RandomFuzzyRules__max_rules_len__5,13482,1498,14,0.5720961281708945,0.3634558093346574,0.5610302129767211,0.6229893000563607,0.0005078999092802405
264,EEG Eye State,8,RandomFuzzyRules__max_rules_len__6,13482,1498,14,0.5794392523364486,0.37125748502994016,0.5839308388491152,0.6348658000351861,0.0005192001117393374
264,EEG Eye State,8,RandomFuzzyRules__max_rules_len__7,13482,1498,14,0.5634178905206942,0.3012820512820513,0.5477139898239453,0.634307499974966,0.00047640001866966486
264,EEG Eye State,9,RandomFuzzyRules__max_rules_len__2,13482,1498,14,0.5727636849132176,0.3147751605995717,0.5298689720383628,0.55118529999163,0.00047309999354183674
264,EEG Eye State,9,RandomFuzzyRules__max_rules_len__3,13482,1498,14,0.5727636849132176,0.3147751605995717,0.5298689720383628,0.5952989999204874,0.0004786000354215503
264,EEG Eye State,9,RandomFuzzyRules__max_rules_len__4,13482,1498,14,0.5847797062750334,0.3665987780040733,0.6075266783736323,0.6190353999845684,0.0006166999228298664
264,EEG Eye State,9,RandomFuzzyRules__max_rules_len__5,13482,1498,14,0.568090787716956,0.28822882288228824,0.5298374532847043,0.6397365999873728,0.0005056000081822276
264,EEG Eye State,9,RandomFuzzyRules__max_rules_len__6,13482,1498,14,0.5700934579439252,0.3,0.5292088792831735,0.6345477999420837,0.0006143000209704041
264,EEG Eye State,9,RandomFuzzyRules__max_rules_len__7,13482,1498,14,0.5694259012016022,0.29967426710097717,0.5281462470169751,0.6516961000161245,0.0005014000926166773
264,EEG Eye State,10,RandomFuzzyRules__max_rules_len__2,13482,1498,14,0.5727636849132176,0.31914893617021284,0.556796794092485,0.5773014000151306,0.0004841999616473913
264,EEG Eye State,10,RandomFuzzyRules__max_rules_len__3,13482,1498,14,0.5727636849132176,0.31914893617021284,0.556796794092485,0.5784549999516457,0.0004829999525099993
264,EEG Eye State,10,RandomFuzzyRules__max_rules_len__4,13482,1498,14,0.5774365821094793,0.34539813857290586,0.6074204151470125,0.6026949998922646,0.0006160000339150429
264,EEG Eye State,10,RandomFuzzyRules__max_rules_len__5,13482,1498,14,0.5734312416555407,0.29392265193370165,0.5585339276869737,0.6219121000031009,0.00035820004995912313
264,EEG Eye State,10,RandomFuzzyRules__max_rules_len__6,13482,1498,14,0.5727636849132176,0.29978118161925604,0.5574839029222387,0.6353005999699235,0.0005997000262141228
264,EEG Eye State,10,RandomFuzzyRules__max_rules_len__7,13482,1498,14,0.5727636849132176,0.29978118161925604,0.5572245486064208,0.6481130999745801,0.0004691000794991851
267,Banknote Authentication,1,RandomFuzzyRules__max_rules_len__2,1234,138,4,0.9637681159420289,0.9579831932773109,0.9980838833297849,0.1231619999743998,0.000255199964158237
267,Banknote Authentication,1,RandomFuzzyRules__max_rules_len__3,1234,138,4,0.8985507246376812,0.8833333333333333,0.9544390036193315,0.10966329998336732,0.0002810000441968441
267,Banknote Authentication,1,RandomFuzzyRules__max_rules_len__4,1234,138,4,0.9637681159420289,0.9579831932773109,0.9914839259101553,0.1164012000663206,0.0002980999415740371
267,Banknote Authentication,1,RandomFuzzyRules__max_rules_len__5,1234,138,4,0.8840579710144928,0.8709677419354839,0.9667873110496061,0.1304827999556437,0.0003651999868452549
267,Banknote Authentication,1,RandomFuzzyRules__max_rules_len__6,1234,138,4,0.9710144927536232,0.9672131147540983,0.9957419629550777,0.15482110006269068,0.00033459998667240143
267,Banknote Authentication,1,RandomFuzzyRules__max_rules_len__7,1234,138,4,0.9130434782608695,0.9104477611940298,0.9929742388758782,0.15961209998931736,0.0003331999760121107
267,Banknote Authentication,2,RandomFuzzyRules__max_rules_len__2,1234,138,4,0.9420289855072463,0.9298245614035088,0.9987225888865233,0.10028380004223436,0.000327100045979023
267,Banknote Authentication,2,RandomFuzzyRules__max_rules_len__3,1234,138,4,0.8695652173913043,0.8392857142857142,0.9239940387481371,0.10954340000171214,0.00029829994309693575
267,Banknote Authentication,2,RandomFuzzyRules__max_rules_len__4,1234,138,4,0.9057971014492754,0.882882882882883,0.9872258888652331,0.11211380001623183,0.0002503000432625413
267,Banknote Authentication,2,RandomFuzzyRules__max_rules_len__5,1234,138,4,0.8768115942028986,0.8521739130434782,0.9478390461997019,0.14006340003106743,0.00033119996078312397
267,Banknote Authentication,2,RandomFuzzyRules__max_rules_len__6,1234,138,4,0.9057971014492754,0.8959999999999999,0.9576325314030233,0.14811339997686446,0.0003423999296501279
267,Banknote Authentication,2,RandomFuzzyRules__max_rules_len__7,1234,138,4,0.9347826086956522,0.9302325581395349,0.9910581222056631,0.15271449997089803,0.00034959998447448015
267,Banknote Authentication,3,RandomFuzzyRules__max_rules_len__2,1235,137,4,0.9343065693430657,0.9217391304347826,0.9959016393442623,0.10390899993944913,0.0003104000352323055
267,Banknote Authentication,3,RandomFuzzyRules__max_rules_len__3,1235,137,4,0.8978102189781022,0.8833333333333333,0.9456427955133735,0.10559510008897632,0.0002967999316751957
267,Banknote Authentication,3,RandomFuzzyRules__max_rules_len__4,1235,137,4,0.9124087591240876,0.8965517241379309,0.9760569456427955,0.11257310002110898,0.0003329000901430845
267,Banknote Authentication,3,RandomFuzzyRules__max_rules_len__5,1235,137,4,0.9051094890510949,0.8925619834710743,0.9534081104400346,0.13109939999412745,0.00033790001180022955
267,Banknote Authentication,3,RandomFuzzyRules__max_rules_len__6,1235,137,4,0.927007299270073,0.9193548387096775,0.972174288179465,0.13994020002428442,0.00033850001636892557
267,Banknote Authentication,3,RandomFuzzyRules__max_rules_len__7,1235,137,4,0.9197080291970803,0.9147286821705426,0.9877049180327868,0.15168300003279,0.00034010002855211496
267,Banknote Authentication,4,RandomFuzzyRules__max_rules_len__2,1235,137,4,0.9124087591240876,0.8909090909090909,0.9995685936151856,0.13821429992094636,0.00031720008701086044
267,Banknote Authentication,4,RandomFuzzyRules__max_rules_len__3,1235,137,4,0.8686131386861314,0.8448275862068965,0.9342105263157894,0.10864420002326369,0.0003360999980941415
267,Banknote Authentication,4,RandomFuzzyRules__max_rules_len__4,1235,137,4,0.9197080291970803,0.9043478260869565,0.9900776531492665,0.12270289997104555,0.00034609995782375336
267,Banknote Authentication,4,RandomFuzzyRules__max_rules_len__5,1235,137,4,0.8321167883211679,0.7722772277227722,0.9333477135461604,0.1285797000164166,0.0003434000536799431
267,Banknote Authentication,4,RandomFuzzyRules__max_rules_len__6,1235,137,4,0.9051094890510949,0.8943089430894309,0.9710957722174287,0.1558007999556139,0.0003331999760121107
267,Banknote Authentication,4,RandomFuzzyRules__max_rules_len__7,1235,137,4,0.9416058394160584,0.9384615384615386,0.9887834339948232,0.14720599993597716,0.00030090007930994034
267,Banknote Authentication,5,RandomFuzzyRules__max_rules_len__2,1235,137,4,0.9927007299270073,0.9917355371900827,0.9993528904227782,0.10672809998504817,0.00022990000434219837
267,Banknote Authentication,5,RandomFuzzyRules__max_rules_len__3,1235,137,4,0.9051094890510949,0.8925619834710743,0.973899913718723,0.10775750002358109,0.0002466000150889158
267,Banknote Authentication,5,RandomFuzzyRules__max_rules_len__4,1235,137,4,0.9708029197080292,0.9666666666666667,0.9930974978429681,0.11746490001678467,0.00036559998989105225
267,Banknote Authentication,5,RandomFuzzyRules__max_rules_len__5,1235,137,4,0.9124087591240876,0.8928571428571428,0.9359361518550474,0.12523729994427413,0.0002701000776141882
267,Banknote Authentication,5,RandomFuzzyRules__max_rules_len__6,1235,137,4,0.948905109489051,0.9448818897637795,0.9779982743744606,0.1418588999658823,0.00033650000113993883
267,Banknote Authentication,5,RandomFuzzyRules__max_rules_len__7,1235,137,4,0.9416058394160584,0.9384615384615386,0.9946074201898187,0.15110240003559738,0.00035580003168433905
267,Banknote Authentication,6,RandomFuzzyRules__max_rules_len__2,1235,137,4,0.9635036496350365,0.9579831932773109,0.9976272648835203,0.10297290002927184,0.0003041001036763191
267,Banknote Authentication,6,RandomFuzzyRules__max_rules_len__3,1235,137,4,0.9124087591240876,0.8983050847457625,0.9631147540983607,0.10884750005789101,0.0002541999565437436
267,Banknote Authentication,6,RandomFuzzyRules__max_rules_len__4,1235,137,4,0.9343065693430657,0.923076923076923,0.9887834339948232,0.11802600009832531,0.0003090999089181423
267,Banknote Authentication,6,RandomFuzzyRules__max_rules_len__5,1235,137,4,0.9124087591240876,0.9016393442622952,0.9702329594477999,0.15772300004027784,0.0003488999791443348
267,Banknote Authentication,6,RandomFuzzyRules__max_rules_len__6,1235,137,4,0.9343065693430657,0.9291338582677166,0.9680759275237273,0.14417860005050898,0.0003341999836266041
267,Banknote Authentication,6,RandomFuzzyRules__max_rules_len__7,1235,137,4,0.948905109489051,0.9457364341085273,0.9950388265746334,0.16144679998978972,0.00033489998895674944
267,Banknote Authentication,7,RandomFuzzyRules__max_rules_len__2,1235,137,4,0.9708029197080292,0.9672131147540983,0.9861949956859362,0.10241389996372163,0.0003173999721184373
267,Banknote Authentication,7,RandomFuzzyRules__max_rules_len__3,1235,137,4,0.9124087591240876,0.9016393442622952,0.951251078515962,0.10720440000295639,0.00024590000975877047
267,Banknote Authentication,7,RandomFuzzyRules__max_rules_len__4,1235,137,4,0.927007299270073,0.9152542372881356,0.9795081967213115,0.11765140003990382,0.0002454000059515238
267,Banknote Authentication,7,RandomFuzzyRules__max_rules_len__5,1235,137,4,0.9197080291970803,0.9120000000000001,0.9674288179465056,0.12471420003566891,0.00034060003235936165
267,Banknote Authentication,7,RandomFuzzyRules__max_rules_len__6,1235,137,4,0.948905109489051,0.9448818897637795,0.9836065573770492,0.1434871000237763,0.00025070004630833864
267,Banknote Authentication,7,RandomFuzzyRules__max_rules_len__7,1235,137,4,0.9197080291970803,0.9172932330827067,0.9887834339948232,0.15920920006465167,0.00033819989766925573
267,Banknote Authentication,8,RandomFuzzyRules__max_rules_len__2,1235,137,4,0.9635036496350365,0.9586776859504132,0.9956859361518551,0.102555499994196,0.0003255999181419611
267,Banknote Authentication,8,RandomFuzzyRules__max_rules_len__3,1235,137,4,0.8759124087591241,0.8617886178861789,0.9393874029335634,0.12932479998562485,0.0003032000968232751
267,Banknote Authentication,8,RandomFuzzyRules__max_rules_len__4,1235,137,4,0.9343065693430657,0.9268292682926829,0.9762726488352027,0.13235909992363304,0.0002493000356480479
267,Banknote Authentication,8,RandomFuzzyRules__max_rules_len__5,1235,137,4,0.8613138686131386,0.8503937007874016,0.9631147540983607,0.13082800002302974,0.00025319994892925024
267,Banknote Authentication,8,RandomFuzzyRules__max_rules_len__6,1235,137,4,0.9197080291970803,0.9147286821705426,0.9743313201035375,0.1605208000401035,0.0003426000475883484
267,Banknote Authentication,8,RandomFuzzyRules__max_rules_len__7,1235,137,4,0.8832116788321168,0.8840579710144928,0.9853321829163072,0.15613750007469207,0.00032480002846568823
267,Banknote Authentication,9,RandomFuzzyRules__max_rules_len__2,1235,137,4,0.927007299270073,0.912280701754386,0.9926660914581537,0.14282349997665733,0.00030940002761781216
267,Banknote Authentication,9,RandomFuzzyRules__max_rules_len__3,1235,137,4,0.8978102189781022,0.8750000000000001,0.972174288179465,0.128542699967511,0.0002471000188961625
267,Banknote Authentication,9,RandomFuzzyRules__max_rules_len__4,1235,137,4,0.8686131386861314,0.8363636363636363,0.9812338222605694,0.12490539997816086,0.00023110001347959042
267,Banknote Authentication,9,RandomFuzzyRules__max_rules_len__5,1235,137,4,0.8905109489051095,0.8598130841121495,0.9708800690250216,0.1377620999701321,0.00028359994757920504
267,Banknote Authentication,9,RandomFuzzyRules__max_rules_len__6,1235,137,4,0.9343065693430657,0.9268292682926829,0.9805867126833477,0.1777629000134766,0.00023720005992799997
267,Banknote Authentication,9,RandomFuzzyRules__max_rules_len__7,1235,137,4,0.9781021897810219,0.976,0.9926660914581535,0.1533165000146255,0.00023090001195669174
267,Banknote Authentication,10,RandomFuzzyRules__max_rules_len__2,1235,137,4,0.9562043795620438,0.9491525423728813,0.9963330457290769,0.1012480000499636,0.00028179993387311697
267,Banknote Authentication,10,RandomFuzzyRules__max_rules_len__3,1235,137,4,0.9051094890510949,0.8907563025210085,0.9547023295944779,0.15404419996775687,0.0003394999075680971
267,Banknote Authentication,10,RandomFuzzyRules__max_rules_len__4,1235,137,4,0.9343065693430657,0.9256198347107439,0.9810181190681622,0.11759049992542714,0.00033359997905790806
267,Banknote Authentication,10,RandomFuzzyRules__max_rules_len__5,1235,137,4,0.9051094890510949,0.8907563025210085,0.9674288179465056,0.12903489999007434,0.00034339993726462126
267,Banknote Authentication,10,RandomFuzzyRules__max_rules_len__6,1235,137,4,0.948905109489051,0.944,0.9946074201898187,0.14115219993982464,0.00032950006425380707
267,Banknote Authentication,10,RandomFuzzyRules__max_rules_len__7,1235,137,4,0.9343065693430657,0.9302325581395349,0.9933132010353753,0.15213610010687262,0.0003339000977575779
277,Thoracic Surgery Data,1,RandomFuzzyRules__max_rules_len__2,423,47,16,0.851063829787234,0.0,0.5,0.052926699980162084,0.0003704000264406204
277,Thoracic Surgery Data,1,RandomFuzzyRules__max_rules_len__3,423,47,16,0.851063829787234,0.0,0.5,0.06509829999413341,0.00025649997405707836
277,Thoracic Surgery Data,1,RandomFuzzyRules__max_rules_len__4,423,47,16,0.851063829787234,0.0,0.5,0.05813550006132573,0.0002633000258356333
277,Thoracic Surgery Data,1,RandomFuzzyRules__max_rules_len__5,423,47,16,0.851063829787234,0.0,0.5,0.06192710006143898,0.00024560000747442245
277,Thoracic Surgery Data,1,RandomFuzzyRules__max_rules_len__6,423,47,16,0.851063829787234,0.0,0.5,0.0588016000110656,0.0003333999775350094
277,Thoracic Surgery Data,1,RandomFuzzyRules__max_rules_len__7,423,47,16,0.851063829787234,0.0,0.5,0.06252309994306415,0.0003282000543549657
277,Thoracic Surgery Data,2,RandomFuzzyRules__max_rules_len__2,423,47,16,0.851063829787234,0.22222222222222224,0.5589285714285713,0.06612199998926371,0.0002762000076472759
277,Thoracic Surgery Data,2,RandomFuzzyRules__max_rules_len__3,423,47,16,0.851063829787234,0.22222222222222224,0.5589285714285713,0.04909770004451275,0.00027740001678466797
277,Thoracic Surgery Data,2,RandomFuzzyRules__max_rules_len__4,423,47,16,0.8085106382978723,0.0,0.475,0.055377000011503696,0.00034279993269592524
277,Thoracic Surgery Data,2,RandomFuzzyRules__max_rules_len__5,423,47,16,0.8297872340425532,0.0,0.4875,0.05861649999860674,0.0002867999719455838
277,Thoracic Surgery Data,2,RandomFuzzyRules__max_rules_len__6,423,47,16,0.8297872340425532,0.0,0.4875,0.06691110006067902,0.00032920006196945906
277,Thoracic Surgery Data,2,RandomFuzzyRules__max_rules_len__7,423,47,16,0.851063829787234,0.22222222222222224,0.5589285714285713,0.059989399975165725,0.00033840001560747623
277,Thoracic Surgery Data,3,RandomFuzzyRules__max_rules_len__2,423,47,16,0.851063829787234,0.0,0.5,0.05188699997961521,0.00024939991999417543
277,Thoracic Surgery Data,3,RandomFuzzyRules__max_rules_len__3,423,47,16,0.851063829787234,0.0,0.5,0.053819699911400676,0.00031510007102042437
277,Thoracic Surgery Data,3,RandomFuzzyRules__max_rules_len__4,423,47,16,0.851063829787234,0.0,0.5,0.07493510004132986,0.0003638999769464135
277,Thoracic Surgery Data,3,RandomFuzzyRules__max_rules_len__5,423,47,16,0.851063829787234,0.0,0.5,0.0692566999932751,0.00034719996619969606
277,Thoracic Surgery Data,3,RandomFuzzyRules__max_rules_len__6,423,47,16,0.851063829787234,0.0,0.5,0.06738989998120815,0.00029420002829283476
277,Thoracic Surgery Data,3,RandomFuzzyRules__max_rules_len__7,423,47,16,0.851063829787234,0.0,0.5,0.05943320004735142,0.00023749994579702616
277,Thoracic Surgery Data,4,RandomFuzzyRules__max_rules_len__2,423,47,16,0.8297872340425532,0.2,0.5464285714285714,0.05321490007918328,0.00027469999622553587
277,Thoracic Surgery Data,4,RandomFuzzyRules__max_rules_len__3,423,47,16,0.8297872340425532,0.2,0.5464285714285714,0.07097590004559606,0.0002989999484270811
277,Thoracic Surgery Data,4,RandomFuzzyRules__max_rules_len__4,423,47,16,0.8085106382978723,0.0,0.475,0.05336879997048527,0.0002785000251606107
277,Thoracic Surgery Data,4,RandomFuzzyRules__max_rules_len__5,423,47,16,0.8297872340425532,0.2,0.5464285714285714,0.05850330006796867,0.00033179996535182
277,Thoracic Surgery Data,4,RandomFuzzyRules__max_rules_len__6,423,47,16,0.8085106382978723,0.0,0.475,0.06445050006732345,0.00030940002761781216
277,Thoracic Surgery Data,4,RandomFuzzyRules__max_rules_len__7,423,47,16,0.8297872340425532,0.0,0.4875,0.06311360001564026,0.0002921000123023987
277,Thoracic Surgery Data,5,RandomFuzzyRules__max_rules_len__2,423,47,16,0.851063829787234,0.0,0.5,0.053610000060871243,0.00030720001086592674
277,Thoracic Surgery Data,5,RandomFuzzyRules__max_rules_len__3,423,47,16,0.851063829787234,0.0,0.5,0.05211539997253567,0.000327100045979023
277,Thoracic Surgery Data,5,RandomFuzzyRules__max_rules_len__4,423,47,16,0.851063829787234,0.0,0.5,0.05601209995802492,0.0003095000283792615
277,Thoracic Surgery Data,5,RandomFuzzyRules__max_rules_len__5,423,47,16,0.851063829787234,0.0,0.5,0.05969639995601028,0.00033489998895674944
277,Thoracic Surgery Data,5,RandomFuzzyRules__max_rules_len__6,423,47,16,0.851063829787234,0.0,0.5,0.060962699935771525,0.0003174000885337591
277,Thoracic Surgery Data,5,RandomFuzzyRules__max_rules_len__7,423,47,16,0.851063829787234,0.0,0.5,0.058007000014185905,0.00032380002085119486
277,Thoracic Surgery Data,6,RandomFuzzyRules__max_rules_len__2,423,47,16,0.851063829787234,0.0,0.5,0.05353180004749447,0.0003093000268563628
277,Thoracic Surgery Data,6,RandomFuzzyRules__max_rules_len__3,423,47,16,0.851063829787234,0.0,0.5,0.0537688999902457,0.0003073000116273761
277,Thoracic Surgery Data,6,RandomFuzzyRules__max_rules_len__4,423,47,16,0.851063829787234,0.0,0.5,0.05530699994415045,0.0002682000631466508
277,Thoracic Surgery Data,6,RandomFuzzyRules__max_rules_len__5,423,47,16,0.851063829787234,0.0,0.5,0.06467680004425347,0.0003312999615445733
277,Thoracic Surgery Data,6,RandomFuzzyRules__max_rules_len__6,423,47,16,0.851063829787234,0.0,0.5,0.06293200002983212,0.00031809997744858265
277,Thoracic Surgery Data,6,RandomFuzzyRules__max_rules_len__7,423,47,16,0.851063829787234,0.0,0.5,0.061873700004071,0.00030700000934302807
277,Thoracic Surgery Data,7,RandomFuzzyRules__max_rules_len__2,423,47,16,0.8297872340425532,0.0,0.4875,0.05556339991744608,0.0003024000907316804
277,Thoracic Surgery Data,7,RandomFuzzyRules__max_rules_len__3,423,47,16,0.8297872340425532,0.0,0.4875,0.054749100003391504,0.00030479999259114265
277,Thoracic Surgery Data,7,RandomFuzzyRules__max_rules_len__4,423,47,16,0.8297872340425532,0.0,0.4875,0.0538426999701187,0.00033110007643699646
277,Thoracic Surgery Data,7,RandomFuzzyRules__max_rules_len__5,423,47,16,0.8297872340425532,0.0,0.4875,0.06010549992788583,0.0003212000010535121
277,Thoracic Surgery Data,7,RandomFuzzyRules__max_rules_len__6,423,47,16,0.8297872340425532,0.0,0.4875,0.059928900096565485,0.000314400065690279
277,Thoracic Surgery Data,7,RandomFuzzyRules__max_rules_len__7,423,47,16,0.8297872340425532,0.0,0.4875,0.06181570002809167,0.0003138999454677105
277,Thoracic Surgery Data,8,RandomFuzzyRules__max_rules_len__2,423,47,16,0.851063829787234,0.0,0.5,0.05454639997333288,0.00027920003049075603
277,Thoracic Surgery Data,8,RandomFuzzyRules__max_rules_len__3,423,47,16,0.851063829787234,0.0,0.5,0.05006429995410144,0.00022410007659345865
277,Thoracic Surgery Data,8,RandomFuzzyRules__max_rules_len__4,423,47,16,0.851063829787234,0.0,0.5,0.056026099948212504,0.00028819998260587454
277,Thoracic Surgery Data,8,RandomFuzzyRules__max_rules_len__5,423,47,16,0.851063829787234,0.0,0.5714285714285714,0.057528299978002906,0.000327700050547719
277,Thoracic Surgery Data,8,RandomFuzzyRules__max_rules_len__6,423,47,16,0.8723404255319149,0.25,0.5714285714285714,0.06278320006094873,0.00033820001408457756
277,Thoracic Surgery Data,8,RandomFuzzyRules__max_rules_len__7,423,47,16,0.851063829787234,0.22222222222222224,0.5589285714285713,0.05713049997575581,0.0002275001024827361
277,Thoracic Surgery Data,9,RandomFuzzyRules__max_rules_len__2,423,47,16,0.851063829787234,0.22222222222222224,0.5589285714285713,0.05376570008229464,0.00031849998049438
277,Thoracic Surgery Data,9,RandomFuzzyRules__max_rules_len__3,423,47,16,0.851063829787234,0.22222222222222224,0.5589285714285713,0.05410319997463375,0.0003166000824421644
277,Thoracic Surgery Data,9,RandomFuzzyRules__max_rules_len__4,423,47,16,0.851063829787234,0.22222222222222224,0.5589285714285713,0.05795879999641329,0.00030369998421519995
277,Thoracic Surgery Data,9,RandomFuzzyRules__max_rules_len__5,423,47,16,0.851063829787234,0.22222222222222224,0.5589285714285713,0.05634270003065467,0.00034499994944781065
277,Thoracic Surgery Data,9,RandomFuzzyRules__max_rules_len__6,423,47,16,0.8297872340425532,0.0,0.4875,0.06140400003641844,0.0003303999546915293
277,Thoracic Surgery Data,9,RandomFuzzyRules__max_rules_len__7,423,47,16,0.8297872340425532,0.0,0.4875,0.061364099965430796,0.0003151999553665519
277,Thoracic Surgery Data,10,RandomFuzzyRules__max_rules_len__2,423,47,16,0.851063829787234,0.0,0.5,0.053600699990056455,0.0002948000328615308
277,Thoracic Surgery Data,10,RandomFuzzyRules__max_rules_len__3,423,47,16,0.851063829787234,0.0,0.5,0.05632740003056824,0.0003299999516457319
277,Thoracic Surgery Data,10,RandomFuzzyRules__max_rules_len__4,423,47,16,0.851063829787234,0.0,0.5,0.05367219995241612,0.00027860002592206
277,Thoracic Surgery Data,10,RandomFuzzyRules__max_rules_len__5,423,47,16,0.851063829787234,0.0,0.5714285714285714,0.06219129997771233,0.00031269993633031845
277,Thoracic Surgery Data,10,RandomFuzzyRules__max_rules_len__6,423,47,16,0.8723404255319149,0.25,0.5714285714285714,0.061360200052149594,0.00032510003075003624
277,Thoracic Surgery Data,10,RandomFuzzyRules__max_rules_len__7,423,47,16,0.851063829787234,0.0,0.5,0.06163450004532933,0.00032190000638365746
327,Phishing Websites,1,RandomFuzzyRules__max_rules_len__2,9949,1106,30,0.8743218806509946,0.8902920284135755,0.8638483965014578,0.4839881000807509,0.00044380000326782465
327,Phishing Websites,1,RandomFuzzyRules__max_rules_len__3,9949,1106,30,0.8978300180831826,0.9080553295362084,0.9074145242512589,0.47306200000457466,0.0005917999660596251
327,Phishing Websites,1,RandomFuzzyRules__max_rules_len__4,9949,1106,30,0.8752260397830018,0.891167192429022,0.876775775245163,0.5007227000314742,0.0004975999472662807
327,Phishing Websites,1,RandomFuzzyRules__max_rules_len__5,9949,1106,30,0.8842676311030742,0.8998435054773083,0.8897329711105222,0.5239287000149488,0.00045409996528178453
327,Phishing Websites,1,RandomFuzzyRules__max_rules_len__6,9949,1106,30,0.8815551537070524,0.8994627782041443,0.9350549960243838,0.5424993999768049,0.0004459000192582607
327,Phishing Websites,1,RandomFuzzyRules__max_rules_len__7,9949,1106,30,0.8978300180831826,0.9080553295362084,0.9111333819241982,0.5419766999548301,0.0004409999819472432
327,Phishing Websites,2,RandomFuzzyRules__max_rules_len__2,9949,1106,30,0.8851717902350814,0.8984812150279776,0.8746736681685661,0.4553287000162527,0.00040829996578395367
327,Phishing Websites,2,RandomFuzzyRules__max_rules_len__3,9949,1106,30,0.9014466546112115,0.9107289107289107,0.9146286111847337,0.498257500003092,0.0008958000689744949
327,Phishing Websites,2,RandomFuzzyRules__max_rules_len__4,9949,1106,30,0.8833634719710669,0.8967173738991193,0.8837745163000266,0.49125989992171526,0.00041960005182772875
327,Phishing Websites,2,RandomFuzzyRules__max_rules_len__5,9949,1106,30,0.8924050632911392,0.9054805401111993,0.8947869732308509,0.5167175999376923,0.0005668000085279346
327,Phishing Websites,2,RandomFuzzyRules__max_rules_len__6,9949,1106,30,0.8933092224231465,0.9076682316118937,0.9428670818976942,0.5551576999714598,0.0005090000340715051
327,Phishing Websites,2,RandomFuzzyRules__max_rules_len__7,9949,1106,30,0.9014466546112115,0.9107289107289107,0.9183805989928439,0.5643383999122307,0.0005394000327214599
327,Phishing Websites,3,RandomFuzzyRules__max_rules_len__2,9949,1106,30,0.8942133815551537,0.9069212410501193,0.8836436522661013,0.4632642000215128,0.0005420000525191426
327,Phishing Websites,3,RandomFuzzyRules__max_rules_len__3,9949,1106,30,0.9122965641952984,0.9206868356500408,0.925680824277763,0.47110870003234595,0.0005768999690189958
327,Phishing Websites,3,RandomFuzzyRules__max_rules_len__4,9949,1106,30,0.8933092224231465,0.9060509554140127,0.890776570368407,0.5219442000379786,0.0005632999818772078
327,Phishing Websites,3,RandomFuzzyRules__max_rules_len__5,9949,1106,30,0.9023508137432188,0.9146919431279621,0.9030082162735225,0.5183865000726655,0.0005660000024363399
327,Phishing Websites,3,RandomFuzzyRules__max_rules_len__6,9949,1106,30,0.8905967450271248,0.9056897895557288,0.9462678902729923,0.5650521999923512,0.0004912000149488449
327,Phishing Websites,3,RandomFuzzyRules__max_rules_len__7,9949,1106,30,0.9122965641952984,0.9206868356500408,0.9257520540683806,0.5522050999570638,0.0005280000623315573
327,Phishing Websites,4,RandomFuzzyRules__max_rules_len__2,9949,1106,30,0.9014466546112115,0.9120258272800646,0.89385270341903,0.4629492999520153,0.0005406000418588519
327,Phishing Websites,4,RandomFuzzyRules__max_rules_len__3,9949,1106,30,0.9168173598553345,0.9243421052631579,0.928009872780281,0.4827156000537798,0.0005567999323830009
327,Phishing Websites,4,RandomFuzzyRules__max_rules_len__4,9949,1106,30,0.9014466546112115,0.9120258272800646,0.8984892658362046,0.49836579989641905,0.0004817000590264797
327,Phishing Websites,4,RandomFuzzyRules__max_rules_len__5,9949,1106,30,0.9041591320072333,0.9146537842190016,0.9038497217068646,0.5443702000193298,0.0005391999147832394
327,Phishing Websites,4,RandomFuzzyRules__max_rules_len__6,9949,1106,30,0.906871609403255,0.9181890389197777,0.9526669758812616,0.5863528000190854,0.0004724999889731407
327,Phishing Websites,4,RandomFuzzyRules__max_rules_len__7,9949,1106,30,0.9168173598553345,0.9243421052631579,0.930572488735754,0.5588664000388235,0.0005090000340715051
327,Phishing Websites,5,RandomFuzzyRules__max_rules_len__2,9949,1106,30,0.8842676311030742,0.8972712680577849,0.8776123111582296,0.46811890008393675,0.0005324000958353281
327,Phishing Websites,5,RandomFuzzyRules__max_rules_len__3,9949,1106,30,0.9023508137432188,0.9110378912685337,0.913773853697323,0.4928798000328243,0.00048809999134391546
327,Phishing Websites,5,RandomFuzzyRules__max_rules_len__4,9949,1106,30,0.8842676311030742,0.8972712680577849,0.885893188444209,0.5103275999426842,0.0003797999816015363
327,Phishing Websites,5,RandomFuzzyRules__max_rules_len__5,9949,1106,30,0.8905967450271248,0.9034317637669592,0.8938361383514446,0.5674970999825746,0.0005689000245183706
327,Phishing Websites,5,RandomFuzzyRules__max_rules_len__6,9949,1106,30,0.8851717902350814,0.9002356637863315,0.9435793798038695,0.6550802999408916,0.0004317000275477767
327,Phishing Websites,5,RandomFuzzyRules__max_rules_len__7,9949,1106,30,0.9023508137432188,0.9110378912685337,0.9213589981447124,0.5386749000754207,0.0005285999504849315
327,Phishing Websites,6,RandomFuzzyRules__max_rules_len__2,9950,1105,30,0.885972850678733,0.9006309148264985,0.8791737182677949,0.49950899998657405,0.000514900078997016
327,Phishing Websites,6,RandomFuzzyRules__max_rules_len__3,9950,1105,30,0.9004524886877828,0.9110032362459547,0.9114534594325535,0.48622089996933937,0.0004680999554693699
327,Phishing Websites,6,RandomFuzzyRules__max_rules_len__4,9950,1105,30,0.8823529411764706,0.8971518987341772,0.8864841546374647,0.49563599994871765,0.0005062000127509236
327,Phishing Websites,6,RandomFuzzyRules__max_rules_len__5,9950,1105,30,0.893212669683258,0.9075235109717867,0.8991040318566452,0.5235148000065237,0.0005537000251933932
327,Phishing Websites,6,RandomFuzzyRules__max_rules_len__6,9950,1105,30,0.885972850678733,0.9024767801857586,0.9370897627343621,0.5466836000559852,0.00047640001866966486
327,Phishing Websites,6,RandomFuzzyRules__max_rules_len__7,9950,1105,30,0.9004524886877828,0.9110032362459547,0.9167629002820641,0.5548287000274286,0.0005233000265434384
327,Phishing Websites,7,RandomFuzzyRules__max_rules_len__2,9950,1105,30,0.902262443438914,0.9123376623376623,0.8922930147668824,0.46112360002007335,0.0005144999595358968
327,Phishing Websites,7,RandomFuzzyRules__max_rules_len__3,9950,1105,30,0.9131221719457013,0.9209225700164745,0.9230595652895305,0.46724729996640235,0.0005675000138580799
327,Phishing Websites,7,RandomFuzzyRules__max_rules_len__4,9950,1105,30,0.902262443438914,0.9123376623376623,0.8984503069520492,0.6567274000262842,0.0005287999520078301
327,Phishing Websites,7,RandomFuzzyRules__max_rules_len__5,9950,1105,30,0.9113122171945701,0.9210950080515298,0.9104712128753941,0.7964463999960572,0.0006005000323057175
327,Phishing Websites,7,RandomFuzzyRules__max_rules_len__6,9950,1105,30,0.9104072398190045,0.9218626677190213,0.9496217023394724,0.6590947000076994,0.0005084999138489366
327,Phishing Websites,7,RandomFuzzyRules__max_rules_len__7,9950,1105,30,0.9131221719457013,0.9209225700164745,0.9250439688070351,0.6672462000278756,0.0009181000059470534
327,Phishing Websites,8,RandomFuzzyRules__max_rules_len__2,9950,1105,30,0.8923076923076924,0.9036437246963563,0.8866368010618881,0.577634199988097,0.0005327999824658036
327,Phishing Websites,8,RandomFuzzyRules__max_rules_len__3,9950,1105,30,0.9076923076923077,0.9161184210526315,0.9177866268458602,0.6343399999896064,0.0005911999614909291
327,Phishing Websites,8,RandomFuzzyRules__max_rules_len__4,9950,1105,30,0.8923076923076924,0.9036437246963563,0.8974464907914386,0.5653384999604896,0.0003784999717026949
327,Phishing Websites,8,RandomFuzzyRules__max_rules_len__5,9950,1105,30,0.902262443438914,0.913322632423756,0.905986394557823,0.7159710000269115,0.0005861999234184623
327,Phishing Websites,8,RandomFuzzyRules__max_rules_len__6,9950,1105,30,0.890497737556561,0.9043478260869565,0.9445146839223495,0.6217101000947878,0.00047749991063028574
327,Phishing Websites,8,RandomFuzzyRules__max_rules_len__7,9950,1105,30,0.9076923076923077,0.9161184210526315,0.9235374149659863,0.6094484999775887,0.0005682000191882253
327,Phishing Websites,9,RandomFuzzyRules__max_rules_len__2,9950,1105,30,0.890497737556561,0.9035856573705179,0.8833193902212306,0.4396138000302017,0.0005933999782428145
327,Phishing Websites,9,RandomFuzzyRules__max_rules_len__3,9950,1105,30,0.9049773755656109,0.9147034930950447,0.9199499375879743,0.479613299947232,0.0005649999948218465
327,Phishing Websites,9,RandomFuzzyRules__max_rules_len__4,9950,1105,30,0.890497737556561,0.9035856573705179,0.8886044936658434,0.5395806999877095,0.0005024999845772982
327,Phishing Websites,9,RandomFuzzyRules__max_rules_len__5,9950,1105,30,0.8959276018099548,0.9088025376685172,0.8976077603378219,0.5512381000444293,0.0005753999575972557
327,Phishing Websites,9,RandomFuzzyRules__max_rules_len__6,9950,1105,30,0.8941176470588236,0.9088074824629775,0.9367497277773351,0.57045380002819,0.0005023999838158488
327,Phishing Websites,9,RandomFuzzyRules__max_rules_len__7,9950,1105,30,0.9049773755656109,0.9147034930950447,0.9176742225055108,0.5548292000312358,0.0005778999766334891
327,Phishing Websites,10,RandomFuzzyRules__max_rules_len__2,9950,1105,30,0.893212669683258,0.9059011164274321,0.8862640427057604,0.47417169995605946,0.0005134999519214034
327,Phishing Websites,10,RandomFuzzyRules__max_rules_len__3,9950,1105,30,0.9058823529411765,0.915032679738562,0.9204761240804185,0.4684618000173941,0.0005648999940603971
327,Phishing Websites,10,RandomFuzzyRules__max_rules_len__4,9950,1105,30,0.8923076923076924,0.9050279329608938,0.8900502615993413,0.5023634999524802,0.0005076000234112144
327,Phishing Websites,10,RandomFuzzyRules__max_rules_len__5,9950,1105,30,0.8959276018099548,0.9085123309466985,0.8974998672084562,0.5302574998931959,0.000577600090764463
327,Phishing Websites,10,RandomFuzzyRules__max_rules_len__6,9950,1105,30,0.8823529411764706,0.8990683229813665,0.9381772368735559,0.5662469000089914,0.0005073999054729939
327,Phishing Websites,10,RandomFuzzyRules__max_rules_len__7,9950,1105,30,0.9058823529411765,0.915032679738562,0.9195449233792791,0.5676635999698192,0.0005676000146195292
329,Diabetic Retinopathy Debrecen,1,RandomFuzzyRules__max_rules_len__2,1035,116,18,0.6293103448275862,0.5656565656565656,0.6980286738351255,0.08975919999647886,0.00036179996095597744
329,Diabetic Retinopathy Debrecen,1,RandomFuzzyRules__max_rules_len__3,1035,116,18,0.646551724137931,0.682170542635659,0.7150537634408602,0.08296449994668365,0.0003218000056222081
329,Diabetic Retinopathy Debrecen,1,RandomFuzzyRules__max_rules_len__4,1035,116,18,0.5862068965517241,0.5636363636363636,0.6406810035842294,0.08757510001305491,0.00033549999352544546
329,Diabetic Retinopathy Debrecen,1,RandomFuzzyRules__max_rules_len__5,1035,116,18,0.646551724137931,0.6168224299065419,0.7066905615292713,0.0921803000383079,0.0003513999981805682
329,Diabetic Retinopathy Debrecen,1,RandomFuzzyRules__max_rules_len__6,1035,116,18,0.5948275862068966,0.6240000000000001,0.654121863799283,0.09438689996022731,0.000341600039973855
329,Diabetic Retinopathy Debrecen,1,RandomFuzzyRules__max_rules_len__7,1035,116,18,0.603448275862069,0.4772727272727273,0.6902628434886499,0.09659979993011802,0.00031160004436969757
329,Diabetic Retinopathy Debrecen,2,RandomFuzzyRules__max_rules_len__2,1036,115,18,0.6956521739130435,0.6236559139784946,0.7832422586520947,0.08035400009248406,0.00029529992025345564
329,Diabetic Retinopathy Debrecen,2,RandomFuzzyRules__max_rules_len__3,1036,115,18,0.6956521739130435,0.7008547008547008,0.7625986642380085,0.08707020001020283,0.00032540003303438425
329,Diabetic Retinopathy Debrecen,2,RandomFuzzyRules__max_rules_len__4,1036,115,18,0.591304347826087,0.6518518518518518,0.655130540376442,0.08323630003724247,0.00028199993539601564
329,Diabetic Retinopathy Debrecen,2,RandomFuzzyRules__max_rules_len__5,1036,115,18,0.7217391304347827,0.6981132075471698,0.7738312082574378,0.12917860003653914,0.00030910002533346415
329,Diabetic Retinopathy Debrecen,2,RandomFuzzyRules__max_rules_len__6,1036,115,18,0.6434782608695652,0.6434782608695653,0.70856102003643,0.09591689996886998,0.00033299997448921204
329,Diabetic Retinopathy Debrecen,2,RandomFuzzyRules__max_rules_len__7,1036,115,18,0.6869565217391305,0.6170212765957447,0.7862780813600485,0.0943409000756219,0.00034170004073530436
329,Diabetic Retinopathy Debrecen,3,RandomFuzzyRules__max_rules_len__2,1036,115,18,0.6086956521739131,0.49438202247191004,0.74013357619915,0.11854739999398589,0.00031830009538680315
329,Diabetic Retinopathy Debrecen,3,RandomFuzzyRules__max_rules_len__3,1036,115,18,0.6782608695652174,0.7040000000000001,0.742562234365513,0.08877539995592088,0.00034680007956922054
329,Diabetic Retinopathy Debrecen,3,RandomFuzzyRules__max_rules_len__4,1036,115,18,0.6347826086956522,0.5714285714285715,0.7325440194292653,0.12170549994334579,0.0002921000123023987
329,Diabetic Retinopathy Debrecen,3,RandomFuzzyRules__max_rules_len__5,1036,115,18,0.6173913043478261,0.5686274509803921,0.7122040072859744,0.11035209998954087,0.0003434999380260706
329,Diabetic Retinopathy Debrecen,3,RandomFuzzyRules__max_rules_len__6,1036,115,18,0.6608695652173913,0.6666666666666667,0.7474195506982392,0.09342829999513924,0.0003309999592602253
329,Diabetic Retinopathy Debrecen,3,RandomFuzzyRules__max_rules_len__7,1036,115,18,0.5826086956521739,0.5294117647058824,0.6539162112932604,0.09498920000623912,0.0003407999174669385
329,Diabetic Retinopathy Debrecen,4,RandomFuzzyRules__max_rules_len__2,1036,115,18,0.5565217391304348,0.4631578947368421,0.6785063752276868,0.08093110006302595,0.00030209997203201056
329,Diabetic Retinopathy Debrecen,4,RandomFuzzyRules__max_rules_len__3,1036,115,18,0.6434782608695652,0.6495726495726496,0.6964177292046144,0.08352770004421473,0.00033179996535182
329,Diabetic Retinopathy Debrecen,4,RandomFuzzyRules__max_rules_len__4,1036,115,18,0.6,0.5,0.6812386156648451,0.10403509996831417,0.0003380000125616789
329,Diabetic Retinopathy Debrecen,4,RandomFuzzyRules__max_rules_len__5,1036,115,18,0.6173913043478261,0.5686274509803921,0.6690953248330297,0.09159209998324513,0.0003272000467404723
329,Diabetic Retinopathy Debrecen,4,RandomFuzzyRules__max_rules_len__6,1036,115,18,0.6,0.5660377358490566,0.688221007893139,0.09262289991602302,0.000394199974834919
329,Diabetic Retinopathy Debrecen,4,RandomFuzzyRules__max_rules_len__7,1036,115,18,0.5565217391304348,0.4742268041237113,0.637826350941105,0.0950967000098899,0.00035470002330839634
329,Diabetic Retinopathy Debrecen,5,RandomFuzzyRules__max_rules_len__2,1036,115,18,0.6260869565217392,0.5057471264367815,0.6599878567091682,0.08407270000316203,0.00031510007102042437
329,Diabetic Retinopathy Debrecen,5,RandomFuzzyRules__max_rules_len__3,1036,115,18,0.6086956521739131,0.6017699115044247,0.6681845780206437,0.0948157999664545,0.00033660000190138817
329,Diabetic Retinopathy Debrecen,5,RandomFuzzyRules__max_rules_len__4,1036,115,18,0.6173913043478261,0.5416666666666666,0.6563448694596234,0.08738380006980151,0.00034739996772259474
329,Diabetic Retinopathy Debrecen,5,RandomFuzzyRules__max_rules_len__5,1036,115,18,0.6173913043478261,0.5686274509803921,0.6460230722525804,0.09187600004952401,0.000341000035405159
329,Diabetic Retinopathy Debrecen,5,RandomFuzzyRules__max_rules_len__6,1036,115,18,0.6260869565217392,0.6386554621848739,0.6769884638737097,0.09280199999921024,0.0003497999859973788
329,Diabetic Retinopathy Debrecen,5,RandomFuzzyRules__max_rules_len__7,1036,115,18,0.6347826086956522,0.5434782608695652,0.6636308439587129,0.0964385000988841,0.00035450002178549767
329,Diabetic Retinopathy Debrecen,6,RandomFuzzyRules__max_rules_len__2,1036,115,18,0.5652173913043478,0.5614035087719299,0.612629022465088,0.09876439999789,0.0003258000360801816
329,Diabetic Retinopathy Debrecen,6,RandomFuzzyRules__max_rules_len__3,1036,115,18,0.591304347826087,0.5688073394495413,0.6314511232544019,0.083497199928388,0.00033569999504834414
329,Diabetic Retinopathy Debrecen,6,RandomFuzzyRules__max_rules_len__4,1036,115,18,0.5565217391304348,0.5984251968503937,0.5765027322404371,0.09156329999677837,0.00035589991603046656
329,Diabetic Retinopathy Debrecen,6,RandomFuzzyRules__max_rules_len__5,1036,115,18,0.5826086956521739,0.52,0.5977534911961141,0.08917469996958971,0.0003367000026628375
329,Diabetic Retinopathy Debrecen,6,RandomFuzzyRules__max_rules_len__6,1036,115,18,0.591304347826087,0.5840707964601771,0.643290831815422,0.09287179994862527,0.00033900002017617226
329,Diabetic Retinopathy Debrecen,6,RandomFuzzyRules__max_rules_len__7,1036,115,18,0.6434782608695652,0.5684210526315789,0.6697024893746204,0.1432189999613911,0.0003746999427676201
329,Diabetic Retinopathy Debrecen,7,RandomFuzzyRules__max_rules_len__2,1036,115,18,0.5391304347826087,0.5391304347826087,0.6038251366120219,0.08225390000734478,0.00031669996678829193
329,Diabetic Retinopathy Debrecen,7,RandomFuzzyRules__max_rules_len__3,1036,115,18,0.5565217391304348,0.5714285714285715,0.6153612629022465,0.08289069996681064,0.0003287999425083399
329,Diabetic Retinopathy Debrecen,7,RandomFuzzyRules__max_rules_len__4,1036,115,18,0.5304347826086957,0.49056603773584895,0.5901639344262295,0.0866266000084579,0.00031640008091926575
329,Diabetic Retinopathy Debrecen,7,RandomFuzzyRules__max_rules_len__5,1036,115,18,0.5739130434782609,0.5420560747663552,0.5859137826350942,0.09064499998930842,0.00034529995173215866
329,Diabetic Retinopathy Debrecen,7,RandomFuzzyRules__max_rules_len__6,1036,115,18,0.5652173913043478,0.5535714285714285,0.6152094717668488,0.10460710001643747,0.0003402000293135643
329,Diabetic Retinopathy Debrecen,7,RandomFuzzyRules__max_rules_len__7,1036,115,18,0.591304347826087,0.5436893203883496,0.6338797814207651,0.09375240001827478,0.00033169996459037066
329,Diabetic Retinopathy Debrecen,8,RandomFuzzyRules__max_rules_len__2,1036,115,18,0.6,0.4772727272727273,0.6654523375834851,0.08522750006522983,0.00027600000612437725
329,Diabetic Retinopathy Debrecen,8,RandomFuzzyRules__max_rules_len__3,1036,115,18,0.6173913043478261,0.639344262295082,0.6687917425622344,0.08946319995447993,0.0003333999775350094
329,Diabetic Retinopathy Debrecen,8,RandomFuzzyRules__max_rules_len__4,1036,115,18,0.5478260869565217,0.4999999999999999,0.6250758955676987,0.08264560007955879,0.0002859999658539891
329,Diabetic Retinopathy Debrecen,8,RandomFuzzyRules__max_rules_len__5,1036,115,18,0.5652173913043478,0.5098039215686274,0.6469338190649665,0.0969959000358358,0.00033409998286515474
329,Diabetic Retinopathy Debrecen,8,RandomFuzzyRules__max_rules_len__6,1036,115,18,0.5826086956521739,0.6000000000000001,0.6618093503339405,0.09276610007509589,0.0003375000087544322
329,Diabetic Retinopathy Debrecen,8,RandomFuzzyRules__max_rules_len__7,1036,115,18,0.5652173913043478,0.40476190476190477,0.6305403764420158,0.0945134999928996,0.0003408000338822603
329,Diabetic Retinopathy Debrecen,9,RandomFuzzyRules__max_rules_len__2,1036,115,18,0.5826086956521739,0.45454545454545453,0.6332726168791742,0.08077869995031506,0.0003106000367552042
329,Diabetic Retinopathy Debrecen,9,RandomFuzzyRules__max_rules_len__3,1036,115,18,0.591304347826087,0.5982905982905983,0.6363084395871281,0.08485009998548776,0.0003296999493613839
329,Diabetic Retinopathy Debrecen,9,RandomFuzzyRules__max_rules_len__4,1036,115,18,0.5478260869565217,0.45833333333333337,0.5910746812386156,0.1070672000059858,0.00033240008633583784
329,Diabetic Retinopathy Debrecen,9,RandomFuzzyRules__max_rules_len__5,1036,115,18,0.5304347826086957,0.4,0.6481481481481481,0.0915895999642089,0.00032680004369467497
329,Diabetic Retinopathy Debrecen,9,RandomFuzzyRules__max_rules_len__6,1036,115,18,0.5739130434782609,0.5663716814159292,0.5997267759562842,0.0924545000307262,0.00033680000342428684
329,Diabetic Retinopathy Debrecen,9,RandomFuzzyRules__max_rules_len__7,1036,115,18,0.591304347826087,0.49462365591397844,0.6123254401942926,0.09402920003049076,0.0003408000338822603
329,Diabetic Retinopathy Debrecen,10,RandomFuzzyRules__max_rules_len__2,1036,115,18,0.6,0.634920634920635,0.6772920461445051,0.08184050000272691,0.0003302000695839524
329,Diabetic Retinopathy Debrecen,10,RandomFuzzyRules__max_rules_len__3,1036,115,18,0.6347826086956522,0.6440677966101694,0.6782027929568912,0.10698110004886985,0.0003303999546915293
329,Diabetic Retinopathy Debrecen,10,RandomFuzzyRules__max_rules_len__4,1036,115,18,0.5826086956521739,0.5789473684210527,0.6599878567091683,0.08923399995546788,0.0003386000171303749
329,Diabetic Retinopathy Debrecen,10,RandomFuzzyRules__max_rules_len__5,1036,115,18,0.6173913043478261,0.5925925925925926,0.6463266545233758,0.08796030003577471,0.00031070003751665354
329,Diabetic Retinopathy Debrecen,10,RandomFuzzyRules__max_rules_len__6,1036,115,18,0.5652173913043478,0.5535714285714285,0.640862173649059,0.09849260002374649,0.0003491999814286828
329,Diabetic Retinopathy Debrecen,10,RandomFuzzyRules__max_rules_len__7,1036,115,18,0.6,0.5490196078431373,0.6023072252580449,0.09304189996328205,0.00033740000799298286
451,Breast Cancer Coimbra,1,RandomFuzzyRules__max_rules_len__2,104,12,9,0.6666666666666666,0.7142857142857143,0.6388888888888891,0.0506780999712646,0.0002964999293908477
451,Breast Cancer Coimbra,1,RandomFuzzyRules__max_rules_len__3,104,12,9,0.5833333333333334,0.6666666666666667,0.5277777777777778,0.057859100052155554,0.00031669996678829193
451,Breast Cancer Coimbra,1,RandomFuzzyRules__max_rules_len__4,104,12,9,0.6666666666666666,0.7142857142857143,0.8333333333333334,0.05082769994623959,0.00024780002422630787
451,Breast Cancer Coimbra,1,RandomFuzzyRules__max_rules_len__5,104,12,9,0.5833333333333334,0.6153846153846153,0.6111111111111112,0.061823399970307946,0.00026460003573447466
451,Breast Cancer Coimbra,1,RandomFuzzyRules__max_rules_len__6,104,12,9,0.6666666666666666,0.6666666666666666,0.7222222222222223,0.05638980004005134,0.0002595999976620078
451,Breast Cancer Coimbra,1,RandomFuzzyRules__max_rules_len__7,104,12,9,0.6666666666666666,0.6666666666666666,0.7222222222222223,0.0715356000000611,0.00025219994131475687
451,Breast Cancer Coimbra,2,RandomFuzzyRules__max_rules_len__2,104,12,9,0.75,0.7272727272727272,0.8333333333333334,0.05222309997770935,0.00022419996093958616
451,Breast Cancer Coimbra,2,RandomFuzzyRules__max_rules_len__3,104,12,9,0.5833333333333334,0.4444444444444444,0.75,0.04790289991069585,0.00028010003734380007
451,Breast Cancer Coimbra,2,RandomFuzzyRules__max_rules_len__4,104,12,9,0.6666666666666666,0.7499999999999999,0.3888888888888889,0.05399689998012036,0.00027820002287626266
451,Breast Cancer Coimbra,2,RandomFuzzyRules__max_rules_len__5,104,12,9,0.3333333333333333,0.3333333333333333,0.19444444444444445,0.053089800057932734,0.00028140004724264145
451,Breast Cancer Coimbra,2,RandomFuzzyRules__max_rules_len__6,104,12,9,0.5,0.25,0.6944444444444444,0.06814360001590103,0.00032350001856684685
451,Breast Cancer Coimbra,2,RandomFuzzyRules__max_rules_len__7,104,12,9,0.5,0.25,0.8333333333333334,0.07170500000938773,0.0003388000186532736
451,Breast Cancer Coimbra,3,RandomFuzzyRules__max_rules_len__2,104,12,9,1.0,1.0,1.0,0.04883019998669624,0.0003208999987691641
451,Breast Cancer Coimbra,3,RandomFuzzyRules__max_rules_len__3,104,12,9,0.75,0.7272727272727273,0.7714285714285714,0.05185109993908554,0.0002914000069722533
451,Breast Cancer Coimbra,3,RandomFuzzyRules__max_rules_len__4,104,12,9,0.8333333333333334,0.8571428571428571,0.9142857142857143,0.04962950001936406,0.00027630000840872526
451,Breast Cancer Coimbra,3,RandomFuzzyRules__max_rules_len__5,104,12,9,0.75,0.7272727272727273,0.7714285714285714,0.055230599944479764,0.00031759997364133596
451,Breast Cancer Coimbra,3,RandomFuzzyRules__max_rules_len__6,104,12,9,0.8333333333333334,0.8571428571428571,0.9142857142857143,0.06041450006887317,0.0002758000046014786
451,Breast Cancer Coimbra,3,RandomFuzzyRules__max_rules_len__7,104,12,9,0.8333333333333334,0.8571428571428571,0.9142857142857143,0.062013199902139604,0.0002893999917432666
451,Breast Cancer Coimbra,4,RandomFuzzyRules__max_rules_len__2,104,12,9,0.9166666666666666,0.923076923076923,0.9714285714285715,0.05366980005055666,0.0002834999468177557
451,Breast Cancer Coimbra,4,RandomFuzzyRules__max_rules_len__3,104,12,9,0.8333333333333334,0.8571428571428571,0.9714285714285715,0.053743100026622415,0.00032270001247525215
451,Breast Cancer Coimbra,4,RandomFuzzyRules__max_rules_len__4,104,12,9,0.8333333333333334,0.8571428571428571,0.9714285714285715,0.05399539996869862,0.00022529996931552887
451,Breast Cancer Coimbra,4,RandomFuzzyRules__max_rules_len__5,104,12,9,0.8333333333333334,0.8333333333333333,0.8571428571428572,0.06307149992790073,0.00029200001154094934
451,Breast Cancer Coimbra,4,RandomFuzzyRules__max_rules_len__6,104,12,9,0.8333333333333334,0.8571428571428571,0.9714285714285715,0.060927200014702976,0.0002788999117910862
451,Breast Cancer Coimbra,4,RandomFuzzyRules__max_rules_len__7,104,12,9,0.8333333333333334,0.8571428571428571,0.9714285714285715,0.06472319993190467,0.00023520004469901323
451,Breast Cancer Coimbra,5,RandomFuzzyRules__max_rules_len__2,104,12,9,0.75,0.8235294117647058,0.7428571428571429,0.04707229998894036,0.00026570004411041737
451,Breast Cancer Coimbra,5,RandomFuzzyRules__max_rules_len__3,104,12,9,0.6666666666666666,0.7142857142857143,0.6857142857142857,0.056094200001098216,0.000318799982778728
451,Breast Cancer Coimbra,5,RandomFuzzyRules__max_rules_len__4,104,12,9,0.6666666666666666,0.7142857142857143,0.6857142857142857,0.04966390004847199,0.0002642999170348048
451,Breast Cancer Coimbra,5,RandomFuzzyRules__max_rules_len__5,104,12,9,0.5833333333333334,0.6666666666666666,0.7714285714285715,0.05630409996956587,0.0003391000209376216
451,Breast Cancer Coimbra,5,RandomFuzzyRules__max_rules_len__6,104,12,9,0.6666666666666666,0.7142857142857143,0.6857142857142857,0.05792289995588362,0.00033579999580979347
451,Breast Cancer Coimbra,5,RandomFuzzyRules__max_rules_len__7,104,12,9,0.5833333333333334,0.6666666666666666,0.7714285714285715,0.06731690000742674,0.00025749998167157173
451,Breast Cancer Coimbra,6,RandomFuzzyRules__max_rules_len__2,104,12,9,0.5833333333333334,0.7368421052631579,0.3999999999999999,0.049527900060638785,0.0003024999750778079
451,Breast Cancer Coimbra,6,RandomFuzzyRules__max_rules_len__3,104,12,9,0.5833333333333334,0.6666666666666666,0.4857142857142857,0.04862610006239265,0.00032329990062862635
451,Breast Cancer Coimbra,6,RandomFuzzyRules__max_rules_len__4,104,12,9,0.5,0.5714285714285714,0.45714285714285713,0.05949870008043945,0.0003247999120503664
451,Breast Cancer Coimbra,6,RandomFuzzyRules__max_rules_len__5,104,12,9,0.5,0.5714285714285714,0.37142857142857144,0.05785650003235787,0.00033219996839761734
451,Breast Cancer Coimbra,6,RandomFuzzyRules__max_rules_len__6,104,12,9,0.5,0.5714285714285714,0.45714285714285713,0.05640930007211864,0.0003220000071451068
451,Breast Cancer Coimbra,6,RandomFuzzyRules__max_rules_len__7,104,12,9,0.5,0.5714285714285714,0.45714285714285713,0.06469450006261468,0.0003261999227106571
451,Breast Cancer Coimbra,7,RandomFuzzyRules__max_rules_len__2,105,11,9,0.8181818181818182,0.8333333333333334,0.9333333333333333,0.04735459992662072,0.0003237000200897455
451,Breast Cancer Coimbra,7,RandomFuzzyRules__max_rules_len__3,105,11,9,0.7272727272727273,0.6666666666666666,0.7666666666666666,0.04569970001466572,0.00027899991255253553
451,Breast Cancer Coimbra,7,RandomFuzzyRules__max_rules_len__4,105,11,9,0.9090909090909091,0.9090909090909091,0.9666666666666668,0.051880900049582124,0.00028010003734380007
451,Breast Cancer Coimbra,7,RandomFuzzyRules__max_rules_len__5,105,11,9,0.8181818181818182,0.8333333333333334,0.8333333333333334,0.06191729998681694,0.00028709997422993183
451,Breast Cancer Coimbra,7,RandomFuzzyRules__max_rules_len__6,105,11,9,0.6363636363636364,0.5,0.9,0.06566139997448772,0.0003173999721184373
451,Breast Cancer Coimbra,7,RandomFuzzyRules__max_rules_len__7,105,11,9,0.8181818181818182,0.8,0.9666666666666668,0.06337520002853125,0.00029859994538128376
451,Breast Cancer Coimbra,8,RandomFuzzyRules__max_rules_len__2,105,11,9,0.8181818181818182,0.8333333333333334,0.8666666666666667,0.04969780007377267,0.00022789998911321163
451,Breast Cancer Coimbra,8,RandomFuzzyRules__max_rules_len__3,105,11,9,0.6363636363636364,0.6666666666666666,0.6666666666666666,0.055534500046633184,0.00033579999580979347
451,Breast Cancer Coimbra,8,RandomFuzzyRules__max_rules_len__4,105,11,9,0.5454545454545454,0.5454545454545454,0.6666666666666666,0.05138489999808371,0.00028200005181133747
451,Breast Cancer Coimbra,8,RandomFuzzyRules__max_rules_len__5,105,11,9,0.7272727272727273,0.7272727272727272,0.8,0.05614240001887083,0.0003396000247448683
451,Breast Cancer Coimbra,8,RandomFuzzyRules__max_rules_len__6,105,11,9,0.5454545454545454,0.5454545454545454,0.6666666666666666,0.061646999907679856,0.00033920002169907093
451,Breast Cancer Coimbra,8,RandomFuzzyRules__max_rules_len__7,105,11,9,0.5454545454545454,0.5454545454545454,0.6666666666666666,0.059833599952980876,0.00027900002896785736
451,Breast Cancer Coimbra,9,RandomFuzzyRules__max_rules_len__2,105,11,9,1.0,1.0,1.0,0.05146360001526773,0.00022929999977350235
451,Breast Cancer Coimbra,9,RandomFuzzyRules__max_rules_len__3,105,11,9,0.7272727272727273,0.6666666666666666,0.8333333333333333,0.05090609996113926,0.0005309999687597156
451,Breast Cancer Coimbra,9,RandomFuzzyRules__max_rules_len__4,105,11,9,0.8181818181818182,0.8,0.8666666666666667,0.05371370003558695,0.0002843000693246722
451,Breast Cancer Coimbra,9,RandomFuzzyRules__max_rules_len__5,105,11,9,0.7272727272727273,0.6666666666666666,0.7333333333333334,0.054521000012755394,0.00033279997296631336
451,Breast Cancer Coimbra,9,RandomFuzzyRules__max_rules_len__6,105,11,9,0.5454545454545454,0.5454545454545454,0.7,0.05553030001465231,0.0002500000409781933
451,Breast Cancer Coimbra,9,RandomFuzzyRules__max_rules_len__7,105,11,9,0.7272727272727273,0.6666666666666666,0.7333333333333334,0.062384899938479066,0.0002759000053629279
451,Breast Cancer Coimbra,10,RandomFuzzyRules__max_rules_len__2,105,11,9,0.9090909090909091,0.923076923076923,0.9666666666666668,0.04509519995190203,0.0002210000529885292
451,Breast Cancer Coimbra,10,RandomFuzzyRules__max_rules_len__3,105,11,9,0.7272727272727273,0.7272727272727272,0.8,0.05102319992147386,0.000313500058837235
451,Breast Cancer Coimbra,10,RandomFuzzyRules__max_rules_len__4,105,11,9,0.7272727272727273,0.7272727272727272,0.8,0.05829650000669062,0.0002818000502884388
451,Breast Cancer Coimbra,10,RandomFuzzyRules__max_rules_len__5,105,11,9,0.7272727272727273,0.7692307692307692,0.7333333333333333,0.05703869997523725,0.000367300002835691
451,Breast Cancer Coimbra,10,RandomFuzzyRules__max_rules_len__6,105,11,9,0.7272727272727273,0.7272727272727272,0.8,0.05432019999716431,0.00033549999352544546
451,Breast Cancer Coimbra,10,RandomFuzzyRules__max_rules_len__7,105,11,9,0.7272727272727273,0.7272727272727272,0.8,0.07083660003263503,0.0003090999089181423
519,Heart Failure Clinical Records,1,RandomFuzzyRules__max_rules_len__2,269,30,12,0.8666666666666667,0.8000000000000002,0.85,0.05761330004315823,0.00033599999733269215
519,Heart Failure Clinical Records,1,RandomFuzzyRules__max_rules_len__3,269,30,12,0.8666666666666667,0.8000000000000002,0.8350000000000001,0.052007899968884885,0.00032140000257641077
519,Heart Failure Clinical Records,1,RandomFuzzyRules__max_rules_len__4,269,30,12,0.8666666666666667,0.8000000000000002,0.855,0.055191999999806285,0.0002677999436855316
519,Heart Failure Clinical Records,1,RandomFuzzyRules__max_rules_len__5,269,30,12,0.8666666666666667,0.8000000000000002,0.8350000000000001,0.05900899996049702,0.00033629999961704016
519,Heart Failure Clinical Records,1,RandomFuzzyRules__max_rules_len__6,269,30,12,0.8666666666666667,0.8000000000000002,0.8350000000000001,0.06205260008573532,0.00032220000866800547
519,Heart Failure Clinical Records,1,RandomFuzzyRules__max_rules_len__7,269,30,12,0.8666666666666667,0.8000000000000002,0.855,0.06711629999335855,0.00035749992821365595
519,Heart Failure Clinical Records,2,RandomFuzzyRules__max_rules_len__2,269,30,12,0.9666666666666667,0.9473684210526316,0.9400000000000001,0.06128999998327345,0.0002272999845445156
519,Heart Failure Clinical Records,2,RandomFuzzyRules__max_rules_len__3,269,30,12,0.9333333333333333,0.9,0.93,0.05462249997071922,0.0003323000855743885
519,Heart Failure Clinical Records,2,RandomFuzzyRules__max_rules_len__4,269,30,12,0.9666666666666667,0.9473684210526316,0.905,0.052350400015711784,0.0003082000184804201
519,Heart Failure Clinical Records,2,RandomFuzzyRules__max_rules_len__5,269,30,12,0.9333333333333333,0.9,0.93,0.07220709999091923,0.0003421000437811017
519,Heart Failure Clinical Records,2,RandomFuzzyRules__max_rules_len__6,269,30,12,0.9333333333333333,0.9,0.93,0.07750760007183999,0.0003429999342188239
519,Heart Failure Clinical Records,2,RandomFuzzyRules__max_rules_len__7,269,30,12,0.9666666666666667,0.9473684210526316,0.935,0.07054129999596626,0.0002840000670403242
519,Heart Failure Clinical Records,3,RandomFuzzyRules__max_rules_len__2,269,30,12,0.9,0.8235294117647058,0.875,0.06135490001179278,0.0002495000371709466
519,Heart Failure Clinical Records,3,RandomFuzzyRules__max_rules_len__3,269,30,12,0.8666666666666667,0.7499999999999999,0.7374999999999999,0.0547106999438256,0.00032140000257641077
519,Heart Failure Clinical Records,3,RandomFuzzyRules__max_rules_len__4,269,30,12,0.8666666666666667,0.7499999999999999,0.7775,0.05778100003954023,0.0002831999445334077
519,Heart Failure Clinical Records,3,RandomFuzzyRules__max_rules_len__5,269,30,12,0.8666666666666667,0.7499999999999999,0.7374999999999999,0.05394849996082485,0.00023779994808137417
519,Heart Failure Clinical Records,3,RandomFuzzyRules__max_rules_len__6,269,30,12,0.8666666666666667,0.7499999999999999,0.7374999999999999,0.059119499986991286,0.0002280999906361103
519,Heart Failure Clinical Records,3,RandomFuzzyRules__max_rules_len__7,269,30,12,0.8666666666666667,0.7499999999999999,0.82,0.061094800010323524,0.00024339999072253704
519,Heart Failure Clinical Records,4,RandomFuzzyRules__max_rules_len__2,269,30,12,0.8333333333333334,0.761904761904762,0.8500000000000001,0.052012300002388656,0.0002386999549344182
519,Heart Failure Clinical Records,4,RandomFuzzyRules__max_rules_len__3,269,30,12,0.8333333333333334,0.761904761904762,0.875,0.05172290001064539,0.0002933000214397907
519,Heart Failure Clinical Records,4,RandomFuzzyRules__max_rules_len__4,269,30,12,0.8333333333333334,0.761904761904762,0.8500000000000001,0.05406180000863969,0.00026000000070780516
519,Heart Failure Clinical Records,4,RandomFuzzyRules__max_rules_len__5,269,30,12,0.8333333333333334,0.761904761904762,0.875,0.05636419996153563,0.0002812000457197428
519,Heart Failure Clinical Records,4,RandomFuzzyRules__max_rules_len__6,269,30,12,0.8333333333333334,0.761904761904762,0.875,0.06322149990592152,0.0003424000460654497
519,Heart Failure Clinical Records,4,RandomFuzzyRules__max_rules_len__7,269,30,12,0.8,0.7,0.8350000000000001,0.07004240003880113,0.00029829994309693575
519,Heart Failure Clinical Records,5,RandomFuzzyRules__max_rules_len__2,269,30,12,0.8333333333333334,0.7058823529411764,0.905,0.057041199994273484,0.00033650000113993883
519,Heart Failure Clinical Records,5,RandomFuzzyRules__max_rules_len__3,269,30,12,0.8333333333333334,0.7058823529411764,0.945,0.06075779988896102,0.0002848000731319189
519,Heart Failure Clinical Records,5,RandomFuzzyRules__max_rules_len__4,269,30,12,0.8666666666666667,0.7499999999999999,0.9400000000000001,0.05564569996204227,0.00032460002694278955
519,Heart Failure Clinical Records,5,RandomFuzzyRules__max_rules_len__5,269,30,12,0.8333333333333334,0.7058823529411764,0.945,0.06400850007776171,0.000269399955868721
519,Heart Failure Clinical Records,5,RandomFuzzyRules__max_rules_len__6,269,30,12,0.8333333333333334,0.7058823529411764,0.945,0.061765999998897314,0.0003347999881953001
519,Heart Failure Clinical Records,5,RandomFuzzyRules__max_rules_len__7,269,30,12,0.8666666666666667,0.7499999999999999,0.9299999999999999,0.08075870003085583,0.00034549995325505733
519,Heart Failure Clinical Records,6,RandomFuzzyRules__max_rules_len__2,269,30,12,0.8,0.5714285714285715,0.79,0.05761330004315823,0.00027810002211481333
519,Heart Failure Clinical Records,6,RandomFuzzyRules__max_rules_len__3,269,30,12,0.7333333333333333,0.33333333333333337,0.765,0.05502790003083646,0.00032680004369467497
519,Heart Failure Clinical Records,6,RandomFuzzyRules__max_rules_len__4,269,30,12,0.7333333333333333,0.33333333333333337,0.75,0.05608759995084256,0.00030509999487549067
519,Heart Failure Clinical Records,6,RandomFuzzyRules__max_rules_len__5,269,30,12,0.7333333333333333,0.33333333333333337,0.75,0.06941090000327677,0.000278900028206408
519,Heart Failure Clinical Records,6,RandomFuzzyRules__max_rules_len__6,269,30,12,0.7333333333333333,0.33333333333333337,0.755,0.07148100004997104,0.00023100001271814108
519,Heart Failure Clinical Records,6,RandomFuzzyRules__max_rules_len__7,269,30,12,0.7333333333333333,0.33333333333333337,0.755,0.0781872000079602,0.00025240005925297737
519,Heart Failure Clinical Records,7,RandomFuzzyRules__max_rules_len__2,269,30,12,0.8333333333333334,0.6666666666666667,0.91005291005291,0.05401080008596182,0.00023969996254891157
519,Heart Failure Clinical Records,7,RandomFuzzyRules__max_rules_len__3,269,30,12,0.8333333333333334,0.6666666666666667,0.9259259259259259,0.05428919999394566,0.00031969998963177204
519,Heart Failure Clinical Records,7,RandomFuzzyRules__max_rules_len__4,269,30,12,0.8666666666666667,0.7142857142857143,0.8571428571428571,0.06807379995007068,0.00031830009538680315
519,Heart Failure Clinical Records,7,RandomFuzzyRules__max_rules_len__5,269,30,12,0.8333333333333334,0.6666666666666667,0.9259259259259259,0.07543560001067817,0.0003350999904796481
519,Heart Failure Clinical Records,7,RandomFuzzyRules__max_rules_len__6,269,30,12,0.8333333333333334,0.6666666666666667,0.9259259259259259,0.0753143000183627,0.0002340000355616212
519,Heart Failure Clinical Records,7,RandomFuzzyRules__max_rules_len__7,269,30,12,0.7666666666666667,0.46153846153846156,0.9021164021164022,0.06439219997264445,0.0003037999849766493
519,Heart Failure Clinical Records,8,RandomFuzzyRules__max_rules_len__2,269,30,12,0.8333333333333334,0.7058823529411765,0.798941798941799,0.05751700000837445,0.0002848999574780464
519,Heart Failure Clinical Records,8,RandomFuzzyRules__max_rules_len__3,269,30,12,0.8,0.6666666666666666,0.8148148148148149,0.06348939996678382,0.0003339999821037054
519,Heart Failure Clinical Records,8,RandomFuzzyRules__max_rules_len__4,269,30,12,0.8333333333333334,0.7058823529411765,0.7566137566137566,0.05250810005236417,0.00033320009242743254
519,Heart Failure Clinical Records,8,RandomFuzzyRules__max_rules_len__5,269,30,12,0.8,0.6666666666666666,0.8148148148148149,0.05746229994110763,0.000304899993352592
519,Heart Failure Clinical Records,8,RandomFuzzyRules__max_rules_len__6,269,30,12,0.8,0.6666666666666666,0.8148148148148149,0.0765866000438109,0.00033109996002167463
519,Heart Failure Clinical Records,8,RandomFuzzyRules__max_rules_len__7,269,30,12,0.8333333333333334,0.7058823529411765,0.7883597883597884,0.06492459995206445,0.0003170999698340893
519,Heart Failure Clinical Records,9,RandomFuzzyRules__max_rules_len__2,269,30,12,0.8333333333333334,0.6666666666666667,0.7936507936507937,0.05479850003030151,0.00033169996459037066
519,Heart Failure Clinical Records,9,RandomFuzzyRules__max_rules_len__3,269,30,12,0.8,0.6250000000000001,0.8306878306878307,0.05400150001514703,0.00028550007846206427
519,Heart Failure Clinical Records,9,RandomFuzzyRules__max_rules_len__4,269,30,12,0.8333333333333334,0.6666666666666667,0.8068783068783069,0.052803799975663424,0.0003162999637424946
519,Heart Failure Clinical Records,9,RandomFuzzyRules__max_rules_len__5,269,30,12,0.8,0.6250000000000001,0.8306878306878307,0.05715630005579442,0.00034090003464370966
519,Heart Failure Clinical Records,9,RandomFuzzyRules__max_rules_len__6,269,30,12,0.8,0.6250000000000001,0.8306878306878307,0.06183440005406737,0.00030890002381056547
519,Heart Failure Clinical Records,9,RandomFuzzyRules__max_rules_len__7,269,30,12,0.8,0.5714285714285714,0.798941798941799,0.06475050002336502,0.00035799993202090263
519,Heart Failure Clinical Records,10,RandomFuzzyRules__max_rules_len__2,270,29,12,0.8275862068965517,0.6666666666666667,0.7999999999999999,0.05407109996303916,0.00030509999487549067
519,Heart Failure Clinical Records,10,RandomFuzzyRules__max_rules_len__3,270,29,12,0.7931034482758621,0.5714285714285714,0.8444444444444446,0.059841200010851026,0.00030690000858157873
519,Heart Failure Clinical Records,10,RandomFuzzyRules__max_rules_len__4,270,29,12,0.8275862068965517,0.6666666666666667,0.85,0.058615899994038045,0.00032869994174689054
519,Heart Failure Clinical Records,10,RandomFuzzyRules__max_rules_len__5,270,29,12,0.8275862068965517,0.6666666666666667,0.8611111111111112,0.05906429991591722,0.0003146000672131777
519,Heart Failure Clinical Records,10,RandomFuzzyRules__max_rules_len__6,270,29,12,0.8275862068965517,0.6666666666666667,0.8611111111111112,0.06111130001954734,0.00030049995984882116
519,Heart Failure Clinical Records,10,RandomFuzzyRules__max_rules_len__7,270,29,12,0.7931034482758621,0.5714285714285714,0.8027777777777777,0.06418849993497133,0.00031599996145814657
529,Early Stage Diabetes Risk Prediction,1,RandomFuzzyRules__max_rules_len__2,468,52,16,0.9038461538461539,0.923076923076923,0.9414062499999999,0.0589068999979645,0.0003195999888703227
529,Early Stage Diabetes Risk Prediction,1,RandomFuzzyRules__max_rules_len__3,468,52,16,0.9230769230769231,0.9375,0.9500000000000001,0.05734069994650781,0.00028529996052384377
529,Early Stage Diabetes Risk Prediction,1,RandomFuzzyRules__max_rules_len__4,468,52,16,0.9230769230769231,0.9375,0.9437500000000001,0.05924510001204908,0.0003306999569758773
529,Early Stage Diabetes Risk Prediction,1,RandomFuzzyRules__max_rules_len__5,468,52,16,0.9038461538461539,0.923076923076923,0.8937499999999999,0.07468690001405776,0.0002445999998599291
529,Early Stage Diabetes Risk Prediction,1,RandomFuzzyRules__max_rules_len__6,468,52,16,0.9038461538461539,0.923076923076923,0.9359374999999999,0.07554119999986142,0.00024140009190887213
529,Early Stage Diabetes Risk Prediction,1,RandomFuzzyRules__max_rules_len__7,468,52,16,0.8653846153846154,0.8852459016393444,0.9031250000000001,0.07341319997794926,0.00024449999909847975
529,Early Stage Diabetes Risk Prediction,2,RandomFuzzyRules__max_rules_len__2,468,52,16,0.7884615384615384,0.8135593220338982,0.82578125,0.07044100004713982,0.0002769000129774213
529,Early Stage Diabetes Risk Prediction,2,RandomFuzzyRules__max_rules_len__3,468,52,16,0.8653846153846154,0.8852459016393444,0.9,0.08069970004726201,0.00031299993861466646
529,Early Stage Diabetes Risk Prediction,2,RandomFuzzyRules__max_rules_len__4,468,52,16,0.8461538461538461,0.870967741935484,0.84921875,0.08071830007247627,0.00027740001678466797
529,Early Stage Diabetes Risk Prediction,2,RandomFuzzyRules__max_rules_len__5,468,52,16,0.8461538461538461,0.870967741935484,0.84921875,0.07325000001583248,0.00034829997457563877
529,Early Stage Diabetes Risk Prediction,2,RandomFuzzyRules__max_rules_len__6,468,52,16,0.9038461538461539,0.923076923076923,0.9046874999999999,0.06437059992458671,0.0002573999809101224
529,Early Stage Diabetes Risk Prediction,2,RandomFuzzyRules__max_rules_len__7,468,52,16,0.8076923076923077,0.8275862068965517,0.8515625,0.08812550001312047,0.000493300030939281
529,Early Stage Diabetes Risk Prediction,3,RandomFuzzyRules__max_rules_len__2,468,52,16,0.9038461538461539,0.923076923076923,0.9351562499999999,0.07140799995977432,0.0002586999908089638
529,Early Stage Diabetes Risk Prediction,3,RandomFuzzyRules__max_rules_len__3,468,52,16,0.8653846153846154,0.8888888888888888,0.86484375,0.09443979989737272,0.00028899998869746923
529,Early Stage Diabetes Risk Prediction,3,RandomFuzzyRules__max_rules_len__4,468,52,16,0.9038461538461539,0.9206349206349206,0.9171874999999999,0.0735663000959903,0.00022329995408654213
529,Early Stage Diabetes Risk Prediction,3,RandomFuzzyRules__max_rules_len__5,468,52,16,0.9615384615384616,0.9696969696969697,0.953125,0.07617720006965101,0.0003173000877723098
529,Early Stage Diabetes Risk Prediction,3,RandomFuzzyRules__max_rules_len__6,468,52,16,0.9230769230769231,0.9375,0.9484375,0.0731225999770686,0.0003477999707683921
529,Early Stage Diabetes Risk Prediction,3,RandomFuzzyRules__max_rules_len__7,468,52,16,0.9230769230769231,0.9393939393939394,0.9585937499999999,0.062320200027897954,0.00027489999774843454
529,Early Stage Diabetes Risk Prediction,4,RandomFuzzyRules__max_rules_len__2,468,52,16,0.8653846153846154,0.8985507246376812,0.8953125,0.057691600057296455,0.0002565999748185277
529,Early Stage Diabetes Risk Prediction,4,RandomFuzzyRules__max_rules_len__3,468,52,16,0.8846153846153846,0.911764705882353,0.9375,0.05814600002486259,0.0003312999615445733
529,Early Stage Diabetes Risk Prediction,4,RandomFuzzyRules__max_rules_len__4,468,52,16,0.9038461538461539,0.9253731343283582,0.9218750000000001,0.058079799986444414,0.00031569995917379856
529,Early Stage Diabetes Risk Prediction,4,RandomFuzzyRules__max_rules_len__5,468,52,16,0.8846153846153846,0.911764705882353,0.8671875,0.06133610010147095,0.0003287999425083399
529,Early Stage Diabetes Risk Prediction,4,RandomFuzzyRules__max_rules_len__6,468,52,16,0.8846153846153846,0.911764705882353,0.884375,0.06007010000757873,0.0003282999387010932
529,Early Stage Diabetes Risk Prediction,4,RandomFuzzyRules__max_rules_len__7,468,52,16,0.8461538461538461,0.875,0.9125,0.05922910000663251,0.00028069992549717426
529,Early Stage Diabetes Risk Prediction,5,RandomFuzzyRules__max_rules_len__2,468,52,16,0.8461538461538461,0.8857142857142857,0.91171875,0.059588000061921775,0.00023509992752224207
529,Early Stage Diabetes Risk Prediction,5,RandomFuzzyRules__max_rules_len__3,468,52,16,0.8846153846153846,0.90625,0.91875,0.05958540004212409,0.00033299997448921204
529,Early Stage Diabetes Risk Prediction,5,RandomFuzzyRules__max_rules_len__4,468,52,16,0.8846153846153846,0.90625,0.90390625,0.05565819994080812,0.0002437999937683344
529,Early Stage Diabetes Risk Prediction,5,RandomFuzzyRules__max_rules_len__5,468,52,16,0.9230769230769231,0.9393939393939394,0.9117187499999999,0.06017640000209212,0.0003329000901430845
529,Early Stage Diabetes Risk Prediction,5,RandomFuzzyRules__max_rules_len__6,468,52,16,0.8653846153846154,0.8985507246376812,0.91875,0.0647148999851197,0.00032160000409930944
529,Early Stage Diabetes Risk Prediction,5,RandomFuzzyRules__max_rules_len__7,468,52,16,0.8653846153846154,0.8852459016393444,0.9046875000000001,0.06972670007962734,0.00033139996230602264
529,Early Stage Diabetes Risk Prediction,6,RandomFuzzyRules__max_rules_len__2,468,52,16,0.8269230769230769,0.8656716417910447,0.8476562499999999,0.05780230008531362,0.00027730001602321863
529,Early Stage Diabetes Risk Prediction,6,RandomFuzzyRules__max_rules_len__3,468,52,16,0.8653846153846154,0.8888888888888888,0.86953125,0.05740039993543178,0.0002837000647559762
529,Early Stage Diabetes Risk Prediction,6,RandomFuzzyRules__max_rules_len__4,468,52,16,0.8653846153846154,0.8813559322033898,0.8906249999999999,0.05750420002732426,0.0003217000048607588
529,Early Stage Diabetes Risk Prediction,6,RandomFuzzyRules__max_rules_len__5,468,52,16,0.8269230769230769,0.8524590163934426,0.8312499999999999,0.060042699915356934,0.0003339999821037054
529,Early Stage Diabetes Risk Prediction,6,RandomFuzzyRules__max_rules_len__6,468,52,16,0.8269230769230769,0.8571428571428571,0.86875,0.059975899988785386,0.0003252000315114856
529,Early Stage Diabetes Risk Prediction,6,RandomFuzzyRules__max_rules_len__7,468,52,16,0.9038461538461539,0.9152542372881356,0.921875,0.06565979996230453,0.00032410002313554287
529,Early Stage Diabetes Risk Prediction,7,RandomFuzzyRules__max_rules_len__2,468,52,16,0.9230769230769231,0.9393939393939394,0.9328124999999999,0.05792250006925315,0.00029170000925660133
529,Early Stage Diabetes Risk Prediction,7,RandomFuzzyRules__max_rules_len__3,468,52,16,0.9038461538461539,0.9206349206349206,0.9421875,0.0572134000249207,0.0003206999972462654
529,Early Stage Diabetes Risk Prediction,7,RandomFuzzyRules__max_rules_len__4,468,52,16,0.9038461538461539,0.9180327868852458,0.9125,0.05760759999975562,0.00030209997203201056
529,Early Stage Diabetes Risk Prediction,7,RandomFuzzyRules__max_rules_len__5,468,52,16,0.9038461538461539,0.9180327868852458,0.9125,0.06043230008799583,0.00031729997135698795
529,Early Stage Diabetes Risk Prediction,7,RandomFuzzyRules__max_rules_len__6,468,52,16,0.9230769230769231,0.9375,0.9468750000000001,0.061118700075894594,0.0003295999485999346
529,Early Stage Diabetes Risk Prediction,7,RandomFuzzyRules__max_rules_len__7,468,52,16,0.9230769230769231,0.9354838709677419,0.94609375,0.06278959999326617,0.0003355999942868948
529,Early Stage Diabetes Risk Prediction,8,RandomFuzzyRules__max_rules_len__2,468,52,16,0.8269230769230769,0.8656716417910447,0.809375,0.0588448999915272,0.00030529999639838934
529,Early Stage Diabetes Risk Prediction,8,RandomFuzzyRules__max_rules_len__3,468,52,16,0.8269230769230769,0.8656716417910447,0.8734374999999999,0.05986940010916442,0.00033300009090453386
529,Early Stage Diabetes Risk Prediction,8,RandomFuzzyRules__max_rules_len__4,468,52,16,0.8076923076923077,0.8484848484848485,0.84375,0.05590419995132834,0.0003474999684840441
529,Early Stage Diabetes Risk Prediction,8,RandomFuzzyRules__max_rules_len__5,468,52,16,0.8269230769230769,0.8421052631578947,0.8515624999999999,0.06102330004796386,0.0003331999760121107
529,Early Stage Diabetes Risk Prediction,8,RandomFuzzyRules__max_rules_len__6,468,52,16,0.8461538461538461,0.8857142857142857,0.86640625,0.0750465999590233,0.0002375999465584755
529,Early Stage Diabetes Risk Prediction,8,RandomFuzzyRules__max_rules_len__7,468,52,16,0.8269230769230769,0.8571428571428571,0.8656250000000001,0.08208429999649525,0.00032190000638365746
529,Early Stage Diabetes Risk Prediction,9,RandomFuzzyRules__max_rules_len__2,468,52,16,0.8269230769230769,0.8767123287671234,0.9031250000000001,0.055969999986700714,0.0003104000352323055
529,Early Stage Diabetes Risk Prediction,9,RandomFuzzyRules__max_rules_len__3,468,52,16,0.8269230769230769,0.8656716417910447,0.91015625,0.07422950002364814,0.0002818000502884388
529,Early Stage Diabetes Risk Prediction,9,RandomFuzzyRules__max_rules_len__4,468,52,16,0.8461538461538461,0.8787878787878787,0.890625,0.054129599942825735,0.0002536999527364969
529,Early Stage Diabetes Risk Prediction,9,RandomFuzzyRules__max_rules_len__5,468,52,16,0.8846153846153846,0.9090909090909091,0.875,0.0809938000747934,0.0002793999155983329
529,Early Stage Diabetes Risk Prediction,9,RandomFuzzyRules__max_rules_len__6,468,52,16,0.8461538461538461,0.888888888888889,0.8796875,0.06130980001762509,0.0002893999917432666
529,Early Stage Diabetes Risk Prediction,9,RandomFuzzyRules__max_rules_len__7,468,52,16,0.8653846153846154,0.8923076923076922,0.925,0.0816740000154823,0.0002805999247357249
529,Early Stage Diabetes Risk Prediction,10,RandomFuzzyRules__max_rules_len__2,468,52,16,0.8846153846153846,0.8999999999999999,0.9054687499999999,0.05767869995906949,0.0003106000367552042
529,Early Stage Diabetes Risk Prediction,10,RandomFuzzyRules__max_rules_len__3,468,52,16,0.8653846153846154,0.8852459016393444,0.9,0.06257629999890924,0.00033549999352544546
529,Early Stage Diabetes Risk Prediction,10,RandomFuzzyRules__max_rules_len__4,468,52,16,0.8653846153846154,0.8813559322033898,0.8882812499999999,0.05822370003443211,0.00032590003684163094
529,Early Stage Diabetes Risk Prediction,10,RandomFuzzyRules__max_rules_len__5,468,52,16,0.8653846153846154,0.8852459016393444,0.8765625,0.06087449996266514,0.00032380002085119486
529,Early Stage Diabetes Risk Prediction,10,RandomFuzzyRules__max_rules_len__6,468,52,16,0.9423076923076923,0.9538461538461539,0.95625,0.08333860000129789,0.0003212000010535121
529,Early Stage Diabetes Risk Prediction,10,RandomFuzzyRules__max_rules_len__7,468,52,16,0.7307692307692307,0.7741935483870969,0.7718749999999999,0.06286349997390062,0.00034929998219013214
