dataset_name,repeat_id,fold_id,fold,n_expected_folds,estimator,n_train,n_test,n_original_features,n_transformed_features,accuracy,balanced_accuracy,auroc,mcc,fit_time,predict_time,n_rules,n_conditions,mean_conditions_per_rule,n_literals,mean_literals_per_rule
acquire_valued_shoppers_challenge,0,0,1,5,RFR,140701,19356,110,116,0.6390783219673486,0.5,0.562810104560663,0.0,0.2525863600894809,0.004749002866446972,2,2,1.0,2,1.0
acquire_valued_shoppers_challenge,0,0,1,5,GPR,140701,19356,110,116,0.6390783219673486,0.5,0.5,0.0,2.3044267809018493,0.027409570291638374,2,2,1.0,2,1.0
acquire_valued_shoppers_challenge,0,0,1,5,FIGS,140701,19356,110,116,0.6718846869187849,0.5613975265463367,0.600088264067111,0.2106720848949016,7.548472287133336,0.04480196721851826,,,,,
acquire_valued_shoppers_challenge,0,0,1,5,HSTree,140701,19356,110,116,0.6416615003099814,0.5110860594037133,0.5923257995376363,0.0651320225088248,1.6389418132603168,0.005131789483129978,,,,,
acquire_valued_shoppers_challenge,0,0,1,5,GreedyRuleList,140701,19356,110,116,0.6390783219673486,0.5,0.5545359456642815,0.0,1.1384810395538807,0.0186443068087101,,,,,
acquire_valued_shoppers_challenge,0,0,1,5,Dummy,140701,19356,110,116,0.6390783219673486,0.5,0.5,0.0,0.019959723576903343,0.00022088736295700073,,,,,
acquire_valued_shoppers_challenge,1,0,2,5,RFR,110396,30305,110,116,0.6355716878402904,0.5000905305087815,0.5887030325450011,0.010727203810964063,0.19082604721188545,0.008485316298902035,2,2,1.0,2,1.0
acquire_valued_shoppers_challenge,1,0,2,5,GPR,110396,30305,110,116,0.635538689985151,0.5000645686208329,0.5000645686208329,0.006247044757549867,2.103834841400385,0.04081399738788605,2,2,1.0,2,1.0
acquire_valued_shoppers_challenge,1,0,2,5,FIGS,110396,30305,110,116,0.5914865533740307,0.5034523834672479,0.5575515004556328,0.008761216361766591,5.362231068313122,0.04328128322958946,,,,,
acquire_valued_shoppers_challenge,1,0,2,5,HSTree,110396,30305,110,116,0.64180828246164,0.5179691895802303,0.5491476989056907,0.09026238661026222,0.967425080947578,0.008091489784419537,,,,,
acquire_valued_shoppers_challenge,1,0,2,5,GreedyRuleList,110396,30305,110,116,0.6355056921300115,0.5,0.5469967825779646,0.0,0.4446591502055526,0.031999923288822174,,,,,
acquire_valued_shoppers_challenge,1,0,2,5,Dummy,110396,30305,110,116,0.6355056921300115,0.5,0.5,0.0,0.015069941058754921,0.00020770728588104248,,,,,
acquire_valued_shoppers_challenge,2,0,3,5,RFR,105052,5344,110,116,0.7848053892215568,0.5,0.5821794074350521,0.0,0.18923997227102518,0.0011686589568853378,2,2,1.0,2,1.0
acquire_valued_shoppers_challenge,2,0,3,5,GPR,105052,5344,110,116,0.7848053892215568,0.5,0.5,0.0,1.9874857375398278,0.00619719922542572,2,2,1.0,2,1.0
acquire_valued_shoppers_challenge,2,0,3,5,FIGS,105052,5344,110,116,0.7874251497005988,0.506718085878377,0.5973173892309925,0.0953019630675308,5.145646506920457,0.0066684540361166,,,,,
acquire_valued_shoppers_challenge,2,0,3,5,HSTree,105052,5344,110,116,0.7876122754491018,0.5077839978437105,0.6314201447202007,0.09773166291199627,0.9166648965328932,0.0015568342059850693,,,,,
acquire_valued_shoppers_challenge,2,0,3,5,GreedyRuleList,105052,5344,110,116,0.7848053892215568,0.5,0.5225405859302108,0.0,0.4253535885363817,0.0038205021992325783,,,,,
acquire_valued_shoppers_challenge,2,0,3,5,Dummy,105052,5344,110,116,0.7848053892215568,0.5,0.5,0.0,0.014338308945298195,0.00020573846995830536,,,,,
acquire_valued_shoppers_challenge,3,0,4,5,RFR,102294,2758,110,116,0.7030456852791879,0.5,0.608749711122068,0.0,0.18755368795245886,0.0006983326748013496,2,2,1.0,2,1.0
acquire_valued_shoppers_challenge,3,0,4,5,GPR,102294,2758,110,116,0.7030456852791879,0.5,0.5,0.0,1.987260289490223,0.0034944256767630577,2,2,1.0,2,1.0
acquire_valued_shoppers_challenge,3,0,4,5,FIGS,102294,2758,110,116,0.7099347353154459,0.5154785046481798,0.6686341851375374,0.11688347245596277,4.9779725559055805,0.003843432292342186,,,,,
acquire_valued_shoppers_challenge,3,0,4,5,HSTree,102294,2758,110,116,0.7113850616388687,0.5228574073339416,0.6537173788334181,0.1301230528368876,0.8845489099621773,0.0009074509143829346,,,,,
acquire_valued_shoppers_challenge,3,0,4,5,GreedyRuleList,102294,2758,110,116,0.7030456852791879,0.5,0.6259825785354408,0.0,0.4128676997497678,0.002115999348461628,,,,,
acquire_valued_shoppers_challenge,3,0,4,5,Dummy,102294,2758,110,116,0.7030456852791879,0.5,0.5,0.0,0.013964321464300156,0.0002031782642006874,,,,,
acquire_valued_shoppers_challenge,4,0,5,5,RFR,90387,11907,110,116,0.7264634248761233,0.5,0.6059569340202783,0.0,0.16479351092129946,0.0026238039135932922,2,2,1.0,2,1.0
acquire_valued_shoppers_challenge,4,0,5,5,GPR,90387,11907,110,116,0.7264634248761233,0.5,0.5,0.0,2.0050368532538414,0.014505777508020401,2,2,1.0,2,1.0
acquire_valued_shoppers_challenge,4,0,5,5,FIGS,90387,11907,110,116,0.7267993617199966,0.5007097740571219,0.6583276571049284,0.028196791784289126,4.469753515906632,0.015427276492118835,,,,,
acquire_valued_shoppers_challenge,4,0,5,5,HSTree,90387,11907,110,116,0.72713529856387,0.5506155350592143,0.6630996466481265,0.15983035263894402,0.7370290942490101,0.003200758248567581,,,,,
acquire_valued_shoppers_challenge,4,0,5,5,GreedyRuleList,90387,11907,110,116,0.7264634248761233,0.5,0.5827276776919786,0.0,0.3485238943248987,0.008066761307418346,,,,,
acquire_valued_shoppers_challenge,4,0,5,5,Dummy,90387,11907,110,116,0.7264634248761233,0.5,0.5,0.0,0.0018219919875264168,0.0002003377303481102,,,,,
amazon_employee_access,0,0,1,9,RFR,21846,10923,9,867,0.9421404376087156,0.5,0.5017207336138619,0.0,0.09723803866654634,0.024971432983875275,2,2,1.0,2,1.0
amazon_employee_access,0,0,1,9,GPR,21846,10923,9,867,0.9421404376087156,0.5,0.5,0.0,2.490587204694748,0.10568454395979643,6,20,3.3333333333333335,20,3.3333333333333335
amazon_employee_access,0,0,1,9,FIGS,21846,10923,9,867,0.943422136775611,0.5333525422853199,0.5712616499116224,0.1898609077199961,3.0241865469142795,0.021479657851159573,,,,,
amazon_employee_access,0,0,1,9,HSTree,21846,10923,9,867,0.9437883365375812,0.5409724178309916,0.586897085938432,0.21164757195097178,1.2111975075677037,0.008223389275372028,,,,,
amazon_employee_access,0,0,1,9,GreedyRuleList,21846,10923,9,867,0.9436967865970887,0.520132344964077,0.521059018018694,0.16634264733546344,0.14385693706572056,0.01171125378459692,,,,,
amazon_employee_access,0,0,1,9,Dummy,21846,10923,9,867,0.9421404376087156,0.5,0.5,0.0,0.0005298145115375519,0.00019593816250562668,,,,,
amazon_employee_access,0,1,2,9,RFR,21846,10923,9,867,0.9421404376087156,0.5,0.49773021221689345,0.0,0.10031161829829216,0.023902323096990585,2,2,1.0,2,1.0
amazon_employee_access,0,1,2,9,GPR,21846,10923,9,867,0.9421404376087156,0.5,0.5,0.0,2.548597875982523,0.10577520355582237,6,23,3.8333333333333335,23,3.8333333333333335
amazon_employee_access,0,1,2,9,FIGS,21846,10923,9,867,0.9428728371326559,0.5226652820640869,0.550953641439183,0.15375952629246317,3.1042008167132735,0.02283686399459839,,,,,
amazon_employee_access,0,1,2,9,HSTree,21846,10923,9,867,0.9427812871921634,0.5278145676017757,0.5591779993333243,0.16634789827009483,1.3548392793163657,0.007932551205158234,,,,,
amazon_employee_access,0,1,2,9,GreedyRuleList,21846,10923,9,867,0.9432390368946261,0.5146915425669966,0.5174641046803831,0.14078117066228857,0.14808510523289442,0.01183296274393797,,,,,
amazon_employee_access,0,1,2,9,Dummy,21846,10923,9,867,0.9421404376087156,0.5,0.5,0.0,0.0005412641912698746,0.00019568949937820435,,,,,
amazon_employee_access,0,2,3,9,RFR,21846,10923,9,866,0.942048887668223,0.5,0.49713313896987366,0.0,0.10129310842603445,0.02478207368403673,2,2,1.0,2,1.0
amazon_employee_access,0,2,3,9,GPR,21846,10923,9,866,0.942048887668223,0.5,0.5,0.0,2.6335241496562958,0.10687306150794029,6,20,3.3333333333333335,20,3.3333333333333335
amazon_employee_access,0,2,3,9,FIGS,21846,10923,9,866,0.9425066373706857,0.5261884035943423,0.5714649570051448,0.15911714083067968,3.249060573987663,0.03297712281346321,,,,,
amazon_employee_access,0,2,3,9,HSTree,21846,10923,9,866,0.9422319875492081,0.5215948396962035,0.5978212408863343,0.14129951642295877,1.5651355581358075,0.008046220056712627,,,,,
amazon_employee_access,0,2,3,9,GreedyRuleList,21846,10923,9,866,0.9423235374897007,0.5127478479543476,0.5156053439204614,0.11198033173561846,0.14648307021707296,0.01180238276720047,,,,,
amazon_employee_access,0,2,3,9,Dummy,21846,10923,9,866,0.942048887668223,0.5,0.5,0.0,0.0005386844277381897,0.00020820647478103638,,,,,
amazon_employee_access,1,0,4,9,RFR,21846,10923,9,865,0.9421404376087156,0.5,0.5026576312840642,0.0,0.09849157556891441,0.024176690727472305,2,2,1.0,2,1.0
amazon_employee_access,1,0,4,9,GPR,21846,10923,9,865,0.9421404376087156,0.5,0.5,0.0,2.704319264739752,0.10604484006762505,6,20,3.3333333333333335,20,3.3333333333333335
amazon_employee_access,1,0,4,9,FIGS,21846,10923,9,865,0.943055937013641,0.5324156446151178,0.5767482708868139,0.18210017789458002,3.251097365282476,0.030378999188542366,,,,,
amazon_employee_access,1,0,4,9,HSTree,21846,10923,9,865,0.9425981873111783,0.5358854793853299,0.621183373944789,0.1843576036288914,1.2158155627548695,0.00813203863799572,,,,,
amazon_employee_access,1,0,4,9,GreedyRuleList,21846,10923,9,865,0.9432390368946261,0.5161766487615453,0.5187205023684207,0.14433494817899176,0.14430689066648483,0.0118259834125638,,,,,
amazon_employee_access,1,0,4,9,Dummy,21846,10923,9,865,0.9421404376087156,0.5,0.5,0.0,0.0005293944850564003,0.00019538775086402893,,,,,
amazon_employee_access,1,1,5,9,RFR,21846,10923,9,867,0.9422319875492081,0.5015336923377807,0.5150140407803795,0.04321988681761887,0.09607622772455215,0.024157220497727394,2,3,1.5,3,1.5
amazon_employee_access,1,1,5,9,GPR,21846,10923,9,867,0.9421404376087156,0.5,0.5,0.0,2.725474089384079,0.10537977423518896,6,12,2.0,12,2.0
amazon_employee_access,1,1,5,9,FIGS,21846,10923,9,867,0.9427812871921634,0.5292996737963245,0.5582507112642361,0.17025349745469381,2.974718957208097,0.018824073486030102,,,,,
amazon_employee_access,1,1,5,9,HSTree,21846,10923,9,867,0.943422136775611,0.5340950953825944,0.5767683357339397,0.19153476687634718,1.2384517807513475,0.00828865822404623,,,,,
amazon_employee_access,1,1,5,9,GreedyRuleList,21846,10923,9,867,0.9428728371326559,0.5159823041886176,0.5168583923029708,0.13397484360591377,0.1465883357450366,0.011723374016582966,,,,,
amazon_employee_access,1,1,5,9,Dummy,21846,10923,9,867,0.9421404376087156,0.5,0.5,0.0,0.0005461955443024635,0.00020129792392253876,,,,,
amazon_employee_access,1,2,6,9,RFR,21846,10923,9,867,0.942048887668223,0.5,0.5106980503779034,0.0,0.09604302793741226,0.024482096545398235,2,3,1.5,3,1.5
amazon_employee_access,1,2,6,9,GPR,21846,10923,9,867,0.942048887668223,0.5,0.5,0.0,2.0525792567059398,0.10478207096457481,3,7,2.3333333333333335,7,2.3333333333333335
amazon_employee_access,1,2,6,9,FIGS,21846,10923,9,867,0.94085873844182,0.5342093506326024,0.5528138946844819,0.16231518097983538,3.03581219073385,0.021441887132823467,,,,,
amazon_employee_access,1,2,6,9,HSTree,21846,10923,9,867,0.943055937013641,0.5353755313906199,0.556825673171548,0.19036575388768212,1.2300278088077903,0.007920030504465103,,,,,
amazon_employee_access,1,2,6,9,GreedyRuleList,21846,10923,9,867,0.9427812871921634,0.5122495037283702,0.5170383522400158,0.12225287612068088,0.1451489506289363,0.011750523000955582,,,,,
amazon_employee_access,1,2,6,9,Dummy,21846,10923,9,867,0.942048887668223,0.5,0.5,0.0,0.0005292138084769249,0.00019654817879199982,,,,,
amazon_employee_access,2,0,7,9,RFR,21846,10923,9,865,0.9421404376087156,0.5,0.5018179059003258,0.0,0.09810544736683369,0.02404233068227768,2,2,1.0,2,1.0
amazon_employee_access,2,0,7,9,GPR,21846,10923,9,865,0.9421404376087156,0.5,0.5,0.0,2.62298955116421,0.10566702112555504,6,20,3.3333333333333335,20,3.3333333333333335
amazon_employee_access,2,0,7,9,FIGS,21846,10923,9,865,0.941865787787238,0.5147053035157917,0.5596415664910596,0.10965858590273113,3.1082223067060113,0.025235279463231564,,,,,
amazon_employee_access,2,0,7,9,HSTree,21846,10923,9,865,0.9425981873111783,0.5336578200935068,0.5656550242377203,0.17886249001120508,1.1110850842669606,0.008230029605329037,,,,,
amazon_employee_access,2,0,7,9,GreedyRuleList,21846,10923,9,865,0.9426897372516708,0.5121723664157818,0.5154437821421938,0.11664125709941718,0.14604241121560335,0.011579775251448154,,,,,
amazon_employee_access,2,0,7,9,Dummy,21846,10923,9,865,0.9421404376087156,0.5,0.5,0.0,0.0005413945764303207,0.00019979849457740784,,,,,
amazon_employee_access,2,1,8,9,RFR,21846,10923,9,866,0.9411333882632976,0.5039208710080948,0.5047672846742084,0.03994134742073958,0.09574228059500456,0.02472180500626564,2,2,1.0,2,1.0
amazon_employee_access,2,1,8,9,GPR,21846,10923,9,866,0.9421404376087156,0.5007425530972743,0.5007425530972744,0.02562705119248762,2.3931759279221296,0.10408769734203815,3,6,2.0,6,2.0
amazon_employee_access,2,1,8,9,FIGS,21846,10923,9,866,0.9427812871921634,0.522616695920855,0.5579126070586441,0.15198256720207173,2.9613154334947467,0.0194124486297369,,,,,
amazon_employee_access,2,1,8,9,HSTree,21846,10923,9,866,0.9435136867161036,0.5326585753312776,0.5676574344794333,0.18977128246168753,1.227193906903267,0.007875022478401661,,,,,
amazon_employee_access,2,1,8,9,GreedyRuleList,21846,10923,9,866,0.9422319875492081,0.5030187985323294,0.5084166267932285,0.05570198481730593,0.14591951109468937,0.011575674638152122,,,,,
amazon_employee_access,2,1,8,9,Dummy,21846,10923,9,866,0.9421404376087156,0.5,0.5,0.0,0.0005393149331212044,0.0001996885985136032,,,,,
amazon_employee_access,2,2,9,9,RFR,21846,10923,9,866,0.942048887668223,0.5,0.5138576080398307,0.0,0.09243008214980364,0.02416945993900299,2,3,1.5,3,1.5
amazon_employee_access,2,2,9,9,GPR,21846,10923,9,866,0.9417742378467454,0.4998542274052478,0.4998542274052478,-0.004110962127213029,2.566965133883059,0.10430096462368965,3,7,2.3333333333333335,7,2.3333333333333335
amazon_employee_access,2,2,9,9,FIGS,21846,10923,9,866,0.9427812871921634,0.5292993703913522,0.5596737273108295,0.17158286079365467,3.0260755587369204,0.02078001294285059,,,,,
amazon_employee_access,2,2,9,9,HSTree,21846,10923,9,866,0.9429643870731484,0.536068239076267,0.5683968238615689,0.19070440092127533,1.3557020658627152,0.007863972336053848,,,,,
amazon_employee_access,2,2,9,9,GreedyRuleList,21846,10923,9,866,0.9433305868351186,0.5177301387718256,0.5182255660106516,0.1533002293731826,0.14624104835093021,0.01163515541702509,,,,,
amazon_employee_access,2,2,9,9,Dummy,21846,10923,9,866,0.942048887668223,0.5,0.5,0.0,0.0005405433475971222,0.00020945817232131958,,,,,
amex_non_iid,0,0,1,1,RFR,1000350,249255,189,332,0.7982909069025697,0.6166932396108417,0.8892988228044851,0.36784976528152497,2.6420568954199553,0.3306978913024068,1,1,1.0,1,1.0
amex_non_iid,0,0,1,1,GPR,1000350,249255,189,332,0.7874185071513109,0.6424515773542092,0.6424515773542091,0.35313456792124637,18.55631341598928,0.8728214846923947,2,4,2.0,5,2.5
amex_non_iid,0,0,1,1,FIGS,1000350,249255,189,332,0.8551563659705924,0.7990914771655504,0.9115250386087981,0.6061650381723931,193.9243933558464,0.7961511164903641,,,,,
amex_non_iid,0,0,1,1,HSTree,1000350,249255,189,332,0.8488375358568534,0.7954215669100779,0.9014414277091384,0.592758848376803,55.12676962278783,0.10265531204640865,,,,,
amex_non_iid,0,0,1,1,GreedyRuleList,1000350,249255,189,332,0.817010691861748,0.8068396694810585,0.8619755422669809,0.5654253012094467,36.012117757461965,0.33847998827695847,,,,,
amex_non_iid,0,0,1,1,Dummy,1000350,249255,189,332,0.7526147920803996,0.5,0.5,0.0,0.034372566267848015,0.00030655693262815475,,,,,
bad_customer_detection,0,0,1,30,RFR,1148,575,13,49,0.8834782608695653,0.49901768172888017,0.49901768172888017,-0.015029935969261585,0.0029884204268455505,0.00017177872359752655,1,1,1.0,1,1.0
bad_customer_detection,0,0,1,30,GPR,1148,575,13,49,0.8782608695652174,0.4960707269155206,0.4960707269155206,-0.030138734877558308,0.8052078923210502,0.00011091958731412888,2,4,2.0,4,2.0
bad_customer_detection,0,0,1,30,FIGS,1148,575,13,49,0.871304347826087,0.5251086503542299,0.6898106804786569,0.09192219229860124,0.24761841911822557,0.002340497449040413,,,,,
bad_customer_detection,0,0,1,30,HSTree,1148,575,13,49,0.8730434782608696,0.519497529320712,0.6331785437875811,0.07798315356862531,0.0030697789043188095,0.00023470818996429443,,,,,
bad_customer_detection,0,0,1,30,GreedyRuleList,1148,575,13,49,0.8852173913043478,0.5,0.6567541822944574,0.0,0.0037112627178430557,0.0006522228941321373,,,,,
bad_customer_detection,0,0,1,30,Dummy,1148,575,13,49,0.8852173913043478,0.5,0.5,0.0,0.0004068957641720772,0.00019157864153385162,,,,,
bad_customer_detection,0,1,2,30,RFR,1149,574,13,50,0.8850174216027874,0.49901768172888017,0.49901768172888017,-0.01492864793691636,0.002815992571413517,0.0001640375703573227,1,1,1.0,1,1.0
bad_customer_detection,0,1,2,30,GPR,1149,574,13,50,0.8867595818815331,0.5,0.5,0.0,0.6174462037160993,0.00011074729263782501,1,6,6.0,6,6.0
bad_customer_detection,0,1,2,30,FIGS,1149,574,13,50,0.872822299651568,0.5592413480429197,0.7244672812452772,0.17429910637621926,0.2398708574473858,0.0019241301342844963,,,,,
bad_customer_detection,0,1,2,30,HSTree,1149,574,13,50,0.8745644599303136,0.5535136768928518,0.6991083572615989,0.1661705972108974,0.003566313534975052,0.00024194642901420593,,,,,
bad_customer_detection,0,1,2,30,GreedyRuleList,1149,574,13,50,0.8850174216027874,0.505727671150068,0.7128608130572767,0.05034368008779245,0.003994829952716827,0.0006854534149169922,,,,,
bad_customer_detection,0,1,2,30,Dummy,1149,574,13,50,0.8867595818815331,0.5,0.5,0.0,0.0004025660455226898,0.00018964800983667374,,,,,
bad_customer_detection,0,2,3,30,RFR,1149,574,13,49,0.8850174216027874,0.49901768172888017,0.49901768172888017,-0.01492864793691636,0.0028469227254390717,0.00017527863383293152,1,2,2.0,2,2.0
bad_customer_detection,0,2,3,30,GPR,1149,574,13,49,0.8850174216027874,0.49901768172888017,0.49901768172888017,-0.01492864793691636,0.6982182944193482,0.00011688936501741409,1,4,4.0,5,5.0
bad_customer_detection,0,2,3,30,FIGS,1149,574,13,49,0.8902439024390244,0.5355145836481789,0.7432220039292731,0.19199905170051226,0.21466966066509485,0.0018165810033679008,,,,,
bad_customer_detection,0,2,3,30,HSTree,1149,574,13,49,0.89198606271777,0.5633368596040502,0.7338219737040954,0.25162312857005664,0.0031607579439878464,0.0002360772341489792,,,,,
bad_customer_detection,0,2,3,30,GreedyRuleList,1149,574,13,49,0.8867595818815331,0.5,0.6961462898594529,0.0,0.003917240537703037,0.000708453357219696,,,,,
bad_customer_detection,0,2,3,30,Dummy,1149,574,13,49,0.8867595818815331,0.5,0.5,0.0,0.00032572727650403976,0.00018910784274339676,,,,,
bad_customer_detection,1,0,4,30,RFR,1148,575,13,48,0.8852173913043478,0.5,0.49410609037328096,0.0,0.002899549901485443,0.00016613956540822983,1,2,2.0,2,2.0
bad_customer_detection,1,0,4,30,GPR,1148,575,13,48,0.8852173913043478,0.5,0.5,0.0,0.619219496846199,0.0001123286783695221,1,5,5.0,5,5.0
bad_customer_detection,1,0,4,30,FIGS,1148,575,13,48,0.8660869565217392,0.5155682562362327,0.6877418586652378,0.055524752238537346,0.2322870520874858,0.0022508781403303146,,,,,
bad_customer_detection,1,0,4,30,HSTree,1148,575,13,48,0.8747826086956522,0.5402601655057451,0.6764600821575281,0.14007960908579417,0.0034273257479071617,0.00024085678160190582,,,,,
bad_customer_detection,1,0,4,30,GreedyRuleList,1148,575,13,48,0.8852173913043478,0.5,0.7208430076799428,0.0,0.003823850303888321,0.0006570732221007347,,,,,
bad_customer_detection,1,0,4,30,Dummy,1148,575,13,48,0.8852173913043478,0.5,0.5,0.0,0.0003907764330506325,0.00019074790179729462,,,,,
bad_customer_detection,1,1,5,30,RFR,1149,574,13,48,0.8867595818815331,0.5,0.5,0.0,0.003489145077764988,0.00017601903527975082,1,2,2.0,2,2.0
bad_customer_detection,1,1,5,30,GPR,1149,574,13,48,0.8867595818815331,0.5,0.5,0.0,0.615044267848134,0.0001087486743927002,1,5,5.0,5,5.0
bad_customer_detection,1,1,5,30,FIGS,1149,574,13,48,0.8780487804878049,0.5554783134350915,0.6771497657548738,0.17927886645597738,0.23945736046880484,0.002171517349779606,,,,,
bad_customer_detection,1,1,5,30,HSTree,1149,574,13,48,0.8623693379790941,0.5466374489950129,0.6442345473779658,0.1288266518495957,0.0032398682087659836,0.00024173688143491745,,,,,
bad_customer_detection,1,1,5,30,GreedyRuleList,1149,574,13,48,0.8850174216027874,0.49901768172888017,0.6450808523500076,-0.01492864793691636,0.004098828881978989,0.0007121022790670395,,,,,
bad_customer_detection,1,1,5,30,Dummy,1149,574,13,48,0.8867595818815331,0.5,0.5,0.0,0.00039563607424497604,0.0001918179914355278,,,,,
bad_customer_detection,1,2,6,30,RFR,1149,574,13,50,0.8867595818815331,0.5,0.5,0.0,0.003645232878625393,0.00017283763736486435,1,2,2.0,2,2.0
bad_customer_detection,1,2,6,30,GPR,1149,574,13,50,0.8832752613240418,0.49803536345776034,0.49803536345776034,-0.021130743125940318,0.6213539438322186,0.00010873749852180481,1,3,3.0,3,3.0
bad_customer_detection,1,2,6,30,FIGS,1149,574,13,50,0.8745644599303136,0.5333837086292882,0.6959800513828021,0.11826516835048573,0.21891894657164812,0.0015455437824130058,,,,,
bad_customer_detection,1,2,6,30,HSTree,1149,574,13,50,0.867595818815331,0.5361644249659967,0.6778298322502645,0.11229772355992022,0.0032277079299092293,0.00023440830409526825,,,,,
bad_customer_detection,1,2,6,30,GreedyRuleList,1149,574,13,50,0.8867595818815331,0.5,0.6691552062868369,0.0,0.003973339684307575,0.0006916830316185951,,,,,
bad_customer_detection,1,2,6,30,Dummy,1149,574,13,50,0.8867595818815331,0.5,0.5,0.0,0.000410974957048893,0.00020073819905519485,,,,,
bad_customer_detection,2,0,7,30,RFR,1148,575,13,49,0.8852173913043478,0.5,0.5,0.0,0.0033921264111995697,0.00017957761883735657,1,2,2.0,2,2.0
bad_customer_detection,2,0,7,30,GPR,1148,575,13,49,0.8852173913043478,0.5,0.5,0.0,0.7685646489262581,0.0001190081238746643,2,7,3.5,7,3.5
bad_customer_detection,2,0,7,30,FIGS,1148,575,13,49,0.8521739130434782,0.5538637851997381,0.6942459963088646,0.13344280651486884,0.23295467533171177,0.0017806822434067726,,,,,
bad_customer_detection,2,0,7,30,HSTree,1148,575,13,49,0.8678260869565217,0.5363308924212656,0.6126391617550755,0.11581251694228302,0.0026161139830946922,0.0002323770895600319,,,,,
bad_customer_detection,2,0,7,30,GreedyRuleList,1148,575,13,49,0.8852173913043478,0.5,0.6865214026314223,0.0,0.004296706989407539,0.0007454017177224159,,,,,
bad_customer_detection,2,0,7,30,Dummy,1148,575,13,49,0.8852173913043478,0.5,0.5,0.0,0.0003986554220318794,0.0002008676528930664,,,,,
bad_customer_detection,2,1,8,30,RFR,1149,574,13,49,0.8850174216027874,0.49901768172888017,0.49901768172888017,-0.01492864793691636,0.003487285226583481,0.00018331781029701233,1,1,1.0,1,1.0
bad_customer_detection,2,1,8,30,GPR,1149,574,13,49,0.8867595818815331,0.5067099894211878,0.5067099894211878,0.07216961498398078,0.8187228459864855,0.0001181289553642273,2,8,4.0,8,4.0
bad_customer_detection,2,1,8,30,FIGS,1149,574,13,49,0.8797909407665505,0.5296206740214598,0.7128154752909174,0.12169772804259715,0.20345639064908028,0.0008885404095053673,,,,,
bad_customer_detection,2,1,8,30,HSTree,1149,574,13,49,0.8745644599303136,0.5266737192081004,0.7194499017681729,0.09971880879979526,0.0034106550738215446,0.00023836828768253326,,,,,
bad_customer_detection,2,1,8,30,GreedyRuleList,1149,574,13,49,0.8867595818815331,0.5,0.7422396856581532,0.0,0.00382849108427763,0.0006411038339138031,,,,,
bad_customer_detection,2,1,8,30,Dummy,1149,574,13,49,0.8867595818815331,0.5,0.5,0.0,0.0003895862028002739,0.00019269809126853943,,,,,
bad_customer_detection,2,2,9,30,RFR,1149,574,13,50,0.8867595818815331,0.5,0.49803536345776034,0.0,0.003636544570326805,0.00017331726849079132,1,2,2.0,2,2.0
bad_customer_detection,2,2,9,30,GPR,1149,574,13,50,0.8867595818815331,0.5,0.5,0.0,0.6208206992596388,0.00010649953037500381,1,2,2.0,2,2.0
bad_customer_detection,2,2,9,30,FIGS,1149,574,13,50,0.8832752613240418,0.5315853105636995,0.6598911893607375,0.1399174674942467,0.20938583184033632,0.0018010213971138,,,,,
bad_customer_detection,2,2,9,30,HSTree,1149,574,13,50,0.8710801393728222,0.5716790086141756,0.6555236512014508,0.1951560200514695,0.003327176906168461,0.00025291647762060165,,,,,
bad_customer_detection,2,2,9,30,GreedyRuleList,1149,574,13,50,0.8867595818815331,0.5067099894211878,0.6800967205682333,0.07216961498398078,0.003936939872801304,0.0007390230894088745,,,,,
bad_customer_detection,2,2,9,30,Dummy,1149,574,13,50,0.8867595818815331,0.5,0.5,0.0,0.00040004588663578033,0.00019171740859746933,,,,,
bad_customer_detection,3,0,10,30,RFR,1148,575,13,48,0.8852173913043478,0.5,0.5,0.0,0.0034780148416757584,0.000165487639605999,1,2,2.0,2,2.0
bad_customer_detection,3,0,10,30,GPR,1148,575,13,48,0.8834782608695653,0.49901768172888017,0.49901768172888017,-0.015029935969261585,0.6327537586912513,0.00010955892503261566,1,6,6.0,6,6.0
bad_customer_detection,3,0,10,30,FIGS,1148,575,13,48,0.8834782608695653,0.5451717568613442,0.6917902006310651,0.18067089395479224,0.2336949072778225,0.0019026007503271103,,,,,
bad_customer_detection,3,0,10,30,HSTree,1148,575,13,48,0.8782608695652174,0.5554116806572602,0.7250997201881288,0.184157016844403,0.003571474924683571,0.0002416381612420082,,,,,
bad_customer_detection,3,0,10,30,GreedyRuleList,1148,575,13,48,0.8852173913043478,0.5,0.7000208370542359,0.0,0.004007560200989246,0.0007192911580204964,,,,,
bad_customer_detection,3,0,10,30,Dummy,1148,575,13,48,0.8852173913043478,0.5,0.5,0.0,0.0003970358520746231,0.00019078794866800308,,,,,
bad_customer_detection,3,1,11,30,RFR,1149,574,13,49,0.8850174216027874,0.49901768172888017,0.49901768172888017,-0.01492864793691636,0.003589884378015995,0.00029146671295166016,1,2,2.0,2,2.0
bad_customer_detection,3,1,11,30,GPR,1149,574,13,49,0.8867595818815331,0.5067099894211878,0.5067099894211878,0.07216961498398078,0.621205935254693,0.00011101923882961273,1,4,4.0,5,5.0
bad_customer_detection,3,1,11,30,FIGS,1149,574,13,49,0.8745644599303136,0.5535136768928518,0.669351669941061,0.1661705972108974,0.22507724445313215,0.001475675031542778,,,,,
bad_customer_detection,3,1,11,30,HSTree,1149,574,13,49,0.8885017421602788,0.5680822124829983,0.7318724497506421,0.24118813192346683,0.003498295322060585,0.000241757370531559,,,,,
bad_customer_detection,3,1,11,30,GreedyRuleList,1149,574,13,49,0.8867595818815331,0.5134199788423757,0.7076318573371618,0.1022421498381893,0.0039262911304831505,0.0007014628499746323,,,,,
bad_customer_detection,3,1,11,30,Dummy,1149,574,13,49,0.8867595818815331,0.5,0.5,0.0,0.00040551554411649704,0.00019168760627508163,,,,,
bad_customer_detection,3,2,12,30,RFR,1149,574,13,50,0.8867595818815331,0.5,0.49803536345776034,0.0,0.003867071121931076,0.00018147844821214676,1,2,2.0,2,2.0
bad_customer_detection,3,2,12,30,GPR,1149,574,13,50,0.8867595818815331,0.5,0.5,0.0,0.6199675370007753,0.00011277943849563599,1,6,6.0,6,6.0
bad_customer_detection,3,2,12,30,FIGS,1149,574,13,50,0.8850174216027874,0.5459876076771951,0.7014659211122866,0.18269844434232457,0.2396775297820568,0.0019051507115364075,,,,,
bad_customer_detection,3,2,12,30,HSTree,1149,574,13,50,0.8815331010452961,0.5440229711349555,0.6627474686413783,0.16457840795116352,0.0033703362569212914,0.00024031754583120346,,,,,
bad_customer_detection,3,2,12,30,GreedyRuleList,1149,574,13,50,0.8867595818815331,0.5,0.6811092640169261,0.0,0.003811870701611042,0.000654994510114193,,,,,
bad_customer_detection,3,2,12,30,Dummy,1149,574,13,50,0.8867595818815331,0.5,0.5,0.0,0.0003991760313510895,0.00018998980522155762,,,,,
bad_customer_detection,4,0,13,30,RFR,1148,575,13,50,0.8852173913043478,0.5,0.49803536345776034,0.0,0.003467065282166004,0.00017744861543178558,1,2,2.0,2,2.0
bad_customer_detection,4,0,13,30,GPR,1148,575,13,50,0.8852173913043478,0.5,0.5,0.0,0.6216817796230316,0.0001101391389966011,1,6,6.0,6,6.0
bad_customer_detection,4,0,13,30,FIGS,1148,575,13,50,0.8695652173913043,0.5439066499970233,0.6659224861582425,0.13725867681993398,0.22474919725209475,0.001323007047176361,,,,,
bad_customer_detection,4,0,13,30,HSTree,1148,575,13,50,0.8591304347826086,0.5314193010656665,0.7007203667321545,0.09152970319428357,0.0034825848415493965,0.0002432567998766899,,,,,
bad_customer_detection,4,0,13,30,GreedyRuleList,1148,575,13,50,0.8852173913043478,0.5,0.6759986902423052,0.0,0.003892340697348118,0.0006443830206990242,,,,,
bad_customer_detection,4,0,13,30,Dummy,1148,575,13,50,0.8852173913043478,0.5,0.5,0.0,0.00038921646773815155,0.00019002798944711685,,,,,
bad_customer_detection,4,1,14,30,RFR,1149,574,13,48,0.8832752613240418,0.49803536345776034,0.49803536345776034,-0.021130743125940318,0.003314257599413395,0.00017979741096496582,1,1,1.0,1,1.0
bad_customer_detection,4,1,14,30,GPR,1149,574,13,48,0.8832752613240418,0.49803536345776034,0.49803536345776034,-0.021130743125940318,0.6027039997279644,0.00011054892092943192,1,4,4.0,4,4.0
bad_customer_detection,4,1,14,30,FIGS,1149,574,13,48,0.8745644599303136,0.5065437509445367,0.709777844944839,0.030249749797708635,0.22814813256263733,0.0017516426742076874,,,,,
bad_customer_detection,4,1,14,30,HSTree,1149,574,13,48,0.8780487804878049,0.5152183769079643,0.7423908115460178,0.07034988001453256,0.003642583265900612,0.00024043675512075424,,,,,
bad_customer_detection,4,1,14,30,GreedyRuleList,1149,574,13,48,0.8867595818815331,0.5,0.7299078132084027,0.0,0.0035632438957691193,0.0006297333166003227,,,,,
bad_customer_detection,4,1,14,30,Dummy,1149,574,13,48,0.8867595818815331,0.5,0.5,0.0,0.00039202626794576645,0.00018964800983667374,,,,,
bad_customer_detection,4,2,15,30,RFR,1149,574,13,49,0.8867595818815331,0.5,0.49901768172888017,0.0,0.0034815650433301926,0.00017026811838150024,1,2,2.0,2,2.0
bad_customer_detection,4,2,15,30,GPR,1149,574,13,49,0.8885017421602788,0.5076923076923077,0.5076923076923077,0.11690279692139119,0.6102113137021661,0.00011153891682624817,1,5,5.0,5,5.0
bad_customer_detection,4,2,15,30,FIGS,1149,574,13,49,0.8710801393728222,0.5247090826658607,0.612044733262808,0.08753442745724045,0.22588744573295116,0.0014950847253203392,,,,,
bad_customer_detection,4,2,15,30,HSTree,1149,574,13,49,0.8641114982578397,0.5140698201601934,0.5996221852803386,0.047496531789322664,0.0030004093423485756,0.0002356981858611107,,,,,
bad_customer_detection,4,2,15,30,GreedyRuleList,1149,574,13,49,0.8867595818815331,0.5067099894211878,0.6874414387184524,0.07216961498398078,0.003985239192843437,0.0007148217409849167,,,,,
bad_customer_detection,4,2,15,30,Dummy,1149,574,13,49,0.8867595818815331,0.5,0.5,0.0,0.00039991550147533417,0.0001925881952047348,,,,,
bad_customer_detection,5,0,16,30,RFR,1148,575,13,49,0.8852173913043478,0.5,0.5,0.0,0.0035117855295538902,0.00017886795103549957,1,2,2.0,2,2.0
bad_customer_detection,5,0,16,30,GPR,1148,575,13,49,0.8869565217391304,0.5141691968803953,0.5141691968803953,0.12538553798328192,0.6148106679320335,0.00010864902287721634,1,5,5.0,5,5.0
bad_customer_detection,5,0,16,30,FIGS,1148,575,13,49,0.88,0.5366136810144668,0.697684110257784,0.14644164715940328,0.2416678974404931,0.0020781997591257095,,,,,
bad_customer_detection,5,0,16,30,HSTree,1148,575,13,49,0.88,0.5695808775376555,0.6786926236828005,0.21752010648582756,0.0032823169603943825,0.0002461187541484833,,,,,
bad_customer_detection,5,0,16,30,GreedyRuleList,1148,575,13,49,0.8852173913043478,0.5,0.6853604810382806,0.0,0.0038980310782790184,0.0007194625213742256,,,,,
bad_customer_detection,5,0,16,30,Dummy,1148,575,13,49,0.8852173913043478,0.5,0.5,0.0,0.000331975519657135,0.00019212812185287476,,,,,
bad_customer_detection,5,1,17,30,RFR,1149,574,13,47,0.8867595818815331,0.5,0.4960707269155206,0.0,0.003334556706249714,0.0001874379813671112,1,2,2.0,2,2.0
bad_customer_detection,5,1,17,30,GPR,1149,574,13,47,0.8850174216027874,0.49901768172888017,0.49901768172888017,-0.01492864793691636,0.8650110103189945,0.0001187492161989212,2,9,4.5,9,4.5
bad_customer_detection,5,1,17,30,FIGS,1149,574,13,47,0.8763066202090593,0.5477860057427837,0.7040350612059846,0.15774856484268848,0.23409693222492933,0.002331516705453396,,,,,
bad_customer_detection,5,1,17,30,HSTree,1149,574,13,47,0.8763066202090593,0.5544959951639716,0.6904035061205984,0.17255326738443016,0.00350070558488369,0.00024164654314517975,,,,,
bad_customer_detection,5,1,17,30,GreedyRuleList,1149,574,13,47,0.8867595818815331,0.5067099894211878,0.6616744748375396,0.07216961498398078,0.004063159227371216,0.0007132729515433311,,,,,
bad_customer_detection,5,1,17,30,Dummy,1149,574,13,47,0.8867595818815331,0.5,0.5,0.0,0.0003967154771089554,0.00018984917551279068,,,,,
bad_customer_detection,5,2,18,30,RFR,1149,574,13,49,0.8867595818815331,0.5,0.5,0.0,0.003399176523089409,0.00017961766570806503,1,2,2.0,2,2.0
bad_customer_detection,5,2,18,30,GPR,1149,574,13,49,0.8867595818815331,0.5067099894211878,0.5067099894211878,0.07216961498398078,0.6140560358762741,0.00011165905743837357,1,5,5.0,5,5.0
bad_customer_detection,5,2,18,30,FIGS,1149,574,13,49,0.872822299651568,0.5122714220946049,0.6526371467432371,0.05041763018907597,0.22749223001301289,0.0018490506336092949,,,,,
bad_customer_detection,5,2,18,30,HSTree,1149,574,13,49,0.867595818815331,0.5294544355448088,0.6994257216261146,0.09518237829547806,0.003486085683107376,0.0002455078065395355,,,,,
bad_customer_detection,5,2,18,30,GreedyRuleList,1149,574,13,49,0.8867595818815331,0.5,0.7292579718905848,0.0,0.0037741921842098236,0.0006220825016498566,,,,,
bad_customer_detection,5,2,18,30,Dummy,1149,574,13,49,0.8867595818815331,0.5,0.5,0.0,0.00039859674870967865,0.00019241776317358017,,,,,
bad_customer_detection,6,0,19,30,RFR,1148,575,13,50,0.8834782608695653,0.49901768172888017,0.49901768172888017,-0.015029935969261585,0.0032778168097138405,0.0001815473660826683,1,1,1.0,1,1.0
bad_customer_detection,6,0,19,30,GPR,1148,575,13,50,0.8834782608695653,0.49901768172888017,0.49901768172888017,-0.015029935969261585,0.6075043510645628,0.00011024810373783112,1,4,4.0,4,4.0
bad_customer_detection,6,0,19,30,FIGS,1148,575,13,50,0.8852173913043478,0.5395606358278264,0.7268559861880097,0.17643278812115518,0.22925306111574173,0.0020728493109345436,,,,,
bad_customer_detection,6,0,19,30,HSTree,1148,575,13,50,0.8747826086956522,0.5534470441150205,0.7116002857653152,0.1703739239409006,0.003557363525032997,0.00024365819990634918,,,,,
bad_customer_detection,6,0,19,30,GreedyRuleList,1148,575,13,50,0.8852173913043478,0.5,0.7018217538846223,0.0,0.004091519862413406,0.0007103234529495239,,,,,
bad_customer_detection,6,0,19,30,Dummy,1148,575,13,50,0.8852173913043478,0.5,0.5,0.0,0.00038359593600034714,0.00019103847444057465,,,,,
bad_customer_detection,6,1,20,30,RFR,1149,574,13,49,0.8850174216027874,0.49901768172888017,0.49901768172888017,-0.01492864793691636,0.003968831151723862,0.00017737876623868942,1,2,2.0,2,2.0
bad_customer_detection,6,1,20,30,GPR,1149,574,13,49,0.8885017421602788,0.5076923076923077,0.5076923076923077,0.11690279692139119,0.6203639125451446,0.00011186860501766205,1,6,6.0,6,6.0
bad_customer_detection,6,1,20,30,FIGS,1149,574,13,49,0.8536585365853658,0.5014659211122865,0.630315853105637,0.004551976257965842,0.22723127342760563,0.001907440833747387,,,,,
bad_customer_detection,6,1,20,30,HSTree,1149,574,13,49,0.8466898954703833,0.5109566268701828,0.603188756233943,0.02983093285627565,0.0031980881467461586,0.00023541785776615143,,,,,
bad_customer_detection,6,1,20,30,GreedyRuleList,1149,574,13,49,0.8867595818815331,0.5,0.6420885597702888,0.0,0.00386660173535347,0.0006766226142644882,,,,,
bad_customer_detection,6,1,20,30,Dummy,1149,574,13,49,0.8867595818815331,0.5,0.5,0.0,0.0003960952162742615,0.00019207783043384552,,,,,
bad_customer_detection,6,2,21,30,RFR,1149,574,13,48,0.8867595818815331,0.5,0.5,0.0,0.003574894741177559,0.0001608189195394516,1,2,2.0,2,2.0
bad_customer_detection,6,2,21,30,GPR,1149,574,13,48,0.8850174216027874,0.49901768172888017,0.49901768172888017,-0.01492864793691636,0.617809527553618,0.00010591931641101837,1,2,2.0,2,2.0
bad_customer_detection,6,2,21,30,FIGS,1149,574,13,48,0.8885017421602788,0.5680822124829983,0.7629590448843888,0.24118813192346683,0.2368806665763259,0.0022143181413412094,,,,,
bad_customer_detection,6,2,21,30,HSTree,1149,574,13,48,0.8623693379790941,0.5332174701526371,0.7021762127852502,0.09773199893238008,0.0031172987073659897,0.00023649632930755615,,,,,
bad_customer_detection,6,2,21,30,GreedyRuleList,1149,574,13,48,0.8867595818815331,0.5,0.7177724044128759,0.0,0.0037205833941698074,0.0006320541724562645,,,,,
bad_customer_detection,6,2,21,30,Dummy,1149,574,13,48,0.8867595818815331,0.5,0.5,0.0,0.0003994060680270195,0.00019577797502279282,,,,,
bad_customer_detection,7,0,22,30,RFR,1148,575,13,50,0.8852173913043478,0.5,0.49901768172888017,0.0,0.0034362152218818665,0.00018442794680595398,1,2,2.0,2,2.0
bad_customer_detection,7,0,22,30,GPR,1148,575,13,50,0.8852173913043478,0.5,0.5,0.0,0.6335402503609657,0.00010495912283658981,1,2,2.0,2,2.0
bad_customer_detection,7,0,22,30,FIGS,1148,575,13,50,0.8834782608695653,0.5385783175567065,0.7634250163719711,0.16544906010117189,0.24798812437802553,0.0026734033599495888,,,,,
bad_customer_detection,7,0,22,30,HSTree,1148,575,13,50,0.8817391304347826,0.5573763171994999,0.6029201643150562,0.19963286248640905,0.0030179303139448166,0.0002455981448292732,,,,,
bad_customer_detection,7,0,22,30,GreedyRuleList,1148,575,13,50,0.8852173913043478,0.5131868786092755,0.7255611121033517,0.10114742083907827,0.00383900199085474,0.0007149018347263336,,,,,
bad_customer_detection,7,0,22,30,Dummy,1148,575,13,50,0.8852173913043478,0.5,0.5,0.0,0.0003380570560693741,0.00019300822168588638,,,,,
bad_customer_detection,7,1,23,30,RFR,1149,574,13,49,0.8850174216027874,0.49901768172888017,0.49901768172888017,-0.01492864793691636,0.003648604266345501,0.00017437804490327835,1,2,2.0,2,2.0
bad_customer_detection,7,1,23,30,GPR,1149,574,13,49,0.8867595818815331,0.5067099894211878,0.5067099894211878,0.07216961498398078,0.7902468489482999,0.00011092890053987503,1,4,4.0,5,5.0
bad_customer_detection,7,1,23,30,FIGS,1149,574,13,49,0.8832752613240418,0.5047453528789482,0.6892549493728276,0.036153192622963334,0.24159761797636747,0.002611723728477955,,,,,
bad_customer_detection,7,1,23,30,HSTree,1149,574,13,49,0.8658536585365854,0.5083421490101254,0.6467130119389451,0.03033540936049805,0.0036243144422769547,0.00024348683655261993,,,,,
bad_customer_detection,7,1,23,30,GreedyRuleList,1149,574,13,49,0.8867595818815331,0.5,0.6916578509898745,0.0,0.003962020389735699,0.000727873295545578,,,,,
bad_customer_detection,7,1,23,30,Dummy,1149,574,13,49,0.8867595818815331,0.5,0.5,0.0,0.00039607565850019455,0.00019114837050437927,,,,,
bad_customer_detection,7,2,24,30,RFR,1149,574,13,49,0.8850174216027874,0.49901768172888017,0.49901768172888017,-0.01492864793691636,0.0033521661534905434,0.00016603805124759674,1,2,2.0,2,2.0
bad_customer_detection,7,2,24,30,GPR,1149,574,13,49,0.8885017421602788,0.5076923076923077,0.5076923076923077,0.11690279692139119,0.6172124231234193,0.00011000875383615494,1,4,4.0,5,5.0
bad_customer_detection,7,2,24,30,FIGS,1149,574,13,49,0.8797909407665505,0.5430406528638356,0.7059241348042921,0.1565131265556131,0.2559020249173045,0.0028836913406848907,,,,,
bad_customer_detection,7,2,24,30,HSTree,1149,574,13,49,0.8780487804878049,0.535348345171528,0.6714220946048057,0.13214860837547937,0.0033808359876275063,0.00024395715445280075,,,,,
bad_customer_detection,7,2,24,30,GreedyRuleList,1149,574,13,49,0.8867595818815331,0.5,0.6903732809430255,0.0,0.0028394507244229317,0.0005517750978469849,,,,,
bad_customer_detection,7,2,24,30,Dummy,1149,574,13,49,0.8867595818815331,0.5,0.5,0.0,0.0003876257687807083,0.00019658729434013367,,,,,
bad_customer_detection,8,0,25,30,RFR,1148,575,13,50,0.8852173913043478,0.5,0.49901768172888017,0.0,0.0031474875286221504,0.0001792972907423973,1,2,2.0,2,2.0
bad_customer_detection,8,0,25,30,GPR,1148,575,13,50,0.8834782608695653,0.49901768172888017,0.49901768172888017,-0.015029935969261585,0.8165911640971899,0.00011200830340385437,1,4,4.0,5,5.0
bad_customer_detection,8,0,25,30,FIGS,1148,575,13,50,0.8504347826086956,0.4935405131868786,0.6551765196165982,-0.02059100055426089,0.20826388243585825,0.0016016541048884392,,,,,
bad_customer_detection,8,0,25,30,HSTree,1148,575,13,50,0.8521739130434782,0.527490027981187,0.6200958504494851,0.07534933491616394,0.003158358857035637,0.00024109706282615662,,,,,
bad_customer_detection,8,0,25,30,GreedyRuleList,1148,575,13,50,0.8852173913043478,0.5,0.6754182294457343,0.0,0.0037437230348587036,0.0006678430363535881,,,,,
bad_customer_detection,8,0,25,30,Dummy,1148,575,13,50,0.8852173913043478,0.5,0.5,0.0,0.0003429669886827469,0.00019213836640119553,,,,,
bad_customer_detection,8,1,26,30,RFR,1149,574,13,49,0.8850174216027874,0.49901768172888017,0.49901768172888017,-0.01492864793691636,0.00338822603225708,0.00017176847904920578,1,2,2.0,2,2.0
bad_customer_detection,8,1,26,30,GPR,1149,574,13,49,0.8850174216027874,0.49901768172888017,0.49901768172888017,-0.01492864793691636,0.6225626897066832,0.00010947976261377335,1,5,5.0,5,5.0
bad_customer_detection,8,1,26,30,FIGS,1149,574,13,49,0.8885017421602788,0.541242254798247,0.7283058787970379,0.1906502706650043,0.2072968017309904,0.0022368263453245163,,,,,
bad_customer_detection,8,1,26,30,HSTree,1149,574,13,49,0.8902439024390244,0.5422245730693668,0.7221399425721626,0.20453671674046292,0.0037221629172563553,0.0002436172217130661,,,,,
bad_customer_detection,8,1,26,30,GreedyRuleList,1149,574,13,49,0.8850174216027874,0.49901768172888017,0.7291975215354389,-0.01492864793691636,0.004068048670887947,0.0007227128371596336,,,,,
bad_customer_detection,8,1,26,30,Dummy,1149,574,13,49,0.8867595818815331,0.5,0.5,0.0,0.00039051566272974014,0.00019118841737508774,,,,,
bad_customer_detection,8,2,27,30,RFR,1149,574,13,48,0.8780487804878049,0.4950884086444008,0.4950884086444008,-0.03349859992950569,0.0034308945760130882,0.00016978755593299866,1,2,2.0,2,2.0
bad_customer_detection,8,2,27,30,GPR,1149,574,13,48,0.8867595818815331,0.5201299682635635,0.5201299682635635,0.12544081364193949,0.6171181332319975,0.00010831840336322784,1,3,3.0,3,3.0
bad_customer_detection,8,2,27,30,FIGS,1149,574,13,48,0.872822299651568,0.545821369200544,0.5817742179235303,0.14508638566544435,0.2034138012677431,0.0013056369498372078,,,,,
bad_customer_detection,8,2,27,30,HSTree,1149,574,13,48,0.8623693379790941,0.539927459573825,0.6043222003929274,0.11369913654567075,0.0031324494630098343,0.0002485765144228935,,,,,
bad_customer_detection,8,2,27,30,GreedyRuleList,1149,574,13,48,0.8867595818815331,0.5,0.6925494937282757,0.0,0.00384456105530262,0.0006279740482568741,,,,,
bad_customer_detection,8,2,27,30,Dummy,1149,574,13,48,0.8867595818815331,0.5,0.5,0.0,0.000401156023144722,0.00020091794431209564,,,,,
bad_customer_detection,9,0,28,30,RFR,1148,575,13,49,0.8834782608695653,0.49901768172888017,0.49901768172888017,-0.015029935969261585,0.00369076244533062,0.00019408855587244034,1,2,2.0,2,2.0
bad_customer_detection,9,0,28,30,GPR,1148,575,13,49,0.8834782608695653,0.49901768172888017,0.49901768172888017,-0.015029935969261585,0.8293658755719662,0.00011286884546279907,2,4,2.0,5,2.5
bad_customer_detection,9,0,28,30,FIGS,1148,575,13,49,0.88,0.5234268024051913,0.6828005000893017,0.10902798217914748,0.22604651376605034,0.002443116158246994,,,,,
bad_customer_detection,9,0,28,30,HSTree,1148,575,13,49,0.8782608695652174,0.5290379234387093,0.6782609989879147,0.1201104964374436,0.003571784123778343,0.00024245772510766983,,,,,
bad_customer_detection,9,0,28,30,GreedyRuleList,1148,575,13,49,0.8817391304347826,0.49803536345776034,0.7045752217657915,-0.021274078795068322,0.003985879942774773,0.00072479248046875,,,,,
bad_customer_detection,9,0,28,30,Dummy,1148,575,13,49,0.8852173913043478,0.5,0.5,0.0,0.00039087608456611633,0.0002031177282333374,,,,,
bad_customer_detection,9,1,29,30,RFR,1149,574,13,49,0.8850174216027874,0.49901768172888017,0.49901768172888017,-0.01492864793691636,0.0032366467639803886,0.00017867796123027802,1,2,2.0,2,2.0
bad_customer_detection,9,1,29,30,GPR,1149,574,13,49,0.8832752613240418,0.5047453528789482,0.5047453528789482,0.036153192622963334,0.6105854688212276,0.00011372752487659454,1,5,5.0,5,5.0
bad_customer_detection,9,1,29,30,FIGS,1149,574,13,49,0.89198606271777,0.5566268701828623,0.7073598307390057,0.2412209462851283,0.2398314457386732,0.0021248385310173035,,,,,
bad_customer_detection,9,1,29,30,HSTree,1149,574,13,49,0.8850174216027874,0.5459876076771951,0.6903883935318119,0.18269844434232457,0.0034149261191487312,0.0002490580081939697,,,,,
bad_customer_detection,9,1,29,30,GreedyRuleList,1149,574,13,49,0.8867595818815331,0.5,0.6849780867462596,0.0,0.0038159219548106194,0.0006518131121993065,,,,,
bad_customer_detection,9,1,29,30,Dummy,1149,574,13,49,0.8867595818815331,0.5,0.5,0.0,0.00038364529609680176,0.00019032787531614304,,,,,
bad_customer_detection,9,2,30,30,RFR,1149,574,13,49,0.8867595818815331,0.5,0.49410609037328096,0.0,0.0035263337194919586,0.00018090754747390747,1,2,2.0,2,2.0
bad_customer_detection,9,2,30,30,GPR,1149,574,13,49,0.8867595818815331,0.5,0.5,0.0,0.8194525260478258,0.00011750776320695877,2,7,3.5,7,3.5
bad_customer_detection,9,2,30,30,FIGS,1149,574,13,49,0.8693379790940766,0.517016774973553,0.7236058636844491,0.06187983865927682,0.22546212933957577,0.0018117278814315796,,,,,
bad_customer_detection,9,2,30,30,HSTree,1149,574,13,49,0.872822299651568,0.5525313586217319,0.6137222306181049,0.160098493411162,0.00261018518358469,0.00024067703634500504,,,,,
bad_customer_detection,9,2,30,30,GreedyRuleList,1149,574,13,49,0.8867595818815331,0.5,0.6878192534381139,0.0,0.0037273112684488297,0.0007258011028170586,,,,,
bad_customer_detection,9,2,30,30,Dummy,1149,574,13,49,0.8867595818815331,0.5,0.5,0.0,0.0003259759396314621,0.000189867801964283,,,,,
bank_customer_churn,0,0,1,9,RFR,6666,3334,10,15,0.8224355128974206,0.5722855977966934,0.4244532643274562,0.31639561883576234,0.010833707638084888,0.0002489658072590828,1,1,1.0,1,1.0
bank_customer_churn,0,0,1,9,GPR,6666,3334,10,15,0.8224355128974206,0.5722855977966934,0.5722855977966933,0.31639561883576234,1.0334944007918239,0.00017070770263671875,1,1,1.0,1,1.0
bank_customer_churn,0,0,1,9,FIGS,6666,3334,10,15,0.8563287342531494,0.6960521316104052,0.8374903272509423,0.49804731064242513,0.5390431014820933,0.0129524702206254,,,,,
bank_customer_churn,0,0,1,9,HSTree,6666,3334,10,15,0.8554289142171566,0.724533974577658,0.8356725438151263,0.512060169224316,0.01587731298059225,0.0008811885491013527,,,,,
bank_customer_churn,0,0,1,9,GreedyRuleList,6666,3334,10,15,0.8038392321535693,0.5260821691365113,0.7587842429184382,0.16795765497846307,0.013144288212060928,0.0036636823788285255,,,,,
bank_customer_churn,0,0,1,9,Dummy,6666,3334,10,15,0.7963407318536293,0.5,0.5,0.0,0.0009832074865698814,0.00019641779363155365,,,,,
bank_customer_churn,0,1,2,9,RFR,6667,3333,10,15,0.8154815481548154,0.5547998796936405,0.4033412205768268,0.2694396576002172,0.010788919404149055,0.00025008711963891983,1,1,1.0,1,1.0
bank_customer_churn,0,1,2,9,GPR,6667,3333,10,15,0.8154815481548154,0.5547998796936405,0.5547998796936405,0.2694396576002172,1.0393571173772216,0.00016412697732448578,1,1,1.0,1,1.0
bank_customer_churn,0,1,2,9,FIGS,6667,3333,10,15,0.8637863786378638,0.7166471705253858,0.8361963435301482,0.5307711963389935,0.4432351402938366,0.01165703870356083,,,,,
bank_customer_churn,0,1,2,9,HSTree,6667,3333,10,15,0.8544854485448545,0.7102589472305676,0.8217348865135904,0.5003446640214553,0.016640473157167435,0.0008941777050495148,,,,,
bank_customer_churn,0,1,2,9,GreedyRuleList,6667,3333,10,15,0.8016801680168016,0.5203785543925694,0.7603292554212775,0.14382369430647582,0.013297266326844692,0.0036292215809226036,,,,,
bank_customer_churn,0,1,2,9,Dummy,6667,3333,10,15,0.7962796279627963,0.5,0.5,0.0,0.0009929267689585686,0.0002006571739912033,,,,,
bank_customer_churn,0,2,3,9,RFR,6667,3333,10,15,0.8211821182118212,0.5704349896174724,0.435311470279113,0.3082853208458037,0.010734949260950089,0.0002507157623767853,1,1,1.0,1,1.0
bank_customer_churn,0,2,3,9,GPR,6667,3333,10,15,0.8211821182118212,0.5704349896174724,0.5704349896174723,0.3082853208458037,1.0379319693893194,0.00016332883387804031,1,1,1.0,1,1.0
bank_customer_churn,0,2,3,9,FIGS,6667,3333,10,15,0.8568856885688569,0.6876548916632355,0.8389096181826858,0.49685887657123645,0.3997278129681945,0.01163522806018591,,,,,
bank_customer_churn,0,2,3,9,HSTree,6667,3333,10,15,0.858085808580858,0.6927923283608924,0.817295814914659,0.5027946803341912,0.016086080111563206,0.0008754488080739975,,,,,
bank_customer_churn,0,2,3,9,GreedyRuleList,6667,3333,10,15,0.8091809180918091,0.5393359621678673,0.7730016547673615,0.2194491823045966,0.013573402538895607,0.0037565622478723526,,,,,
bank_customer_churn,0,2,3,9,Dummy,6667,3333,10,15,0.7962796279627963,0.5,0.5,0.0,0.0009707976132631302,0.0001969076693058014,,,,,
bank_customer_churn,1,0,4,9,RFR,6666,3334,10,15,0.8167366526694662,0.5599385936446919,0.4107977001739015,0.27770631999098977,0.010451182723045349,0.00024824682623147964,1,1,1.0,1,1.0
bank_customer_churn,1,0,4,9,GPR,6666,3334,10,15,0.8167366526694662,0.5599385936446919,0.5599385936446918,0.27770631999098977,1.05758161470294,0.00017028860747814178,1,1,1.0,1,1.0
bank_customer_churn,1,0,4,9,FIGS,6666,3334,10,15,0.8410317936412718,0.6826112400810985,0.8464122768333847,0.44553677342029685,0.5343756023794413,0.014026978053152561,,,,,
bank_customer_churn,1,0,4,9,HSTree,6666,3334,10,15,0.8485302939412117,0.7070492498939118,0.8267675128761971,0.48267810765974734,0.0156842153519392,0.0008723288774490356,,,,,
bank_customer_churn,1,0,4,9,GreedyRuleList,6666,3334,10,15,0.8002399520095981,0.5194378572676668,0.7539618748075851,0.13010075214212868,0.012959341518580914,0.003574213944375515,,,,,
bank_customer_churn,1,0,4,9,Dummy,6666,3334,10,15,0.7963407318536293,0.5,0.5,0.0,0.000989466905593872,0.00019673723727464676,,,,,
bank_customer_churn,1,1,5,9,RFR,6667,3333,10,15,0.8211821182118212,0.5682430610199627,0.43489417146763765,0.3090744287754351,0.01046812441200018,0.00026657525449991226,1,1,1.0,1,1.0
bank_customer_churn,1,1,5,9,GPR,6667,3333,10,15,0.8211821182118212,0.5682430610199627,0.5682430610199627,0.3090744287754351,1.0514985676854849,0.0001633279025554657,1,1,1.0,1,1.0
bank_customer_churn,1,1,5,9,FIGS,6667,3333,10,15,0.8622862286228623,0.7299527320309023,0.8343898059227576,0.5331736476896342,0.4191901097074151,0.01169806718826294,,,,,
bank_customer_churn,1,1,5,9,HSTree,6667,3333,10,15,0.8616861686168616,0.7098485849019959,0.8316232590815209,0.5212856840559175,0.01616641040891409,0.0008788583800196648,,,,,
bank_customer_churn,1,1,5,9,GreedyRuleList,6667,3333,10,15,0.8064806480648065,0.5310646224944037,0.7731259565409925,0.19469248492215666,0.013058049604296684,0.0036197425797581673,,,,,
bank_customer_churn,1,1,5,9,Dummy,6667,3333,10,15,0.7962796279627963,0.5,0.5,0.0,0.0009906170889735222,0.0001917276531457901,,,,,
bank_customer_churn,1,2,6,9,RFR,6667,3333,10,15,0.8211821182118212,0.5693390253187175,0.41764091881207455,0.3086213147621076,0.010416965000331402,0.00024796556681394577,1,1,1.0,1,1.0
bank_customer_churn,1,2,6,9,GPR,6667,3333,10,15,0.8211821182118212,0.5693390253187175,0.5693390253187175,0.3086213147621076,1.0488998638466,0.00016898848116397858,1,1,1.0,1,1.0
bank_customer_churn,1,2,6,9,FIGS,6667,3333,10,15,0.8610861086108611,0.6957722414162412,0.8526624441058207,0.514405740385331,0.4855355015024543,0.014051376841962337,,,,,
bank_customer_churn,1,2,6,9,HSTree,6667,3333,10,15,0.858985898589859,0.6977413701828901,0.8499777477628456,0.507645567457863,0.01648956537246704,0.0008805785328149796,,,,,
bank_customer_churn,1,2,6,9,GreedyRuleList,6667,3333,10,15,0.8055805580558055,0.5294034735686706,0.7858416395403941,0.18592087788165337,0.013155348598957062,0.00360686331987381,,,,,
bank_customer_churn,1,2,6,9,Dummy,6667,3333,10,15,0.7962796279627963,0.5,0.5,0.0,0.000984487123787403,0.00019596796482801437,,,,,
bank_customer_churn,2,0,7,9,RFR,6666,3334,10,15,0.8170365926814637,0.5606749706697287,0.41148970042906796,0.27981954658765384,0.010634842328727245,0.0002383161336183548,1,1,1.0,1,1.0
bank_customer_churn,2,0,7,9,GPR,6666,3334,10,15,0.8170365926814637,0.5606749706697287,0.5606749706697287,0.27981954658765384,1.0439784107729793,0.00016935821622610092,1,1,1.0,1,1.0
bank_customer_churn,2,0,7,9,FIGS,6666,3334,10,15,0.8512297540491902,0.6906584125874707,0.8313860252004581,0.4794105289106788,0.584121135994792,0.013087290339171886,,,,,
bank_customer_churn,2,0,7,9,HSTree,6666,3334,10,15,0.8503299340131973,0.703794768533542,0.8304718637411282,0.4849696661567835,0.015938122756779194,0.0008817296475172043,,,,,
bank_customer_churn,2,0,7,9,GreedyRuleList,6666,3334,10,15,0.8011397720455908,0.5210989352348779,0.7713894644001231,0.1398205828408817,0.013013680465519428,0.0037254318594932556,,,,,
bank_customer_churn,2,0,7,9,Dummy,6666,3334,10,15,0.7963407318536293,0.5,0.5,0.0,0.0009752772748470306,0.000196957029402256,,,,,
bank_customer_churn,2,1,8,9,RFR,6667,3333,10,15,0.8223822382238224,0.5706405869707325,0.6822244579277341,0.3171358829424254,0.010646230541169643,0.0002689165994524956,1,2,2.0,2,2.0
bank_customer_churn,2,1,8,9,GPR,6667,3333,10,15,0.8166816681668166,0.5599373163912975,0.5599373163912975,0.2776910892569738,1.2841075956821442,0.0001994585618376732,2,5,2.5,6,3.0
bank_customer_churn,2,1,8,9,FIGS,6667,3333,10,15,0.8547854785478548,0.6846921810854875,0.8296141761733475,0.48838690185660094,0.4126258911564946,0.009517636150121689,,,,,
bank_customer_churn,2,1,8,9,HSTree,6667,3333,10,15,0.8562856285628563,0.6878260840612941,0.8269391909064374,0.49477694699408953,0.015092244371771812,0.0008891187608242035,,,,,
bank_customer_churn,2,1,8,9,GreedyRuleList,6667,3333,10,15,0.8070807080708071,0.5352772872913645,0.7605243093205245,0.2010085241145681,0.012380859814584255,0.0037978310137987137,,,,,
bank_customer_churn,2,1,8,9,Dummy,6667,3333,10,15,0.7962796279627963,0.5,0.5,0.0,0.00039693433791399,0.0001979367807507515,,,,,
bank_customer_churn,2,2,9,9,RFR,6667,3333,10,15,0.825982598259826,0.5783811469724195,0.44239223202701783,0.34027538927837353,0.011271604336798191,0.0002489471808075905,1,1,1.0,1,1.0
bank_customer_churn,2,2,9,9,GPR,6667,3333,10,15,0.825982598259826,0.5783811469724195,0.5783811469724195,0.34027538927837353,1.0441829152405262,0.00017446652054786682,1,1,1.0,1,1.0
bank_customer_churn,2,2,9,9,FIGS,6667,3333,10,15,0.8679867986798679,0.7286003953240336,0.8517335103153825,0.5487884721849305,0.4637596430256963,0.014570181258022785,,,,,
bank_customer_churn,2,2,9,9,HSTree,6667,3333,10,15,0.8631863186318632,0.7195582736703318,0.840642074152667,0.5302412167593713,0.015156093053519726,0.0008694296702742577,,,,,
bank_customer_churn,2,2,9,9,GreedyRuleList,6667,3333,10,15,0.8064806480648065,0.5305166403450262,0.7749696736967459,0.19470830366897396,0.012779943645000458,0.0036744819954037666,,,,,
bank_customer_churn,2,2,9,9,Dummy,6667,3333,10,15,0.7962796279627963,0.5,0.5,0.0,0.0004418855533003807,0.00021334737539291382,,,,,
bioresponse,0,0,1,9,RFR,2500,1251,1776,1776,0.7362110311750599,0.7355557614789419,0.7355557614789417,0.47016487036675203,0.01868167705833912,0.004511631093919277,1,1,1.0,1,1.0
bioresponse,0,0,1,9,GPR,2500,1251,1776,1776,0.5971223021582733,0.5876422801896555,0.5876422801896555,0.17995261259144305,0.8050002614036202,0.023767191916704178,3,4,1.3333333333333333,4,1.3333333333333333
bioresponse,0,0,1,9,FIGS,2500,1251,1776,1776,0.7617905675459632,0.7583437582047599,0.791359712119106,0.5189674673197218,0.9307088814675808,0.005823644809424877,,,,,
bioresponse,0,0,1,9,HSTree,2500,1251,1776,1776,0.7458033573141487,0.745081005112048,0.7876762575483791,0.48926614347375025,0.2062373785302043,0.001534540206193924,,,,,
bioresponse,0,0,1,9,GreedyRuleList,2500,1251,1776,1776,0.7490007993605116,0.7400577615098303,0.7675511076104136,0.49456278578350554,0.09673614706844091,0.0022835303097963333,,,,,
bioresponse,0,0,1,9,Dummy,2500,1251,1776,1776,0.5419664268585132,0.5,0.5,0.0,0.0003510955721139908,0.00019478797912597656,,,,,
bioresponse,0,1,2,9,RFR,2501,1250,1776,1776,0.748,0.7485663304247374,0.7485663304247374,0.4955475415211794,0.018194283358752728,0.004360363818705082,1,1,1.0,1,1.0
bioresponse,0,1,2,9,GPR,2501,1250,1776,1776,0.58,0.5718330342224147,0.5718330342224147,0.14624848837801083,0.9314807131886482,0.024411234073340893,3,7,2.3333333333333335,8,2.6666666666666665
bioresponse,0,1,2,9,FIGS,2501,1250,1776,1776,0.7584,0.756923386348165,0.8161292984301833,0.5135766907404716,1.008994048461318,0.005810254253447056,,,,,
bioresponse,0,1,2,9,HSTree,2501,1250,1776,1776,0.7512,0.7474163005136456,0.7867274686964951,0.49734933791648245,0.2324107252061367,0.0015196902677416801,,,,,
bioresponse,0,1,2,9,GreedyRuleList,2501,1250,1776,1776,0.7488,0.7386440992635683,0.7777244879014791,0.49538437811061026,0.09999680612236261,0.0023249704390764236,,,,,
bioresponse,0,1,2,9,Dummy,2501,1250,1776,1776,0.5424,0.5,0.5,0.0,0.0003410046920180321,0.00020131748169660568,,,,,
bioresponse,0,2,3,9,RFR,2501,1250,1776,1776,0.7264,0.726331559296161,0.726331559296161,0.45139388243495043,0.018970523960888386,0.004463472403585911,1,1,1.0,1,1.0
bioresponse,0,2,3,9,GPR,2501,1250,1776,1776,0.5992,0.5914454277286136,0.5914454277286136,0.1859281212266056,0.8282671272754669,0.024763870984315872,3,8,2.6666666666666665,8,2.6666666666666665
bioresponse,0,2,3,9,FIGS,2501,1250,1776,1776,0.7432,0.7394950182560802,0.7825167089547621,0.48122317198142883,1.0442639468237758,0.008534180000424385,,,,,
bioresponse,0,2,3,9,HSTree,2501,1250,1776,1776,0.752,0.7500670421024404,0.772220589145368,0.5002734210417045,0.2419199664145708,0.0017095180228352547,,,,,
bioresponse,0,2,3,9,GreedyRuleList,2501,1250,1776,1776,0.7504,0.7401190255172556,0.7652030859995461,0.4989341584935713,0.10502704419195652,0.0024489574134349823,,,,,
bioresponse,0,2,3,9,Dummy,2501,1250,1776,1776,0.5424,0.5,0.5,0.0,0.0003475649282336235,0.00019457843154668808,,,,,
bioresponse,1,0,4,9,RFR,2500,1251,1776,1776,0.7442046362909672,0.7438763533027537,0.7438763533027537,0.48661046366046073,0.01839377172291279,0.00433532427996397,1,1,1.0,1,1.0
bioresponse,1,0,4,9,GPR,2500,1251,1776,1776,0.6067146282973621,0.602843287155014,0.602843287155014,0.20620100146495998,0.8238185029476881,0.02414953801780939,3,9,3.0,10,3.3333333333333335
bioresponse,1,0,4,9,FIGS,2500,1251,1776,1776,0.7418065547561951,0.7381503961451142,0.7930444228224889,0.47850070501681824,1.015078035183251,0.006998009048402309,,,,,
bioresponse,1,0,4,9,HSTree,2500,1251,1776,1776,0.771382893685052,0.7693555112820275,0.8046250392541454,0.539173376549833,0.19927786197513342,0.0015219692140817642,,,,,
bioresponse,1,0,4,9,GreedyRuleList,2500,1251,1776,1776,0.7585931254996003,0.7494478679207401,0.7788691717246599,0.5148116255215955,0.08799873571842909,0.0022293217480182648,,,,,
bioresponse,1,0,4,9,Dummy,2500,1251,1776,1776,0.5419664268585132,0.5,0.5,0.0,0.00034752488136291504,0.00019455794245004654,,,,,
bioresponse,1,1,5,9,RFR,2501,1250,1776,1776,0.736,0.7366844070383893,0.7366844070383893,0.4717996340536666,0.018482722342014313,0.004534391686320305,1,1,1.0,1,1.0
bioresponse,1,1,5,9,GPR,2501,1250,1776,1776,0.584,0.5690972007343689,0.5690972007343689,0.1477889546160515,0.8218747563660145,0.02445163670927286,3,7,2.3333333333333335,7,2.3333333333333335
bioresponse,1,1,5,9,FIGS,2501,1250,1776,1776,0.732,0.7301271737112445,0.7929533593250405,0.46019205384065953,0.9263732377439737,0.0060371533036231995,,,,,
bioresponse,1,1,5,9,HSTree,2501,1250,1776,1776,0.7392,0.7386776203147885,0.7694770200301172,0.4763001913400581,0.22293420135974884,0.001690048724412918,,,,,
bioresponse,1,1,5,9,GreedyRuleList,2501,1250,1776,1776,0.7408,0.730859479753285,0.7621217278296923,0.47830630894253756,0.10356200858950615,0.0024630678817629814,,,,,
bioresponse,1,1,5,9,Dummy,2501,1250,1776,1776,0.5424,0.5,0.5,0.0,0.00033894553780555725,0.00019226688891649246,,,,,
bioresponse,1,2,6,9,RFR,2501,1250,1776,1776,0.7304,0.7298822121830971,0.7298822121830971,0.4587099844834815,0.018729599192738533,0.004209386184811592,1,1,1.0,1,1.0
bioresponse,1,2,6,9,GPR,2501,1250,1776,1776,0.6024,0.5941219547414238,0.5941219547414238,0.19189444183482246,0.8682527448982,0.023631276562809944,3,8,2.6666666666666665,8,2.6666666666666665
bioresponse,1,2,6,9,FIGS,2501,1250,1776,1776,0.7664,0.7622480764073685,0.810890989541432,0.5279875325362554,1.0292636658996344,0.006478967145085335,,,,,
bioresponse,1,2,6,9,HSTree,2501,1250,1776,1776,0.7728,0.7686944324112466,0.8044588155207625,0.5409660666287261,0.2289968291297555,0.0015236297622323036,,,,,
bioresponse,1,2,6,9,GreedyRuleList,2501,1250,1776,1776,0.7488,0.7393274129999794,0.7677764713162942,0.4944732952438736,0.09602787718176842,0.002280120737850666,,,,,
bioresponse,1,2,6,9,Dummy,2501,1250,1776,1776,0.5424,0.5,0.5,0.0,0.000349205918610096,0.00019324757158756256,,,,,
bioresponse,2,0,7,9,RFR,2500,1251,1776,1776,0.7418065547561951,0.7430153361441876,0.7430153361441875,0.4843504893234317,0.019906004890799522,0.01104039791971445,1,1,1.0,1,1.0
bioresponse,2,0,7,9,GPR,2500,1251,1776,1776,0.6171063149480416,0.6097275633600518,0.6097275633600518,0.22292681935258388,0.7820397606119514,0.023692735470831394,3,8,2.6666666666666665,8,2.6666666666666665
bioresponse,2,0,7,9,FIGS,2500,1251,1776,1776,0.7649880095923262,0.7619692968231169,0.8149894206860337,0.5256325738976766,1.0791527470573783,0.005893503315746784,,,,,
bioresponse,2,0,7,9,HSTree,2500,1251,1776,1776,0.7721822541966427,0.7725254444084079,0.8007871421437653,0.5435113478766094,0.2400274807587266,0.001700589433312416,,,,,
bioresponse,2,0,7,9,GreedyRuleList,2500,1251,1776,1776,0.7617905675459632,0.7528031320947042,0.7796104959149948,0.5212749489654733,0.10189696401357651,0.0024888981133699417,,,,,
bioresponse,2,0,7,9,Dummy,2500,1251,1776,1776,0.5419664268585132,0.5,0.5,0.0,0.0003303559496998787,0.0001943577080965042,,,,,
bioresponse,2,1,8,9,RFR,2501,1250,1776,1776,0.7296,0.7298280627926645,0.7298280627926645,0.4582591920978775,0.020215170457959175,0.004217715933918953,1,1,1.0,1,1.0
bioresponse,2,1,8,9,GPR,2501,1250,1776,1776,0.6,0.5931395300864327,0.5931395300864327,0.18860640312227767,0.8431069552898407,0.024587084539234638,3,7,2.3333333333333335,8,2.6666666666666665
bioresponse,2,1,8,9,FIGS,2501,1250,1776,1776,0.7672,0.7639421787651877,0.8069071415310354,0.5299153173933543,1.0658061811700463,0.007213088683784008,,,,,
bioresponse,2,1,8,9,HSTree,2501,1250,1776,1776,0.7584,0.7563767353590363,0.7814749778245353,0.5130445929073806,0.24988681077957153,0.0017212387174367905,,,,,
bioresponse,2,1,8,9,GreedyRuleList,2501,1250,1776,1776,0.7448,0.7350934463766322,0.7624466241722879,0.4863945341418963,0.08299436699599028,0.0022513214498758316,,,,,
bioresponse,2,1,8,9,Dummy,2501,1250,1776,1776,0.5424,0.5,0.5,0.0,0.0003397660329937935,0.0001969374716281891,,,,,
bioresponse,2,2,9,9,RFR,2501,1250,1776,1776,0.7392,0.7375843183365307,0.7375843183365307,0.4749188842535183,0.019320192746818066,0.004369144327938557,1,1,1.0,1,1.0
bioresponse,2,2,9,9,GPR,2501,1250,1776,1776,0.5848,0.5787177424345566,0.5787177424345566,0.15883310689335475,0.8458453575149179,0.024421608075499535,3,7,2.3333333333333335,7,2.3333333333333335
bioresponse,2,2,9,9,FIGS,2501,1250,1776,1776,0.756,0.7507477772964499,0.8046418920312726,0.5067541607326217,0.9869881812483072,0.007733941078186035,,,,,
bioresponse,2,2,9,9,HSTree,2501,1250,1776,1776,0.7416,0.7359701507931596,0.7773364172700455,0.4774222642849597,0.23185270559042692,0.0017120782285928726,,,,,
bioresponse,2,2,9,9,GreedyRuleList,2501,1250,1776,1776,0.7416,0.7321435938692575,0.7635128514553293,0.4794138719238037,0.08482334576547146,0.002192302606999874,,,,,
bioresponse,2,2,9,9,Dummy,2501,1250,1776,1776,0.5424,0.5,0.5,0.0,0.0003416445106267929,0.00019405875355005264,,,,,
churn,0,0,1,9,RFR,3333,1667,19,73,0.877624475104979,0.6067198474457829,0.6424673394212889,0.35670493992232466,0.0062227509915828705,0.000844818539917469,1,2,2.0,2,2.0
churn,0,0,1,9,GPR,3333,1667,19,73,0.8662267546490702,0.5593886579255943,0.5593886579255943,0.2451444280519408,0.9536763858050108,0.00020383764058351517,1,2,2.0,2,2.0
churn,0,0,1,9,FIGS,3333,1667,19,73,0.9346130773845231,0.8097602719444741,0.8706191000722502,0.7081629161386106,0.40323850978165865,0.006085461936891079,,,,,
churn,0,0,1,9,HSTree,3333,1667,19,73,0.9436112777444511,0.8362322187873834,0.8986944651719198,0.7517028896146547,0.021106909960508347,0.0005552023649215698,,,,,
churn,0,0,1,9,GreedyRuleList,3333,1667,19,73,0.8668266346730654,0.6163536817918014,0.8488641343614162,0.324049783980973,0.01900489814579487,0.0024843579158186913,,,,,
churn,0,0,1,9,Dummy,3333,1667,19,73,0.8584283143371326,0.5,0.5,0.0,0.0006210003048181534,0.00020164810121059418,,,,,
churn,0,1,2,9,RFR,3333,1667,19,73,0.8752249550089982,0.587629842826517,0.6397002214878773,0.3280003319196305,0.006937902420759201,0.0003167157992720604,1,2,2.0,2,2.0
churn,0,1,2,9,GPR,3333,1667,19,73,0.8614277144571085,0.5548241717893141,0.5548241717893141,0.21400012656549913,1.0002850499004126,0.00020396709442138672,1,2,2.0,2,2.0
churn,0,1,2,9,FIGS,3333,1667,19,73,0.9400119976004799,0.8235203543806038,0.9070476376600457,0.7340273937997301,0.34775055292993784,0.004548082128167152,,,,,
churn,0,1,2,9,HSTree,3333,1667,19,73,0.9436112777444511,0.83977069490341,0.9108037522652169,0.7524154956578165,0.019487361423671246,0.0005797520279884338,,,,,
churn,0,1,2,9,GreedyRuleList,3333,1667,19,73,0.8662267546490702,0.7239277973208258,0.8574171789314098,0.44865073344457046,0.018916688859462738,0.0024955179542303085,,,,,
churn,0,1,2,9,Dummy,3333,1667,19,73,0.8584283143371326,0.5,0.5,0.0,0.0006189430132508278,0.00019753631204366684,,,,,
churn,0,2,3,9,RFR,3334,1666,19,73,0.8709483793517407,0.5745617556536866,0.6418172086176903,0.28800028508413333,0.006875582039356232,0.0008862679824233055,1,2,2.0,2,2.0
churn,0,2,3,9,GPR,3334,1666,19,73,0.8673469387755102,0.5457915161247157,0.5457915161247157,0.23225643274436888,1.004706204868853,0.00020461715757846832,1,2,2.0,2,2.0
churn,0,2,3,9,FIGS,3334,1666,19,73,0.9345738295318127,0.7894241491591953,0.8735863924944615,0.7039199579397118,0.29403765965253115,0.004502521827816963,,,,,
churn,0,2,3,9,HSTree,3334,1666,19,73,0.9429771908763506,0.8192113832017485,0.8748502014660183,0.7459422795370152,0.01895211823284626,0.0005715237930417061,,,,,
churn,0,2,3,9,GreedyRuleList,3334,1666,19,73,0.8715486194477791,0.612254486521849,0.8532123050388806,0.3337260532671685,0.019138836301863194,0.002530667930841446,,,,,
churn,0,2,3,9,Dummy,3334,1666,19,73,0.8589435774309724,0.5,0.5,0.0,0.0006130319088697433,0.00019528809934854507,,,,,
churn,1,0,4,9,RFR,3333,1667,19,73,0.8782243551289742,0.591146110933447,0.6342666619289581,0.34969835621247847,0.006283380091190338,0.00032200664281845093,1,2,2.0,2,2.0
churn,1,0,4,9,GPR,3333,1667,19,73,0.8722255548890222,0.5646519560814413,0.5646519560814413,0.29102834143754186,1.004673314280808,0.00020929798483848572,1,3,3.0,3,3.0
churn,1,0,4,9,FIGS,3333,1667,19,73,0.9358128374325135,0.8104590839640408,0.8963877932937734,0.7134217307982689,0.3380340216681361,0.0038819508627057076,,,,,
churn,1,0,4,9,HSTree,3333,1667,19,73,0.9370125974805039,0.8253118004477135,0.8903768254983475,0.7220972071628843,0.019028778187930584,0.0005623633041977882,,,,,
churn,1,0,4,9,GreedyRuleList,3333,1667,19,73,0.8512297540491902,0.6161153158275,0.8505771121297183,0.2846332142715265,0.018681451678276062,0.0024418197572231293,,,,,
churn,1,0,4,9,Dummy,3333,1667,19,73,0.8584283143371326,0.5,0.5,0.0,0.0006266916170716286,0.00019282661378383636,,,,,
churn,1,1,5,9,RFR,3333,1667,19,73,0.8722255548890222,0.5894212888936265,0.6463004417913276,0.3129924103056056,0.00610780343413353,0.0008501084521412849,1,2,2.0,2,2.0
churn,1,1,5,9,GPR,3333,1667,19,73,0.8650269946010798,0.5569206078480142,0.5569206078480143,0.23495681402250934,0.9659519679844379,0.0002042483538389206,1,2,2.0,2,2.0
churn,1,1,5,9,FIGS,3333,1667,19,73,0.9454109178164367,0.833741960700707,0.9018613272690664,0.7591248200310894,0.270859451033175,0.0015951301902532578,,,,,
churn,1,1,5,9,HSTree,3333,1667,19,73,0.946010797840432,0.8447067950585699,0.8989580002131968,0.7633463919963518,0.019301223568618298,0.0005613332614302635,,,,,
churn,1,1,5,9,GreedyRuleList,3333,1667,19,73,0.8734253149370126,0.6060432434353125,0.8538283646614315,0.3361058830007349,0.01870077196508646,0.0025190971791744232,,,,,
churn,1,1,5,9,Dummy,3333,1667,19,73,0.8584283143371326,0.5,0.5,0.0,0.0006230315193533897,0.0002017877995967865,,,,,
churn,1,2,6,9,RFR,3334,1666,19,73,0.8757503001200481,0.6004743000728548,0.6457617794430319,0.3395090392182608,0.0062558213248848915,0.00031992513686418533,1,2,2.0,2,2.0
churn,1,2,6,9,GPR,3334,1666,19,73,0.8589435774309724,0.5480128462464874,0.5480128462464874,0.18873906408560462,0.8973095202818513,0.00020434707403182983,1,2,2.0,2,2.0
churn,1,2,6,9,FIGS,3334,1666,19,73,0.9411764705882353,0.8252761794311372,0.8987153753512647,0.7385470331865418,0.3813588572666049,0.005300962366163731,,,,,
churn,1,2,6,9,HSTree,3334,1666,19,73,0.9423769507803121,0.8668748234384525,0.9019700551615445,0.7558669045594205,0.019465423189103603,0.0005829622969031334,,,,,
churn,1,2,6,9,GreedyRuleList,3334,1666,19,73,0.8619447779111644,0.7222504720698217,0.8497301396137205,0.4383498365397122,0.018994598649442196,0.0024713994935154915,,,,,
churn,1,2,6,9,Dummy,3334,1666,19,73,0.8589435774309724,0.5,0.5,0.0,0.0006228014826774597,0.00019709765911102295,,,,,
churn,2,0,7,9,RFR,3333,1667,19,73,0.871625674865027,0.573148740361724,0.648722595316775,0.29337609984825674,0.007033740170300007,0.0008720392361283302,1,2,2.0,2,2.0
churn,2,0,7,9,GPR,3333,1667,19,73,0.8644271145770845,0.542417297374125,0.542417297374125,0.20922629136615653,1.0038912240415812,0.00021158717572689056,1,3,3.0,3,3.0
churn,2,0,7,9,FIGS,3333,1667,19,73,0.9424115176964607,0.8178410261876843,0.8948199078515676,0.7440709581875486,0.39324846118688583,0.0053375521674752235,,,,,
churn,2,0,7,9,HSTree,3333,1667,19,73,0.9496100779844031,0.8432647550012436,0.9082453896173116,0.7788249798973761,0.01949294190853834,0.0005695531144738197,,,,,
churn,2,0,7,9,GreedyRuleList,3333,1667,19,73,0.8782243551289742,0.6336078243257648,0.8642291155882457,0.3834445255471287,0.018961778841912746,0.0024440884590148926,,,,,
churn,2,0,7,9,Dummy,3333,1667,19,73,0.8584283143371326,0.5,0.5,0.0,0.0006267726421356201,0.00019108783453702927,,,,,
churn,2,1,8,9,RFR,3333,1667,19,73,0.8764247150569886,0.6007133212521764,0.6168585438652596,0.34541893448777494,0.006282970309257507,0.00034521613270044327,1,2,2.0,2,2.0
churn,2,1,8,9,GPR,3333,1667,19,73,0.8644271145770845,0.5512634876641912,0.5512634876641912,0.2229607237941331,1.069233525544405,0.00022206641733646393,1,3,3.0,3,3.0
churn,2,1,8,9,FIGS,3333,1667,19,73,0.9340131973605279,0.8271032465148231,0.8664306695566688,0.7111945668283102,0.3894362235441804,0.005311301909387112,,,,,
churn,2,1,8,9,HSTree,3333,1667,19,73,0.9346130773845231,0.8575296995108316,0.8821494983951013,0.7268148018262768,0.02118809148669243,0.000567893497645855,,,,,
churn,2,1,8,9,GreedyRuleList,3333,1667,19,73,0.8578284343131374,0.6907283042556467,0.8355156403605396,0.39519104369878205,0.01929384469985962,0.002540096640586853,,,,,
churn,2,1,8,9,Dummy,3333,1667,19,73,0.8584283143371326,0.5,0.5,0.0,0.0006212117150425911,0.00019739847630262375,,,,,
churn,2,2,9,9,RFR,3334,1666,19,73,0.8757503001200481,0.593361285814116,0.6568714037200589,0.3332104468229788,0.006166501902043819,0.0003230450674891472,1,2,2.0,2,2.0
churn,2,2,9,9,GPR,3334,1666,19,73,0.8649459783913566,0.5568416670383752,0.5568416670383751,0.23192356045257048,0.9742747722193599,0.00020866654813289642,1,3,3.0,3,3.0
churn,2,2,9,9,FIGS,3334,1666,19,73,0.929171668667467,0.8040620307179922,0.857886911399557,0.6835400023938574,0.34212967846542597,0.003947379067540169,,,,,
churn,2,2,9,9,HSTree,3334,1666,19,73,0.9429771908763506,0.8387721724132804,0.9064974649478864,0.7488660513274226,0.021387139335274696,0.000562853179872036,,,,,
churn,2,2,9,9,GreedyRuleList,3334,1666,19,73,0.8691476590636255,0.6144133696120849,0.8681341719077569,0.32776639078935876,0.01916191726922989,0.0024789879098534584,,,,,
churn,2,2,9,9,Dummy,3334,1666,19,73,0.8589435774309724,0.5,0.5,0.0,0.0006242822855710983,0.00019603781402111053,,,,,
clock_protein_toxicity,0,0,1,60,RFR,114,57,1117,1117,0.5614035087719298,0.42105263157894735,0.43213296398891965,-0.242535625036333,0.002523597329854965,0.00020562857389450073,1,1,1.0,1,1.0
clock_protein_toxicity,0,0,1,60,GPR,114,57,1117,1117,0.6491228070175439,0.4868421052631579,0.4868421052631579,-0.0944911182523068,0.5524040926247835,0.00013881828635931015,2,4,2.0,4,2.0
clock_protein_toxicity,0,0,1,60,FIGS,114,57,1117,1117,0.543859649122807,0.5526315789473684,0.5526315789473685,0.09925833339709303,0.2415152071043849,0.0005118837580084801,,,,,
clock_protein_toxicity,0,0,1,60,HSTree,114,57,1117,1117,0.5087719298245614,0.5,0.5477839335180056,0.0,0.032061243429780006,0.00018534809350967407,,,,,
clock_protein_toxicity,0,0,1,60,GreedyRuleList,114,57,1117,1117,0.6666666666666666,0.5,0.5526315789473685,0.0,0.012355362996459007,0.0001628585159778595,,,,,
clock_protein_toxicity,0,0,1,60,Dummy,114,57,1117,1117,0.6666666666666666,0.5,0.5,0.0,0.00030113570392131805,0.00019384641200304031,,,,,
clock_protein_toxicity,0,1,2,60,RFR,114,57,1117,1117,0.6491228070175439,0.5,0.4210526315789473,0.0,0.002531006932258606,0.00023126695305109024,1,2,2.0,2,2.0
clock_protein_toxicity,0,1,2,60,GPR,114,57,1117,1117,0.6666666666666666,0.5131578947368421,0.5131578947368421,0.06741998624632421,0.5411500493064523,0.00013556797057390213,2,4,2.0,4,2.0
clock_protein_toxicity,0,1,2,60,FIGS,114,57,1117,1117,0.5964912280701754,0.5394736842105263,0.45637119113573404,0.08006407690254357,0.3858114602044225,0.0005935020744800568,,,,,
clock_protein_toxicity,0,1,2,60,HSTree,114,57,1117,1117,0.6140350877192983,0.5526315789473684,0.5872576177285319,0.10846522890932808,0.03340630605816841,0.00018656812608242035,,,,,
clock_protein_toxicity,0,1,2,60,GreedyRuleList,114,57,1117,1117,0.5964912280701754,0.4473684210526316,0.4979224376731302,-0.19425717247145285,0.015179656445980072,0.0001696282997727394,,,,,
clock_protein_toxicity,0,1,2,60,Dummy,114,57,1117,1117,0.6666666666666666,0.5,0.5,0.0,0.0003036055713891983,0.00018979795277118683,,,,,
clock_protein_toxicity,0,2,3,60,RFR,114,57,1117,1117,0.6842105263157895,0.5,0.3411680911680912,0.0,0.0024699093773961067,0.00021730735898017883,1,1,1.0,1,1.0
clock_protein_toxicity,0,2,3,60,GPR,114,57,1117,1117,0.631578947368421,0.4764957264957265,0.4764957264957265,-0.07724292477636958,0.5425783349201083,0.00013978779315948486,2,5,2.5,6,3.0
clock_protein_toxicity,0,2,3,60,FIGS,114,57,1117,1117,0.5789473684210527,0.5128205128205128,0.5178062678062678,0.02564102564102564,0.3673520162701607,0.0005435030907392502,,,,,
clock_protein_toxicity,0,2,3,60,HSTree,114,57,1117,1117,0.5263157894736842,0.4444444444444444,0.5256410256410257,-0.11289418957242967,0.04272399935871363,0.0001937979832291603,,,,,
clock_protein_toxicity,0,2,3,60,GreedyRuleList,114,57,1117,1117,0.6666666666666666,0.5021367521367521,0.6089743589743589,0.008896008544727064,0.02006628643721342,0.00017333775758743286,,,,,
clock_protein_toxicity,0,2,3,60,Dummy,114,57,1117,1117,0.6842105263157895,0.5,0.5,0.0,0.00030844658613204956,0.00018984731286764145,,,,,
clock_protein_toxicity,1,0,4,60,RFR,114,57,1117,1117,0.6140350877192983,0.4868421052631579,0.4487534626038781,-0.03779644730092272,0.002491588704288006,0.0002275574952363968,1,2,2.0,2,2.0
clock_protein_toxicity,1,0,4,60,GPR,114,57,1117,1117,0.6140350877192983,0.4605263157894737,0.4605263157894737,-0.16666666666666666,0.5262595759704709,0.00013512931764125824,2,5,2.5,5,2.5
clock_protein_toxicity,1,0,4,60,FIGS,114,57,1117,1117,0.47368421052631576,0.39473684210526316,0.4037396121883657,-0.21693045781865616,0.410599322989583,0.0005411235615611076,,,,,
clock_protein_toxicity,1,0,4,60,HSTree,114,57,1117,1117,0.543859649122807,0.4605263157894737,0.4778393351800554,-0.08451542547285165,0.037187328562140465,0.00019351858645677567,,,,,
clock_protein_toxicity,1,0,4,60,GreedyRuleList,114,57,1117,1117,0.6491228070175439,0.5,0.5997229916897506,0.0,0.014893101528286934,0.00017480645328760147,,,,,
clock_protein_toxicity,1,0,4,60,Dummy,114,57,1117,1117,0.6666666666666666,0.5,0.5,0.0,0.00030791573226451874,0.00019158702343702316,,,,,
clock_protein_toxicity,1,1,5,60,RFR,114,57,1117,1117,0.6491228070175439,0.4868421052631579,0.44944598337950137,-0.0944911182523068,0.0025619668886065483,0.0002337070181965828,1,2,2.0,2,2.0
clock_protein_toxicity,1,1,5,60,GPR,114,57,1117,1117,0.6491228070175439,0.513157894736842,0.513157894736842,0.043852900965351466,0.4377020914107561,0.00013624783605337143,1,3,3.0,3,3.0
clock_protein_toxicity,1,1,5,60,FIGS,114,57,1117,1117,0.45614035087719296,0.42105263157894735,0.42105263157894746,-0.15075567228888181,0.23066936153918505,0.0005503231659531593,,,,,
clock_protein_toxicity,1,1,5,60,HSTree,114,57,1117,1117,0.45614035087719296,0.4078947368421053,0.4321329639889197,-0.17837651700316895,0.03152407240122557,0.00018322747200727463,,,,,
clock_protein_toxicity,1,1,5,60,GreedyRuleList,114,57,1117,1117,0.631578947368421,0.48684210526315785,0.4660664819944599,-0.048564293117863214,0.01612425595521927,0.00016741827130317688,,,,,
clock_protein_toxicity,1,1,5,60,Dummy,114,57,1117,1117,0.6666666666666666,0.5,0.5,0.0,0.00029983557760715485,0.00018816813826560974,,,,,
clock_protein_toxicity,1,2,6,60,RFR,114,57,1117,1117,0.6666666666666666,0.5021367521367521,0.35897435897435903,0.008896008544727064,0.0024054590612649918,0.00021739676594734192,1,2,2.0,2,2.0
clock_protein_toxicity,1,2,6,60,GPR,114,57,1117,1117,0.6491228070175439,0.5341880341880342,0.5341880341880343,0.08356487201062217,0.751793023198843,0.00014318805187940598,4,10,2.5,10,2.5
clock_protein_toxicity,1,2,6,60,FIGS,114,57,1117,1117,0.5789473684210527,0.49786324786324787,0.4992877492877493,-0.004420799098060879,0.30046329088509083,0.0005311425775289536,,,,,
clock_protein_toxicity,1,2,6,60,HSTree,114,57,1117,1117,0.6140350877192983,0.5384615384615384,0.5235042735042734,0.07957438376509583,0.04280402883887291,0.00019143708050251007,,,,,
clock_protein_toxicity,1,2,6,60,GreedyRuleList,114,57,1117,1117,0.49122807017543857,0.5384615384615384,0.5605413105413105,0.07344797747116931,0.025275319814682007,0.00019121821969747543,,,,,
clock_protein_toxicity,1,2,6,60,Dummy,114,57,1117,1117,0.6842105263157895,0.5,0.5,0.0,0.00029956549406051636,0.000194476917386055,,,,,
clock_protein_toxicity,2,0,7,60,RFR,114,57,1117,1117,0.6140350877192983,0.4736842105263158,0.4058171745152354,-0.08770580193070293,0.002415160648524761,0.00020669680088758469,1,2,2.0,2,2.0
clock_protein_toxicity,2,0,7,60,GPR,114,57,1117,1117,0.631578947368421,0.48684210526315785,0.48684210526315785,-0.048564293117863214,0.4588464805856347,0.00013299845159053802,1,2,2.0,2,2.0
clock_protein_toxicity,2,0,7,60,FIGS,114,57,1117,1117,0.5263157894736842,0.4605263157894737,0.47022160664819945,-0.08006407690254357,0.33971883822232485,0.00043771322816610336,,,,,
clock_protein_toxicity,2,0,7,60,HSTree,114,57,1117,1117,0.5614035087719298,0.5,0.474376731301939,0.0,0.034545574337244034,0.00019011646509170532,,,,,
clock_protein_toxicity,2,0,7,60,GreedyRuleList,114,57,1117,1117,0.6666666666666666,0.5,0.513157894736842,0.0,0.019314886070787907,0.0001832563430070877,,,,,
clock_protein_toxicity,2,0,7,60,Dummy,114,57,1117,1117,0.6666666666666666,0.5,0.5,0.0,0.0003036167472600937,0.00019137747585773468,,,,,
clock_protein_toxicity,2,1,8,60,RFR,114,57,1117,1117,0.6491228070175439,0.5,0.5152354570637119,0.0,0.0025357194244861603,0.00022507831454277039,2,3,1.5,3,1.5
clock_protein_toxicity,2,1,8,60,GPR,114,57,1117,1117,0.6140350877192983,0.4736842105263158,0.47368421052631576,-0.08770580193070293,0.7786889942362905,0.0001474982127547264,4,13,3.25,13,3.25
clock_protein_toxicity,2,1,8,60,FIGS,114,57,1117,1117,0.6491228070175439,0.5789473684210527,0.5637119113573408,0.1690308509457033,0.38011921010911465,0.0005450630560517311,,,,,
clock_protein_toxicity,2,1,8,60,HSTree,114,57,1117,1117,0.5614035087719298,0.48684210526315785,0.49792243767313016,-0.027607881518711637,0.03584360796958208,0.0001852782443165779,,,,,
clock_protein_toxicity,2,1,8,60,GreedyRuleList,114,57,1117,1117,0.6491228070175439,0.5,0.5,0.0,0.0199276190251112,0.00018511712551116943,,,,,
clock_protein_toxicity,2,1,8,60,Dummy,114,57,1117,1117,0.6666666666666666,0.5,0.5,0.0,0.0003004958853125572,0.00018951855599880219,,,,,
clock_protein_toxicity,2,2,9,60,RFR,114,57,1117,1117,0.6666666666666666,0.48717948717948717,0.4216524216524216,-0.09078412990032037,0.0024800989776849747,0.00022386759519577026,1,2,2.0,2,2.0
clock_protein_toxicity,2,2,9,60,GPR,114,57,1117,1117,0.6842105263157895,0.5,0.5,0.0,0.7349363844841719,0.00015327800065279007,4,13,3.25,14,3.5
clock_protein_toxicity,2,2,9,60,FIGS,114,57,1117,1117,0.543859649122807,0.4722222222222222,0.40028490028490027,-0.05555555555555555,0.4004446864128113,0.0005665337666869164,,,,,
clock_protein_toxicity,2,2,9,60,HSTree,114,57,1117,1117,0.47368421052631576,0.391025641025641,0.48789173789173784,-0.21794871794871795,0.03600870631635189,0.00018420815467834473,,,,,
clock_protein_toxicity,2,2,9,60,GreedyRuleList,114,57,1117,1117,0.6666666666666666,0.5021367521367521,0.5498575498575499,0.008896008544727064,0.02411535568535328,0.0001870281994342804,,,,,
clock_protein_toxicity,2,2,9,60,Dummy,114,57,1117,1117,0.6842105263157895,0.5,0.5,0.0,0.00030888617038726807,0.0001919083297252655,,,,,
clock_protein_toxicity,3,0,10,60,RFR,114,57,1117,1117,0.42105263157894735,0.381578947368421,0.3753462603878116,-0.22613350843332272,0.0025059981271624565,0.00021704751998186111,1,1,1.0,1,1.0
clock_protein_toxicity,3,0,10,60,GPR,114,57,1117,1117,0.543859649122807,0.4473684210526315,0.44736842105263164,-0.11826247919781653,0.5620959708467126,0.00014285743236541748,2,5,2.5,6,3.0
clock_protein_toxicity,3,0,10,60,FIGS,114,57,1117,1117,0.43859649122807015,0.40789473684210525,0.3088642659279779,-0.175,0.36221790220588446,0.000564933754503727,,,,,
clock_protein_toxicity,3,0,10,60,HSTree,114,57,1117,1117,0.49122807017543857,0.47368421052631576,0.40443213296398894,-0.049813548138671795,0.03588808700442314,0.00018990784883499146,,,,,
clock_protein_toxicity,3,0,10,60,GreedyRuleList,114,57,1117,1117,0.3333333333333333,0.32894736842105265,0.34695290858725764,-0.32378806290136664,0.028698958456516266,0.00018662866204977036,,,,,
clock_protein_toxicity,3,0,10,60,Dummy,114,57,1117,1117,0.6666666666666666,0.5,0.5,0.0,0.00029957573860883713,0.00018803775310516357,,,,,
clock_protein_toxicity,3,1,11,60,RFR,114,57,1117,1117,0.6666666666666666,0.5,0.3628808864265928,0.0,0.002461899071931839,0.00020423810929059982,1,2,2.0,2,2.0
clock_protein_toxicity,3,1,11,60,GPR,114,57,1117,1117,0.6666666666666666,0.5,0.5,0.0,0.5403650775551796,0.0001332489773631096,2,2,1.0,2,1.0
clock_protein_toxicity,3,1,11,60,FIGS,114,57,1117,1117,0.6491228070175439,0.631578947368421,0.6308864265927978,0.2528608687120868,0.389055447652936,0.0005516130477190018,,,,,
clock_protein_toxicity,3,1,11,60,HSTree,114,57,1117,1117,0.5964912280701754,0.5526315789473684,0.5837950138504155,0.10397504898200727,0.03488623071461916,0.00018747802823781967,,,,,
clock_protein_toxicity,3,1,11,60,GreedyRuleList,114,57,1117,1117,0.631578947368421,0.48684210526315785,0.5754847645429363,-0.048564293117863214,0.019700990989804268,0.00017463788390159607,,,,,
clock_protein_toxicity,3,1,11,60,Dummy,114,57,1117,1117,0.6666666666666666,0.5,0.5,0.0,0.0003075459972023964,0.00019754748791456223,,,,,
clock_protein_toxicity,3,2,12,60,RFR,114,57,1117,1117,0.7017543859649122,0.5277777777777778,0.49430199430199434,0.1966989481173608,0.0024594878777861595,0.00023008696734905243,1,2,2.0,2,2.0
clock_protein_toxicity,3,2,12,60,GPR,114,57,1117,1117,0.6491228070175439,0.47435897435897434,0.47435897435897434,-0.12955005512625914,0.5665121134370565,0.00013522803783416748,2,4,2.0,4,2.0
clock_protein_toxicity,3,2,12,60,FIGS,114,57,1117,1117,0.49122807017543857,0.40384615384615385,0.40384615384615385,-0.1953937896445898,0.27009270898997784,0.0004328647628426552,,,,,
clock_protein_toxicity,3,2,12,60,HSTree,114,57,1117,1117,0.47368421052631576,0.391025641025641,0.42877492877492873,-0.21794871794871795,0.04080813564360142,0.00019821804016828537,,,,,
clock_protein_toxicity,3,2,12,60,GreedyRuleList,114,57,1117,1117,0.6842105263157895,0.5,0.5149572649572649,0.0,0.009468911215662956,0.00017432775348424911,,,,,
clock_protein_toxicity,3,2,12,60,Dummy,114,57,1117,1117,0.6842105263157895,0.5,0.5,0.0,0.0003121057525277138,0.00019369740039110184,,,,,
clock_protein_toxicity,4,0,13,60,RFR,114,57,1117,1117,0.631578947368421,0.48684210526315785,0.38365650969529086,-0.048564293117863214,0.0025372980162501335,0.00021766778081655502,1,2,2.0,2,2.0
clock_protein_toxicity,4,0,13,60,GPR,114,57,1117,1117,0.6666666666666666,0.5131578947368421,0.5131578947368421,0.06741998624632421,0.5583776403218508,0.0001485077664256096,2,5,2.5,5,2.5
clock_protein_toxicity,4,0,13,60,FIGS,114,57,1117,1117,0.5964912280701754,0.5263157894736842,0.5948753462603878,0.055215763037423274,0.3640798069536686,0.00045053381472826004,,,,,
clock_protein_toxicity,4,0,13,60,HSTree,114,57,1117,1117,0.6140350877192983,0.5394736842105263,0.5588642659279778,0.08451542547285165,0.03432368766516447,0.00018430687487125397,,,,,
clock_protein_toxicity,4,0,13,60,GreedyRuleList,114,57,1117,1117,0.631578947368421,0.47368421052631576,0.5318559556786703,-0.13483997249264842,0.016178266145288944,0.0001686587929725647,,,,,
clock_protein_toxicity,4,0,13,60,Dummy,114,57,1117,1117,0.6666666666666666,0.5,0.5,0.0,0.0002884557470679283,0.00019324850291013718,,,,,
clock_protein_toxicity,4,1,14,60,RFR,114,57,1117,1117,0.6666666666666666,0.5,0.5193905817174516,0.0,0.00248675886541605,0.0002187071368098259,1,2,2.0,2,2.0
clock_protein_toxicity,4,1,14,60,GPR,114,57,1117,1117,0.6666666666666666,0.5,0.5,0.0,0.5616874136030674,0.00013485830277204514,2,3,1.5,3,1.5
clock_protein_toxicity,4,1,14,60,FIGS,114,57,1117,1117,0.5964912280701754,0.5263157894736842,0.513157894736842,0.055215763037423274,0.3742213128134608,0.0006096325814723969,,,,,
clock_protein_toxicity,4,1,14,60,HSTree,114,57,1117,1117,0.5263157894736842,0.4605263157894737,0.471606648199446,-0.08006407690254357,0.03274266887456179,0.00018481817096471786,,,,,
clock_protein_toxicity,4,1,14,60,GreedyRuleList,114,57,1117,1117,0.6491228070175439,0.4868421052631579,0.5415512465373962,-0.0944911182523068,0.01244963426142931,0.0001658974215388298,,,,,
clock_protein_toxicity,4,1,14,60,Dummy,114,57,1117,1117,0.6666666666666666,0.5,0.5,0.0,0.00028635747730731964,0.0001893984153866768,,,,,
clock_protein_toxicity,4,2,15,60,RFR,114,57,1117,1117,0.5614035087719298,0.44017094017094016,0.39743589743589736,-0.14094039086520674,0.002507098950445652,0.00020156800746917725,2,3,1.5,3,1.5
clock_protein_toxicity,4,2,15,60,GPR,114,57,1117,1117,0.631578947368421,0.46153846153846156,0.46153846153846156,-0.16012815380508713,0.5300256051123142,0.00013806764036417007,2,7,3.5,7,3.5
clock_protein_toxicity,4,2,15,60,FIGS,114,57,1117,1117,0.5614035087719298,0.5,0.5128205128205128,0.0,0.3046730486676097,0.0005312040448188782,,,,,
clock_protein_toxicity,4,2,15,60,HSTree,114,57,1117,1117,0.543859649122807,0.517094017094017,0.4629629629629629,0.03218696997235117,0.047733770683407784,0.00019876845180988312,,,,,
clock_protein_toxicity,4,2,15,60,GreedyRuleList,114,57,1117,1117,0.45614035087719296,0.423076923076923,0.40598290598290593,-0.14411533842457844,0.0353583050891757,0.0002070767804980278,,,,,
clock_protein_toxicity,4,2,15,60,Dummy,114,57,1117,1117,0.6842105263157895,0.5,0.5,0.0,0.0002978965640068054,0.00019786786288022995,,,,,
clock_protein_toxicity,5,0,16,60,RFR,114,57,1117,1117,0.6842105263157895,0.5263157894736842,0.5969529085872577,0.1889822365046136,0.0025844071060419083,0.00023499689996242523,1,2,2.0,2,2.0
clock_protein_toxicity,5,0,16,60,GPR,114,57,1117,1117,0.6491228070175439,0.4868421052631579,0.4868421052631579,-0.0944911182523068,0.5782040739431977,0.00013747811317443848,2,4,2.0,4,2.0
clock_protein_toxicity,5,0,16,60,FIGS,114,57,1117,1117,0.631578947368421,0.5394736842105263,0.5588642659279778,0.09128709291752769,0.3546408349648118,0.0005209930241107941,,,,,
clock_protein_toxicity,5,0,16,60,HSTree,114,57,1117,1117,0.5263157894736842,0.47368421052631576,0.5214681440443214,-0.051987524491003634,0.029809514991939068,0.0001820577308535576,,,,,
clock_protein_toxicity,5,0,16,60,GreedyRuleList,114,57,1117,1117,0.47368421052631576,0.5394736842105263,0.6114958448753463,0.08006407690254357,0.01803471241146326,0.00018124748021364212,,,,,
clock_protein_toxicity,5,0,16,60,Dummy,114,57,1117,1117,0.6666666666666666,0.5,0.5,0.0,0.0003026658669114113,0.0001990078017115593,,,,,
clock_protein_toxicity,5,1,17,60,RFR,114,57,1117,1117,0.6491228070175439,0.5,0.5193905817174516,0.0,0.0025761574506759644,0.0002194782719016075,2,3,1.5,3,1.5
clock_protein_toxicity,5,1,17,60,GPR,114,57,1117,1117,0.6666666666666666,0.5131578947368421,0.5131578947368421,0.06741998624632421,0.5569516336545348,0.000138099305331707,2,5,2.5,6,3.0
clock_protein_toxicity,5,1,17,60,FIGS,114,57,1117,1117,0.5964912280701754,0.5394736842105263,0.5394736842105263,0.08006407690254357,0.30815461091697216,0.0004396243020892143,,,,,
clock_protein_toxicity,5,1,17,60,HSTree,114,57,1117,1117,0.543859649122807,0.5,0.5754847645429363,0.0,0.035483754239976406,0.00019082706421613693,,,,,
clock_protein_toxicity,5,1,17,60,GreedyRuleList,114,57,1117,1117,0.6666666666666666,0.5131578947368421,0.6239612188365651,0.06741998624632421,0.01971294265240431,0.00017032772302627563,,,,,
clock_protein_toxicity,5,1,17,60,Dummy,114,57,1117,1117,0.6666666666666666,0.5,0.5,0.0,0.0002966560423374176,0.00018810760229825974,,,,,
clock_protein_toxicity,5,2,18,60,RFR,114,57,1117,1117,0.7017543859649122,0.5277777777777778,0.48005698005698005,0.1966989481173608,0.002620167098939419,0.00023091677576303482,1,2,2.0,2,2.0
clock_protein_toxicity,5,2,18,60,GPR,114,57,1117,1117,0.7017543859649122,0.5277777777777778,0.5277777777777778,0.1966989481173608,0.5211834982037544,0.00015824846923351288,2,4,2.0,4,2.0
clock_protein_toxicity,5,2,18,60,FIGS,114,57,1117,1117,0.5087719298245614,0.4465811965811966,0.3347578347578347,-0.10405832897051455,0.3725829254835844,0.0005299728363752365,,,,,
clock_protein_toxicity,5,2,18,60,HSTree,114,57,1117,1117,0.5263157894736842,0.4444444444444444,0.5113960113960114,-0.11289418957242967,0.04290582146495581,0.00019943714141845703,,,,,
clock_protein_toxicity,5,2,18,60,GreedyRuleList,114,57,1117,1117,0.6666666666666666,0.5170940170940171,0.6225071225071225,0.05617667256463242,0.01775266695767641,0.00017877761274576187,,,,,
clock_protein_toxicity,5,2,18,60,Dummy,114,57,1117,1117,0.6842105263157895,0.5,0.5,0.0,0.0003038272261619568,0.00019236747175455093,,,,,
clock_protein_toxicity,6,0,19,60,RFR,114,57,1117,1117,0.5789473684210527,0.4605263157894737,0.4120498614958449,-0.10206207261596577,0.0024365996941924095,0.0002079969272017479,1,1,1.0,1,1.0
clock_protein_toxicity,6,0,19,60,GPR,114,57,1117,1117,0.6666666666666666,0.5263157894736842,0.5263157894736842,0.09712858623572643,0.42439760733395815,0.00013469811528921127,1,4,4.0,4,4.0
clock_protein_toxicity,6,0,19,60,FIGS,114,57,1117,1117,0.5263157894736842,0.5263157894736842,0.46121883656509693,0.049629166698546515,0.3832738623023033,0.0005430923774838448,,,,,
clock_protein_toxicity,6,0,19,60,HSTree,114,57,1117,1117,0.543859649122807,0.5394736842105263,0.5470914127423823,0.07453559924999299,0.03012446127831936,0.00018213782459497452,,,,,
clock_protein_toxicity,6,0,19,60,GreedyRuleList,114,57,1117,1117,0.6666666666666666,0.5263157894736842,0.5429362880886426,0.09712858623572643,0.016497413627803326,0.00017952825874090195,,,,,
clock_protein_toxicity,6,0,19,60,Dummy,114,57,1117,1117,0.6666666666666666,0.5,0.5,0.0,0.00029528606683015823,0.00018998794257640839,,,,,
clock_protein_toxicity,6,1,20,60,RFR,114,57,1117,1117,0.6842105263157895,0.5263157894736842,0.4937673130193906,0.1889822365046136,0.0026122163981199265,0.00022109691053628922,1,2,2.0,2,2.0
clock_protein_toxicity,6,1,20,60,GPR,114,57,1117,1117,0.6666666666666666,0.5,0.5,0.0,0.5336161395534873,0.00013346876949071884,2,3,1.5,3,1.5
clock_protein_toxicity,6,1,20,60,FIGS,114,57,1117,1117,0.5789473684210527,0.5394736842105263,0.5394736842105263,0.07715167498104596,0.344038687646389,0.00044858455657958984,,,,,
clock_protein_toxicity,6,1,20,60,HSTree,114,57,1117,1117,0.5789473684210527,0.5394736842105263,0.5263157894736842,0.07715167498104596,0.03327065147459507,0.00018834788352251053,,,,,
clock_protein_toxicity,6,1,20,60,GreedyRuleList,114,57,1117,1117,0.5087719298245614,0.5394736842105263,0.5429362880886426,0.07537783614444091,0.022798013873398304,0.00018341746181249619,,,,,
clock_protein_toxicity,6,1,20,60,Dummy,114,57,1117,1117,0.6666666666666666,0.5,0.5,0.0,0.00030841585248708725,0.00019449833780527115,,,,,
clock_protein_toxicity,6,2,21,60,RFR,114,57,1117,1117,0.6842105263157895,0.5149572649572649,0.5826210826210826,0.07557086549031783,0.0025584185495972633,0.0002340264618396759,1,2,2.0,2,2.0
clock_protein_toxicity,6,2,21,60,GPR,114,57,1117,1117,0.6842105263157895,0.5299145299145299,0.5299145299145299,0.10887114836937549,0.5544937616214156,0.0001364387571811676,2,4,2.0,4,2.0
clock_protein_toxicity,6,2,21,60,FIGS,114,57,1117,1117,0.5964912280701754,0.5405982905982906,0.559116809116809,0.08006407690254357,0.3719405811280012,0.0005201129242777824,,,,,
clock_protein_toxicity,6,2,21,60,HSTree,114,57,1117,1117,0.5964912280701754,0.5106837606837606,0.5056980056980057,0.022555498415031947,0.03555721417069435,0.00018354784697294235,,,,,
clock_protein_toxicity,6,2,21,60,GreedyRuleList,114,57,1117,1117,0.6842105263157895,0.5,0.5427350427350428,0.0,0.012130597606301308,0.00016398821026086807,,,,,
clock_protein_toxicity,6,2,21,60,Dummy,114,57,1117,1117,0.6842105263157895,0.5,0.5,0.0,0.00030818767845630646,0.0001893863081932068,,,,,
clock_protein_toxicity,7,0,22,60,RFR,114,57,1117,1117,0.6491228070175439,0.5,0.5290858725761772,0.0,0.0024842889979481697,0.00022491812705993652,1,2,2.0,2,2.0
clock_protein_toxicity,7,0,22,60,GPR,114,57,1117,1117,0.6491228070175439,0.4868421052631579,0.4868421052631579,-0.0944911182523068,0.5986975729465485,0.0001406380906701088,2,7,3.5,8,4.0
clock_protein_toxicity,7,0,22,60,FIGS,114,57,1117,1117,0.6140350877192983,0.5657894736842105,0.5657894736842105,0.13157894736842105,0.29425420612096786,0.00042689498513936996,,,,,
clock_protein_toxicity,7,0,22,60,HSTree,114,57,1117,1117,0.5789473684210527,0.5394736842105263,0.5505540166204986,0.07715167498104596,0.03420712146908045,0.00018528848886489868,,,,,
clock_protein_toxicity,7,0,22,60,GreedyRuleList,114,57,1117,1117,0.6842105263157895,0.5263157894736842,0.5817174515235457,0.1889822365046136,0.014772335067391396,0.00016801711171865463,,,,,
clock_protein_toxicity,7,0,22,60,Dummy,114,57,1117,1117,0.6666666666666666,0.5,0.5,0.0,0.0002997973933815956,0.00019564758986234665,,,,,
clock_protein_toxicity,7,1,23,60,RFR,114,57,1117,1117,0.6140350877192983,0.4868421052631579,0.5401662049861495,-0.03779644730092272,0.0025055184960365295,0.00020532682538032532,1,2,2.0,2,2.0
clock_protein_toxicity,7,1,23,60,GPR,114,57,1117,1117,0.6491228070175439,0.5,0.5,0.0,0.7848532078787684,0.00014914758503437042,4,15,3.75,15,3.75
clock_protein_toxicity,7,1,23,60,FIGS,114,57,1117,1117,0.49122807017543857,0.4342105263157895,0.47991689750692523,-0.12996881122750908,0.38497721403837204,0.0005464935675263405,,,,,
clock_protein_toxicity,7,1,23,60,HSTree,114,57,1117,1117,0.5789473684210527,0.513157894736842,0.5193905817174516,0.02711630722733202,0.03136313706636429,0.00019121821969747543,,,,,
clock_protein_toxicity,7,1,23,60,GreedyRuleList,114,57,1117,1117,0.6666666666666666,0.5131578947368421,0.5720221606648199,0.06741998624632421,0.01639863383024931,0.00017262808978557587,,,,,
clock_protein_toxicity,7,1,23,60,Dummy,114,57,1117,1117,0.6666666666666666,0.5,0.5,0.0,0.0002989955246448517,0.00018851738423109055,,,,,
clock_protein_toxicity,7,2,24,60,RFR,114,57,1117,1117,0.631578947368421,0.5213675213675213,0.566951566951567,0.050335853880430985,0.0025173891335725784,0.00022082682698965073,1,1,1.0,1,1.0
clock_protein_toxicity,7,2,24,60,GPR,114,57,1117,1117,0.631578947368421,0.4914529914529915,0.4914529914529915,-0.024209101306752096,0.7434223629534245,0.00014244858175516129,4,9,2.25,9,2.25
clock_protein_toxicity,7,2,24,60,FIGS,114,57,1117,1117,0.631578947368421,0.5512820512820513,0.5626780626780625,0.10826639239215334,0.3370931949466467,0.0005583232268691063,,,,,
clock_protein_toxicity,7,2,24,60,HSTree,114,57,1117,1117,0.5964912280701754,0.49572649572649574,0.47364672364672367,-0.009468576229179442,0.03269378188997507,0.000184718519449234,,,,,
clock_protein_toxicity,7,2,24,60,GreedyRuleList,114,57,1117,1117,0.6842105263157895,0.5,0.5149572649572649,0.0,0.014971131458878517,0.00016597844660282135,,,,,
clock_protein_toxicity,7,2,24,60,Dummy,114,57,1117,1117,0.6842105263157895,0.5,0.5,0.0,0.0003006262704730034,0.0001895381137728691,,,,,
clock_protein_toxicity,8,0,25,60,RFR,114,57,1117,1117,0.6666666666666666,0.5263157894736842,0.43213296398891965,0.09712858623572643,0.0027633868157863617,0.00021846778690814972,1,2,2.0,2,2.0
clock_protein_toxicity,8,0,25,60,GPR,114,57,1117,1117,0.631578947368421,0.5,0.49999999999999994,0.0,0.7866359697654843,0.00015571806579828262,4,13,3.25,14,3.5
clock_protein_toxicity,8,0,25,60,FIGS,114,57,1117,1117,0.49122807017543857,0.42105263157894735,0.42105263157894735,-0.16012815380508713,0.33283375203609467,0.00045026373118162155,,,,,
clock_protein_toxicity,8,0,25,60,HSTree,114,57,1117,1117,0.5789473684210527,0.5263157894736842,0.5574792243767313,0.05263157894736842,0.032933169044554234,0.00018981751054525375,,,,,
clock_protein_toxicity,8,0,25,60,GreedyRuleList,114,57,1117,1117,0.6666666666666666,0.5131578947368421,0.5713296398891966,0.06741998624632421,0.02032801602035761,0.0001866975799202919,,,,,
clock_protein_toxicity,8,0,25,60,Dummy,114,57,1117,1117,0.6666666666666666,0.5,0.5,0.0,0.0003073057159781456,0.00019899848848581314,,,,,
clock_protein_toxicity,8,1,26,60,RFR,114,57,1117,1117,0.631578947368421,0.48684210526315785,0.44736842105263164,-0.048564293117863214,0.0024396898224949837,0.00022214744240045547,1,2,2.0,2,2.0
clock_protein_toxicity,8,1,26,60,GPR,114,57,1117,1117,0.6491228070175439,0.4868421052631579,0.4868421052631579,-0.0944911182523068,0.5457401033490896,0.00013639777898788452,2,4,2.0,4,2.0
clock_protein_toxicity,8,1,26,60,FIGS,114,57,1117,1117,0.7543859649122807,0.736842105263158,0.7119113573407202,0.4629100498862757,0.3858312536031008,0.0005194135010242462,,,,,
clock_protein_toxicity,8,1,26,60,HSTree,114,57,1117,1117,0.5087719298245614,0.4473684210526315,0.5048476454293629,-0.10526315789473684,0.03832550160586834,0.00018307846039533615,,,,,
clock_protein_toxicity,8,1,26,60,GreedyRuleList,114,57,1117,1117,0.6666666666666666,0.5,0.5526315789473685,0.0,0.012153508141636848,0.0001627681776881218,,,,,
clock_protein_toxicity,8,1,26,60,Dummy,114,57,1117,1117,0.6666666666666666,0.5,0.5,0.0,0.0002976367250084877,0.0001879073679447174,,,,,
clock_protein_toxicity,8,2,27,60,RFR,114,57,1117,1117,0.543859649122807,0.4123931623931624,0.3945868945868946,-0.21413498452721932,0.002462669275701046,0.00021350756287574768,2,3,1.5,3,1.5
clock_protein_toxicity,8,2,27,60,GPR,114,57,1117,1117,0.6842105263157895,0.5,0.5,0.0,0.49537760578095913,0.00013881921768188477,2,3,1.5,3,1.5
clock_protein_toxicity,8,2,27,60,FIGS,114,57,1117,1117,0.6666666666666666,0.6517094017094017,0.6517094017094017,0.2874800229425606,0.24546450562775135,0.0005103945732116699,,,,,
clock_protein_toxicity,8,2,27,60,HSTree,114,57,1117,1117,0.631578947368421,0.5811965811965811,0.6004273504273505,0.16012815380508713,0.03360519092530012,0.00018664635717868805,,,,,
clock_protein_toxicity,8,2,27,60,GreedyRuleList,114,57,1117,1117,0.6491228070175439,0.47435897435897434,0.5925925925925926,-0.12955005512625914,0.016170719638466835,0.00017303694039583206,,,,,
clock_protein_toxicity,8,2,27,60,Dummy,114,57,1117,1117,0.6842105263157895,0.5,0.5,0.0,0.0003157062456011772,0.00019069761037826538,,,,,
clock_protein_toxicity,9,0,28,60,RFR,114,57,1117,1117,0.631578947368421,0.5131578947368421,0.5740997229916897,0.03571428571428571,0.0025741076096892357,0.00022623687982559204,1,1,1.0,1,1.0
clock_protein_toxicity,9,0,28,60,GPR,114,57,1117,1117,0.631578947368421,0.47368421052631576,0.4736842105263158,-0.13483997249264842,0.5420352788642049,0.00013999827206134796,2,7,3.5,8,4.0
clock_protein_toxicity,9,0,28,60,FIGS,114,57,1117,1117,0.543859649122807,0.5,0.5,0.0,0.2837519505992532,0.00041159335523843765,,,,,
clock_protein_toxicity,9,0,28,60,HSTree,114,57,1117,1117,0.5263157894736842,0.47368421052631576,0.4896121883656509,-0.051987524491003634,0.03143550828099251,0.00018407776951789856,,,,,
clock_protein_toxicity,9,0,28,60,GreedyRuleList,114,57,1117,1117,0.6666666666666666,0.5,0.5,0.0,0.012307476252317429,0.0001679183915257454,,,,,
clock_protein_toxicity,9,0,28,60,Dummy,114,57,1117,1117,0.6666666666666666,0.5,0.5,0.0,0.00031711626797914505,0.00019221752882003784,,,,,
clock_protein_toxicity,9,1,29,60,RFR,114,57,1117,1117,0.5263157894736842,0.39473684210526316,0.4349030470914127,-0.2857142857142857,0.002460818737745285,0.0002368967980146408,1,2,2.0,2,2.0
clock_protein_toxicity,9,1,29,60,GPR,114,57,1117,1117,0.6666666666666666,0.5,0.5,0.0,0.5191236976534128,0.00013587810099124908,2,4,2.0,4,2.0
clock_protein_toxicity,9,1,29,60,FIGS,114,57,1117,1117,0.6491228070175439,0.618421052631579,0.6191135734072022,0.23145502494313785,0.3563922168686986,0.0005812821909785271,,,,,
clock_protein_toxicity,9,1,29,60,HSTree,114,57,1117,1117,0.5964912280701754,0.5394736842105263,0.5782548476454294,0.08006407690254357,0.03245600592344999,0.00019202660769224167,,,,,
clock_protein_toxicity,9,1,29,60,GreedyRuleList,114,57,1117,1117,0.6666666666666666,0.5263157894736842,0.5782548476454293,0.09712858623572643,0.01603436004370451,0.00016950815916061401,,,,,
clock_protein_toxicity,9,1,29,60,Dummy,114,57,1117,1117,0.6666666666666666,0.5,0.5,0.0,0.00031315628439188004,0.00019296817481517792,,,,,
clock_protein_toxicity,9,2,30,60,RFR,114,57,1117,1117,0.6140350877192983,0.4786324786324786,0.30056980056980054,-0.057188626358959695,0.002598377875983715,0.0002447664737701416,1,2,2.0,2,2.0
clock_protein_toxicity,9,2,30,60,GPR,114,57,1117,1117,0.631578947368421,0.46153846153846156,0.46153846153846156,-0.16012815380508713,0.5701109049841762,0.00013706833124160767,2,4,2.0,5,2.5
clock_protein_toxicity,9,2,30,60,FIGS,114,57,1117,1117,0.6491228070175439,0.5491452991452992,0.6082621082621084,0.11206852468923151,0.34401752334088087,0.0006627216935157776,,,,,
clock_protein_toxicity,9,2,30,60,HSTree,114,57,1117,1117,0.631578947368421,0.5363247863247863,0.5918803418803419,0.08048289794802525,0.031611086800694466,0.00019181706011295319,,,,,
clock_protein_toxicity,9,2,30,60,GreedyRuleList,114,57,1117,1117,0.6666666666666666,0.48717948717948717,0.586894586894587,-0.09078412990032037,0.012312007136642933,0.00016478821635246277,,,,,
clock_protein_toxicity,9,2,30,60,Dummy,114,57,1117,1117,0.6842105263157895,0.5,0.5,0.0,0.00031072646379470825,0.00019144825637340546,,,,,
clock_protein_toxicity,10,0,31,60,RFR,114,57,1117,1117,0.5789473684210527,0.4342105263157895,0.48337950138504154,-0.21926450482675733,0.002548147924244404,0.00021525751799345016,1,1,1.0,1,1.0
clock_protein_toxicity,10,0,31,60,GPR,114,57,1117,1117,0.5789473684210527,0.4605263157894737,0.4605263157894737,-0.10206207261596577,0.7671517860144377,0.00015115831047296524,4,15,3.75,15,3.75
clock_protein_toxicity,10,0,31,60,FIGS,114,57,1117,1117,0.5087719298245614,0.4473684210526315,0.4508310249307479,-0.10526315789473684,0.4060190552845597,0.0005848733708262444,,,,,
clock_protein_toxicity,10,0,31,60,HSTree,114,57,1117,1117,0.6491228070175439,0.5394736842105263,0.4626038781163435,0.10206207261596577,0.04513241723179817,0.00020506791770458221,,,,,
clock_protein_toxicity,10,0,31,60,GreedyRuleList,114,57,1117,1117,0.5087719298245614,0.4736842105263158,0.48614958448753465,-0.05057217374241736,0.033126646652817726,0.00020747631788253784,,,,,
clock_protein_toxicity,10,0,31,60,Dummy,114,57,1117,1117,0.6666666666666666,0.5,0.5,0.0,0.00030418578535318375,0.0001923181116580963,,,,,
clock_protein_toxicity,10,1,32,60,RFR,114,57,1117,1117,0.6666666666666666,0.5,0.5339335180055402,0.0,0.002555117942392826,0.00023238733410835266,1,2,2.0,2,2.0
clock_protein_toxicity,10,1,32,60,GPR,114,57,1117,1117,0.631578947368421,0.5131578947368421,0.5131578947368421,0.03571428571428571,0.5849240999668837,0.0001351684331893921,2,3,1.5,5,2.5
clock_protein_toxicity,10,1,32,60,FIGS,114,57,1117,1117,0.49122807017543857,0.4473684210526316,0.3912742382271468,-0.10192943828752511,0.33100678212940693,0.0005997419357299805,,,,,
clock_protein_toxicity,10,1,32,60,HSTree,114,57,1117,1117,0.5614035087719298,0.4473684210526316,0.5470914127423823,-0.13046561461068842,0.0320371612906456,0.00019082613289356232,,,,,
clock_protein_toxicity,10,1,32,60,GreedyRuleList,114,57,1117,1117,0.6666666666666666,0.5131578947368421,0.5983379501385041,0.06741998624632421,0.015692193992435932,0.00017162691801786423,,,,,
clock_protein_toxicity,10,1,32,60,Dummy,114,57,1117,1117,0.6666666666666666,0.5,0.5,0.0,0.00030477531254291534,0.00019711628556251526,,,,,
clock_protein_toxicity,10,2,33,60,RFR,114,57,1117,1117,0.6666666666666666,0.5021367521367521,0.5683760683760684,0.008896008544727064,0.0026971371844410896,0.0002317279577255249,2,4,2.0,4,2.0
clock_protein_toxicity,10,2,33,60,GPR,114,57,1117,1117,0.6842105263157895,0.5,0.5,0.0,0.5256825527176261,0.00013380777090787888,2,4,2.0,4,2.0
clock_protein_toxicity,10,2,33,60,FIGS,114,57,1117,1117,0.631578947368421,0.5811965811965811,0.5698005698005698,0.16012815380508713,0.36485748272389174,0.0006141830235719681,,,,,
clock_protein_toxicity,10,2,33,60,HSTree,114,57,1117,1117,0.5789473684210527,0.49786324786324787,0.6054131054131054,-0.004420799098060879,0.03950159903615713,0.0001950785517692566,,,,,
clock_protein_toxicity,10,2,33,60,GreedyRuleList,114,57,1117,1117,0.6666666666666666,0.48717948717948717,0.5968660968660968,-0.09078412990032037,0.011800144799053669,0.00016215723007917404,,,,,
clock_protein_toxicity,10,2,33,60,Dummy,114,57,1117,1117,0.6842105263157895,0.5,0.5,0.0,0.00031040608882904053,0.00019295699894428253,,,,,
clock_protein_toxicity,11,0,34,60,RFR,114,57,1117,1117,0.5964912280701754,0.4605263157894737,0.38919667590027696,-0.1212678125181665,0.002556977793574333,0.0002207467332482338,1,2,2.0,2,2.0
clock_protein_toxicity,11,0,34,60,GPR,114,57,1117,1117,0.6491228070175439,0.5394736842105263,0.5394736842105263,0.10206207261596577,0.5630995109677315,0.00013940874487161636,2,4,2.0,4,2.0
clock_protein_toxicity,11,0,34,60,FIGS,114,57,1117,1117,0.43859649122807015,0.4342105263157895,0.43421052631578944,-0.12407291674636628,0.31342823430895805,0.00045213475823402405,,,,,
clock_protein_toxicity,11,0,34,60,HSTree,114,57,1117,1117,0.47368421052631576,0.4473684210526315,0.4695290858725762,-0.1,0.028296567499637604,0.0001805182546377182,,,,,
clock_protein_toxicity,11,0,34,60,GreedyRuleList,114,57,1117,1117,0.6491228070175439,0.4868421052631579,0.5173130193905817,-0.0944911182523068,0.013314074836671352,0.00016584806144237518,,,,,
clock_protein_toxicity,11,0,34,60,Dummy,114,57,1117,1117,0.6666666666666666,0.5,0.5,0.0,0.0002892967313528061,0.00018960796296596527,,,,,
clock_protein_toxicity,11,1,35,60,RFR,114,57,1117,1117,0.6140350877192983,0.5,0.577562326869806,0.0,0.0025612376630306244,0.00022258702665567398,1,1,1.0,1,1.0
clock_protein_toxicity,11,1,35,60,GPR,114,57,1117,1117,0.631578947368421,0.5131578947368421,0.5131578947368421,0.03571428571428571,0.7198173878714442,0.00014946889132261276,4,10,2.5,11,2.75
clock_protein_toxicity,11,1,35,60,FIGS,114,57,1117,1117,0.5087719298245614,0.4342105263157895,0.4272853185595568,-0.1355815361366601,0.3482300750911236,0.0005781734362244606,,,,,
clock_protein_toxicity,11,1,35,60,HSTree,114,57,1117,1117,0.5263157894736842,0.4605263157894737,0.4542936288088642,-0.08006407690254357,0.040405888110399246,0.000197666697204113,,,,,
clock_protein_toxicity,11,1,35,60,GreedyRuleList,114,57,1117,1117,0.6666666666666666,0.5,0.47368421052631576,0.0,0.018704387359321117,0.00017951801419258118,,,,,
clock_protein_toxicity,11,1,35,60,Dummy,114,57,1117,1117,0.6666666666666666,0.5,0.5,0.0,0.000306006520986557,0.00018961727619171143,,,,,
clock_protein_toxicity,11,2,36,60,RFR,114,57,1117,1117,0.543859649122807,0.4273504273504274,0.2934472934472934,-0.1656665147579944,0.0024856887757778168,0.00022067688405513763,2,3,1.5,3,1.5
clock_protein_toxicity,11,2,36,60,GPR,114,57,1117,1117,0.6491228070175439,0.5042735042735043,0.5042735042735043,0.012945593956343622,0.4605135712772608,0.00013609882444143295,1,1,1.0,2,2.0
clock_protein_toxicity,11,2,36,60,FIGS,114,57,1117,1117,0.47368421052631576,0.42094017094017094,0.4116809116809116,-0.15097639813518135,0.34113557543605566,0.000628921203315258,,,,,
clock_protein_toxicity,11,2,36,60,HSTree,114,57,1117,1117,0.47368421052631576,0.4358974358974359,0.4408831908831909,-0.12070113739631688,0.029191668145358562,0.0001899581402540207,,,,,
clock_protein_toxicity,11,2,36,60,GreedyRuleList,114,57,1117,1117,0.5087719298245614,0.4465811965811966,0.4658119658119658,-0.10405832897051455,0.01936728972941637,0.00018046796321868896,,,,,
clock_protein_toxicity,11,2,36,60,Dummy,114,57,1117,1117,0.6842105263157895,0.5,0.5,0.0,0.000308256596326828,0.00019141845405101776,,,,,
clock_protein_toxicity,12,0,37,60,RFR,114,57,1117,1117,0.5964912280701754,0.47368421052631576,0.5277008310249307,-0.07142857142857142,0.002630988135933876,0.00023983698338270187,1,1,1.0,1,1.0
clock_protein_toxicity,12,0,37,60,GPR,114,57,1117,1117,0.6491228070175439,0.4868421052631579,0.4868421052631579,-0.0944911182523068,0.5583551404997706,0.00013370811939239502,2,4,2.0,4,2.0
clock_protein_toxicity,12,0,37,60,FIGS,114,57,1117,1117,0.6140350877192983,0.5394736842105263,0.5394736842105263,0.08451542547285165,0.2794472221285105,0.0004943544045090675,,,,,
clock_protein_toxicity,12,0,37,60,HSTree,114,57,1117,1117,0.543859649122807,0.5,0.5152354570637119,0.0,0.029000679962337017,0.00018940679728984833,,,,,
clock_protein_toxicity,12,0,37,60,GreedyRuleList,114,57,1117,1117,0.6491228070175439,0.4868421052631579,0.5166204986149585,-0.0944911182523068,0.016175979748368263,0.00016939733177423477,,,,,
clock_protein_toxicity,12,0,37,60,Dummy,114,57,1117,1117,0.6666666666666666,0.5,0.5,0.0,0.00030004605650901794,0.00018733832985162735,,,,,
clock_protein_toxicity,12,1,38,60,RFR,114,57,1117,1117,0.6666666666666666,0.5,0.4958448753462603,0.0,0.0026250071823596954,0.00022779777646064758,1,2,2.0,2,2.0
clock_protein_toxicity,12,1,38,60,GPR,114,57,1117,1117,0.6666666666666666,0.5131578947368421,0.5131578947368421,0.06741998624632421,0.5599655648693442,0.00014038756489753723,2,7,3.5,8,4.0
clock_protein_toxicity,12,1,38,60,FIGS,114,57,1117,1117,0.5789473684210527,0.5263157894736842,0.6024930747922438,0.05263157894736842,0.3498235624283552,0.0005732234567403793,,,,,
clock_protein_toxicity,12,1,38,60,HSTree,114,57,1117,1117,0.6140350877192983,0.5263157894736842,0.6156509695290859,0.059131239598908265,0.03016823623329401,0.00018544774502515793,,,,,
clock_protein_toxicity,12,1,38,60,GreedyRuleList,114,57,1117,1117,0.6842105263157895,0.5263157894736842,0.6592797783933517,0.1889822365046136,0.011836382560431957,0.0001622382551431656,,,,,
clock_protein_toxicity,12,1,38,60,Dummy,114,57,1117,1117,0.6666666666666666,0.5,0.5,0.0,0.0003103455528616905,0.00019357725977897644,,,,,
clock_protein_toxicity,12,2,39,60,RFR,114,57,1117,1117,0.6666666666666666,0.48717948717948717,0.5683760683760682,-0.09078412990032037,0.002682376652956009,0.0002222871407866478,1,2,2.0,2,2.0
clock_protein_toxicity,12,2,39,60,GPR,114,57,1117,1117,0.6491228070175439,0.47435897435897434,0.47435897435897434,-0.12955005512625914,0.7765872739255428,0.00014795828610658646,4,19,4.75,19,4.75
clock_protein_toxicity,12,2,39,60,FIGS,114,57,1117,1117,0.543859649122807,0.5470085470085471,0.5698005698005698,0.08741729522155481,0.3875371776521206,0.0006174026057124138,,,,,
clock_protein_toxicity,12,2,39,60,HSTree,114,57,1117,1117,0.6491228070175439,0.5790598290598291,0.6424501424501424,0.16356956662825253,0.036678604781627655,0.00018837861716747284,,,,,
clock_protein_toxicity,12,2,39,60,GreedyRuleList,114,57,1117,1117,0.6666666666666666,0.5021367521367521,0.5947293447293448,0.008896008544727064,0.022563910111784935,0.00018057692795991898,,,,,
clock_protein_toxicity,12,2,39,60,Dummy,114,57,1117,1117,0.6842105263157895,0.5,0.5,0.0,0.0002991463989019394,0.00018862728029489517,,,,,
clock_protein_toxicity,13,0,40,60,RFR,114,57,1117,1117,0.6666666666666666,0.5,0.5145429362880886,0.0,0.0025944365188479424,0.00024005770683288574,1,2,2.0,2,2.0
clock_protein_toxicity,13,0,40,60,GPR,114,57,1117,1117,0.6140350877192983,0.5,0.5,0.0,0.5203669024631381,0.00013685878366231918,2,5,2.5,6,3.0
clock_protein_toxicity,13,0,40,60,FIGS,114,57,1117,1117,0.5263157894736842,0.5131578947368421,0.513157894736842,0.024906774069335898,0.30622365698218346,0.0004504946991801262,,,,,
clock_protein_toxicity,13,0,40,60,HSTree,114,57,1117,1117,0.49122807017543857,0.4605263157894737,0.5110803324099723,-0.07537783614444091,0.03152024932205677,0.00019293837249279022,,,,,
clock_protein_toxicity,13,0,40,60,GreedyRuleList,114,57,1117,1117,0.6491228070175439,0.513157894736842,0.5581717451523546,0.043852900965351466,0.015880153514444828,0.00017644837498664856,,,,,
clock_protein_toxicity,13,0,40,60,Dummy,114,57,1117,1117,0.6666666666666666,0.5,0.5,0.0,0.00030315667390823364,0.00019012857228517532,,,,,
clock_protein_toxicity,13,1,41,60,RFR,114,57,1117,1117,0.5789473684210527,0.4736842105263158,0.4501385041551247,-0.06286946134619315,0.002520417794585228,0.00022302847355604172,1,2,2.0,2,2.0
clock_protein_toxicity,13,1,41,60,GPR,114,57,1117,1117,0.631578947368421,0.5131578947368421,0.5131578947368421,0.03571428571428571,0.764880190603435,0.00014260783791542053,4,8,2.0,9,2.25
clock_protein_toxicity,13,1,41,60,FIGS,114,57,1117,1117,0.49122807017543857,0.4342105263157895,0.399584487534626,-0.12996881122750908,0.3430444449186325,0.0005917726084589958,,,,,
clock_protein_toxicity,13,1,41,60,HSTree,114,57,1117,1117,0.5789473684210527,0.5,0.5443213296398892,0.0,0.03340482525527477,0.00018645823001861572,,,,,
clock_protein_toxicity,13,1,41,60,GreedyRuleList,114,57,1117,1117,0.7017543859649122,0.5526315789473684,0.6329639889196677,0.26967994498529685,0.02022567018866539,0.00017763860523700714,,,,,
clock_protein_toxicity,13,1,41,60,Dummy,114,57,1117,1117,0.6666666666666666,0.5,0.5,0.0,0.0002864161506295204,0.0001964271068572998,,,,,
clock_protein_toxicity,13,2,42,60,RFR,114,57,1117,1117,0.631578947368421,0.5213675213675213,0.5284900284900285,0.050335853880430985,0.0024449294432997704,0.0002180570736527443,2,4,2.0,4,2.0
clock_protein_toxicity,13,2,42,60,GPR,114,57,1117,1117,0.631578947368421,0.4764957264957265,0.4764957264957265,-0.07724292477636958,0.5845792666077614,0.00013740826398134232,2,5,2.5,7,3.5
clock_protein_toxicity,13,2,42,60,FIGS,114,57,1117,1117,0.5614035087719298,0.5,0.49074074074074076,0.0,0.31509324349462986,0.00044873449951410294,,,,,
clock_protein_toxicity,13,2,42,60,HSTree,114,57,1117,1117,0.49122807017543857,0.4188034188034188,0.42806267806267806,-0.16012815380508713,0.04824832268059254,0.00019967835396528244,,,,,
clock_protein_toxicity,13,2,42,60,GreedyRuleList,114,57,1117,1117,0.6842105263157895,0.5,0.594017094017094,0.0,0.012000741437077522,0.00016007758677005768,,,,,
clock_protein_toxicity,13,2,42,60,Dummy,114,57,1117,1117,0.6842105263157895,0.5,0.5,0.0,0.0003021964803338051,0.00019200704991817474,,,,,
clock_protein_toxicity,14,0,43,60,RFR,114,57,1117,1117,0.6666666666666666,0.5,0.5831024930747922,0.0,0.0024564284831285477,0.00020682811737060547,1,2,2.0,2,2.0
clock_protein_toxicity,14,0,43,60,GPR,114,57,1117,1117,0.631578947368421,0.48684210526315785,0.48684210526315785,-0.048564293117863214,0.5211073774844408,0.00013845786452293396,2,3,1.5,3,1.5
clock_protein_toxicity,14,0,43,60,FIGS,114,57,1117,1117,0.5263157894736842,0.4605263157894737,0.46398891966759004,-0.08006407690254357,0.35384670458734035,0.000514754094183445,,,,,
clock_protein_toxicity,14,0,43,60,HSTree,114,57,1117,1117,0.5614035087719298,0.48684210526315785,0.556786703601108,-0.027607881518711637,0.03849195409566164,0.00018833763897418976,,,,,
clock_protein_toxicity,14,0,43,60,GreedyRuleList,114,57,1117,1117,0.631578947368421,0.48684210526315785,0.5159279778393352,-0.048564293117863214,0.020059562288224697,0.0001825280487537384,,,,,
clock_protein_toxicity,14,0,43,60,Dummy,114,57,1117,1117,0.6666666666666666,0.5,0.5,0.0,0.00030762702226638794,0.00019102729856967926,,,,,
clock_protein_toxicity,14,1,44,60,RFR,114,57,1117,1117,0.6842105263157895,0.5263157894736842,0.48614958448753465,0.1889822365046136,0.0026599476113915443,0.0002441871911287308,1,2,2.0,2,2.0
clock_protein_toxicity,14,1,44,60,GPR,114,57,1117,1117,0.6666666666666666,0.5,0.5,0.0,0.5637576831504703,0.00013537798076868057,2,3,1.5,3,1.5
clock_protein_toxicity,14,1,44,60,FIGS,114,57,1117,1117,0.49122807017543857,0.4342105263157895,0.43005540166204986,-0.12996881122750908,0.35275276098400354,0.000595923513174057,,,,,
clock_protein_toxicity,14,1,44,60,HSTree,114,57,1117,1117,0.5614035087719298,0.5263157894736842,0.5685595567867036,0.050964719143762556,0.03657976724207401,0.00018747802823781967,,,,,
clock_protein_toxicity,14,1,44,60,GreedyRuleList,114,57,1117,1117,0.631578947368421,0.48684210526315785,0.5761772853185595,-0.048564293117863214,0.015641367062926292,0.0001711975783109665,,,,,
clock_protein_toxicity,14,1,44,60,Dummy,114,57,1117,1117,0.6666666666666666,0.5,0.5,0.0,0.00030746590346097946,0.00018844753503799438,,,,,
clock_protein_toxicity,14,2,45,60,RFR,114,57,1117,1117,0.631578947368421,0.46153846153846156,0.4672364672364672,-0.16012815380508713,0.0023889001458883286,0.0002145068719983101,1,2,2.0,2,2.0
clock_protein_toxicity,14,2,45,60,GPR,114,57,1117,1117,0.6666666666666666,0.48717948717948717,0.48717948717948717,-0.09078412990032037,0.5400423286482692,0.00013652723282575607,2,4,2.0,4,2.0
clock_protein_toxicity,14,2,45,60,FIGS,114,57,1117,1117,0.47368421052631576,0.391025641025641,0.41025641025641024,-0.21794871794871795,0.36425705160945654,0.0005946429446339607,,,,,
clock_protein_toxicity,14,2,45,60,HSTree,114,57,1117,1117,0.5964912280701754,0.5405982905982906,0.551994301994302,0.08006407690254357,0.03330368921160698,0.0001891469582915306,,,,,
clock_protein_toxicity,14,2,45,60,GreedyRuleList,114,57,1117,1117,0.543859649122807,0.4123931623931624,0.5149572649572649,-0.21413498452721932,0.016705594025552273,0.00017541740089654922,,,,,
clock_protein_toxicity,14,2,45,60,Dummy,114,57,1117,1117,0.6842105263157895,0.5,0.5,0.0,0.0003016861155629158,0.00019898824393749237,,,,,
clock_protein_toxicity,15,0,46,60,RFR,114,57,1117,1117,0.6666666666666666,0.5,0.5180055401662049,0.0,0.002626826986670494,0.00023436732590198517,1,2,2.0,2,2.0
clock_protein_toxicity,15,0,46,60,GPR,114,57,1117,1117,0.6666666666666666,0.5263157894736842,0.5263157894736842,0.09712858623572643,0.5507491612806916,0.0001368178054690361,2,4,2.0,4,2.0
clock_protein_toxicity,15,0,46,60,FIGS,114,57,1117,1117,0.47368421052631576,0.4605263157894737,0.46745152354570635,-0.07453559924999299,0.3553133951500058,0.0006003426387906075,,,,,
clock_protein_toxicity,15,0,46,60,HSTree,114,57,1117,1117,0.5789473684210527,0.5657894736842105,0.5941828254847645,0.125,0.032345110550522804,0.00018880795687437057,,,,,
clock_protein_toxicity,15,0,46,60,GreedyRuleList,114,57,1117,1117,0.7017543859649122,0.5526315789473684,0.6267313019390581,0.26967994498529685,0.015667086467146873,0.00016383826732635498,,,,,
clock_protein_toxicity,15,0,46,60,Dummy,114,57,1117,1117,0.6666666666666666,0.5,0.5,0.0,0.000303155742585659,0.0002001868560910225,,,,,
clock_protein_toxicity,15,1,47,60,RFR,114,57,1117,1117,0.631578947368421,0.48684210526315785,0.4972299168975069,-0.048564293117863214,0.002459390088915825,0.0002051880583167076,1,2,2.0,2,2.0
clock_protein_toxicity,15,1,47,60,GPR,114,57,1117,1117,0.6491228070175439,0.4868421052631579,0.4868421052631579,-0.0944911182523068,0.5734553039073944,0.00013766903430223465,2,4,2.0,4,2.0
clock_protein_toxicity,15,1,47,60,FIGS,114,57,1117,1117,0.543859649122807,0.4868421052631579,0.48684210526315796,-0.02631578947368421,0.3323858603835106,0.00044985488057136536,,,,,
clock_protein_toxicity,15,1,47,60,HSTree,114,57,1117,1117,0.5263157894736842,0.48684210526315785,0.5131578947368421,-0.025482359571881278,0.03252073749899864,0.00019268784672021866,,,,,
clock_protein_toxicity,15,1,47,60,GreedyRuleList,114,57,1117,1117,0.631578947368421,0.47368421052631576,0.5699445983379501,-0.13483997249264842,0.011955352500081062,0.00016384758055210114,,,,,
clock_protein_toxicity,15,1,47,60,Dummy,114,57,1117,1117,0.6666666666666666,0.5,0.5,0.0,0.00029954593628644943,0.00019164755940437317,,,,,
clock_protein_toxicity,15,2,48,60,RFR,114,57,1117,1117,0.5964912280701754,0.45085470085470086,0.4415954415954416,-0.13920233251382455,0.0024201199412345886,0.00022825691848993301,1,2,2.0,2,2.0
clock_protein_toxicity,15,2,48,60,GPR,114,57,1117,1117,0.5789473684210527,0.43803418803418803,0.43803418803418803,-0.16584701644098312,0.7566363299265504,0.00015097856521606445,4,16,4.0,16,4.0
clock_protein_toxicity,15,2,48,60,FIGS,114,57,1117,1117,0.543859649122807,0.5021367521367521,0.5106837606837606,0.00408044319284274,0.33522607758641243,0.0005350131541490555,,,,,
clock_protein_toxicity,15,2,48,60,HSTree,114,57,1117,1117,0.45614035087719296,0.43803418803418803,0.4793447293447294,-0.1153740630396864,0.03382489271461964,0.00018549803644418716,,,,,
clock_protein_toxicity,15,2,48,60,GreedyRuleList,114,57,1117,1117,0.631578947368421,0.46153846153846156,0.46153846153846156,-0.16012815380508713,0.012388546951115131,0.00016608834266662598,,,,,
clock_protein_toxicity,15,2,48,60,Dummy,114,57,1117,1117,0.6842105263157895,0.5,0.5,0.0,0.0003104358911514282,0.00019263848662376404,,,,,
clock_protein_toxicity,16,0,49,60,RFR,114,57,1117,1117,0.6491228070175439,0.4868421052631579,0.5263157894736842,-0.0944911182523068,0.0025104396045207977,0.00021693669259548187,2,3,1.5,3,1.5
clock_protein_toxicity,16,0,49,60,GPR,114,57,1117,1117,0.5789473684210527,0.4605263157894737,0.4605263157894737,-0.10206207261596577,0.5178067591041327,0.00013566762208938599,2,3,1.5,3,1.5
clock_protein_toxicity,16,0,49,60,FIGS,114,57,1117,1117,0.47368421052631576,0.42105263157894735,0.4501385041551246,-0.1543033499620919,0.3515891684219241,0.0006087217479944229,,,,,
clock_protein_toxicity,16,0,49,60,HSTree,114,57,1117,1117,0.5087719298245614,0.4605263157894737,0.47229916897506924,-0.07715167498104596,0.03878340311348438,0.00019611697643995285,,,,,
clock_protein_toxicity,16,0,49,60,GreedyRuleList,114,57,1117,1117,0.5789473684210527,0.4342105263157895,0.4584487534626039,-0.21926450482675733,0.01937808096408844,0.00018576811999082565,,,,,
clock_protein_toxicity,16,0,49,60,Dummy,114,57,1117,1117,0.6666666666666666,0.5,0.5,0.0,0.0002903668209910393,0.00018878839910030365,,,,,
clock_protein_toxicity,16,1,50,60,RFR,114,57,1117,1117,0.5964912280701754,0.48684210526315785,0.4556786703601108,-0.032616403652672106,0.002566928043961525,0.00023777689784765244,1,2,2.0,2,2.0
clock_protein_toxicity,16,1,50,60,GPR,114,57,1117,1117,0.6666666666666666,0.5526315789473684,0.5526315789473685,0.14285714285714285,0.7460536509752274,0.00014817900955677032,4,14,3.5,14,3.5
clock_protein_toxicity,16,1,50,60,FIGS,114,57,1117,1117,0.5263157894736842,0.42105263157894735,0.42105263157894735,-0.18257418583505539,0.28663833998143673,0.0004595639184117317,,,,,
clock_protein_toxicity,16,1,50,60,HSTree,114,57,1117,1117,0.5263157894736842,0.4342105263157895,0.5180055401662049,-0.14409760442605873,0.030646702274680138,0.0001892484724521637,,,,,
clock_protein_toxicity,16,1,50,60,GreedyRuleList,114,57,1117,1117,0.6491228070175439,0.4868421052631579,0.5443213296398892,-0.0944911182523068,0.017078599892556667,0.00018127728253602982,,,,,
clock_protein_toxicity,16,1,50,60,Dummy,114,57,1117,1117,0.6666666666666666,0.5,0.5,0.0,0.0002935761585831642,0.00019239727407693863,,,,,
clock_protein_toxicity,16,2,51,60,RFR,114,57,1117,1117,0.6140350877192983,0.49358974358974356,0.5598290598290597,-0.01566841350199166,0.002498948946595192,0.00020691659301519394,2,4,2.0,4,2.0
clock_protein_toxicity,16,2,51,60,GPR,114,57,1117,1117,0.6666666666666666,0.48717948717948717,0.48717948717948717,-0.09078412990032037,0.7629283396527171,0.00017233751714229584,4,12,3.0,13,3.25
clock_protein_toxicity,16,2,51,60,FIGS,114,57,1117,1117,0.543859649122807,0.45726495726495725,0.46438746438746437,-0.08841598196121758,0.37913983408361673,0.0005784528329968452,,,,,
clock_protein_toxicity,16,2,51,60,HSTree,114,57,1117,1117,0.47368421052631576,0.405982905982906,0.43732193732193736,-0.1831426589881056,0.034774561412632465,0.0001944778487086296,,,,,
clock_protein_toxicity,16,2,51,60,GreedyRuleList,114,57,1117,1117,0.7368421052631579,0.5833333333333334,0.6666666666666667,0.3469443332443555,0.018297084607183933,0.00017531774938106537,,,,,
clock_protein_toxicity,16,2,51,60,Dummy,114,57,1117,1117,0.6842105263157895,0.5,0.5,0.0,0.00029780715703964233,0.00019334722310304642,,,,,
clock_protein_toxicity,17,0,52,60,RFR,114,57,1117,1117,0.5964912280701754,0.4605263157894737,0.5415512465373962,-0.1212678125181665,0.0024813292548060417,0.00021987687796354294,1,1,1.0,1,1.0
clock_protein_toxicity,17,0,52,60,GPR,114,57,1117,1117,0.6140350877192983,0.4605263157894737,0.4605263157894737,-0.16666666666666666,0.7957990607246757,0.00015617813915014267,4,13,3.25,14,3.5
clock_protein_toxicity,17,0,52,60,FIGS,114,57,1117,1117,0.5964912280701754,0.5526315789473684,0.5477839335180055,0.10397504898200727,0.36667659133672714,0.0006048427894711494,,,,,
clock_protein_toxicity,17,0,52,60,HSTree,114,57,1117,1117,0.6842105263157895,0.6710526315789473,0.5844875346260388,0.32871912932571284,0.03353265766054392,0.00019306782633066177,,,,,
clock_protein_toxicity,17,0,52,60,GreedyRuleList,114,57,1117,1117,0.631578947368421,0.47368421052631576,0.4556786703601108,-0.13483997249264842,0.012411116622388363,0.00016401801258325577,,,,,
clock_protein_toxicity,17,0,52,60,Dummy,114,57,1117,1117,0.6666666666666666,0.5,0.5,0.0,0.00031045638024806976,0.00019090715795755386,,,,,
clock_protein_toxicity,17,1,53,60,RFR,114,57,1117,1117,0.6140350877192983,0.4868421052631579,0.5976454293628808,-0.03779644730092272,0.0024702902883291245,0.0002215169370174408,1,2,2.0,2,2.0
clock_protein_toxicity,17,1,53,60,GPR,114,57,1117,1117,0.631578947368421,0.48684210526315785,0.48684210526315785,-0.048564293117863214,0.5534506058320403,0.00014862790703773499,2,3,1.5,3,1.5
clock_protein_toxicity,17,1,53,60,FIGS,114,57,1117,1117,0.5964912280701754,0.5,0.510387811634349,0.0,0.3573872782289982,0.0004290454089641571,,,,,
clock_protein_toxicity,17,1,53,60,HSTree,114,57,1117,1117,0.6842105263157895,0.6052631578947368,0.5865650969529086,0.23652495839563306,0.032434151507914066,0.0001796763390302658,,,,,
clock_protein_toxicity,17,1,53,60,GreedyRuleList,114,57,1117,1117,0.6491228070175439,0.4868421052631579,0.5290858725761773,-0.0944911182523068,0.011980142444372177,0.00016058795154094696,,,,,
clock_protein_toxicity,17,1,53,60,Dummy,114,57,1117,1117,0.6666666666666666,0.5,0.5,0.0,0.00030838698148727417,0.00019333697855472565,,,,,
clock_protein_toxicity,17,2,54,60,RFR,114,57,1117,1117,0.6842105263157895,0.5149572649572649,0.5156695156695157,0.07557086549031783,0.002486439421772957,0.0002195369452238083,1,2,2.0,2,2.0
clock_protein_toxicity,17,2,54,60,GPR,114,57,1117,1117,0.6666666666666666,0.48717948717948717,0.48717948717948717,-0.09078412990032037,0.5391889652237296,0.00013306830078363419,2,3,1.5,3,1.5
clock_protein_toxicity,17,2,54,60,FIGS,114,57,1117,1117,0.5614035087719298,0.5,0.4494301994301994,0.0,0.37626452650874853,0.0006165029481053352,,,,,
clock_protein_toxicity,17,2,54,60,HSTree,114,57,1117,1117,0.5087719298245614,0.47649572649572647,0.4878917378917379,-0.04425708371198286,0.035776011645793915,0.00018463749438524246,,,,,
clock_protein_toxicity,17,2,54,60,GreedyRuleList,114,57,1117,1117,0.47368421052631576,0.405982905982906,0.462962962962963,-0.1831426589881056,0.02648900356143713,0.00018355809152126312,,,,,
clock_protein_toxicity,17,2,54,60,Dummy,114,57,1117,1117,0.6842105263157895,0.5,0.5,0.0,0.0003033960238099098,0.00019738636910915375,,,,,
clock_protein_toxicity,18,0,55,60,RFR,114,57,1117,1117,0.5964912280701754,0.4605263157894737,0.45290858725761773,-0.1212678125181665,0.002352491021156311,0.0002043265849351883,1,2,2.0,2,2.0
clock_protein_toxicity,18,0,55,60,GPR,114,57,1117,1117,0.6666666666666666,0.5,0.5,0.0,0.5506204087287188,0.00013113953173160553,2,3,1.5,3,1.5
clock_protein_toxicity,18,0,55,60,FIGS,114,57,1117,1117,0.5964912280701754,0.5263157894736842,0.47714681440443213,0.055215763037423274,0.4019295237958431,0.0006642714142799377,,,,,
clock_protein_toxicity,18,0,55,60,HSTree,114,57,1117,1117,0.6140350877192983,0.5526315789473684,0.5630193905817175,0.10846522890932808,0.035161297768354416,0.0001910664141178131,,,,,
clock_protein_toxicity,18,0,55,60,GreedyRuleList,114,57,1117,1117,0.6666666666666666,0.5,0.5789473684210527,0.0,0.012048201635479927,0.0001612575724720955,,,,,
clock_protein_toxicity,18,0,55,60,Dummy,114,57,1117,1117,0.6666666666666666,0.5,0.5,0.0,0.00030314642935991287,0.00019013788551092148,,,,,
clock_protein_toxicity,18,1,56,60,RFR,114,57,1117,1117,0.5964912280701754,0.48684210526315785,0.44182825484764543,-0.032616403652672106,0.0024983687326312065,0.00023081712424755096,2,4,2.0,4,2.0
clock_protein_toxicity,18,1,56,60,GPR,114,57,1117,1117,0.6491228070175439,0.5,0.5,0.0,0.5277653923258185,0.0001554284244775772,2,5,2.5,5,2.5
clock_protein_toxicity,18,1,56,60,FIGS,114,57,1117,1117,0.47368421052631576,0.40789473684210525,0.5124653739612188,-0.18421052631578946,0.3590374644845724,0.000613371841609478,,,,,
clock_protein_toxicity,18,1,56,60,HSTree,114,57,1117,1117,0.5263157894736842,0.47368421052631576,0.48337950138504154,-0.051987524491003634,0.032336823642253876,0.00018298812210559845,,,,,
clock_protein_toxicity,18,1,56,60,GreedyRuleList,114,57,1117,1117,0.631578947368421,0.47368421052631576,0.5450138504155124,-0.13483997249264842,0.015134533867239952,0.00017123855650424957,,,,,
clock_protein_toxicity,18,1,56,60,Dummy,114,57,1117,1117,0.6666666666666666,0.5,0.5,0.0,0.00030034594237804413,0.00018869806081056595,,,,,
clock_protein_toxicity,18,2,57,60,RFR,114,57,1117,1117,0.6140350877192983,0.44871794871794873,0.3205128205128205,-0.18663625434750084,0.0025205696001648903,0.00021664705127477646,1,2,2.0,2,2.0
clock_protein_toxicity,18,2,57,60,GPR,114,57,1117,1117,0.6491228070175439,0.48931623931623935,0.48931623931623935,-0.03888255298906267,0.5505679165944457,0.00014649797230958939,2,4,2.0,5,2.5
clock_protein_toxicity,18,2,57,60,FIGS,114,57,1117,1117,0.543859649122807,0.532051282051282,0.5676638176638176,0.059824136234447614,0.39875653013587,0.0006438326090574265,,,,,
clock_protein_toxicity,18,2,57,60,HSTree,114,57,1117,1117,0.543859649122807,0.517094017094017,0.5676638176638177,0.03218696997235117,0.030549735762178898,0.0001872684806585312,,,,,
clock_protein_toxicity,18,2,57,60,GreedyRuleList,114,57,1117,1117,0.6491228070175439,0.5042735042735043,0.5933048433048433,0.012945593956343622,0.01645726803690195,0.0001663481816649437,,,,,
clock_protein_toxicity,18,2,57,60,Dummy,114,57,1117,1117,0.6842105263157895,0.5,0.5,0.0,0.0002989973872900009,0.00019056722521781921,,,,,
clock_protein_toxicity,19,0,58,60,RFR,114,57,1117,1117,0.6491228070175439,0.4868421052631579,0.5277008310249307,-0.0944911182523068,0.0025684991851449013,0.00023387838155031204,1,2,2.0,2,2.0
clock_protein_toxicity,19,0,58,60,GPR,114,57,1117,1117,0.7017543859649122,0.5526315789473684,0.5526315789473684,0.26967994498529685,0.5498383790254593,0.0001383880153298378,2,4,2.0,4,2.0
clock_protein_toxicity,19,0,58,60,FIGS,114,57,1117,1117,0.6491228070175439,0.5921052631578947,0.5921052631578947,0.18981415059132414,0.268299350515008,0.0005112839862704277,,,,,
clock_protein_toxicity,19,0,58,60,HSTree,114,57,1117,1117,0.6140350877192983,0.5394736842105263,0.5401662049861495,0.08451542547285165,0.033636147156357765,0.0001852475106716156,,,,,
clock_protein_toxicity,19,0,58,60,GreedyRuleList,114,57,1117,1117,0.6842105263157895,0.5263157894736842,0.5581717451523546,0.1889822365046136,0.012328908778727055,0.0001650480553507805,,,,,
clock_protein_toxicity,19,0,58,60,Dummy,114,57,1117,1117,0.6666666666666666,0.5,0.5,0.0,0.0002871565520763397,0.00019056815654039383,,,,,
clock_protein_toxicity,19,1,59,60,RFR,114,57,1117,1117,0.631578947368421,0.48684210526315785,0.445983379501385,-0.048564293117863214,0.002461180090904236,0.00022019725292921066,1,2,2.0,2,2.0
clock_protein_toxicity,19,1,59,60,GPR,114,57,1117,1117,0.6666666666666666,0.5,0.5,0.0,0.5691933445632458,0.00013496819883584976,2,3,1.5,3,1.5
clock_protein_toxicity,19,1,59,60,FIGS,114,57,1117,1117,0.5614035087719298,0.4605263157894737,0.46052631578947373,-0.09128709291752769,0.29494732711464167,0.0004779454320669174,,,,,
clock_protein_toxicity,19,1,59,60,HSTree,114,57,1117,1117,0.5614035087719298,0.47368421052631576,0.4515235457063712,-0.0576390417704235,0.030156470835208893,0.0001855175942182541,,,,,
clock_protein_toxicity,19,1,59,60,GreedyRuleList,114,57,1117,1117,0.6491228070175439,0.5,0.4376731301939058,0.0,0.011727976612746716,0.0001633875072002411,,,,,
clock_protein_toxicity,19,1,59,60,Dummy,114,57,1117,1117,0.6666666666666666,0.5,0.5,0.0,0.0003029061481356621,0.00019974727183580399,,,,,
clock_protein_toxicity,19,2,60,60,RFR,114,57,1117,1117,0.6666666666666666,0.48717948717948717,0.4544159544159545,-0.09078412990032037,0.0024910690262913704,0.0002190675586462021,1,2,2.0,2,2.0
clock_protein_toxicity,19,2,60,60,GPR,114,57,1117,1117,0.6491228070175439,0.48931623931623935,0.48931623931623935,-0.03888255298906267,0.5359320072457194,0.0001427680253982544,2,3,1.5,4,2.0
clock_protein_toxicity,19,2,60,60,FIGS,114,57,1117,1117,0.5614035087719298,0.5299145299145299,0.5227920227920227,0.056686201706983776,0.3122809864580631,0.0005033640190958977,,,,,
clock_protein_toxicity,19,2,60,60,HSTree,114,57,1117,1117,0.5263157894736842,0.48931623931623935,0.5071225071225072,-0.02024507203820849,0.035108789801597595,0.00019049830734729767,,,,,
clock_protein_toxicity,19,2,60,60,GreedyRuleList,114,57,1117,1117,0.6842105263157895,0.5,0.5598290598290598,0.0,0.01234108954668045,0.00016276724636554718,,,,,
clock_protein_toxicity,19,2,60,60,Dummy,114,57,1117,1117,0.6842105263157895,0.5,0.5,0.0,0.00029435567557811737,0.00019401777535676956,,,,,
credit_card_clients_default,0,0,1,9,RFR,20000,10000,23,33,0.7988,0.6562291316635878,0.680100767072447,0.35629441358138875,0.030994020402431488,0.0007813014090061188,2,3,1.5,3,1.5
credit_card_clients_default,0,0,1,9,GPR,20000,10000,23,33,0.8159,0.6367819318634594,0.6367819318634594,0.374356260468343,1.3941032271832228,0.0010435469448566437,2,4,2.0,5,2.5
credit_card_clients_default,0,0,1,9,FIGS,20000,10000,23,33,0.8169,0.6422790986457582,0.7640953857699191,0.381301302769186,1.1422945549711585,0.022752882912755013,,,,,
credit_card_clients_default,0,0,1,9,HSTree,20000,10000,23,33,0.8157,0.6554267891159116,0.7649430349561759,0.3889268968117634,0.16947715636342764,0.0024853097274899483,,,,,
credit_card_clients_default,0,0,1,9,GreedyRuleList,20000,10000,23,33,0.8166,0.63787869500163,0.7486836404316559,0.3771950455475854,0.11659356392920017,0.013154009357094765,,,,,
credit_card_clients_default,0,0,1,9,Dummy,20000,10000,23,33,0.7788,0.5,0.5,0.0,0.0026548970490694046,0.00019588693976402283,,,,,
credit_card_clients_default,0,1,2,9,RFR,20000,10000,23,33,0.8013,0.6626893184767031,0.6863530251483481,0.36772911649566825,0.02259073406457901,0.0007713008671998978,2,3,1.5,3,1.5
credit_card_clients_default,0,1,2,9,GPR,20000,10000,23,33,0.8216,0.6618040830656149,0.6618040830656149,0.4086668220531209,1.7227306086570024,0.0011235568672418594,4,6,1.5,7,1.75
credit_card_clients_default,0,1,2,9,FIGS,20000,10000,23,33,0.8214,0.660057295918699,0.7681590516684916,0.40682352734751354,1.228336412459612,0.026032322086393833,,,,,
credit_card_clients_default,0,1,2,9,HSTree,20000,10000,23,33,0.821,0.6583439445486217,0.7614155895238282,0.4044874290756152,0.17308527510613203,0.0024809297174215317,,,,,
credit_card_clients_default,0,1,2,9,GreedyRuleList,20000,10000,23,33,0.8227,0.6484303528124596,0.7508511030555657,0.40243951326790345,0.11046840995550156,0.012681995518505573,,,,,
credit_card_clients_default,0,1,2,9,Dummy,20000,10000,23,33,0.7788,0.5,0.5,0.0,0.0026689469814300537,0.00020112749189138412,,,,,
credit_card_clients_default,0,2,3,9,RFR,20000,10000,23,33,0.8049,0.6690465277410139,0.6958015345164026,0.38076250947489365,0.02243032678961754,0.0007932102307677269,2,3,1.5,3,1.5
credit_card_clients_default,0,2,3,9,GPR,20000,10000,23,33,0.7807,0.507531524829315,0.507531524829315,0.08163518811782199,1.2336945561692119,0.0006289416924118996,1,1,1.0,1,1.0
credit_card_clients_default,0,2,3,9,FIGS,20000,10000,23,33,0.8211,0.6480504852367114,0.7694094394306259,0.39741954027607185,1.2107225423678756,0.02406835649162531,,,,,
credit_card_clients_default,0,2,3,9,HSTree,20000,10000,23,33,0.8198,0.6410660068673371,0.7690885198260224,0.3889551142362593,0.1759603824466467,0.0024709999561309814,,,,,
credit_card_clients_default,0,2,3,9,GreedyRuleList,20000,10000,23,33,0.8195,0.6445956871562966,0.7547605057997142,0.39040175279508793,0.11814858764410019,0.013261198066174984,,,,,
credit_card_clients_default,0,2,3,9,Dummy,20000,10000,23,33,0.7788,0.5,0.5,0.0,0.002679247409105301,0.00020558759570121765,,,,,
credit_card_clients_default,1,0,4,9,RFR,20000,10000,23,33,0.8039,0.6679189990442941,0.6839158704772307,0.37784725777046296,0.023514943197369576,0.0020836135372519493,2,3,1.5,3,1.5
credit_card_clients_default,1,0,4,9,GPR,20000,10000,23,33,0.7813,0.5072693790511855,0.5072693790511856,0.09015834987677296,1.2160899378359318,0.0006186729297041893,1,1,1.0,1,1.0
credit_card_clients_default,1,0,4,9,FIGS,20000,10000,23,33,0.8193,0.6523973684186085,0.7614445265633316,0.3955000148485398,1.1882301727309823,0.0282264556735754,,,,,
credit_card_clients_default,1,0,4,9,HSTree,20000,10000,23,33,0.8204,0.6466300452033128,0.7571293957597863,0.3944181760864974,0.15361486747860909,0.002475529909133911,,,,,
credit_card_clients_default,1,0,4,9,GreedyRuleList,20000,10000,23,33,0.8208,0.6442974353830393,0.7465311252253433,0.39407538354739896,0.10967426281422377,0.012753295712172985,,,,,
credit_card_clients_default,1,0,4,9,Dummy,20000,10000,23,33,0.7788,0.5,0.5,0.0,0.0026624975726008415,0.00019951816648244858,,,,,
credit_card_clients_default,1,1,5,9,RFR,20000,10000,23,33,0.8007,0.6602002106453941,0.699734011429463,0.36394411681316846,0.022593554109334946,0.0007748696953058243,2,3,1.5,3,1.5
credit_card_clients_default,1,1,5,9,GPR,20000,10000,23,33,0.8187,0.642625530444668,0.6426255304446681,0.38670088674013153,1.3857416361570358,0.0007526101544499397,2,3,1.5,4,2.0
credit_card_clients_default,1,1,5,9,FIGS,20000,10000,23,33,0.8197,0.6562146196076682,0.7620990783335237,0.3994797577986065,1.2790422644466162,0.027286916971206665,,,,,
credit_card_clients_default,1,1,5,9,HSTree,20000,10000,23,33,0.8193,0.660165613904082,0.7620693576430007,0.40160555593061803,0.16786802653223276,0.002492419444024563,,,,,
credit_card_clients_default,1,1,5,9,GreedyRuleList,20000,10000,23,33,0.8185,0.6424971277738925,0.7523497630703702,0.38602738634422656,0.1163422130048275,0.013162519782781601,,,,,
credit_card_clients_default,1,1,5,9,Dummy,20000,10000,23,33,0.7788,0.5,0.5,0.0,0.0026555778458714485,0.0001953672617673874,,,,,
credit_card_clients_default,1,2,6,9,RFR,20000,10000,23,33,0.8004,0.6598457681916168,0.6786100596642862,0.3630461123071568,0.0226663239300251,0.0007974198088049889,2,3,1.5,3,1.5
credit_card_clients_default,1,2,6,9,GPR,20000,10000,23,33,0.7801,0.5068226399217604,0.5068226399217604,0.07273638565788396,1.23279145732522,0.00068702083081007,1,1,1.0,1,1.0
credit_card_clients_default,1,2,6,9,FIGS,20000,10000,23,33,0.8204,0.6611955054885756,0.7654518276367128,0.4051596288163602,1.2428883099928498,0.02798576932400465,,,,,
credit_card_clients_default,1,2,6,9,HSTree,20000,10000,23,33,0.8202,0.6612289412654141,0.7579355114420013,0.404687227369766,0.14941278286278248,0.002453429624438286,,,,,
credit_card_clients_default,1,2,6,9,GreedyRuleList,20000,10000,23,33,0.8195,0.6441101718134543,0.7520365929036279,0.3900691036153824,0.11734632309526205,0.013015481643378735,,,,,
credit_card_clients_default,1,2,6,9,Dummy,20000,10000,23,33,0.7788,0.5,0.5,0.0,0.002674417570233345,0.00020302645862102509,,,,,
credit_card_clients_default,2,0,7,9,RFR,20000,10000,23,33,0.7909,0.6878945537763388,0.688601203827282,0.3826023235464246,0.022104831412434578,0.0007803915068507195,2,2,1.0,2,1.0
credit_card_clients_default,2,0,7,9,GPR,20000,10000,23,33,0.8188,0.6663181451317044,0.6663181451317044,0.4055440321567305,1.6381005262956023,0.0012661051005125046,4,7,1.75,7,1.75
credit_card_clients_default,2,0,7,9,FIGS,20000,10000,23,33,0.8218,0.654811594041373,0.763512900869423,0.40405280022052387,1.2234546449035406,0.023914889432489872,,,,,
credit_card_clients_default,2,0,7,9,HSTree,20000,10000,23,33,0.8193,0.6689048900752398,0.7581495352427019,0.40889985080634794,0.16134638991206884,0.0024647898972034454,,,,,
credit_card_clients_default,2,0,7,9,GreedyRuleList,20000,10000,23,33,0.8216,0.6461057536470538,0.749468133150551,0.3976506536325576,0.1155892163515091,0.013045101426541805,,,,,
credit_card_clients_default,2,0,7,9,Dummy,20000,10000,23,33,0.7788,0.5,0.5,0.0,0.0026697488501667976,0.00020418688654899597,,,,,
credit_card_clients_default,2,1,8,9,RFR,20000,10000,23,33,0.8001,0.657872941261699,0.6814396203274664,0.36032318869032975,0.02369469217956066,0.0007739607244729996,2,3,1.5,3,1.5
credit_card_clients_default,2,1,8,9,GPR,20000,10000,23,33,0.7795,0.5061137550142055,0.5061137550142056,0.06414246424673975,1.2434249417856336,0.0005969526246190071,1,1,1.0,1,1.0
credit_card_clients_default,2,1,8,9,FIGS,20000,10000,23,33,0.8215,0.6581794358827184,0.7683277688306115,0.40567852906655155,1.4198255771771073,0.030873795971274376,,,,,
credit_card_clients_default,2,1,8,9,HSTree,20000,10000,23,33,0.8213,0.663391701983206,0.7638765149425415,0.4091359549186,0.17263852525502443,0.002467130310833454,,,,,
credit_card_clients_default,2,1,8,9,GreedyRuleList,20000,10000,23,33,0.8186,0.6406192677379118,0.7529168651915916,0.38502502717384973,0.11317217629402876,0.012795984745025635,,,,,
credit_card_clients_default,2,1,8,9,Dummy,20000,10000,23,33,0.7788,0.5,0.5,0.0,0.002670837566256523,0.00019886810332536697,,,,,
credit_card_clients_default,2,2,9,9,RFR,20000,10000,23,33,0.7987,0.661020083756621,0.6887885544692024,0.36160764177737675,0.024577852338552475,0.0007792403921484947,2,3,1.5,3,1.5
credit_card_clients_default,2,2,9,9,GPR,20000,10000,23,33,0.7821,0.5178169734863577,0.5178169734863577,0.11751168233780337,1.2192397313192487,0.0006348332390189171,1,1,1.0,1,1.0
credit_card_clients_default,2,2,9,9,FIGS,20000,10000,23,33,0.8184,0.6529524255334167,0.7647434651631713,0.3935651189550564,1.1747094066813588,0.02345848549157381,,,,,
credit_card_clients_default,2,2,9,9,HSTree,20000,10000,23,33,0.8168,0.6634157339478086,0.7610971950169547,0.398466899751473,0.1692158691585064,0.00247390940785408,,,,,
credit_card_clients_default,2,2,9,9,GreedyRuleList,20000,10000,23,33,0.8186,0.6441797135854205,0.7492640936443232,0.3875071349330987,0.11691056471318007,0.01327598001807928,,,,,
credit_card_clients_default,2,2,9,9,Dummy,20000,10000,23,33,0.7788,0.5,0.5,0.0,0.002680697478353977,0.00020602717995643616,,,,,
credit_g,0,0,1,30,RFR,666,334,20,61,0.718562874251497,0.5529059829059829,0.7421794871794872,0.1953682895287358,0.003065343014895916,0.0001560477539896965,2,3,1.5,3,1.5
credit_g,0,0,1,30,GPR,666,334,20,61,0.7005988023952096,0.520042735042735,0.520042735042735,0.09161274637923099,0.8522549429908395,0.00011238828301429749,4,6,1.5,6,1.5
credit_g,0,0,1,30,FIGS,666,334,20,61,0.7335329341317365,0.6036752136752137,0.7353205128205129,0.27813630782207227,0.21079165674746037,0.0012125158682465553,,,,,
credit_g,0,0,1,30,HSTree,666,334,20,61,0.6946107784431138,0.615982905982906,0.7203418803418803,0.24297234445939378,0.002928675152361393,0.00019064638763666153,,,,,
credit_g,0,0,1,30,GreedyRuleList,666,334,20,61,0.7095808383233533,0.5722649572649573,0.7095299145299145,0.19764459960229536,0.002966894768178463,0.0003622649237513542,,,,,
credit_g,0,0,1,30,Dummy,666,334,20,61,0.7005988023952096,0.5,0.5,0.0,0.0003216871991753578,0.00020103715360164642,,,,,
credit_g,0,1,2,30,RFR,667,333,20,61,0.6996996996996997,0.5142703862660944,0.563991416309013,0.07665534165135485,0.002658388577401638,0.00017801765352487564,2,3,1.5,3,1.5
credit_g,0,1,2,30,GPR,667,333,20,61,0.7027027027027027,0.5221244635193133,0.5221244635193133,0.10472106238904566,0.8246864015236497,0.00010577868670225143,4,6,1.5,7,1.75
credit_g,0,1,2,30,FIGS,667,333,20,61,0.7267267267267268,0.5906652360515021,0.715236051502146,0.2529678902108212,0.22429648414254189,0.0013916632160544395,,,,,
credit_g,0,1,2,30,HSTree,667,333,20,61,0.6576576576576577,0.5955364806866953,0.6630042918454935,0.1900076642866382,0.002826686017215252,0.00019188784062862396,,,,,
credit_g,0,1,2,30,GreedyRuleList,667,333,20,61,0.6906906906906907,0.6048712446351932,0.6796351931330471,0.22408954700440648,0.0029135439544916153,0.00035794638097286224,,,,,
credit_g,0,1,2,30,Dummy,667,333,20,61,0.6996996996996997,0.5,0.5,0.0,0.0003147972747683525,0.000191517174243927,,,,,
credit_g,0,2,3,30,RFR,667,333,20,61,0.7327327327327328,0.5978111587982833,0.766695278969957,0.27290595114341376,0.0029597440734505653,0.0001466972753405571,2,3,1.5,3,1.5
credit_g,0,2,3,30,GPR,667,333,20,61,0.6906906906906907,0.5135407725321889,0.5135407725321888,0.05640055748409265,1.1416916493326426,0.00011638831347227097,5,14,2.8,17,3.4
credit_g,0,2,3,30,FIGS,667,333,20,61,0.7147147147147147,0.6077682403433476,0.7353862660944206,0.25225895427568557,0.2252738932147622,0.001715238206088543,,,,,
credit_g,0,2,3,30,HSTree,667,333,20,61,0.7207207207207207,0.6491630901287553,0.7227038626609441,0.31127349940093463,0.003063173033297062,0.00018862728029489517,,,,,
credit_g,0,2,3,30,GreedyRuleList,667,333,20,61,0.6966966966966966,0.5064163090128755,0.6928755364806866,0.041004867016758366,0.002445770427584648,0.00031947623938322067,,,,,
credit_g,0,2,3,30,Dummy,667,333,20,61,0.6996996996996997,0.5,0.5,0.0,0.0003285259008407593,0.00019451789557933807,,,,,
credit_g,1,0,4,30,RFR,666,334,20,61,0.6766467065868264,0.5058119658119659,0.5058119658119657,0.020614580788606236,0.0030444730073213577,0.00015432853251695633,2,3,1.5,3,1.5
credit_g,1,0,4,30,GPR,666,334,20,61,0.7005988023952096,0.5171794871794871,0.5171794871794871,0.08455310511158175,0.8847405267879367,0.0001066792756319046,4,10,2.5,10,2.5
credit_g,1,0,4,30,FIGS,666,334,20,61,0.7245508982035929,0.6402136752136752,0.7284188034188035,0.30357151173255803,0.23413526732474566,0.0016929199919104576,,,,,
credit_g,1,0,4,30,HSTree,666,334,20,61,0.7095808383233533,0.5923076923076923,0.6710042735042735,0.22474938175511677,0.0029656141996383667,0.0001979367807507515,,,,,
credit_g,1,0,4,30,GreedyRuleList,666,334,20,61,0.7155688622754491,0.6252136752136752,0.704465811965812,0.2748585009549378,0.0030522923916578293,0.0003785863518714905,,,,,
credit_g,1,0,4,30,Dummy,666,334,20,61,0.7005988023952096,0.5,0.5,0.0,0.00030669569969177246,0.00019120797514915466,,,,,
credit_g,1,1,5,30,RFR,667,333,20,61,0.6996996996996997,0.5313948497854077,0.7094849785407725,0.1158710201758367,0.003020073287189007,0.00015085935592651367,2,3,1.5,3,1.5
credit_g,1,1,5,30,GPR,667,333,20,61,0.6846846846846847,0.5035407725321889,0.5035407725321889,0.015651169477086554,1.1513105910271406,0.00011581927537918091,5,15,3.0,18,3.6
credit_g,1,1,5,30,FIGS,667,333,20,61,0.6966966966966966,0.6319957081545065,0.7028969957081544,0.2679893191443304,0.23829765990376472,0.0016253814101219177,,,,,
credit_g,1,1,5,30,HSTree,667,333,20,61,0.6606606606606606,0.5805579399141632,0.646931330472103,0.1668884923365209,0.0029443856328725815,0.00019571837037801743,,,,,
credit_g,1,1,5,30,GreedyRuleList,667,333,20,61,0.7267267267267268,0.5649785407725322,0.6821888412017169,0.2349271149897922,0.0029117148369550705,0.00034575629979372025,,,,,
credit_g,1,1,5,30,Dummy,667,333,20,61,0.6996996996996997,0.5,0.5,0.0,0.0003047958016395569,0.0001972382888197899,,,,,
credit_g,1,2,6,30,RFR,667,333,20,61,0.7237237237237237,0.5571244635193133,0.7734763948497855,0.22041590217677126,0.002993484027683735,0.00014292821288108826,2,3,1.5,3,1.5
credit_g,1,2,6,30,GPR,667,333,20,61,0.6906906906906907,0.5106866952789699,0.51068669527897,0.04723807514902487,0.8650560770183802,0.00010431837290525436,4,8,2.0,9,2.25
credit_g,1,2,6,30,FIGS,667,333,20,61,0.7327327327327328,0.6120815450643777,0.726030042918455,0.28532013649725835,0.2202829783782363,0.0006134724244475365,,,,,
credit_g,1,2,6,30,HSTree,667,333,20,61,0.7147147147147147,0.5906437768240343,0.7009227467811159,0.23074712934413544,0.002850075252354145,0.00018782727420330048,,,,,
credit_g,1,2,6,30,GreedyRuleList,667,333,20,61,0.6996996996996997,0.5228326180257511,0.7378755364806866,0.09787551156825336,0.002660248428583145,0.00035702623426914215,,,,,
credit_g,1,2,6,30,Dummy,667,333,20,61,0.6996996996996997,0.5,0.5,0.0,0.0003093862906098366,0.00019167829304933548,,,,,
credit_g,2,0,7,30,RFR,666,334,20,61,0.7245508982035929,0.5543162393162393,0.7472222222222221,0.22033719870432528,0.003135012462735176,0.00014813803136348724,2,3,1.5,3,1.5
credit_g,2,0,7,30,GPR,666,334,20,61,0.6976047904191617,0.5093162393162393,0.5093162393162394,0.05270060796535636,1.2152762142941356,0.00012970808893442154,5,22,4.4,23,4.6
credit_g,2,0,7,30,FIGS,666,334,20,61,0.7095808383233533,0.6381196581196581,0.7245512820512822,0.28616424762487114,0.19700690172612667,0.0007151411846280098,,,,,
credit_g,2,0,7,30,HSTree,666,334,20,61,0.7215568862275449,0.6323504273504273,0.7332478632478633,0.29052449742574826,0.0027985358610749245,0.00018717721104621887,,,,,
credit_g,2,0,7,30,GreedyRuleList,666,334,20,61,0.6976047904191617,0.641025641025641,0.7113247863247864,0.28125312684284487,0.0023203520104289055,0.0003452058881521225,,,,,
credit_g,2,0,7,30,Dummy,666,334,20,61,0.7005988023952096,0.5,0.5,0.0,0.0003240257501602173,0.0001908186823129654,,,,,
credit_g,2,1,8,30,RFR,667,333,20,61,0.7117117117117117,0.5571030042918454,0.6950000000000001,0.18284579303592216,0.0029627252370119095,0.00016049854457378387,2,3,1.5,3,1.5
credit_g,2,1,8,30,GPR,667,333,20,61,0.6966966966966966,0.5007081545064378,0.5007081545064378,0.006870975216749406,0.8688211226835847,0.00010475888848304749,4,8,2.0,9,2.25
credit_g,2,1,8,30,FIGS,667,333,20,61,0.7237237237237237,0.6227682403433477,0.6957296137339056,0.2823360853278072,0.22143703792244196,0.0021040644496679306,,,,,
credit_g,2,1,8,30,HSTree,667,333,20,61,0.7237237237237237,0.6712875536480687,0.6969527896995709,0.3425751072961373,0.003087243065237999,0.00020062830299139023,,,,,
credit_g,2,1,8,30,GreedyRuleList,667,333,20,61,0.6996996996996997,0.5199785407725321,0.6022532188841201,0.09126670281703704,0.002812636084854603,0.0003276057541370392,,,,,
credit_g,2,1,8,30,Dummy,667,333,20,61,0.6996996996996997,0.5,0.5,0.0,0.00032373517751693726,0.00019380822777748108,,,,,
credit_g,2,2,9,30,RFR,667,333,20,61,0.7117117117117117,0.5571030042918454,0.7771030042918454,0.18284579303592216,0.0030712727457284927,0.00015173852443695068,2,3,1.5,3,1.5
credit_g,2,2,9,30,GPR,667,333,20,61,0.7057057057057057,0.5185622317596567,0.5185622317596567,0.11113515843368035,0.8029789319261909,0.00010474864393472672,4,6,1.5,7,1.75
credit_g,2,2,9,30,FIGS,667,333,20,61,0.7267267267267268,0.619206008583691,0.7580901287553649,0.2825249021893259,0.21864048205316067,0.0017252694815397263,,,,,
credit_g,2,2,9,30,HSTree,667,333,20,61,0.7237237237237237,0.6113519313304722,0.7351502145922748,0.2691692017004409,0.0030831433832645416,0.00019573699682950974,,,,,
credit_g,2,2,9,30,GreedyRuleList,667,333,20,61,0.7177177177177178,0.5499785407725322,0.731030042918455,0.19284321418846742,0.0029159747064113617,0.00033820606768131256,,,,,
credit_g,2,2,9,30,Dummy,667,333,20,61,0.6996996996996997,0.5,0.5,0.0,0.00031433627009391785,0.00019165780395269394,,,,,
credit_g,3,0,10,30,RFR,666,334,20,61,0.7155688622754491,0.5564957264957264,0.7788034188034189,0.1898464376514275,0.0030585136264562607,0.0001435680314898491,2,3,1.5,3,1.5
credit_g,3,0,10,30,GPR,666,334,20,61,0.6796407185628742,0.5222649572649573,0.5222649572649573,0.06834701825151587,1.1134270448237658,0.00010902900248765945,5,12,2.4,12,2.4
credit_g,3,0,10,30,FIGS,666,334,20,61,0.718562874251497,0.5872649572649573,0.7229273504273505,0.23195441592550856,0.19678349886089563,0.0006022434681653976,,,,,
credit_g,3,0,10,30,HSTree,666,334,20,61,0.7065868263473054,0.6216666666666667,0.6541666666666667,0.26112453661432744,0.00304496381431818,0.00019374769181013107,,,,,
credit_g,3,0,10,30,GreedyRuleList,666,334,20,61,0.7095808383233533,0.5493589743589743,0.7177136752136752,0.1658643233641443,0.0028330963104963303,0.00035021640360355377,,,,,
credit_g,3,0,10,30,Dummy,666,334,20,61,0.7005988023952096,0.5,0.5,0.0,0.00031691696494817734,0.00019236840307712555,,,,,
credit_g,3,1,11,30,RFR,667,333,20,61,0.7237237237237237,0.5771030042918455,0.7111802575107296,0.23345555054946351,0.0030340831726789474,0.00014872848987579346,2,3,1.5,3,1.5
credit_g,3,1,11,30,GPR,667,333,20,61,0.6906906906906907,0.5049785407725321,0.5049785407725322,0.025537933159420628,0.8393686646595597,0.00010123848915100098,4,6,1.5,6,1.5
credit_g,3,1,11,30,FIGS,667,333,20,61,0.6486486486486487,0.5548497854077253,0.6456652360515021,0.11720337265055514,0.2604514118283987,0.003130132332444191,,,,,
credit_g,3,1,11,30,HSTree,667,333,20,61,0.6876876876876877,0.577038626609442,0.6334334763948497,0.17924636659040438,0.002751377411186695,0.00018625706434249878,,,,,
credit_g,3,1,11,30,GreedyRuleList,667,333,20,61,0.6906906906906907,0.5221030042918455,0.622381974248927,0.07991245985451981,0.0029219137504696846,0.0003651464357972145,,,,,
credit_g,3,1,11,30,Dummy,667,333,20,61,0.6996996996996997,0.5,0.5,0.0,0.00031741615384817123,0.00019393768161535263,,,,,
credit_g,3,2,12,30,RFR,667,333,20,61,0.7027027027027027,0.5135622317596567,0.584763948497854,0.08667249483140899,0.003121393732726574,0.00015727803111076355,2,3,1.5,3,1.5
credit_g,3,2,12,30,GPR,667,333,20,61,0.7147147147147147,0.5307081545064378,0.5307081545064378,0.17360727225131087,0.8643705388531089,0.0001051388680934906,4,8,2.0,8,2.0
credit_g,3,2,12,30,FIGS,667,333,20,61,0.6756756756756757,0.5427682403433477,0.6939270386266094,0.10976177416452611,0.2249687109142542,0.0014128517359495163,,,,,
credit_g,3,2,12,30,HSTree,667,333,20,61,0.7117117117117117,0.5856437768240343,0.6881545064377682,0.2197989165532482,0.003030143678188324,0.00019526761025190353,,,,,
credit_g,3,2,12,30,GreedyRuleList,667,333,20,61,0.6906906906906907,0.5506437768240343,0.6960085836909872,0.13845250434375359,0.0029189344495534897,0.00034853629767894745,,,,,
credit_g,3,2,12,30,Dummy,667,333,20,61,0.6996996996996997,0.5,0.5,0.0,0.00031856633722782135,0.0001941276714205742,,,,,
credit_g,4,0,13,30,RFR,666,334,20,61,0.718562874251497,0.550042735042735,0.7557905982905981,0.19319644920159285,0.003087312914431095,0.00015919841825962067,2,3,1.5,3,1.5
credit_g,4,0,13,30,GPR,666,334,20,61,0.7005988023952096,0.5085897435897436,0.5085897435897436,0.05923870791401579,0.8356837099418044,0.00010108854621648788,4,5,1.25,5,1.25
credit_g,4,0,13,30,FIGS,666,334,20,61,0.7005988023952096,0.5458119658119658,0.6812179487179487,0.14257336230313825,0.22271731961518526,0.0013978639617562294,,,,,
credit_g,4,0,13,30,HSTree,666,334,20,61,0.7065868263473054,0.5930341880341881,0.7068376068376068,0.2219880464934814,0.003034733235836029,0.00020286813378334045,,,,,
credit_g,4,0,13,30,GreedyRuleList,666,334,20,61,0.7035928143712575,0.525042735042735,0.7323290598290599,0.11075891989588854,0.0028358958661556244,0.0003575459122657776,,,,,
credit_g,4,0,13,30,Dummy,666,334,20,61,0.7005988023952096,0.5,0.5,0.0,0.0003196774050593376,0.00019134767353534698,,,,,
credit_g,4,1,14,30,RFR,667,333,20,61,0.7207207207207207,0.5806652360515021,0.7245708154506438,0.2299791139841478,0.0026102280244231224,0.00015327800065279007,2,3,1.5,3,1.5
credit_g,4,1,14,30,GPR,667,333,20,61,0.6936936936936937,0.5099785407725321,0.5099785407725321,0.04908308519169655,1.1287879683077335,0.00011323858052492142,5,15,3.0,15,3.0
credit_g,4,1,14,30,FIGS,667,333,20,61,0.7237237237237237,0.6541630901287554,0.7325536480686694,0.3205265321891411,0.2281224960461259,0.001867528073489666,,,,,
credit_g,4,1,14,30,HSTree,667,333,20,61,0.7357357357357357,0.6427682403433477,0.7042274678111589,0.32122746369727345,0.0029454147443175316,0.00018739793449640274,,,,,
credit_g,4,1,14,30,GreedyRuleList,667,333,20,61,0.7357357357357357,0.6399141630901288,0.7180257510729614,0.31819418737948524,0.0029931338503956795,0.00037932582199573517,,,,,
credit_g,4,1,14,30,Dummy,667,333,20,61,0.6996996996996997,0.5,0.5,0.0,0.0003246655687689781,0.00019215699285268784,,,,,
credit_g,4,2,15,30,RFR,667,333,20,61,0.7117117117117117,0.5485407725321889,0.7355579399141632,0.17207975518178378,0.003030533902347088,0.00014230795204639435,2,3,1.5,3,1.5
credit_g,4,2,15,30,GPR,667,333,20,61,0.6696696696696697,0.6155364806866952,0.6155364806866952,0.22738469499801212,0.8311671549454331,0.00010580848902463913,4,6,1.5,6,1.5
credit_g,4,2,15,30,FIGS,667,333,20,61,0.7207207207207207,0.6463090128755364,0.7068454935622317,0.30764065908451566,0.22531677968800068,0.0019412869587540627,,,,,
credit_g,4,2,15,30,HSTree,667,333,20,61,0.6876876876876877,0.6398283261802575,0.7145278969957082,0.2738419497589486,0.0031748218461871147,0.0001950375735759735,,,,,
credit_g,4,2,15,30,GreedyRuleList,667,333,20,61,0.7087087087087087,0.5378326180257511,0.6729828326180257,0.1495315128729441,0.002787427045404911,0.0003384659066796303,,,,,
credit_g,4,2,15,30,Dummy,667,333,20,61,0.6996996996996997,0.5,0.5,0.0,0.0003223065286874771,0.00019318796694278717,,,,,
credit_g,5,0,16,30,RFR,666,334,20,61,0.6946107784431138,0.510042735042735,0.4842094017094017,0.04942781020204406,0.0030624326318502426,0.00016089901328086853,2,3,1.5,3,1.5
credit_g,5,0,16,30,GPR,666,334,20,61,0.6946107784431138,0.5043162393162393,0.5043162393162393,0.02585768539680257,0.8419561199843884,0.00010639894753694534,4,7,1.75,8,2.0
credit_g,5,0,16,30,FIGS,666,334,20,61,0.7275449101796407,0.6480769230769231,0.7438247863247863,0.31646270495416123,0.2220531404018402,0.001218714751303196,,,,,
credit_g,5,0,16,30,HSTree,666,334,20,61,0.7544910179640718,0.6615811965811966,0.7447222222222222,0.367564423665814,0.002937914803624153,0.00019236747175455093,,,,,
credit_g,5,0,16,30,GreedyRuleList,666,334,20,61,0.7485029940119761,0.5971794871794872,0.753034188034188,0.32119797485428203,0.0029193852096796036,0.00034850556403398514,,,,,
credit_g,5,0,16,30,Dummy,666,334,20,61,0.7005988023952096,0.5,0.5,0.0,0.00031463708728551865,0.0002027573063969612,,,,,
credit_g,5,1,17,30,RFR,667,333,20,61,0.7297297297297297,0.5928111587982833,0.6853218884120172,0.2617244799006754,0.0031342720612883568,0.00014876853674650192,2,3,1.5,3,1.5
credit_g,5,1,17,30,GPR,667,333,20,61,0.6966966966966966,0.5121244635193133,0.5121244635193133,0.0621936734270373,0.8819569954648614,0.00010657962411642075,4,8,2.0,9,2.25
credit_g,5,1,17,30,FIGS,667,333,20,61,0.6816816816816816,0.6298283261802575,0.6833261802575107,0.2555121479825359,0.22785240318626165,0.0014111530035734177,,,,,
credit_g,5,1,17,30,HSTree,667,333,20,61,0.6966966966966966,0.6491201716738197,0.6845064377682404,0.29275090260076897,0.00290585495531559,0.00018966756761074066,,,,,
credit_g,5,1,17,30,GreedyRuleList,667,333,20,61,0.7027027027027027,0.5506652360515021,0.6583905579399141,0.15545347305989385,0.002955464646220207,0.00036875437945127487,,,,,
credit_g,5,1,17,30,Dummy,667,333,20,61,0.6996996996996997,0.5,0.5,0.0,0.0003180867061018944,0.0002013063058257103,,,,,
credit_g,5,2,18,30,RFR,667,333,20,61,0.7027027027027027,0.5249785407725321,0.7339270386266094,0.11041188649290151,0.003154582343995571,0.00015637744218111038,2,3,1.5,3,1.5
credit_g,5,2,18,30,GPR,667,333,20,61,0.6846846846846847,0.5063948497854077,0.5063948497854078,0.02663607944573631,0.7283028950914741,0.00010187923908233643,3,6,2.0,6,2.0
credit_g,5,2,18,30,FIGS,667,333,20,61,0.7177177177177178,0.5842274678111588,0.6856437768240342,0.22802708788402845,0.19721623323857784,0.0006025722250342369,,,,,
credit_g,5,2,18,30,HSTree,667,333,20,61,0.7207207207207207,0.6063519313304722,0.7475751072961373,0.25885786704487485,0.003032894805073738,0.000195416621863842,,,,,
credit_g,5,2,18,30,GreedyRuleList,667,333,20,61,0.7177177177177178,0.5642489270386266,0.7000429184549357,0.20572728461087972,0.0028988150879740715,0.00034300610423088074,,,,,
credit_g,5,2,18,30,Dummy,667,333,20,61,0.6996996996996997,0.5,0.5,0.0,0.0003121262416243553,0.0001924373209476471,,,,,
credit_g,6,0,19,30,RFR,666,334,20,61,0.7155688622754491,0.5708119658119658,0.7628632478632479,0.20666431299499635,0.0029107043519616127,0.00014976784586906433,2,3,1.5,3,1.5
credit_g,6,0,19,30,GPR,666,334,20,61,0.6916167664670658,0.5222222222222223,0.5222222222222221,0.0803861627593916,0.8077818052843213,0.00010535866022109985,4,6,1.5,6,1.5
credit_g,6,0,19,30,FIGS,666,334,20,61,0.7155688622754491,0.6423931623931624,0.725448717948718,0.29717957464253986,0.2176263090223074,0.001024717465043068,,,,,
credit_g,6,0,19,30,HSTree,666,334,20,61,0.7065868263473054,0.6273931623931623,0.734380341880342,0.26895176310084096,0.0030455943197011948,0.0002025272697210312,,,,,
credit_g,6,0,19,30,GreedyRuleList,666,334,20,61,0.7305389221556886,0.5757692307692308,0.7308547008547008,0.2504327218191038,0.0029105255380272865,0.0003434959799051285,,,,,
credit_g,6,0,19,30,Dummy,666,334,20,61,0.7005988023952096,0.5,0.5,0.0,0.00030986592173576355,0.00019328761845827103,,,,,
credit_g,6,1,20,30,RFR,667,333,20,61,0.7207207207207207,0.557832618025751,0.7415450643776823,0.20909133913391348,0.00297368410974741,0.0001632682979106903,2,3,1.5,3,1.5
credit_g,6,1,20,30,GPR,667,333,20,61,0.7057057057057057,0.5185622317596567,0.5185622317596567,0.11113515843368035,0.9002027017995715,0.00011200830340385437,4,13,3.25,14,3.5
credit_g,6,1,20,30,FIGS,667,333,20,61,0.6696696696696697,0.5927038626609442,0.6969742489270386,0.19137332157782874,0.21281095780432224,0.0009428681805729866,,,,,
credit_g,6,1,20,30,HSTree,667,333,20,61,0.6906906906906907,0.6419742489270386,0.6728540772532189,0.27872211420444487,0.0030045947059988976,0.00020120758563280106,,,,,
credit_g,6,1,20,30,GreedyRuleList,667,333,20,61,0.7087087087087087,0.54068669527897,0.707596566523605,0.1534523091618245,0.0028772056102752686,0.0003562457859516144,,,,,
credit_g,6,1,20,30,Dummy,667,333,20,61,0.6996996996996997,0.5,0.5,0.0,0.00031297560781240463,0.0001907283440232277,,,,,
credit_g,6,2,21,30,RFR,667,333,20,61,0.6966966966966966,0.5263948497854077,0.5263948497854077,0.09954975752586716,0.0030437037348747253,0.00014517828822135925,2,3,1.5,3,1.5
credit_g,6,2,21,30,GPR,667,333,20,61,0.6636636636636637,0.5741416309012876,0.5741416309012876,0.15777068250497173,0.8569212667644024,0.00011677853763103485,4,7,1.75,8,2.0
credit_g,6,2,21,30,FIGS,667,333,20,61,0.7177177177177178,0.6184763948497853,0.7174248927038627,0.26944020069357943,0.22825306374579668,0.0016282116994261742,,,,,
credit_g,6,2,21,30,HSTree,667,333,20,61,0.6996996996996997,0.6255793991416309,0.7024248927038627,0.26109705823647744,0.0028811153024435043,0.0001836474984884262,,,,,
credit_g,6,2,21,30,GreedyRuleList,667,333,20,61,0.6786786786786787,0.5420600858369099,0.682167381974249,0.1107506197852703,0.0031039733439683914,0.00040710531175136566,,,,,
credit_g,6,2,21,30,Dummy,667,333,20,61,0.6996996996996997,0.5,0.5,0.0,0.00032247602939605713,0.00019984785467386246,,,,,
credit_g,7,0,22,30,RFR,666,334,20,61,0.7305389221556886,0.6015384615384616,0.710940170940171,0.2698940706361451,0.003057883121073246,0.0001652175560593605,2,3,1.5,3,1.5
credit_g,7,0,22,30,GPR,666,334,20,61,0.688622754491018,0.5200854700854701,0.52008547008547,0.07124156596062449,1.171863847412169,0.00012005865573883057,5,12,2.4,13,2.6
credit_g,7,0,22,30,FIGS,666,334,20,61,0.6736526946107785,0.5666666666666667,0.6534829059829059,0.15083397729487247,0.23031047079712152,0.0007231412455439568,,,,,
credit_g,7,0,22,30,HSTree,666,334,20,61,0.688622754491018,0.6002564102564103,0.666474358974359,0.2151732219519537,0.0029609650373458862,0.00019099749624729156,,,,,
credit_g,7,0,22,30,GreedyRuleList,666,334,20,61,0.6916167664670658,0.5222222222222223,0.6491452991452992,0.0803861627593916,0.0028158873319625854,0.00035319477319717407,,,,,
credit_g,7,0,22,30,Dummy,666,334,20,61,0.7005988023952096,0.5,0.5,0.0,0.0003313561901450157,0.00019945763051509857,,,,,
credit_g,7,1,23,30,RFR,667,333,20,61,0.7087087087087087,0.5435407725321888,0.7198712446351931,0.157419787422156,0.003198321908712387,0.00014359783381223679,2,3,1.5,3,1.5
credit_g,7,1,23,30,GPR,667,333,20,61,0.7057057057057057,0.5271244635193133,0.5271244635193133,0.12391096923816845,0.8566519301384687,0.00010772887617349625,4,10,2.5,11,2.75
credit_g,7,1,23,30,FIGS,667,333,20,61,0.7177177177177178,0.5927896995708155,0.7126609442060085,0.23813844028470188,0.19619697146117687,0.000624433159828186,,,,,
credit_g,7,1,23,30,HSTree,667,333,20,61,0.7327327327327328,0.603519313304721,0.707145922746781,0.27760471480578897,0.0028709759935736656,0.00019677728414535522,,,,,
credit_g,7,1,23,30,GreedyRuleList,667,333,20,61,0.7327327327327328,0.577832618025751,0.7071888412017168,0.2614128908196029,0.0028426367789506912,0.0003447961062192917,,,,,
credit_g,7,1,23,30,Dummy,667,333,20,61,0.6996996996996997,0.5,0.5,0.0,0.00031604617834091187,0.00018957722932100296,,,,,
credit_g,7,2,24,30,RFR,667,333,20,61,0.7057057057057057,0.5242703862660945,0.5242703862660945,0.11938272978883613,0.003073872998356819,0.00014972779899835587,1,1,1.0,1,1.0
credit_g,7,2,24,30,GPR,667,333,20,61,0.7117117117117117,0.5257081545064378,0.5257081545064378,0.15391898243184862,0.8408237332478166,0.00011111889034509659,4,6,1.5,7,1.75
credit_g,7,2,24,30,FIGS,667,333,20,61,0.7357357357357357,0.6541845493562232,0.7699141630901288,0.3337577971852449,0.22749835718423128,0.0013938834890723228,,,,,
credit_g,7,2,24,30,HSTree,667,333,20,61,0.7027027027027027,0.5991845493562232,0.722510729613734,0.22681603852486604,0.002862846478819847,0.00019774679094552994,,,,,
credit_g,7,2,24,30,GreedyRuleList,667,333,20,61,0.7087087087087087,0.563519313304721,0.7256866952789701,0.18529642184483178,0.002915595658123493,0.0003465954214334488,,,,,
credit_g,7,2,24,30,Dummy,667,333,20,61,0.6996996996996997,0.5,0.5,0.0,0.0003191651776432991,0.0001931777223944664,,,,,
credit_g,8,0,25,30,RFR,666,334,20,61,0.6377245508982036,0.5782478632478633,0.5782478632478634,0.15360508529763972,0.0027805576100945473,0.0001547662541270256,1,2,2.0,2,2.0
credit_g,8,0,25,30,GPR,666,334,20,61,0.7215568862275449,0.5464529914529914,0.5464529914529914,0.20545212615500144,0.8727207481861115,0.00010530930012464523,4,8,2.0,8,2.0
credit_g,8,0,25,30,FIGS,666,334,20,61,0.7215568862275449,0.5779487179487179,0.6966880341880342,0.2274928828623255,0.23288886435329914,0.0018540574237704277,,,,,
credit_g,8,0,25,30,HSTree,666,334,20,61,0.7035928143712575,0.5823076923076923,0.701965811965812,0.20328011763581808,0.0028240466490387917,0.00018948782235383987,,,,,
credit_g,8,0,25,30,GreedyRuleList,666,334,20,61,0.7095808383233533,0.5293162393162393,0.6734188034188033,0.1388423610367197,0.002952384762465954,0.0003484860062599182,,,,,
credit_g,8,0,25,30,Dummy,666,334,20,61,0.7005988023952096,0.5,0.5,0.0,0.0003169672563672066,0.00019422825425863266,,,,,
credit_g,8,1,26,30,RFR,667,333,20,61,0.7087087087087087,0.5321244635193133,0.5380042918454935,0.14199879216483985,0.0031122425571084023,0.0001557283103466034,2,2,1.0,2,1.0
credit_g,8,1,26,30,GPR,667,333,20,61,0.7207207207207207,0.5806652360515021,0.5806652360515021,0.2299791139841478,0.873735761269927,0.00010859780013561249,4,11,2.75,11,2.75
credit_g,8,1,26,30,FIGS,667,333,20,61,0.7447447447447447,0.6606223175965665,0.7325536480686695,0.3525115567530737,0.2233545295894146,0.0009856289252638817,,,,,
credit_g,8,1,26,30,HSTree,667,333,20,61,0.7387387387387387,0.6591845493562232,0.7338841201716739,0.34306662061769516,0.003059813752770424,0.00019860733300447464,,,,,
credit_g,8,1,26,30,GreedyRuleList,667,333,20,61,0.7237237237237237,0.6084978540772532,0.7153218884120172,0.26594706801910173,0.003015844151377678,0.0003886846825480461,,,,,
credit_g,8,1,26,30,Dummy,667,333,20,61,0.6996996996996997,0.5,0.5,0.0,0.00031782593578100204,0.00019424781203269958,,,,,
credit_g,8,2,27,30,RFR,667,333,20,61,0.6996996996996997,0.5542274678111588,0.7299141630901287,0.15635957276808274,0.0031306231394410133,0.00013976823538541794,2,3,1.5,3,1.5
credit_g,8,2,27,30,GPR,667,333,20,61,0.7057057057057057,0.5157081545064378,0.5157081545064378,0.10826388787424805,1.1986521631479263,0.00012136809527873993,5,22,4.4,22,4.4
credit_g,8,2,27,30,FIGS,667,333,20,61,0.7027027027027027,0.6248712446351932,0.734656652360515,0.26256394766981467,0.2174081215634942,0.0017376886680722237,,,,,
credit_g,8,2,27,30,HSTree,667,333,20,61,0.7357357357357357,0.6656008583690987,0.7364592274678111,0.346874869825261,0.003171522170305252,0.00019407644867897034,,,,,
credit_g,8,2,27,30,GreedyRuleList,667,333,20,61,0.7057057057057057,0.558519313304721,0.6999356223175965,0.17277372724796927,0.002853936515748501,0.00035204552114009857,,,,,
credit_g,8,2,27,30,Dummy,667,333,20,61,0.6996996996996997,0.5,0.5,0.0,0.000316595658659935,0.0001914864405989647,,,,,
credit_g,9,0,28,30,RFR,666,334,20,61,0.6976047904191617,0.5121794871794871,0.5247649572649573,0.06251285347057292,0.0030869226902723312,0.00014901906251907349,2,3,1.5,3,1.5
credit_g,9,0,28,30,GPR,666,334,20,61,0.6976047904191617,0.5007264957264957,0.5007264957264957,0.007053365091608262,0.8760915733873844,0.0001029185950756073,4,5,1.25,5,1.25
credit_g,9,0,28,30,FIGS,666,334,20,61,0.718562874251497,0.6101709401709402,0.7584401709401709,0.259552181377555,0.23358448036015034,0.0018333075568079948,,,,,
credit_g,9,0,28,30,HSTree,666,334,20,61,0.7335329341317365,0.6351709401709402,0.7194230769230769,0.30919198457808894,0.0031317025423049927,0.00019843876361846924,,,,,
credit_g,9,0,28,30,GreedyRuleList,666,334,20,61,0.7275449101796407,0.5478632478632479,0.7260470085470085,0.24566454697207601,0.0027711763978004456,0.00032802578061819077,,,,,
credit_g,9,0,28,30,Dummy,666,334,20,61,0.7005988023952096,0.5,0.5,0.0,0.0003213658928871155,0.00019429810345172882,,,,,
credit_g,9,1,29,30,RFR,667,333,20,61,0.6396396396396397,0.47991416309012874,0.6357725321888412,-0.059301873378840936,0.003096792846918106,0.0001467578113079071,2,2,1.0,2,1.0
credit_g,9,1,29,30,GPR,667,333,20,61,0.6696696696696697,0.5127896995708154,0.5127896995708154,0.03872516229543007,0.8346043741330504,0.00010488834232091904,4,10,2.5,10,2.5
credit_g,9,1,29,30,FIGS,667,333,20,61,0.6786786786786787,0.6162660944206009,0.7007510729613734,0.23320374163721913,0.2174352640286088,0.0011592665687203407,,,,,
credit_g,9,1,29,30,HSTree,667,333,20,61,0.7027027027027027,0.6305793991416309,0.7107510729613734,0.27051584333184064,0.0031038234010338783,0.0002064080908894539,,,,,
credit_g,9,1,29,30,GreedyRuleList,667,333,20,61,0.7087087087087087,0.5235622317596567,0.6909227467811159,0.13320809568968509,0.00302074383944273,0.0003833966329693794,,,,,
credit_g,9,1,29,30,Dummy,667,333,20,61,0.6996996996996997,0.5,0.5,0.0,0.00032826606184244156,0.0001934478059411049,,,,,
credit_g,9,2,30,30,RFR,667,333,20,61,0.6966966966966966,0.5406652360515021,0.6579613733905578,0.12830599100190404,0.0027632471174001694,0.00015085842460393906,2,3,1.5,3,1.5
credit_g,9,2,30,30,GPR,667,333,20,61,0.6816816816816816,0.5213733905579399,0.52137339055794,0.06843833516113433,1.1509666936472058,0.00011314824223518372,5,13,2.6,14,2.8
credit_g,9,2,30,30,FIGS,667,333,20,61,0.6846846846846847,0.597725321888412,0.657489270386266,0.20882009352528486,0.22228808794170618,0.0014809416607022285,,,,,
credit_g,9,2,30,30,HSTree,667,333,20,61,0.7057057057057057,0.6127467811158798,0.6818454935622318,0.24862589873742444,0.002828476019203663,0.00019505806267261505,,,,,
credit_g,9,2,30,30,GreedyRuleList,667,333,20,61,0.7057057057057057,0.558519313304721,0.6619957081545065,0.17277372724796927,0.0030464939773082733,0.0003645559772849083,,,,,
credit_g,9,2,30,30,Dummy,667,333,20,61,0.6996996996996997,0.5,0.5,0.0,0.00031308550387620926,0.00019219797104597092,,,,,
customer_satisfaction_in_airline,0,0,1,9,RFR,86586,43294,21,94,0.6759828151706934,0.6572357702618031,0.6575058716063917,0.3460062528550494,0.1712823174893856,0.011514982208609581,2,3,1.5,3,1.5
customer_satisfaction_in_airline,0,0,1,9,GPR,86586,43294,21,94,0.8297916570425463,0.8310921224926215,0.8310921224926215,0.6596199203336385,3.6281203478574753,0.0559923630207777,4,16,4.0,16,4.0
customer_satisfaction_in_airline,0,0,1,9,FIGS,86586,43294,21,94,0.8637224557675428,0.8646700520433708,0.938647245143936,0.7269391602379215,2.937571539543569,0.07537346240133047,,,,,
customer_satisfaction_in_airline,0,0,1,9,HSTree,86586,43294,21,94,0.8836328359587934,0.8837500402244466,0.9371889033120757,0.7659421844220221,0.35291709192097187,0.011173336766660213,,,,,
customer_satisfaction_in_airline,0,0,1,9,GreedyRuleList,86586,43294,21,94,0.8447359911304106,0.8355050694344577,0.8895684170548483,0.6915116886840629,0.2584702456369996,0.05222290940582752,,,,,
customer_satisfaction_in_airline,0,0,1,9,Dummy,86586,43294,21,94,0.5473275742597127,0.5,0.5,0.0,0.001306234858930111,0.00020848680287599564,,,,,
customer_satisfaction_in_airline,0,1,2,9,RFR,86587,43293,21,92,0.7233963920264246,0.7292248662421528,0.7412658299887913,0.4578471698708672,0.15673850663006306,0.011002390645444393,2,2,1.0,2,1.0
customer_satisfaction_in_airline,0,1,2,9,GPR,86587,43293,21,92,0.7609544268126487,0.7546500756275412,0.754650075627541,0.5155649965519012,2.2651619175449014,0.049643940292298794,3,6,2.0,6,2.0
customer_satisfaction_in_airline,0,1,2,9,FIGS,86587,43293,21,92,0.8663294296999515,0.8672321768786214,0.9399736605152912,0.7320979364316188,2.9143703803420067,0.07390650175511837,,,,,
customer_satisfaction_in_airline,0,1,2,9,HSTree,86587,43293,21,92,0.8867946319266394,0.8834910624126797,0.9374847966229173,0.7713979887554943,0.34701588191092014,0.011274916119873524,,,,,
customer_satisfaction_in_airline,0,1,2,9,GreedyRuleList,86587,43293,21,92,0.8460721132746634,0.8368678651154318,0.890335815509319,0.6942534240555622,0.2458122232928872,0.05463173147290945,,,,,
customer_satisfaction_in_airline,0,1,2,9,Dummy,86587,43293,21,92,0.5473402166632019,0.5,0.5,0.0,0.001382492482662201,0.00020979810506105423,,,,,
customer_satisfaction_in_airline,0,2,3,9,RFR,86587,43293,21,93,0.7198161365578731,0.7129876211363062,0.7088435110610374,0.4314811432186513,0.15217578504234552,0.011251605115830898,2,3,1.5,3,1.5
customer_satisfaction_in_airline,0,2,3,9,GPR,86587,43293,21,93,0.6598988289099854,0.6296165266227626,0.6296165266227626,0.34534909962507426,1.4633748354390264,0.04797852132469416,2,2,1.0,2,1.0
customer_satisfaction_in_airline,0,2,3,9,FIGS,86587,43293,21,93,0.8646201464439979,0.865467887014753,0.938848886462591,0.7286131197152375,2.932797582820058,0.07697378750890493,,,,,
customer_satisfaction_in_airline,0,2,3,9,HSTree,86587,43293,21,93,0.8847619707573973,0.8843359922283434,0.9445818829328331,0.7677918757117872,0.34734785556793213,0.011164437979459763,,,,,
customer_satisfaction_in_airline,0,2,3,9,GreedyRuleList,86587,43293,21,93,0.8471115422816622,0.8380653057237561,0.8920023383707392,0.6961407964926137,0.24670085962861776,0.054649473167955875,,,,,
customer_satisfaction_in_airline,0,2,3,9,Dummy,86587,43293,21,93,0.5473171182408242,0.5,0.5,0.0,0.001687411218881607,0.00021756719797849655,,,,,
customer_satisfaction_in_airline,1,0,4,9,RFR,86586,43294,21,94,0.6734882431745739,0.6546083408516585,0.6548762533231249,0.3406351213467689,0.15232153609395027,0.011458804830908775,2,3,1.5,3,1.5
customer_satisfaction_in_airline,1,0,4,9,GPR,86586,43294,21,94,0.8409017415808195,0.839882557277717,0.8398825572777169,0.6792223270714197,3.440646362490952,0.05544042494148016,4,11,2.75,12,3.0
customer_satisfaction_in_airline,1,0,4,9,FIGS,86586,43294,21,94,0.86533930798725,0.8663147581720054,0.9394025215749462,0.7302078281054254,2.929858732968569,0.07527949940413237,,,,,
customer_satisfaction_in_airline,1,0,4,9,HSTree,86586,43294,21,94,0.8876749665080612,0.8849232805246356,0.9394054059778454,0.7730530773742736,0.3555273711681366,0.011251537129282951,,,,,
customer_satisfaction_in_airline,1,0,4,9,GreedyRuleList,86586,43294,21,94,0.8463066475724119,0.8372796501372386,0.8904280175690736,0.6944111682811906,0.2513163313269615,0.05396288353949785,,,,,
customer_satisfaction_in_airline,1,0,4,9,Dummy,86586,43294,21,94,0.5473275742597127,0.5,0.5,0.0,0.00135752372443676,0.0002098381519317627,,,,,
customer_satisfaction_in_airline,1,1,5,9,RFR,86587,43293,21,92,0.7251287737047559,0.7307500362986011,0.7425016093614489,0.4607261247950944,0.15412873029708862,0.010847081430256367,2,2,1.0,2,1.0
customer_satisfaction_in_airline,1,1,5,9,GPR,86587,43293,21,92,0.7616011826392257,0.7517895343880061,0.7517895343880061,0.518447608174861,2.4426079150289297,0.05134252551943064,3,6,2.0,6,2.0
customer_satisfaction_in_airline,1,1,5,9,FIGS,86587,43293,21,92,0.8640888827293096,0.8637068948943081,0.9391671159774245,0.7262990391628154,2.906173692084849,0.07448453176766634,,,,,
customer_satisfaction_in_airline,1,1,5,9,HSTree,86587,43293,21,92,0.884600281800753,0.8839713060849996,0.9429285456006732,0.7673353664795388,0.34058126620948315,0.011250467970967293,,,,,
customer_satisfaction_in_airline,1,1,5,9,GreedyRuleList,86587,43293,21,92,0.8456563416718638,0.8363115141126791,0.8906984903468633,0.6936597769338367,0.2490096352994442,0.054042273201048374,,,,,
customer_satisfaction_in_airline,1,1,5,9,Dummy,86587,43293,21,92,0.5473402166632019,0.5,0.5,0.0,0.0013005854561924934,0.00020861811935901642,,,,,
customer_satisfaction_in_airline,1,2,6,9,RFR,86587,43293,21,93,0.7175524911648534,0.7106152939756978,0.7069654378821444,0.42682670080765717,0.15246465429663658,0.011127348989248276,2,3,1.5,3,1.5
customer_satisfaction_in_airline,1,2,6,9,GPR,86587,43293,21,93,0.7635876469637124,0.7701878888253602,0.7701878888253603,0.5400626196499829,1.9369697831571102,0.05004101153463125,2,4,2.0,4,2.0
customer_satisfaction_in_airline,1,2,6,9,FIGS,86587,43293,21,93,0.8644815559097314,0.8654824399206493,0.9389903853701218,0.7285248916426686,2.9419074822217226,0.07528740540146828,,,,,
customer_satisfaction_in_airline,1,2,6,9,HSTree,86587,43293,21,93,0.8823597348301111,0.8821502590333266,0.9438187221303939,0.7631217050697189,0.34801711700856686,0.011356347240507603,,,,,
customer_satisfaction_in_airline,1,2,6,9,GreedyRuleList,86587,43293,21,93,0.8459566211627746,0.8368470123721881,0.8907837973742794,0.693842553723515,0.25506412144750357,0.054568747989833355,,,,,
customer_satisfaction_in_airline,1,2,6,9,Dummy,86587,43293,21,93,0.5473171182408242,0.5,0.5,0.0,0.0016916198655962944,0.00021547731012105942,,,,,
customer_satisfaction_in_airline,2,0,7,9,RFR,86586,43294,21,94,0.6719868803991316,0.6871092586925631,0.6981145068458734,0.38854908538831034,0.16466983314603567,0.01076988410204649,2,2,1.0,2,1.0
customer_satisfaction_in_airline,2,0,7,9,GPR,86586,43294,21,94,0.781124405229362,0.7734274282766249,0.7734274282766248,0.5573597596222294,3.16883113887161,0.0518189612776041,4,5,1.25,5,1.25
customer_satisfaction_in_airline,2,0,7,9,FIGS,86586,43294,21,94,0.8661939298748095,0.8669542902653945,0.9409368204264943,0.7316574385036706,2.972492089495063,0.07584481034427881,,,,,
customer_satisfaction_in_airline,2,0,7,9,HSTree,86586,43294,21,94,0.8842102831801173,0.8836554352546964,0.9442505396191332,0.7665979755247472,0.35186580289155245,0.01112086046487093,,,,,
customer_satisfaction_in_airline,2,0,7,9,GreedyRuleList,86586,43294,21,94,0.8473922483485009,0.8381037151092117,0.8911988637463799,0.6971991374706296,0.2545481249690056,0.054167674854397774,,,,,
customer_satisfaction_in_airline,2,0,7,9,Dummy,86586,43294,21,94,0.5473275742597127,0.5,0.5,0.0,0.0016791699454188347,0.00020275823771953583,,,,,
customer_satisfaction_in_airline,2,1,8,9,RFR,86587,43293,21,94,0.6732266186219481,0.6541240036792,0.6543266317478833,0.3403780310539568,0.15957081876695156,0.011388116516172886,2,3,1.5,3,1.5
customer_satisfaction_in_airline,2,1,8,9,GPR,86587,43293,21,94,0.8146120619961656,0.8157509547031703,0.8157509547031703,0.6290667696276294,3.7049330230802298,0.053873488679528236,4,9,2.25,10,2.5
customer_satisfaction_in_airline,2,1,8,9,FIGS,86587,43293,21,94,0.8675305476635946,0.8680778388874097,0.9396741464496781,0.7340903624049335,2.907618450000882,0.07595171127468348,,,,,
customer_satisfaction_in_airline,2,1,8,9,HSTree,86587,43293,21,94,0.8853625297392188,0.8838114068276584,0.9447256159969091,0.7684584288072334,0.3554542222991586,0.011511475779116154,,,,,
customer_satisfaction_in_airline,2,1,8,9,GreedyRuleList,86587,43293,21,94,0.8467419675236182,0.8376342552948324,0.8914539409858135,0.6954698733412088,0.24391914624720812,0.051559376530349255,,,,,
customer_satisfaction_in_airline,2,1,8,9,Dummy,86587,43293,21,94,0.5473402166632019,0.5,0.5,0.0,0.0016199611127376556,0.00020982790738344193,,,,,
customer_satisfaction_in_airline,2,2,9,9,RFR,86587,43293,21,92,0.7241586399648904,0.7296328055058825,0.7418602989513144,0.458401780964296,0.1731792949140072,0.010884242132306099,2,2,1.0,2,1.0
customer_satisfaction_in_airline,2,2,9,9,GPR,86587,43293,21,92,0.7632873674728016,0.7703414663433041,0.7703414663433041,0.5408552932431432,2.4799058102071285,0.05239279754459858,3,8,2.6666666666666665,8,2.6666666666666665
customer_satisfaction_in_airline,2,2,9,9,FIGS,86587,43293,21,92,0.8624719931628669,0.8621335305132207,0.937125794840506,0.723091084826523,2.8926726579666138,0.07390940748155117,,,,,
customer_satisfaction_in_airline,2,2,9,9,HSTree,86587,43293,21,92,0.8848312660245305,0.8815231231095947,0.9418952954813787,0.7674119489551651,0.3469358589500189,0.011500556021928787,,,,,
customer_satisfaction_in_airline,2,2,9,9,GreedyRuleList,86587,43293,21,92,0.843785369459266,0.8347002530995395,0.8892600803476315,0.689246288935919,0.25351842027157545,0.05081856530159712,,,,,
customer_satisfaction_in_airline,2,2,9,9,Dummy,86587,43293,21,92,0.5473171182408242,0.5,0.5,0.0,0.001316993497312069,0.00021410826593637466,,,,,
diabetes_130_us,0,0,1,9,RFR,47678,23840,44,535,0.911996644295302,0.5,0.5,0.0,0.16128993779420853,0.03530863765627146,1,2,2.0,2,2.0
diabetes_130_us,0,0,1,9,GPR,47678,23840,44,535,0.911996644295302,0.5,0.5,0.0,2.056906659156084,0.1395479030907154,1,6,6.0,6,6.0
diabetes_130_us,0,0,1,9,FIGS,47678,23840,44,535,0.911744966442953,0.5013692949442018,0.6286081119084463,0.026797458777541413,4.983066557906568,0.05782269686460495,,,,,
diabetes_130_us,0,0,1,9,HSTree,47678,23840,44,535,0.9117869127516779,0.5024689181447496,0.6293882548780967,0.04013297534376354,1.3923371406272054,0.01289735920727253,,,,,
diabetes_130_us,0,0,1,9,GreedyRuleList,47678,23840,44,535,0.911996644295302,0.5,0.6041414025245713,0.0,1.013395725749433,0.04405796620994806,,,,,
diabetes_130_us,0,0,1,9,Dummy,47678,23840,44,535,0.911996644295302,0.5,0.5,0.0,0.0062271784991025925,0.00020494870841503143,,,,,
diabetes_130_us,0,1,2,9,RFR,47679,23839,44,542,0.9120349007928185,0.5,0.5,0.0,0.14534241892397404,0.0363225769251585,1,2,2.0,2,2.0
diabetes_130_us,0,1,2,9,GPR,47679,23839,44,542,0.9120349007928185,0.5,0.5,0.0,2.022689345292747,0.14030847884714603,1,5,5.0,5,5.0
diabetes_130_us,0,1,2,9,FIGS,47679,23839,44,542,0.9120349007928185,0.5023698278598804,0.6294885808501985,0.044212074038169395,4.646929523907602,0.04251445736736059,,,,,
diabetes_130_us,0,1,2,9,HSTree,47679,23839,44,542,0.9121607449976928,0.50459320771661,0.6262914435017992,0.06438345231255456,0.9262982364743948,0.01283183228224516,,,,,
diabetes_130_us,0,1,2,9,GreedyRuleList,47679,23839,44,542,0.9120349007928185,0.5,0.6102474144371455,0.0,0.8524215845391154,0.04267597571015358,,,,,
diabetes_130_us,0,1,2,9,Dummy,47679,23839,44,542,0.9120349007928185,0.5,0.5,0.0,0.006281537003815174,0.00020680855959653854,,,,,
diabetes_130_us,0,2,3,9,RFR,47679,23839,44,539,0.9119929527245271,0.5,0.5,0.0,0.16359082143753767,0.03606644179672003,1,2,2.0,2,2.0
diabetes_130_us,0,2,3,9,GPR,47679,23839,44,539,0.9119090565879441,0.5001693281451198,0.5001693281451198,0.0074073705882874725,2.0081250444054604,0.13962123170495033,1,2,2.0,4,4.0
diabetes_130_us,0,2,3,9,FIGS,47679,23839,44,539,0.9118251604513612,0.5003386562902397,0.6349969322085393,0.010476483068322776,4.740793044678867,0.0424901582300663,,,,,
diabetes_130_us,0,2,3,9,HSTree,47679,23839,44,539,0.9120349007928185,0.5006689705905502,0.6312417980480752,0.026175564208046568,0.7642174204811454,0.0128194410353899,,,,,
diabetes_130_us,0,2,3,9,GreedyRuleList,47679,23839,44,539,0.9119929527245271,0.5,0.6018361191194945,0.0,0.6074125673621893,0.03721656836569309,,,,,
diabetes_130_us,0,2,3,9,Dummy,47679,23839,44,539,0.9119929527245271,0.5,0.5,0.0,0.0062897466123104095,0.00020266789942979813,,,,,
diabetes_130_us,1,0,4,9,RFR,47678,23840,44,539,0.9118708053691276,0.4999310091067979,0.4999310091067979,-0.003484879978779997,0.14523561857640743,0.03588355425745249,1,2,2.0,2,2.0
diabetes_130_us,1,0,4,9,GPR,47678,23840,44,539,0.911996644295302,0.5,0.5,0.0,1.9903996968641877,0.1391772897914052,1,5,5.0,5,5.0
diabetes_130_us,1,0,4,9,FIGS,47678,23840,44,539,0.9121644295302014,0.5024605655771265,0.6229272917099824,0.050756546474370674,4.907368254847825,0.05384100880473852,,,,,
diabetes_130_us,1,0,4,9,HSTree,47678,23840,44,539,0.9115352348993289,0.5019002858638866,0.6126763893476833,0.029877894990076877,1.0911372834816575,0.012782623060047626,,,,,
diabetes_130_us,1,0,4,9,GreedyRuleList,47678,23840,44,539,0.911996644295302,0.5,0.5987217480428904,0.0,0.969913337379694,0.045270876958966255,,,,,
diabetes_130_us,1,0,4,9,Dummy,47678,23840,44,539,0.911996644295302,0.5,0.5,0.0,0.006204519420862198,0.00021017715334892273,,,,,
diabetes_130_us,1,1,5,9,RFR,47679,23839,44,539,0.9120349007928185,0.5,0.5,0.0,0.15299937408417463,0.03557740896940231,1,2,2.0,2,2.0
diabetes_130_us,1,1,5,9,GPR,47679,23839,44,539,0.91207684886111,0.5004538747571062,0.5004538747571062,0.02292121687516611,1.9521325584501028,0.14181213360279799,1,1,1.0,2,2.0
diabetes_130_us,1,1,5,9,FIGS,47679,23839,44,539,0.9120349007928185,0.5006463166890582,0.6226128942586636,0.023081251076186648,5.033038180321455,0.05089213326573372,,,,,
diabetes_130_us,1,1,5,9,HSTree,47679,23839,44,539,0.9121187969294015,0.5017695050996235,0.6310822145534968,0.04137617144144462,1.051691411063075,0.012992781586945057,,,,,
diabetes_130_us,1,1,5,9,GreedyRuleList,47679,23839,44,539,0.9120349007928185,0.5,0.6087276956313488,0.0,0.918138992972672,0.04342033062130213,,,,,
diabetes_130_us,1,1,5,9,Dummy,47679,23839,44,539,0.9120349007928185,0.5,0.5,0.0,0.006223457865417004,0.00020161829888820648,,,,,
diabetes_130_us,1,2,6,9,RFR,47679,23839,44,536,0.9118671085196527,0.4999310059334897,0.4999310059334897,-0.00348503322531092,0.15475347731262445,0.03588602691888809,1,2,2.0,2,2.0
diabetes_130_us,1,2,6,9,GPR,47679,23839,44,536,0.9119929527245271,0.5,0.5,0.0,1.9599102344363928,0.1370149226859212,1,2,2.0,2,2.0
diabetes_130_us,1,2,6,9,FIGS,47679,23839,44,536,0.9121187969294015,0.5015762633927305,0.6266922674773897,0.04158734037281021,5.123756950721145,0.0602793674916029,,,,,
diabetes_130_us,1,2,6,9,HSTree,47679,23839,44,536,0.9119929527245271,0.5038758354102806,0.6231220602158816,0.05655496306769331,1.0977884512394667,0.012833203189074993,,,,,
diabetes_130_us,1,2,6,9,GreedyRuleList,47679,23839,44,536,0.9119929527245271,0.5,0.6170163045673019,0.0,0.9549493547528982,0.045995562337338924,,,,,
diabetes_130_us,1,2,6,9,Dummy,47679,23839,44,536,0.9119929527245271,0.5,0.5,0.0,0.006251638755202293,0.0002032676711678505,,,,,
diabetes_130_us,2,0,7,9,RFR,47678,23840,44,538,0.9116191275167785,0.5028075807816057,0.5388579860937861,0.040410854505058214,0.14913693629205227,0.036577919498085976,2,4,2.0,4,2.0
diabetes_130_us,2,0,7,9,GPR,47678,23840,44,538,0.911996644295302,0.5,0.5,0.0,2.029285904020071,0.140200381167233,1,5,5.0,5,5.0
diabetes_130_us,2,0,7,9,FIGS,47678,23840,44,538,0.9120385906040268,0.5026068999311538,0.632532952742707,0.0475772567554217,5.130438449792564,0.06456021871417761,,,,,
diabetes_130_us,2,0,7,9,HSTree,47678,23840,44,538,0.9113674496644295,0.5050381767147251,0.6321436704768699,0.05474430398306118,1.037721462547779,0.012901072390377522,,,,,
diabetes_130_us,2,0,7,9,GreedyRuleList,47678,23840,44,538,0.911996644295302,0.5,0.6114894697579615,0.0,0.911005956120789,0.04399305488914251,,,,,
diabetes_130_us,2,0,7,9,Dummy,47678,23840,44,538,0.911996644295302,0.5,0.5,0.0,0.006284528411924839,0.0002026669681072235,,,,,
diabetes_130_us,2,1,8,9,RFR,47679,23839,44,538,0.9119929527245271,0.4999770030355993,0.4999770030355993,-0.002011474641424933,0.15751425549387932,0.03596189804375172,1,2,2.0,2,2.0
diabetes_130_us,2,1,8,9,GPR,47679,23839,44,538,0.9120349007928185,0.5,0.5,0.0,1.9295054944232106,0.1387770613655448,1,2,2.0,2,2.0
diabetes_130_us,2,1,8,9,FIGS,47679,23839,44,538,0.9119510046562356,0.5003848838639041,0.6240577331059826,0.013744966280984925,5.1025159591808915,0.06166365463286638,,,,,
diabetes_130_us,2,1,8,9,HSTree,47679,23839,44,538,0.9121187969294015,0.5039238940631511,0.617419901145295,0.05890100147304448,1.3076994819566607,0.013005620799958706,,,,,
diabetes_130_us,2,1,8,9,GreedyRuleList,47679,23839,44,538,0.9120349007928185,0.5,0.5970841581863031,0.0,0.9694660035893321,0.04534451197832823,,,,,
diabetes_130_us,2,1,8,9,Dummy,47679,23839,44,538,0.9120349007928185,0.5,0.5,0.0,0.006249548867344856,0.00020529702305793762,,,,,
diabetes_130_us,2,2,9,9,RFR,47679,23839,44,538,0.9119929527245271,0.5,0.5,0.0,0.15359455347061157,0.03664882108569145,1,2,2.0,2,2.0
diabetes_130_us,2,2,9,9,GPR,47679,23839,44,538,0.9119090565879441,0.4999540039556598,0.4999540039556598,-0.002845458025266707,1.9179789191111922,0.1376925865188241,1,2,2.0,2,2.0
diabetes_130_us,2,2,9,9,FIGS,47679,23839,44,538,0.9119090565879441,0.5012459490924199,0.623914965810557,0.02914018611240356,4.690058885142207,0.03631004597991705,,,,,
diabetes_130_us,2,2,9,9,HSTree,47679,23839,44,538,0.9119510046562356,0.5023455680618902,0.6252292512567466,0.04280773074039951,1.080318421125412,0.012964592315256596,,,,,
diabetes_130_us,2,2,9,9,GreedyRuleList,47679,23839,44,538,0.9119929527245271,0.5,0.6166923591186982,0.0,0.9720611674711108,0.04429379478096962,,,,,
diabetes_130_us,2,2,9,9,Dummy,47679,23839,44,538,0.9119929527245271,0.5,0.5,0.0,0.006272079423069954,0.00021338742226362228,,,,,
drug_induced_autoimmunity_prediction,0,0,1,60,RFR,398,199,176,176,0.7487437185929648,0.5,0.4900671140939598,0.0,0.0024530617520213127,0.00018582772463560104,1,2,2.0,2,2.0
drug_induced_autoimmunity_prediction,0,0,1,60,GPR,398,199,176,176,0.7336683417085427,0.4899328859060403,0.4899328859060403,-0.0716678637954269,0.535222033970058,0.00024140719324350357,1,3,3.0,4,4.0
drug_induced_autoimmunity_prediction,0,0,1,60,FIGS,398,199,176,176,0.7839195979899497,0.6497315436241611,0.6522147651006711,0.35816731078315084,0.21993607189506292,0.0008372096344828606,,,,,
drug_induced_autoimmunity_prediction,0,0,1,60,HSTree,398,199,176,176,0.8040201005025126,0.6963758389261745,0.7073154362416108,0.437862564272383,0.015409363433718681,0.00018729828298091888,,,,,
drug_induced_autoimmunity_prediction,0,0,1,60,GreedyRuleList,398,199,176,176,0.7487437185929648,0.5,0.5365100671140939,0.0,0.0039552440866827965,0.00021585822105407715,,,,,
drug_induced_autoimmunity_prediction,0,0,1,60,Dummy,398,199,176,176,0.7487437185929648,0.5,0.5,0.0,0.00031471624970436096,0.0002189483493566513,,,,,
drug_induced_autoimmunity_prediction,0,1,2,60,RFR,398,199,176,176,0.7386934673366834,0.5106122448979592,0.5106122448979592,0.044003059490675435,0.002409401349723339,0.00016350764781236649,1,1,1.0,1,1.0
drug_induced_autoimmunity_prediction,0,1,2,60,GPR,398,199,176,176,0.7638190954773869,0.5410204081632652,0.5410204081632652,0.1799334741900337,0.6373993903398514,0.00023998692631721497,2,5,2.5,6,3.0
drug_induced_autoimmunity_prediction,0,1,2,60,FIGS,398,199,176,176,0.7738693467336684,0.623265306122449,0.569455782312925,0.30544811753178025,0.23199863359332085,0.0009505497291684151,,,,,
drug_induced_autoimmunity_prediction,0,1,2,60,HSTree,398,199,176,176,0.7537688442211056,0.6374149659863946,0.6655782312925169,0.29544669904870985,0.014888000674545765,0.00019069761037826538,,,,,
drug_induced_autoimmunity_prediction,0,1,2,60,GreedyRuleList,398,199,176,176,0.7185929648241206,0.6140816326530611,0.559047619047619,0.23142947498594182,0.01169846672564745,0.00037651509046554565,,,,,
drug_induced_autoimmunity_prediction,0,1,2,60,Dummy,398,199,176,176,0.7537688442211056,0.5,0.5,0.0,0.00030480604618787766,0.0002153674140572548,,,,,
drug_induced_autoimmunity_prediction,0,2,3,60,RFR,398,199,176,176,0.7135678391959799,0.5214285714285715,0.6057142857142858,0.058880150398414474,0.0022812848910689354,0.00015760865062475204,1,1,1.0,1,1.0
drug_induced_autoimmunity_prediction,0,2,3,60,GPR,398,199,176,176,0.7135678391959799,0.5214285714285715,0.5214285714285714,0.058880150398414474,0.6591245150193572,0.00024457741528749466,2,6,3.0,6,3.0
drug_induced_autoimmunity_prediction,0,2,3,60,FIGS,398,199,176,176,0.7437185929648241,0.6444897959183673,0.6624489795918367,0.29531547930817065,0.22380832955241203,0.0009278589859604836,,,,,
drug_induced_autoimmunity_prediction,0,2,3,60,HSTree,398,199,176,176,0.7688442211055276,0.6817687074829932,0.6915646258503402,0.36874153676949106,0.01643124222755432,0.00019387807697057724,,,,,
drug_induced_autoimmunity_prediction,0,2,3,60,GreedyRuleList,398,199,176,176,0.7236180904522613,0.6174149659863946,0.6566666666666666,0.23997858629279778,0.012621565721929073,0.00040486548095941544,,,,,
drug_induced_autoimmunity_prediction,0,2,3,60,Dummy,398,199,176,176,0.7537688442211056,0.5,0.5,0.0,0.00028868578374385834,0.00020685791969299316,,,,,
drug_induced_autoimmunity_prediction,1,0,4,60,RFR,398,199,176,176,0.7437185929648241,0.5365100671140939,0.5893288590604027,0.128171838845389,0.00239380169659853,0.00016010832041502,1,1,1.0,1,1.0
drug_induced_autoimmunity_prediction,1,0,4,60,GPR,398,199,176,176,0.7487437185929648,0.5531543624161074,0.5531543624161073,0.16957487633527457,0.7520700581371784,0.00026670657098293304,3,7,2.3333333333333335,7,2.3333333333333335
drug_induced_autoimmunity_prediction,1,0,4,60,FIGS,398,199,176,176,0.7788944723618091,0.6131543624161073,0.5728859060402685,0.3130267558673421,0.21018969547003508,0.0006877519190311432,,,,,
drug_induced_autoimmunity_prediction,1,0,4,60,HSTree,398,199,176,176,0.7738693467336684,0.6563087248322148,0.7102013422818791,0.3485242351983527,0.013700563460588455,0.0001809876412153244,,,,,
drug_induced_autoimmunity_prediction,1,0,4,60,GreedyRuleList,398,199,176,176,0.7185929648241206,0.5396644295302013,0.6232214765100671,0.10565369723400032,0.009395413100719452,0.00031797681003808975,,,,,
drug_induced_autoimmunity_prediction,1,0,4,60,Dummy,398,199,176,176,0.7487437185929648,0.5,0.5,0.0,0.00033096596598625183,0.00019291695207357407,,,,,
drug_induced_autoimmunity_prediction,1,1,5,60,RFR,398,199,176,176,0.7537688442211056,0.5137414965986394,0.45646258503401366,0.084364628523819,0.0024450719356536865,0.00018380768597126007,1,2,2.0,2,2.0
drug_induced_autoimmunity_prediction,1,1,5,60,GPR,398,199,176,176,0.7537688442211056,0.5137414965986394,0.5137414965986395,0.084364628523819,0.5330651560798287,0.0002438882365822792,1,1,1.0,1,1.0
drug_induced_autoimmunity_prediction,1,1,5,60,FIGS,398,199,176,176,0.7286432160804021,0.6001360544217688,0.6716326530612245,0.21735610632775576,0.2209448730573058,0.0011016679927706718,,,,,
drug_induced_autoimmunity_prediction,1,1,5,60,HSTree,398,199,176,176,0.7236180904522613,0.5830612244897959,0.6570068027210884,0.18592035579440663,0.013147510588169098,0.00018180720508098602,,,,,
drug_induced_autoimmunity_prediction,1,1,5,60,GreedyRuleList,398,199,176,176,0.7336683417085427,0.5622448979591836,0.6549659863945578,0.15913572936754253,0.01128867082297802,0.0003646751865744591,,,,,
drug_induced_autoimmunity_prediction,1,1,5,60,Dummy,398,199,176,176,0.7537688442211056,0.5,0.5,0.0,0.0003255661576986313,0.00019443687051534653,,,,,
drug_induced_autoimmunity_prediction,1,2,6,60,RFR,398,199,176,176,0.7587939698492462,0.537687074829932,0.5370068027210885,0.15626727537073198,0.0024074530228972435,0.0002145068719983101,1,1,1.0,1,1.0
drug_induced_autoimmunity_prediction,1,2,6,60,GPR,398,199,176,176,0.7537688442211056,0.5,0.5,0.0,0.5343303326517344,0.00023963861167430878,1,2,2.0,2,2.0
drug_induced_autoimmunity_prediction,1,2,6,60,FIGS,398,199,176,176,0.7889447236180904,0.6813605442176871,0.6862585034013605,0.39366262192241636,0.2397619690746069,0.0009135492146015167,,,,,
drug_induced_autoimmunity_prediction,1,2,6,60,HSTree,398,199,176,176,0.7738693467336684,0.6507482993197279,0.6280272108843538,0.3374279348406266,0.015087469480931759,0.00018302816897630692,,,,,
drug_induced_autoimmunity_prediction,1,2,6,60,GreedyRuleList,398,199,176,176,0.7587939698492462,0.6338775510204082,0.6253741496598639,0.2964988786731616,0.010739087127149105,0.0003550564870238304,,,,,
drug_induced_autoimmunity_prediction,1,2,6,60,Dummy,398,199,176,176,0.7537688442211056,0.5,0.5,0.0,0.0003076978027820587,0.00019206851720809937,,,,,
drug_induced_autoimmunity_prediction,2,0,7,60,RFR,398,199,176,176,0.7437185929648241,0.5365100671140939,0.5942953020134227,0.128171838845389,0.0020480072125792503,0.00016661826521158218,1,1,1.0,1,1.0
drug_induced_autoimmunity_prediction,2,0,7,60,GPR,398,199,176,176,0.7437185929648241,0.4966442953020134,0.4966442953020134,-0.04116795297945325,0.538639166392386,0.00028084591031074524,1,2,2.0,2,2.0
drug_induced_autoimmunity_prediction,2,0,7,60,FIGS,398,199,176,176,0.7688442211055276,0.6130872483221477,0.5898657718120806,0.2910797835364825,0.23221772629767656,0.0009991880506277084,,,,,
drug_induced_autoimmunity_prediction,2,0,7,60,HSTree,398,199,176,176,0.7236180904522613,0.5695973154362416,0.6416107382550336,0.1664811749359603,0.01455269381403923,0.00018476787954568863,,,,,
drug_induced_autoimmunity_prediction,2,0,7,60,GreedyRuleList,398,199,176,176,0.7386934673366834,0.5863087248322147,0.5973154362416108,0.20924681323689057,0.011676677502691746,0.00038074515759944916,,,,,
drug_induced_autoimmunity_prediction,2,0,7,60,Dummy,398,199,176,176,0.7487437185929648,0.5,0.5,0.0,0.0003324858844280243,0.00019141752272844315,,,,,
drug_induced_autoimmunity_prediction,2,1,8,60,RFR,398,199,176,176,0.7386934673366834,0.5037414965986394,0.5037414965986395,0.017499247982361122,0.002482231706380844,0.00020236801356077194,1,1,1.0,1,1.0
drug_induced_autoimmunity_prediction,2,1,8,60,GPR,398,199,176,176,0.7386934673366834,0.5037414965986394,0.5037414965986395,0.017499247982361122,0.5755773466080427,0.00023168697953224182,1,2,2.0,2,2.0
drug_induced_autoimmunity_prediction,2,1,8,60,FIGS,398,199,176,176,0.7587939698492462,0.6407482993197279,0.7129251700680271,0.30550936412508606,0.23983317892998457,0.000908619724214077,,,,,
drug_induced_autoimmunity_prediction,2,1,8,60,HSTree,398,199,176,176,0.7336683417085427,0.6240816326530612,0.5987755102040817,0.257625576793032,0.013487015850841999,0.00018498767167329788,,,,,
drug_induced_autoimmunity_prediction,2,1,8,60,GreedyRuleList,398,199,176,176,0.7437185929648241,0.49333333333333335,0.567687074829932,-0.0575883048852809,0.009122665971517563,0.00031669624149799347,,,,,
drug_induced_autoimmunity_prediction,2,1,8,60,Dummy,398,199,176,176,0.7537688442211056,0.5,0.5,0.0,0.00030167773365974426,0.00020001642405986786,,,,,
drug_induced_autoimmunity_prediction,2,2,9,60,RFR,398,199,176,176,0.7437185929648241,0.527687074829932,0.5270068027210884,0.10021651896570133,0.002426023595035076,0.0001707281917333603,1,1,1.0,1,1.0
drug_induced_autoimmunity_prediction,2,2,9,60,GPR,398,199,176,176,0.7537688442211056,0.527482993197279,0.527482993197279,0.12055244373594298,0.6418419051915407,0.0002536773681640625,2,4,2.0,5,2.5
drug_induced_autoimmunity_prediction,2,2,9,60,FIGS,398,199,176,176,0.7839195979899497,0.6436734693877552,0.6971428571428572,0.34597623212304435,0.22336549777537584,0.0009426483884453773,,,,,
drug_induced_autoimmunity_prediction,2,2,9,60,HSTree,398,199,176,176,0.7236180904522613,0.6517687074829932,0.700204081632653,0.2907996426519004,0.016194934956729412,0.00018423795700073242,,,,,
drug_induced_autoimmunity_prediction,2,2,9,60,GreedyRuleList,398,199,176,176,0.7085427135678392,0.648639455782313,0.6621768707482993,0.2777814950868328,0.011869735084474087,0.0003747958689928055,,,,,
drug_induced_autoimmunity_prediction,2,2,9,60,Dummy,398,199,176,176,0.7537688442211056,0.5,0.5,0.0,0.00033362582325935364,0.00019408762454986572,,,,,
drug_induced_autoimmunity_prediction,3,0,10,60,RFR,398,199,176,176,0.7286432160804021,0.5131543624161073,0.5123489932885906,0.04793652065057423,0.0023435931652784348,0.00016848742961883545,1,1,1.0,1,1.0
drug_induced_autoimmunity_prediction,3,0,10,60,GPR,398,199,176,176,0.7135678391959799,0.4897986577181208,0.4897986577181208,-0.038724889247607856,0.6339372470974922,0.00024108774960041046,2,4,2.0,4,2.0
drug_induced_autoimmunity_prediction,3,0,10,60,FIGS,398,199,176,176,0.7085427135678392,0.6126845637583892,0.6207382550335571,0.2253691275167785,0.20601442642509937,0.0010042889043688774,,,,,
drug_induced_autoimmunity_prediction,3,0,10,60,HSTree,398,199,176,176,0.7085427135678392,0.6126845637583892,0.5867785234899329,0.2253691275167785,0.014441625215113163,0.00018399767577648163,,,,,
drug_induced_autoimmunity_prediction,3,0,10,60,GreedyRuleList,398,199,176,176,0.7286432160804021,0.5264429530201342,0.6059731543624162,0.08435921878295226,0.011000215075910091,0.0003475164994597435,,,,,
drug_induced_autoimmunity_prediction,3,0,10,60,Dummy,398,199,176,176,0.7487437185929648,0.5,0.5,0.0,0.00031324755400419235,0.00019175652414560318,,,,,
drug_induced_autoimmunity_prediction,3,1,11,60,RFR,398,199,176,176,0.7638190954773869,0.5272789115646258,0.5068707482993198,0.16747631702005653,0.0024016425013542175,0.00018772762268781662,1,2,2.0,2,2.0
drug_induced_autoimmunity_prediction,3,1,11,60,GPR,398,199,176,176,0.7537688442211056,0.5068707482993197,0.5068707482993198,0.059351212177687455,0.5370542900636792,0.00024253688752651215,1,2,2.0,2,2.0
drug_induced_autoimmunity_prediction,3,1,11,60,FIGS,398,199,176,176,0.8040201005025126,0.6363945578231293,0.610204081632653,0.3908671697358375,0.2121001686900854,0.0007049432024359703,,,,,
drug_induced_autoimmunity_prediction,3,1,11,60,HSTree,398,199,176,176,0.7839195979899497,0.6436734693877552,0.6426530612244898,0.34597623212304435,0.01334173884242773,0.00018072780221700668,,,,,
drug_induced_autoimmunity_prediction,3,1,11,60,GreedyRuleList,398,199,176,176,0.7487437185929648,0.49666666666666665,0.5599319727891157,-0.040618119722996164,0.0073221465572714806,0.0002693869173526764,,,,,
drug_induced_autoimmunity_prediction,3,1,11,60,Dummy,398,199,176,176,0.7537688442211056,0.5,0.5,0.0,0.0003135157749056816,0.00019617844372987747,,,,,
drug_induced_autoimmunity_prediction,3,2,12,60,RFR,398,199,176,176,0.7487437185929648,0.537891156462585,0.537891156462585,0.1321245062535247,0.002333163283765316,0.00016562826931476593,1,1,1.0,1,1.0
drug_induced_autoimmunity_prediction,3,2,12,60,GPR,398,199,176,176,0.7437185929648241,0.5208163265306123,0.5208163265306123,0.08210069903077019,0.5294283889234066,0.00023011676967144012,1,2,2.0,2,2.0
drug_induced_autoimmunity_prediction,3,2,12,60,FIGS,398,199,176,176,0.7788944723618091,0.6472108843537414,0.5856462585034012,0.3410378430913608,0.23392575979232788,0.0008894903585314751,,,,,
drug_induced_autoimmunity_prediction,3,2,12,60,HSTree,398,199,176,176,0.7889447236180904,0.6676190476190476,0.7481632653061224,0.3793508729199573,0.013293048366904259,0.00018000882118940353,,,,,
drug_induced_autoimmunity_prediction,3,2,12,60,GreedyRuleList,398,199,176,176,0.7437185929648241,0.630748299319728,0.6700680272108843,0.2760801882323324,0.010728578083217144,0.00035592634230852127,,,,,
drug_induced_autoimmunity_prediction,3,2,12,60,Dummy,398,199,176,176,0.7537688442211056,0.5,0.5,0.0,0.0003290269523859024,0.00019305851310491562,,,,,
drug_induced_autoimmunity_prediction,4,0,13,60,RFR,398,199,176,176,0.7487437185929648,0.5132885906040269,0.5668456375838926,0.08213717325143778,0.0021483562886714935,0.00019048713147640228,2,2,1.0,2,1.0
drug_induced_autoimmunity_prediction,4,0,13,60,GPR,398,199,176,176,0.7487437185929648,0.5132885906040269,0.5132885906040269,0.08213717325143778,0.5335925938561559,0.00033669639378786087,1,1,1.0,1,1.0
drug_induced_autoimmunity_prediction,4,0,13,60,FIGS,398,199,176,176,0.7788944723618091,0.6463758389261745,0.6424161073825503,0.34565616282073297,0.2212449349462986,0.0009470097720623016,,,,,
drug_induced_autoimmunity_prediction,4,0,13,60,HSTree,398,199,176,176,0.7336683417085427,0.6228187919463087,0.5853691275167786,0.2588668424449057,0.014601113274693489,0.00018340814858675003,,,,,
drug_induced_autoimmunity_prediction,4,0,13,60,GreedyRuleList,398,199,176,176,0.7688442211055276,0.5599328859060403,0.5995302013422819,0.23798107415323153,0.009681819938123226,0.00034093577414751053,,,,,
drug_induced_autoimmunity_prediction,4,0,13,60,Dummy,398,199,176,176,0.7487437185929648,0.5,0.5,0.0,0.0003304462879896164,0.00019315630197525024,,,,,
drug_induced_autoimmunity_prediction,4,1,14,60,RFR,398,199,176,176,0.7286432160804021,0.5039455782312925,0.5039455782312926,0.0148767839791355,0.002412521280348301,0.0002117464318871498,1,1,1.0,1,1.0
drug_induced_autoimmunity_prediction,4,1,14,60,GPR,398,199,176,176,0.7638190954773869,0.547891156462585,0.547891156462585,0.18888526835837324,0.7609660401940346,0.00024380628019571304,3,5,1.6666666666666667,5,1.6666666666666667
drug_induced_autoimmunity_prediction,4,1,14,60,FIGS,398,199,176,176,0.7738693467336684,0.6576190476190477,0.6388435374149659,0.3455235299551139,0.23638660367578268,0.0008810702711343765,,,,,
drug_induced_autoimmunity_prediction,4,1,14,60,HSTree,398,199,176,176,0.7286432160804021,0.6413605442176871,0.6531972789115646,0.27898825977978586,0.014568043872714043,0.00018031802028417587,,,,,
drug_induced_autoimmunity_prediction,4,1,14,60,GreedyRuleList,398,199,176,176,0.7286432160804021,0.5863945578231293,0.6759183673469387,0.1955258151819585,0.011617998592555523,0.000372815877199173,,,,,
drug_induced_autoimmunity_prediction,4,1,14,60,Dummy,398,199,176,176,0.7537688442211056,0.5,0.5,0.0,0.0003292262554168701,0.00019071809947490692,,,,,
drug_induced_autoimmunity_prediction,4,2,15,60,RFR,398,199,176,176,0.7537688442211056,0.5068707482993197,0.4872789115646258,0.059351212177687455,0.00218038447201252,0.0001597478985786438,1,2,2.0,2,2.0
drug_induced_autoimmunity_prediction,4,2,15,60,GPR,398,199,176,176,0.7688442211055276,0.5443537414965987,0.5443537414965987,0.20744563062726273,0.6356808766722679,0.0002490868791937828,2,4,2.0,6,3.0
drug_induced_autoimmunity_prediction,4,2,15,60,FIGS,398,199,176,176,0.8040201005025126,0.6707482993197279,0.6906802721088435,0.41117440465380745,0.24595797527581453,0.0010092295706272125,,,,,
drug_induced_autoimmunity_prediction,4,2,15,60,HSTree,398,199,176,176,0.7788944723618091,0.6334693877551021,0.676530612244898,0.32593565659741236,0.013685224577784538,0.00018154829740524292,,,,,
drug_induced_autoimmunity_prediction,4,2,15,60,GreedyRuleList,398,199,176,176,0.7587939698492462,0.5720408163265306,0.6272789115646259,0.21122204232424074,0.011126283556222916,0.00038071535527706146,,,,,
drug_induced_autoimmunity_prediction,4,2,15,60,Dummy,398,199,176,176,0.7537688442211056,0.5,0.5,0.0,0.0003419453278183937,0.00019423849880695343,,,,,
drug_induced_autoimmunity_prediction,5,0,16,60,RFR,398,199,176,176,0.7386934673366834,0.5397986577181209,0.5726845637583893,0.12696704755911342,0.002319163642823696,0.0001631481572985649,1,1,1.0,1,1.0
drug_induced_autoimmunity_prediction,5,0,16,60,GPR,398,199,176,176,0.7437185929648241,0.4966442953020134,0.4966442953020134,-0.04116795297945325,0.5324793811887503,0.00023227743804454803,1,2,2.0,2,2.0
drug_induced_autoimmunity_prediction,5,0,16,60,FIGS,398,199,176,176,0.7939698492462312,0.6963087248322148,0.6931543624161074,0.421043786029809,0.19376356899738312,0.0005826521664857864,,,,,
drug_induced_autoimmunity_prediction,5,0,16,60,HSTree,398,199,176,176,0.7989949748743719,0.7129530201342282,0.7361744966442954,0.4451432050330199,0.015331105329096317,0.0001825280487537384,,,,,
drug_induced_autoimmunity_prediction,5,0,16,60,GreedyRuleList,398,199,176,176,0.7386934673366834,0.5663758389261745,0.7195302013422818,0.17680457963523913,0.012344629503786564,0.00038358569145202637,,,,,
drug_induced_autoimmunity_prediction,5,0,16,60,Dummy,398,199,176,176,0.7487437185929648,0.5,0.5,0.0,0.00034210551530122757,0.00020557735115289688,,,,,
drug_induced_autoimmunity_prediction,5,1,17,60,RFR,398,199,176,176,0.7437185929648241,0.527687074829932,0.5276870748299319,0.10021651896570133,0.0021055052056908607,0.00016102753579616547,1,1,1.0,1,1.0
drug_induced_autoimmunity_prediction,5,1,17,60,GPR,398,199,176,176,0.7587939698492462,0.5514285714285714,0.5514285714285714,0.17932877329921845,0.7325025107711554,0.00026010721921920776,3,9,3.0,9,3.0
drug_induced_autoimmunity_prediction,5,1,17,60,FIGS,398,199,176,176,0.8140703517587939,0.7117687074829933,0.7202721088435373,0.46422734085035366,0.2090066960081458,0.0008615311235189438,,,,,
drug_induced_autoimmunity_prediction,5,1,17,60,HSTree,398,199,176,176,0.8090452261306532,0.7153061224489796,0.7289115646258504,0.45867975617551526,0.01426856778562069,0.00018345750868320465,,,,,
drug_induced_autoimmunity_prediction,5,1,17,60,GreedyRuleList,398,199,176,176,0.7537688442211056,0.5961904761904762,0.6726530612244899,0.2383574162196122,0.011281282640993595,0.0003564562648534775,,,,,
drug_induced_autoimmunity_prediction,5,1,17,60,Dummy,398,199,176,176,0.7537688442211056,0.5,0.5,0.0,0.00032039638608694077,0.00019931793212890625,,,,,
drug_induced_autoimmunity_prediction,5,2,18,60,RFR,398,199,176,176,0.7437185929648241,0.49333333333333335,0.484625850340136,-0.0575883048852809,0.002382722683250904,0.00015923753380775452,1,2,2.0,2,2.0
drug_induced_autoimmunity_prediction,5,2,18,60,GPR,398,199,176,176,0.7638190954773869,0.5547619047619048,0.5547619047619047,0.19821694783142402,0.6414846172556281,0.0002435082569718361,2,5,2.5,6,3.0
drug_induced_autoimmunity_prediction,5,2,18,60,FIGS,398,199,176,176,0.7738693467336684,0.6163945578231292,0.6686394557823129,0.29757511797580904,0.2392663834616542,0.0009293798357248306,,,,,
drug_induced_autoimmunity_prediction,5,2,18,60,HSTree,398,199,176,176,0.7286432160804021,0.6138775510204082,0.5628571428571428,0.23840494381532512,0.014609345234930515,0.00018236879259347916,,,,,
drug_induced_autoimmunity_prediction,5,2,18,60,GreedyRuleList,398,199,176,176,0.7185929648241206,0.5316326530612245,0.6064625850340136,0.08524894860278415,0.011682656593620777,0.00038045644760131836,,,,,
drug_induced_autoimmunity_prediction,5,2,18,60,Dummy,398,199,176,176,0.7537688442211056,0.5,0.5,0.0,0.00032903626561164856,0.0001958366483449936,,,,,
drug_induced_autoimmunity_prediction,6,0,19,60,RFR,398,199,176,176,0.7437185929648241,0.5431543624161074,0.5432214765100672,0.14180067413005126,0.002497391775250435,0.00017176754772663116,1,1,1.0,1,1.0
drug_induced_autoimmunity_prediction,6,0,19,60,GPR,398,199,176,176,0.7437185929648241,0.5896644295302014,0.5896644295302014,0.2204473396407983,0.6063423482701182,0.00025475677102804184,2,5,2.5,6,3.0
drug_induced_autoimmunity_prediction,6,0,19,60,FIGS,398,199,176,176,0.7788944723618091,0.6463758389261745,0.6922147651006713,0.34565616282073297,0.22326830681413412,0.0009597586467862129,,,,,
drug_induced_autoimmunity_prediction,6,0,19,60,HSTree,398,199,176,176,0.7688442211055276,0.6396644295302014,0.6518120805369128,0.3218937269144312,0.013282270170748234,0.00018133781850337982,,,,,
drug_induced_autoimmunity_prediction,6,0,19,60,GreedyRuleList,398,199,176,176,0.7437185929648241,0.5365100671140939,0.6326174496644296,0.128171838845389,0.010625330731272697,0.0003559151664376259,,,,,
drug_induced_autoimmunity_prediction,6,0,19,60,Dummy,398,199,176,176,0.7487437185929648,0.5,0.5,0.0,0.00031779706478118896,0.00019683782011270523,,,,,
drug_induced_autoimmunity_prediction,6,1,20,60,RFR,398,199,176,176,0.7487437185929648,0.5310204081632652,0.5299999999999999,0.1169623016290653,0.0023141326382756233,0.00016627740114927292,1,1,1.0,1,1.0
drug_induced_autoimmunity_prediction,6,1,20,60,GPR,398,199,176,176,0.7537688442211056,0.527482993197279,0.527482993197279,0.12055244373594298,0.6201256634667516,0.00023816805332899094,2,5,2.5,7,3.5
drug_induced_autoimmunity_prediction,6,1,20,60,FIGS,398,199,176,176,0.7487437185929648,0.6478231292517007,0.6645578231292517,0.3044734578593366,0.2307302923873067,0.0009370390325784683,,,,,
drug_induced_autoimmunity_prediction,6,1,20,60,HSTree,398,199,176,176,0.7437185929648241,0.6101360544217687,0.6123129251700681,0.24652338741289462,0.012816864997148514,0.00018028728663921356,,,,,
drug_induced_autoimmunity_prediction,6,1,20,60,GreedyRuleList,398,199,176,176,0.7537688442211056,0.5,0.5542857142857144,0.0,0.00687654223293066,0.00024372711777687073,,,,,
drug_induced_autoimmunity_prediction,6,1,20,60,Dummy,398,199,176,176,0.7537688442211056,0.5,0.5,0.0,0.0003336668014526367,0.00020143762230873108,,,,,
drug_induced_autoimmunity_prediction,6,2,21,60,RFR,398,199,176,176,0.7537688442211056,0.5137414965986394,0.4749659863945577,0.084364628523819,0.0021786047145724297,0.0001706378534436226,1,2,2.0,2,2.0
drug_induced_autoimmunity_prediction,6,2,21,60,GPR,398,199,176,176,0.7537688442211056,0.5343537414965986,0.5343537414965985,0.13549298369457172,0.5274888472631574,0.00022700801491737366,1,2,2.0,2,2.0
drug_induced_autoimmunity_prediction,6,2,21,60,FIGS,398,199,176,176,0.7437185929648241,0.5895238095238096,0.6057142857142856,0.21557988706151818,0.262645460665226,0.0009824996814131737,,,,,
drug_induced_autoimmunity_prediction,6,2,21,60,HSTree,398,199,176,176,0.7236180904522613,0.5899319727891157,0.6036054421768708,0.19714376633606412,0.017323692329227924,0.00018464773893356323,,,,,
drug_induced_autoimmunity_prediction,6,2,21,60,GreedyRuleList,398,199,176,176,0.7035175879396985,0.5559863945578232,0.5886394557823129,0.12531732417591865,0.012329970486462116,0.0003949655219912529,,,,,
drug_induced_autoimmunity_prediction,6,2,21,60,Dummy,398,199,176,176,0.7537688442211056,0.5,0.5,0.0,0.00029999762773513794,0.00019842665642499924,,,,,
drug_induced_autoimmunity_prediction,7,0,22,60,RFR,398,199,176,176,0.7336683417085427,0.4965771812080537,0.4965771812080537,-0.01897169668293813,0.002317623235285282,0.00018200743943452835,1,1,1.0,1,1.0
drug_induced_autoimmunity_prediction,7,0,22,60,GPR,398,199,176,176,0.7487437185929648,0.5265771812080537,0.5265771812080537,0.11736953187943841,0.6846071863546968,0.00024025700986385345,2,4,2.0,6,3.0
drug_induced_autoimmunity_prediction,7,0,22,60,FIGS,398,199,176,176,0.7889447236180904,0.6597315436241611,0.6786577181208053,0.3771947122940598,0.2383124679327011,0.0010888967663049698,,,,,
drug_induced_autoimmunity_prediction,7,0,22,60,HSTree,398,199,176,176,0.7989949748743719,0.6730872483221476,0.7246979865771813,0.40873326176738667,0.015525354072451591,0.00019023753702640533,,,,,
drug_induced_autoimmunity_prediction,7,0,22,60,GreedyRuleList,398,199,176,176,0.7286432160804021,0.6593288590604027,0.666241610738255,0.3073551864564958,0.012116092257201672,0.00038811657577753067,,,,,
drug_induced_autoimmunity_prediction,7,0,22,60,Dummy,398,199,176,176,0.7487437185929648,0.5,0.5,0.0,0.0003115357831120491,0.00020020827651023865,,,,,
drug_induced_autoimmunity_prediction,7,1,23,60,RFR,398,199,176,176,0.7437185929648241,0.5345578231292517,0.5745578231292516,0.11643141103087613,0.002317453734576702,0.00016050878912210464,1,1,1.0,1,1.0
drug_induced_autoimmunity_prediction,7,1,23,60,GPR,398,199,176,176,0.7587939698492462,0.5170748299319727,0.5170748299319727,0.12073728032504995,0.5342858927324414,0.0002848869189620018,1,2,2.0,3,3.0
drug_induced_autoimmunity_prediction,7,1,23,60,FIGS,398,199,176,176,0.7889447236180904,0.6607482993197279,0.6873469387755102,0.37239945620373643,0.23097949009388685,0.0009354203939437866,,,,,
drug_induced_autoimmunity_prediction,7,1,23,60,HSTree,398,199,176,176,0.7989949748743719,0.6880272108843537,0.7089115646258504,0.4164242381364932,0.014461886137723923,0.00017951801419258118,,,,,
drug_induced_autoimmunity_prediction,7,1,23,60,GreedyRuleList,398,199,176,176,0.7236180904522613,0.6242857142857142,0.6699999999999999,0.2503143718770696,0.011267121881246567,0.00036696624010801315,,,,,
drug_induced_autoimmunity_prediction,7,1,23,60,Dummy,398,199,176,176,0.7537688442211056,0.5,0.5,0.0,0.0003342358395457268,0.0001932075247168541,,,,,
drug_induced_autoimmunity_prediction,7,2,24,60,RFR,398,199,176,176,0.7386934673366834,0.517482993197279,0.5169387755102042,0.06591954280410041,0.0025142310187220573,0.00019640754908323288,1,1,1.0,1,1.0
drug_induced_autoimmunity_prediction,7,2,24,60,GPR,398,199,176,176,0.7487437185929648,0.5241496598639456,0.5241496598639456,0.1001351674307037,0.6266738967970014,0.00024220719933509827,2,6,3.0,6,3.0
drug_induced_autoimmunity_prediction,7,2,24,60,FIGS,398,199,176,176,0.7939698492462312,0.6503401360544218,0.5947619047619047,0.37253881884394835,0.2502489238977432,0.0012041470035910606,,,,,
drug_induced_autoimmunity_prediction,7,2,24,60,HSTree,398,199,176,176,0.8040201005025126,0.7051020408163265,0.6468707482993197,0.440976137441515,0.01649902295321226,0.00018227845430374146,,,,,
drug_induced_autoimmunity_prediction,7,2,24,60,GreedyRuleList,398,199,176,176,0.7839195979899497,0.623061224489796,0.7431292517006802,0.32558939603509146,0.012709596194326878,0.00039417482912540436,,,,,
drug_induced_autoimmunity_prediction,7,2,24,60,Dummy,398,199,176,176,0.7537688442211056,0.5,0.5,0.0,0.0003255065530538559,0.0001988876610994339,,,,,
drug_induced_autoimmunity_prediction,8,0,25,60,RFR,398,199,176,176,0.7386934673366834,0.5464429530201342,0.608993288590604,0.14045992044363786,0.0021490957587957382,0.00016661826521158218,1,1,1.0,1,1.0
drug_induced_autoimmunity_prediction,8,0,25,60,GPR,398,199,176,176,0.7587939698492462,0.5598657718120805,0.5598657718120805,0.2030658231651549,0.5154475988820195,0.0002647778019309044,1,2,2.0,2,2.0
drug_induced_autoimmunity_prediction,8,0,25,60,FIGS,398,199,176,176,0.7688442211055276,0.6396644295302014,0.6159060402684563,0.3218937269144312,0.2577706202864647,0.0011551175266504288,,,,,
drug_induced_autoimmunity_prediction,8,0,25,60,HSTree,398,199,176,176,0.7386934673366834,0.6593959731543624,0.6687248322147651,0.31472057670706655,0.01345983799546957,0.0001797480508685112,,,,,
drug_induced_autoimmunity_prediction,8,0,25,60,GreedyRuleList,398,199,176,176,0.7386934673366834,0.49328859060402686,0.5324832214765101,-0.0583678575929113,0.007285987958312035,0.000267665833234787,,,,,
drug_induced_autoimmunity_prediction,8,0,25,60,Dummy,398,199,176,176,0.7487437185929648,0.5,0.5,0.0,0.0003341967239975929,0.00019381754100322723,,,,,
drug_induced_autoimmunity_prediction,8,1,26,60,RFR,398,199,176,176,0.7587939698492462,0.537687074829932,0.5376870748299319,0.15626727537073198,0.0023091640323400497,0.00016500800848007202,1,1,1.0,1,1.0
drug_induced_autoimmunity_prediction,8,1,26,60,GPR,398,199,176,176,0.7537688442211056,0.5,0.5,0.0,0.5457283370196819,0.00024135690182447433,1,2,2.0,2,2.0
drug_induced_autoimmunity_prediction,8,1,26,60,FIGS,398,199,176,176,0.7286432160804021,0.593265306122449,0.5748979591836736,0.20655485907566287,0.2193513847887516,0.0008001206442713737,,,,,
drug_induced_autoimmunity_prediction,8,1,26,60,HSTree,398,199,176,176,0.6633165829145728,0.5568027210884354,0.5717687074829931,0.11139930125196168,0.013926961459219456,0.0001861080527305603,,,,,
drug_induced_autoimmunity_prediction,8,1,26,60,GreedyRuleList,398,199,176,176,0.7286432160804021,0.5589115646258503,0.6206122448979592,0.14822727237171057,0.010831616818904877,0.0003528464585542679,,,,,
drug_induced_autoimmunity_prediction,8,1,26,60,Dummy,398,199,176,176,0.7537688442211056,0.5,0.5,0.0,0.0003099963068962097,0.00019777752459049225,,,,,
drug_induced_autoimmunity_prediction,8,2,27,60,RFR,398,199,176,176,0.7638190954773869,0.5272789115646258,0.4901360544217688,0.16747631702005653,0.002252355217933655,0.000158797949552536,1,2,2.0,2,2.0
drug_induced_autoimmunity_prediction,8,2,27,60,GPR,398,199,176,176,0.7487437185929648,0.5310204081632652,0.5310204081632652,0.1169623016290653,0.7587837157770991,0.0002443082630634308,3,5,1.6666666666666667,5,1.6666666666666667
drug_induced_autoimmunity_prediction,8,2,27,60,FIGS,398,199,176,176,0.7989949748743719,0.681156462585034,0.6538775510204081,0.40998838254295705,0.2730130488052964,0.0009703189134597778,,,,,
drug_induced_autoimmunity_prediction,8,2,27,60,HSTree,398,199,176,176,0.7889447236180904,0.6607482993197279,0.6657823129251701,0.37239945620373643,0.01632129494100809,0.00018359720706939697,,,,,
drug_induced_autoimmunity_prediction,8,2,27,60,GreedyRuleList,398,199,176,176,0.7487437185929648,0.5791156462585034,0.7157823129251701,0.20567969361896316,0.011949445120990276,0.0003785863518714905,,,,,
drug_induced_autoimmunity_prediction,8,2,27,60,Dummy,398,199,176,176,0.7537688442211056,0.5,0.5,0.0,0.0003314865753054619,0.00019073765724897385,,,,,
drug_induced_autoimmunity_prediction,9,0,28,60,RFR,398,199,176,176,0.7487437185929648,0.5398657718120805,0.5398657718120806,0.14527700646143415,0.002410372719168663,0.00016065873205661774,1,1,1.0,1,1.0
drug_induced_autoimmunity_prediction,9,0,28,60,GPR,398,199,176,176,0.7437185929648241,0.5298657718120805,0.5298657718120806,0.11337220865253617,0.5208228128030896,0.0002316068857908249,1,3,3.0,3,3.0
drug_induced_autoimmunity_prediction,9,0,28,60,FIGS,398,199,176,176,0.7638190954773869,0.5897986577181208,0.542751677852349,0.2535469137409232,0.22418727166950703,0.0009731985628604889,,,,,
drug_induced_autoimmunity_prediction,9,0,28,60,HSTree,398,199,176,176,0.7185929648241206,0.5994630872483222,0.6437583892617451,0.21144411192201298,0.014067261479794979,0.00019398704171180725,,,,,
drug_induced_autoimmunity_prediction,9,0,28,60,GreedyRuleList,398,199,176,176,0.7135678391959799,0.5363087248322148,0.6386577181208054,0.0950330133423775,0.011117283254861832,0.00036444608122110367,,,,,
drug_induced_autoimmunity_prediction,9,0,28,60,Dummy,398,199,176,176,0.7487437185929648,0.5,0.5,0.0,0.00031800661236047745,0.00019546784460544586,,,,,
drug_induced_autoimmunity_prediction,9,1,29,60,RFR,398,199,176,176,0.7587939698492462,0.5445578231292517,0.5445578231292517,0.16800506045403021,0.002339104190468788,0.00016197841614484787,1,1,1.0,1,1.0
drug_induced_autoimmunity_prediction,9,1,29,60,GPR,398,199,176,176,0.7537688442211056,0.5,0.5,0.0,0.5397288696840405,0.00023356731981039047,1,1,1.0,1,1.0
drug_induced_autoimmunity_prediction,9,1,29,60,FIGS,398,199,176,176,0.7788944723618091,0.6884353741496598,0.6754421768707481,0.3881230917028819,0.22179824858903885,0.0009727887809276581,,,,,
drug_induced_autoimmunity_prediction,9,1,29,60,HSTree,398,199,176,176,0.7839195979899497,0.6780272108843538,0.6789795918367347,0.38276436208439296,0.0126725472509861,0.00017861835658550262,,,,,
drug_induced_autoimmunity_prediction,9,1,29,60,GreedyRuleList,398,199,176,176,0.7487437185929648,0.5859863945578231,0.6861224489795918,0.21635019893515262,0.010618968866765499,0.0003497861325740814,,,,,
drug_induced_autoimmunity_prediction,9,1,29,60,Dummy,398,199,176,176,0.7537688442211056,0.5,0.5,0.0,0.0003296472132205963,0.00019319728016853333,,,,,
drug_induced_autoimmunity_prediction,9,2,30,60,RFR,398,199,176,176,0.7336683417085427,0.5210204081632652,0.5202721088435373,0.07082146852074946,0.0024511823430657387,0.0002156384289264679,1,1,1.0,1,1.0
drug_induced_autoimmunity_prediction,9,2,30,60,GPR,398,199,176,176,0.7437185929648241,0.5345578231292517,0.5345578231292517,0.11643141103087613,0.634219354018569,0.0002423180267214775,2,5,2.5,6,3.0
drug_induced_autoimmunity_prediction,9,2,30,60,FIGS,398,199,176,176,0.7587939698492462,0.6338775510204082,0.6591156462585034,0.2964988786731616,0.2705829991027713,0.0013461345806717873,,,,,
drug_induced_autoimmunity_prediction,9,2,30,60,HSTree,398,199,176,176,0.7889447236180904,0.6607482993197279,0.6905442176870749,0.37239945620373643,0.015623212791979313,0.00018679816275835037,,,,,
drug_induced_autoimmunity_prediction,9,2,30,60,GreedyRuleList,398,199,176,176,0.7537688442211056,0.5480952380952381,0.6723809523809524,0.1620413535410028,0.011445240117609501,0.0003642365336418152,,,,,
drug_induced_autoimmunity_prediction,9,2,30,60,Dummy,398,199,176,176,0.7537688442211056,0.5,0.5,0.0,0.000312277115881443,0.00019161775708198547,,,,,
drug_induced_autoimmunity_prediction,10,0,31,60,RFR,398,199,176,176,0.7638190954773869,0.53,0.5404026845637583,0.21357023411037218,0.0023315930739045143,0.00016336794942617416,1,2,2.0,2,2.0
drug_induced_autoimmunity_prediction,10,0,31,60,GPR,398,199,176,176,0.7537688442211056,0.5166442953020134,0.5166442953020134,0.11849086814177248,0.5270741581916809,0.0002469867467880249,1,2,2.0,3,3.0
drug_induced_autoimmunity_prediction,10,0,31,60,FIGS,398,199,176,176,0.7537688442211056,0.636241610738255,0.6420134228187919,0.2977320630125745,0.21656921971589327,0.0009154193103313446,,,,,
drug_induced_autoimmunity_prediction,10,0,31,60,HSTree,398,199,176,176,0.7286432160804021,0.5928859060402685,0.5512080536912751,0.20932104834783202,0.012835094705224037,0.00018863752484321594,,,,,
drug_induced_autoimmunity_prediction,10,0,31,60,GreedyRuleList,398,199,176,176,0.7437185929648241,0.5697315436241611,0.6548993288590604,0.18919826926177696,0.010817646980285645,0.00036379601806402206,,,,,
drug_induced_autoimmunity_prediction,10,0,31,60,Dummy,398,199,176,176,0.7487437185929648,0.5,0.5,0.0,0.0003120759502053261,0.00019371788948774338,,,,,
drug_induced_autoimmunity_prediction,10,1,32,60,RFR,398,199,176,176,0.7487437185929648,0.537891156462585,0.5374829931972789,0.1321245062535247,0.0024564219638705254,0.00016289763152599335,1,1,1.0,1,1.0
drug_induced_autoimmunity_prediction,10,1,32,60,GPR,398,199,176,176,0.7487437185929648,0.5241496598639456,0.5241496598639456,0.1001351674307037,0.5249337228015065,0.0002448568120598793,1,3,3.0,3,3.0
drug_induced_autoimmunity_prediction,10,1,32,60,FIGS,398,199,176,176,0.7638190954773869,0.6234693877551021,0.7206802721088434,0.2896007852392565,0.19323148392140865,0.0005567939952015877,,,,,
drug_induced_autoimmunity_prediction,10,1,32,60,HSTree,398,199,176,176,0.7638190954773869,0.6853061224489796,0.6873469387755101,0.36811651115578725,0.01296264212578535,0.00018393807113170624,,,,,
drug_induced_autoimmunity_prediction,10,1,32,60,GreedyRuleList,398,199,176,176,0.7537688442211056,0.5,0.5746938775510204,0.0,0.007436065934598446,0.0002545267343521118,,,,,
drug_induced_autoimmunity_prediction,10,1,32,60,Dummy,398,199,176,176,0.7537688442211056,0.5,0.5,0.0,0.00033214595168828964,0.0001968182623386383,,,,,
drug_induced_autoimmunity_prediction,10,2,33,60,RFR,398,199,176,176,0.7437185929648241,0.527687074829932,0.5472108843537414,0.10021651896570133,0.0023077847436070442,0.00016173813492059708,1,1,1.0,1,1.0
drug_induced_autoimmunity_prediction,10,2,33,60,GPR,398,199,176,176,0.7336683417085427,0.5072789115646259,0.5072789115646259,0.02870841436696866,0.619597983546555,0.0002540871500968933,2,2,1.0,2,1.0
drug_induced_autoimmunity_prediction,10,2,33,60,FIGS,398,199,176,176,0.7638190954773869,0.6165986394557823,0.6502040816326531,0.28077805959228125,0.21683327946811914,0.0008560102432966232,,,,,
drug_induced_autoimmunity_prediction,10,2,33,60,HSTree,398,199,176,176,0.7688442211055276,0.6474149659863946,0.6666666666666667,0.3264802185389945,0.012599218636751175,0.00019288808107376099,,,,,
drug_induced_autoimmunity_prediction,10,2,33,60,GreedyRuleList,398,199,176,176,0.7537688442211056,0.5,0.6098639455782313,0.0,0.0075188251212239265,0.0002652667462825775,,,,,
drug_induced_autoimmunity_prediction,10,2,33,60,Dummy,398,199,176,176,0.7537688442211056,0.5,0.5,0.0,0.000311986543238163,0.0001954576000571251,,,,,
drug_induced_autoimmunity_prediction,11,0,34,60,RFR,398,199,176,176,0.7587939698492462,0.5266442953020134,0.48738255033557054,0.16468918071121616,0.0022556446492671967,0.00015720725059509277,1,2,2.0,2,2.0
drug_induced_autoimmunity_prediction,11,0,34,60,GPR,398,199,176,176,0.7638190954773869,0.53,0.53,0.21357023411037218,0.5262258518487215,0.00024434644728899,1,2,2.0,3,3.0
drug_induced_autoimmunity_prediction,11,0,34,60,FIGS,398,199,176,176,0.7688442211055276,0.6064429530201343,0.6794630872483222,0.2835309032370973,0.2073294771835208,0.0007958617061376572,,,,,
drug_induced_autoimmunity_prediction,11,0,34,60,HSTree,398,199,176,176,0.7386934673366834,0.5995973154362416,0.5961073825503356,0.22954843380154535,0.013314720243215561,0.00018670875579118729,,,,,
drug_induced_autoimmunity_prediction,11,0,34,60,GreedyRuleList,398,199,176,176,0.7135678391959799,0.47651006711409394,0.5653020134228188,-0.1106089510154704,0.007657254114747047,0.0002944059669971466,,,,,
drug_induced_autoimmunity_prediction,11,0,34,60,Dummy,398,199,176,176,0.7487437185929648,0.5,0.5,0.0,0.0003327261656522751,0.00019537750631570816,,,,,
drug_induced_autoimmunity_prediction,11,1,35,60,RFR,398,199,176,176,0.7336683417085427,0.4935374149659864,0.4935374149659864,-0.032563093486250465,0.002240534871816635,0.00017668772488832474,1,1,1.0,1,1.0
drug_induced_autoimmunity_prediction,11,1,35,60,GPR,398,199,176,176,0.7688442211055276,0.5306122448979592,0.5306122448979592,0.21646125954690232,0.6229698304086924,0.0002611568197607994,1,2,2.0,3,3.0
drug_induced_autoimmunity_prediction,11,1,35,60,FIGS,398,199,176,176,0.7989949748743719,0.681156462585034,0.654829931972789,0.40998838254295705,0.26034623850136995,0.0010500084608793259,,,,,
drug_induced_autoimmunity_prediction,11,1,35,60,HSTree,398,199,176,176,0.7437185929648241,0.630748299319728,0.5663265306122449,0.2760801882323324,0.013476847670972347,0.0001811077818274498,,,,,
drug_induced_autoimmunity_prediction,11,1,35,60,GreedyRuleList,398,199,176,176,0.7487437185929648,0.5928571428571429,0.7072108843537415,0.22675951644009573,0.01053968071937561,0.00033894646912813187,,,,,
drug_induced_autoimmunity_prediction,11,1,35,60,Dummy,398,199,176,176,0.7537688442211056,0.5,0.5,0.0,0.00031226687133312225,0.00019834749400615692,,,,,
drug_induced_autoimmunity_prediction,11,2,36,60,RFR,398,199,176,176,0.7336683417085427,0.5416326530612245,0.5889115646258504,0.11930708622360725,0.0020771874114871025,0.00016645807772874832,1,1,1.0,1,1.0
drug_induced_autoimmunity_prediction,11,2,36,60,GPR,398,199,176,176,0.7537688442211056,0.5343537414965986,0.5343537414965985,0.13549298369457172,0.6280017048120499,0.0002532666549086571,2,6,3.0,8,4.0
drug_induced_autoimmunity_prediction,11,2,36,60,FIGS,398,199,176,176,0.7286432160804021,0.6070068027210884,0.6461224489795919,0.2279631142066621,0.25226119067519903,0.0012639258056879044,,,,,
drug_induced_autoimmunity_prediction,11,2,36,60,HSTree,398,199,176,176,0.7738693467336684,0.6576190476190477,0.6793877551020409,0.3455235299551139,0.013603276573121548,0.00018272735178470612,,,,,
drug_induced_autoimmunity_prediction,11,2,36,60,GreedyRuleList,398,199,176,176,0.7386934673366834,0.5312244897959183,0.5930612244897959,0.10190945404340573,0.011087263934314251,0.00036627519875764847,,,,,
drug_induced_autoimmunity_prediction,11,2,36,60,Dummy,398,199,176,176,0.7537688442211056,0.5,0.5,0.0,0.0003189770504832268,0.00020483694970607758,,,,,
drug_induced_autoimmunity_prediction,12,0,37,60,RFR,398,199,176,176,0.7638190954773869,0.5366442953020134,0.4940939597315437,0.20310875272322,0.0021004565060138702,0.00016015861183404922,1,2,2.0,2,2.0
drug_induced_autoimmunity_prediction,12,0,37,60,GPR,398,199,176,176,0.7587939698492462,0.5266442953020134,0.5266442953020134,0.16468918071121616,0.5273227440193295,0.0002505183219909668,1,3,3.0,4,4.0
drug_induced_autoimmunity_prediction,12,0,37,60,FIGS,398,199,176,176,0.7437185929648241,0.6029530201342282,0.565503355704698,0.2401243538778749,0.202131818048656,0.0010217484086751938,,,,,
drug_induced_autoimmunity_prediction,12,0,37,60,HSTree,398,199,176,176,0.7487437185929648,0.626241610738255,0.6065100671140939,0.27861591656485607,0.012844675220549107,0.00018426869064569473,,,,,
drug_induced_autoimmunity_prediction,12,0,37,60,GreedyRuleList,398,199,176,176,0.7085427135678392,0.47315436241610737,0.5402013422818792,-0.11855508270650345,0.00829415675252676,0.00028214696794748306,,,,,
drug_induced_autoimmunity_prediction,12,0,37,60,Dummy,398,199,176,176,0.7487437185929648,0.5,0.5,0.0,0.00030276551842689514,0.00019280798733234406,,,,,
drug_induced_autoimmunity_prediction,12,1,38,60,RFR,398,199,176,176,0.7286432160804021,0.5108163265306123,0.5106122448979592,0.037715972162137214,0.002235795371234417,0.00016168784350156784,1,1,1.0,1,1.0
drug_induced_autoimmunity_prediction,12,1,38,60,GPR,398,199,176,176,0.7437185929648241,0.5208163265306123,0.5208163265306123,0.08210069903077019,0.6366779999807477,0.00024144724011421204,2,4,2.0,4,2.0
drug_induced_autoimmunity_prediction,12,1,38,60,FIGS,398,199,176,176,0.8090452261306532,0.6878231292517006,0.7138775510204081,0.4351226824284876,0.22038880083709955,0.0008628694340586662,,,,,
drug_induced_autoimmunity_prediction,12,1,38,60,HSTree,398,199,176,176,0.8040201005025126,0.7257142857142858,0.7489115646258503,0.46132615835428914,0.014979281462728977,0.00018458813428878784,,,,,
drug_induced_autoimmunity_prediction,12,1,38,60,GreedyRuleList,398,199,176,176,0.7437185929648241,0.57578231292517,0.6661224489795918,0.19374557651960916,0.011316082440316677,0.0003422461450099945,,,,,
drug_induced_autoimmunity_prediction,12,1,38,60,Dummy,398,199,176,176,0.7537688442211056,0.5,0.5,0.0,0.0003496753051877022,0.0001942180097103119,,,,,
drug_induced_autoimmunity_prediction,12,2,39,60,RFR,398,199,176,176,0.7587939698492462,0.5170748299319727,0.44360544217687076,0.12073728032504995,0.002410843037068844,0.00019615795463323593,1,2,2.0,2,2.0
drug_induced_autoimmunity_prediction,12,2,39,60,GPR,398,199,176,176,0.7537688442211056,0.5068707482993197,0.5068707482993198,0.059351212177687455,0.763618178665638,0.0002655070275068283,3,7,2.3333333333333335,8,2.6666666666666665
drug_induced_autoimmunity_prediction,12,2,39,60,FIGS,398,199,176,176,0.7788944723618091,0.6128571428571428,0.610544217687075,0.3041462488860621,0.2153372885659337,0.0004936344921588898,,,,,
drug_induced_autoimmunity_prediction,12,2,39,60,HSTree,398,199,176,176,0.7587939698492462,0.6063945578231292,0.6206802721088435,0.25981822982586794,0.012851565144956112,0.00017975829541683197,,,,,
drug_induced_autoimmunity_prediction,12,2,39,60,GreedyRuleList,398,199,176,176,0.7185929648241206,0.5385034013605442,0.6242176870748299,0.10009862991258224,0.011230593547224998,0.00036056526005268097,,,,,
drug_induced_autoimmunity_prediction,12,2,39,60,Dummy,398,199,176,176,0.7537688442211056,0.5,0.5,0.0,0.0003220876678824425,0.00019157864153385162,,,,,
drug_induced_autoimmunity_prediction,13,0,40,60,RFR,398,199,176,176,0.7286432160804021,0.506510067114094,0.5063087248322148,0.025850127875546983,0.0021326960995793343,0.00016747880727052689,1,1,1.0,1,1.0
drug_induced_autoimmunity_prediction,13,0,40,60,GPR,398,199,176,176,0.7437185929648241,0.5165771812080537,0.5165771812080537,0.07805831685948911,0.6353459097445011,0.000280267558991909,2,5,2.5,7,3.5
drug_induced_autoimmunity_prediction,13,0,40,60,FIGS,398,199,176,176,0.7738693467336684,0.6230872483221477,0.6112751677852348,0.3117992666719499,0.21351365000009537,0.0009587891399860382,,,,,
drug_induced_autoimmunity_prediction,13,0,40,60,HSTree,398,199,176,176,0.7236180904522613,0.5695973154362416,0.5373825503355705,0.1664811749359603,0.014055020175874233,0.00018505845218896866,,,,,
drug_induced_autoimmunity_prediction,13,0,40,60,GreedyRuleList,398,199,176,176,0.7135678391959799,0.5495973154362416,0.6181208053691275,0.12193905987616013,0.011516540311276913,0.0003740554675459862,,,,,
drug_induced_autoimmunity_prediction,13,0,40,60,Dummy,398,199,176,176,0.7487437185929648,0.5,0.5,0.0,0.0003080470487475395,0.0001918477937579155,,,,,
drug_induced_autoimmunity_prediction,13,1,41,60,RFR,398,199,176,176,0.7537688442211056,0.5412244897959183,0.5412244897959183,0.14921673339856267,0.0020873472094535828,0.00017834734171628952,1,1,1.0,1,1.0
drug_induced_autoimmunity_prediction,13,1,41,60,GPR,398,199,176,176,0.7638190954773869,0.5341496598639456,0.5341496598639456,0.17207024136944984,0.7818724485114217,0.0002473471686244011,3,8,2.6666666666666665,8,2.6666666666666665
drug_induced_autoimmunity_prediction,13,1,41,60,FIGS,398,199,176,176,0.7688442211055276,0.6199319727891156,0.6906122448979592,0.29287694321164015,0.24503120500594378,0.001111588440835476,,,,,
drug_induced_autoimmunity_prediction,13,1,41,60,HSTree,398,199,176,176,0.7889447236180904,0.7019727891156462,0.734421768707483,0.41600630298406366,0.01446857675909996,0.00018448848277330399,,,,,
drug_induced_autoimmunity_prediction,13,1,41,60,GreedyRuleList,398,199,176,176,0.7487437185929648,0.6546938775510204,0.6634013605442177,0.31381671205607137,0.011775958351790905,0.000375356525182724,,,,,
drug_induced_autoimmunity_prediction,13,1,41,60,Dummy,398,199,176,176,0.7537688442211056,0.5,0.5,0.0,0.00031126663088798523,0.00019313767552375793,,,,,
drug_induced_autoimmunity_prediction,13,2,42,60,RFR,398,199,176,176,0.7587939698492462,0.5170748299319727,0.490204081632653,0.12073728032504995,0.002434651367366314,0.00020372774451971054,1,2,2.0,2,2.0
drug_induced_autoimmunity_prediction,13,2,42,60,GPR,398,199,176,176,0.7537688442211056,0.527482993197279,0.527482993197279,0.12055244373594298,0.5220451103523374,0.0002508368343114853,1,3,3.0,4,4.0
drug_induced_autoimmunity_prediction,13,2,42,60,FIGS,398,199,176,176,0.7889447236180904,0.6813605442176871,0.7100680272108844,0.39366262192241636,0.25509117264300585,0.0009436886757612228,,,,,
drug_induced_autoimmunity_prediction,13,2,42,60,HSTree,398,199,176,176,0.7688442211055276,0.661156462585034,0.6572108843537414,0.34332143519108865,0.015620173886418343,0.00019474700093269348,,,,,
drug_induced_autoimmunity_prediction,13,2,42,60,GreedyRuleList,398,199,176,176,0.7336683417085427,0.6653061224489796,0.6972789115646258,0.31673829298257195,0.011135893873870373,0.0003450363874435425,,,,,
drug_induced_autoimmunity_prediction,13,2,42,60,Dummy,398,199,176,176,0.7537688442211056,0.5,0.5,0.0,0.00030854716897010803,0.0001931479200720787,,,,,
drug_induced_autoimmunity_prediction,14,0,43,60,RFR,398,199,176,176,0.7236180904522613,0.5164429530201342,0.5151006711409396,0.05402980585048609,0.0025011617690324783,0.00016316771507263184,1,1,1.0,1,1.0
drug_induced_autoimmunity_prediction,14,0,43,60,GPR,398,199,176,176,0.7437185929648241,0.5232214765100671,0.5232214765100671,0.09693930622107655,0.6490921005606651,0.00024168752133846283,2,7,3.5,7,3.5
drug_induced_autoimmunity_prediction,14,0,43,60,FIGS,398,199,176,176,0.7889447236180904,0.706241610738255,0.7067114093959731,0.42438477269305525,0.22584567219018936,0.0011266767978668213,,,,,
drug_induced_autoimmunity_prediction,14,0,43,60,HSTree,398,199,176,176,0.7939698492462312,0.7029530201342282,0.6872483221476511,0.4277668478433852,0.015886090695858,0.0001913486048579216,,,,,
drug_induced_autoimmunity_prediction,14,0,43,60,GreedyRuleList,398,199,176,176,0.7437185929648241,0.5896644295302014,0.6550335570469797,0.2204473396407983,0.011120595037937164,0.000353996641933918,,,,,
drug_induced_autoimmunity_prediction,14,0,43,60,Dummy,398,199,176,176,0.7487437185929648,0.5,0.5,0.0,0.00031811557710170746,0.00019683875143527985,,,,,
drug_induced_autoimmunity_prediction,14,1,44,60,RFR,398,199,176,176,0.7587939698492462,0.5170748299319727,0.48210884353741496,0.12073728032504995,0.0023727640509605408,0.00019818823784589767,1,2,2.0,2,2.0
drug_induced_autoimmunity_prediction,14,1,44,60,GPR,398,199,176,176,0.7386934673366834,0.5312244897959183,0.5312244897959183,0.10190945404340573,0.7020347649231553,0.0002556582912802696,3,7,2.3333333333333335,8,2.6666666666666665
drug_induced_autoimmunity_prediction,14,1,44,60,FIGS,398,199,176,176,0.7135678391959799,0.610748299319728,0.6089115646258504,0.22304969754563184,0.21840267814695835,0.0009780097752809525,,,,,
drug_induced_autoimmunity_prediction,14,1,44,60,HSTree,398,199,176,176,0.7035175879396985,0.6109523809523809,0.6366666666666666,0.21759552136760418,0.013491988182067871,0.0001821788027882576,,,,,
drug_induced_autoimmunity_prediction,14,1,44,60,GreedyRuleList,398,199,176,176,0.7185929648241206,0.5659863945578232,0.6389795918367347,0.1528681644171072,0.010677560232579708,0.0003306763246655464,,,,,
drug_induced_autoimmunity_prediction,14,1,44,60,Dummy,398,199,176,176,0.7537688442211056,0.5,0.5,0.0,0.00031660590320825577,0.0001951269805431366,,,,,
drug_induced_autoimmunity_prediction,14,2,45,60,RFR,398,199,176,176,0.7487437185929648,0.49666666666666665,0.49666666666666665,-0.040618119722996164,0.002204395830631256,0.00016751885414123535,1,1,1.0,1,1.0
drug_induced_autoimmunity_prediction,14,2,45,60,GPR,398,199,176,176,0.7537688442211056,0.5206122448979592,0.5206122448979592,0.10385912975088307,0.5394411701709032,0.00023785699158906937,1,1,1.0,1,1.0
drug_induced_autoimmunity_prediction,14,2,45,60,FIGS,398,199,176,176,0.7738693467336684,0.6370068027210884,0.64578231292517,0.3213531578357369,0.22354413103312254,0.0012244358658790588,,,,,
drug_induced_autoimmunity_prediction,14,2,45,60,HSTree,398,199,176,176,0.8090452261306532,0.7084353741496598,0.7404761904761904,0.45243146045396987,0.014472685754299164,0.00018029846251010895,,,,,
drug_induced_autoimmunity_prediction,14,2,45,60,GreedyRuleList,398,199,176,176,0.7437185929648241,0.527687074829932,0.6826530612244899,0.10021651896570133,0.011112983338534832,0.0003723660483956337,,,,,
drug_induced_autoimmunity_prediction,14,2,45,60,Dummy,398,199,176,176,0.7537688442211056,0.5,0.5,0.0,0.0003175167366862297,0.0001948866993188858,,,,,
drug_induced_autoimmunity_prediction,15,0,46,60,RFR,398,199,176,176,0.7437185929648241,0.5431543624161074,0.5787919463087248,0.14180067413005126,0.002495122142136097,0.0001600785180926323,1,1,1.0,1,1.0
drug_induced_autoimmunity_prediction,15,0,46,60,GPR,398,199,176,176,0.7487437185929648,0.5132885906040269,0.5132885906040269,0.08213717325143778,0.5312173739075661,0.00024404749274253845,1,1,1.0,1,1.0
drug_induced_autoimmunity_prediction,15,0,46,60,FIGS,398,199,176,176,0.7386934673366834,0.5995973154362416,0.621744966442953,0.22954843380154535,0.2002935130149126,0.00033855531364679337,,,,,
drug_induced_autoimmunity_prediction,15,0,46,60,HSTree,398,199,176,176,0.7286432160804021,0.5995302013422819,0.5901342281879195,0.2196636917946207,0.014684063382446766,0.00018216855823993683,,,,,
drug_induced_autoimmunity_prediction,15,0,46,60,GreedyRuleList,398,199,176,176,0.7437185929648241,0.5298657718120805,0.5714093959731543,0.11337220865253617,0.009204486384987831,0.00030832644551992416,,,,,
drug_induced_autoimmunity_prediction,15,0,46,60,Dummy,398,199,176,176,0.7487437185929648,0.5,0.5,0.0,0.00032034609466791153,0.00019244756549596786,,,,,
drug_induced_autoimmunity_prediction,15,1,47,60,RFR,398,199,176,176,0.7487437185929648,0.5104081632653061,0.5104081632653061,0.057300959485171915,0.002114364877343178,0.00016235839575529099,1,1,1.0,1,1.0
drug_induced_autoimmunity_prediction,15,1,47,60,GPR,398,199,176,176,0.7688442211055276,0.5649659863945579,0.5649659863945578,0.22653304034491217,0.5300963371992111,0.00024434644728899,1,3,3.0,3,3.0
drug_induced_autoimmunity_prediction,15,1,47,60,FIGS,398,199,176,176,0.7839195979899497,0.6917687074829932,0.7150340136054422,0.3981614588703713,0.2499537756666541,0.00101423729211092,,,,,
drug_induced_autoimmunity_prediction,15,1,47,60,HSTree,398,199,176,176,0.7638190954773869,0.6784353741496598,0.7208843537414965,0.35937306920282086,0.01388100441545248,0.00019020680338144302,,,,,
drug_induced_autoimmunity_prediction,15,1,47,60,GreedyRuleList,398,199,176,176,0.7537688442211056,0.5,0.6158503401360544,0.0,0.0069488417357206345,0.000281456857919693,,,,,
drug_induced_autoimmunity_prediction,15,1,47,60,Dummy,398,199,176,176,0.7537688442211056,0.5,0.5,0.0,0.0003144973888993263,0.00020174682140350342,,,,,
drug_induced_autoimmunity_prediction,15,2,48,60,RFR,398,199,176,176,0.7638190954773869,0.5272789115646258,0.5205442176870748,0.16747631702005653,0.0024574734270572662,0.00017062760889530182,1,2,2.0,2,2.0
drug_induced_autoimmunity_prediction,15,2,48,60,GPR,398,199,176,176,0.7688442211055276,0.5580952380952381,0.5580952380952381,0.2190478192789951,0.6404318874701858,0.000250508077442646,2,7,3.5,8,4.0
drug_induced_autoimmunity_prediction,15,2,48,60,FIGS,398,199,176,176,0.7688442211055276,0.6268027210884354,0.6707482993197279,0.30127753592265993,0.23360659927129745,0.0010049175471067429,,,,,
drug_induced_autoimmunity_prediction,15,2,48,60,HSTree,398,199,176,176,0.8090452261306532,0.7153061224489796,0.7239455782312925,0.45867975617551526,0.012330150231719017,0.000186847522854805,,,,,
drug_induced_autoimmunity_prediction,15,2,48,60,GreedyRuleList,398,199,176,176,0.7236180904522613,0.48,0.5917687074829932,-0.10077420510481723,0.007653013803064823,0.00029723718762397766,,,,,
drug_induced_autoimmunity_prediction,15,2,48,60,Dummy,398,199,176,176,0.7537688442211056,0.5,0.5,0.0,0.0003066267818212509,0.0001910775899887085,,,,,
drug_induced_autoimmunity_prediction,16,0,49,60,RFR,398,199,176,176,0.7487437185929648,0.5597986577181208,0.5993288590604026,0.1808522964093661,0.002453402616083622,0.00018653832376003265,1,1,1.0,1,1.0
drug_induced_autoimmunity_prediction,16,0,49,60,GPR,398,199,176,176,0.7638190954773869,0.5565771812080538,0.5565771812080538,0.21477027391929884,0.5384864555671811,0.00024490710347890854,1,3,3.0,3,3.0
drug_induced_autoimmunity_prediction,16,0,49,60,FIGS,398,199,176,176,0.7638190954773869,0.6495973154362416,0.6238255033557045,0.3269186051502604,0.22371567133814096,0.0008687600493431091,,,,,
drug_induced_autoimmunity_prediction,16,0,49,60,HSTree,398,199,176,176,0.7839195979899497,0.6763087248322148,0.6561073825503355,0.38529168942563213,0.013884113170206547,0.0001892782747745514,,,,,
drug_induced_autoimmunity_prediction,16,0,49,60,GreedyRuleList,398,199,176,176,0.7487437185929648,0.5265771812080537,0.6716778523489932,0.11736953187943841,0.011325232684612274,0.00035217590630054474,,,,,
drug_induced_autoimmunity_prediction,16,0,49,60,Dummy,398,199,176,176,0.7487437185929648,0.5,0.5,0.0,0.0003292858600616455,0.00020065810531377792,,,,,
drug_induced_autoimmunity_prediction,16,1,50,60,RFR,398,199,176,176,0.7487437185929648,0.5035374149659864,0.47353741496598645,0.0250133011031976,0.00242807250469923,0.0001848982647061348,1,2,2.0,2,2.0
drug_induced_autoimmunity_prediction,16,1,50,60,GPR,398,199,176,176,0.7487437185929648,0.49666666666666665,0.49666666666666665,-0.040618119722996164,0.5829671984538436,0.00024647731333971024,1,2,2.0,2,2.0
drug_induced_autoimmunity_prediction,16,1,50,60,FIGS,398,199,176,176,0.7135678391959799,0.6038775510204082,0.5838095238095238,0.21231013978511137,0.23793837148696184,0.0008503496646881104,,,,,
drug_induced_autoimmunity_prediction,16,1,50,60,HSTree,398,199,176,176,0.7236180904522613,0.6380272108843538,0.6127210884353741,0.27069363142542546,0.01477726362645626,0.00018722843378782272,,,,,
drug_induced_autoimmunity_prediction,16,1,50,60,GreedyRuleList,398,199,176,176,0.7336683417085427,0.6584353741496598,0.6761224489795918,0.30700463901485775,0.011522170156240463,0.0003636060282588005,,,,,
drug_induced_autoimmunity_prediction,16,1,50,60,Dummy,398,199,176,176,0.7537688442211056,0.5,0.5,0.0,0.00034223590046167374,0.00019656773656606674,,,,,
drug_induced_autoimmunity_prediction,16,2,51,60,RFR,398,199,176,176,0.7487437185929648,0.5104081632653061,0.5104081632653061,0.057300959485171915,0.002401352860033512,0.0001633884385228157,1,1,1.0,1,1.0
drug_induced_autoimmunity_prediction,16,2,51,60,GPR,398,199,176,176,0.7537688442211056,0.5137414965986394,0.5137414965986395,0.084364628523819,0.5178371220827103,0.0002483176067471504,1,1,1.0,1,1.0
drug_induced_autoimmunity_prediction,16,2,51,60,FIGS,398,199,176,176,0.7386934673366834,0.5861904761904762,0.6601360544217687,0.20478467704614275,0.20819608680903912,0.0007910113781690598,,,,,
drug_induced_autoimmunity_prediction,16,2,51,60,HSTree,398,199,176,176,0.7386934673366834,0.6068027210884354,0.6270748299319727,0.23653619894149577,0.018902257084846497,0.00018581748008728027,,,,,
drug_induced_autoimmunity_prediction,16,2,51,60,GreedyRuleList,398,199,176,176,0.7135678391959799,0.5214285714285715,0.6268027210884355,0.058880150398414474,0.011905226856470108,0.0003959648311138153,,,,,
drug_induced_autoimmunity_prediction,16,2,51,60,Dummy,398,199,176,176,0.7537688442211056,0.5,0.5,0.0,0.0003260169178247452,0.00019177794456481934,,,,,
drug_induced_autoimmunity_prediction,17,0,52,60,RFR,398,199,176,176,0.7487437185929648,0.5066442953020134,0.4622818791946309,0.057784179016982185,0.002071227878332138,0.00015511829406023026,1,2,2.0,2,2.0
drug_induced_autoimmunity_prediction,17,0,52,60,GPR,398,199,176,176,0.7487437185929648,0.5332214765100671,0.5332214765100672,0.13191560101438926,0.6205846574157476,0.0002579567953944206,2,7,3.5,8,4.0
drug_induced_autoimmunity_prediction,17,0,52,60,FIGS,398,199,176,176,0.7437185929648241,0.6095973154362416,0.6620805369127516,0.24971929614405813,0.22160108666867018,0.0010990574955940247,,,,,
drug_induced_autoimmunity_prediction,17,0,52,60,HSTree,398,199,176,176,0.7738693467336684,0.6895302013422819,0.7277181208053691,0.38709345924463606,0.014119511470198631,0.00017956923693418503,,,,,
drug_induced_autoimmunity_prediction,17,0,52,60,GreedyRuleList,398,199,176,176,0.7537688442211056,0.5498657718120805,0.638523489932886,0.1750582284230221,0.011393342167139053,0.000368005596101284,,,,,
drug_induced_autoimmunity_prediction,17,0,52,60,Dummy,398,199,176,176,0.7487437185929648,0.5,0.5,0.0,0.0003179972991347313,0.00019238796085119247,,,,,
drug_induced_autoimmunity_prediction,17,1,53,60,RFR,398,199,176,176,0.7688442211055276,0.5374829931972789,0.52,0.2063583573616322,0.0023600636050105095,0.0001592477783560753,1,2,2.0,2,2.0
drug_induced_autoimmunity_prediction,17,1,53,60,GPR,398,199,176,176,0.7537688442211056,0.5,0.5,0.0,0.5260924119502306,0.0002294173464179039,1,2,2.0,2,2.0
drug_induced_autoimmunity_prediction,17,1,53,60,FIGS,398,199,176,176,0.7989949748743719,0.6261904761904762,0.6779591836734695,0.36998761899099775,0.21342772897332907,0.0010570092126727104,,,,,
drug_induced_autoimmunity_prediction,17,1,53,60,HSTree,398,199,176,176,0.8090452261306532,0.6740816326530612,0.7778231292517006,0.42511179675472893,0.015368456952273846,0.000182407908141613,,,,,
drug_induced_autoimmunity_prediction,17,1,53,60,GreedyRuleList,398,199,176,176,0.7487437185929648,0.5722448979591837,0.7089795918367348,0.19469759874442313,0.010736489668488503,0.0003514261916279793,,,,,
drug_induced_autoimmunity_prediction,17,1,53,60,Dummy,398,199,176,176,0.7537688442211056,0.5,0.5,0.0,0.0003245668485760689,0.00020114704966545105,,,,,
drug_induced_autoimmunity_prediction,17,2,54,60,RFR,398,199,176,176,0.7386934673366834,0.5243537414965986,0.5238775510204081,0.08492023920783096,0.0020047081634402275,0.00016043800860643387,1,1,1.0,1,1.0
drug_induced_autoimmunity_prediction,17,2,54,60,GPR,398,199,176,176,0.7638190954773869,0.547891156462585,0.547891156462585,0.18888526835837324,0.5956590017303824,0.0002379370853304863,1,2,2.0,3,3.0
drug_induced_autoimmunity_prediction,17,2,54,60,FIGS,398,199,176,176,0.678391959798995,0.5736734693877551,0.5433333333333333,0.1454014847649221,0.21786782890558243,0.0008024806156754494,,,,,
drug_induced_autoimmunity_prediction,17,2,54,60,HSTree,398,199,176,176,0.6733668341708543,0.5703401360544218,0.5512925170068028,0.13794835628087232,0.013591127470135689,0.00017964746803045273,,,,,
drug_induced_autoimmunity_prediction,17,2,54,60,GreedyRuleList,398,199,176,176,0.6633165829145728,0.5293197278911564,0.5431972789115646,0.06087534188475701,0.010158965364098549,0.0003306455910205841,,,,,
drug_induced_autoimmunity_prediction,17,2,54,60,Dummy,398,199,176,176,0.7537688442211056,0.5,0.5,0.0,0.0003326963633298874,0.00019278842955827713,,,,,
drug_induced_autoimmunity_prediction,18,0,55,60,RFR,398,199,176,176,0.7386934673366834,0.5132214765100671,0.5132214765100672,0.058388378232952946,0.0023635346442461014,0.00016859732568264008,1,1,1.0,1,1.0
drug_induced_autoimmunity_prediction,18,0,55,60,GPR,398,199,176,176,0.7487437185929648,0.5332214765100671,0.5332214765100672,0.13191560101438926,0.7577492203563452,0.00025490671396255493,3,7,2.3333333333333335,7,2.3333333333333335
drug_induced_autoimmunity_prediction,18,0,55,60,FIGS,398,199,176,176,0.7587939698492462,0.6196644295302014,0.5723489932885906,0.2825790638740793,0.2130720755085349,0.0011215871199965477,,,,,
drug_induced_autoimmunity_prediction,18,0,55,60,HSTree,398,199,176,176,0.7487437185929648,0.6395302013422819,0.6082550335570468,0.29662099101610323,0.016704732552170753,0.0001875879243016243,,,,,
drug_induced_autoimmunity_prediction,18,0,55,60,GreedyRuleList,398,199,176,176,0.7386934673366834,0.6128859060402685,0.6761073825503355,0.24913980417973838,0.01212630420923233,0.0003940761089324951,,,,,
drug_induced_autoimmunity_prediction,18,0,55,60,Dummy,398,199,176,176,0.7487437185929648,0.5,0.5,0.0,0.00031271763145923615,0.0001929374411702156,,,,,
drug_induced_autoimmunity_prediction,18,1,56,60,RFR,398,199,176,176,0.7638190954773869,0.5272789115646258,0.48639455782312924,0.16747631702005653,0.002243475057184696,0.00017812848091125488,1,2,2.0,2,2.0
drug_induced_autoimmunity_prediction,18,1,56,60,GPR,398,199,176,176,0.7236180904522613,0.48687074829931976,0.48687074829931976,-0.0575906476263292,0.5363671006634831,0.0002421969547867775,1,2,2.0,2,2.0
drug_induced_autoimmunity_prediction,18,1,56,60,FIGS,398,199,176,176,0.7989949748743719,0.7017687074829932,0.7169387755102041,0.4298401759294086,0.21424401178956032,0.0010799979791045189,,,,,
drug_induced_autoimmunity_prediction,18,1,56,60,HSTree,398,199,176,176,0.7889447236180904,0.7019727891156462,0.7043537414965987,0.41600630298406366,0.013614666648209095,0.00018135830760002136,,,,,
drug_induced_autoimmunity_prediction,18,1,56,60,GreedyRuleList,398,199,176,176,0.7286432160804021,0.6688435374149659,0.6970068027210884,0.31854301326316387,0.011417231522500515,0.00036000553518533707,,,,,
drug_induced_autoimmunity_prediction,18,1,56,60,Dummy,398,199,176,176,0.7537688442211056,0.5,0.5,0.0,0.0003416864201426506,0.0001944480463862419,,,,,
drug_induced_autoimmunity_prediction,18,2,57,60,RFR,398,199,176,176,0.7236180904522613,0.507482993197279,0.5063945578231294,0.025211526010622785,0.0022123632952570915,0.00017068907618522644,1,1,1.0,1,1.0
drug_induced_autoimmunity_prediction,18,2,57,60,GPR,398,199,176,176,0.7386934673366834,0.5106122448979592,0.5106122448979592,0.044003059490675435,0.636315499432385,0.0002493467181921005,2,4,2.0,5,2.5
drug_induced_autoimmunity_prediction,18,2,57,60,FIGS,398,199,176,176,0.7738693467336684,0.6301360544217687,0.6889795918367346,0.3133771458576628,0.2461765231564641,0.0011115875095129013,,,,,
drug_induced_autoimmunity_prediction,18,2,57,60,HSTree,398,199,176,176,0.7286432160804021,0.6070068027210884,0.6656462585034013,0.2279631142066621,0.01402854174375534,0.0001795077696442604,,,,,
drug_induced_autoimmunity_prediction,18,2,57,60,GreedyRuleList,398,199,176,176,0.7386934673366834,0.49687074829931976,0.5603401360544218,-0.017227739453058222,0.008116328157484531,0.0002875765785574913,,,,,
drug_induced_autoimmunity_prediction,18,2,57,60,Dummy,398,199,176,176,0.7537688442211056,0.5,0.5,0.0,0.00033838674426078796,0.00019449833780527115,,,,,
drug_induced_autoimmunity_prediction,19,0,58,60,RFR,398,199,176,176,0.7437185929648241,0.5365100671140939,0.5357046979865772,0.128171838845389,0.0023987116292119026,0.0001803077757358551,1,1,1.0,1,1.0
drug_induced_autoimmunity_prediction,19,0,58,60,GPR,398,199,176,176,0.7437185929648241,0.5165771812080537,0.5165771812080537,0.07805831685948911,0.6359644047915936,0.00025182683020830154,2,6,3.0,6,3.0
drug_induced_autoimmunity_prediction,19,0,58,60,FIGS,398,199,176,176,0.7939698492462312,0.6630872483221477,0.6686577181208053,0.3901150000910159,0.2294891318306327,0.0007524415850639343,,,,,
drug_induced_autoimmunity_prediction,19,0,58,60,HSTree,398,199,176,176,0.7939698492462312,0.6564429530201342,0.6288590604026845,0.38462780591519524,0.013792735524475574,0.00018473807722330093,,,,,
drug_induced_autoimmunity_prediction,19,0,58,60,GreedyRuleList,398,199,176,176,0.7437185929648241,0.5497986577181208,0.6575167785234899,0.1545487917819826,0.011210204102098942,0.0003645066171884537,,,,,
drug_induced_autoimmunity_prediction,19,0,58,60,Dummy,398,199,176,176,0.7487437185929648,0.5,0.5,0.0,0.0003334861248731613,0.00019209831953048706,,,,,
drug_induced_autoimmunity_prediction,19,1,59,60,RFR,398,199,176,176,0.7437185929648241,0.527687074829932,0.5276870748299319,0.10021651896570133,0.00216782558709383,0.00016449764370918274,1,1,1.0,1,1.0
drug_induced_autoimmunity_prediction,19,1,59,60,GPR,398,199,176,176,0.7437185929648241,0.527687074829932,0.5276870748299319,0.10021651896570133,0.5193651057779789,0.00023543741554021835,1,1,1.0,1,1.0
drug_induced_autoimmunity_prediction,19,1,59,60,FIGS,398,199,176,176,0.7286432160804021,0.593265306122449,0.607891156462585,0.20655485907566287,0.2527095815166831,0.0010557081550359726,,,,,
drug_induced_autoimmunity_prediction,19,1,59,60,HSTree,398,199,176,176,0.7437185929648241,0.6170068027210884,0.571700680272109,0.256495671783684,0.012839585542678833,0.00018171779811382294,,,,,
drug_induced_autoimmunity_prediction,19,1,59,60,GreedyRuleList,398,199,176,176,0.7537688442211056,0.5,0.5948979591836734,0.0,0.007148539647459984,0.0002632569521665573,,,,,
drug_induced_autoimmunity_prediction,19,1,59,60,Dummy,398,199,176,176,0.7537688442211056,0.5,0.5,0.0,0.0003315964713692665,0.000191408209502697,,,,,
drug_induced_autoimmunity_prediction,19,2,60,60,RFR,398,199,176,176,0.7487437185929648,0.5447619047619048,0.561360544217687,0.14609241995764916,0.0023964224383234978,0.0001707896590232849,1,1,1.0,1,1.0
drug_induced_autoimmunity_prediction,19,2,60,60,GPR,398,199,176,176,0.7587939698492462,0.5445578231292517,0.5445578231292517,0.16800506045403021,0.777008174918592,0.0002597067505121231,3,7,2.3333333333333335,7,2.3333333333333335
drug_induced_autoimmunity_prediction,19,2,60,60,FIGS,398,199,176,176,0.8190954773869347,0.728843537414966,0.7316326530612244,0.48751933642162193,0.2211396275088191,0.0008866200223565102,,,,,
drug_induced_autoimmunity_prediction,19,2,60,60,HSTree,398,199,176,176,0.7939698492462312,0.6984353741496598,0.7285714285714286,0.41900411502274376,0.016263888217508793,0.00018334854394197464,,,,,
drug_induced_autoimmunity_prediction,19,2,60,60,GreedyRuleList,398,199,176,176,0.7688442211055276,0.7092517006802721,0.7078231292517007,0.40316244542008156,0.012330052442848682,0.0003938348963856697,,,,,
drug_induced_autoimmunity_prediction,19,2,60,60,Dummy,398,199,176,176,0.7537688442211056,0.5,0.5,0.0,0.0003132857382297516,0.0002014683559536934,,,,,
ecommerce_shipping,0,0,1,9,RFR,7332,3667,10,19,0.6681210799018271,0.6645990237486914,0.6624824013952805,0.32461611463264656,0.012135213240981102,0.0003005675971508026,1,1,1.0,1,1.0
ecommerce_shipping,0,0,1,9,GPR,7332,3667,10,19,0.6651213526043087,0.6590179947664623,0.6590179947664623,0.31448661451182497,1.0649077463895082,0.00020854733884334564,2,3,1.5,3,1.5
ecommerce_shipping,0,0,1,9,FIGS,7332,3667,10,19,0.6896645759476411,0.7309622960323259,0.7514788081279288,0.4815270760213139,0.30986869242042303,0.007381776347756386,,,,,
ecommerce_shipping,0,0,1,9,HSTree,7332,3667,10,19,0.6853013362421598,0.7233622945490369,0.748823257475467,0.4605870535224542,0.012216933071613312,0.0009851371869444847,,,,,
ecommerce_shipping,0,0,1,9,GreedyRuleList,7332,3667,10,19,0.6779383692391601,0.6856427214395813,0.7444033655825061,0.3642909102261256,0.0105942003428936,0.004057073965668678,,,,,
ecommerce_shipping,0,0,1,9,Dummy,7332,3667,10,19,0.5966730297245705,0.5,0.5,0.0,0.0003948947414755821,0.00019880849868059158,,,,,
ecommerce_shipping,0,1,2,9,RFR,7333,3666,10,19,0.6568466993998909,0.6472062523346684,0.6528915563548746,0.2924451697255915,0.012272132560610771,0.0006172731518745422,1,1,1.0,1,1.0
ecommerce_shipping,0,1,2,9,GPR,7333,3666,10,19,0.6568466993998909,0.6472062523346684,0.6472062523346684,0.2924451697255915,1.072063697502017,0.00021324772387742996,2,5,2.5,5,2.5
ecommerce_shipping,0,1,2,9,FIGS,7333,3666,10,19,0.6745771958537916,0.7065191980862522,0.7383090321670919,0.41849223852860934,0.2551108365878463,0.004707377403974533,,,,,
ecommerce_shipping,0,1,2,9,HSTree,7333,3666,10,19,0.67430441898527,0.7060711272953965,0.7374871052091245,0.4174028398878171,0.009957677684724331,0.0009667994454503059,,,,,
ecommerce_shipping,0,1,2,9,GreedyRuleList,7333,3666,10,19,0.6666666666666666,0.6747534837581296,0.7308096444377377,0.3429324710710623,0.008400775492191315,0.0032295146957039833,,,,,
ecommerce_shipping,0,1,2,9,Dummy,7333,3666,10,19,0.59683578832515,0.5,0.5,0.0,0.00038668420165777206,0.00019765738397836685,,,,,
ecommerce_shipping,0,2,3,9,RFR,7333,3666,10,19,0.6625750136388434,0.6529497092815651,0.6540693315624659,0.30399587245537907,0.01266675814986229,0.0002852668985724449,1,1,1.0,1,1.0
ecommerce_shipping,0,2,3,9,GPR,7333,3666,10,19,0.6625750136388434,0.6529497092815651,0.6529497092815653,0.30399587245537907,1.0524774519726634,0.00021461863070726395,2,5,2.5,5,2.5
ecommerce_shipping,0,2,3,9,FIGS,7333,3666,10,19,0.6816693944353519,0.7303506521571781,0.7437374268566516,0.49687316461033787,0.3049041200429201,0.008583152666687965,,,,,
ecommerce_shipping,0,2,3,9,HSTree,7333,3666,10,19,0.6830332787779596,0.7320409834621138,0.7392272488517031,0.5012078013285118,0.011365843005478382,0.0009821783751249313,,,,,
ecommerce_shipping,0,2,3,9,GreedyRuleList,7333,3666,10,19,0.6721222040370977,0.679228448391797,0.7345150349056893,0.35171192257757805,0.010152826085686684,0.0038579758256673813,,,,,
ecommerce_shipping,0,2,3,9,Dummy,7333,3666,10,19,0.5965630114566285,0.5,0.5,0.0,0.0003889361396431923,0.0002035275101661682,,,,,
ecommerce_shipping,1,0,4,9,RFR,7332,3667,10,19,0.6520316334878647,0.6472822439194426,0.6408996208960795,0.29064622167857906,0.014817473478615284,0.0003252960741519928,1,1,1.0,1,1.0
ecommerce_shipping,1,0,4,9,GPR,7332,3667,10,19,0.6482137987455686,0.6405774690888775,0.6405774690888774,0.2783355896906154,1.1553066428750753,0.0002232976257801056,2,4,2.0,4,2.0
ecommerce_shipping,1,0,4,9,FIGS,7332,3667,10,19,0.6831197163894192,0.7267924001221241,0.7399280048651874,0.4778153720436787,0.32796647120267153,0.010381764732301235,,,,,
ecommerce_shipping,1,0,4,9,HSTree,7332,3667,10,19,0.6828470139078265,0.7254684102727644,0.7405466599424236,0.47300243934998176,0.011639119125902653,0.0009867483749985695,,,,,
ecommerce_shipping,1,0,4,9,GreedyRuleList,7332,3667,10,19,0.6651213526043087,0.6734782073959257,0.7294879686729385,0.3404733884329416,0.010798228904604912,0.004239271394908428,,,,,
ecommerce_shipping,1,0,4,9,Dummy,7332,3667,10,19,0.5966730297245705,0.5,0.5,0.0,0.00039015617221593857,0.0001963181421160698,,,,,
ecommerce_shipping,1,1,5,9,RFR,7333,3666,10,19,0.6636661211129297,0.6555538513678991,0.6651917025576833,0.3084330814654332,0.015230379067361355,0.000600842759013176,1,1,1.0,1,1.0
ecommerce_shipping,1,1,5,9,GPR,7333,3666,10,19,0.6636661211129297,0.6555538513678991,0.6555538513678993,0.3084330814654332,1.023801751434803,0.00023604650050401688,2,5,2.5,5,2.5
ecommerce_shipping,1,1,5,9,FIGS,7333,3666,10,19,0.6841243862520459,0.7261536044805842,0.7397300875979942,0.47303513432110755,0.34237964171916246,0.008213837631046772,,,,,
ecommerce_shipping,1,1,5,9,HSTree,7333,3666,10,19,0.682214948172395,0.7184065254444838,0.735941276442052,0.4476642492316316,0.011664299294352531,0.0009969985112547874,,,,,
ecommerce_shipping,1,1,5,9,GreedyRuleList,7333,3666,10,19,0.6753955264593563,0.6807487884462673,0.7385980053582958,0.3546916146557446,0.009588181972503662,0.003842187114059925,,,,,
ecommerce_shipping,1,1,5,9,Dummy,7333,3666,10,19,0.59683578832515,0.5,0.5,0.0,0.0003946460783481598,0.00020753871649503708,,,,,
ecommerce_shipping,1,2,6,9,RFR,7333,3666,10,19,0.6606655755591926,0.6422656097110808,0.6443491923045175,0.2879879775052199,0.012185103259980679,0.00030486658215522766,2,2,1.0,2,1.0
ecommerce_shipping,1,2,6,9,GPR,7333,3666,10,19,0.6661211129296236,0.6558123746163713,0.6558123746163712,0.31010981344710675,0.9718909468501806,0.00022984761744737625,2,5,2.5,5,2.5
ecommerce_shipping,1,2,6,9,FIGS,7333,3666,10,19,0.6895799236224768,0.7357768707028718,0.7461440814599021,0.5018531047466077,0.3577546002343297,0.006714384071528912,,,,,
ecommerce_shipping,1,2,6,9,HSTree,7333,3666,10,19,0.6887615930169122,0.734981557071057,0.7408589943711272,0.5002847555929327,0.009180677123367786,0.0009744893759489059,,,,,
ecommerce_shipping,1,2,6,9,GreedyRuleList,7333,3666,10,19,0.671303873431533,0.6790897902134223,0.7424493124749388,0.35145954327716494,0.009676600806415081,0.0035271113738417625,,,,,
ecommerce_shipping,1,2,6,9,Dummy,7333,3666,10,19,0.5965630114566285,0.5,0.5,0.0,0.0003998149186372757,0.00020454823970794678,,,,,
ecommerce_shipping,2,0,7,9,RFR,7332,3667,10,19,0.6604854104172347,0.6503130975645632,0.6539329405089906,0.2989692063409399,0.01560661569237709,0.00030930526554584503,1,1,1.0,1,1.0
ecommerce_shipping,2,0,7,9,GPR,7332,3667,10,19,0.6604854104172347,0.6503130975645632,0.6503130975645631,0.2989692063409399,1.0664130607619882,0.0002185264602303505,2,5,2.5,5,2.5
ecommerce_shipping,2,0,7,9,FIGS,7332,3667,10,19,0.6883010635396782,0.73321565908088,0.7474711469407784,0.49352990055801366,0.28874138556420803,0.008052409626543522,,,,,
ecommerce_shipping,2,0,7,9,HSTree,7332,3667,10,19,0.6872102536133079,0.7285769820756898,0.7518737337966139,0.47685241129818473,0.011255173943936825,0.0009836284443736076,,,,,
ecommerce_shipping,2,0,7,9,GreedyRuleList,7332,3667,10,19,0.6724843196073085,0.678552755023714,0.745390216226439,0.35037404381387155,0.01051255315542221,0.004042134620249271,,,,,
ecommerce_shipping,2,0,7,9,Dummy,7332,3667,10,19,0.5966730297245705,0.5,0.5,0.0,0.00039445608854293823,0.00020275823771953583,,,,,
ecommerce_shipping,2,1,8,9,RFR,7333,3666,10,19,0.6533006001091107,0.6487363104941952,0.6428190857747884,0.29345470130174833,0.01266491785645485,0.0006139930337667465,1,1,1.0,1,1.0
ecommerce_shipping,2,1,8,9,GPR,7333,3666,10,19,0.6494817239498091,0.6413655614459977,0.6413655614459978,0.28008006874293556,1.1615627501159906,0.00021675694733858109,2,5,2.5,5,2.5
ecommerce_shipping,2,1,8,9,FIGS,7333,3666,10,19,0.6775777414075287,0.7199007132025341,0.7378533853000622,0.46095511456542954,0.29007891193032265,0.005339980125427246,,,,,
ecommerce_shipping,2,1,8,9,HSTree,7333,3666,10,19,0.6778505182760501,0.7208976629814983,0.7360145633829993,0.46438287472038803,0.01047312282025814,0.0009736893698573112,,,,,
ecommerce_shipping,2,1,8,9,GreedyRuleList,7333,3666,10,19,0.6625750136388434,0.670996368431078,0.7249018511600983,0.3355897119791469,0.009926549158990383,0.003926096484065056,,,,,
ecommerce_shipping,2,1,8,9,Dummy,7333,3666,10,19,0.59683578832515,0.5,0.5,0.0,0.0004051756113767624,0.00019685830920934677,,,,,
ecommerce_shipping,2,2,9,9,RFR,7333,3666,10,19,0.6685761047463176,0.6525073015820018,0.6480397876319377,0.307170894842675,0.012256503105163574,0.00030135735869407654,2,2,1.0,2,1.0
ecommerce_shipping,2,2,9,9,GPR,7333,3666,10,19,0.6732133115111838,0.6662437360356375,0.6662437360356374,0.329305263291849,0.9450868684798479,0.0002290867269039154,2,5,2.5,5,2.5
ecommerce_shipping,2,2,9,9,FIGS,7333,3666,10,19,0.6830332787779596,0.7198928575734727,0.7298380651789278,0.45186483784556986,0.2957109585404396,0.007912101224064827,,,,,
ecommerce_shipping,2,2,9,9,HSTree,7333,3666,10,19,0.6882160392798691,0.7306938195551623,0.7503835900441881,0.4834211341712511,0.01026027463376522,0.0009591691195964813,,,,,
ecommerce_shipping,2,2,9,9,GreedyRuleList,7333,3666,10,19,0.6830332787779596,0.6919850008022698,0.7459986217655313,0.37680619425106876,0.009258005768060684,0.0036929482594132423,,,,,
ecommerce_shipping,2,2,9,9,Dummy,7333,3666,10,19,0.5965630114566285,0.5,0.5,0.0,0.000426584854722023,0.0001975586637854576,,,,,
fitness_club,0,0,1,30,RFR,1000,500,6,18,0.718,0.5510057471264368,0.6925192831215972,0.20760990638095306,0.0036133797839283943,0.00013786833733320236,2,4,2.0,4,2.0
fitness_club,0,0,1,30,GPR,1000,500,6,18,0.716,0.5328947368421053,0.5328947368421053,0.21615724077391055,0.5443352367728949,9.124912321567535e-05,1,1,1.0,1,1.0
fitness_club,0,0,1,30,FIGS,1000,500,6,18,0.764,0.6470432546884453,0.7852578644888083,0.38529944710120084,0.20331724360585213,0.0012154560536146164,,,,,
fitness_club,0,0,1,30,HSTree,1000,500,6,18,0.78,0.6937386569872959,0.7833295523290986,0.44229911922661347,0.002154446206986904,0.00020758714526891708,,,,,
fitness_club,0,0,1,30,GreedyRuleList,1000,500,6,18,0.77,0.7513989715668481,0.783357909860859,0.4836342108589239,0.002918197773396969,0.000521593727171421,,,,,
fitness_club,0,0,1,30,Dummy,1000,500,6,18,0.696,0.5,0.5,0.0,0.00031076744198799133,0.00020417757332324982,,,,,
fitness_club,0,1,2,30,RFR,1000,500,6,18,0.696,0.5906184178067895,0.6266342814854172,0.2088131641648451,0.0034226421266794205,0.0001408075913786888,2,3,1.5,3,1.5
fitness_club,0,1,2,30,GPR,1000,500,6,18,0.702,0.5066225165562914,0.5066225165562914,0.09634397624979606,0.5328257270157337,8.989870548248291e-05,1,1,1.0,1,1.0
fitness_club,0,1,2,30,FIGS,1000,500,6,18,0.762,0.7261902502893793,0.787026319284996,0.4452517284909972,0.2257683239877224,0.0014580423012375832,,,,,
fitness_club,0,1,2,30,HSTree,1000,500,6,18,0.782,0.7067022144632725,0.8026148503766675,0.45240795640353093,0.0024024629965424538,0.00021712854504585266,,,,,
fitness_club,0,1,2,30,GreedyRuleList,1000,500,6,18,0.772,0.7295963870282168,0.7946355718324827,0.4591927740564337,0.0029858769848942757,0.0005520544946193695,,,,,
fitness_club,0,1,2,30,Dummy,1000,500,6,18,0.698,0.5,0.5,0.0,0.00031137652695178986,0.00019969791173934937,,,,,
fitness_club,0,2,3,30,RFR,1000,500,6,18,0.702,0.5066225165562914,0.8235070874210136,0.09634397624979606,0.0026441914960741997,0.00013032834976911545,1,1,1.0,1,1.0
fitness_club,0,2,3,30,GPR,1000,500,6,18,0.726,0.5538719899808345,0.5538719899808345,0.241195339754326,0.6639656908810139,9.440910071134567e-05,2,2,1.0,2,1.0
fitness_club,0,2,3,30,FIGS,1000,500,6,18,0.758,0.6406668058217424,0.7896829161843678,0.36374928576581034,0.21726396959275007,0.0012763850390911102,,,,,
fitness_club,0,2,3,30,HSTree,1000,500,6,18,0.736,0.6305432740659216,0.7645780754853032,0.31067287279362193,0.0022286055609583855,0.0002121366560459137,,,,,
fitness_club,0,2,3,30,GreedyRuleList,1000,500,6,18,0.77,0.7206493481849751,0.7863621700601531,0.4474325618124766,0.00298919714987278,0.0005845325067639351,,,,,
fitness_club,0,2,3,30,Dummy,1000,500,6,18,0.698,0.5,0.5,0.0,0.0003008963540196419,0.00019269809126853943,,,,,
fitness_club,1,0,4,30,RFR,1000,500,6,18,0.718,0.554711131276467,0.6867910617059891,0.20871316226300024,0.0035492703318595886,0.0001320578157901764,2,4,2.0,4,2.0
fitness_club,1,0,4,30,GPR,1000,500,6,18,0.71,0.5230263157894737,0.5230263157894737,0.18029902922112612,0.5359436944127083,8.983910083770752e-05,1,1,1.0,1,1.0
fitness_club,1,0,4,30,FIGS,1000,500,6,18,0.752,0.6995614035087719,0.7633280399274047,0.40542611169125375,0.22199045680463314,0.0012480160221457481,,,,,
fitness_club,1,0,4,30,HSTree,1000,500,6,18,0.742,0.6460601935874168,0.7680637477313974,0.33719684301675373,0.0022192150354385376,0.00021998677402734756,,,,,
fitness_club,1,0,4,30,GreedyRuleList,1000,500,6,18,0.76,0.7460677555958863,0.7782630066545674,0.4694006285813345,0.0029386067762970924,0.0005371039733290672,,,,,
fitness_club,1,0,4,30,Dummy,1000,500,6,18,0.696,0.5,0.5,0.0,0.0003125164657831192,0.00019203778356313705,,,,,
fitness_club,1,1,5,30,RFR,1000,500,6,18,0.708,0.5165562913907285,0.8316097079640978,0.15279412035020484,0.003418542444705963,0.00013919826596975327,1,1,1.0,1,1.0
fitness_club,1,1,5,30,GPR,1000,500,6,18,0.708,0.5165562913907285,0.5165562913907285,0.15279412035020484,0.5459756143391132,9.020976722240448e-05,1,1,1.0,1,1.0
fitness_club,1,1,5,30,FIGS,1000,500,6,18,0.784,0.7194064403499117,0.8031746332947495,0.4652752101125164,0.21790163312107325,0.0011692661792039871,,,,,
fitness_club,1,1,5,30,HSTree,1000,500,6,18,0.778,0.7151084460805708,0.7986868821040247,0.4525975419850025,0.00227197352796793,0.00021999794989824295,,,,,
fitness_club,1,1,5,30,GreedyRuleList,1000,500,6,18,0.77,0.7488282510104556,0.7894172564944306,0.47967539910418017,0.0030002761632204056,0.0005713347345590591,,,,,
fitness_club,1,1,5,30,Dummy,1000,500,6,18,0.698,0.5,0.5,0.0,0.0003273366019129753,0.0001996280625462532,,,,,
fitness_club,1,2,6,30,RFR,1000,500,6,18,0.704,0.5136909618778345,0.6989221806865406,0.10700218948169817,0.003644278272986412,0.0001377379521727562,2,4,2.0,4,2.0
fitness_club,1,2,6,30,GPR,1000,500,6,18,0.7,0.5033112582781457,0.5033112582781457,0.06805718269605669,0.5372590031474829,8.368957787752151e-05,1,1,1.0,1,1.0
fitness_club,1,2,6,30,FIGS,1000,500,6,18,0.776,0.7268259359760147,0.7956412835158161,0.46091598235013087,0.22552613820880651,0.0011951271444559097,,,,,
fitness_club,1,2,6,30,HSTree,1000,500,6,18,0.77,0.7187707546632763,0.7746541680107781,0.44548672000087375,0.0023166052997112274,0.0002231178805232048,,,,,
fitness_club,1,2,6,30,GreedyRuleList,1000,500,6,18,0.768,0.7492741797757073,0.803563634983586,0.47865277859429683,0.002920457161962986,0.0005506835877895355,,,,,
fitness_club,1,2,6,30,Dummy,1000,500,6,18,0.698,0.5,0.5,0.0,0.00032135751098394394,0.00019547808915376663,,,,,
fitness_club,2,0,7,30,RFR,1000,500,6,18,0.718,0.5510057471264368,0.7000340290381125,0.20760990638095306,0.003231273964047432,0.0001334184780716896,2,4,2.0,4,2.0
fitness_club,2,0,7,30,GPR,1000,500,6,18,0.71,0.5248790078644888,0.5248790078644888,0.1721521568407618,0.539077983237803,8.327886462211609e-05,1,1,1.0,1,1.0
fitness_club,2,0,7,30,FIGS,1000,500,6,18,0.754,0.6917347247428918,0.791600499092559,0.39919338252092035,0.1973974136635661,0.0012169359251856804,,,,,
fitness_club,2,0,7,30,HSTree,1000,500,6,18,0.77,0.7161978221415608,0.7696990320629159,0.443947613093165,0.0022176653146743774,0.00022608693689107895,,,,,
fitness_club,2,0,7,30,GreedyRuleList,1000,500,6,18,0.766,0.7540834845735027,0.8009301270417424,0.4841464005030505,0.0029228180646896362,0.0005509238690137863,,,,,
fitness_club,2,0,7,30,Dummy,1000,500,6,18,0.696,0.5,0.5,0.0,0.00032758619636297226,0.0001995675265789032,,,,,
fitness_club,2,1,8,30,RFR,1000,500,6,18,0.704,0.5118123683561357,0.8169889371714834,0.10901357010659313,0.003337232396006584,0.00014546792954206467,2,3,1.5,3,1.5
fitness_club,2,1,8,30,GPR,1000,500,6,18,0.706,0.5132450331125827,0.5132450331125827,0.1365253810193009,0.531918965280056,9.132828563451767e-05,1,1,1.0,1,1.0
fitness_club,2,1,8,30,FIGS,1000,500,6,18,0.78,0.7109053302719217,0.7867701474411279,0.45217489725735455,0.2221117578446865,0.0012777848169207573,,,,,
fitness_club,2,1,8,30,HSTree,1000,500,6,18,0.782,0.7123379950283686,0.7807833165714719,0.4565375183336712,0.0024896925315260887,0.00022034812718629837,,,,,
fitness_club,2,1,8,30,GreedyRuleList,1000,500,6,18,0.772,0.7465037287235052,0.7921687318544943,0.47851695071353584,0.0028093988075852394,0.0005440935492515564,,,,,
fitness_club,2,1,8,30,Dummy,1000,500,6,18,0.698,0.5,0.5,0.0,0.00038684625178575516,0.00020866747945547104,,,,,
fitness_club,2,2,9,30,RFR,1000,500,6,18,0.702,0.5967950055978293,0.6655534260612156,0.22390204885263287,0.003607640042901039,0.00013456866145133972,2,3,1.5,3,1.5
fitness_club,2,2,9,30,GPR,1000,500,6,18,0.702,0.5066225165562914,0.5066225165562914,0.09634397624979606,0.5348719442263246,8.654966950416565e-05,1,1,1.0,1,1.0
fitness_club,2,2,9,30,FIGS,1000,500,6,18,0.748,0.6541680107781931,0.7757073189244578,0.35259675963742854,0.2162480941042304,0.0012869751080870628,,,,,
fitness_club,2,2,9,30,HSTree,1000,500,6,18,0.732,0.6539782538568094,0.7346913603673696,0.330124900246957,0.0024421019479632378,0.0002169981598854065,,,,,
fitness_club,2,2,9,30,GreedyRuleList,1000,500,6,18,0.754,0.6641017856126302,0.7624053587354599,0.37126176659792903,0.0030982252210378647,0.0005504041910171509,,,,,
fitness_club,2,2,9,30,Dummy,1000,500,6,18,0.698,0.5,0.5,0.0,0.000388425774872303,0.00019990839064121246,,,,,
fitness_club,3,0,10,30,RFR,1000,500,6,18,0.698,0.5032894736842105,0.7922149122807018,0.0677356893790294,0.0033758319914340973,0.00014281831681728363,1,1,1.0,1,1.0
fitness_club,3,0,10,30,GPR,1000,500,6,18,0.698,0.5032894736842105,0.5032894736842105,0.0677356893790294,0.5358562236651778,8.991919457912445e-05,1,1,1.0,1,1.0
fitness_club,3,0,10,30,FIGS,1000,500,6,18,0.766,0.6670069570477919,0.7621559286146401,0.39819300308151534,0.21091793291270733,0.001206827349960804,,,,,
fitness_club,3,0,10,30,HSTree,1000,500,6,18,0.766,0.6781231094978826,0.7634887326073806,0.4051798262663388,0.0021884767338633537,0.00021688733249902725,,,,,
fitness_club,3,0,10,30,GreedyRuleList,1000,500,6,18,0.73,0.707841802782819,0.7417196007259529,0.3978686161566752,0.002999166026711464,0.0005774637684226036,,,,,
fitness_club,3,0,10,30,Dummy,1000,500,6,18,0.696,0.5,0.5,0.0,0.0003228457644581795,0.00019504781812429428,,,,,
fitness_club,3,1,11,30,RFR,1000,500,6,18,0.728,0.5703334029108711,0.7115979430349723,0.24671835201212158,0.0030083777382969856,0.00014521833509206772,2,4,2.0,4,2.0
fitness_club,3,1,11,30,GPR,1000,500,6,18,0.726,0.5463576158940397,0.5463576158940397,0.2580299528583808,0.5465920949354768,8.954852819442749e-05,1,1,1.0,1,1.0
fitness_club,3,1,11,30,FIGS,1000,500,6,18,0.774,0.6803070266987988,0.8015806751551262,0.42035627565564476,0.20091249514371157,0.0013192957267165184,,,,,
fitness_club,3,1,11,30,HSTree,1000,500,6,18,0.764,0.6712651093948652,0.7889618398831098,0.39464835371580137,0.002514001913368702,0.0002213483676314354,,,,,
fitness_club,3,1,11,30,GreedyRuleList,1000,500,6,18,0.792,0.7495588151577828,0.8148162204216398,0.5029885255033968,0.0030834563076496124,0.0005507739260792732,,,,,
fitness_club,3,1,11,30,Dummy,1000,500,6,18,0.698,0.5,0.5,0.0,0.0003744056448340416,0.00018978863954544067,,,,,
fitness_club,3,2,12,30,RFR,1000,500,6,18,0.704,0.6019848573976736,0.6404865367464277,0.23324897343484027,0.0035511311143636703,0.00014411751180887222,2,3,1.5,3,1.5
fitness_club,3,2,12,30,GPR,1000,500,6,18,0.704,0.5099337748344371,0.5099337748344371,0.11811544019368109,0.529828542843461,8.459948003292084e-05,1,1,1.0,1,1.0
fitness_club,3,2,12,30,FIGS,1000,500,6,18,0.742,0.6705345452475379,0.7418926355338811,0.3606803451265864,0.20825534500181675,0.0008194399997591972,,,,,
fitness_club,3,2,12,30,HSTree,1000,500,6,18,0.742,0.6686559517258392,0.7562477466365586,0.3586147013537606,0.002232334576547146,0.0002272576093673706,,,,,
fitness_club,3,2,12,30,GreedyRuleList,1000,500,6,18,0.77,0.7488282510104556,0.7946260839864133,0.47967539910418017,0.0028906073421239853,0.0005492344498634338,,,,,
fitness_club,3,2,12,30,Dummy,1000,500,6,18,0.698,0.5,0.5,0.0,0.0003132671117782593,0.0002010772004723549,,,,,
fitness_club,4,0,13,30,RFR,1000,500,6,18,0.698,0.5032894736842105,0.819277450090744,0.0677356893790294,0.0035652602091431618,0.0001315595582127571,1,1,1.0,1,1.0
fitness_club,4,0,13,30,GPR,1000,500,6,18,0.698,0.5032894736842105,0.5032894736842105,0.0677356893790294,0.5317083932459354,8.938834071159363e-05,1,1,1.0,1,1.0
fitness_club,4,0,13,30,FIGS,1000,500,6,18,0.78,0.6603901996370236,0.7793027828191169,0.4359155957385404,0.21560116298496723,0.0012022973969578743,,,,,
fitness_club,4,0,13,30,HSTree,1000,500,6,18,0.778,0.6682168784029038,0.7614280852994556,0.4287414129384604,0.002190745435655117,0.0002216668799519539,,,,,
fitness_club,4,0,13,30,GreedyRuleList,1000,500,6,18,0.774,0.7505671506352087,0.7909766333938295,0.4859253339480537,0.002991936169564724,0.0005870126187801361,,,,,
fitness_club,4,0,13,30,Dummy,1000,500,6,18,0.696,0.5,0.5,0.0,0.0003313366323709488,0.00019825808703899384,,,,,
fitness_club,4,1,14,30,RFR,1000,500,6,18,0.714,0.6147839617450046,0.6498415529706446,0.2615596641997814,0.0036653289571404457,0.000158567912876606,2,3,1.5,3,1.5
fitness_club,4,1,14,30,GPR,1000,500,6,18,0.704,0.5099337748344371,0.5099337748344371,0.11811544019368109,0.5433015460148454,9.462889283895493e-05,1,1,1.0,1,1.0
fitness_club,4,1,14,30,FIGS,1000,500,6,18,0.734,0.6535323250915577,0.7934401032277654,0.3320154736816111,0.21729191485792398,0.0013792039826512337,,,,,
fitness_club,4,1,14,30,HSTree,1000,500,6,18,0.742,0.657384390595647,0.7844551130002467,0.34663145125202033,0.0025299517437815666,0.00022330693900585175,,,,,
fitness_club,4,1,14,30,GreedyRuleList,1000,500,6,18,0.762,0.7055257215506936,0.7882502514279208,0.4221857163557863,0.0032660039141774178,0.0006037633866071701,,,,,
fitness_club,4,1,14,30,Dummy,1000,500,6,18,0.698,0.5,0.5,0.0,0.00039696507155895233,0.00020142830908298492,,,,,
fitness_club,4,2,15,30,RFR,1000,500,6,18,0.718,0.5556557050418414,0.6970151236266343,0.203005803974397,0.003493191674351692,0.00013671908527612686,2,4,2.0,4,2.0
fitness_club,4,2,15,30,GPR,1000,500,6,18,0.718,0.5331125827814569,0.5331125827814569,0.21718318601744394,0.5375124607235193,9.841937571763992e-05,1,1,1.0,1,1.0
fitness_club,4,2,15,30,FIGS,1000,500,6,18,0.75,0.6706294237082298,0.8012960397730508,0.37118507041641113,0.2194269010797143,0.0012880060821771622,,,,,
fitness_club,4,2,15,30,HSTree,1000,500,6,18,0.748,0.6710753524734815,0.7948348165999355,0.36887791776395457,0.0024145031347870827,0.00021943822503089905,,,,,
fitness_club,4,2,15,30,GreedyRuleList,1000,500,6,18,0.764,0.7464088502628133,0.7871022220535495,0.4719635437911526,0.0029632877558469772,0.0005454644560813904,,,,,
fitness_club,4,2,15,30,Dummy,1000,500,6,18,0.698,0.5,0.5,0.0,0.000313756987452507,0.0001939171925187111,,,,,
fitness_club,5,0,16,30,RFR,1000,500,6,18,0.702,0.5098684210526315,0.8403943587416819,0.11755747815123814,0.003528720699250698,0.00014712847769260406,1,1,1.0,1,1.0
fitness_club,5,0,16,30,GPR,1000,500,6,18,0.702,0.5098684210526315,0.5098684210526315,0.11755747815123814,0.5351187605410814,8.372869342565536e-05,1,1,1.0,1,1.0
fitness_club,5,0,16,30,FIGS,1000,500,6,18,0.782,0.7285238959467635,0.801743042952208,0.47136728250392984,0.21772133093327284,0.0012748362496495247,,,,,
fitness_club,5,0,16,30,HSTree,1000,500,6,18,0.788,0.7328342407743497,0.7832728372655778,0.4836100506952086,0.0022648852318525314,0.0002204468473792076,,,,,
fitness_club,5,0,16,30,GreedyRuleList,1000,500,6,18,0.786,0.7703039927404718,0.8090025710828797,0.5200031543736572,0.0029782969504594803,0.0005624331533908844,,,,,
fitness_club,5,0,16,30,Dummy,1000,500,6,18,0.696,0.5,0.5,0.0,0.0003180168569087982,0.00020416732877492905,,,,,
fitness_club,5,1,17,30,RFR,1000,500,6,18,0.7,0.5897265602762861,0.6244900282737813,0.21174517504724044,0.0036104004830121994,0.00013425946235656738,2,3,1.5,3,1.5
fitness_club,5,1,17,30,GPR,1000,500,6,18,0.704,0.5099337748344371,0.5099337748344371,0.11811544019368109,0.543773883022368,8.358899503946304e-05,1,1,1.0,1,1.0
fitness_club,5,1,17,30,FIGS,1000,500,6,18,0.75,0.6274217727091596,0.7838668665439572,0.3372031148975527,0.2260297480970621,0.0014095939695835114,,,,,
fitness_club,5,1,17,30,HSTree,1000,500,6,18,0.756,0.6448699216303915,0.7813620751816921,0.3610437962981313,0.0023662541061639786,0.00022022798657417297,,,,,
fitness_club,5,1,17,30,GreedyRuleList,1000,500,6,18,0.746,0.7335148674547904,0.7669974762329456,0.44267958858116463,0.002980676479637623,0.0005354834720492363,,,,,
fitness_club,5,1,17,30,Dummy,1000,500,6,18,0.698,0.5,0.5,0.0,0.00034256651997566223,0.00019232835620641708,,,,,
fitness_club,5,2,18,30,RFR,1000,500,6,18,0.734,0.5708742101368147,0.695468604717357,0.27403741260395,0.0030356962233781815,0.0001469086855649948,2,4,2.0,4,2.0
fitness_club,5,2,18,30,GPR,1000,500,6,18,0.752,0.6138256892920169,0.6138256892920169,0.3395312680001616,0.6485366877168417,9.123887866735458e-05,2,2,1.0,2,1.0
fitness_club,5,2,18,30,FIGS,1000,500,6,18,0.768,0.6854020000379514,0.8025199719159757,0.4123290846732864,0.23242665641009808,0.0017577717080712318,,,,,
fitness_club,5,2,18,30,HSTree,1000,500,6,18,0.768,0.6854020000379514,0.7674054536139205,0.4123290846732864,0.0024829432368278503,0.00022205710411071777,,,,,
fitness_club,5,2,18,30,GreedyRuleList,1000,500,6,18,0.764,0.7088369798288392,0.7889903034213173,0.42803332774949315,0.0031634634360671043,0.0005921442061662674,,,,,
fitness_club,5,2,18,30,Dummy,1000,500,6,18,0.698,0.5,0.5,0.0,0.0003934744745492935,0.000193118117749691,,,,,
fitness_club,6,0,19,30,RFR,1000,500,6,18,0.694,0.5819343617664852,0.6279775408348458,0.19535527228382243,0.0038046082481741905,0.00013372767716646194,2,3,1.5,3,1.5
fitness_club,6,0,19,30,GPR,1000,500,6,18,0.698,0.5032894736842105,0.5032894736842105,0.0677356893790294,0.5374946976080537,8.917972445487976e-05,1,1,1.0,1,1.0
fitness_club,6,0,19,30,FIGS,1000,500,6,18,0.744,0.6586131276467029,0.7612484875983062,0.35225072403516067,0.2134427297860384,0.0012111552059650421,,,,,
fitness_club,6,0,19,30,HSTree,1000,500,6,18,0.748,0.665192075015124,0.7610310798548094,0.36450689342911075,0.002216445282101631,0.00022889766842126846,,,,,
fitness_club,6,0,19,30,GreedyRuleList,1000,500,6,18,0.74,0.6705611010284331,0.7616927555958862,0.3595381237401551,0.0030480055138468742,0.0005495445802807808,,,,,
fitness_club,6,0,19,30,Dummy,1000,500,6,18,0.696,0.5,0.5,0.0,0.00032045599073171616,0.00019275862723588943,,,,,
fitness_club,6,1,20,30,RFR,1000,500,6,18,0.694,0.5459781020512724,0.5830850680278563,0.13602474280223809,0.0046151177957654,0.00014855898916721344,2,3,1.5,3,1.5
fitness_club,6,1,20,30,GPR,1000,500,6,18,0.71,0.5198675496688742,0.5198675496688742,0.16754689759126498,0.5367459766566753,8.392892777919769e-05,1,1,1.0,1,1.0
fitness_club,6,1,20,30,FIGS,1000,500,6,18,0.792,0.6988367900719179,0.8134689462798155,0.4692337563143722,0.19535773154348135,0.0005749538540840149,,,,,
fitness_club,6,1,20,30,HSTree,1000,500,6,18,0.798,0.7144063454714511,0.8038008311353156,0.48857044896566876,0.0024672532454133034,0.0002451268956065178,,,,,
fitness_club,6,1,20,30,GreedyRuleList,1000,500,6,18,0.778,0.7526803165145448,0.7946260839864134,0.491223247933817,0.0030164262279868126,0.0005553439259529114,,,,,
fitness_club,6,1,20,30,Dummy,1000,500,6,18,0.698,0.5,0.5,0.0,0.0003874460235238075,0.00019422639161348343,,,,,
fitness_club,6,2,21,30,RFR,1000,500,6,18,0.716,0.6087022524146568,0.6270137953281847,0.25652579787630686,0.003304753452539444,0.0001411987468600273,2,3,1.5,3,1.5
fitness_club,6,2,21,30,GPR,1000,500,6,18,0.706,0.5132450331125827,0.5132450331125827,0.1365253810193009,0.5304979970678687,9.311921894550323e-05,1,1,1.0,1,1.0
fitness_club,6,2,21,30,FIGS,1000,500,6,18,0.758,0.6387882123000437,0.8064764037268258,0.36299081156225427,0.21964457258582115,0.0014793043956160545,,,,,
fitness_club,6,2,21,30,HSTree,1000,500,6,18,0.78,0.7015123626634281,0.7851667014554357,0.4452424744955377,0.0023089442402124405,0.00022466666996479034,,,,,
fitness_club,6,2,21,30,GreedyRuleList,1000,500,6,18,0.784,0.7701284654357767,0.8010208922370443,0.5173953276838745,0.0029649073258042336,0.0005573537200689316,,,,,
fitness_club,6,2,21,30,Dummy,1000,500,6,18,0.698,0.5,0.5,0.0,0.00032498687505722046,0.00019469764083623886,,,,,
fitness_club,7,0,22,30,RFR,1000,500,6,18,0.732,0.5610632183908046,0.8191451149425287,0.2866721380793011,0.003550780937075615,0.00014251749962568283,1,1,1.0,1,1.0
fitness_club,7,0,22,30,GPR,1000,500,6,18,0.734,0.5625,0.5625,0.30072677040228796,0.5501187397167087,8.750893175601959e-05,1,1,1.0,1,1.0
fitness_club,7,0,22,30,FIGS,1000,500,6,18,0.762,0.6585753176043557,0.7830648820326679,0.3848064557106724,0.22409560345113277,0.0013820454478263855,,,,,
fitness_club,7,0,22,30,HSTree,1000,500,6,18,0.766,0.6688596491228069,0.7954287658802177,0.39923500676666546,0.002228674478828907,0.0002324683591723442,,,,,
fitness_club,7,0,22,30,GreedyRuleList,1000,500,6,18,0.758,0.7335148215366001,0.7887269358741682,0.4516052008918438,0.0029013073071837425,0.0005567139014601707,,,,,
fitness_club,7,0,22,30,Dummy,1000,500,6,18,0.696,0.5,0.5,0.0,0.0003250967711210251,0.00020319782197475433,,,,,
fitness_club,7,1,23,30,RFR,1000,500,6,18,0.704,0.5963490768325774,0.6405814152071196,0.22552226588491744,0.0035299109295010567,0.00014065857976675034,2,3,1.5,3,1.5
fitness_club,7,1,23,30,GPR,1000,500,6,18,0.702,0.5066225165562914,0.5066225165562914,0.09634397624979606,0.5411941707134247,9.033922106027603e-05,1,1,1.0,1,1.0
fitness_club,7,1,23,30,FIGS,1000,500,6,18,0.746,0.6170420691094708,0.7864096092904989,0.3216917638382004,0.22044631466269493,0.001280166208744049,,,,,
fitness_club,7,1,23,30,HSTree,1000,500,6,18,0.75,0.6330575532742557,0.8000721076301258,0.3403149213960672,0.0024213921278715134,0.0002214564010500908,,,,,
fitness_club,7,1,23,30,GreedyRuleList,1000,500,6,18,0.78,0.7390842330974022,0.807301846334845,0.47816846619480446,0.002898086793720722,0.0005578547716140747,,,,,
fitness_club,7,1,23,30,Dummy,1000,500,6,18,0.698,0.5,0.5,0.0,0.0003266260027885437,0.00020060688257217407,,,,,
fitness_club,7,2,24,30,RFR,1000,500,6,18,0.708,0.5203134784341259,0.681379153304617,0.14029864588556176,0.0032962532714009285,0.00013398844748735428,2,4,2.0,4,2.0
fitness_club,7,2,24,30,GPR,1000,500,6,18,0.7,0.5033112582781457,0.5033112582781457,0.06805718269605669,0.5772568797692657,8.992943912744522e-05,1,1,1.0,1,1.0
fitness_club,7,2,24,30,FIGS,1000,500,6,18,0.758,0.7252035142981841,0.7673675022296439,0.44046842704928163,0.2172469301149249,0.0012765862047672272,,,,,
fitness_club,7,2,24,30,HSTree,1000,500,6,18,0.766,0.7083910510635876,0.7568929201692632,0.4300214328083625,0.0023975828662514687,0.0002356981858611107,,,,,
fitness_club,7,2,24,30,GreedyRuleList,1000,500,6,18,0.762,0.7449761855063664,0.7726901838744569,0.4686448070772782,0.0030507752671837807,0.0005598338320851326,,,,,
fitness_club,7,2,24,30,Dummy,1000,500,6,18,0.698,0.5,0.5,0.0,0.0003856867551803589,0.00019583851099014282,,,,,
fitness_club,8,0,25,30,RFR,1000,500,6,18,0.714,0.609271022383545,0.6577624016938899,0.2562460053734539,0.0030831359326839447,0.00014505721628665924,2,3,1.5,3,1.5
fitness_club,8,0,25,30,GPR,1000,500,6,18,0.704,0.5131578947368421,0.5131578947368421,0.13588045280065375,0.5416419468820095,8.516944944858551e-05,1,1,1.0,1,1.0
fitness_club,8,0,25,30,FIGS,1000,500,6,18,0.762,0.6456064730792498,0.7955516485178464,0.37935579827020843,0.208638827316463,0.0008385106921195984,,,,,
fitness_club,8,0,25,30,HSTree,1000,500,6,18,0.758,0.6909029038112522,0.7920636721113128,0.4034573853428366,0.002248035743832588,0.00022383686155080795,,,,,
fitness_club,8,0,25,30,GreedyRuleList,1000,500,6,18,0.782,0.7637250453720508,0.8072349516031457,0.5086652653826256,0.003016926348209381,0.0005820728838443756,,,,,
fitness_club,8,0,25,30,Dummy,1000,500,6,18,0.696,0.5,0.5,0.0,0.0003468859940767288,0.00019552838057279587,,,,,
fitness_club,8,1,26,30,RFR,1000,500,6,18,0.71,0.5236247367122716,0.6958576064061937,0.15495304675743135,0.003392373211681843,0.00014689844101667404,2,4,2.0,4,2.0
fitness_club,8,1,26,30,GPR,1000,500,6,18,0.7,0.5033112582781457,0.5033112582781457,0.06805718269605669,0.5346771469339728,8.643884211778641e-05,1,1,1.0,1,1.0
fitness_club,8,1,26,30,FIGS,1000,500,6,18,0.756,0.7068635078464487,0.7849769445340519,0.41693566595257425,0.22475309763103724,0.0015938719734549522,,,,,
fitness_club,8,1,26,30,HSTree,1000,500,6,18,0.752,0.7096339588986509,0.7674149414599897,0.416214707146107,0.0024416325613856316,0.00022955704480409622,,,,,
fitness_club,8,1,26,30,GreedyRuleList,1000,500,6,18,0.758,0.7045389855594983,0.779967361809522,0.4165063192722195,0.002910376526415348,0.0005511334165930748,,,,,
fitness_club,8,1,26,30,Dummy,1000,500,6,18,0.698,0.5,0.5,0.0,0.00033281557261943817,0.00020875781774520874,,,,,
fitness_club,8,2,27,30,RFR,1000,500,6,18,0.716,0.53167991802501,0.8087534867834305,0.1983190620583999,0.003431081771850586,0.00013831816613674164,1,1,1.0,1,1.0
fitness_club,8,2,27,30,GPR,1000,500,6,18,0.716,0.53167991802501,0.5316799180250099,0.1983190620583999,0.5423397123813629,8.979905396699905e-05,1,1,1.0,1,1.0
fitness_club,8,2,27,30,FIGS,1000,500,6,18,0.77,0.6924704453594945,0.7709633958898651,0.4212589646379339,0.2001353120431304,0.0005577346310019493,,,,,
fitness_club,8,2,27,30,HSTree,1000,500,6,18,0.758,0.6613313345604281,0.7664092297766563,0.3761175600530722,0.002345813438296318,0.00022590812295675278,,,,,
fitness_club,8,2,27,30,GreedyRuleList,1000,500,6,18,0.752,0.7359342682024327,0.7710677621966262,0.44974571189845336,0.002969697117805481,0.0005674939602613449,,,,,
fitness_club,8,2,27,30,Dummy,1000,500,6,18,0.698,0.5,0.5,0.0,0.00030365586280822754,0.00019602850079536438,,,,,
fitness_club,9,0,28,30,RFR,1000,500,6,18,0.716,0.5328947368421053,0.8537602087114337,0.21615724077391055,0.0035907402634620667,0.0001430576667189598,2,3,1.5,3,1.5
fitness_club,9,0,28,30,GPR,1000,500,6,18,0.716,0.5328947368421053,0.5328947368421053,0.21615724077391055,0.5475767757743597,9.742844849824905e-05,1,1,1.0,1,1.0
fitness_club,9,0,28,30,FIGS,1000,500,6,18,0.786,0.6924909255898366,0.8216972928009679,0.4551064530786148,0.22278225049376488,0.0014841444790363312,,,,,
fitness_club,9,0,28,30,HSTree,1000,500,6,18,0.772,0.6713173018753781,0.7930278281911676,0.413859275812365,0.0023938938975334167,0.00021990668028593063,,,,,
fitness_club,9,0,28,30,GreedyRuleList,1000,500,6,18,0.798,0.7678085299455535,0.827019056261343,0.5290418952505717,0.003010815940797329,0.0005469545722007751,,,,,
fitness_club,9,0,28,30,Dummy,1000,500,6,18,0.696,0.5,0.5,0.0,0.00038483645766973495,0.0002024080604314804,,,,,
fitness_club,9,1,29,30,RFR,1000,500,6,18,0.71,0.5236247367122716,0.6720905520028843,0.15495304675743135,0.0030543459579348564,0.00013013742864131927,2,4,2.0,4,2.0
fitness_club,9,1,29,30,GPR,1000,500,6,18,0.704,0.5099337748344371,0.5099337748344371,0.11811544019368109,0.5386753864586353,9.209942072629929e-05,1,1,1.0,1,1.0
fitness_club,9,1,29,30,FIGS,1000,500,6,18,0.754,0.6490730374390405,0.764872198713448,0.35945153223939375,0.21511686593294144,0.001206226646900177,,,,,
fitness_club,9,1,29,30,HSTree,1000,500,6,18,0.748,0.648532230213097,0.7539611757338849,0.3476662799043213,0.002138916403055191,0.0002249162644147873,,,,,
fitness_club,9,1,29,30,GreedyRuleList,1000,500,6,18,0.74,0.7160667185335585,0.7684680923736693,0.41488827796322925,0.002890627831220627,0.0005466639995574951,,,,,
fitness_club,9,1,29,30,Dummy,1000,500,6,18,0.698,0.5,0.5,0.0,0.00031652674078941345,0.0001965165138244629,,,,,
fitness_club,9,2,30,30,RFR,1000,500,6,18,0.706,0.6052961156758192,0.627032771020323,0.2399395894601731,0.003763088956475258,0.00013401824980974197,2,3,1.5,3,1.5
fitness_club,9,2,30,30,GPR,1000,500,6,18,0.7,0.5033112582781457,0.5033112582781457,0.06805718269605669,0.5387266362085938,8.802954107522964e-05,1,1,1.0,1,1.0
fitness_club,9,2,30,30,FIGS,1000,500,6,18,0.748,0.6466536366913983,0.7671872331543292,0.34608704353443964,0.21173357497900724,0.001444564200937748,,,,,
fitness_club,9,2,30,30,HSTree,1000,500,6,18,0.748,0.6504108237347958,0.7335907702233438,0.3492785233485805,0.0022499551996588707,0.000231277197599411,,,,,
fitness_club,9,2,30,30,GreedyRuleList,1000,500,6,18,0.75,0.732623009924287,0.7706218334313744,0.44395055126263727,0.0029156263917684555,0.0005225241184234619,,,,,
fitness_club,9,2,30,30,Dummy,1000,500,6,18,0.698,0.5,0.5,0.0,0.0003107357770204544,0.00020753778517246246,,,,,
gallstone_disease,0,0,1,60,RFR,212,107,38,46,0.6261682242990654,0.6259608665269043,0.6851851851851851,0.25218621788576234,0.0020680874586105347,0.0001161377876996994,2,3,1.5,3,1.5
gallstone_disease,0,0,1,60,GPR,212,107,38,46,0.6635514018691588,0.662648497554158,0.6626484975541579,0.33173450878523825,0.69216329138726,9.424891322851181e-05,4,7,1.75,7,1.75
gallstone_disease,0,0,1,60,FIGS,212,107,38,46,0.7289719626168224,0.7283368273934312,0.7837176799440951,0.4612081143421121,0.2023179503157735,0.0008221715688705444,,,,,
gallstone_disease,0,0,1,60,HSTree,212,107,38,46,0.6728971962616822,0.6726065688329839,0.669287211740042,0.3459391387573863,0.0036884192377328873,0.00013756752014160156,,,,,
gallstone_disease,0,0,1,60,GreedyRuleList,212,107,38,46,0.7663551401869159,0.7662473794549267,0.8053808525506638,0.5326809133496982,0.0034827012568712234,0.00020522810518741608,,,,,
gallstone_disease,0,0,1,60,Dummy,212,107,38,46,0.5046728971962616,0.5,0.5,0.0,0.0003132158890366554,0.00020360760390758514,,,,,
gallstone_disease,0,1,2,60,RFR,213,106,38,46,0.6509433962264151,0.6492165242165242,0.649928774928775,0.30383721343076575,0.0019571082666516304,0.0001147175207734108,2,4,2.0,4,2.0
gallstone_disease,0,1,2,60,GPR,213,106,38,46,0.5660377358490566,0.5673076923076923,0.5673076923076923,0.13578090752936633,0.43450288847088814,8.75396654009819e-05,3,9,3.0,10,3.3333333333333335
gallstone_disease,0,1,2,60,FIGS,213,106,38,46,0.6981132075471698,0.6987179487179487,0.771011396011396,0.398003258035149,0.21529425587505102,0.0008429912850260735,,,,,
gallstone_disease,0,1,2,60,HSTree,213,106,38,46,0.7075471698113207,0.7072649572649572,0.7476851851851851,0.4147515290416182,0.003247504122555256,0.00012615788727998734,,,,,
gallstone_disease,0,1,2,60,GreedyRuleList,213,106,38,46,0.7264150943396226,0.7286324786324787,0.7875712250712251,0.46937274223696546,0.0034411009401082993,0.00018978770822286606,,,,,
gallstone_disease,0,1,2,60,Dummy,213,106,38,46,0.5094339622641509,0.5,0.5,0.0,0.00031327642500400543,0.00019386783242225647,,,,,
gallstone_disease,0,2,3,60,RFR,213,106,38,45,0.6226415094339622,0.6226415094339623,0.6429334282662869,0.25431597849019016,0.0019554980099201202,0.00011035893112421036,2,3,1.5,3,1.5
gallstone_disease,0,2,3,60,GPR,213,106,38,45,0.6037735849056604,0.6037735849056604,0.6037735849056604,0.20814079896736404,0.3514755619689822,8.321832865476608e-05,2,6,3.0,6,3.0
gallstone_disease,0,2,3,60,FIGS,213,106,38,45,0.6698113207547169,0.6698113207547169,0.6892132431470274,0.33968311024337877,0.20265920739620924,0.0007782215252518654,,,,,
gallstone_disease,0,2,3,60,HSTree,213,106,38,45,0.6037735849056604,0.6037735849056604,0.640441438234247,0.2088900483267183,0.0035188309848308563,0.00013444852083921432,,,,,
gallstone_disease,0,2,3,60,GreedyRuleList,213,106,38,45,0.6509433962264151,0.6509433962264151,0.7180491278034888,0.3086066999241838,0.0034819813445210457,0.00019757729023694992,,,,,
gallstone_disease,0,2,3,60,Dummy,213,106,38,45,0.5,0.5,0.5,0.0,0.00030966661870479584,0.00019037816673517227,,,,,
gallstone_disease,1,0,4,60,RFR,212,107,38,45,0.5233644859813084,0.5260307477288609,0.5922431865828091,0.06336477435441396,0.001970428042113781,0.00012438837438821793,2,3,1.5,3,1.5
gallstone_disease,1,0,4,60,GPR,212,107,38,45,0.6074766355140186,0.606743535988819,0.6067435359888189,0.21622419748137536,0.32989119179546833,9.01389867067337e-05,1,3,3.0,3,3.0
gallstone_disease,1,0,4,60,FIGS,212,107,38,45,0.7102803738317757,0.709643605870021,0.7410901467505241,0.4234504492812047,0.21326655987650156,0.000735010951757431,,,,,
gallstone_disease,1,0,4,60,HSTree,212,107,38,45,0.7383177570093458,0.7382948986722571,0.7442348008385744,0.47658979734451434,0.0038989372551441193,0.0001375582069158554,,,,,
gallstone_disease,1,0,4,60,GreedyRuleList,212,107,38,45,0.7102803738317757,0.7112159329140462,0.7538434661076172,0.43079164459866065,0.0035109305754303932,0.0002001384273171425,,,,,
gallstone_disease,1,0,4,60,Dummy,212,107,38,45,0.5046728971962616,0.5,0.5,0.0,0.0003136172890663147,0.00019729789346456528,,,,,
gallstone_disease,1,1,5,60,RFR,213,106,38,46,0.6886792452830188,0.6873219373219374,0.7108262108262108,0.37891867822620035,0.002147916704416275,0.00013459939509630203,2,4,2.0,4,2.0
gallstone_disease,1,1,5,60,GPR,213,106,38,46,0.6792452830188679,0.6784188034188035,0.6784188034188035,0.35837239932628745,0.33629853185266256,9.713880717754364e-05,1,2,2.0,3,3.0
gallstone_disease,1,1,5,60,FIGS,213,106,38,46,0.7169811320754716,0.7143874643874644,0.795405982905983,0.4469734021516747,0.20354966819286346,0.0004748646169900894,,,,,
gallstone_disease,1,1,5,60,HSTree,213,106,38,46,0.6698113207547169,0.6698717948717949,0.7316595441595443,0.33968311024337877,0.003567230887711048,0.00012964848428964615,,,,,
gallstone_disease,1,1,5,60,GreedyRuleList,213,106,38,46,0.6886792452830188,0.6891025641025641,0.7259615384615384,0.3784073228884867,0.003222184255719185,0.00018186774104833603,,,,,
gallstone_disease,1,1,5,60,Dummy,213,106,38,46,0.5094339622641509,0.5,0.5,0.0,0.00031377654522657394,0.00019384827464818954,,,,,
gallstone_disease,1,2,6,60,RFR,213,106,38,46,0.6132075471698113,0.6132075471698113,0.625311498754005,0.22645540682891915,0.0019075796008110046,0.00011609867215156555,2,3,1.5,3,1.5
gallstone_disease,1,2,6,60,GPR,213,106,38,46,0.5754716981132075,0.5754716981132075,0.5754716981132076,0.1522773975253762,0.2549634166061878,0.00011217966675758362,1,1,1.0,1,1.0
gallstone_disease,1,2,6,60,FIGS,213,106,38,46,0.6415094339622641,0.6415094339622641,0.7264150943396226,0.28382836222822366,0.21562035381793976,0.0007832823321223259,,,,,
gallstone_disease,1,2,6,60,HSTree,213,106,38,46,0.660377358490566,0.660377358490566,0.6731933072267711,0.3209833376209784,0.0033807214349508286,0.00013144873082637787,,,,,
gallstone_disease,1,2,6,60,GreedyRuleList,213,106,38,46,0.6981132075471698,0.6981132075471699,0.7659309362762549,0.41081811909953797,0.0034444425255060196,0.00020325742661952972,,,,,
gallstone_disease,1,2,6,60,Dummy,213,106,38,46,0.5,0.5,0.5,0.0,0.000302816741168499,0.00019478797912597656,,,,,
gallstone_disease,2,0,7,60,RFR,212,107,38,46,0.6074766355140186,0.6070929419986024,0.6837875611460518,0.21493820764830934,0.001970888115465641,0.0001139175146818161,2,4,2.0,4,2.0
gallstone_disease,2,0,7,60,GPR,212,107,38,46,0.5607476635514018,0.5599231306778476,0.5599231306778477,0.12177627696886058,0.5317177334800363,9.547825902700424e-05,3,11,3.6666666666666665,11,3.6666666666666665
gallstone_disease,2,0,7,60,FIGS,212,107,38,46,0.719626168224299,0.7190775681341719,0.7618798043326345,0.4414059343663103,0.198032489977777,0.0006593931466341019,,,,,
gallstone_disease,2,0,7,60,HSTree,212,107,38,46,0.6635514018691588,0.6628232005590495,0.6713836477987422,0.32982152545440563,0.003692198544740677,0.00013644900172948837,,,,,
gallstone_disease,2,0,7,60,GreedyRuleList,212,107,38,46,0.6542056074766355,0.6525157232704403,0.6750524109014675,0.32755070642895373,0.0036153998225927353,0.00020544789731502533,,,,,
gallstone_disease,2,0,7,60,Dummy,212,107,38,46,0.5046728971962616,0.5,0.5,0.0,0.00031856633722782135,0.000193718820810318,,,,,
gallstone_disease,2,1,8,60,RFR,213,106,38,45,0.5471698113207547,0.5477207977207976,0.516025641025641,0.09557784332743721,0.0028654485940933228,0.00011713895946741104,1,1,1.0,1,1.0
gallstone_disease,2,1,8,60,GPR,213,106,38,45,0.5471698113207547,0.5477207977207976,0.5477207977207977,0.09557784332743721,0.2744089215993881,7.49584287405014e-05,1,1,1.0,1,1.0
gallstone_disease,2,1,8,60,FIGS,213,106,38,45,0.6698113207547169,0.6702279202279202,0.6472578347578348,0.3406378537489579,0.2151526603847742,0.000661773607134819,,,,,
gallstone_disease,2,1,8,60,HSTree,213,106,38,45,0.6132075471698113,0.6128917378917379,0.5881410256410257,0.22590418334397416,0.0035966001451015472,0.00012930948287248611,,,,,
gallstone_disease,2,1,8,60,GreedyRuleList,213,106,38,45,0.6509433962264151,0.6538461538461539,0.7118945868945871,0.322693177398566,0.0029976870864629745,0.00017952825874090195,,,,,
gallstone_disease,2,1,8,60,Dummy,213,106,38,45,0.5094339622641509,0.5,0.5,0.0,0.00031018536537885666,0.0001922082155942917,,,,,
gallstone_disease,2,2,9,60,RFR,213,106,38,46,0.6320754716981132,0.6320754716981132,0.6753292986828052,0.2700308624336608,0.0022815344855189323,0.0001160893589258194,2,3,1.5,3,1.5
gallstone_disease,2,2,9,60,GPR,213,106,38,46,0.6415094339622641,0.6415094339622642,0.6415094339622641,0.3174292167678637,0.46567980758845806,8.548982441425323e-05,4,8,2.0,9,2.25
gallstone_disease,2,2,9,60,FIGS,213,106,38,46,0.7547169811320755,0.7547169811320755,0.8058027767888928,0.5097970656333187,0.19386181700974703,0.0004021963104605675,,,,,
gallstone_disease,2,2,9,60,HSTree,213,106,38,46,0.6886792452830188,0.6886792452830188,0.6240655037379851,0.3774256780481986,0.004094903357326984,0.0001352289691567421,,,,,
gallstone_disease,2,2,9,60,GreedyRuleList,213,106,38,46,0.8018867924528302,0.8018867924528302,0.7965468138127448,0.6038810848771178,0.003613850101828575,0.00020700693130493164,,,,,
gallstone_disease,2,2,9,60,Dummy,213,106,38,46,0.5,0.5,0.5,0.0,0.0003047659993171692,0.0001918775960803032,,,,,
gallstone_disease,3,0,10,60,RFR,212,107,38,46,0.6355140186915887,0.6350454227812719,0.6752271139063593,0.2715176428415647,0.0019973283633589745,0.00012261886149644852,2,3,1.5,3,1.5
gallstone_disease,3,0,10,60,GPR,212,107,38,46,0.6074766355140186,0.6062194269741439,0.606219426974144,0.22068966971055282,0.42232132982462645,9.700842201709747e-05,1,1,1.0,2,2.0
gallstone_disease,3,0,10,60,FIGS,212,107,38,46,0.6915887850467289,0.6904262753319357,0.7012578616352202,0.39357208381447367,0.20612886268645525,0.0006907926872372627,,,,,
gallstone_disease,3,0,10,60,HSTree,212,107,38,46,0.6728971962616822,0.6720824598183088,0.7358490566037736,0.34970738429833137,0.0034175515174865723,0.00013698916882276535,,,,,
gallstone_disease,3,0,10,60,GreedyRuleList,212,107,38,46,0.6822429906542056,0.683088749126485,0.7302585604472397,0.3720744555783262,0.0035059507936239243,0.00019843783229589462,,,,,
gallstone_disease,3,0,10,60,Dummy,212,107,38,46,0.5046728971962616,0.5,0.5,0.0,0.00031190644949674606,0.00019590836018323898,,,,,
gallstone_disease,3,1,11,60,RFR,213,106,38,45,0.6698113207547169,0.6720085470085471,0.709045584045584,0.35312622196332444,0.002103435806930065,0.00012184865772724152,1,2,2.0,2,2.0
gallstone_disease,3,1,11,60,GPR,213,106,38,45,0.6981132075471698,0.698005698005698,0.698005698005698,0.396011396011396,0.36387703102082014,0.00010205898433923721,1,2,2.0,3,3.0
gallstone_disease,3,1,11,60,FIGS,213,106,38,45,0.7075471698113207,0.7097578347578347,0.8062678062678063,0.4306239021457518,0.20304598566144705,0.0007765302434563637,,,,,
gallstone_disease,3,1,11,60,HSTree,213,106,38,45,0.7924528301886793,0.7930911680911681,0.7729700854700854,0.5870191422274689,0.0036749886348843575,0.00013636890798807144,,,,,
gallstone_disease,3,1,11,60,GreedyRuleList,213,106,38,45,0.7452830188679245,0.7475071225071226,0.8254985754985755,0.5081215823281791,0.003471952863037586,0.00019120797514915466,,,,,
gallstone_disease,3,1,11,60,Dummy,213,106,38,45,0.5094339622641509,0.5,0.5,0.0,0.0003078766167163849,0.00019398797303438187,,,,,
gallstone_disease,3,2,12,60,RFR,213,106,38,46,0.6509433962264151,0.6509433962264151,0.7305090779636882,0.3019405424385589,0.002083166502416134,0.0001216493546962738,2,4,2.0,4,2.0
gallstone_disease,3,2,12,60,GPR,213,106,38,46,0.6132075471698113,0.6132075471698113,0.6132075471698114,0.23904572186687872,0.5120037272572517,0.00011015869677066803,3,7,2.3333333333333335,8,2.6666666666666665
gallstone_disease,3,2,12,60,FIGS,213,106,38,46,0.7264150943396226,0.7264150943396226,0.7677109291562835,0.4629100498862757,0.19260778278112411,0.0003177458420395851,,,,,
gallstone_disease,3,2,12,60,HSTree,213,106,38,46,0.6698113207547169,0.6698113207547169,0.6660733357066573,0.34462781148036764,0.0034955115988850594,0.00012917909771203995,,,,,
gallstone_disease,3,2,12,60,GreedyRuleList,213,106,38,46,0.7075471698113207,0.7075471698113207,0.7506229975080101,0.41576092031014994,0.003472721204161644,0.00020387768745422363,,,,,
gallstone_disease,3,2,12,60,Dummy,213,106,38,46,0.5,0.5,0.5,0.0,0.0003150561824440956,0.0001914873719215393,,,,,
gallstone_disease,4,0,13,60,RFR,212,107,38,45,0.5794392523364486,0.5775681341719078,0.6306778476589797,0.16941136220338313,0.0023079337552189827,0.0001239590346813202,1,2,2.0,2,2.0
gallstone_disease,4,0,13,60,GPR,212,107,38,45,0.5887850467289719,0.5880503144654088,0.5880503144654089,0.17835842149036527,0.2908272733911872,8.59387218952179e-05,1,3,3.0,4,4.0
gallstone_disease,4,0,13,60,FIGS,212,107,38,45,0.7850467289719626,0.7851153039832286,0.7781271837875612,0.570230607966457,0.21674814447760582,0.000817490741610527,,,,,
gallstone_disease,4,0,13,60,HSTree,212,107,38,45,0.6635514018691588,0.6638714185883997,0.6339972047519217,0.3284320973222959,0.0038297679275274277,0.00014784745872020721,,,,,
gallstone_disease,4,0,13,60,GreedyRuleList,212,107,38,45,0.6728971962616822,0.6745283018867925,0.7412648497554157,0.3719892616483319,0.0034291520714759827,0.0002046879380941391,,,,,
gallstone_disease,4,0,13,60,Dummy,212,107,38,45,0.5046728971962616,0.5,0.5,0.0,0.0003079567104578018,0.0001984480768442154,,,,,
gallstone_disease,4,1,14,60,RFR,213,106,38,46,0.6886792452830188,0.6894586894586894,0.7564102564102564,0.37993351745116016,0.0020206477493047714,0.00012015737593173981,2,4,2.0,4,2.0
gallstone_disease,4,1,14,60,GPR,213,106,38,46,0.6509433962264151,0.6527777777777778,0.6527777777777778,0.3110886982381826,0.31955800391733646,0.00010645855218172073,1,2,2.0,3,3.0
gallstone_disease,4,1,14,60,FIGS,213,106,38,46,0.7358490566037735,0.7343304843304843,0.775462962962963,0.4754831755990938,0.2107297219336033,0.0009679486975073814,,,,,
gallstone_disease,4,1,14,60,HSTree,213,106,38,46,0.6698113207547169,0.6691595441595442,0.6727207977207977,0.3392263548671073,0.0034909220412373543,0.00013019796460866928,,,,,
gallstone_disease,4,1,14,60,GreedyRuleList,213,106,38,46,0.6698113207547169,0.6723646723646723,0.7512464387464387,0.35736095553963954,0.003535620868206024,0.00019904691725969315,,,,,
gallstone_disease,4,1,14,60,Dummy,213,106,38,46,0.5094339622641509,0.5,0.5,0.0,0.0003062477335333824,0.0001928173005580902,,,,,
gallstone_disease,4,2,15,60,RFR,213,106,38,46,0.6698113207547169,0.6698113207547169,0.7059451762192951,0.3471825374147068,0.0022361157462000847,0.0001340983435511589,2,4,2.0,4,2.0
gallstone_disease,4,2,15,60,GPR,213,106,38,46,0.5471698113207547,0.5471698113207547,0.5471698113207547,0.09440686400617013,0.47163238748908043,8.498877286911011e-05,3,8,2.6666666666666665,8,2.6666666666666665
gallstone_disease,4,2,15,60,FIGS,213,106,38,46,0.660377358490566,0.6603773584905661,0.7128871484514061,0.32662123669906645,0.1986424857750535,0.00038746651262044907,,,,,
gallstone_disease,4,2,15,60,HSTree,213,106,38,46,0.7264150943396226,0.7264150943396226,0.708437166251335,0.4568321925761286,0.0036909589543938637,0.00013346783816814423,,,,,
gallstone_disease,4,2,15,60,GreedyRuleList,213,106,38,46,0.7169811320754716,0.7169811320754718,0.7710929156283376,0.438992056307299,0.0035745706409215927,0.00020845793187618256,,,,,
gallstone_disease,4,2,15,60,Dummy,213,106,38,46,0.5,0.5,0.5,0.0,0.00031270645558834076,0.0002019377425312996,,,,,
gallstone_disease,5,0,16,60,RFR,212,107,38,45,0.5607476635514018,0.563067784765898,0.7199510831586303,0.1451929441087667,0.0018976684659719467,0.00011185742914676666,1,2,2.0,2,2.0
gallstone_disease,5,0,16,60,GPR,212,107,38,45,0.6915887850467289,0.6914744933612857,0.6914744933612857,0.3830828615690743,0.2878588056191802,8.571892976760864e-05,1,2,2.0,2,2.0
gallstone_disease,5,0,16,60,FIGS,212,107,38,45,0.7009345794392523,0.699685534591195,0.694095038434661,0.4148820599986215,0.20831509865820408,0.0007592802867293358,,,,,
gallstone_disease,5,0,16,60,HSTree,212,107,38,45,0.719626168224299,0.7187281621243885,0.6857092941998603,0.4461134317928231,0.0034254221245646477,0.0001315884292125702,,,,,
gallstone_disease,5,0,16,60,GreedyRuleList,212,107,38,45,0.7383177570093458,0.7386443046820406,0.7947239692522712,0.47829237200666974,0.0030274763703346252,0.0001933583989739418,,,,,
gallstone_disease,5,0,16,60,Dummy,212,107,38,45,0.5046728971962616,0.5,0.5,0.0,0.0003160974010825157,0.00019289739429950714,,,,,
gallstone_disease,5,1,17,60,RFR,213,106,38,46,0.6415094339622641,0.6417378917378918,0.6837606837606837,0.28347578347578345,0.0019608885049819946,0.00011458806693553925,2,3,1.5,3,1.5
gallstone_disease,5,1,17,60,GPR,213,106,38,46,0.6037735849056604,0.6025641025641025,0.6025641025641026,0.2069042400447487,0.2700974550098181,7.631909102201462e-05,1,2,2.0,2,2.0
gallstone_disease,5,1,17,60,FIGS,213,106,38,46,0.6509433962264151,0.6506410256410255,0.719017094017094,0.3014431216230318,0.20290170051157475,0.0008486006408929825,,,,,
gallstone_disease,5,1,17,60,HSTree,213,106,38,46,0.6320754716981132,0.6328347578347578,0.6298076923076924,0.26638195866406533,0.003521169535815716,0.00013734865933656693,,,,,
gallstone_disease,5,1,17,60,GreedyRuleList,213,106,38,46,0.7547169811320755,0.7553418803418803,0.7763532763532763,0.511412788550541,0.003412812016904354,0.00019384734332561493,,,,,
gallstone_disease,5,1,17,60,Dummy,213,106,38,46,0.5094339622641509,0.5,0.5,0.0,0.000313526950776577,0.00018979795277118683,,,,,
gallstone_disease,5,2,18,60,RFR,213,106,38,46,0.6415094339622641,0.6415094339622641,0.668565325738697,0.28819520885211747,0.0019093584269285202,0.0001184176653623581,2,4,2.0,4,2.0
gallstone_disease,5,2,18,60,GPR,213,106,38,46,0.5566037735849056,0.5566037735849056,0.5566037735849056,0.11677484162422845,0.42551849223673344,9.304843842983246e-05,3,6,2.0,6,2.0
gallstone_disease,5,2,18,60,FIGS,213,106,38,46,0.7358490566037735,0.7358490566037736,0.775186899252403,0.4771652785948902,0.21223213616758585,0.0009557101875543594,,,,,
gallstone_disease,5,2,18,60,HSTree,213,106,38,46,0.6792452830188679,0.679245283018868,0.7490210039159843,0.36264561173211657,0.0036988891661167145,0.00013358891010284424,,,,,
gallstone_disease,5,2,18,60,GreedyRuleList,213,106,38,46,0.7264150943396226,0.7264150943396226,0.7472410110359559,0.4595037486404902,0.0033959317952394485,0.00018392782658338547,,,,,
gallstone_disease,5,2,18,60,Dummy,213,106,38,46,0.5,0.5,0.5,0.0,0.0003041774034500122,0.00019198749214410782,,,,,
gallstone_disease,6,0,19,60,RFR,212,107,38,46,0.6355140186915887,0.6355695317959469,0.6470999301187981,0.27113906359189377,0.0019966280087828636,0.0001218477264046669,2,3,1.5,3,1.5
gallstone_disease,6,0,19,60,GPR,212,107,38,46,0.7289719626168224,0.7285115303983228,0.7285115303983228,0.45943735683928416,0.3724071504548192,9.254924952983856e-05,1,3,3.0,4,4.0
gallstone_disease,6,0,19,60,FIGS,212,107,38,46,0.6728971962616822,0.6719077568134172,0.6687631027253669,0.3520294200829781,0.2052338933572173,0.0006286138668656349,,,,,
gallstone_disease,6,0,19,60,HSTree,212,107,38,46,0.6355140186915887,0.6355695317959469,0.6722571628232006,0.27113906359189377,0.0035947198048233986,0.00012968853116035461,,,,,
gallstone_disease,6,0,19,60,GreedyRuleList,212,107,38,46,0.6822429906542056,0.68256464011181,0.7255415793151643,0.36589716599338934,0.003419511951506138,0.0002100076526403427,,,,,
gallstone_disease,6,0,19,60,Dummy,212,107,38,46,0.5046728971962616,0.5,0.5,0.0,0.0003173770383000374,0.000189267098903656,,,,,
gallstone_disease,6,1,20,60,RFR,213,106,38,45,0.5377358490566038,0.5373931623931625,0.4821937321937322,0.07482630678585896,0.0019448287785053253,0.00011488888412714005,1,1,1.0,1,1.0
gallstone_disease,6,1,20,60,GPR,213,106,38,45,0.6132075471698113,0.608974358974359,0.608974358974359,0.2444041122366759,0.2768352311104536,9.811948984861374e-05,1,4,4.0,4,4.0
gallstone_disease,6,1,20,60,FIGS,213,106,38,45,0.7075471698113207,0.7086894586894588,0.7539173789173789,0.420004675659621,0.2037726305425167,0.0010449383407831192,,,,,
gallstone_disease,6,1,20,60,HSTree,213,106,38,45,0.7264150943396226,0.7275641025641025,0.7788461538461539,0.45799144666637853,0.003505961038172245,0.00013300776481628418,,,,,
gallstone_disease,6,1,20,60,GreedyRuleList,213,106,38,45,0.7169811320754716,0.7154558404558404,0.7476851851851852,0.4371843787803218,0.003388592042028904,0.00019025802612304688,,,,,
gallstone_disease,6,1,20,60,Dummy,213,106,38,45,0.5094339622641509,0.5,0.5,0.0,0.0003110961988568306,0.00019375793635845184,,,,,
gallstone_disease,6,2,21,60,RFR,213,106,38,45,0.5849056603773585,0.5849056603773585,0.5907796368814525,0.1729171253112705,0.002089986577630043,0.00011521857231855392,2,3,1.5,3,1.5
gallstone_disease,6,2,21,60,GPR,213,106,38,45,0.6132075471698113,0.6132075471698113,0.6132075471698113,0.22645540682891915,0.2894897209480405,9.342934936285019e-05,1,3,3.0,4,4.0
gallstone_disease,6,2,21,60,FIGS,213,106,38,45,0.7735849056603774,0.7735849056603774,0.8095407618369529,0.5535117231700727,0.21753614861518145,0.000996689312160015,,,,,
gallstone_disease,6,2,21,60,HSTree,213,106,38,45,0.6792452830188679,0.6792452830188679,0.6094695621217515,0.35951592548908334,0.00357058085501194,0.00013751909136772156,,,,,
gallstone_disease,6,2,21,60,GreedyRuleList,213,106,38,45,0.7075471698113207,0.7075471698113207,0.7075471698113207,0.4327892114505485,0.0032733846455812454,0.00018659792840480804,,,,,
gallstone_disease,6,2,21,60,Dummy,213,106,38,45,0.5,0.5,0.5,0.0,0.00031271670013666153,0.0001920880749821663,,,,,
gallstone_disease,7,0,22,60,RFR,212,107,38,46,0.616822429906542,0.6177498252969951,0.6423829489867225,0.2401601062526859,0.0019120890647172928,0.00012662913650274277,2,3,1.5,3,1.5
gallstone_disease,7,0,22,60,GPR,212,107,38,46,0.5700934579439252,0.570230607966457,0.5702306079664571,0.14051031966310937,0.27041110303252935,8.208956569433212e-05,1,1,1.0,1,1.0
gallstone_disease,7,0,22,60,FIGS,212,107,38,46,0.7009345794392523,0.7000349406009783,0.7084206848357792,0.40798712412362814,0.21318056713789701,0.0007609017193317413,,,,,
gallstone_disease,7,0,22,60,HSTree,212,107,38,46,0.6822429906542056,0.6815164220824599,0.6675401816911251,0.3676873014454157,0.003781268373131752,0.00013302825391292572,,,,,
gallstone_disease,7,0,22,60,GreedyRuleList,212,107,38,46,0.7102803738317757,0.7089447938504543,0.7127882599580713,0.43659627021061215,0.0033104941248893738,0.00019987858831882477,,,,,
gallstone_disease,7,0,22,60,Dummy,212,107,38,46,0.5046728971962616,0.5,0.5,0.0,0.00031466688960790634,0.00019155815243721008,,,,,
gallstone_disease,7,1,23,60,RFR,213,106,38,45,0.6037735849056604,0.6064814814814815,0.6752136752136753,0.2220017396068949,0.0020393775776028633,0.00011485908180475235,1,2,2.0,2,2.0
gallstone_disease,7,1,23,60,GPR,213,106,38,45,0.6037735849056604,0.6064814814814815,0.6064814814814814,0.2220017396068949,0.2799118794500828,7.922947406768799e-05,1,2,2.0,2,2.0
gallstone_disease,7,1,23,60,FIGS,213,106,38,45,0.6226415094339622,0.6193019943019943,0.5842236467236467,0.25554685720509035,0.2033650567755103,0.0005355039611458778,,,,,
gallstone_disease,7,1,23,60,HSTree,213,106,38,45,0.5943396226415094,0.5925925925925926,0.6424501424501424,0.18853860499283792,0.003664429299533367,0.00013941898941993713,,,,,
gallstone_disease,7,1,23,60,GreedyRuleList,213,106,38,45,0.6509433962264151,0.6520655270655271,0.6561609686609686,0.3060443626393484,0.0035089608281850815,0.000202888622879982,,,,,
gallstone_disease,7,1,23,60,Dummy,213,106,38,45,0.5094339622641509,0.5,0.5,0.0,0.00031690578907728195,0.00019307807087898254,,,,,
gallstone_disease,7,2,24,60,RFR,213,106,38,46,0.7169811320754716,0.7169811320754718,0.7451050195799217,0.4367701010467746,0.001980667933821678,0.00011458899825811386,2,4,2.0,4,2.0
gallstone_disease,7,2,24,60,GPR,213,106,38,46,0.5660377358490566,0.5660377358490566,0.5660377358490566,0.1320754716981132,0.25459330901503563,7.645878940820694e-05,1,1,1.0,1,1.0
gallstone_disease,7,2,24,60,FIGS,213,106,38,46,0.7452830188679245,0.7452830188679245,0.8065147739409042,0.49490154195747266,0.21495491918176413,0.0008167605847120285,,,,,
gallstone_disease,7,2,24,60,HSTree,213,106,38,46,0.7075471698113207,0.7075471698113207,0.7532929868280527,0.4187628431947846,0.003771488554775715,0.00014359969645738602,,,,,
gallstone_disease,7,2,24,60,GreedyRuleList,213,106,38,46,0.6792452830188679,0.679245283018868,0.7896048415806337,0.38711072253109585,0.0035520605742931366,0.0001924671232700348,,,,,
gallstone_disease,7,2,24,60,Dummy,213,106,38,46,0.5,0.5,0.5,0.0,0.00031773559749126434,0.0001939181238412857,,,,,
gallstone_disease,8,0,25,60,RFR,212,107,38,46,0.6448598130841121,0.6443046820405312,0.6586303284416493,0.29075063938323154,0.0020839152857661247,0.00011548865586519241,2,4,2.0,4,2.0
gallstone_disease,8,0,25,60,GPR,212,107,38,46,0.45794392523364486,0.45964360587002095,0.45964360587002095,-0.08667149276642418,0.48792664613574743,9.394902735948563e-05,3,7,2.3333333333333335,7,2.3333333333333335
gallstone_disease,8,0,25,60,FIGS,212,107,38,46,0.6542056074766355,0.6549615653389238,0.6925227113906359,0.31389666639276587,0.21370626334100962,0.0008841995149850845,,,,,
gallstone_disease,8,0,25,60,HSTree,212,107,38,46,0.6448598130841121,0.6450034940600978,0.6598532494758911,0.29010837144373325,0.0034918710589408875,0.0001453077420592308,,,,,
gallstone_disease,8,0,25,60,GreedyRuleList,212,107,38,46,0.6355140186915887,0.6374912648497555,0.6848357791754018,0.30307650789975615,0.0034168120473623276,0.0001843087375164032,,,,,
gallstone_disease,8,0,25,60,Dummy,212,107,38,46,0.5046728971962616,0.5,0.5,0.0,0.0003155367448925972,0.00020596757531166077,,,,,
gallstone_disease,8,1,26,60,RFR,213,106,38,46,0.7547169811320755,0.7532051282051282,0.795940170940171,0.5137819724178658,0.0018850890919566154,0.00011484883725643158,2,4,2.0,4,2.0
gallstone_disease,8,1,26,60,GPR,213,106,38,46,0.6886792452830188,0.6837606837606838,0.6837606837606838,0.43278144416193437,0.5546660777181387,0.0001088874414563179,3,7,2.3333333333333335,8,2.6666666666666665
gallstone_disease,8,1,26,60,FIGS,213,106,38,46,0.7830188679245284,0.7802706552706553,0.8196225071225071,0.5878692838256284,0.20291807316243649,0.0009206496179103851,,,,,
gallstone_disease,8,1,26,60,HSTree,213,106,38,46,0.6981132075471698,0.6955128205128205,0.6456552706552707,0.4076219232247,0.0031408853828907013,0.0001321779564023018,,,,,
gallstone_disease,8,1,26,60,GreedyRuleList,213,106,38,46,0.7358490566037735,0.7357549857549857,0.79255698005698,0.47150997150997154,0.0034006135538220406,0.00020075682550668716,,,,,
gallstone_disease,8,1,26,60,Dummy,213,106,38,46,0.5094339622641509,0.5,0.5,0.0,0.0003145569935441017,0.00019965693354606628,,,,,
gallstone_disease,8,2,27,60,RFR,213,106,38,45,0.6509433962264151,0.6509433962264151,0.6518333926664293,0.35082320772281167,0.0019352389499545097,0.0001209089532494545,1,2,2.0,2,2.0
gallstone_disease,8,2,27,60,GPR,213,106,38,45,0.5660377358490566,0.5660377358490566,0.5660377358490567,0.13693937303317932,0.2825554208829999,9.699910879135132e-05,1,1,1.0,1,1.0
gallstone_disease,8,2,27,60,FIGS,213,106,38,45,0.7452830188679245,0.7452830188679245,0.7668209327162692,0.4906533814626582,0.21083235554397106,0.0006413934752345085,,,,,
gallstone_disease,8,2,27,60,HSTree,213,106,38,45,0.7358490566037735,0.7358490566037736,0.7597009611961552,0.4730472703803728,0.0038310764357447624,0.00013237819075584412,,,,,
gallstone_disease,8,2,27,60,GreedyRuleList,213,106,38,45,0.7075471698113207,0.7075471698113207,0.747063011747953,0.421211769587116,0.0033051222562789917,0.000195307657122612,,,,,
gallstone_disease,8,2,27,60,Dummy,213,106,38,45,0.5,0.5,0.5,0.0,0.00033028703182935715,0.00020204763859510422,,,,,
gallstone_disease,9,0,28,60,RFR,212,107,38,46,0.6915887850467289,0.6907756813417191,0.7026554856743537,0.3876959021865765,0.0018221791833639145,0.00012956932187080383,2,4,2.0,4,2.0
gallstone_disease,9,0,28,60,GPR,212,107,38,46,0.7102803738317757,0.7092941998602376,0.7092941998602376,0.428588663881512,0.3147368459030986,8.672941476106644e-05,1,1,1.0,2,2.0
gallstone_disease,9,0,28,60,FIGS,212,107,38,46,0.6822429906542056,0.6816911250873514,0.7769042627533195,0.36607828687477095,0.21068551763892174,0.000906430184841156,,,,,
gallstone_disease,9,0,28,60,HSTree,212,107,38,46,0.6822429906542056,0.6809923130677847,0.7183787561146051,0.37604358194100773,0.0036216191947460175,0.00013142917305231094,,,,,
gallstone_disease,9,0,28,60,GreedyRuleList,212,107,38,46,0.7102803738317757,0.7089447938504543,0.7396925227113906,0.43659627021061215,0.002996157854795456,0.00019411835819482803,,,,,
gallstone_disease,9,0,28,60,Dummy,212,107,38,46,0.5046728971962616,0.5,0.5,0.0,0.0003123469650745392,0.00019087828695774078,,,,,
gallstone_disease,9,1,29,60,RFR,213,106,38,45,0.6320754716981132,0.6346153846153846,0.7136752136752137,0.2790959528801317,0.002078317105770111,0.0001214686781167984,1,2,2.0,2,2.0
gallstone_disease,9,1,29,60,GPR,213,106,38,45,0.6415094339622641,0.6442307692307692,0.6442307692307692,0.3007046974608443,0.284724198281765,0.00010721758008003235,1,2,2.0,2,2.0
gallstone_disease,9,1,29,60,FIGS,213,106,38,45,0.6981132075471698,0.6990740740740741,0.7371794871794872,0.3998606212043806,0.18989293836057186,0.00037421658635139465,,,,,
gallstone_disease,9,1,29,60,HSTree,213,106,38,45,0.7075471698113207,0.7086894586894588,0.7510683760683761,0.420004675659621,0.003871687687933445,0.00013198796659708023,,,,,
gallstone_disease,9,1,29,60,GreedyRuleList,213,106,38,45,0.7169811320754716,0.7175925925925926,0.776531339031339,0.435806434873613,0.003548859618604183,0.00019837729632854462,,,,,
gallstone_disease,9,1,29,60,Dummy,213,106,38,45,0.5094339622641509,0.5,0.5,0.0,0.00032456591725349426,0.00019064825028181076,,,,,
gallstone_disease,9,2,30,60,RFR,213,106,38,46,0.6037735849056604,0.6037735849056604,0.6297614809540762,0.20814079896736404,0.002015436999499798,0.00011535920202732086,2,4,2.0,4,2.0
gallstone_disease,9,2,30,60,GPR,213,106,38,46,0.6886792452830188,0.6886792452830188,0.6886792452830188,0.3829197905337418,0.6641662800684571,0.00010680872946977615,3,5,1.6666666666666667,6,2.0
gallstone_disease,9,2,30,60,FIGS,213,106,38,46,0.6792452830188679,0.679245283018868,0.7351370594517622,0.36264561173211657,0.20792895928025246,0.0008376110345125198,,,,,
gallstone_disease,9,2,30,60,HSTree,213,106,38,46,0.6509433962264151,0.6509433962264151,0.6776432894268423,0.30237157840738177,0.0036795297637581825,0.00013095885515213013,,,,,
gallstone_disease,9,2,30,60,GreedyRuleList,213,106,38,46,0.6509433962264151,0.6509433962264151,0.7071911712353152,0.3113995776646092,0.003497621975839138,0.00019539706408977509,,,,,
gallstone_disease,9,2,30,60,Dummy,213,106,38,46,0.5,0.5,0.5,0.0,0.00030800700187683105,0.00018946919590234756,,,,,
gallstone_disease,10,0,31,60,RFR,212,107,38,45,0.6261682242990654,0.6273584905660378,0.6383647798742138,0.26322389825757003,0.0022354349493980408,0.00012033898383378983,2,3,1.5,3,1.5
gallstone_disease,10,0,31,60,GPR,212,107,38,45,0.5981308411214953,0.5960866526904263,0.5960866526904263,0.2139054672050319,0.28214946761727333,9.52593982219696e-05,1,3,3.0,3,3.0
gallstone_disease,10,0,31,60,FIGS,212,107,38,45,0.7102803738317757,0.7113906359189378,0.7587351502445844,0.4347971207214555,0.2036119569092989,0.0008463794365525246,,,,,
gallstone_disease,10,0,31,60,HSTree,212,107,38,45,0.6635514018691588,0.6629979035639413,0.6939203354297694,0.32841446312900124,0.003478260710835457,0.00013357866555452347,,,,,
gallstone_disease,10,0,31,60,GreedyRuleList,212,107,38,45,0.7383177570093458,0.7375960866526904,0.7610062893081762,0.48128462941844596,0.0033978717401623726,0.00019461754709482193,,,,,
gallstone_disease,10,0,31,60,Dummy,212,107,38,45,0.5046728971962616,0.5,0.5,0.0,0.0003178659826517105,0.0001917881891131401,,,,,
gallstone_disease,10,1,32,60,RFR,213,106,38,46,0.5849056603773585,0.5865384615384616,0.6499287749287748,0.1755963703200301,0.0019208788871765137,0.00011084973812103271,2,4,2.0,4,2.0
gallstone_disease,10,1,32,60,GPR,213,106,38,46,0.5566037735849056,0.558048433048433,0.558048433048433,0.11742156758720657,0.4590436015278101,8.460879325866699e-05,3,7,2.3333333333333335,7,2.3333333333333335
gallstone_disease,10,1,32,60,FIGS,213,106,38,46,0.660377358490566,0.6599002849002849,0.7368233618233619,0.3202571018956665,0.20787353068590164,0.0003579864278435707,,,,,
gallstone_disease,10,1,32,60,HSTree,213,106,38,46,0.7075471698113207,0.707977207977208,0.7357549857549858,0.4161767920280155,0.003437281586229801,0.0001301988959312439,,,,,
gallstone_disease,10,1,32,60,GreedyRuleList,213,106,38,46,0.7169811320754716,0.7158119658119658,0.7592592592592592,0.4353610050941587,0.0033052833750844,0.00018936768174171448,,,,,
gallstone_disease,10,1,32,60,Dummy,213,106,38,46,0.5094339622641509,0.5,0.5,0.0,0.00031117629259824753,0.0001894477754831314,,,,,
gallstone_disease,10,2,33,60,RFR,213,106,38,46,0.6792452830188679,0.679245283018868,0.6974012103951583,0.37169258394720106,0.002106945961713791,0.00012224912643432617,2,4,2.0,4,2.0
gallstone_disease,10,2,33,60,GPR,213,106,38,46,0.5943396226415094,0.5943396226415094,0.5943396226415094,0.1887128390240993,0.37481786496937275,8.169841021299362e-05,3,6,2.0,6,2.0
gallstone_disease,10,2,33,60,FIGS,213,106,38,46,0.6698113207547169,0.6698113207547169,0.632253470986116,0.3411441196105065,0.2120316242799163,0.00046852510422468185,,,,,
gallstone_disease,10,2,33,60,HSTree,213,106,38,46,0.6698113207547169,0.6698113207547169,0.7192951228195088,0.3411441196105065,0.0036689601838588715,0.0001315288245677948,,,,,
gallstone_disease,10,2,33,60,GreedyRuleList,213,106,38,46,0.660377358490566,0.660377358490566,0.7098611605553578,0.32283007468674646,0.0037088990211486816,0.00020750705152750015,,,,,
gallstone_disease,10,2,33,60,Dummy,213,106,38,46,0.5,0.5,0.5,0.0,0.0003100866451859474,0.00020327791571617126,,,,,
gallstone_disease,11,0,34,60,RFR,212,107,38,45,0.4766355140186916,0.47641509433962265,0.5209643605870021,-0.04721933344601653,0.0020893169566988945,0.00011960882693529129,2,4,2.0,4,2.0
gallstone_disease,11,0,34,60,GPR,212,107,38,45,0.5233644859813084,0.5220125786163522,0.5220125786163522,0.04599592813255613,0.412226771004498,9.114854037761688e-05,2,6,3.0,6,3.0
gallstone_disease,11,0,34,60,FIGS,212,107,38,45,0.7289719626168224,0.7286862334032145,0.7997903563941299,0.4583343447706667,0.22062296979129314,0.0009749885648488998,,,,,
gallstone_disease,11,0,34,60,HSTree,212,107,38,45,0.7663551401869159,0.7655485674353599,0.8015373864430468,0.539649973739557,0.0035548312589526176,0.00013416819274425507,,,,,
gallstone_disease,11,0,34,60,GreedyRuleList,212,107,38,45,0.719626168224299,0.7203004891684137,0.7933263452131376,0.4449758471196659,0.0035443706437945366,0.00020004808902740479,,,,,
gallstone_disease,11,0,34,60,Dummy,212,107,38,45,0.5046728971962616,0.5,0.5,0.0,0.0003106873482465744,0.0001953979954123497,,,,,
gallstone_disease,11,1,35,60,RFR,213,106,38,45,0.5188679245283019,0.5178062678062678,0.6132478632478633,0.03583657642146937,0.002096576616168022,0.00011317897588014603,2,2,1.0,2,1.0
gallstone_disease,11,1,35,60,GPR,213,106,38,45,0.5943396226415094,0.594017094017094,0.594017094017094,0.18813471420444536,0.2810632027685642,0.00010764878243207932,1,2,2.0,2,2.0
gallstone_disease,11,1,35,60,FIGS,213,106,38,45,0.6886792452830188,0.6876780626780626,0.7426994301994303,0.37771751548228716,0.20091217756271362,0.0008092503994703293,,,,,
gallstone_disease,11,1,35,60,HSTree,213,106,38,45,0.6981132075471698,0.6976495726495726,0.7191951566951568,0.39586345557259445,0.0033962521702051163,0.00013493746519088745,,,,,
gallstone_disease,11,1,35,60,GreedyRuleList,213,106,38,45,0.7264150943396226,0.725071225071225,0.745014245014245,0.45527871604364756,0.0032992837950587273,0.0001827385276556015,,,,,
gallstone_disease,11,1,35,60,Dummy,213,106,38,45,0.5094339622641509,0.5,0.5,0.0,0.00031265709549188614,0.00019410718232393265,,,,,
gallstone_disease,11,2,36,60,RFR,213,106,38,46,0.5943396226415094,0.5943396226415094,0.646493414026344,0.19920476822239894,0.0020986367017030716,0.00011743884533643723,2,3,1.5,3,1.5
gallstone_disease,11,2,36,60,GPR,213,106,38,46,0.7075471698113207,0.7075471698113207,0.7075471698113208,0.421211769587116,0.6401010230183601,0.00010848883539438248,4,8,2.0,8,2.0
gallstone_disease,11,2,36,60,FIGS,213,106,38,46,0.7075471698113207,0.7075471698113207,0.7609469562121751,0.42817441928883765,0.21617630124092102,0.0011780569329857826,,,,,
gallstone_disease,11,2,36,60,HSTree,213,106,38,46,0.6886792452830188,0.6886792452830188,0.6796012815948737,0.3790490217894517,0.003156476654112339,0.00013405922800302505,,,,,
gallstone_disease,11,2,36,60,GreedyRuleList,213,106,38,46,0.7358490566037735,0.7358490566037736,0.7782128871484515,0.4747501098334507,0.003403961658477783,0.00020082853734493256,,,,,
gallstone_disease,11,2,36,60,Dummy,213,106,38,46,0.5,0.5,0.5,0.0,0.00030634738504886627,0.00019393768161535263,,,,,
gallstone_disease,12,0,37,60,RFR,212,107,38,46,0.6728971962616822,0.6722571628232006,0.6652690426275333,0.34793511915938985,0.0021040160208940506,0.00011286791414022446,2,4,2.0,4,2.0
gallstone_disease,12,0,37,60,GPR,212,107,38,46,0.5981308411214953,0.5978336827393431,0.5978336827393431,0.19607886407301248,0.25473967380821705,8.59387218952179e-05,1,1,1.0,1,1.0
gallstone_disease,12,0,37,60,FIGS,212,107,38,46,0.6542056074766355,0.6523410202655486,0.721174004192872,0.3327178104534912,0.20319237373769283,0.0006964821368455887,,,,,
gallstone_disease,12,0,37,60,HSTree,212,107,38,46,0.6728971962616822,0.6713836477987422,0.6970649895178198,0.36270518826175097,0.003565629944205284,0.0001283874735236168,,,,,
gallstone_disease,12,0,37,60,GreedyRuleList,212,107,38,46,0.6635514018691588,0.6633473095737247,0.6883298392732355,0.32703760571870705,0.002761869691312313,0.0001843385398387909,,,,,
gallstone_disease,12,0,37,60,Dummy,212,107,38,46,0.5046728971962616,0.5,0.5,0.0,0.0003084475174546242,0.0001946873962879181,,,,,
gallstone_disease,12,1,38,60,RFR,213,106,38,45,0.5566037735849056,0.5523504273504274,0.6207264957264956,0.11740981862350117,0.0019033988937735558,0.00011289864778518677,1,2,2.0,2,2.0
gallstone_disease,12,1,38,60,GPR,213,106,38,45,0.6792452830188679,0.6798433048433048,0.6798433048433048,0.36020008119668506,0.7165389601141214,0.0001122690737247467,5,12,2.4,12,2.4
gallstone_disease,12,1,38,60,FIGS,213,106,38,45,0.7264150943396226,0.7272079772079773,0.7966524216524216,0.45563455664255675,0.21655034646391869,0.0007960917428135872,,,,,
gallstone_disease,12,1,38,60,HSTree,213,106,38,45,0.6698113207547169,0.6716524216524217,0.7175925925925926,0.3495215677174918,0.003836727701127529,0.00012966804206371307,,,,,
gallstone_disease,12,1,38,60,GreedyRuleList,213,106,38,45,0.6698113207547169,0.6723646723646723,0.7496438746438746,0.35736095553963954,0.003536769188940525,0.00019428879022598267,,,,,
gallstone_disease,12,1,38,60,Dummy,213,106,38,45,0.5094339622641509,0.5,0.5,0.0,0.00030468590557575226,0.0001947777345776558,,,,,
gallstone_disease,12,2,39,60,RFR,213,106,38,46,0.7452830188679245,0.7452830188679245,0.7767888928444288,0.4927637283262872,0.0019599981606006622,0.00012089870870113373,2,4,2.0,4,2.0
gallstone_disease,12,2,39,60,GPR,213,106,38,46,0.6415094339622641,0.6415094339622641,0.6415094339622642,0.2832205920185104,0.3371951039880514,0.00010890793055295944,1,2,2.0,2,2.0
gallstone_disease,12,2,39,60,FIGS,213,106,38,46,0.7264150943396226,0.7264150943396226,0.7472410110359559,0.4568321925761286,0.20253960229456425,0.0008688513189554214,,,,,
gallstone_disease,12,2,39,60,HSTree,213,106,38,46,0.6981132075471698,0.6981132075471699,0.6783552865788538,0.4034732923929645,0.003594520501792431,0.00014479830861091614,,,,,
gallstone_disease,12,2,39,60,GreedyRuleList,213,106,38,46,0.7264150943396226,0.7264150943396226,0.7653969384122463,0.4629100498862757,0.003435881808400154,0.00020066741853952408,,,,,
gallstone_disease,12,2,39,60,Dummy,213,106,38,46,0.5,0.5,0.5,0.0,0.0003082854673266411,0.00019336678087711334,,,,,
gallstone_disease,13,0,40,60,RFR,212,107,38,46,0.6261682242990654,0.6254367575122293,0.7278127183787562,0.25408997347238543,0.0020959265530109406,0.00011381879448890686,2,4,2.0,4,2.0
gallstone_disease,13,0,40,60,GPR,212,107,38,46,0.6355140186915887,0.6343466107617051,0.6343466107617052,0.2776669105076425,0.518025666475296,8.990895003080368e-05,3,4,1.3333333333333333,4,1.3333333333333333
gallstone_disease,13,0,40,60,FIGS,212,107,38,46,0.7102803738317757,0.7089447938504543,0.7723619846261356,0.43659627021061215,0.21093388926237822,0.0010251980274915695,,,,,
gallstone_disease,13,0,40,60,HSTree,212,107,38,46,0.6728971962616822,0.6727812718378756,0.7414395527603075,0.3456833486239183,0.0034682825207710266,0.0001376485452055931,,,,,
gallstone_disease,13,0,40,60,GreedyRuleList,212,107,38,46,0.616822429906542,0.6168763102725368,0.7169811320754718,0.23375262054507337,0.0033416729420423508,0.00020147766917943954,,,,,
gallstone_disease,13,0,40,60,Dummy,212,107,38,46,0.5046728971962616,0.5,0.5,0.0,0.0003210557624697685,0.00019221846014261246,,,,,
gallstone_disease,13,1,41,60,RFR,213,106,38,44,0.6886792452830188,0.6901709401709402,0.6971153846153847,0.3846816999482718,0.0021639754995703697,0.00012569967657327652,2,3,1.5,3,1.5
gallstone_disease,13,1,41,60,GPR,213,106,38,44,0.6415094339622641,0.64494301994302,0.6449430199430198,0.31047036084319934,0.46787822246551514,8.28886404633522e-05,3,5,1.6666666666666667,6,2.0
gallstone_disease,13,1,41,60,FIGS,213,106,38,44,0.7075471698113207,0.7069088319088319,0.7982549857549858,0.4149273940585039,0.2019980689510703,0.0007729707285761833,,,,,
gallstone_disease,13,1,41,60,HSTree,213,106,38,44,0.7735849056603774,0.7720797720797721,0.7601495726495726,0.5520807692366377,0.0031564664095640182,0.00013059936463832855,,,,,
gallstone_disease,13,1,41,60,GreedyRuleList,213,106,38,44,0.6981132075471698,0.7008547008547008,0.7177706552706553,0.4187591342417683,0.0031802253797650337,0.00017206836491823196,,,,,
gallstone_disease,13,1,41,60,Dummy,213,106,38,44,0.5094339622641509,0.5,0.5,0.0,0.0003226473927497864,0.00019476749002933502,,,,,
gallstone_disease,13,2,42,60,RFR,213,106,38,46,0.5943396226415094,0.5943396226415094,0.6265574937700249,0.19920476822239894,0.002920028753578663,0.00011814851313829422,2,3,1.5,3,1.5
gallstone_disease,13,2,42,60,GPR,213,106,38,46,0.6037735849056604,0.6037735849056604,0.6037735849056604,0.20769510081357428,0.3553980952128768,0.00010731909424066544,1,3,3.0,3,3.0
gallstone_disease,13,2,42,60,FIGS,213,106,38,46,0.6981132075471698,0.6981132075471698,0.7180491278034888,0.39735970711951313,0.21500643622130156,0.0008145216852426529,,,,,
gallstone_disease,13,2,42,60,HSTree,213,106,38,46,0.6698113207547169,0.6698113207547169,0.6482734069063724,0.34462781148036764,0.0036958586424589157,0.00013389717787504196,,,,,
gallstone_disease,13,2,42,60,GreedyRuleList,213,106,38,46,0.7075471698113207,0.7075471698113207,0.7410110359558562,0.41576092031014994,0.003592570312321186,0.0002083275467157364,,,,,
gallstone_disease,13,2,42,60,Dummy,213,106,38,46,0.5,0.5,0.5,0.0,0.00031075719743967056,0.0001931171864271164,,,,,
gallstone_disease,14,0,43,60,RFR,212,107,38,46,0.6355140186915887,0.6346960167714885,0.6904262753319358,0.27373034852184114,0.002177625894546509,0.0001137489452958107,2,4,2.0,4,2.0
gallstone_disease,14,0,43,60,GPR,212,107,38,46,0.6822429906542056,0.6827393431167016,0.6827393431167017,0.3674093847506814,0.6646672412753105,9.120907634496689e-05,4,6,1.5,6,1.5
gallstone_disease,14,0,43,60,FIGS,212,107,38,46,0.7102803738317757,0.7091194968553459,0.756638714185884,0.43220714158341744,0.20168023277074099,0.0004930449649691582,,,,,
gallstone_disease,14,0,43,60,HSTree,212,107,38,46,0.6635514018691588,0.663172606568833,0.646051712089448,0.3274914941982397,0.0036672791466116905,0.0001443997025489807,,,,,
gallstone_disease,14,0,43,60,GreedyRuleList,212,107,38,46,0.7289719626168224,0.7292103424178896,0.7793501048218029,0.4589019665272125,0.0033939527347683907,0.00020250771194696426,,,,,
gallstone_disease,14,0,43,60,Dummy,212,107,38,46,0.5046728971962616,0.5,0.5,0.0,0.0003108261153101921,0.00019303802400827408,,,,,
gallstone_disease,14,1,44,60,RFR,213,106,38,45,0.5566037735849056,0.5612535612535613,0.6718304843304843,0.14056087859666352,0.0018803291022777557,0.00011879950761795044,1,2,2.0,2,2.0
gallstone_disease,14,1,44,60,GPR,213,106,38,45,0.6792452830188679,0.6773504273504274,0.6773504273504274,0.36253183936633004,0.6863803723827004,0.00011099874973297119,4,7,1.75,7,1.75
gallstone_disease,14,1,44,60,FIGS,213,106,38,45,0.660377358490566,0.6606125356125356,0.7021011396011397,0.3212250712250712,0.21437121368944645,0.0007414119318127632,,,,,
gallstone_disease,14,1,44,60,HSTree,213,106,38,45,0.7452830188679245,0.7443019943019943,0.796474358974359,0.49167782850255976,0.0038850372657179832,0.0001318482682108879,,,,,
gallstone_disease,14,1,44,60,GreedyRuleList,213,106,38,45,0.6981132075471698,0.7008547008547008,0.724002849002849,0.4187591342417683,0.0034161927178502083,0.0001876475289463997,,,,,
gallstone_disease,14,1,44,60,Dummy,213,106,38,45,0.5094339622641509,0.5,0.5,0.0,0.0003186967223882675,0.0002058371901512146,,,,,
gallstone_disease,14,2,45,60,RFR,213,106,38,46,0.6226415094339622,0.6226415094339622,0.652189391242435,0.24545784641604232,0.0020476775243878365,0.00011276919394731522,2,3,1.5,3,1.5
gallstone_disease,14,2,45,60,GPR,213,106,38,46,0.6320754716981132,0.6320754716981132,0.6320754716981132,0.2653343152526162,0.5192708885297179,0.00010804925113916397,3,5,1.6666666666666667,5,1.6666666666666667
gallstone_disease,14,2,45,60,FIGS,213,106,38,46,0.7452830188679245,0.7452830188679245,0.7559629761480955,0.4906533814626582,0.20012758020311594,0.0005069645121693611,,,,,
gallstone_disease,14,2,45,60,HSTree,213,106,38,46,0.7169811320754716,0.7169811320754718,0.7458170167319331,0.4367701010467746,0.003328463062644005,0.00012952834367752075,,,,,
gallstone_disease,14,2,45,60,GreedyRuleList,213,106,38,46,0.7452830188679245,0.7452830188679245,0.7719829120683517,0.49135381491199537,0.003516380675137043,0.00020208768546581268,,,,,
gallstone_disease,14,2,45,60,Dummy,213,106,38,46,0.5,0.5,0.5,0.0,0.00032099708914756775,0.0001908484846353531,,,,,
gallstone_disease,15,0,46,60,RFR,212,107,38,45,0.5981308411214953,0.596261355695318,0.6402865129280223,0.21023797426591015,0.0018956484273076057,0.00011807866394519806,1,2,2.0,2,2.0
gallstone_disease,15,0,46,60,GPR,212,107,38,45,0.6355140186915887,0.6352201257861635,0.6352201257861635,0.2710090014151994,0.2632249752059579,8.698925375938416e-05,1,2,2.0,2,2.0
gallstone_disease,15,0,46,60,FIGS,212,107,38,45,0.6635514018691588,0.6621243885394829,0.6942697414395528,0.34084998519161985,0.19826506171375513,0.0004112357273697853,,,,,
gallstone_disease,15,0,46,60,HSTree,212,107,38,45,0.6448598130841121,0.6439552760307476,0.7026554856743537,0.2936082011160433,0.004365500994026661,0.00013739895075559616,,,,,
gallstone_disease,15,0,46,60,GreedyRuleList,212,107,38,45,0.6728971962616822,0.6712089447938505,0.7197763801537387,0.3676972420393753,0.0037998883053660393,0.00023350678384304047,,,,,
gallstone_disease,15,0,46,60,Dummy,212,107,38,45,0.5046728971962616,0.5,0.5,0.0,0.0003079865127801895,0.00019472651183605194,,,,,
gallstone_disease,15,1,47,60,RFR,213,106,38,46,0.7358490566037735,0.7329059829059829,0.7040598290598291,0.49170986544769646,0.0021093757823109627,0.00011482834815979004,2,4,2.0,4,2.0
gallstone_disease,15,1,47,60,GPR,213,106,38,46,0.6981132075471698,0.6948005698005698,0.6948005698005697,0.41726606236174457,0.3288014819845557,9.488780051469803e-05,1,1,1.0,2,2.0
gallstone_disease,15,1,47,60,FIGS,213,106,38,46,0.7075471698113207,0.7037037037037037,0.7320156695156695,0.44772979278096714,0.21662053000181913,0.0008237613365054131,,,,,
gallstone_disease,15,1,47,60,HSTree,213,106,38,46,0.6792452830188679,0.6773504273504274,0.6768162393162394,0.36253183936633004,0.0037648482248187065,0.000131349079310894,,,,,
gallstone_disease,15,1,47,60,GreedyRuleList,213,106,38,46,0.7452830188679245,0.746082621082621,0.7756410256410255,0.49348507623825505,0.0035454509779810905,0.00021035689860582352,,,,,
gallstone_disease,15,1,47,60,Dummy,213,106,38,46,0.5094339622641509,0.5,0.5,0.0,0.0003067953512072563,0.00019081775099039078,,,,,
gallstone_disease,15,2,48,60,RFR,213,106,38,46,0.5943396226415094,0.5943396226415094,0.6379494482022072,0.19672236884115843,0.0020130574703216553,0.00011894945055246353,2,4,2.0,4,2.0
gallstone_disease,15,2,48,60,GPR,213,106,38,46,0.5,0.5,0.5,0.0,0.4273262359201908,8.386839181184769e-05,3,6,2.0,6,2.0
gallstone_disease,15,2,48,60,FIGS,213,106,38,46,0.660377358490566,0.6603773584905661,0.7504449982200072,0.3325670487948641,0.21080518420785666,0.0007813805714249611,,,,,
gallstone_disease,15,2,48,60,HSTree,213,106,38,46,0.6415094339622641,0.6415094339622641,0.5998576005695977,0.2862991671569341,0.0037918882444500923,0.00013616867363452911,,,,,
gallstone_disease,15,2,48,60,GreedyRuleList,213,106,38,46,0.6226415094339622,0.6226415094339622,0.7029191883232467,0.25182262437346936,0.003522091545164585,0.0001919269561767578,,,,,
gallstone_disease,15,2,48,60,Dummy,213,106,38,46,0.5,0.5,0.5,0.0,0.00030206702649593353,0.00019883830100297928,,,,,
gallstone_disease,16,0,49,60,RFR,212,107,38,45,0.5981308411214953,0.596261355695318,0.6813417190775681,0.21023797426591015,0.0022400449961423874,0.00011201947927474976,1,2,2.0,2,2.0
gallstone_disease,16,0,49,60,GPR,212,107,38,45,0.616822429906542,0.6163522012578616,0.6163522012578616,0.23393370004202085,0.27763393707573414,8.560903370380402e-05,1,2,2.0,2,2.0
gallstone_disease,16,0,49,60,FIGS,212,107,38,45,0.7102803738317757,0.7105171208944794,0.8017120894479385,0.4214762726107401,0.2033830378204584,0.0006053736433386803,,,,,
gallstone_disease,16,0,49,60,HSTree,212,107,38,45,0.6448598130841121,0.6446540880503144,0.6694619147449337,0.2896119118022347,0.0035209208726882935,0.0001365290954709053,,,,,
gallstone_disease,16,0,49,60,GreedyRuleList,212,107,38,45,0.6915887850467289,0.6926974143955276,0.793675751222921,0.3963481191369962,0.0035165203735232353,0.00020905770361423492,,,,,
gallstone_disease,16,0,49,60,Dummy,212,107,38,45,0.5046728971962616,0.5,0.5,0.0,0.0003137970343232155,0.00020056869834661484,,,,,
gallstone_disease,16,1,50,60,RFR,213,106,38,46,0.6226415094339622,0.621082621082621,0.6638176638176638,0.24569039468646184,0.00205213762819767,0.00011796876788139343,2,4,2.0,4,2.0
gallstone_disease,16,1,50,60,GPR,213,106,38,46,0.6981132075471698,0.6976495726495726,0.6976495726495726,0.39586345557259445,0.47687839064747095,9.482912719249725e-05,3,7,2.3333333333333335,8,2.6666666666666665
gallstone_disease,16,1,50,60,FIGS,213,106,38,46,0.6792452830188679,0.6798433048433048,0.7457264957264957,0.36020008119668506,0.21375819388777018,0.000987228937447071,,,,,
gallstone_disease,16,1,50,60,HSTree,213,106,38,46,0.6792452830188679,0.6784188034188035,0.6794871794871795,0.35837239932628745,0.0038389069959521294,0.00013878941535949707,,,,,
gallstone_disease,16,1,50,60,GreedyRuleList,213,106,38,46,0.660377358490566,0.662037037037037,0.6969373219373218,0.328791557595118,0.0036942893639206886,0.00019786786288022995,,,,,
gallstone_disease,16,1,50,60,Dummy,213,106,38,46,0.5094339622641509,0.5,0.5,0.0,0.0003196951001882553,0.00019108690321445465,,,,,
gallstone_disease,16,2,51,60,RFR,213,106,38,46,0.6792452830188679,0.6792452830188679,0.7433250266998932,0.35951592548908334,0.001911059021949768,0.00011919904500246048,2,3,1.5,3,1.5
gallstone_disease,16,2,51,60,GPR,213,106,38,46,0.660377358490566,0.6603773584905661,0.660377358490566,0.3325670487948641,0.5916624562814832,0.00010475888848304749,3,6,2.0,7,2.3333333333333335
gallstone_disease,16,2,51,60,FIGS,213,106,38,46,0.6792452830188679,0.6792452830188679,0.6965112139551443,0.35951592548908334,0.1898450069129467,0.0002643568441271782,,,,,
gallstone_disease,16,2,51,60,HSTree,213,106,38,46,0.6226415094339622,0.6226415094339622,0.6468494126023496,0.24528301886792453,0.0035333409905433655,0.0001307278871536255,,,,,
gallstone_disease,16,2,51,60,GreedyRuleList,213,106,38,46,0.6981132075471698,0.6981132075471699,0.7404770380918476,0.4067903932186813,0.003348013386130333,0.00019256863743066788,,,,,
gallstone_disease,16,2,51,60,Dummy,213,106,38,46,0.5,0.5,0.5,0.0,0.0003085462376475334,0.00019028689712285995,,,,,
gallstone_disease,17,0,52,60,RFR,212,107,38,45,0.5514018691588785,0.5531097134870719,0.5751222921034242,0.11406118528568376,0.0020574862137436867,0.00011370889842510223,2,3,1.5,3,1.5
gallstone_disease,17,0,52,60,GPR,212,107,38,45,0.5700934579439252,0.5719776380153738,0.5719776380153738,0.157201534296833,0.694956548511982,0.00010472908616065979,5,16,3.2,16,3.2
gallstone_disease,17,0,52,60,FIGS,212,107,38,45,0.7102803738317757,0.7103424178895876,0.7693920335429769,0.4206848357791754,0.19726320542395115,0.0007593510672450066,,,,,
gallstone_disease,17,0,52,60,HSTree,212,107,38,45,0.6822429906542056,0.6815164220824599,0.6982879105520615,0.3676873014454157,0.003598840907216072,0.0001403680071234703,,,,,
gallstone_disease,17,0,52,60,GreedyRuleList,212,107,38,45,0.7009345794392523,0.7021313766596786,0.66701607267645,0.417764129333345,0.0033150333911180496,0.00018556881695985794,,,,,
gallstone_disease,17,0,52,60,Dummy,212,107,38,45,0.5046728971962616,0.5,0.5,0.0,0.00030315667390823364,0.0001927679404616356,,,,,
gallstone_disease,17,1,53,60,RFR,213,106,38,45,0.4811320754716981,0.48183760683760685,0.4656339031339031,-0.036422198101520996,0.0019377479329705238,0.00012345891445875168,2,3,1.5,3,1.5
gallstone_disease,17,1,53,60,GPR,213,106,38,45,0.5943396226415094,0.5943732193732194,0.5943732193732194,0.1887128390240993,0.26388336159288883,7.582921534776688e-05,1,1,1.0,1,1.0
gallstone_disease,17,1,53,60,FIGS,213,106,38,45,0.6226415094339622,0.6200142450142451,0.6960470085470085,0.2502160075168013,0.20944965071976185,0.0007206220179796219,,,,,
gallstone_disease,17,1,53,60,HSTree,213,106,38,45,0.6509433962264151,0.6492165242165242,0.6020299145299146,0.30383721343076575,0.0038185585290193558,0.00013389810919761658,,,,,
gallstone_disease,17,1,53,60,GreedyRuleList,213,106,38,45,0.7075471698113207,0.7083333333333333,0.7576566951566952,0.41778403704685846,0.003460092470049858,0.00020173750817775726,,,,,
gallstone_disease,17,1,53,60,Dummy,213,106,38,45,0.5094339622641509,0.5,0.5,0.0,0.0003240276128053665,0.00019522756338119507,,,,,
gallstone_disease,17,2,54,60,RFR,213,106,38,46,0.7452830188679245,0.7452830188679245,0.7475970096119616,0.4927637283262872,0.002033418044447899,0.00011412892490625381,2,4,2.0,4,2.0
gallstone_disease,17,2,54,60,GPR,213,106,38,46,0.6886792452830188,0.6886792452830188,0.6886792452830189,0.3779644730092272,0.2938158614560962,7.893890142440796e-05,1,2,2.0,2,2.0
gallstone_disease,17,2,54,60,FIGS,213,106,38,46,0.6981132075471698,0.6981132075471699,0.728373086507654,0.4156175589970315,0.21180728636682034,0.0008486807346343994,,,,,
gallstone_disease,17,2,54,60,HSTree,213,106,38,46,0.6509433962264151,0.6509433962264151,0.7036311854752582,0.30323921743156135,0.0033034244552254677,0.0001298496499657631,,,,,
gallstone_disease,17,2,54,60,GreedyRuleList,213,106,38,46,0.6415094339622641,0.6415094339622641,0.7385190459238163,0.2862991671569341,0.003546680323779583,0.0002104882150888443,,,,,
gallstone_disease,17,2,54,60,Dummy,213,106,38,46,0.5,0.5,0.5,0.0,0.0003149965777993202,0.00019300729036331177,,,,,
gallstone_disease,18,0,55,60,RFR,212,107,38,46,0.6915887850467289,0.6912997903563941,0.7127882599580713,0.38340420742847975,0.002114676870405674,0.0001139594241976738,2,4,2.0,4,2.0
gallstone_disease,18,0,55,60,GPR,212,107,38,46,0.6074766355140186,0.6081411600279525,0.6081411600279524,0.2184298567542214,0.35468888096511364,9.398814290761948e-05,3,8,2.6666666666666665,8,2.6666666666666665
gallstone_disease,18,0,55,60,FIGS,212,107,38,46,0.7009345794392523,0.7012578616352201,0.7692173305380853,0.40336223466448284,0.20884581934660673,0.0009237388148903847,,,,,
gallstone_disease,18,0,55,60,HSTree,212,107,38,46,0.719626168224299,0.720125786163522,0.6860587002096437,0.4425772703497692,0.0037531275302171707,0.00013625901192426682,,,,,
gallstone_disease,18,0,55,60,GreedyRuleList,212,107,38,46,0.7383177570093458,0.7374213836477987,0.7734102026554857,0.48423973946201804,0.003431502729654312,0.000194537453353405,,,,,
gallstone_disease,18,0,55,60,Dummy,212,107,38,46,0.5046728971962616,0.5,0.5,0.0,0.00030812621116638184,0.00019585806876420975,,,,,
gallstone_disease,18,1,56,60,RFR,213,106,38,45,0.5943396226415094,0.5893874643874644,0.6438746438746439,0.21051965597799518,0.002036627382040024,0.00011376943439245224,1,2,2.0,2,2.0
gallstone_disease,18,1,56,60,GPR,213,106,38,45,0.6037735849056604,0.6075498575498576,0.6075498575498576,0.23423270718446032,0.5593768069520593,9.272899478673935e-05,5,16,3.2,16,3.2
gallstone_disease,18,1,56,60,FIGS,213,106,38,45,0.7169811320754716,0.717948717948718,0.7968304843304843,0.43777227223091403,0.20129754208028316,0.0010835276916623116,,,,,
gallstone_disease,18,1,56,60,HSTree,213,106,38,45,0.6981132075471698,0.6976495726495726,0.7532051282051282,0.39586345557259445,0.004078054800629616,0.00013431813567876816,,,,,
gallstone_disease,18,1,56,60,GreedyRuleList,213,106,38,45,0.7075471698113207,0.7101139601139601,0.7873931623931624,0.4356259581991474,0.0036228206008672714,0.00020517781376838684,,,,,
gallstone_disease,18,1,56,60,Dummy,213,106,38,45,0.5094339622641509,0.5,0.5,0.0,0.0003078654408454895,0.00020398851484060287,,,,,
gallstone_disease,18,2,57,60,RFR,213,106,38,45,0.5,0.5,0.5355998576005696,0.0,0.002190736122429371,0.00011442787945270538,2,3,1.5,3,1.5
gallstone_disease,18,2,57,60,GPR,213,106,38,45,0.6226415094339622,0.6226415094339622,0.6226415094339622,0.25182262437346936,0.2803548211231828,7.634982466697693e-05,1,1,1.0,1,1.0
gallstone_disease,18,2,57,60,FIGS,213,106,38,45,0.7075471698113207,0.7075471698113207,0.7645069419722321,0.41576092031014994,0.2123769409954548,0.0008167112246155739,,,,,
gallstone_disease,18,2,57,60,HSTree,213,106,38,45,0.6415094339622641,0.6415094339622642,0.598611605553578,0.29056456658477237,0.004286223091185093,0.0001324983313679695,,,,,
gallstone_disease,18,2,57,60,GreedyRuleList,213,106,38,45,0.6698113207547169,0.6698113207547169,0.6819152723389106,0.33968311024337877,0.0035995002835989,0.0002177385613322258,,,,,
gallstone_disease,18,2,57,60,Dummy,213,106,38,45,0.5,0.5,0.5,0.0,0.0003143157809972763,0.00019355863332748413,,,,,
gallstone_disease,19,0,58,60,RFR,212,107,38,45,0.5700934579439252,0.570754716981132,0.5784416491963662,0.14291452663240659,0.0020444272086024284,0.00011547934263944626,2,3,1.5,3,1.5
gallstone_disease,19,0,58,60,GPR,212,107,38,45,0.5794392523364486,0.5786163522012578,0.5786163522012578,0.1597647948571057,0.29253956861793995,8.434802293777466e-05,1,2,2.0,2,2.0
gallstone_disease,19,0,58,60,FIGS,212,107,38,45,0.6635514018691588,0.662648497554158,0.7451083158630329,0.33173450878523825,0.19995554815977812,0.0007788408547639847,,,,,
gallstone_disease,19,0,58,60,HSTree,212,107,38,45,0.6448598130841121,0.6439552760307476,0.6100628930817609,0.2936082011160433,0.004418681375682354,0.00013215839862823486,,,,,
gallstone_disease,19,0,58,60,GreedyRuleList,212,107,38,45,0.7289719626168224,0.7288609364081062,0.7166317260656883,0.45788188745938624,0.003575460985302925,0.0002121664583683014,,,,,
gallstone_disease,19,0,58,60,Dummy,212,107,38,45,0.5046728971962616,0.5,0.5,0.0,0.00031071528792381287,0.00019203871488571167,,,,,
gallstone_disease,19,1,59,60,RFR,213,106,38,46,0.7264150943396226,0.7247150997150997,0.6951566951566951,0.4575686913480028,0.0019203396514058113,0.00011423882097005844,2,4,2.0,4,2.0
gallstone_disease,19,1,59,60,GPR,213,106,38,46,0.4811320754716981,0.4839743589743589,0.483974358974359,-0.03361387264568396,0.24635778740048409,0.00010050926357507706,1,1,1.0,1,1.0
gallstone_disease,19,1,59,60,FIGS,213,106,38,46,0.6981132075471698,0.6958689458689458,0.7975427350427351,0.4040100513074581,0.2163185179233551,0.000663192942738533,,,,,
gallstone_disease,19,1,59,60,HSTree,213,106,38,46,0.6698113207547169,0.6680911680911681,0.69747150997151,0.342270082910075,0.003727489151060581,0.00013126805424690247,,,,,
gallstone_disease,19,1,59,60,GreedyRuleList,213,106,38,46,0.6981132075471698,0.6997863247863247,0.7758190883190884,0.405389151232662,0.003608260303735733,0.00020558666437864304,,,,,
gallstone_disease,19,1,59,60,Dummy,213,106,38,46,0.5094339622641509,0.5,0.5,0.0,0.0003103157505393028,0.0001903679221868515,,,,,
gallstone_disease,19,2,60,60,RFR,213,106,38,46,0.6132075471698113,0.6132075471698113,0.688501245995016,0.22677868380553634,0.0022922148928046227,0.00012299790978431702,2,3,1.5,3,1.5
gallstone_disease,19,2,60,60,GPR,213,106,38,46,0.660377358490566,0.660377358490566,0.660377358490566,0.32447238944452533,0.6103293104097247,0.00010357890278100967,3,3,1.0,3,1.0
gallstone_disease,19,2,60,60,FIGS,213,106,38,46,0.7264150943396226,0.7264150943396226,0.7703809184763262,0.4529108136578383,0.20646043587476015,0.0006829332560300827,,,,,
gallstone_disease,19,2,60,60,HSTree,213,106,38,46,0.7075471698113207,0.7075471698113207,0.7547169811320755,0.41576092031014994,0.0034393519163131714,0.0001321490854024887,,,,,
gallstone_disease,19,2,60,60,GreedyRuleList,213,106,38,46,0.7264150943396226,0.7264150943396226,0.7495550017799928,0.4595037486404902,0.0033380435779690742,0.0001849774271249771,,,,,
gallstone_disease,19,2,60,60,Dummy,213,106,38,46,0.5,0.5,0.5,0.0,0.00030420534312725067,0.0001953672617673874,,,,,
hazelnut_spread_contaminant_detection,0,0,1,30,RFR,1600,800,30,30,0.77875,0.77875,0.8738750000000001,0.5589709811176038,0.005295352078974247,0.00017216801643371582,1,2,2.0,2,2.0
hazelnut_spread_contaminant_detection,0,0,1,30,GPR,1600,800,30,30,0.76875,0.76875,0.76875,0.5472048961591689,0.5782445436343551,0.0001951083540916443,1,2,2.0,2,2.0
hazelnut_spread_contaminant_detection,0,0,1,30,FIGS,1600,800,30,30,0.81875,0.81875,0.89590625,0.6375179304439441,0.37376569490879774,0.0048400769010186195,,,,,
hazelnut_spread_contaminant_detection,0,0,1,30,HSTree,1600,800,30,30,0.835,0.835,0.88760625,0.6702094731956761,0.025574909523129463,0.00033021625131368637,,,,,
hazelnut_spread_contaminant_detection,0,0,1,30,GreedyRuleList,1600,800,30,30,0.7375,0.7375,0.755021875,0.5050905494451972,0.010647793300449848,0.0007405821233987808,,,,,
hazelnut_spread_contaminant_detection,0,0,1,30,Dummy,1600,800,30,30,0.5,0.5,0.5,0.0,0.0003402354195713997,0.00019877776503562927,,,,,
hazelnut_spread_contaminant_detection,0,1,2,30,RFR,1600,800,30,30,0.80125,0.80125,0.8821375,0.6091629908716312,0.005217443220317364,0.000167197547852993,1,2,2.0,2,2.0
hazelnut_spread_contaminant_detection,0,1,2,30,GPR,1600,800,30,30,0.80125,0.80125,0.8012500000000001,0.6091629908716312,0.5731165511533618,0.00020776689052581787,1,2,2.0,2,2.0
hazelnut_spread_contaminant_detection,0,1,2,30,FIGS,1600,800,30,30,0.84,0.84,0.8905000000000001,0.6805446536716203,0.31091551948338747,0.0035038618370890617,,,,,
hazelnut_spread_contaminant_detection,0,1,2,30,HSTree,1600,800,30,30,0.845,0.845,0.8938156250000001,0.6914622601717658,0.026018253527581692,0.00033212732523679733,,,,,
hazelnut_spread_contaminant_detection,0,1,2,30,GreedyRuleList,1600,800,30,30,0.7675,0.7675,0.7747968749999999,0.5699962387043627,0.012264104560017586,0.0008152816444635391,,,,,
hazelnut_spread_contaminant_detection,0,1,2,30,Dummy,1600,800,30,30,0.5,0.5,0.5,0.0,0.00033489707857370377,0.0001965472474694252,,,,,
hazelnut_spread_contaminant_detection,0,2,3,30,RFR,1600,800,30,30,0.795,0.7949999999999999,0.85834375,0.5907388856996754,0.0051304642111063,0.00016745831817388535,1,2,2.0,2,2.0
hazelnut_spread_contaminant_detection,0,2,3,30,GPR,1600,800,30,30,0.795,0.7949999999999999,0.7949999999999999,0.5907388856996754,0.584487397223711,0.0001966077834367752,1,2,2.0,2,2.0
hazelnut_spread_contaminant_detection,0,2,3,30,FIGS,1600,800,30,30,0.8125,0.8125,0.8733593749999999,0.6275467318818851,0.2887790631502867,0.002022727392613888,,,,,
hazelnut_spread_contaminant_detection,0,2,3,30,HSTree,1600,800,30,30,0.8125,0.8125,0.8779125,0.6263245110251502,0.024906395934522152,0.00033122673630714417,,,,,
hazelnut_spread_contaminant_detection,0,2,3,30,GreedyRuleList,1600,800,30,30,0.7525,0.7525,0.7630875000000001,0.5401841949754481,0.01203895639628172,0.0007690014317631721,,,,,
hazelnut_spread_contaminant_detection,0,2,3,30,Dummy,1600,800,30,30,0.5,0.5,0.5,0.0,0.00036858487874269485,0.00019739754498004913,,,,,
hazelnut_spread_contaminant_detection,1,0,4,30,RFR,1600,800,30,30,0.79375,0.79375,0.8674593749999999,0.5919583262287114,0.004612199030816555,0.0001589478924870491,1,2,2.0,2,2.0
hazelnut_spread_contaminant_detection,1,0,4,30,GPR,1600,800,30,30,0.79375,0.79375,0.79375,0.5919583262287114,0.5823179129511118,0.00021652691066265106,1,2,2.0,2,2.0
hazelnut_spread_contaminant_detection,1,0,4,30,FIGS,1600,800,30,30,0.82875,0.82875,0.8868656250000001,0.6624895310559621,0.31715114042162895,0.003591359592974186,,,,,
hazelnut_spread_contaminant_detection,1,0,4,30,HSTree,1600,800,30,30,0.83375,0.83375,0.8811749999999999,0.6713906521118929,0.025054183788597584,0.0003272769972681999,,,,,
hazelnut_spread_contaminant_detection,1,0,4,30,GreedyRuleList,1600,800,30,30,0.74375,0.74375,0.746965625,0.5421374765483944,0.011522023007273674,0.0007592709735035896,,,,,
hazelnut_spread_contaminant_detection,1,0,4,30,Dummy,1600,800,30,30,0.5,0.5,0.5,0.0,0.00031623709946870804,0.00019174814224243164,,,,,
hazelnut_spread_contaminant_detection,1,1,5,30,RFR,1600,800,30,30,0.80375,0.80375,0.8735187500000001,0.6095780120768354,0.004625309258699417,0.00017668772488832474,1,2,2.0,2,2.0
hazelnut_spread_contaminant_detection,1,1,5,30,GPR,1600,800,30,30,0.80375,0.80375,0.8037499999999999,0.6095780120768354,0.574765857309103,0.0002007773146033287,1,2,2.0,2,2.0
hazelnut_spread_contaminant_detection,1,1,5,30,FIGS,1600,800,30,30,0.82625,0.8262499999999999,0.866921875,0.6559549116475082,0.30935302656143904,0.0023744339123368263,,,,,
hazelnut_spread_contaminant_detection,1,1,5,30,HSTree,1600,800,30,30,0.83125,0.83125,0.878171875,0.6634148995163445,0.026195132173597813,0.00032208673655986786,,,,,
hazelnut_spread_contaminant_detection,1,1,5,30,GreedyRuleList,1600,800,30,30,0.73625,0.73625,0.7371531250000001,0.5226681171702916,0.011776990257203579,0.0007637226954102516,,,,,
hazelnut_spread_contaminant_detection,1,1,5,30,Dummy,1600,800,30,30,0.5,0.5,0.5,0.0,0.00033356621861457825,0.00019378773868083954,,,,,
hazelnut_spread_contaminant_detection,1,2,6,30,RFR,1600,800,30,30,0.795,0.795,0.86614375,0.5902656793470153,0.004283063113689423,0.00015948805958032608,1,2,2.0,2,2.0
hazelnut_spread_contaminant_detection,1,2,6,30,GPR,1600,800,30,30,0.795,0.795,0.7950000000000002,0.5902656793470153,0.5785581469535828,0.00021040812134742737,1,2,2.0,2,2.0
hazelnut_spread_contaminant_detection,1,2,6,30,FIGS,1600,800,30,30,0.81125,0.81125,0.8888687500000001,0.6241424856425262,0.3461833130568266,0.0037274491041898727,,,,,
hazelnut_spread_contaminant_detection,1,2,6,30,HSTree,1600,800,30,30,0.85125,0.8512500000000001,0.879096875,0.7036642079811893,0.024536811746656895,0.0003248574212193489,,,,,
hazelnut_spread_contaminant_detection,1,2,6,30,GreedyRuleList,1600,800,30,30,0.77375,0.7737499999999999,0.7938125,0.5602965762109354,0.01318537537008524,0.000839930959045887,,,,,
hazelnut_spread_contaminant_detection,1,2,6,30,Dummy,1600,800,30,30,0.5,0.5,0.5,0.0,0.000459134578704834,0.00019902735948562622,,,,,
hazelnut_spread_contaminant_detection,2,0,7,30,RFR,1600,800,30,30,0.7875,0.7875,0.85723125,0.5764139483873442,0.004355971701443195,0.00017286743968725204,1,2,2.0,2,2.0
hazelnut_spread_contaminant_detection,2,0,7,30,GPR,1600,800,30,30,0.7875,0.7875,0.7875,0.5764139483873442,0.5941809862852097,0.00019717775285243988,1,2,2.0,2,2.0
hazelnut_spread_contaminant_detection,2,0,7,30,FIGS,1600,800,30,30,0.8075,0.8075,0.851046875,0.6252118285097256,0.29213830828666687,0.0021080560982227325,,,,,
hazelnut_spread_contaminant_detection,2,0,7,30,HSTree,1600,800,30,30,0.83,0.83,0.8651968749999999,0.6660977260449132,0.026668966747820377,0.00031614676117897034,,,,,
hazelnut_spread_contaminant_detection,2,0,7,30,GreedyRuleList,1600,800,30,30,0.7425,0.7425,0.756975,0.5209410130677701,0.012122136540710926,0.0007852111011743546,,,,,
hazelnut_spread_contaminant_detection,2,0,7,30,Dummy,1600,800,30,30,0.5,0.5,0.5,0.0,0.0003310376778244972,0.00020221807062625885,,,,,
hazelnut_spread_contaminant_detection,2,1,8,30,RFR,1600,800,30,30,0.805,0.8049999999999999,0.88450625,0.6124856103167199,0.004575190134346485,0.0001610778272151947,1,2,2.0,2,2.0
hazelnut_spread_contaminant_detection,2,1,8,30,GPR,1600,800,30,30,0.76,0.76,0.76,0.5336843260224168,0.5462937327101827,0.00019636750221252441,1,2,2.0,3,3.0
hazelnut_spread_contaminant_detection,2,1,8,30,FIGS,1600,800,30,30,0.83125,0.83125,0.867053125,0.6626014686191684,0.2850089967250824,0.002019047737121582,,,,,
hazelnut_spread_contaminant_detection,2,1,8,30,HSTree,1600,800,30,30,0.83625,0.8362499999999999,0.874553125,0.6725021015723511,0.025378931313753128,0.0003196168690919876,,,,,
hazelnut_spread_contaminant_detection,2,1,8,30,GreedyRuleList,1600,800,30,30,0.78,0.78,0.795990625,0.5860822711862317,0.012123706750571728,0.0008223410695791245,,,,,
hazelnut_spread_contaminant_detection,2,1,8,30,Dummy,1600,800,30,30,0.5,0.5,0.5,0.0,0.0003232564777135849,0.00019559822976589203,,,,,
hazelnut_spread_contaminant_detection,2,2,9,30,RFR,1600,800,30,30,0.785,0.7849999999999999,0.8712625,0.5705780029903276,0.00434822216629982,0.00017034728080034256,1,2,2.0,2,2.0
hazelnut_spread_contaminant_detection,2,2,9,30,GPR,1600,800,30,30,0.7825,0.7825,0.7825,0.5743815985495853,0.5686839194968343,0.00021060742437839508,1,2,2.0,2,2.0
hazelnut_spread_contaminant_detection,2,2,9,30,FIGS,1600,800,30,30,0.81625,0.8162499999999999,0.883596875,0.6344080761644357,0.31219527777284384,0.003326273523271084,,,,,
hazelnut_spread_contaminant_detection,2,2,9,30,HSTree,1600,800,30,30,0.82,0.8200000000000001,0.8452156250000001,0.6400080001500031,0.022931067273020744,0.0003128061071038246,,,,,
hazelnut_spread_contaminant_detection,2,2,9,30,GreedyRuleList,1600,800,30,30,0.75,0.75,0.780453125,0.5523681766661075,0.012180316261947155,0.0008011208847165108,,,,,
hazelnut_spread_contaminant_detection,2,2,9,30,Dummy,1600,800,30,30,0.5,0.5,0.5,0.0,0.00032874569296836853,0.00019413791596889496,,,,,
hazelnut_spread_contaminant_detection,3,0,10,30,RFR,1600,800,30,30,0.81,0.81,0.8765375,0.6222519601830117,0.0042829737067222595,0.00016350764781236649,1,2,2.0,2,2.0
hazelnut_spread_contaminant_detection,3,0,10,30,GPR,1600,800,30,30,0.81,0.81,0.81,0.6222519601830117,0.574871932156384,0.00019573792815208435,1,2,2.0,2,2.0
hazelnut_spread_contaminant_detection,3,0,10,30,FIGS,1600,800,30,30,0.83125,0.83125,0.8784968750000001,0.6625186335986086,0.30748015083372593,0.0033603329211473465,,,,,
hazelnut_spread_contaminant_detection,3,0,10,30,HSTree,1600,800,30,30,0.83125,0.83125,0.887109375,0.6629663121838064,0.024728018790483475,0.00031711626797914505,,,,,
hazelnut_spread_contaminant_detection,3,0,10,30,GreedyRuleList,1600,800,30,30,0.76625,0.76625,0.7867156249999999,0.5586742313607964,0.01211409643292427,0.000808381475508213,,,,,
hazelnut_spread_contaminant_detection,3,0,10,30,Dummy,1600,800,30,30,0.5,0.5,0.5,0.0,0.0003349464386701584,0.00019454769790172577,,,,,
hazelnut_spread_contaminant_detection,3,1,11,30,RFR,1600,800,30,30,0.78375,0.78375,0.8628187500000001,0.5675159616108836,0.00439832080155611,0.0001738090068101883,1,2,2.0,2,2.0
hazelnut_spread_contaminant_detection,3,1,11,30,GPR,1600,800,30,30,0.78375,0.78375,0.7837500000000001,0.5675159616108836,0.5689549073576927,0.00019201729446649551,1,2,2.0,2,2.0
hazelnut_spread_contaminant_detection,3,1,11,30,FIGS,1600,800,30,30,0.81,0.81,0.879140625,0.6202791884663551,0.37470877263695,0.0046121301129460335,,,,,
hazelnut_spread_contaminant_detection,3,1,11,30,HSTree,1600,800,30,30,0.81,0.81,0.873221875,0.6209398828976709,0.02320470567792654,0.00031323637813329697,,,,,
hazelnut_spread_contaminant_detection,3,1,11,30,GreedyRuleList,1600,800,30,30,0.74625,0.74625,0.76993125,0.5118713714598678,0.012784618884325027,0.0007927902042865753,,,,,
hazelnut_spread_contaminant_detection,3,1,11,30,Dummy,1600,800,30,30,0.5,0.5,0.5,0.0,0.00034208688884973526,0.0002032071352005005,,,,,
hazelnut_spread_contaminant_detection,3,2,12,30,RFR,1600,800,30,30,0.79875,0.79875,0.8753312499999999,0.5983251357902125,0.004519360139966011,0.00016437843441963196,1,2,2.0,2,2.0
hazelnut_spread_contaminant_detection,3,2,12,30,GPR,1600,800,30,30,0.79875,0.79875,0.79875,0.5983251357902125,0.5748805943876505,0.00019103847444057465,1,2,2.0,2,2.0
hazelnut_spread_contaminant_detection,3,2,12,30,FIGS,1600,800,30,30,0.835,0.835,0.8613531249999999,0.6706794070237183,0.24798334576189518,0.0019336380064487457,,,,,
hazelnut_spread_contaminant_detection,3,2,12,30,HSTree,1600,800,30,30,0.8225,0.8225,0.864834375,0.6493078382750985,0.02346619125455618,0.00032073725014925003,,,,,
hazelnut_spread_contaminant_detection,3,2,12,30,GreedyRuleList,1600,800,30,30,0.75375,0.75375,0.76285625,0.5423098883362361,0.012082116678357124,0.0007718019187450409,,,,,
hazelnut_spread_contaminant_detection,3,2,12,30,Dummy,1600,800,30,30,0.5,0.5,0.5,0.0,0.00032747723162174225,0.00019717682152986526,,,,,
hazelnut_spread_contaminant_detection,4,0,13,30,RFR,1600,800,30,30,0.7925,0.7925,0.87155,0.5900068013448668,0.0043176934123039246,0.00016564782708883286,1,2,2.0,2,2.0
hazelnut_spread_contaminant_detection,4,0,13,30,GPR,1600,800,30,30,0.7925,0.7925,0.7925000000000001,0.5900068013448668,0.5797802610322833,0.00019428692758083344,1,2,2.0,2,2.0
hazelnut_spread_contaminant_detection,4,0,13,30,FIGS,1600,800,30,30,0.8175,0.8175,0.8713312499999999,0.6357952413886337,0.3195644002407789,0.0021495260298252106,,,,,
hazelnut_spread_contaminant_detection,4,0,13,30,HSTree,1600,800,30,30,0.84,0.84,0.8720249999999999,0.68,0.024272924289107323,0.00032066553831100464,,,,,
hazelnut_spread_contaminant_detection,4,0,13,30,GreedyRuleList,1600,800,30,30,0.76,0.76,0.765525,0.5529412330768474,0.01221956592053175,0.0007912414148449898,,,,,
hazelnut_spread_contaminant_detection,4,0,13,30,Dummy,1600,800,30,30,0.5,0.5,0.5,0.0,0.0003250064328312874,0.0002030879259109497,,,,,
hazelnut_spread_contaminant_detection,4,1,14,30,RFR,1600,800,30,30,0.805,0.8049999999999999,0.8671124999999998,0.6104885863818946,0.004373721778392792,0.00017463788390159607,1,2,2.0,2,2.0
hazelnut_spread_contaminant_detection,4,1,14,30,GPR,1600,800,30,30,0.805,0.8049999999999999,0.805,0.6104885863818946,0.5932681541889906,0.00020903721451759338,1,2,2.0,2,2.0
hazelnut_spread_contaminant_detection,4,1,14,30,FIGS,1600,800,30,30,0.82,0.8200000000000001,0.8839125000000001,0.6403923605180476,0.2833280488848686,0.0029162177816033363,,,,,
hazelnut_spread_contaminant_detection,4,1,14,30,HSTree,1600,800,30,30,0.8325,0.8325,0.8884468750000001,0.6651330399133047,0.024969955906271935,0.00031184591352939606,,,,,
hazelnut_spread_contaminant_detection,4,1,14,30,GreedyRuleList,1600,800,30,30,0.755,0.755,0.771159375,0.5455325533415417,0.011918009258806705,0.0007689911872148514,,,,,
hazelnut_spread_contaminant_detection,4,1,14,30,Dummy,1600,800,30,30,0.5,0.5,0.5,0.0,0.00032433588057756424,0.00020580831915140152,,,,,
hazelnut_spread_contaminant_detection,4,2,15,30,RFR,1600,800,30,30,0.79625,0.79625,0.8698000000000001,0.5936606279487217,0.004472940228879452,0.00017733778804540634,1,2,2.0,2,2.0
hazelnut_spread_contaminant_detection,4,2,15,30,GPR,1600,800,30,30,0.79625,0.79625,0.79625,0.5936606279487217,0.5750599261373281,0.00020256731659173965,1,2,2.0,2,2.0
hazelnut_spread_contaminant_detection,4,2,15,30,FIGS,1600,800,30,30,0.835,0.835,0.877421875,0.6705366440588023,0.2971874373033643,0.0008518407121300697,,,,,
hazelnut_spread_contaminant_detection,4,2,15,30,HSTree,1600,800,30,30,0.83625,0.8362499999999999,0.8648499999999999,0.673614490914377,0.024015316739678383,0.0003161458298563957,,,,,
hazelnut_spread_contaminant_detection,4,2,15,30,GreedyRuleList,1600,800,30,30,0.75,0.75,0.758328125,0.5495584011641116,0.01188535988330841,0.0007754713296890259,,,,,
hazelnut_spread_contaminant_detection,4,2,15,30,Dummy,1600,800,30,30,0.5,0.5,0.5,0.0,0.0003275759518146515,0.00020183809101581573,,,,,
hazelnut_spread_contaminant_detection,5,0,16,30,RFR,1600,800,30,30,0.7875,0.7875,0.86795,0.5788403209429173,0.004475201480090618,0.00015962868928909302,1,2,2.0,2,2.0
hazelnut_spread_contaminant_detection,5,0,16,30,GPR,1600,800,30,30,0.7875,0.7875,0.7875,0.5788403209429173,0.578031244687736,0.00019490811973810196,1,2,2.0,2,2.0
hazelnut_spread_contaminant_detection,5,0,16,30,FIGS,1600,800,30,30,0.83875,0.83875,0.8662062500000001,0.6776037660218664,0.30554349534213543,0.0022756746038794518,,,,,
hazelnut_spread_contaminant_detection,5,0,16,30,HSTree,1600,800,30,30,0.83625,0.8362499999999999,0.874525,0.673108175574473,0.026305440813302994,0.00030865706503391266,,,,,
hazelnut_spread_contaminant_detection,5,0,16,30,GreedyRuleList,1600,800,30,30,0.76875,0.76875,0.7831375,0.5658384576654014,0.011760900728404522,0.000763891264796257,,,,,
hazelnut_spread_contaminant_detection,5,0,16,30,Dummy,1600,800,30,30,0.5,0.5,0.5,0.0,0.0003224676474928856,0.00020259711891412735,,,,,
hazelnut_spread_contaminant_detection,5,1,17,30,RFR,1600,800,30,30,0.80375,0.80375,0.8808875,0.607547466500053,0.004382722079753876,0.00016547832638025284,1,2,2.0,2,2.0
hazelnut_spread_contaminant_detection,5,1,17,30,GPR,1600,800,30,30,0.80375,0.80375,0.8037500000000001,0.607547466500053,0.5700257932767272,0.000197666697204113,1,2,2.0,2,2.0
hazelnut_spread_contaminant_detection,5,1,17,30,FIGS,1600,800,30,30,0.8375,0.8375,0.89415,0.675,0.3194818440824747,0.0035087009891867638,,,,,
hazelnut_spread_contaminant_detection,5,1,17,30,HSTree,1600,800,30,30,0.82875,0.82875,0.8694625000000001,0.6578475175107729,0.02427552454173565,0.000317906029522419,,,,,
hazelnut_spread_contaminant_detection,5,1,17,30,GreedyRuleList,1600,800,30,30,0.76375,0.7637499999999999,0.773225,0.5659969800268658,0.012467242777347565,0.0008190711960196495,,,,,
hazelnut_spread_contaminant_detection,5,1,17,30,Dummy,1600,800,30,30,0.5,0.5,0.5,0.0,0.00033456645905971527,0.000193057581782341,,,,,
hazelnut_spread_contaminant_detection,5,2,18,30,RFR,1600,800,30,30,0.79375,0.79375,0.85896875,0.5895096001566102,0.0042046429589390755,0.00015584751963615417,1,2,2.0,2,2.0
hazelnut_spread_contaminant_detection,5,2,18,30,GPR,1600,800,30,30,0.79375,0.79375,0.79375,0.5895096001566102,0.5883514434099197,0.0001922082155942917,1,2,2.0,2,2.0
hazelnut_spread_contaminant_detection,5,2,18,30,FIGS,1600,800,30,30,0.82375,0.82375,0.8925375,0.6494533269825646,0.31667947489768267,0.003595041111111641,,,,,
hazelnut_spread_contaminant_detection,5,2,18,30,HSTree,1600,800,30,30,0.82375,0.82375,0.87336875,0.6532597880878237,0.024168645031750202,0.0003190869465470314,,,,,
hazelnut_spread_contaminant_detection,5,2,18,30,GreedyRuleList,1600,800,30,30,0.72375,0.72375,0.738021875,0.48768411039981335,0.010980779305100441,0.0007070116698741913,,,,,
hazelnut_spread_contaminant_detection,5,2,18,30,Dummy,1600,800,30,30,0.5,0.5,0.5,0.0,0.00032477546483278275,0.00020238757133483887,,,,,
hazelnut_spread_contaminant_detection,6,0,19,30,RFR,1600,800,30,30,0.80875,0.80875,0.8823937500000001,0.6175482478416175,0.005062543787062168,0.0001699579879641533,1,2,2.0,2,2.0
hazelnut_spread_contaminant_detection,6,0,19,30,GPR,1600,800,30,30,0.80875,0.80875,0.80875,0.6175482478416175,0.5711638024076819,0.00020576734095811844,1,2,2.0,2,2.0
hazelnut_spread_contaminant_detection,6,0,19,30,FIGS,1600,800,30,30,0.82875,0.82875,0.8813749999999999,0.657600702818269,0.34087636042386293,0.0024406444281339645,,,,,
hazelnut_spread_contaminant_detection,6,0,19,30,HSTree,1600,800,30,30,0.84,0.8400000000000001,0.893209375,0.6812273147457318,0.027174311690032482,0.0003285259008407593,,,,,
hazelnut_spread_contaminant_detection,6,0,19,30,GreedyRuleList,1600,800,30,30,0.76625,0.76625,0.783309375,0.5737947502266205,0.01234185416251421,0.0007963515818119049,,,,,
hazelnut_spread_contaminant_detection,6,0,19,30,Dummy,1600,800,30,30,0.5,0.5,0.5,0.0,0.0003291061148047447,0.00019706785678863525,,,,,
hazelnut_spread_contaminant_detection,6,1,20,30,RFR,1600,800,30,30,0.78875,0.7887500000000001,0.857275,0.5808660698046714,0.004413751885294914,0.0001585083082318306,1,2,2.0,2,2.0
hazelnut_spread_contaminant_detection,6,1,20,30,GPR,1600,800,30,30,0.78875,0.7887500000000001,0.7887500000000001,0.5808660698046714,0.5702243139967322,0.0002007586881518364,1,2,2.0,2,2.0
hazelnut_spread_contaminant_detection,6,1,20,30,FIGS,1600,800,30,30,0.825,0.825,0.886265625,0.6505206248331664,0.32271351013332605,0.0029307277873158455,,,,,
hazelnut_spread_contaminant_detection,6,1,20,30,HSTree,1600,800,30,30,0.84,0.8400000000000001,0.892190625,0.6812273147457318,0.025229482911527157,0.00031847599893808365,,,,,
hazelnut_spread_contaminant_detection,6,1,20,30,GreedyRuleList,1600,800,30,30,0.74,0.74,0.749828125,0.5249822167849392,0.01199186872690916,0.0007383013144135475,,,,,
hazelnut_spread_contaminant_detection,6,1,20,30,Dummy,1600,800,30,30,0.5,0.5,0.5,0.0,0.00032770726829767227,0.0001934478059411049,,,,,
hazelnut_spread_contaminant_detection,6,2,21,30,RFR,1600,800,30,30,0.795,0.7949999999999999,0.8754187500000001,0.5918971110050318,0.004742927849292755,0.00017375778406858444,1,2,2.0,2,2.0
hazelnut_spread_contaminant_detection,6,2,21,30,GPR,1600,800,30,30,0.795,0.7949999999999999,0.7949999999999999,0.5918971110050318,0.5747089767828584,0.0001958673819899559,1,2,2.0,2,2.0
hazelnut_spread_contaminant_detection,6,2,21,30,FIGS,1600,800,30,30,0.82375,0.82375,0.8926062499999999,0.6479557541720976,0.34234137646853924,0.0030327774584293365,,,,,
hazelnut_spread_contaminant_detection,6,2,21,30,HSTree,1600,800,30,30,0.81875,0.8187500000000001,0.87150625,0.6385564876697626,0.025820487178862095,0.0003260057419538498,,,,,
hazelnut_spread_contaminant_detection,6,2,21,30,GreedyRuleList,1600,800,30,30,0.73875,0.73875,0.7579750000000001,0.5044532051873057,0.009613915346562862,0.0006994819268584251,,,,,
hazelnut_spread_contaminant_detection,6,2,21,30,Dummy,1600,800,30,30,0.5,0.5,0.5,0.0,0.0003325957804918289,0.00019535794854164124,,,,,
hazelnut_spread_contaminant_detection,7,0,22,30,RFR,1600,800,30,30,0.80375,0.80375,0.881715625,0.6091029076752363,0.00438994076102972,0.00018271803855895996,1,2,2.0,2,2.0
hazelnut_spread_contaminant_detection,7,0,22,30,GPR,1600,800,30,30,0.80375,0.80375,0.80375,0.6091029076752363,0.5614575231447816,0.00019665807485580444,1,2,2.0,2,2.0
hazelnut_spread_contaminant_detection,7,0,22,30,FIGS,1600,800,30,30,0.83375,0.83375,0.8827250000000001,0.6681036538229899,0.3319846699014306,0.0019764089956879616,,,,,
hazelnut_spread_contaminant_detection,7,0,22,30,HSTree,1600,800,30,30,0.8375,0.8375,0.8858718750000001,0.6751350405135048,0.02598781418055296,0.0003205956891179085,,,,,
hazelnut_spread_contaminant_detection,7,0,22,30,GreedyRuleList,1600,800,30,30,0.76625,0.7662500000000001,0.7788187499999999,0.5596143912918373,0.012208136729896069,0.0008023204281926155,,,,,
hazelnut_spread_contaminant_detection,7,0,22,30,Dummy,1600,800,30,30,0.5,0.5,0.5,0.0,0.0003215968608856201,0.00019585713744163513,,,,,
hazelnut_spread_contaminant_detection,7,1,23,30,RFR,1600,800,30,30,0.80875,0.80875,0.8687312500000001,0.6201588165296752,0.0047072190791368484,0.0001668892800807953,1,2,2.0,2,2.0
hazelnut_spread_contaminant_detection,7,1,23,30,GPR,1600,800,30,30,0.80875,0.80875,0.80875,0.6201588165296752,0.574520330876112,0.00019593816250562668,1,2,2.0,2,2.0
hazelnut_spread_contaminant_detection,7,1,23,30,FIGS,1600,800,30,30,0.83375,0.83375,0.89365,0.6713906521118929,0.3285478074103594,0.0038353782147169113,,,,,
hazelnut_spread_contaminant_detection,7,1,23,30,HSTree,1600,800,30,30,0.80875,0.8087500000000001,0.8513625,0.6193628253463068,0.024093255400657654,0.0003176964819431305,,,,,
hazelnut_spread_contaminant_detection,7,1,23,30,GreedyRuleList,1600,800,30,30,0.72875,0.72875,0.74055,0.49515372145299164,0.011054988950490952,0.0007035015150904655,,,,,
hazelnut_spread_contaminant_detection,7,1,23,30,Dummy,1600,800,30,30,0.5,0.5,0.5,0.0,0.00032628607004880905,0.0001932978630065918,,,,,
hazelnut_spread_contaminant_detection,7,2,24,30,RFR,1600,800,30,30,0.77875,0.77875,0.8576625,0.5599004699842817,0.005190392956137657,0.00016933772712945938,1,2,2.0,2,2.0
hazelnut_spread_contaminant_detection,7,2,24,30,GPR,1600,800,30,30,0.77875,0.77875,0.7787499999999998,0.5599004699842817,0.5757844382897019,0.00018645823001861572,1,2,2.0,2,2.0
hazelnut_spread_contaminant_detection,7,2,24,30,FIGS,1600,800,30,30,0.805,0.8049999999999999,0.8733874999999999,0.6144400100693524,0.32697636634111404,0.0029780063778162003,,,,,
hazelnut_spread_contaminant_detection,7,2,24,30,HSTree,1600,800,30,30,0.83875,0.83875,0.87363125,0.6792876048559221,0.025879076682031155,0.0003205966204404831,,,,,
hazelnut_spread_contaminant_detection,7,2,24,30,GreedyRuleList,1600,800,30,30,0.75125,0.75125,0.765565625,0.5391724786037916,0.012521103024482727,0.0007997723296284676,,,,,
hazelnut_spread_contaminant_detection,7,2,24,30,Dummy,1600,800,30,30,0.5,0.5,0.5,0.0,0.00032205600291490555,0.00019585806876420975,,,,,
hazelnut_spread_contaminant_detection,8,0,25,30,RFR,1600,800,30,30,0.7925,0.7925,0.8698,0.5866522863597632,0.004548690281808376,0.00016728881746530533,1,2,2.0,2,2.0
hazelnut_spread_contaminant_detection,8,0,25,30,GPR,1600,800,30,30,0.7925,0.7925,0.7925,0.5866522863597632,0.5731498878449202,0.0002043265849351883,1,2,2.0,2,2.0
hazelnut_spread_contaminant_detection,8,0,25,30,FIGS,1600,800,30,30,0.82,0.8200000000000001,0.8689250000000001,0.6418076295217923,0.2837568102404475,0.0023124851286411285,,,,,
hazelnut_spread_contaminant_detection,8,0,25,30,HSTree,1600,800,30,30,0.825,0.825,0.862771875,0.65,0.024080646224319935,0.0003209654241800308,,,,,
hazelnut_spread_contaminant_detection,8,0,25,30,GreedyRuleList,1600,800,30,30,0.73625,0.7362500000000001,0.7469718750000001,0.5240485993878595,0.011889899149537086,0.0007740017026662827,,,,,
hazelnut_spread_contaminant_detection,8,0,25,30,Dummy,1600,800,30,30,0.5,0.5,0.5,0.0,0.0003321366384625435,0.000193827785551548,,,,,
hazelnut_spread_contaminant_detection,8,1,26,30,RFR,1600,800,30,30,0.81625,0.8162499999999999,0.87751875,0.636911963997935,0.004367631860077381,0.0001821182668209076,1,2,2.0,2,2.0
hazelnut_spread_contaminant_detection,8,1,26,30,GPR,1600,800,30,30,0.81625,0.8162499999999999,0.81625,0.636911963997935,0.5724422354251146,0.00020283833146095276,1,2,2.0,2,2.0
hazelnut_spread_contaminant_detection,8,1,26,30,FIGS,1600,800,30,30,0.82125,0.82125,0.876834375,0.6496053471120714,0.2466654870659113,0.002239915542304516,,,,,
hazelnut_spread_contaminant_detection,8,1,26,30,HSTree,1600,800,30,30,0.82625,0.8262499999999999,0.895371875,0.6624301473857838,0.025771996937692165,0.00033498648554086685,,,,,
hazelnut_spread_contaminant_detection,8,1,26,30,GreedyRuleList,1600,800,30,30,0.7425,0.7424999999999999,0.7801968750000001,0.54157838581172,0.012460112571716309,0.0007899506017565727,,,,,
hazelnut_spread_contaminant_detection,8,1,26,30,Dummy,1600,800,30,30,0.5,0.5,0.5,0.0,0.00034353602677583694,0.0002004886046051979,,,,,
hazelnut_spread_contaminant_detection,8,2,27,30,RFR,1600,800,30,30,0.78375,0.78375,0.862625,0.567799948573937,0.0042377132922410965,0.00016317982226610184,1,2,2.0,2,2.0
hazelnut_spread_contaminant_detection,8,2,27,30,GPR,1600,800,30,30,0.73625,0.73625,0.7362499999999998,0.5029175452401355,0.5522719388827682,0.0002037975937128067,1,2,2.0,3,3.0
hazelnut_spread_contaminant_detection,8,2,27,30,FIGS,1600,800,30,30,0.81125,0.81125,0.87460625,0.6239229973116308,0.3048249902203679,0.002336554229259491,,,,,
hazelnut_spread_contaminant_detection,8,2,27,30,HSTree,1600,800,30,30,0.80375,0.80375,0.8575843750000001,0.6104082750342814,0.024828658439218998,0.00032188650220632553,,,,,
hazelnut_spread_contaminant_detection,8,2,27,30,GreedyRuleList,1600,800,30,30,0.75,0.75,0.7529843749999999,0.5370525907915155,0.012052888050675392,0.0007830020040273666,,,,,
hazelnut_spread_contaminant_detection,8,2,27,30,Dummy,1600,800,30,30,0.5,0.5,0.5,0.0,0.000326475128531456,0.00019614771008491516,,,,,
hazelnut_spread_contaminant_detection,9,0,28,30,RFR,1600,800,30,30,0.79,0.79,0.8604937500000001,0.5800290021751813,0.004564689472317696,0.00016179773956537247,1,2,2.0,2,2.0
hazelnut_spread_contaminant_detection,9,0,28,30,GPR,1600,800,30,30,0.79,0.79,0.79,0.5800290021751813,0.574574994854629,0.00020904745906591415,1,2,2.0,2,2.0
hazelnut_spread_contaminant_detection,9,0,28,30,FIGS,1600,800,30,30,0.825,0.825,0.8637312500000003,0.6509853611023969,0.31646539364010096,0.0028072791174054146,,,,,
hazelnut_spread_contaminant_detection,9,0,28,30,HSTree,1600,800,30,30,0.845,0.845,0.861821875,0.6904230136835201,0.02306824829429388,0.00032590702176094055,,,,,
hazelnut_spread_contaminant_detection,9,0,28,30,GreedyRuleList,1600,800,30,30,0.745,0.745,0.7649874999999999,0.5089003967866784,0.012855419889092445,0.0008265813812613487,,,,,
hazelnut_spread_contaminant_detection,9,0,28,30,Dummy,1600,800,30,30,0.5,0.5,0.5,0.0,0.00033267680555582047,0.00020196754485368729,,,,,
hazelnut_spread_contaminant_detection,9,1,29,30,RFR,1600,800,30,30,0.8125,0.8125,0.87888125,0.6263245110251502,0.004419092088937759,0.00016809813678264618,1,2,2.0,2,2.0
hazelnut_spread_contaminant_detection,9,1,29,30,GPR,1600,800,30,30,0.8125,0.8125,0.8125,0.6263245110251502,0.5771145792677999,0.0001933276653289795,1,2,2.0,2,2.0
hazelnut_spread_contaminant_detection,9,1,29,30,FIGS,1600,800,30,30,0.825,0.825,0.8749781250000002,0.6532745799184878,0.3274676036089659,0.002860128879547119,,,,,
hazelnut_spread_contaminant_detection,9,1,29,30,HSTree,1600,800,30,30,0.81875,0.81875,0.8742375,0.6375179304439441,0.02478203922510147,0.00033365562558174133,,,,,
hazelnut_spread_contaminant_detection,9,1,29,30,GreedyRuleList,1600,800,30,30,0.75,0.75,0.755690625,0.5442584909902269,0.011825581081211567,0.0007883813232183456,,,,,
hazelnut_spread_contaminant_detection,9,1,29,30,Dummy,1600,800,30,30,0.5,0.5,0.5,0.0,0.00033300742506980896,0.00019540823996067047,,,,,
hazelnut_spread_contaminant_detection,9,2,30,30,RFR,1600,800,30,30,0.7925,0.7925,0.8695937499999999,0.5900068013448668,0.0044135721400380135,0.00018422864377498627,1,2,2.0,2,2.0
hazelnut_spread_contaminant_detection,9,2,30,30,GPR,1600,800,30,30,0.7925,0.7925,0.7925000000000001,0.5900068013448668,0.5779341710731387,0.0001917881891131401,1,2,2.0,2,2.0
hazelnut_spread_contaminant_detection,9,2,30,30,FIGS,1600,800,30,30,0.82375,0.82375,0.879890625,0.6475182117058099,0.3325091889128089,0.0028562992811203003,,,,,
hazelnut_spread_contaminant_detection,9,2,30,30,HSTree,1600,800,30,30,0.835,0.835,0.869790625,0.671419875818961,0.026220143772661686,0.00032190605998039246,,,,,
hazelnut_spread_contaminant_detection,9,2,30,30,GreedyRuleList,1600,800,30,30,0.765,0.765,0.7749874999999999,0.56466917105292,0.012034657411277294,0.0007848814129829407,,,,,
hazelnut_spread_contaminant_detection,9,2,30,30,Dummy,1600,800,30,30,0.5,0.5,0.5,0.0,0.0003261854872107506,0.0002032686024904251,,,,,
heart_disease_hungary,0,0,1,60,RFR,196,98,13,25,0.8571428571428571,0.8380952380952381,0.8380952380952381,0.68558246041108,0.002026568166911602,0.0001167096197605133,1,2,2.0,2,2.0
heart_disease_hungary,0,0,1,60,GPR,196,98,13,25,0.826530612244898,0.807936507936508,0.807936507936508,0.6199633659849577,0.7784346174448729,9.399931877851486e-05,4,9,2.25,9,2.25
heart_disease_hungary,0,0,1,60,FIGS,196,98,13,25,0.7857142857142857,0.7825396825396825,0.8507936507936508,0.5508961699252538,0.20565379783511162,0.0010728491470217705,,,,,
heart_disease_hungary,0,0,1,60,HSTree,196,98,13,25,0.826530612244898,0.8269841269841269,0.8775510204081634,0.637553994407878,0.0015048934146761894,0.00012688897550106049,,,,,
heart_disease_hungary,0,0,1,60,GreedyRuleList,196,98,13,25,0.7551020408163265,0.7523809523809524,0.8038548752834469,0.49029956872769703,0.0022946354001760483,0.0001918477937579155,,,,,
heart_disease_hungary,0,0,1,60,Dummy,196,98,13,25,0.6428571428571429,0.5,0.5,0.0,0.000311986543238163,0.00019336771219968796,,,,,
heart_disease_hungary,0,1,2,60,RFR,196,98,13,25,0.7653061224489796,0.7285714285714285,0.736281179138322,0.4752708206288037,0.0020802877843379974,0.00012529827654361725,2,2,1.0,2,1.0
heart_disease_hungary,0,1,2,60,GPR,196,98,13,25,0.7755102040816326,0.7619047619047619,0.761904761904762,0.5177402246166389,0.600655204616487,8.508935570716858e-05,2,4,2.0,4,2.0
heart_disease_hungary,0,1,2,60,FIGS,196,98,13,25,0.7653061224489796,0.7095238095238094,0.7716553287981859,0.46692399597580975,0.19684374518692493,0.0004973234608769417,,,,,
heart_disease_hungary,0,1,2,60,HSTree,196,98,13,25,0.7857142857142857,0.7444444444444445,0.815873015873016,0.5185449728701349,0.0014583440497517586,0.0001222081482410431,,,,,
heart_disease_hungary,0,1,2,60,GreedyRuleList,196,98,13,25,0.7142857142857143,0.6952380952380952,0.6900226757369614,0.38595180380513083,0.0022975951433181763,0.00019308831542730331,,,,,
heart_disease_hungary,0,1,2,60,Dummy,196,98,13,25,0.6428571428571429,0.5,0.5,0.0,0.00031196605414152145,0.0001931469887495041,,,,,
heart_disease_hungary,0,2,3,60,RFR,196,98,13,24,0.7551020408163265,0.7365591397849462,0.736559139784946,0.4731182795698925,0.001886109821498394,0.0001108786091208458,1,2,2.0,2,2.0
heart_disease_hungary,0,2,3,60,GPR,196,98,13,24,0.7755102040816326,0.7352150537634409,0.735215053763441,0.5020120805640618,0.8139792401343584,9.483005851507187e-05,4,13,3.25,13,3.25
heart_disease_hungary,0,2,3,60,FIGS,196,98,13,24,0.7244897959183674,0.7123655913978495,0.8030913978494624,0.41831451359724875,0.19568606838583946,0.0007817717269062996,,,,,
heart_disease_hungary,0,2,3,60,HSTree,196,98,13,24,0.7959183673469388,0.7804659498207885,0.8030913978494624,0.5609318996415771,0.0014906637370586395,0.00012182816863059998,,,,,
heart_disease_hungary,0,2,3,60,GreedyRuleList,196,98,13,24,0.7448979591836735,0.7459677419354839,0.8019713261648747,0.47790290719587325,0.002305694855749607,0.00019830744713544846,,,,,
heart_disease_hungary,0,2,3,60,Dummy,196,98,13,24,0.6326530612244898,0.5,0.5,0.0,0.00031574536114931107,0.00019135791808366776,,,,,
heart_disease_hungary,1,0,4,60,RFR,196,98,13,25,0.8571428571428571,0.819047619047619,0.819047619047619,0.6843507445567502,0.002157635986804962,0.00011269934475421906,1,2,2.0,2,2.0
heart_disease_hungary,1,0,4,60,GPR,196,98,13,25,0.8571428571428571,0.8444444444444444,0.8444444444444443,0.6888888888888889,0.7947554625570774,9.421724826097488e-05,4,9,2.25,12,3.0
heart_disease_hungary,1,0,4,60,FIGS,196,98,13,25,0.7653061224489796,0.7793650793650794,0.8680272108843539,0.5364457677036003,0.20899001229554415,0.0005821529775857925,,,,,
heart_disease_hungary,1,0,4,60,HSTree,196,98,13,25,0.8367346938775511,0.834920634920635,0.8006802721088435,0.6557191829714909,0.0014746040105819702,0.00012413784861564636,,,,,
heart_disease_hungary,1,0,4,60,GreedyRuleList,196,98,13,25,0.7653061224489796,0.7857142857142857,0.834920634920635,0.5477225575051662,0.0023175347596406937,0.00019336771219968796,,,,,
heart_disease_hungary,1,0,4,60,Dummy,196,98,13,25,0.6428571428571429,0.5,0.5,0.0,0.00030868686735630035,0.00019289832562208176,,,,,
heart_disease_hungary,1,1,5,60,RFR,196,98,13,25,0.7755102040816326,0.7301587301587301,0.7301587301587301,0.49368586050113816,0.0018766997382044792,0.00010923761874437332,1,2,2.0,2,2.0
heart_disease_hungary,1,1,5,60,GPR,196,98,13,25,0.7551020408163265,0.746031746031746,0.746031746031746,0.48168944720654544,0.6052021374925971,8.503906428813934e-05,2,3,1.5,3,1.5
heart_disease_hungary,1,1,5,60,FIGS,196,98,13,25,0.7755102040816326,0.7365079365079366,0.8013605442176871,0.4965425465431075,0.2019124310463667,0.00033799558877944946,,,,,
heart_disease_hungary,1,1,5,60,HSTree,196,98,13,25,0.7653061224489796,0.7476190476190476,0.7582766439909298,0.49223358968078956,0.0014747930690646172,0.00013268925249576569,,,,,
heart_disease_hungary,1,1,5,60,GreedyRuleList,196,98,13,25,0.7040816326530612,0.680952380952381,0.7476190476190476,0.35970916168980777,0.0022930148988962173,0.000185476616024971,,,,,
heart_disease_hungary,1,1,5,60,Dummy,196,98,13,25,0.6428571428571429,0.5,0.5,0.0,0.00031963735818862915,0.00018869806081056595,,,,,
heart_disease_hungary,1,2,6,60,RFR,196,98,13,24,0.7755102040816326,0.7410394265232976,0.7410394265232976,0.5042548598335499,0.0020629679784178734,0.00012221932411193848,1,2,2.0,2,2.0
heart_disease_hungary,1,2,6,60,GPR,196,98,13,24,0.7959183673469388,0.7629928315412187,0.7629928315412186,0.5501814176994309,0.8213152345269918,9.455904364585876e-05,4,13,3.25,15,3.75
heart_disease_hungary,1,2,6,60,FIGS,196,98,13,24,0.826530612244898,0.793010752688172,0.797043010752688,0.6189236877438961,0.20362232252955437,0.0004926053807139397,,,,,
heart_disease_hungary,1,2,6,60,HSTree,196,98,13,24,0.8061224489795918,0.7652329749103943,0.7956989247311828,0.5723919941664264,0.0015327930450439453,0.00012239906936883926,,,,,
heart_disease_hungary,1,2,6,60,GreedyRuleList,196,98,13,24,0.7959183673469388,0.7688172043010753,0.8351254480286737,0.5526971103567273,0.0022748447954654694,0.00020127836614847183,,,,,
heart_disease_hungary,1,2,6,60,Dummy,196,98,13,24,0.6326530612244898,0.5,0.5,0.0,0.0003038570284843445,0.00019062776118516922,,,,,
heart_disease_hungary,2,0,7,60,RFR,196,98,13,25,0.7755102040816326,0.7301587301587301,0.7301587301587301,0.49368586050113816,0.001934829168021679,0.0001188088208436966,1,2,2.0,2,2.0
heart_disease_hungary,2,0,7,60,GPR,196,98,13,25,0.826530612244898,0.807936507936508,0.807936507936508,0.6199633659849577,0.8053219420835376,9.482912719249725e-05,4,10,2.5,10,2.5
heart_disease_hungary,2,0,7,60,FIGS,196,98,13,25,0.7959183673469388,0.7523809523809524,0.7623582766439909,0.5413520815150411,0.20516037568449974,0.0007467521354556084,,,,,
heart_disease_hungary,2,0,7,60,HSTree,196,98,13,25,0.8163265306122449,0.7936507936507937,0.8020408163265305,0.5954589444884967,0.0015020640566945076,0.0001269374042749405,,,,,
heart_disease_hungary,2,0,7,60,GreedyRuleList,196,98,13,25,0.7755102040816326,0.7301587301587301,0.8176870748299321,0.49368586050113816,0.0023354440927505493,0.00020213797688484192,,,,,
heart_disease_hungary,2,0,7,60,Dummy,196,98,13,25,0.6428571428571429,0.5,0.5,0.0,0.0003069574013352394,0.00019142869859933853,,,,,
heart_disease_hungary,2,1,8,60,RFR,196,98,13,24,0.7857142857142857,0.7825396825396825,0.7825396825396825,0.5508961699252538,0.0019627176225185394,0.00011334940791130066,1,2,2.0,2,2.0
heart_disease_hungary,2,1,8,60,GPR,196,98,13,24,0.7857142857142857,0.8206349206349206,0.8206349206349206,0.6156934379325413,0.8167325286194682,9.592901915311813e-05,4,13,3.25,14,3.5
heart_disease_hungary,2,1,8,60,FIGS,196,98,13,24,0.7959183673469388,0.7777777777777778,0.8269841269841269,0.5555555555555556,0.19952560868114233,0.0004695551469922066,,,,,
heart_disease_hungary,2,1,8,60,HSTree,196,98,13,24,0.7755102040816326,0.7619047619047619,0.7589569160997732,0.5177402246166389,0.0014779241755604744,0.00012638885527849197,,,,,
heart_disease_hungary,2,1,8,60,GreedyRuleList,196,98,13,24,0.7551020408163265,0.7396825396825397,0.7873015873015873,0.4738107510128029,0.0023336652666330338,0.00017961859703063965,,,,,
heart_disease_hungary,2,1,8,60,Dummy,196,98,13,24,0.6428571428571429,0.5,0.5,0.0,0.000302816741168499,0.00019866786897182465,,,,,
heart_disease_hungary,2,2,9,60,RFR,196,98,13,25,0.8061224489795918,0.7710573476702509,0.7710573476702508,0.5725517294878549,0.0019124289974570274,0.0001207282766699791,1,2,2.0,2,2.0
heart_disease_hungary,2,2,9,60,GPR,196,98,13,25,0.8061224489795918,0.753584229390681,0.753584229390681,0.5769056363400089,0.6085813259705901,8.611846715211868e-05,2,4,2.0,4,2.0
heart_disease_hungary,2,2,9,60,FIGS,196,98,13,25,0.7959183673469388,0.7804659498207885,0.859094982078853,0.5609318996415771,0.19280821178108454,0.0003470964729785919,,,,,
heart_disease_hungary,2,2,9,60,HSTree,196,98,13,25,0.7244897959183674,0.6948924731182795,0.7665770609318996,0.3976111084696509,0.001497393473982811,0.0001230686902999878,,,,,
heart_disease_hungary,2,2,9,60,GreedyRuleList,196,98,13,25,0.826530612244898,0.8046594982078853,0.8651433691756272,0.6215529971479601,0.0022802548483014107,0.0001751575618982315,,,,,
heart_disease_hungary,2,2,9,60,Dummy,196,98,13,25,0.6326530612244898,0.5,0.5,0.0,0.00031566713005304337,0.00019035860896110535,,,,,
heart_disease_hungary,3,0,10,60,RFR,196,98,13,25,0.826530612244898,0.8269841269841269,0.8673469387755103,0.637553994407878,0.0019392678514122963,0.00012077949941158295,2,2,1.0,2,1.0
heart_disease_hungary,3,0,10,60,GPR,196,98,13,25,0.826530612244898,0.8142857142857143,0.8142857142857143,0.6247580176717713,0.8073953446000814,9.319838136434555e-05,4,11,2.75,12,3.0
heart_disease_hungary,3,0,10,60,FIGS,196,98,13,25,0.8061224489795918,0.8047619047619048,0.8752834467120181,0.5942250821665659,0.20796588715165854,0.0011362163349986076,,,,,
heart_disease_hungary,3,0,10,60,HSTree,196,98,13,25,0.7959183673469388,0.8158730158730159,0.83718820861678,0.6059165326029056,0.0015192525461316109,0.00012316927313804626,,,,,
heart_disease_hungary,3,0,10,60,GreedyRuleList,196,98,13,25,0.7448979591836735,0.7634920634920634,0.8170068027210885,0.5051219141436533,0.002256324514746666,0.00018577836453914642,,,,,
heart_disease_hungary,3,0,10,60,Dummy,196,98,13,25,0.6428571428571429,0.5,0.5,0.0,0.00030474644154310226,0.00019875820726156235,,,,,
heart_disease_hungary,3,1,11,60,RFR,196,98,13,25,0.7857142857142857,0.7126984126984127,0.7126984126984127,0.5264017148833187,0.0019130595028400421,0.00011984910815954208,1,2,2.0,2,2.0
heart_disease_hungary,3,1,11,60,GPR,196,98,13,25,0.7448979591836735,0.6746031746031745,0.6746031746031746,0.4151682458530184,0.6001529097557068,8.773896843194962e-05,2,3,1.5,3,1.5
heart_disease_hungary,3,1,11,60,FIGS,196,98,13,25,0.7857142857142857,0.7380952380952381,0.8643990929705215,0.5168113941217019,0.21066947747021914,0.0006462028250098228,,,,,
heart_disease_hungary,3,1,11,60,HSTree,196,98,13,25,0.826530612244898,0.7952380952380953,0.8151927437641723,0.6138914766455381,0.0014574546366930008,0.0001212097704410553,,,,,
heart_disease_hungary,3,1,11,60,GreedyRuleList,196,98,13,25,0.7551020408163265,0.7142857142857142,0.8231292517006803,0.4498875421699296,0.001665252260863781,0.0001722276210784912,,,,,
heart_disease_hungary,3,1,11,60,Dummy,196,98,13,25,0.6428571428571429,0.5,0.5,0.0,0.00031096767634153366,0.00019182823598384857,,,,,
heart_disease_hungary,3,2,12,60,RFR,196,98,13,24,0.7755102040816326,0.7410394265232976,0.7410394265232976,0.5042548598335499,0.0020417682826519012,0.00011168885976076126,1,1,1.0,1,1.0
heart_disease_hungary,3,2,12,60,GPR,196,98,13,24,0.7142857142857143,0.7043010752688172,0.7043010752688172,0.40077788655223606,0.8096389407292008,9.45189967751503e-05,4,9,2.25,9,2.25
heart_disease_hungary,3,2,12,60,FIGS,196,98,13,24,0.7346938775510204,0.714605734767025,0.7956989247311828,0.4292114695340502,0.1976963598281145,0.0004567047581076622,,,,,
heart_disease_hungary,3,2,12,60,HSTree,196,98,13,24,0.7448979591836735,0.7226702508960573,0.7417114695340502,0.44805878035046226,0.0014940332621335983,0.00012976862490177155,,,,,
heart_disease_hungary,3,2,12,60,GreedyRuleList,196,98,13,24,0.7755102040816326,0.7410394265232976,0.771505376344086,0.5042548598335499,0.0023642946034669876,0.0001963786780834198,,,,,
heart_disease_hungary,3,2,12,60,Dummy,196,98,13,24,0.6326530612244898,0.5,0.5,0.0,0.00030489638447761536,0.0001903679221868515,,,,,
heart_disease_hungary,4,0,13,60,RFR,196,98,13,25,0.7755102040816326,0.7238095238095238,0.7238095238095237,0.49201848723480085,0.001928398385643959,0.00011862907558679581,1,2,2.0,2,2.0
heart_disease_hungary,4,0,13,60,GPR,196,98,13,25,0.7653061224489796,0.7158730158730158,0.7158730158730158,0.4685756640036764,0.80126210488379,9.820889681577682e-05,4,11,2.75,13,3.25
heart_disease_hungary,4,0,13,60,FIGS,196,98,13,25,0.8163265306122449,0.780952380952381,0.8433106575963719,0.5898525552894632,0.20823123399168253,0.0007134322077035904,,,,,
heart_disease_hungary,4,0,13,60,HSTree,196,98,13,25,0.7857142857142857,0.7761904761904762,0.8183673469387756,0.5432197707173825,0.0014564236626029015,0.00012231897562742233,,,,,
heart_disease_hungary,4,0,13,60,GreedyRuleList,196,98,13,25,0.7959183673469388,0.7523809523809524,0.8285714285714285,0.5413520815150411,0.0016450509428977966,0.0001657893881201744,,,,,
heart_disease_hungary,4,0,13,60,Dummy,196,98,13,25,0.6428571428571429,0.5,0.5,0.0,0.0003228969871997833,0.00019310787320137024,,,,,
heart_disease_hungary,4,1,14,60,RFR,196,98,13,25,0.8367346938775511,0.8158730158730159,0.8158730158730159,0.6405207024497883,0.0019823983311653137,0.00011222716420888901,1,2,2.0,2,2.0
heart_disease_hungary,4,1,14,60,GPR,196,98,13,25,0.7857142857142857,0.7634920634920634,0.7634920634920634,0.5304841172860979,0.7787631321698427,9.009893983602524e-05,4,7,1.75,7,1.75
heart_disease_hungary,4,1,14,60,FIGS,196,98,13,25,0.7755102040816326,0.7492063492063492,0.8476190476190476,0.5053354285659134,0.20304292161017656,0.0006337231025099754,,,,,
heart_disease_hungary,4,1,14,60,HSTree,196,98,13,25,0.7551020408163265,0.7523809523809524,0.8195011337868481,0.49029956872769703,0.0015202043578028679,0.0001233574002981186,,,,,
heart_disease_hungary,4,1,14,60,GreedyRuleList,196,98,13,25,0.7653061224489796,0.7603174603174603,0.8077097505668934,0.5075672576839417,0.002324424684047699,0.0001917583867907524,,,,,
heart_disease_hungary,4,1,14,60,Dummy,196,98,13,25,0.6428571428571429,0.5,0.5,0.0,0.0003042863681912422,0.00018982775509357452,,,,,
heart_disease_hungary,4,2,15,60,RFR,196,98,13,24,0.8061224489795918,0.7885304659498208,0.8223566308243727,0.5805832083414441,0.0019336286932229996,0.00011352915316820145,2,2,1.0,2,1.0
heart_disease_hungary,4,2,15,60,GPR,196,98,13,24,0.7959183673469388,0.7571684587813621,0.757168458781362,0.5488665414167075,0.8222930775955319,9.626895189285278e-05,4,11,2.75,12,3.0
heart_disease_hungary,4,2,15,60,FIGS,196,98,13,24,0.7857142857142857,0.7549283154121864,0.8230286738351255,0.5285388539309612,0.20265392679721117,0.0006052125245332718,,,,,
heart_disease_hungary,4,2,15,60,HSTree,196,98,13,24,0.7857142857142857,0.7491039426523298,0.8335573476702509,0.5261797712318137,0.0014861542731523514,0.000124489888548851,,,,,
heart_disease_hungary,4,2,15,60,GreedyRuleList,196,98,13,24,0.7857142857142857,0.7549283154121864,0.8111559139784947,0.5285388539309612,0.00231766514480114,0.0002009877935051918,,,,,
heart_disease_hungary,4,2,15,60,Dummy,196,98,13,24,0.6326530612244898,0.5,0.5,0.0,0.00032282620668411255,0.00019446853548288345,,,,,
heart_disease_hungary,5,0,16,60,RFR,196,98,13,25,0.7653061224489796,0.7222222222222222,0.7222222222222222,0.4714045207910317,0.002126646228134632,0.00012094900012016296,1,2,2.0,2,2.0
heart_disease_hungary,5,0,16,60,GPR,196,98,13,25,0.7857142857142857,0.7698412698412698,0.7698412698412699,0.5364083990111168,0.801826792769134,9.74796712398529e-05,4,12,3.0,13,3.25
heart_disease_hungary,5,0,16,60,FIGS,196,98,13,25,0.8061224489795918,0.7920634920634921,0.8208616780045351,0.5805832083414441,0.20243758987635374,0.0005600443109869957,,,,,
heart_disease_hungary,5,0,16,60,HSTree,196,98,13,25,0.7755102040816326,0.7555555555555555,0.853968253968254,0.5111111111111111,0.0015191929414868355,0.00012438930571079254,,,,,
heart_disease_hungary,5,0,16,60,GreedyRuleList,196,98,13,25,0.7653061224489796,0.7222222222222222,0.8013605442176871,0.4714045207910317,0.0016460325568914413,0.0001629488542675972,,,,,
heart_disease_hungary,5,0,16,60,Dummy,196,98,13,25,0.6428571428571429,0.5,0.5,0.0,0.00032315682619810104,0.00019217748194932938,,,,,
heart_disease_hungary,5,1,17,60,RFR,196,98,13,25,0.7244897959183674,0.7158730158730159,0.7158730158730159,0.4209094332013175,0.001966908574104309,0.00011392869055271149,1,2,2.0,2,2.0
heart_disease_hungary,5,1,17,60,GPR,196,98,13,25,0.7755102040816326,0.7619047619047619,0.761904761904762,0.5177402246166389,0.792990111745894,0.000102299265563488,4,14,3.5,14,3.5
heart_disease_hungary,5,1,17,60,FIGS,196,98,13,25,0.7346938775510204,0.7301587301587302,0.7485260770975057,0.44712853751896897,0.19905608519911766,0.0005775643512606621,,,,,
heart_disease_hungary,5,1,17,60,HSTree,196,98,13,25,0.7551020408163265,0.7587301587301587,0.7938775510204082,0.4996498656605837,0.0015148622915148735,0.0001235390082001686,,,,,
heart_disease_hungary,5,1,17,60,GreedyRuleList,196,98,13,25,0.6938775510204082,0.7047619047619047,0.7766439909297052,0.39278006384811465,0.0022780243307352066,0.0001948270946741104,,,,,
heart_disease_hungary,5,1,17,60,Dummy,196,98,13,25,0.6428571428571429,0.5,0.5,0.0,0.00030114781111478806,0.00019082799553871155,,,,,
heart_disease_hungary,5,2,18,60,RFR,196,98,13,24,0.8061224489795918,0.7768817204301075,0.7768817204301074,0.5740545021605167,0.001870628446340561,0.00011956878006458282,1,2,2.0,2,2.0
heart_disease_hungary,5,2,18,60,GPR,196,98,13,24,0.7755102040816326,0.7235663082437276,0.7235663082437275,0.5012587484658584,0.818379994481802,9.88692045211792e-05,4,13,3.25,14,3.5
heart_disease_hungary,5,2,18,60,FIGS,196,98,13,24,0.7551020408163265,0.7074372759856631,0.8241487455197133,0.45301331743353973,0.20484073273837566,0.0006746631115674973,,,,,
heart_disease_hungary,5,2,18,60,HSTree,196,98,13,24,0.7755102040816326,0.7235663082437276,0.7867383512544803,0.5012587484658584,0.0015669427812099457,0.00012790877372026443,,,,,
heart_disease_hungary,5,2,18,60,GreedyRuleList,196,98,13,24,0.8061224489795918,0.7827060931899641,0.8461021505376345,0.5767646194122983,0.002327113412320614,0.0001986175775527954,,,,,
heart_disease_hungary,5,2,18,60,Dummy,196,98,13,24,0.6326530612244898,0.5,0.5,0.0,0.00031672604382038116,0.00018833857029676437,,,,,
heart_disease_hungary,6,0,19,60,RFR,196,98,13,25,0.8163265306122449,0.780952380952381,0.7809523809523808,0.5898525552894632,0.0019915876910090446,0.00011830870062112808,1,2,2.0,2,2.0
heart_disease_hungary,6,0,19,60,GPR,196,98,13,25,0.7857142857142857,0.7634920634920634,0.7634920634920634,0.5304841172860979,0.7942446498200297,9.162910282611847e-05,4,8,2.0,8,2.0
heart_disease_hungary,6,0,19,60,FIGS,196,98,13,25,0.7857142857142857,0.7571428571428571,0.8514739229024944,0.525486787309028,0.20084883831441402,0.0007845312356948853,,,,,
heart_disease_hungary,6,0,19,60,HSTree,196,98,13,25,0.7653061224489796,0.7158730158730158,0.790702947845805,0.4685756640036764,0.0015219729393720627,0.00012115761637687683,,,,,
heart_disease_hungary,6,0,19,60,GreedyRuleList,196,98,13,25,0.8061224489795918,0.7730158730158729,0.8399092970521542,0.5676845913066266,0.0023232251405715942,0.00019301753491163254,,,,,
heart_disease_hungary,6,0,19,60,Dummy,196,98,13,25,0.6428571428571429,0.5,0.5,0.0,0.00030123721808195114,0.00018987804651260376,,,,,
heart_disease_hungary,6,1,20,60,RFR,196,98,13,24,0.7959183673469388,0.7777777777777778,0.7777777777777778,0.5555555555555556,0.002070716582238674,0.00011967960745096207,1,2,2.0,2,2.0
heart_disease_hungary,6,1,20,60,GPR,196,98,13,24,0.7857142857142857,0.7825396825396825,0.7825396825396825,0.5508961699252538,0.805647267960012,9.300839155912399e-05,4,12,3.0,12,3.0
heart_disease_hungary,6,1,20,60,FIGS,196,98,13,24,0.7857142857142857,0.7825396825396825,0.7870748299319728,0.5508961699252538,0.20973840076476336,0.0005355440080165863,,,,,
heart_disease_hungary,6,1,20,60,HSTree,196,98,13,24,0.7244897959183674,0.7158730158730159,0.7770975056689342,0.4209094332013175,0.0014788936823606491,0.00012343749403953552,,,,,
heart_disease_hungary,6,1,20,60,GreedyRuleList,196,98,13,24,0.8367346938775511,0.8031746031746032,0.8632653061224489,0.636507559662641,0.0020075486972928047,0.00018620770424604416,,,,,
heart_disease_hungary,6,1,20,60,Dummy,196,98,13,24,0.6428571428571429,0.5,0.5,0.0,0.00031001679599285126,0.00019058771431446075,,,,,
heart_disease_hungary,6,2,21,60,RFR,196,98,13,25,0.7857142857142857,0.7491039426523298,0.7491039426523298,0.5261797712318137,0.002041407860815525,0.00012465845793485641,1,2,2.0,2,2.0
heart_disease_hungary,6,2,21,60,GPR,196,98,13,25,0.7857142857142857,0.7491039426523298,0.7491039426523298,0.5261797712318137,0.7888341620564461,9.833928197622299e-05,4,12,3.0,13,3.25
heart_disease_hungary,6,2,21,60,FIGS,196,98,13,25,0.7857142857142857,0.7432795698924731,0.8015232974910393,0.5250149541087322,0.20713048987090588,0.0007641725242137909,,,,,
heart_disease_hungary,6,2,21,60,HSTree,196,98,13,25,0.7755102040816326,0.7468637992831542,0.8221326164874551,0.5075601796775946,0.0015351725742220879,0.00013704877346754074,,,,,
heart_disease_hungary,6,2,21,60,GreedyRuleList,196,98,13,25,0.7857142857142857,0.7665770609318996,0.8378136200716845,0.5364083990111168,0.002321195788681507,0.00019322801381349564,,,,,
heart_disease_hungary,6,2,21,60,Dummy,196,98,13,25,0.6326530612244898,0.5,0.5,0.0,0.00032054539769887924,0.0001882985234260559,,,,,
heart_disease_hungary,7,0,22,60,RFR,196,98,13,25,0.8367346938775511,0.8158730158730159,0.8158730158730159,0.6405207024497883,0.0020110784098505974,0.00010951794683933258,1,2,2.0,2,2.0
heart_disease_hungary,7,0,22,60,GPR,196,98,13,25,0.8061224489795918,0.8174603174603174,0.8174603174603174,0.6116465361813114,0.7794217178598046,9.352900087833405e-05,4,9,2.25,9,2.25
heart_disease_hungary,7,0,22,60,FIGS,196,98,13,25,0.8061224489795918,0.7857142857142857,0.8235827664399091,0.5752237416355278,0.20989063009619713,0.0007899021729826927,,,,,
heart_disease_hungary,7,0,22,60,HSTree,196,98,13,25,0.7857142857142857,0.7825396825396825,0.8081632653061224,0.5508961699252538,0.001459093764424324,0.00012186821550130844,,,,,
heart_disease_hungary,7,0,22,60,GreedyRuleList,196,98,13,25,0.826530612244898,0.807936507936508,0.8698412698412699,0.6199633659849577,0.0023105740547180176,0.00019072741270065308,,,,,
heart_disease_hungary,7,0,22,60,Dummy,196,98,13,25,0.6428571428571429,0.5,0.5,0.0,0.00032137706875801086,0.00019420776516199112,,,,,
heart_disease_hungary,7,1,23,60,RFR,196,98,13,25,0.8061224489795918,0.7857142857142857,0.8054421768707484,0.5752237416355278,0.0019010193645954132,0.0001221783459186554,2,2,1.0,2,1.0
heart_disease_hungary,7,1,23,60,GPR,196,98,13,25,0.7755102040816326,0.7365079365079366,0.7365079365079366,0.4965425465431075,0.7869851049035788,9.777862578630447e-05,4,10,2.5,10,2.5
heart_disease_hungary,7,1,23,60,FIGS,196,98,13,25,0.826530612244898,0.7825396825396825,0.863265306122449,0.613282854357753,0.19869066309183836,0.0005821725353598595,,,,,
heart_disease_hungary,7,1,23,60,HSTree,196,98,13,25,0.7653061224489796,0.7285714285714285,0.7650793650793651,0.4752708206288037,0.0014592939987778664,0.00012786779552698135,,,,,
heart_disease_hungary,7,1,23,60,GreedyRuleList,196,98,13,25,0.7142857142857143,0.6825396825396826,0.7591836734693876,0.3701501546820385,0.0022621257230639458,0.00018643774092197418,,,,,
heart_disease_hungary,7,1,23,60,Dummy,196,98,13,25,0.6428571428571429,0.5,0.5,0.0,0.0003098761662840843,0.0001991884782910347,,,,,
heart_disease_hungary,7,2,24,60,RFR,196,98,13,24,0.8061224489795918,0.7652329749103943,0.7652329749103943,0.5723919941664264,0.0019949879497289658,0.00011330842971801758,1,2,2.0,2,2.0
heart_disease_hungary,7,2,24,60,GPR,196,98,13,24,0.6938775510204082,0.6998207885304659,0.6998207885304659,0.3860443241498841,0.8157115839421749,0.00010788906365633011,4,14,3.5,14,3.5
heart_disease_hungary,7,2,24,60,FIGS,196,98,13,24,0.7142857142857143,0.7043010752688172,0.8012992831541218,0.40077788655223606,0.21448188088834286,0.0009164595976471901,,,,,
heart_disease_hungary,7,2,24,60,HSTree,196,98,13,24,0.6836734693877551,0.6568100358422939,0.7811379928315412,0.31553435235948046,0.0014378847554326057,0.00012230873107910156,,,,,
heart_disease_hungary,7,2,24,60,GreedyRuleList,196,98,13,24,0.8061224489795918,0.7652329749103943,0.8178763440860215,0.5723919941664264,0.0013141157105565071,0.0001651877537369728,,,,,
heart_disease_hungary,7,2,24,60,Dummy,196,98,13,24,0.6326530612244898,0.5,0.5,0.0,0.000309797003865242,0.0002028588205575943,,,,,
heart_disease_hungary,8,0,25,60,RFR,196,98,13,25,0.8367346938775511,0.8031746031746032,0.8031746031746032,0.636507559662641,0.001942628063261509,0.0001228591427206993,1,2,2.0,2,2.0
heart_disease_hungary,8,0,25,60,GPR,196,98,13,25,0.8673469387755102,0.8523809523809525,0.8523809523809524,0.7094426146838176,0.79845155403018,9.597931057214737e-05,4,12,3.0,14,3.5
heart_disease_hungary,8,0,25,60,FIGS,196,98,13,25,0.826530612244898,0.8142857142857143,0.8439909297052153,0.6247580176717713,0.21202588826417923,0.0006786733865737915,,,,,
heart_disease_hungary,8,0,25,60,HSTree,196,98,13,25,0.8367346938775511,0.834920634920635,0.8727891156462584,0.6557191829714909,0.0015055928379297256,0.0001255292445421219,,,,,
heart_disease_hungary,8,0,25,60,GreedyRuleList,196,98,13,25,0.7857142857142857,0.7952380952380953,0.8272108843537415,0.5688312786486196,0.002303685061633587,0.00019139796495437622,,,,,
heart_disease_hungary,8,0,25,60,Dummy,196,98,13,25,0.6428571428571429,0.5,0.5,0.0,0.0003069266676902771,0.0001933164894580841,,,,,
heart_disease_hungary,8,1,26,60,RFR,196,98,13,25,0.7755102040816326,0.7365079365079366,0.7365079365079366,0.4965425465431075,0.0019804295152425766,0.00012204796075820923,1,2,2.0,2,2.0
heart_disease_hungary,8,1,26,60,GPR,196,98,13,25,0.7346938775510204,0.7047619047619047,0.7047619047619048,0.4152119126433301,0.6026187604293227,8.5439532995224e-05,2,3,1.5,3,1.5
heart_disease_hungary,8,1,26,60,FIGS,196,98,13,25,0.7755102040816326,0.7619047619047619,0.7984126984126985,0.5177402246166389,0.20810516085475683,0.0006156535819172859,,,,,
heart_disease_hungary,8,1,26,60,HSTree,196,98,13,25,0.8163265306122449,0.7746031746031745,0.8281179138321997,0.5890183025289442,0.0015304628759622574,0.000128159299492836,,,,,
heart_disease_hungary,8,1,26,60,GreedyRuleList,196,98,13,25,0.7755102040816326,0.7365079365079366,0.7972789115646258,0.4965425465431075,0.00236483383923769,0.00019449833780527115,,,,,
heart_disease_hungary,8,1,26,60,Dummy,196,98,13,25,0.6428571428571429,0.5,0.5,0.0,0.00030484702438116074,0.00019266735762357712,,,,,
heart_disease_hungary,8,2,27,60,RFR,196,98,13,24,0.7959183673469388,0.7629928315412187,0.7578405017921146,0.5501814176994309,0.0019639693200588226,0.00011177826672792435,2,2,1.0,2,1.0
heart_disease_hungary,8,2,27,60,GPR,196,98,13,24,0.7551020408163265,0.7132616487455197,0.7132616487455198,0.455157619711416,0.8012133464217186,9.022746235132217e-05,4,9,2.25,9,2.25
heart_disease_hungary,8,2,27,60,FIGS,196,98,13,24,0.8469387755102041,0.8266129032258065,0.8552867383512545,0.6663413748836219,0.20191732794046402,0.0007783723995089531,,,,,
heart_disease_hungary,8,2,27,60,HSTree,196,98,13,24,0.826530612244898,0.810483870967742,0.8391577060931898,0.6247580176717713,0.0015133824199438095,0.00012410804629325867,,,,,
heart_disease_hungary,8,2,27,60,GreedyRuleList,196,98,13,24,0.7346938775510204,0.7262544802867383,0.7645609318996416,0.4438439313791211,0.0023412248119711876,0.0001867879182100296,,,,,
heart_disease_hungary,8,2,27,60,Dummy,196,98,13,24,0.6326530612244898,0.5,0.5,0.0,0.00031512603163719177,0.00019313767552375793,,,,,
heart_disease_hungary,9,0,28,60,RFR,196,98,13,24,0.8367346938775511,0.8095238095238095,0.8095238095238096,0.6378375842037073,0.0020276084542274475,0.00011393893510103226,2,2,1.0,2,1.0
heart_disease_hungary,9,0,28,60,GPR,196,98,13,24,0.7755102040816326,0.7555555555555555,0.7555555555555555,0.5111111111111111,0.8110540602356195,9.692925959825516e-05,4,13,3.25,14,3.5
heart_disease_hungary,9,0,28,60,FIGS,196,98,13,24,0.8571428571428571,0.8444444444444444,0.8643990929705215,0.6888888888888889,0.19811715185642242,0.0005186339840292931,,,,,
heart_disease_hungary,9,0,28,60,HSTree,196,98,13,24,0.7959183673469388,0.7968253968253969,0.7950113378684808,0.5766416311451531,0.0015381937846541405,0.00012376811355352402,,,,,
heart_disease_hungary,9,0,28,60,GreedyRuleList,196,98,13,24,0.8061224489795918,0.7793650793650794,0.8541950113378685,0.5708992257184502,0.001653352752327919,0.00017083808779716492,,,,,
heart_disease_hungary,9,0,28,60,Dummy,196,98,13,24,0.6428571428571429,0.5,0.5,0.0,0.0003192061558365822,0.00019319728016853333,,,,,
heart_disease_hungary,9,1,29,60,RFR,196,98,13,25,0.7653061224489796,0.734920634920635,0.788888888888889,0.4800743488996058,0.0019306289032101631,0.00012069940567016602,2,2,1.0,2,1.0
heart_disease_hungary,9,1,29,60,GPR,196,98,13,25,0.7653061224489796,0.753968253968254,0.7539682539682541,0.4995124328435701,0.793038328178227,9.023863822221756e-05,4,6,1.5,6,1.5
heart_disease_hungary,9,1,29,60,FIGS,196,98,13,25,0.7653061224489796,0.7603174603174603,0.7829931972789116,0.5075672576839417,0.20966124534606934,0.0006010532379150391,,,,,
heart_disease_hungary,9,1,29,60,HSTree,196,98,13,25,0.7551020408163265,0.7142857142857142,0.7956916099773242,0.4498875421699296,0.0014622537419199944,0.00012816861271858215,,,,,
heart_disease_hungary,9,1,29,60,GreedyRuleList,196,98,13,25,0.7448979591836735,0.719047619047619,0.7893424036281179,0.441004868587238,0.0023473044857382774,0.00019895657896995544,,,,,
heart_disease_hungary,9,1,29,60,Dummy,196,98,13,25,0.6428571428571429,0.5,0.5,0.0,0.00031617656350135803,0.00019029807299375534,,,,,
heart_disease_hungary,9,2,30,60,RFR,196,98,13,25,0.8061224489795918,0.7594086021505376,0.7594086021505377,0.5737596855448437,0.002066248096525669,0.00010919757187366486,1,2,2.0,2,2.0
heart_disease_hungary,9,2,30,60,GPR,196,98,13,25,0.8571428571428571,0.8230286738351255,0.8230286738351256,0.6894299239746448,0.7959177475422621,9.869877249002457e-05,4,13,3.25,14,3.5
heart_disease_hungary,9,2,30,60,FIGS,196,98,13,25,0.8163265306122449,0.796594982078853,0.8599910394265232,0.6007744360777069,0.2185952877625823,0.0009427806362509727,,,,,
heart_disease_hungary,9,2,30,60,HSTree,196,98,13,25,0.7551020408163265,0.7190860215053764,0.640905017921147,0.45832830196766894,0.001462484709918499,0.00012338906526565552,,,,,
heart_disease_hungary,9,2,30,60,GreedyRuleList,196,98,13,25,0.8163265306122449,0.7791218637992832,0.8431899641577061,0.5957210022693533,0.0023221950978040695,0.00018861796706914902,,,,,
heart_disease_hungary,9,2,30,60,Dummy,196,98,13,25,0.6326530612244898,0.5,0.5,0.0,0.0003111157566308975,0.00019624736160039902,,,,,
heart_disease_hungary,10,0,31,60,RFR,196,98,13,25,0.826530612244898,0.7888888888888889,0.7888888888888889,0.6128258770283412,0.002079317346215248,0.00011488888412714005,1,2,2.0,2,2.0
heart_disease_hungary,10,0,31,60,GPR,196,98,13,25,0.8469387755102041,0.8238095238095238,0.8238095238095239,0.6617241025372945,0.7959009893238544,9.321887046098709e-05,4,9,2.25,9,2.25
heart_disease_hungary,10,0,31,60,FIGS,196,98,13,25,0.8163265306122449,0.8126984126984127,0.8814058956916099,0.6122117490302545,0.19864446576684713,0.0005891723558306694,,,,,
heart_disease_hungary,10,0,31,60,HSTree,196,98,13,25,0.7653061224489796,0.7476190476190476,0.8310657596371883,0.49223358968078956,0.0014642039313912392,0.00013433955609798431,,,,,
heart_disease_hungary,10,0,31,60,GreedyRuleList,196,98,13,25,0.826530612244898,0.7888888888888889,0.8639455782312925,0.6128258770283412,0.0023336857557296753,0.00019493792206048965,,,,,
heart_disease_hungary,10,0,31,60,Dummy,196,98,13,25,0.6428571428571429,0.5,0.5,0.0,0.00030345749109983444,0.00019987765699625015,,,,,
heart_disease_hungary,10,1,32,60,RFR,196,98,13,25,0.826530612244898,0.7952380952380953,0.7952380952380952,0.6138914766455381,0.0020729880779981613,0.0001135086640715599,1,2,2.0,2,2.0
heart_disease_hungary,10,1,32,60,GPR,196,98,13,25,0.826530612244898,0.8142857142857143,0.8142857142857143,0.6247580176717713,0.7901919037103653,9.089894592761993e-05,4,7,1.75,8,2.0
heart_disease_hungary,10,1,32,60,FIGS,196,98,13,25,0.7959183673469388,0.8031746031746032,0.8959183673469387,0.5854792904366349,0.21206801012158394,0.0007858918979763985,,,,,
heart_disease_hungary,10,1,32,60,HSTree,196,98,13,25,0.8469387755102041,0.8428571428571429,0.9240362811791384,0.6743417843388196,0.0015229228883981705,0.0001222696155309677,,,,,
heart_disease_hungary,10,1,32,60,GreedyRuleList,196,98,13,25,0.7346938775510204,0.7428571428571429,0.7956916099773242,0.46702591742554267,0.0023073842748999596,0.0001822877675294876,,,,,
heart_disease_hungary,10,1,32,60,Dummy,196,98,13,25,0.6428571428571429,0.5,0.5,0.0,0.00031040702015161514,0.00019230786710977554,,,,,
heart_disease_hungary,10,2,33,60,RFR,196,98,13,24,0.7653061224489796,0.7096774193548387,0.7096774193548386,0.4770173812846717,0.001979907974600792,0.00012114923447370529,1,2,2.0,2,2.0
heart_disease_hungary,10,2,33,60,GPR,196,98,13,24,0.7755102040816326,0.7293906810035842,0.7293906810035842,0.50095641150318,0.8126255813986063,0.0002566678449511528,4,12,3.0,12,3.0
heart_disease_hungary,10,2,33,60,FIGS,196,98,13,24,0.8061224489795918,0.7710573476702509,0.8116039426523298,0.5725517294878549,0.21229946799576283,0.0007386524230241776,,,,,
heart_disease_hungary,10,2,33,60,HSTree,196,98,13,24,0.8061224489795918,0.7768817204301075,0.889336917562724,0.5740545021605167,0.0015475032851099968,0.0001248689368367195,,,,,
heart_disease_hungary,10,2,33,60,GreedyRuleList,196,98,13,24,0.7959183673469388,0.7688172043010753,0.8317652329749103,0.5526971103567273,0.001993679441511631,0.00018919818103313446,,,,,
heart_disease_hungary,10,2,33,60,Dummy,196,98,13,24,0.6326530612244898,0.5,0.5,0.0,0.0003187377005815506,0.00019110646098852158,,,,,
heart_disease_hungary,11,0,34,60,RFR,196,98,13,25,0.7857142857142857,0.7571428571428571,0.7571428571428571,0.525486787309028,0.0020336173474788666,0.00011150911450386047,1,2,2.0,2,2.0
heart_disease_hungary,11,0,34,60,GPR,196,98,13,25,0.7653061224489796,0.7793650793650794,0.7793650793650795,0.5364457677036003,0.6056348560377955,8.829869329929352e-05,2,4,2.0,4,2.0
heart_disease_hungary,11,0,34,60,FIGS,196,98,13,25,0.7448979591836735,0.7126984126984126,0.7356009070294784,0.43466191049018366,0.21097013354301453,0.0006136242300271988,,,,,
heart_disease_hungary,11,0,34,60,HSTree,196,98,13,25,0.7346938775510204,0.711111111111111,0.7551020408163265,0.4222222222222222,0.0014678547158837318,0.00012296903878450394,,,,,
heart_disease_hungary,11,0,34,60,GreedyRuleList,196,98,13,25,0.7857142857142857,0.7571428571428571,0.8061224489795918,0.525486787309028,0.00231106486171484,0.00019336771219968796,,,,,
heart_disease_hungary,11,0,34,60,Dummy,196,98,13,25,0.6428571428571429,0.5,0.5,0.0,0.00031463615596294403,0.00019978731870651245,,,,,
heart_disease_hungary,11,1,35,60,RFR,196,98,13,25,0.7448979591836735,0.7253968253968254,0.73718820861678,0.44805878035046226,0.0019174488261342049,0.00012385845184326172,2,2,1.0,2,1.0
heart_disease_hungary,11,1,35,60,GPR,196,98,13,25,0.7448979591836735,0.7126984126984126,0.7126984126984127,0.43466191049018366,0.7894577849656343,9.196903556585312e-05,4,8,2.0,8,2.0
heart_disease_hungary,11,1,35,60,FIGS,196,98,13,25,0.7142857142857143,0.7079365079365079,0.7882086167800454,0.40395750631024097,0.20983205549418926,0.0007753213867545128,,,,,
heart_disease_hungary,11,1,35,60,HSTree,196,98,13,25,0.8163265306122449,0.8063492063492064,0.8925170068027211,0.605599171824311,0.001486324705183506,0.00013118796050548553,,,,,
heart_disease_hungary,11,1,35,60,GreedyRuleList,196,98,13,25,0.7857142857142857,0.7571428571428571,0.8496598639455782,0.525486787309028,0.002290765754878521,0.00018611829727888107,,,,,
heart_disease_hungary,11,1,35,60,Dummy,196,98,13,25,0.6428571428571429,0.5,0.5,0.0,0.0003112759441137314,0.00019224826246500015,,,,,
heart_disease_hungary,11,2,36,60,RFR,196,98,13,24,0.8469387755102041,0.8149641577060931,0.8315412186379929,0.6652956459999372,0.0019975481554865837,0.00011642836034297943,2,2,1.0,2,1.0
heart_disease_hungary,11,2,36,60,GPR,196,98,13,24,0.7959183673469388,0.7222222222222222,0.7222222222222222,0.5796924705683215,0.7970319837331772,9.50787216424942e-05,4,10,2.5,11,2.75
heart_disease_hungary,11,2,36,60,FIGS,196,98,13,24,0.8469387755102041,0.8149641577060931,0.8564068100358422,0.6652956459999372,0.20290886145085096,0.0004923352971673012,,,,,
heart_disease_hungary,11,2,36,60,HSTree,196,98,13,24,0.8367346938775511,0.8010752688172043,0.833557347670251,0.6425754631219991,0.001452963799238205,0.00012817885726690292,,,,,
heart_disease_hungary,11,2,36,60,GreedyRuleList,196,98,13,24,0.7857142857142857,0.760752688172043,0.8250448028673835,0.5319762416766364,0.002271355129778385,0.00019556842744350433,,,,,
heart_disease_hungary,11,2,36,60,Dummy,196,98,13,24,0.6326530612244898,0.5,0.5,0.0,0.00030915718525648117,0.000192347913980484,,,,,
heart_disease_hungary,12,0,37,60,RFR,196,98,13,24,0.8163265306122449,0.7682539682539682,0.818140589569161,0.5897242861183074,0.0019472595304250717,0.00011334940791130066,2,2,1.0,2,1.0
heart_disease_hungary,12,0,37,60,GPR,196,98,13,24,0.8571428571428571,0.8380952380952381,0.8380952380952381,0.68558246041108,0.8165791323408484,9.236857295036316e-05,4,11,2.75,11,2.75
heart_disease_hungary,12,0,37,60,FIGS,196,98,13,24,0.7755102040816326,0.7238095238095238,0.7571428571428572,0.49201848723480085,0.2034552749246359,0.0005676038563251495,,,,,
heart_disease_hungary,12,0,37,60,HSTree,196,98,13,24,0.8061224489795918,0.753968253968254,0.8036281179138322,0.5659684799706785,0.0015524933114647865,0.00012537837028503418,,,,,
heart_disease_hungary,12,0,37,60,GreedyRuleList,196,98,13,24,0.8163265306122449,0.7682539682539682,0.8537414965986394,0.5897242861183074,0.002322334796190262,0.00021002814173698425,,,,,
heart_disease_hungary,12,0,37,60,Dummy,196,98,13,24,0.6428571428571429,0.5,0.5,0.0,0.00032166577875614166,0.00019365735352039337,,,,,
heart_disease_hungary,12,1,38,60,RFR,196,98,13,25,0.7857142857142857,0.7317460317460317,0.7317460317460317,0.5164462379732442,0.0018849605694413185,0.00011949986219406128,1,2,2.0,2,2.0
heart_disease_hungary,12,1,38,60,GPR,196,98,13,25,0.8061224489795918,0.7793650793650794,0.7793650793650794,0.5708992257184502,0.7945254938676953,9.302981197834015e-05,4,9,2.25,9,2.25
heart_disease_hungary,12,1,38,60,FIGS,196,98,13,25,0.6938775510204082,0.6984126984126984,0.8192743764172336,0.3815571220796917,0.19668649975210428,0.0004810849204659462,,,,,
heart_disease_hungary,12,1,38,60,HSTree,196,98,13,25,0.8163265306122449,0.8,0.800453514739229,0.6,0.0015610530972480774,0.00012607965618371964,,,,,
heart_disease_hungary,12,1,38,60,GreedyRuleList,196,98,13,25,0.8061224489795918,0.7730158730158729,0.8439909297052153,0.5676845913066266,0.0023436443880200386,0.00019972771406173706,,,,,
heart_disease_hungary,12,1,38,60,Dummy,196,98,13,25,0.6428571428571429,0.5,0.5,0.0,0.0003083162009716034,0.00019913818687200546,,,,,
heart_disease_hungary,12,2,39,60,RFR,196,98,13,25,0.7755102040816326,0.7468637992831542,0.7468637992831542,0.5075601796775946,0.0019502490758895874,0.00011246930807828903,1,2,2.0,2,2.0
heart_disease_hungary,12,2,39,60,GPR,196,98,13,25,0.7959183673469388,0.803763440860215,0.8037634408602151,0.5888292511776803,0.9340282278135419,0.00010285899043083191,5,16,3.2,19,3.8
heart_disease_hungary,12,2,39,60,FIGS,196,98,13,25,0.7959183673469388,0.7688172043010753,0.8326612903225807,0.5526971103567273,0.20366047509014606,0.0007428321987390518,,,,,
heart_disease_hungary,12,2,39,60,HSTree,196,98,13,25,0.8163265306122449,0.7849462365591398,0.8461021505376343,0.5961079755653118,0.001477784477174282,0.00012982916086912155,,,,,
heart_disease_hungary,12,2,39,60,GreedyRuleList,196,98,13,25,0.7448979591836735,0.7459677419354839,0.7986111111111112,0.47790290719587325,0.0019582677632570267,0.000170217826962471,,,,,
heart_disease_hungary,12,2,39,60,Dummy,196,98,13,25,0.6326530612244898,0.5,0.5,0.0,0.0003109471872448921,0.0001932084560394287,,,,,
heart_disease_hungary,13,0,40,60,RFR,196,98,13,24,0.7959183673469388,0.7714285714285714,0.7714285714285715,0.550397186527205,0.0019175782799720764,0.00011846795678138733,1,2,2.0,2,2.0
heart_disease_hungary,13,0,40,60,GPR,196,98,13,24,0.8469387755102041,0.8047619047619048,0.8047619047619047,0.6615185844757785,0.8012379240244627,9.518861770629883e-05,4,12,3.0,13,3.25
heart_disease_hungary,13,0,40,60,FIGS,196,98,13,24,0.826530612244898,0.7952380952380953,0.8789115646258503,0.6138914766455381,0.21157882828265429,0.0008107107132673264,,,,,
heart_disease_hungary,13,0,40,60,HSTree,196,98,13,24,0.7959183673469388,0.7587301587301587,0.7562358276643992,0.5431975509162853,0.0014773635193705559,0.00012555904686450958,,,,,
heart_disease_hungary,13,0,40,60,GreedyRuleList,196,98,13,24,0.7959183673469388,0.765079365079365,0.8179138321995465,0.5462506490359954,0.002301005646586418,0.00019494816660881042,,,,,
heart_disease_hungary,13,0,40,60,Dummy,196,98,13,24,0.6428571428571429,0.5,0.5,0.0,0.00031421706080436707,0.00019244849681854248,,,,,
heart_disease_hungary,13,1,41,60,RFR,196,98,13,25,0.7551020408163265,0.7206349206349206,0.7206349206349207,0.45466371386828364,0.0020494675263762474,0.00011736899614334106,1,2,2.0,2,2.0
heart_disease_hungary,13,1,41,60,GPR,196,98,13,25,0.8061224489795918,0.7984126984126985,0.7984126984126984,0.5869271085911949,0.8015107233077288,8.953921496868134e-05,4,7,1.75,8,2.0
heart_disease_hungary,13,1,41,60,FIGS,196,98,13,25,0.7755102040816326,0.7936507936507936,0.8170068027210884,0.5632892388519474,0.20726142544299364,0.000568014569580555,,,,,
heart_disease_hungary,13,1,41,60,HSTree,196,98,13,25,0.7551020408163265,0.7587301587301587,0.8444444444444444,0.4996498656605837,0.0015016933903098106,0.00013105850666761398,,,,,
heart_disease_hungary,13,1,41,60,GreedyRuleList,196,98,13,25,0.7551020408163265,0.7206349206349206,0.7988662131519275,0.45466371386828364,0.0019571995362639427,0.00017095822840929031,,,,,
heart_disease_hungary,13,1,41,60,Dummy,196,98,13,25,0.6428571428571429,0.5,0.5,0.0,0.0003143763169646263,0.0001951279118657112,,,,,
heart_disease_hungary,13,2,42,60,RFR,196,98,13,25,0.8061224489795918,0.7652329749103943,0.7652329749103943,0.5723919941664264,0.0019278191030025482,0.00011770892888307571,1,2,2.0,2,2.0
heart_disease_hungary,13,2,42,60,GPR,196,98,13,25,0.7755102040816326,0.7352150537634409,0.735215053763441,0.5020120805640618,0.6036929851397872,9.150896221399307e-05,2,7,3.5,8,4.0
heart_disease_hungary,13,2,42,60,FIGS,196,98,13,25,0.7857142857142857,0.760752688172043,0.8205645161290321,0.5319762416766364,0.2104710517451167,0.0007161516696214676,,,,,
heart_disease_hungary,13,2,42,60,HSTree,196,98,13,25,0.8061224489795918,0.7943548387096775,0.8017473118279571,0.5854401326586276,0.0014648037031292915,0.00012852810323238373,,,,,
heart_disease_hungary,13,2,42,60,GreedyRuleList,196,98,13,25,0.7653061224489796,0.7679211469534051,0.8149641577060932,0.5205572650330277,0.002293814904987812,0.00019180774688720703,,,,,
heart_disease_hungary,13,2,42,60,Dummy,196,98,13,25,0.6326530612244898,0.5,0.5,0.0,0.0002942867577075958,0.00019086804240942,,,,,
heart_disease_hungary,14,0,43,60,RFR,196,98,13,25,0.7857142857142857,0.7380952380952381,0.7380952380952381,0.5168113941217019,0.0019907094538211823,0.00011015776544809341,1,2,2.0,2,2.0
heart_disease_hungary,14,0,43,60,GPR,196,98,13,25,0.7857142857142857,0.7444444444444445,0.7444444444444445,0.5185449728701349,0.7919691475108266,9.219907224178314e-05,4,8,2.0,8,2.0
heart_disease_hungary,14,0,43,60,FIGS,196,98,13,25,0.7346938775510204,0.692063492063492,0.6639455782312924,0.40323253779675167,0.2027611555531621,0.000710182823240757,,,,,
heart_disease_hungary,14,0,43,60,HSTree,196,98,13,25,0.6938775510204082,0.6476190476190476,0.6319727891156462,0.3099225290503959,0.0014678342267870903,0.00012534763664007187,,,,,
heart_disease_hungary,14,0,43,60,GreedyRuleList,196,98,13,25,0.7040816326530612,0.7,0.7206349206349207,0.3872983346207417,0.0023229634389281273,0.00018911715596914291,,,,,
heart_disease_hungary,14,0,43,60,Dummy,196,98,13,25,0.6428571428571429,0.5,0.5,0.0,0.00030569639056921005,0.00019768718630075455,,,,,
heart_disease_hungary,14,1,44,60,RFR,196,98,13,24,0.8469387755102041,0.8238095238095238,0.8238095238095239,0.6617241025372945,0.0018910691142082214,0.00011682789772748947,1,2,2.0,2,2.0
heart_disease_hungary,14,1,44,60,GPR,196,98,13,24,0.8367346938775511,0.8031746031746032,0.8031746031746032,0.636507559662641,0.8286774009466171,9.666848927736282e-05,4,13,3.25,13,3.25
heart_disease_hungary,14,1,44,60,FIGS,196,98,13,24,0.8367346938775511,0.7841269841269841,0.8603174603174603,0.6424690697894109,0.19819700624793768,0.0007122531533241272,,,,,
heart_disease_hungary,14,1,44,60,HSTree,196,98,13,24,0.8163265306122449,0.7682539682539682,0.8671201814058958,0.5897242861183074,0.0014806343242526054,0.00012728851288557053,,,,,
heart_disease_hungary,14,1,44,60,GreedyRuleList,196,98,13,24,0.8367346938775511,0.8158730158730159,0.8984126984126984,0.6405207024497883,0.0022890251129865646,0.00018318835645914078,,,,,
heart_disease_hungary,14,1,44,60,Dummy,196,98,13,24,0.6428571428571429,0.5,0.5,0.0,0.0003011561930179596,0.0001926179975271225,,,,,
heart_disease_hungary,14,2,45,60,RFR,196,98,13,25,0.8061224489795918,0.7594086021505376,0.7594086021505377,0.5737596855448437,0.0018962789326906204,0.00011191796511411667,1,2,2.0,2,2.0
heart_disease_hungary,14,2,45,60,GPR,196,98,13,25,0.8061224489795918,0.7768817204301075,0.7768817204301074,0.5740545021605167,0.7902832301333547,8.719880133867264e-05,4,6,1.5,6,1.5
heart_disease_hungary,14,2,45,60,FIGS,196,98,13,25,0.7346938775510204,0.714605734767025,0.7764336917562724,0.4292114695340502,0.2060610307380557,0.0007171723991632462,,,,,
heart_disease_hungary,14,2,45,60,HSTree,196,98,13,25,0.7142857142857143,0.6984767025089605,0.7885304659498207,0.39275272165956937,0.0014703338965773582,0.00012023840099573135,,,,,
heart_disease_hungary,14,2,45,60,GreedyRuleList,196,98,13,25,0.7959183673469388,0.7513440860215054,0.8382616487455197,0.5488995055728203,0.0017130812630057335,0.00016565807163715363,,,,,
heart_disease_hungary,14,2,45,60,Dummy,196,98,13,25,0.6326530612244898,0.5,0.5,0.0,0.0003084065392613411,0.00019632745534181595,,,,,
heart_disease_hungary,15,0,46,60,RFR,196,98,13,24,0.7755102040816326,0.7555555555555555,0.7555555555555555,0.5111111111111111,0.0018143299967050552,0.0001089591532945633,1,2,2.0,2,2.0
heart_disease_hungary,15,0,46,60,GPR,196,98,13,24,0.8469387755102041,0.8047619047619048,0.8047619047619047,0.6615185844757785,0.8134050192311406,9.847898036241531e-05,4,15,3.75,17,4.25
heart_disease_hungary,15,0,46,60,FIGS,196,98,13,24,0.7959183673469388,0.7714285714285714,0.8653061224489796,0.550397186527205,0.21520490106195211,0.0005714641883969307,,,,,
heart_disease_hungary,15,0,46,60,HSTree,196,98,13,24,0.826530612244898,0.807936507936508,0.7557823129251701,0.6199633659849577,0.0014628637582063675,0.00013105850666761398,,,,,
heart_disease_hungary,15,0,46,60,GreedyRuleList,196,98,13,24,0.7755102040816326,0.7746031746031746,0.8038548752834468,0.5334705999364251,0.002280144952237606,0.00019135791808366776,,,,,
heart_disease_hungary,15,0,46,60,Dummy,196,98,13,24,0.6428571428571429,0.5,0.5,0.0,0.00031333696097135544,0.0002296576276421547,,,,,
heart_disease_hungary,15,1,47,60,RFR,196,98,13,25,0.7857142857142857,0.7444444444444445,0.7444444444444445,0.5185449728701349,0.0020561879500746727,0.00010941829532384872,1,2,2.0,2,2.0
heart_disease_hungary,15,1,47,60,GPR,196,98,13,25,0.7959183673469388,0.7777777777777778,0.7777777777777778,0.5555555555555556,0.7959801098331809,9.194854646921158e-05,4,8,2.0,9,2.25
heart_disease_hungary,15,1,47,60,FIGS,196,98,13,25,0.7653061224489796,0.7285714285714285,0.75578231292517,0.4752708206288037,0.2061217101290822,0.0005818037316203117,,,,,
heart_disease_hungary,15,1,47,60,HSTree,196,98,13,25,0.7857142857142857,0.7444444444444445,0.8467120181405895,0.5185449728701349,0.001542222686111927,0.00012696720659732819,,,,,
heart_disease_hungary,15,1,47,60,GreedyRuleList,196,98,13,25,0.7040816326530612,0.6936507936507936,0.7498866213151927,0.37758052096000544,0.0023519936949014664,0.00018754787743091583,,,,,
heart_disease_hungary,15,1,47,60,Dummy,196,98,13,25,0.6428571428571429,0.5,0.5,0.0,0.0003148755058646202,0.00019136816263198853,,,,,
heart_disease_hungary,15,2,48,60,RFR,196,98,13,25,0.7959183673469388,0.7571684587813621,0.757168458781362,0.5488665414167075,0.001728622242808342,0.00011035799980163574,1,2,2.0,2,2.0
heart_disease_hungary,15,2,48,60,GPR,196,98,13,25,0.7857142857142857,0.7374551971326164,0.7374551971326165,0.5252031663881989,0.7974648559466004,9.475834667682648e-05,4,10,2.5,11,2.75
heart_disease_hungary,15,2,48,60,FIGS,196,98,13,25,0.8061224489795918,0.7827060931899641,0.8991935483870968,0.5767646194122983,0.21285504661500454,0.0006906231865286827,,,,,
heart_disease_hungary,15,2,48,60,HSTree,196,98,13,25,0.7653061224489796,0.7504480286738351,0.7508960573476702,0.49811420723922806,0.001533673144876957,0.0001245187595486641,,,,,
heart_disease_hungary,15,2,48,60,GreedyRuleList,196,98,13,25,0.7959183673469388,0.7571684587813621,0.8418458781362007,0.5488665414167075,0.0020156782120466232,0.0001675393432378769,,,,,
heart_disease_hungary,15,2,48,60,Dummy,196,98,13,25,0.6326530612244898,0.5,0.5,0.0,0.0003037676215171814,0.00019140727818012238,,,,,
heart_disease_hungary,16,0,49,60,RFR,196,98,13,24,0.7959183673469388,0.7523809523809524,0.7523809523809525,0.5413520815150411,0.0020420681685209274,0.00011134892702102661,1,2,2.0,2,2.0
heart_disease_hungary,16,0,49,60,GPR,196,98,13,24,0.8163265306122449,0.7746031746031745,0.7746031746031746,0.5890183025289442,0.8304691789671779,0.00010229833424091339,4,20,5.0,21,5.25
heart_disease_hungary,16,0,49,60,FIGS,196,98,13,24,0.7857142857142857,0.7507936507936508,0.8276643990929704,0.5214777059677151,0.20841701608151197,0.0006387429311871529,,,,,
heart_disease_hungary,16,0,49,60,HSTree,196,98,13,24,0.7142857142857143,0.6952380952380952,0.8015873015873016,0.38595180380513083,0.0015036631375551224,0.00012687873095273972,,,,,
heart_disease_hungary,16,0,49,60,GreedyRuleList,196,98,13,24,0.7857142857142857,0.7634920634920634,0.8299319727891157,0.5304841172860979,0.001986107788980007,0.00018673762679100037,,,,,
heart_disease_hungary,16,0,49,60,Dummy,196,98,13,24,0.6428571428571429,0.5,0.5,0.0,0.0003047371283173561,0.00019827857613563538,,,,,
heart_disease_hungary,16,1,50,60,RFR,196,98,13,25,0.826530612244898,0.7888888888888889,0.7888888888888889,0.6128258770283412,0.0020068781450390816,0.00011845864355564117,2,4,2.0,4,2.0
heart_disease_hungary,16,1,50,60,GPR,196,98,13,25,0.8571428571428571,0.8317460317460317,0.8317460317460318,0.6836310517875631,0.7805243525654078,9.51690599322319e-05,4,12,3.0,13,3.25
heart_disease_hungary,16,1,50,60,FIGS,196,98,13,25,0.8163265306122449,0.7936507936507937,0.8383219954648525,0.5954589444884967,0.18995918706059456,0.00035853590816259384,,,,,
heart_disease_hungary,16,1,50,60,HSTree,196,98,13,25,0.8061224489795918,0.7857142857142857,0.753061224489796,0.5752237416355278,0.001544593833386898,0.000128207728266716,,,,,
heart_disease_hungary,16,1,50,60,GreedyRuleList,196,98,13,25,0.8469387755102041,0.8174603174603174,0.8770975056689343,0.6600983619844496,0.001689220778644085,0.00017813779413700104,,,,,
heart_disease_hungary,16,1,50,60,Dummy,196,98,13,25,0.6428571428571429,0.5,0.5,0.0,0.0003045564517378807,0.00019818823784589767,,,,,
heart_disease_hungary,16,2,51,60,RFR,196,98,13,25,0.7857142857142857,0.760752688172043,0.7553763440860214,0.5319762416766364,0.0018438901752233505,0.00011152960360050201,2,4,2.0,4,2.0
heart_disease_hungary,16,2,51,60,GPR,196,98,13,25,0.7959183673469388,0.7921146953405018,0.7921146953405017,0.5730420658597761,0.7910406589508057,9.399838745594025e-05,4,8,2.0,8,2.0
heart_disease_hungary,16,2,51,60,FIGS,196,98,13,25,0.7755102040816326,0.7701612903225806,0.8344534050179212,0.5299760210328911,0.20239718165248632,0.0006203828379511833,,,,,
heart_disease_hungary,16,2,51,60,HSTree,196,98,13,25,0.8367346938775511,0.8127240143369175,0.817652329749104,0.6429709717149927,0.0014744335785508156,0.0001286882907152176,,,,,
heart_disease_hungary,16,2,51,60,GreedyRuleList,196,98,13,25,0.8061224489795918,0.7768817204301075,0.8270609318996416,0.5740545021605167,0.002316795289516449,0.00020186789333820343,,,,,
heart_disease_hungary,16,2,51,60,Dummy,196,98,13,25,0.6326530612244898,0.5,0.5,0.0,0.0003073066473007202,0.00019256770610809326,,,,,
heart_disease_hungary,17,0,52,60,RFR,196,98,13,24,0.826530612244898,0.807936507936508,0.807936507936508,0.6199633659849577,0.0021140752360224724,0.0001275092363357544,2,2,1.0,2,1.0
heart_disease_hungary,17,0,52,60,GPR,196,98,13,24,0.8469387755102041,0.8301587301587301,0.83015873015873,0.6647029903343877,0.8207589387893677,9.970832616090775e-05,4,18,4.5,18,4.5
heart_disease_hungary,17,0,52,60,FIGS,196,98,13,24,0.8061224489795918,0.7984126984126985,0.8743764172335601,0.5869271085911949,0.20775691326707602,0.0005840938538312912,,,,,
heart_disease_hungary,17,0,52,60,HSTree,196,98,13,24,0.7857142857142857,0.7825396825396825,0.8054421768707483,0.5508961699252538,0.0015549827367067337,0.0001238388940691948,,,,,
heart_disease_hungary,17,0,52,60,GreedyRuleList,196,98,13,24,0.8469387755102041,0.8238095238095238,0.8829931972789117,0.6617241025372945,0.002284104935824871,0.00017948728054761887,,,,,
heart_disease_hungary,17,0,52,60,Dummy,196,98,13,24,0.6428571428571429,0.5,0.5,0.0,0.00030721724033355713,0.00020156707614660263,,,,,
heart_disease_hungary,17,1,53,60,RFR,196,98,13,25,0.826530612244898,0.8142857142857143,0.828798185941043,0.6247580176717713,0.0020755864679813385,0.00012046936899423599,2,2,1.0,2,1.0
heart_disease_hungary,17,1,53,60,GPR,196,98,13,25,0.8061224489795918,0.7603174603174603,0.7603174603174604,0.5650471242397275,0.8036725651472807,9.455904364585876e-05,4,11,2.75,11,2.75
heart_disease_hungary,17,1,53,60,FIGS,196,98,13,25,0.7959183673469388,0.765079365079365,0.7517006802721088,0.5462506490359954,0.19582852348685265,0.00038964487612247467,,,,,
heart_disease_hungary,17,1,53,60,HSTree,196,98,13,25,0.7755102040816326,0.7365079365079366,0.8102040816326531,0.4965425465431075,0.0014983238652348518,0.00012141745537519455,,,,,
heart_disease_hungary,17,1,53,60,GreedyRuleList,196,98,13,25,0.7551020408163265,0.7396825396825397,0.7868480725623583,0.4738107510128029,0.0022925352677702904,0.00019221846014261246,,,,,
heart_disease_hungary,17,1,53,60,Dummy,196,98,13,25,0.6428571428571429,0.5,0.5,0.0,0.00030126702040433884,0.0001889783889055252,,,,,
heart_disease_hungary,17,2,54,60,RFR,196,98,13,25,0.7653061224489796,0.703853046594982,0.7038530465949822,0.4790041623091637,0.0018646903336048126,0.00011026859283447266,1,2,2.0,2,2.0
heart_disease_hungary,17,2,54,60,GPR,196,98,13,25,0.7857142857142857,0.7432795698924731,0.7432795698924731,0.5250149541087322,0.7893251916393638,8.983071893453598e-05,4,6,1.5,6,1.5
heart_disease_hungary,17,2,54,60,FIGS,196,98,13,25,0.8061224489795918,0.8118279569892473,0.8342293906810035,0.6058659807073365,0.21448554191738367,0.0007095132023096085,,,,,
heart_disease_hungary,17,2,54,60,HSTree,196,98,13,25,0.7959183673469388,0.7629928315412187,0.7874103942652331,0.5501814176994309,0.0014876341447234154,0.0001223282888531685,,,,,
heart_disease_hungary,17,2,54,60,GreedyRuleList,196,98,13,25,0.7755102040816326,0.7293906810035842,0.8234767025089607,0.50095641150318,0.002324293367564678,0.00020399782806634903,,,,,
heart_disease_hungary,17,2,54,60,Dummy,196,98,13,25,0.6326530612244898,0.5,0.5,0.0,0.00031170714646577835,0.00019556842744350433,,,,,
heart_disease_hungary,18,0,55,60,RFR,196,98,13,24,0.7653061224489796,0.734920634920635,0.7349206349206349,0.4800743488996058,0.002170945517718792,0.00012986920773983002,1,2,2.0,2,2.0
heart_disease_hungary,18,0,55,60,GPR,196,98,13,24,0.7959183673469388,0.7714285714285714,0.7714285714285715,0.550397186527205,0.8008061796426773,9.328965097665787e-05,4,10,2.5,10,2.5
heart_disease_hungary,18,0,55,60,FIGS,196,98,13,24,0.7755102040816326,0.7619047619047619,0.7600907029478459,0.5177402246166389,0.20965538453310728,0.0005830638110637665,,,,,
heart_disease_hungary,18,0,55,60,HSTree,196,98,13,24,0.7653061224489796,0.753968253968254,0.7655328798185942,0.4995124328435701,0.001484723761677742,0.00013173837214708328,,,,,
heart_disease_hungary,18,0,55,60,GreedyRuleList,196,98,13,24,0.7653061224489796,0.734920634920635,0.7850340136054423,0.4800743488996058,0.0023505650460720062,0.00020460784435272217,,,,,
heart_disease_hungary,18,0,55,60,Dummy,196,98,13,24,0.6428571428571429,0.5,0.5,0.0,0.0003096470609307289,0.00019490718841552734,,,,,
heart_disease_hungary,18,1,56,60,RFR,196,98,13,25,0.7448979591836735,0.7380952380952381,0.7380952380952381,0.4642383454426296,0.0019488092511892319,0.00012211874127388,1,2,2.0,2,2.0
heart_disease_hungary,18,1,56,60,GPR,196,98,13,25,0.8061224489795918,0.7603174603174603,0.7603174603174604,0.5650471242397275,0.7892610458657146,9.465869516134262e-05,4,10,2.5,10,2.5
heart_disease_hungary,18,1,56,60,FIGS,196,98,13,25,0.7959183673469388,0.7777777777777778,0.8412698412698413,0.5555555555555556,0.2141087967902422,0.0009742593392729759,,,,,
heart_disease_hungary,18,1,56,60,HSTree,196,98,13,25,0.7551020408163265,0.746031746031746,0.7882086167800454,0.48168944720654544,0.0014844946563243866,0.00012555904686450958,,,,,
heart_disease_hungary,18,1,56,60,GreedyRuleList,196,98,13,25,0.7346938775510204,0.7301587301587302,0.7827664399092972,0.44712853751896897,0.0023542651906609535,0.00018952786922454834,,,,,
heart_disease_hungary,18,1,56,60,Dummy,196,98,13,25,0.6428571428571429,0.5,0.5,0.0,0.0003106268122792244,0.00019428879022598267,,,,,
heart_disease_hungary,18,2,57,60,RFR,196,98,13,25,0.826530612244898,0.793010752688172,0.7930107526881719,0.6189236877438961,0.002070106565952301,0.00012214947491884232,1,2,2.0,2,2.0
heart_disease_hungary,18,2,57,60,GPR,196,98,13,25,0.7857142857142857,0.7491039426523298,0.7491039426523298,0.5261797712318137,0.7843388998880982,9.160861372947693e-05,4,8,2.0,9,2.25
heart_disease_hungary,18,2,57,60,FIGS,196,98,13,25,0.8367346938775511,0.8010752688172043,0.8915770609318997,0.6425754631219991,0.21343040466308594,0.0009628096595406532,,,,,
heart_disease_hungary,18,2,57,60,HSTree,196,98,13,25,0.8163265306122449,0.7907706093189963,0.8906810035842294,0.59783404103586,0.0014739837497472763,0.00012792833149433136,,,,,
heart_disease_hungary,18,2,57,60,GreedyRuleList,196,98,13,25,0.7653061224489796,0.7446236559139785,0.8198924731182795,0.49223358968078956,0.0016627423465251923,0.00015926826745271683,,,,,
heart_disease_hungary,18,2,57,60,Dummy,196,98,13,25,0.6326530612244898,0.5,0.5,0.0,0.000309087336063385,0.00019254814833402634,,,,,
heart_disease_hungary,19,0,58,60,RFR,196,98,13,24,0.7755102040816326,0.7365079365079366,0.7365079365079366,0.4965425465431075,0.0021518561989068985,0.0001133875921368599,1,2,2.0,2,2.0
heart_disease_hungary,19,0,58,60,GPR,196,98,13,24,0.7551020408163265,0.7206349206349206,0.7206349206349207,0.45466371386828364,0.8121654884889722,9.85385850071907e-05,4,11,2.75,12,3.0
heart_disease_hungary,19,0,58,60,FIGS,196,98,13,24,0.7653061224489796,0.7412698412698413,0.8163265306122449,0.48574449293666794,0.21247052494436502,0.0007666917517781258,,,,,
heart_disease_hungary,19,0,58,60,HSTree,196,98,13,24,0.8163265306122449,0.8063492063492064,0.7696145124716554,0.605599171824311,0.0014813141897320747,0.00012162886559963226,,,,,
heart_disease_hungary,19,0,58,60,GreedyRuleList,196,98,13,24,0.7755102040816326,0.7365079365079366,0.8487528344671202,0.4965425465431075,0.002304665744304657,0.00019483640789985657,,,,,
heart_disease_hungary,19,0,58,60,Dummy,196,98,13,24,0.6428571428571429,0.5,0.5,0.0,0.000316656194627285,0.00019001774489879608,,,,,
heart_disease_hungary,19,1,59,60,RFR,196,98,13,25,0.8163265306122449,0.780952380952381,0.7963718820861678,0.5898525552894632,0.0020156893879175186,0.0001107584685087204,2,2,1.0,2,1.0
heart_disease_hungary,19,1,59,60,GPR,196,98,13,25,0.7551020408163265,0.7142857142857142,0.7142857142857144,0.4498875421699296,0.818737399764359,0.00010379869490861893,4,12,3.0,12,3.0
heart_disease_hungary,19,1,59,60,FIGS,196,98,13,25,0.7551020408163265,0.7079365079365079,0.8204081632653062,0.44601963948723516,0.20932776015251875,0.0005806740373373032,,,,,
heart_disease_hungary,19,1,59,60,HSTree,196,98,13,25,0.7346938775510204,0.6857142857142857,0.8351473922902495,0.39835341847333217,0.001466444693505764,0.00012049917131662369,,,,,
heart_disease_hungary,19,1,59,60,GreedyRuleList,196,98,13,25,0.7755102040816326,0.7428571428571429,0.8102040816326531,0.5004571814521396,0.0013312064111232758,0.00015508849173784256,,,,,
heart_disease_hungary,19,1,59,60,Dummy,196,98,13,25,0.6428571428571429,0.5,0.5,0.0,0.0002972166985273361,0.00019056815654039383,,,,,
heart_disease_hungary,19,2,60,60,RFR,196,98,13,25,0.8367346938775511,0.8127240143369175,0.8127240143369175,0.6429709717149927,0.0020343977957963943,0.00011780858039855957,1,2,2.0,2,2.0
heart_disease_hungary,19,2,60,60,GPR,196,98,13,25,0.826530612244898,0.8221326164874552,0.8221326164874553,0.6345319309629153,0.7916284240782261,9.101908653974533e-05,4,8,2.0,8,2.0
heart_disease_hungary,19,2,60,60,FIGS,196,98,13,25,0.826530612244898,0.8163082437275986,0.875,0.6291030953683274,0.20478365942835808,0.000706912949681282,,,,,
heart_disease_hungary,19,2,60,60,HSTree,196,98,13,25,0.7857142857142857,0.7665770609318996,0.7049731182795699,0.5364083990111168,0.0014749737456440926,0.00012820865958929062,,,,,
heart_disease_hungary,19,2,60,60,GreedyRuleList,196,98,13,25,0.8163265306122449,0.796594982078853,0.8476702508960573,0.6007744360777069,0.0023026252165436745,0.00019026733934879303,,,,,
heart_disease_hungary,19,2,60,60,Dummy,196,98,13,25,0.6326530612244898,0.5,0.5,0.0,0.0003143567591905594,0.00022324733436107635,,,,,
heart_disease_va_long_beach,0,0,1,60,RFR,133,67,13,25,0.7313432835820896,0.49,0.46352941176470586,-0.07177405625652734,0.0019208788871765137,0.00011469889432191849,2,3,1.5,3,1.5
heart_disease_va_long_beach,0,0,1,60,GPR,133,67,13,25,0.7313432835820896,0.49,0.49,-0.07177405625652734,0.9837284022942185,9.399931877851486e-05,6,11,1.8333333333333333,12,2.0
heart_disease_va_long_beach,0,0,1,60,FIGS,133,67,13,25,0.7313432835820896,0.5676470588235294,0.54,0.17264465049256722,0.20606354624032974,0.0004680948331952095,,,,,
heart_disease_va_long_beach,0,0,1,60,HSTree,133,67,13,25,0.7313432835820896,0.5676470588235294,0.5364705882352941,0.17264465049256722,0.0014520948752760887,0.00011270958930253983,,,,,
heart_disease_va_long_beach,0,0,1,60,GreedyRuleList,133,67,13,25,0.7313432835820896,0.49,0.49,-0.07177405625652734,0.0018762899562716484,0.0001158490777015686,,,,,
heart_disease_va_long_beach,0,0,1,60,Dummy,133,67,13,25,0.746268656716418,0.5,0.5,0.0,0.0003078468143939972,0.0001917276531457901,,,,,
heart_disease_va_long_beach,0,1,2,60,RFR,133,67,13,25,0.7910447761194029,0.5882352941176471,0.6594117647058824,0.37130532861625287,0.001956329680979252,0.00011094752699136734,2,2,1.0,2,1.0
heart_disease_va_long_beach,0,1,2,60,GPR,133,67,13,25,0.6865671641791045,0.518235294117647,0.518235294117647,0.044536368645130275,0.7772093340754509,9.158812463283539e-05,4,9,2.25,9,2.25
heart_disease_va_long_beach,0,1,2,60,FIGS,133,67,13,25,0.7014925373134329,0.5476470588235294,0.5070588235294118,0.11193997354661336,0.1994342179968953,0.0005094455555081367,,,,,
heart_disease_va_long_beach,0,1,2,60,HSTree,133,67,13,25,0.6865671641791045,0.5570588235294117,0.5429411764705883,0.12214067584702941,0.0014070840552449226,0.0001153191551566124,,,,,
heart_disease_va_long_beach,0,1,2,60,GreedyRuleList,133,67,13,25,0.7164179104477612,0.5188235294117647,0.4841176470588236,0.05737199775715834,0.0019195089116692543,0.00015448778867721558,,,,,
heart_disease_va_long_beach,0,1,2,60,Dummy,133,67,13,25,0.746268656716418,0.5,0.5,0.0,0.00031084753572940826,0.00019041821360588074,,,,,
heart_disease_va_long_beach,0,2,3,60,RFR,134,66,13,25,0.7575757575757576,0.5870348139255702,0.5708283313325331,0.24721252798214027,0.0018594702705740929,0.00010836869478225708,2,3,1.5,3,1.5
heart_disease_va_long_beach,0,2,3,60,GPR,134,66,13,25,0.7424242424242424,0.5576230492196879,0.557623049219688,0.17530628316511324,0.9985139360651374,0.00010072905570268631,6,17,2.8333333333333335,17,2.8333333333333335
heart_disease_va_long_beach,0,2,3,60,FIGS,134,66,13,25,0.6666666666666666,0.5258103241296519,0.5090036014405762,0.056759210235139614,0.18708863202482462,0.0002332674339413643,,,,,
heart_disease_va_long_beach,0,2,3,60,HSTree,134,66,13,25,0.6666666666666666,0.5258103241296519,0.463985594237695,0.056759210235139614,0.0014846939593553543,0.00011709798127412796,,,,,
heart_disease_va_long_beach,0,2,3,60,GreedyRuleList,134,66,13,25,0.7121212121212122,0.47959183673469385,0.47959183673469385,-0.10412414097938037,0.0009311605244874954,0.00013331789523363113,,,,,
heart_disease_va_long_beach,0,2,3,60,Dummy,134,66,13,25,0.7424242424242424,0.5,0.5,0.0,0.0003126664087176323,0.00019377842545509338,,,,,
heart_disease_va_long_beach,1,0,4,60,RFR,133,67,13,25,0.7313432835820896,0.5676470588235294,0.5676470588235294,0.17264465049256722,0.001914079301059246,0.00010870955884456635,1,2,2.0,2,2.0
heart_disease_va_long_beach,1,0,4,60,GPR,133,67,13,25,0.7761194029850746,0.5588235294117647,0.5588235294117647,0.3008284187980934,0.8730068681761622,0.00012029800564050674,5,11,2.2,11,2.2
heart_disease_va_long_beach,1,0,4,60,FIGS,133,67,13,25,0.6567164179104478,0.6147058823529412,0.6341176470588235,0.20820219310750374,0.19751746859401464,0.00039867591112852097,,,,,
heart_disease_va_long_beach,1,0,4,60,HSTree,133,67,13,25,0.6865671641791045,0.6347058823529412,0.6664705882352941,0.2496366938306831,0.0014105141162872314,0.00011437851935625076,,,,,
heart_disease_va_long_beach,1,0,4,60,GreedyRuleList,133,67,13,25,0.7761194029850746,0.5588235294117647,0.6029411764705882,0.3008284187980934,0.0012378757819533348,0.000123598612844944,,,,,
heart_disease_va_long_beach,1,0,4,60,Dummy,133,67,13,25,0.746268656716418,0.5,0.5,0.0,0.0002993568778038025,0.00019090808928012848,,,,,
heart_disease_va_long_beach,1,1,5,60,RFR,133,67,13,25,0.6268656716417911,0.43941176470588234,0.5305882352941177,-0.147975676466078,0.0018420899286866188,0.00011129770427942276,2,2,1.0,2,1.0
heart_disease_va_long_beach,1,1,5,60,GPR,133,67,13,25,0.746268656716418,0.5388235294117647,0.5388235294117647,0.14260481918147616,0.9796298239380121,9.803846478462219e-05,6,15,2.5,15,2.5
heart_disease_va_long_beach,1,1,5,60,FIGS,133,67,13,25,0.7611940298507462,0.5876470588235294,0.5829411764705882,0.24937456780920544,0.20443813502788544,0.0004486348479986191,,,,,
heart_disease_va_long_beach,1,1,5,60,HSTree,133,67,13,25,0.6716417910447762,0.5276470588235294,0.52,0.060844291594815025,0.0014684442430734634,0.00011871755123138428,,,,,
heart_disease_va_long_beach,1,1,5,60,GreedyRuleList,133,67,13,25,0.746268656716418,0.5194117647058824,0.5194117647058824,0.09927337820337083,0.0012521669268608093,0.00012128893285989761,,,,,
heart_disease_va_long_beach,1,1,5,60,Dummy,133,67,13,25,0.746268656716418,0.5,0.5,0.0,0.00031821709126234055,0.00019083824008703232,,,,,
heart_disease_va_long_beach,1,2,6,60,RFR,134,66,13,24,0.7272727272727273,0.5282112845138055,0.6812725090036016,0.09324497515223039,0.0019252095371484756,0.00011833943426609039,2,2,1.0,2,1.0
heart_disease_va_long_beach,1,2,6,60,GPR,134,66,13,24,0.7424242424242424,0.5576230492196879,0.557623049219688,0.17530628316511324,0.4571235664188862,7.868930697441101e-05,1,1,1.0,1,1.0
heart_disease_va_long_beach,1,2,6,60,FIGS,134,66,13,24,0.5909090909090909,0.5132052821128451,0.5288115246098439,0.02449979787750126,0.19065790437161922,0.00029803626239299774,,,,,
heart_disease_va_long_beach,1,2,6,60,HSTree,134,66,13,24,0.6515151515151515,0.5732292917166867,0.5402160864345738,0.13936169386228314,0.0014660144224762917,0.00011593848466873169,,,,,
heart_disease_va_long_beach,1,2,6,60,GreedyRuleList,134,66,13,24,0.7575757575757576,0.5678271308523409,0.5594237695078031,0.2241847274936603,0.0012772958725690842,0.00012217927724123,,,,,
heart_disease_va_long_beach,1,2,6,60,Dummy,134,66,13,24,0.7424242424242424,0.5,0.5,0.0,0.00031034648418426514,0.00019349809736013412,,,,,
heart_disease_va_long_beach,2,0,7,60,RFR,133,67,13,25,0.7014925373134329,0.5088235294117647,0.5529411764705883,0.02510482226267169,0.0019048890098929405,0.00011752918362617493,2,2,1.0,2,1.0
heart_disease_va_long_beach,2,0,7,60,GPR,133,67,13,25,0.6567164179104478,0.4788235294117647,0.47882352941176465,-0.051719653910473874,0.8769778488203883,0.00011698808521032333,5,16,3.2,16,3.2
heart_disease_va_long_beach,2,0,7,60,FIGS,133,67,13,25,0.6716417910447762,0.508235294117647,0.5623529411764705,0.019347649748797373,0.21184506453573704,0.00020551681518554688,,,,,
heart_disease_va_long_beach,2,0,7,60,HSTree,133,67,13,25,0.6716417910447762,0.5470588235294118,0.5252941176470588,0.09825015015781494,0.0014524450525641441,0.00011502951383590698,,,,,
heart_disease_va_long_beach,2,0,7,60,GreedyRuleList,133,67,13,25,0.746268656716418,0.5,0.51,0.0,0.0015557929873466492,0.00011893827468156815,,,,,
heart_disease_va_long_beach,2,0,7,60,Dummy,133,67,13,25,0.746268656716418,0.5,0.5,0.0,0.0002987068146467209,0.00018733739852905273,,,,,
heart_disease_va_long_beach,2,1,8,60,RFR,133,67,13,25,0.746268656716418,0.5,0.5158823529411765,0.0,0.0018925797194242477,0.00011365767568349838,2,3,1.5,3,1.5
heart_disease_va_long_beach,2,1,8,60,GPR,133,67,13,25,0.7313432835820896,0.5094117647058823,0.5094117647058823,0.03960590171906697,0.6938005052506924,9.043887257575989e-05,3,7,2.3333333333333335,7,2.3333333333333335
heart_disease_va_long_beach,2,1,8,60,FIGS,133,67,13,25,0.7164179104477612,0.5964705882352941,0.6447058823529411,0.2065058849372456,0.2036951631307602,0.0004716254770755768,,,,,
heart_disease_va_long_beach,2,1,8,60,HSTree,133,67,13,25,0.6567164179104478,0.5370588235294118,0.5805882352941176,0.07564600676242167,0.001408575102686882,0.00011558830738067627,,,,,
heart_disease_va_long_beach,2,1,8,60,GreedyRuleList,133,67,13,25,0.7014925373134329,0.47,0.546470588235294,-0.12624381172952598,0.0015869615599513054,0.00013007968664169312,,,,,
heart_disease_va_long_beach,2,1,8,60,Dummy,133,67,13,25,0.746268656716418,0.5,0.5,0.0,0.00031362567096948624,0.00019516795873641968,,,,,
heart_disease_va_long_beach,2,2,9,60,RFR,134,66,13,25,0.7575757575757576,0.5486194477791116,0.5258103241296519,0.20414164783820007,0.0019230693578720093,0.00010946858674287796,2,2,1.0,2,1.0
heart_disease_va_long_beach,2,2,9,60,GPR,134,66,13,25,0.7424242424242424,0.5576230492196879,0.557623049219688,0.17530628316511324,1.0022048661485314,9.656976908445358e-05,6,15,2.5,15,2.5
heart_disease_va_long_beach,2,2,9,60,FIGS,134,66,13,25,0.7272727272727273,0.624249699879952,0.5696278511404562,0.2593087234411521,0.2028165329247713,0.00048479530960321426,,,,,
heart_disease_va_long_beach,2,2,9,60,HSTree,134,66,13,25,0.7121212121212122,0.5948379351740697,0.6374549819927972,0.20289385628011763,0.001534612849354744,0.00011675897985696793,,,,,
heart_disease_va_long_beach,2,2,9,60,GreedyRuleList,134,66,13,25,0.7575757575757576,0.5486194477791116,0.5486194477791116,0.20414164783820007,0.0015534525737166405,0.0001272084191441536,,,,,
heart_disease_va_long_beach,2,2,9,60,Dummy,134,66,13,25,0.7424242424242424,0.5,0.5,0.0,0.0003248155117034912,0.00019172858446836472,,,,,
heart_disease_va_long_beach,3,0,10,60,RFR,133,67,13,25,0.746268656716418,0.5194117647058824,0.5658823529411765,0.09927337820337083,0.0018720002844929695,0.00010926928371191025,2,2,1.0,2,1.0
heart_disease_va_long_beach,3,0,10,60,GPR,133,67,13,25,0.7761194029850746,0.5976470588235294,0.5976470588235294,0.29761723836525883,0.9262638688087463,9.725894778966904e-05,6,12,2.0,14,2.3333333333333335
heart_disease_va_long_beach,3,0,10,60,FIGS,133,67,13,25,0.746268656716418,0.6164705882352941,0.6388235294117648,0.2643527055681036,0.1892573917284608,0.0003481367602944374,,,,,
heart_disease_va_long_beach,3,0,10,60,HSTree,133,67,13,25,0.7014925373134329,0.6058823529411765,0.7229411764705882,0.21176470588235294,0.001472054049372673,0.00011551845818758011,,,,,
heart_disease_va_long_beach,3,0,10,60,GreedyRuleList,133,67,13,25,0.7313432835820896,0.5094117647058823,0.4811764705882353,0.03960590171906697,0.001581813208758831,0.00011909939348697662,,,,,
heart_disease_va_long_beach,3,0,10,60,Dummy,133,67,13,25,0.746268656716418,0.5,0.5,0.0,0.0003160368651151657,0.00019266828894615173,,,,,
heart_disease_va_long_beach,3,1,11,60,RFR,133,67,13,25,0.746268656716418,0.5,0.6052941176470589,0.0,0.0018983297049999237,0.00010677892714738846,2,3,1.5,3,1.5
heart_disease_va_long_beach,3,1,11,60,GPR,133,67,13,25,0.7761194029850746,0.5976470588235294,0.5976470588235294,0.29761723836525883,1.000368339009583,0.00010420847684144974,6,20,3.3333333333333335,22,3.6666666666666665
heart_disease_va_long_beach,3,1,11,60,FIGS,133,67,13,25,0.6716417910447762,0.508235294117647,0.5929411764705882,0.019347649748797373,0.20769811049103737,0.0006251232698559761,,,,,
heart_disease_va_long_beach,3,1,11,60,HSTree,133,67,13,25,0.6865671641791045,0.5376470588235294,0.6511764705882352,0.08544733917352844,0.0015067243948578835,0.00012076832354068756,,,,,
heart_disease_va_long_beach,3,1,11,60,GreedyRuleList,133,67,13,25,0.7611940298507462,0.5488235294117647,0.5488235294117647,0.20545561516765992,0.001278907060623169,0.00011683814227581024,,,,,
heart_disease_va_long_beach,3,1,11,60,Dummy,133,67,13,25,0.746268656716418,0.5,0.5,0.0,0.0003172755241394043,0.00019520800560712814,,,,,
heart_disease_va_long_beach,3,2,12,60,RFR,134,66,13,25,0.7575757575757576,0.5486194477791116,0.5486194477791116,0.20414164783820007,0.001973867416381836,0.00010881852358579636,1,1,1.0,1,1.0
heart_disease_va_long_beach,3,2,12,60,GPR,134,66,13,25,0.7272727272727273,0.5282112845138055,0.5282112845138055,0.09324497515223039,0.9932327382266521,0.00010070856660604477,6,16,2.6666666666666665,18,3.0
heart_disease_va_long_beach,3,2,12,60,FIGS,134,66,13,25,0.5909090909090909,0.5324129651860744,0.5480192076830732,0.0589306176660993,0.18452483229339123,0.00025996752083301544,,,,,
heart_disease_va_long_beach,3,2,12,60,HSTree,134,66,13,25,0.6212121212121212,0.5720288115246098,0.5318127250900361,0.13095692814688734,0.0013994649052619934,0.00011976901441812515,,,,,
heart_disease_va_long_beach,3,2,12,60,GreedyRuleList,134,66,13,25,0.7121212121212122,0.5372148859543817,0.5948379351740696,0.09972641301744568,0.0021378863602876663,0.00014015939086675644,,,,,
heart_disease_va_long_beach,3,2,12,60,Dummy,134,66,13,25,0.7424242424242424,0.5,0.5,0.0,0.00030522700399160385,0.00018865801393985748,,,,,
heart_disease_va_long_beach,4,0,13,60,RFR,133,67,13,25,0.6716417910447762,0.46941176470588236,0.6300000000000001,-0.08703005051059519,0.001949419267475605,0.00011754967272281647,2,2,1.0,2,1.0
heart_disease_va_long_beach,4,0,13,60,GPR,133,67,13,25,0.7313432835820896,0.6064705882352941,0.6064705882352941,0.2343152506098196,0.8753833947703242,9.830854833126068e-05,5,10,2.0,11,2.2
heart_disease_va_long_beach,4,0,13,60,FIGS,133,67,13,25,0.6716417910447762,0.5664705882352942,0.5994117647058823,0.13294117647058823,0.2114236019551754,0.0005240235477685928,,,,,
heart_disease_va_long_beach,4,0,13,60,HSTree,133,67,13,25,0.6119402985074627,0.5652941176470588,0.5629411764705882,0.11749485953354181,0.0013891644775867462,0.00012118928134441376,,,,,
heart_disease_va_long_beach,4,0,13,60,GreedyRuleList,133,67,13,25,0.746268656716418,0.5388235294117647,0.5388235294117647,0.14260481918147616,0.0012260666117072105,0.00011745747178792953,,,,,
heart_disease_va_long_beach,4,0,13,60,Dummy,133,67,13,25,0.746268656716418,0.5,0.5,0.0,0.0003086766228079796,0.0001895977184176445,,,,,
heart_disease_va_long_beach,4,1,14,60,RFR,133,67,13,25,0.746268656716418,0.5388235294117647,0.5088235294117647,0.14260481918147616,0.0019765496253967285,0.00010915938764810562,2,3,1.5,3,1.5
heart_disease_va_long_beach,4,1,14,60,GPR,133,67,13,25,0.6567164179104478,0.4788235294117647,0.47882352941176465,-0.051719653910473874,0.9895748607814312,0.00010306853801012039,6,15,2.5,16,2.6666666666666665
heart_disease_va_long_beach,4,1,14,60,FIGS,133,67,13,25,0.6417910447761194,0.5464705882352942,0.5229411764705882,0.0897263929587903,0.20988914836198092,0.0005316436290740967,,,,,
heart_disease_va_long_beach,4,1,14,60,HSTree,133,67,13,25,0.6716417910447762,0.5664705882352942,0.5258823529411765,0.13294117647058823,0.0013893656432628632,0.00011876877397298813,,,,,
heart_disease_va_long_beach,4,1,14,60,GreedyRuleList,133,67,13,25,0.6268656716417911,0.5170588235294118,0.5194117647058824,0.03349301488596979,0.002191285602748394,0.00014265812933444977,,,,,
heart_disease_va_long_beach,4,1,14,60,Dummy,133,67,13,25,0.746268656716418,0.5,0.5,0.0,0.0003006765618920326,0.00018871761858463287,,,,,
heart_disease_va_long_beach,4,2,15,60,RFR,134,66,13,25,0.7575757575757576,0.5678271308523409,0.5678271308523409,0.2241847274936603,0.0018309298902750015,0.00010730884969234467,1,1,1.0,1,1.0
heart_disease_va_long_beach,4,2,15,60,GPR,134,66,13,25,0.7121212121212122,0.5372148859543817,0.5372148859543817,0.09972641301744568,0.7769176326692104,9.845942258834839e-05,4,13,3.25,14,3.5
heart_disease_va_long_beach,4,2,15,60,FIGS,134,66,13,25,0.7727272727272727,0.6356542617046819,0.641656662665066,0.33089631061092506,0.18631280399858952,0.00024535786360502243,,,,,
heart_disease_va_long_beach,4,2,15,60,HSTree,134,66,13,25,0.7424242424242424,0.634453781512605,0.7046818727490998,0.2876469861186478,0.0015617432072758675,0.00012340862303972244,,,,,
heart_disease_va_long_beach,4,2,15,60,GreedyRuleList,134,66,13,25,0.7727272727272727,0.578031212484994,0.5864345738295318,0.28601908382993096,0.001533842645585537,0.00012012943625450134,,,,,
heart_disease_va_long_beach,4,2,15,60,Dummy,134,66,13,25,0.7424242424242424,0.5,0.5,0.0,0.00030711665749549866,0.0001996280625462532,,,,,
heart_disease_va_long_beach,5,0,16,60,RFR,133,67,13,25,0.746268656716418,0.5194117647058824,0.5735294117647057,0.09927337820337083,0.0018088500946760178,0.00011808890849351883,2,3,1.5,3,1.5
heart_disease_va_long_beach,5,0,16,60,GPR,133,67,13,25,0.7761194029850746,0.5588235294117647,0.5588235294117647,0.3008284187980934,0.9786492008715868,9.687896817922592e-05,6,13,2.1666666666666665,13,2.1666666666666665
heart_disease_va_long_beach,5,0,16,60,FIGS,133,67,13,25,0.7014925373134329,0.528235294117647,0.5305882352941177,0.07206037585776719,0.20917760767042637,0.0005082041025161743,,,,,
heart_disease_va_long_beach,5,0,16,60,HSTree,133,67,13,25,0.6567164179104478,0.5176470588235295,0.5058823529411764,0.03777546675681322,0.0014318842440843582,0.00011685863137245178,,,,,
heart_disease_va_long_beach,5,0,16,60,GreedyRuleList,133,67,13,25,0.746268656716418,0.5,0.5317647058823528,0.0,0.001870959997177124,0.00012884847819805145,,,,,
heart_disease_va_long_beach,5,0,16,60,Dummy,133,67,13,25,0.746268656716418,0.5,0.5,0.0,0.0003203367814421654,0.0001950785517692566,,,,,
heart_disease_va_long_beach,5,1,17,60,RFR,133,67,13,25,0.7611940298507462,0.5682352941176471,0.5682352941176471,0.2259787902928925,0.0019606780260801315,0.00012166984379291534,1,1,1.0,1,1.0
heart_disease_va_long_beach,5,1,17,60,GPR,133,67,13,25,0.7611940298507462,0.5294117647058824,0.5294117647058824,0.21110016546037452,0.7875773897394538,9.043887257575989e-05,4,8,2.0,9,2.25
heart_disease_va_long_beach,5,1,17,60,FIGS,133,67,13,25,0.6119402985074627,0.5264705882352941,0.5652941176470588,0.04966088876423266,0.20392955373972654,0.0006023645401000977,,,,,
heart_disease_va_long_beach,5,1,17,60,HSTree,133,67,13,25,0.6865671641791045,0.5376470588235294,0.48588235294117654,0.08544733917352844,0.0014358246698975563,0.0001123892143368721,,,,,
heart_disease_va_long_beach,5,1,17,60,GreedyRuleList,133,67,13,25,0.7611940298507462,0.5488235294117647,0.5688235294117647,0.20545561516765992,0.001238836906850338,0.00011870730668306351,,,,,
heart_disease_va_long_beach,5,1,17,60,Dummy,133,67,13,25,0.746268656716418,0.5,0.5,0.0,0.00031291693449020386,0.0001896275207400322,,,,,
heart_disease_va_long_beach,5,2,18,60,RFR,134,66,13,25,0.696969696969697,0.5270108043217286,0.5270108043217288,0.06883848923606095,0.00190040934830904,0.00010662898421287537,1,2,2.0,2,2.0
heart_disease_va_long_beach,5,2,18,60,GPR,134,66,13,25,0.7575757575757576,0.5678271308523409,0.5678271308523409,0.2241847274936603,0.999361771158874,0.0001017991453409195,6,19,3.1666666666666665,19,3.1666666666666665
heart_disease_va_long_beach,5,2,18,60,FIGS,134,66,13,25,0.7272727272727273,0.6626650660264106,0.7406962785114046,0.31421076546778365,0.19272292591631413,0.0005145631730556488,,,,,
heart_disease_va_long_beach,5,2,18,60,HSTree,134,66,13,25,0.696969696969697,0.6422569027611045,0.6728691476590636,0.267122174272578,0.0013810545206069946,0.00011488888412714005,,,,,
heart_disease_va_long_beach,5,2,18,60,GreedyRuleList,134,66,13,25,0.696969696969697,0.5270108043217286,0.5858343337334934,0.06883848923606095,0.0015484830364584923,0.0001249881461262703,,,,,
heart_disease_va_long_beach,5,2,18,60,Dummy,134,66,13,25,0.7424242424242424,0.5,0.5,0.0,0.00031208619475364685,0.0002016676589846611,,,,,
heart_disease_va_long_beach,6,0,19,60,RFR,133,67,13,25,0.7313432835820896,0.5094117647058823,0.6364705882352941,0.03960590171906697,0.0018237102776765823,0.0001164386048913002,2,2,1.0,2,1.0
heart_disease_va_long_beach,6,0,19,60,GPR,133,67,13,25,0.7313432835820896,0.5676470588235294,0.5676470588235294,0.17264465049256722,0.6902093160897493,9.0818852186203e-05,3,6,2.0,8,2.6666666666666665
heart_disease_va_long_beach,6,0,19,60,FIGS,133,67,13,25,0.7014925373134329,0.528235294117647,0.5752941176470588,0.07206037585776719,0.1962478682398796,0.0003966754302382469,,,,,
heart_disease_va_long_beach,6,0,19,60,HSTree,133,67,13,25,0.6567164179104478,0.5370588235294118,0.5952941176470588,0.07564600676242167,0.0013873446732759476,0.00011941883713006973,,,,,
heart_disease_va_long_beach,6,0,19,60,GreedyRuleList,133,67,13,25,0.7313432835820896,0.5094117647058823,0.5847058823529411,0.03960590171906697,0.0012521473690867424,0.00012440793216228485,,,,,
heart_disease_va_long_beach,6,0,19,60,Dummy,133,67,13,25,0.746268656716418,0.5,0.5,0.0,0.00030833762139081955,0.00019825808703899384,,,,,
heart_disease_va_long_beach,6,1,20,60,RFR,133,67,13,25,0.7313432835820896,0.548235294117647,0.5482352941176472,0.13723969503593855,0.002671971917152405,0.00011253729462623596,1,2,2.0,2,2.0
heart_disease_va_long_beach,6,1,20,60,GPR,133,67,13,25,0.746268656716418,0.5,0.5,0.0,0.9411937231197953,9.449850767850876e-05,6,11,1.8333333333333333,12,2.0
heart_disease_va_long_beach,6,1,20,60,FIGS,133,67,13,25,0.7313432835820896,0.5676470588235294,0.5429411764705883,0.17264465049256722,0.19908856693655252,0.0005457140505313873,,,,,
heart_disease_va_long_beach,6,1,20,60,HSTree,133,67,13,25,0.7014925373134329,0.5476470588235294,0.4723529411764706,0.11193997354661336,0.0014480138197541237,0.00011578947305679321,,,,,
heart_disease_va_long_beach,6,1,20,60,GreedyRuleList,133,67,13,25,0.746268656716418,0.5,0.51,0.0,0.0015366626903414726,0.00011868961155414581,,,,,
heart_disease_va_long_beach,6,1,20,60,Dummy,133,67,13,25,0.746268656716418,0.5,0.5,0.0,0.0003184862434864044,0.00019349809736013412,,,,,
heart_disease_va_long_beach,6,2,21,60,RFR,134,66,13,25,0.7424242424242424,0.5384153661464586,0.6956782713085233,0.1408093951162737,0.001834191381931305,0.0001085987314581871,2,2,1.0,2,1.0
heart_disease_va_long_beach,6,2,21,60,GPR,134,66,13,25,0.7424242424242424,0.5192076830732293,0.5192076830732293,0.09799919151000505,0.7850383119657636,9.138975292444229e-05,4,8,2.0,8,2.0
heart_disease_va_long_beach,6,2,21,60,FIGS,134,66,13,25,0.6818181818181818,0.536014405762305,0.5570228091236494,0.0816659929250042,0.20668598636984825,0.0005036043003201485,,,,,
heart_disease_va_long_beach,6,2,21,60,HSTree,134,66,13,25,0.6363636363636364,0.524609843937575,0.5438175270108043,0.04921968787515006,0.0014395052567124367,0.000124368816614151,,,,,
heart_disease_va_long_beach,6,2,21,60,GreedyRuleList,134,66,13,25,0.7424242424242424,0.5192076830732293,0.5672268907563025,0.09799919151000505,0.001240997575223446,0.00011902861297130585,,,,,
heart_disease_va_long_beach,6,2,21,60,Dummy,134,66,13,25,0.7424242424242424,0.5,0.5,0.0,0.0003165667876601219,0.0001936163753271103,,,,,
heart_disease_va_long_beach,7,0,22,60,RFR,133,67,13,25,0.7611940298507462,0.5876470588235294,0.5876470588235294,0.24937456780920544,0.001953238621354103,0.00011487770825624466,1,1,1.0,1,1.0
heart_disease_va_long_beach,7,0,22,60,GPR,133,67,13,25,0.6716417910447762,0.5664705882352942,0.5664705882352941,0.13294117647058823,0.9074509097263217,9.523890912532806e-05,5,9,1.8,9,1.8
heart_disease_va_long_beach,7,0,22,60,FIGS,133,67,13,25,0.6567164179104478,0.5952941176470588,0.5923529411764705,0.1765988838452867,0.1928098862990737,0.00042983610183000565,,,,,
heart_disease_va_long_beach,7,0,22,60,HSTree,133,67,13,25,0.6716417910447762,0.6052941176470588,0.6658823529411764,0.1975399797510588,0.0013976451009511948,0.00011418946087360382,,,,,
heart_disease_va_long_beach,7,0,22,60,GreedyRuleList,133,67,13,25,0.7761194029850746,0.5588235294117647,0.6,0.3008284187980934,0.0012613562867045403,0.00012467894703149796,,,,,
heart_disease_va_long_beach,7,0,22,60,Dummy,133,67,13,25,0.746268656716418,0.5,0.5,0.0,0.00031258631497621536,0.00019427761435508728,,,,,
heart_disease_va_long_beach,7,1,23,60,RFR,133,67,13,25,0.746268656716418,0.5194117647058824,0.6211764705882352,0.09927337820337083,0.0018751798197627068,0.00011352915316820145,2,3,1.5,3,1.5
heart_disease_va_long_beach,7,1,23,60,GPR,133,67,13,25,0.7611940298507462,0.5294117647058824,0.5294117647058824,0.21110016546037452,0.9834802895784378,9.96394082903862e-05,6,15,2.5,15,2.5
heart_disease_va_long_beach,7,1,23,60,FIGS,133,67,13,25,0.6865671641791045,0.5376470588235294,0.6070588235294118,0.08544733917352844,0.20760530605912209,0.00038651563227176666,,,,,
heart_disease_va_long_beach,7,1,23,60,HSTree,133,67,13,25,0.6268656716417911,0.49764705882352944,0.5388235294117647,-0.004802921064280741,0.0014259237796068192,0.00011499878019094467,,,,,
heart_disease_va_long_beach,7,1,23,60,GreedyRuleList,133,67,13,25,0.7164179104477612,0.49941176470588233,0.5664705882352941,-0.0021606790785072146,0.002168506383895874,0.0001362878829240799,,,,,
heart_disease_va_long_beach,7,1,23,60,Dummy,133,67,13,25,0.746268656716418,0.5,0.5,0.0,0.0003083767369389534,0.0001898379996418953,,,,,
heart_disease_va_long_beach,7,2,24,60,RFR,134,66,13,25,0.7424242424242424,0.5192076830732293,0.6992797118847539,0.09799919151000505,0.001968628726899624,0.00012799911201000214,2,2,1.0,2,1.0
heart_disease_va_long_beach,7,2,24,60,GPR,134,66,13,25,0.7272727272727273,0.4897959183673469,0.4897959183673469,-0.07305833027953698,0.7919002920389175,9.248871356248856e-05,4,12,3.0,13,3.25
heart_disease_va_long_beach,7,2,24,60,FIGS,134,66,13,25,0.6818181818181818,0.5168067226890756,0.5288115246098439,0.040996003084539386,0.2075557755306363,0.0005463035777211189,,,,,
heart_disease_va_long_beach,7,2,24,60,HSTree,134,66,13,25,0.6363636363636364,0.524609843937575,0.5576230492196879,0.04921968787515006,0.0015107542276382446,0.00011832918971776962,,,,,
heart_disease_va_long_beach,7,2,24,60,GreedyRuleList,134,66,13,25,0.7272727272727273,0.5090036014405762,0.5090036014405762,0.03780400885892594,0.0009141396731138229,0.0001216791570186615,,,,,
heart_disease_va_long_beach,7,2,24,60,Dummy,134,66,13,25,0.7424242424242424,0.5,0.5,0.0,0.0003224574029445648,0.0001941164955496788,,,,,
heart_disease_va_long_beach,8,0,25,60,RFR,133,67,13,25,0.7611940298507462,0.5294117647058824,0.6329411764705882,0.21110016546037452,0.001901010051369667,0.00010890979319810867,2,3,1.5,3,1.5
heart_disease_va_long_beach,8,0,25,60,GPR,133,67,13,25,0.6567164179104478,0.45941176470588235,0.4594117647058823,-0.10893529869649102,0.7828173413872719,8.858926594257355e-05,4,4,1.0,5,1.25
heart_disease_va_long_beach,8,0,25,60,FIGS,133,67,13,25,0.6567164179104478,0.5758823529411765,0.5682352941176471,0.14431661063485177,0.20659375749528408,0.0005474546924233437,,,,,
heart_disease_va_long_beach,8,0,25,60,HSTree,133,67,13,25,0.5970149253731343,0.5164705882352941,0.5264705882352941,0.030523263874494003,0.001408965326845646,0.0001130988821387291,,,,,
heart_disease_va_long_beach,8,0,25,60,GreedyRuleList,133,67,13,25,0.7164179104477612,0.5770588235294117,0.556470588235294,0.17490002237081603,0.0021767960861325264,0.00014847982674837112,,,,,
heart_disease_va_long_beach,8,0,25,60,Dummy,133,67,13,25,0.746268656716418,0.5,0.5,0.0,0.0003067357465624809,0.00019630789756774902,,,,,
heart_disease_va_long_beach,8,1,26,60,RFR,133,67,13,25,0.7164179104477612,0.5576470588235294,0.6570588235294118,0.14079239120073442,0.00183849036693573,0.00011564977467060089,2,2,1.0,2,1.0
heart_disease_va_long_beach,8,1,26,60,GPR,133,67,13,25,0.7611940298507462,0.5682352941176471,0.5682352941176471,0.2259787902928925,0.8800144121050835,9.844917804002762e-05,5,13,2.6,13,2.6
heart_disease_va_long_beach,8,1,26,60,FIGS,133,67,13,25,0.8059701492537313,0.7147058823529412,0.6694117647058824,0.45960151220789414,0.2073489697650075,0.000557953491806984,,,,,
heart_disease_va_long_beach,8,1,26,60,HSTree,133,67,13,25,0.746268656716418,0.6941176470588235,0.7023529411764705,0.36918202720543475,0.0014570755884051323,0.00011352729052305222,,,,,
heart_disease_va_long_beach,8,1,26,60,GreedyRuleList,133,67,13,25,0.7611940298507462,0.5876470588235294,0.5876470588235294,0.24937456780920544,0.0008949413895606995,0.00012851785868406296,,,,,
heart_disease_va_long_beach,8,1,26,60,Dummy,133,67,13,25,0.746268656716418,0.5,0.5,0.0,0.00031226687133312225,0.00019944831728935242,,,,,
heart_disease_va_long_beach,8,2,27,60,RFR,134,66,13,25,0.7121212121212122,0.5180072028811524,0.5180072028811524,0.054783213489097884,0.0018455907702445984,0.00010755937546491623,1,1,1.0,1,1.0
heart_disease_va_long_beach,8,2,27,60,GPR,134,66,13,25,0.7272727272727273,0.5282112845138055,0.5282112845138055,0.09324497515223039,0.9889913462102413,9.882915765047073e-05,6,15,2.5,17,2.8333333333333335
heart_disease_va_long_beach,8,2,27,60,FIGS,134,66,13,25,0.6818181818181818,0.5552220888355343,0.570828331332533,0.11814072644158749,0.20288785826414824,0.0005334643647074699,,,,,
heart_disease_va_long_beach,8,2,27,60,HSTree,134,66,13,25,0.6363636363636364,0.5054021608643458,0.4915966386554622,0.011274292323528352,0.001508423127233982,0.00011348910629749298,,,,,
heart_disease_va_long_beach,8,2,27,60,GreedyRuleList,134,66,13,25,0.7272727272727273,0.5282112845138055,0.5372148859543818,0.09324497515223039,0.0012733358889818192,0.00012317951768636703,,,,,
heart_disease_va_long_beach,8,2,27,60,Dummy,134,66,13,25,0.7424242424242424,0.5,0.5,0.0,0.00030700676143169403,0.0001911493018269539,,,,,
heart_disease_va_long_beach,9,0,28,60,RFR,133,67,13,25,0.7313432835820896,0.5288235294117647,0.5141176470588236,0.09545655796854942,0.001813601702451706,0.00011459924280643463,2,3,1.5,3,1.5
heart_disease_va_long_beach,9,0,28,60,GPR,133,67,13,25,0.7014925373134329,0.5088235294117647,0.5088235294117647,0.02510482226267169,0.9719889611005783,9.763892740011215e-05,6,13,2.1666666666666665,14,2.3333333333333335
heart_disease_va_long_beach,9,0,28,60,FIGS,133,67,13,25,0.746268656716418,0.558235294117647,0.5805882352941176,0.1774946180612086,0.2021064767614007,0.0006286622956395149,,,,,
heart_disease_va_long_beach,9,0,28,60,HSTree,133,67,13,25,0.5671641791044776,0.4188235294117647,0.47058823529411764,-0.16570077671768557,0.0014325352385640144,0.00011576898396015167,,,,,
heart_disease_va_long_beach,9,0,28,60,GreedyRuleList,133,67,13,25,0.746268656716418,0.5194117647058824,0.5194117647058824,0.09927337820337083,0.0012586163356900215,0.00011548865586519241,,,,,
heart_disease_va_long_beach,9,0,28,60,Dummy,133,67,13,25,0.746268656716418,0.5,0.5,0.0,0.00031679775565862656,0.000193888321518898,,,,,
heart_disease_va_long_beach,9,1,29,60,RFR,133,67,13,25,0.746268656716418,0.558235294117647,0.5552941176470588,0.1774946180612086,0.0020073680207133293,0.00011728890240192413,2,3,1.5,3,1.5
heart_disease_va_long_beach,9,1,29,60,GPR,133,67,13,25,0.7164179104477612,0.538235294117647,0.5382352941176471,0.1026202089169843,1.0128461616113782,0.00010428857058286667,6,23,3.8333333333333335,24,4.0
heart_disease_va_long_beach,9,1,29,60,FIGS,133,67,13,25,0.6865671641791045,0.518235294117647,0.4052941176470588,0.044536368645130275,0.20785900484770536,0.0005256151780486107,,,,,
heart_disease_va_long_beach,9,1,29,60,HSTree,133,67,13,25,0.6268656716417911,0.4782352941176471,0.42411764705882354,-0.04658974233340297,0.0014238255098462105,0.00011601857841014862,,,,,
heart_disease_va_long_beach,9,1,29,60,GreedyRuleList,133,67,13,25,0.5671641791044776,0.43823529411764706,0.38941176470588235,-0.1212678125181665,0.002200676128268242,0.00013979896903038025,,,,,
heart_disease_va_long_beach,9,1,29,60,Dummy,133,67,13,25,0.746268656716418,0.5,0.5,0.0,0.0003196457400918007,0.00019349809736013412,,,,,
heart_disease_va_long_beach,9,2,30,60,RFR,134,66,13,25,0.6363636363636364,0.42857142857142855,0.42136854741896757,-0.2028847643439634,0.0018975399434566498,0.00010814890265464783,2,2,1.0,2,1.0
heart_disease_va_long_beach,9,2,30,60,GPR,134,66,13,25,0.7575757575757576,0.5294117647058824,0.5294117647058824,0.2105798931586654,0.7847776664420962,9.711924940347672e-05,4,11,2.75,11,2.75
heart_disease_va_long_beach,9,2,30,60,FIGS,134,66,13,25,0.6363636363636364,0.4669867947178872,0.3637454981992797,-0.07747516350666292,0.20025892835110426,0.00022942665964365005,,,,,
heart_disease_va_long_beach,9,2,30,60,HSTree,134,66,13,25,0.6212121212121212,0.4759903961584634,0.5684273709483794,-0.05136553323547282,0.0014797840267419815,0.00011225789785385132,,,,,
heart_disease_va_long_beach,9,2,30,60,GreedyRuleList,134,66,13,25,0.7272727272727273,0.4897959183673469,0.4033613445378151,-0.07305833027953698,0.001285606063902378,0.0001177983358502388,,,,,
heart_disease_va_long_beach,9,2,30,60,Dummy,134,66,13,25,0.7424242424242424,0.5,0.5,0.0,0.000307546928524971,0.00019023846834897995,,,,,
heart_disease_va_long_beach,10,0,31,60,RFR,133,67,13,25,0.7611940298507462,0.5876470588235294,0.5705882352941176,0.24937456780920544,0.0018357299268245697,0.00010657869279384613,2,3,1.5,3,1.5
heart_disease_va_long_beach,10,0,31,60,GPR,133,67,13,25,0.8208955223880597,0.6664705882352941,0.6664705882352941,0.4736443133557392,0.8734601195901632,9.449943900108337e-05,5,10,2.0,10,2.0
heart_disease_va_long_beach,10,0,31,60,FIGS,133,67,13,25,0.7313432835820896,0.5676470588235294,0.5382352941176471,0.17264465049256722,0.2040499672293663,0.0005129557102918625,,,,,
heart_disease_va_long_beach,10,0,31,60,HSTree,133,67,13,25,0.6417910447761194,0.5270588235294118,0.5552941176470588,0.05411764705882353,0.0015019243583083153,0.00012246891856193542,,,,,
heart_disease_va_long_beach,10,0,31,60,GreedyRuleList,133,67,13,25,0.7611940298507462,0.5294117647058824,0.5294117647058824,0.21110016546037452,0.0015373025089502335,0.00011558923870325089,,,,,
heart_disease_va_long_beach,10,0,31,60,Dummy,133,67,13,25,0.746268656716418,0.5,0.5,0.0,0.00031216535717248917,0.00019305851310491562,,,,,
heart_disease_va_long_beach,10,1,32,60,RFR,133,67,13,25,0.6865671641791045,0.4988235294117647,0.4923529411764706,-0.003157544889753363,0.001858830451965332,0.00011726748198270798,2,2,1.0,2,1.0
heart_disease_va_long_beach,10,1,32,60,GPR,133,67,13,25,0.7164179104477612,0.5188235294117647,0.5188235294117647,0.05737199775715834,0.6970380945131183,9.045936167240143e-05,3,7,2.3333333333333335,7,2.3333333333333335
heart_disease_va_long_beach,10,1,32,60,FIGS,133,67,13,25,0.746268656716418,0.5970588235294118,0.6170588235294118,0.2370484137563386,0.20522111374884844,0.0005965838208794594,,,,,
heart_disease_va_long_beach,10,1,32,60,HSTree,133,67,13,25,0.7313432835820896,0.5870588235294117,0.546470588235294,0.20453229734442938,0.0014038346707820892,0.00011239945888519287,,,,,
heart_disease_va_long_beach,10,1,32,60,GreedyRuleList,133,67,13,25,0.7313432835820896,0.5094117647058823,0.5376470588235294,0.03960590171906697,0.0013059861958026886,0.0001227986067533493,,,,,
heart_disease_va_long_beach,10,1,32,60,Dummy,133,67,13,25,0.746268656716418,0.5,0.5,0.0,0.00032407697290182114,0.00019389763474464417,,,,,
heart_disease_va_long_beach,10,2,33,60,RFR,134,66,13,24,0.696969696969697,0.5078031212484994,0.5078031212484995,0.02216388181908844,0.0019182581454515457,0.0001142788678407669,1,2,2.0,2,2.0
heart_disease_va_long_beach,10,2,33,60,GPR,134,66,13,24,0.7424242424242424,0.5384153661464586,0.5384153661464586,0.1408093951162737,0.44243661407381296,7.905904203653336e-05,1,1,1.0,1,1.0
heart_disease_va_long_beach,10,2,33,60,FIGS,134,66,13,24,0.696969696969697,0.6038415366146459,0.60984393757503,0.20768307322929172,0.20283804088830948,0.0003487067297101021,,,,,
heart_disease_va_long_beach,10,2,33,60,HSTree,134,66,13,24,0.6515151515151515,0.5732292917166867,0.524609843937575,0.13936169386228314,0.0015517724677920341,0.00011642836034297943,,,,,
heart_disease_va_long_beach,10,2,33,60,GreedyRuleList,134,66,13,24,0.7575757575757576,0.5486194477791116,0.5576230492196879,0.20414164783820007,0.0015544136986136436,0.0001195492222905159,,,,,
heart_disease_va_long_beach,10,2,33,60,Dummy,134,66,13,24,0.7424242424242424,0.5,0.5,0.0,0.00030270684510469437,0.00019845832139253616,,,,,
heart_disease_va_long_beach,11,0,34,60,RFR,133,67,13,25,0.7164179104477612,0.538235294117647,0.5382352941176471,0.1026202089169843,0.0018593603745102882,0.00010885950177907944,1,2,2.0,2,2.0
heart_disease_va_long_beach,11,0,34,60,GPR,133,67,13,25,0.7313432835820896,0.548235294117647,0.5482352941176472,0.13723969503593855,0.9834411358460784,0.00011796876788139343,6,26,4.333333333333333,26,4.333333333333333
heart_disease_va_long_beach,11,0,34,60,FIGS,133,67,13,25,0.7164179104477612,0.5770588235294117,0.5882352941176471,0.17490002237081603,0.1970540937036276,0.0003745267167687416,,,,,
heart_disease_va_long_beach,11,0,34,60,HSTree,133,67,13,25,0.47761194029850745,0.43647058823529417,0.4117647058823529,-0.11118669042284696,0.0015885522589087486,0.00011997949331998825,,,,,
heart_disease_va_long_beach,11,0,34,60,GreedyRuleList,133,67,13,25,0.7611940298507462,0.5682352941176471,0.5658823529411764,0.2259787902928925,0.0015478525310754776,0.00011960882693529129,,,,,
heart_disease_va_long_beach,11,0,34,60,Dummy,133,67,13,25,0.746268656716418,0.5,0.5,0.0,0.0003143260255455971,0.00019517820328474045,,,,,
heart_disease_va_long_beach,11,1,35,60,RFR,133,67,13,25,0.6268656716417911,0.43941176470588234,0.448235294117647,-0.147975676466078,0.0018530003726482391,0.00011939927935600281,2,3,1.5,3,1.5
heart_disease_va_long_beach,11,1,35,60,GPR,133,67,13,25,0.7164179104477612,0.5188235294117647,0.5188235294117647,0.05737199775715834,0.798760580830276,9.261909872293472e-05,4,13,3.25,13,3.25
heart_disease_va_long_beach,11,1,35,60,FIGS,133,67,13,25,0.746268656716418,0.6164705882352941,0.5682352941176471,0.2643527055681036,0.20701812580227852,0.000704621896147728,,,,,
heart_disease_va_long_beach,11,1,35,60,HSTree,133,67,13,25,0.6865671641791045,0.5958823529411765,0.6270588235294117,0.18825384229010608,0.0014078356325626373,0.00011751800775527954,,,,,
heart_disease_va_long_beach,11,1,35,60,GreedyRuleList,133,67,13,25,0.7611940298507462,0.5488235294117647,0.6123529411764707,0.20545561516765992,0.0015874728560447693,0.00013272836804389954,,,,,
heart_disease_va_long_beach,11,1,35,60,Dummy,133,67,13,25,0.746268656716418,0.5,0.5,0.0,0.0003116363659501076,0.00019032787531614304,,,,,
heart_disease_va_long_beach,11,2,36,60,RFR,134,66,13,25,0.7424242424242424,0.5192076830732293,0.6236494597839135,0.09799919151000505,0.001963759772479534,0.00011567771434783936,2,2,1.0,2,1.0
heart_disease_va_long_beach,11,2,36,60,GPR,134,66,13,25,0.6666666666666666,0.48739495798319327,0.4873949579831933,-0.03212462831016178,0.982296640984714,9.87490639090538e-05,6,12,2.0,13,2.1666666666666665
heart_disease_va_long_beach,11,2,36,60,FIGS,134,66,13,25,0.6212121212121212,0.5336134453781513,0.5798319327731092,0.06396930210072013,0.20774223934859037,0.0004377048462629318,,,,,
heart_disease_va_long_beach,11,2,36,60,HSTree,134,66,13,25,0.6363636363636364,0.5822328931572629,0.5834333733493398,0.1509384620890444,0.00140436552464962,0.00011535827070474625,,,,,
heart_disease_va_long_beach,11,2,36,60,GreedyRuleList,134,66,13,25,0.7272727272727273,0.5090036014405762,0.5720288115246098,0.03780400885892594,0.0012679463252425194,0.00012483913451433182,,,,,
heart_disease_va_long_beach,11,2,36,60,Dummy,134,66,13,25,0.7424242424242424,0.5,0.5,0.0,0.00030054617673158646,0.00019168853759765625,,,,,
heart_disease_va_long_beach,12,0,37,60,RFR,133,67,13,25,0.746268656716418,0.5388235294117647,0.5847058823529411,0.14260481918147616,0.0017773211002349854,0.00010789930820465088,2,3,1.5,3,1.5
heart_disease_va_long_beach,12,0,37,60,GPR,133,67,13,25,0.6716417910447762,0.45,0.45,-0.16558790668013676,0.7751144077628851,8.687842637300491e-05,4,4,1.0,4,1.0
heart_disease_va_long_beach,12,0,37,60,FIGS,133,67,13,25,0.6417910447761194,0.5852941176470587,0.5858823529411765,0.15633934320838472,0.20502605941146612,0.0005091242492198944,,,,,
heart_disease_va_long_beach,12,0,37,60,HSTree,133,67,13,25,0.6716417910447762,0.6052941176470588,0.6335294117647059,0.1975399797510588,0.0014031752943992615,0.00011960789561271667,,,,,
heart_disease_va_long_beach,12,0,37,60,GreedyRuleList,133,67,13,25,0.7164179104477612,0.49941176470588233,0.5811764705882352,-0.0021606790785072146,0.0018960293382406235,0.00013471860438585281,,,,,
heart_disease_va_long_beach,12,0,37,60,Dummy,133,67,13,25,0.746268656716418,0.5,0.5,0.0,0.00031483639031648636,0.00019266828894615173,,,,,
heart_disease_va_long_beach,12,1,38,60,RFR,133,67,13,25,0.746268656716418,0.5,0.6441176470588235,0.0,0.001920199953019619,0.0001083575189113617,2,3,1.5,3,1.5
heart_disease_va_long_beach,12,1,38,60,GPR,133,67,13,25,0.7014925373134329,0.4894117647058824,0.4894117647058824,-0.03506567435579366,0.7807207182049751,9.254738688468933e-05,4,9,2.25,10,2.5
heart_disease_va_long_beach,12,1,38,60,FIGS,133,67,13,25,0.6417910447761194,0.5270588235294118,0.49941176470588233,0.05411764705882353,0.19760687928646803,0.0005383240059018135,,,,,
heart_disease_va_long_beach,12,1,38,60,HSTree,133,67,13,25,0.5970149253731343,0.4776470588235294,0.5005882352941177,-0.04388739881609835,0.0014841947704553604,0.00011455919593572617,,,,,
heart_disease_va_long_beach,12,1,38,60,GreedyRuleList,133,67,13,25,0.746268656716418,0.5194117647058824,0.5194117647058824,0.09927337820337083,0.001533673144876957,0.00011791940778493881,,,,,
heart_disease_va_long_beach,12,1,38,60,Dummy,133,67,13,25,0.746268656716418,0.5,0.5,0.0,0.0003101471811532974,0.00019357725977897644,,,,,
heart_disease_va_long_beach,12,2,39,60,RFR,134,66,13,25,0.7424242424242424,0.5192076830732293,0.5582232893157263,0.09799919151000505,0.0018567601218819618,0.00010972842574119568,2,2,1.0,2,1.0
heart_disease_va_long_beach,12,2,39,60,GPR,134,66,13,25,0.7575757575757576,0.5486194477791116,0.5486194477791116,0.20414164783820007,0.9793700268492103,9.876955300569534e-05,6,14,2.3333333333333335,14,2.3333333333333335
heart_disease_va_long_beach,12,2,39,60,FIGS,134,66,13,25,0.7878787878787878,0.6650660264105642,0.6302521008403361,0.3873758175333146,0.20831046346575022,0.0005382653325796127,,,,,
heart_disease_va_long_beach,12,2,39,60,HSTree,134,66,13,25,0.7878787878787878,0.6842737094837935,0.6374549819927972,0.4052343614462294,0.0013911053538322449,0.00011218897998332977,,,,,
heart_disease_va_long_beach,12,2,39,60,GreedyRuleList,134,66,13,25,0.7272727272727273,0.4897959183673469,0.5156062424969988,-0.07305833027953698,0.001880819909274578,0.00013558845967054367,,,,,
heart_disease_va_long_beach,12,2,39,60,Dummy,134,66,13,25,0.7424242424242424,0.5,0.5,0.0,0.0003097075968980789,0.0001929076388478279,,,,,
heart_disease_va_long_beach,13,0,40,60,RFR,133,67,13,25,0.7313432835820896,0.5094117647058823,0.5094117647058823,0.03960590171906697,0.0018635205924510956,0.00011775922030210495,1,1,1.0,1,1.0
heart_disease_va_long_beach,13,0,40,60,GPR,133,67,13,25,0.7313432835820896,0.5094117647058823,0.5094117647058823,0.03960590171906697,0.7889664713293314,9.039882570505142e-05,4,9,2.25,9,2.25
heart_disease_va_long_beach,13,0,40,60,FIGS,133,67,13,25,0.6716417910447762,0.5276470588235294,0.48882352941176466,0.060844291594815025,0.20054659713059664,0.0006231032311916351,,,,,
heart_disease_va_long_beach,13,0,40,60,HSTree,133,67,13,25,0.6268656716417911,0.5558823529411765,0.4547058823529412,0.10356107385989036,0.0014631841331720352,0.00011571776121854782,,,,,
heart_disease_va_long_beach,13,0,40,60,GreedyRuleList,133,67,13,25,0.7313432835820896,0.5094117647058823,0.5094117647058823,0.03960590171906697,0.00154903344810009,0.00012895744293928146,,,,,
heart_disease_va_long_beach,13,0,40,60,Dummy,133,67,13,25,0.746268656716418,0.5,0.5,0.0,0.00031096767634153366,0.00019342824816703796,,,,,
heart_disease_va_long_beach,13,1,41,60,RFR,133,67,13,25,0.746268656716418,0.5,0.6441176470588235,0.0,0.002061118371784687,0.00011557899415493011,2,3,1.5,3,1.5
heart_disease_va_long_beach,13,1,41,60,GPR,133,67,13,25,0.7910447761194029,0.6658823529411765,0.6658823529411765,0.38971694494006137,0.9880300853401423,9.887851774692535e-05,6,17,2.8333333333333335,17,2.8333333333333335
heart_disease_va_long_beach,13,1,41,60,FIGS,133,67,13,25,0.6865671641791045,0.4988235294117647,0.6176470588235294,-0.003157544889753363,0.20311263017356396,0.0005198745056986809,,,,,
heart_disease_va_long_beach,13,1,41,60,HSTree,133,67,13,25,0.7313432835820896,0.5676470588235294,0.6652941176470588,0.17264465049256722,0.001401175744831562,0.00011460855603218079,,,,,
heart_disease_va_long_beach,13,1,41,60,GreedyRuleList,133,67,13,25,0.7611940298507462,0.5294117647058824,0.6547058823529411,0.21110016546037452,0.001609782688319683,0.00013712886720895767,,,,,
heart_disease_va_long_beach,13,1,41,60,Dummy,133,67,13,25,0.746268656716418,0.5,0.5,0.0,0.00030696578323841095,0.00019071809947490692,,,,,
heart_disease_va_long_beach,13,2,42,60,RFR,134,66,13,25,0.7575757575757576,0.5486194477791116,0.602641056422569,0.20414164783820007,0.0018385499715805054,0.0001130988821387291,2,2,1.0,2,1.0
heart_disease_va_long_beach,13,2,42,60,GPR,134,66,13,25,0.7272727272727273,0.4897959183673469,0.4897959183673469,-0.07305833027953698,0.871311916038394,9.070895612239838e-05,5,8,1.6,8,1.6
heart_disease_va_long_beach,13,2,42,60,FIGS,134,66,13,25,0.6515151515151515,0.5348139255702281,0.5204081632653061,0.07104941384475366,0.19987443555146456,0.0004548756405711174,,,,,
heart_disease_va_long_beach,13,2,42,60,HSTree,134,66,13,25,0.6515151515151515,0.5348139255702281,0.5498199279711884,0.07104941384475366,0.0014784643426537514,0.00011274963617324829,,,,,
heart_disease_va_long_beach,13,2,42,60,GreedyRuleList,134,66,13,25,0.7272727272727273,0.4897959183673469,0.4897959183673469,-0.07305833027953698,0.0012541962787508965,0.00011557899415493011,,,,,
heart_disease_va_long_beach,13,2,42,60,Dummy,134,66,13,25,0.7424242424242424,0.5,0.5,0.0,0.00030912645161151886,0.00018853787332773209,,,,,
heart_disease_va_long_beach,14,0,43,60,RFR,133,67,13,25,0.746268656716418,0.5,0.6141176470588237,0.0,0.0019684992730617523,0.00011759903281927109,2,3,1.5,3,1.5
heart_disease_va_long_beach,14,0,43,60,GPR,133,67,13,25,0.746268656716418,0.5194117647058824,0.5194117647058824,0.09927337820337083,0.788189192302525,0.00010287947952747345,4,9,2.25,9,2.25
heart_disease_va_long_beach,14,0,43,60,FIGS,133,67,13,25,0.6417910447761194,0.5076470588235295,0.5070588235294118,0.01596564940064493,0.20002331398427486,0.0005293143913149834,,,,,
heart_disease_va_long_beach,14,0,43,60,HSTree,133,67,13,25,0.7313432835820896,0.6064705882352941,0.5923529411764705,0.2343152506098196,0.0014131749048829079,0.0001132078468799591,,,,,
heart_disease_va_long_beach,14,0,43,60,GreedyRuleList,133,67,13,25,0.7611940298507462,0.5294117647058824,0.5294117647058824,0.21110016546037452,0.0015657125040888786,0.00011878833174705505,,,,,
heart_disease_va_long_beach,14,0,43,60,Dummy,133,67,13,25,0.746268656716418,0.5,0.5,0.0,0.00030637718737125397,0.00019898824393749237,,,,,
heart_disease_va_long_beach,14,1,44,60,RFR,133,67,13,25,0.7611940298507462,0.5488235294117647,0.5723529411764705,0.20545561516765992,0.0018638800829648972,0.00010888837277889252,2,2,1.0,2,1.0
heart_disease_va_long_beach,14,1,44,60,GPR,133,67,13,25,0.7611940298507462,0.5294117647058824,0.5294117647058824,0.21110016546037452,0.9762500980868936,0.00010011903941631317,6,13,2.1666666666666665,13,2.1666666666666665
heart_disease_va_long_beach,14,1,44,60,FIGS,133,67,13,25,0.7761194029850746,0.6558823529411765,0.6411764705882353,0.3538053887653912,0.20427768863737583,0.0005364343523979187,,,,,
heart_disease_va_long_beach,14,1,44,60,HSTree,133,67,13,25,0.7611940298507462,0.6458823529411765,0.6523529411764706,0.3210507301173218,0.001424664631485939,0.00011574849486351013,,,,,
heart_disease_va_long_beach,14,1,44,60,GreedyRuleList,133,67,13,25,0.7611940298507462,0.5488235294117647,0.5682352941176471,0.20545561516765992,0.001639542169868946,0.00014293938875198364,,,,,
heart_disease_va_long_beach,14,1,44,60,Dummy,133,67,13,25,0.746268656716418,0.5,0.5,0.0,0.0003067469224333763,0.00019655749201774597,,,,,
heart_disease_va_long_beach,14,2,45,60,RFR,134,66,13,25,0.7424242424242424,0.5192076830732293,0.6524609843937574,0.09799919151000505,0.0021829158067703247,0.00010989885777235031,2,2,1.0,2,1.0
heart_disease_va_long_beach,14,2,45,60,GPR,134,66,13,25,0.6818181818181818,0.536014405762305,0.536014405762305,0.0816659929250042,1.030677342787385,0.00010584946721792221,6,21,3.5,22,3.6666666666666665
heart_disease_va_long_beach,14,2,45,60,FIGS,134,66,13,25,0.7424242424242424,0.6152460984393757,0.6650660264105641,0.2613311773600135,0.21046224236488342,0.0005239350721240044,,,,,
heart_disease_va_long_beach,14,2,45,60,HSTree,134,66,13,25,0.7424242424242424,0.6536614645858343,0.6926770708283313,0.31359741283201614,0.0015093432739377022,0.00011444836854934692,,,,,
heart_disease_va_long_beach,14,2,45,60,GreedyRuleList,134,66,13,25,0.7575757575757576,0.5486194477791116,0.5576230492196879,0.20414164783820007,0.0015346938744187355,0.00011658761650323868,,,,,
heart_disease_va_long_beach,14,2,45,60,Dummy,134,66,13,25,0.7424242424242424,0.5,0.5,0.0,0.0003049764782190323,0.0001957770437002182,,,,,
heart_disease_va_long_beach,15,0,46,60,RFR,133,67,13,25,0.7611940298507462,0.5294117647058824,0.6676470588235295,0.21110016546037452,0.0017881514504551888,0.00011532846838235855,2,2,1.0,2,1.0
heart_disease_va_long_beach,15,0,46,60,GPR,133,67,13,25,0.7611940298507462,0.5682352941176471,0.5682352941176471,0.2259787902928925,0.8382453480735421,9.223911911249161e-05,4,10,2.5,10,2.5
heart_disease_va_long_beach,15,0,46,60,FIGS,133,67,13,25,0.7313432835820896,0.548235294117647,0.6288235294117648,0.13723969503593855,0.196308015845716,0.00023380853235721588,,,,,
heart_disease_va_long_beach,15,0,46,60,HSTree,133,67,13,25,0.746268656716418,0.5776470588235294,0.5858823529411764,0.20839796272372196,0.0014386242255568504,0.00011787842959165573,,,,,
heart_disease_va_long_beach,15,0,46,60,GreedyRuleList,133,67,13,25,0.7611940298507462,0.5294117647058824,0.6141176470588235,0.21110016546037452,0.001248156651854515,0.00013131927698850632,,,,,
heart_disease_va_long_beach,15,0,46,60,Dummy,133,67,13,25,0.746268656716418,0.5,0.5,0.0,0.00031669624149799347,0.00019147805869579315,,,,,
heart_disease_va_long_beach,15,1,47,60,RFR,133,67,13,25,0.746268656716418,0.5388235294117647,0.6264705882352941,0.14260481918147616,0.0018729288130998611,0.00011280924081802368,2,2,1.0,2,1.0
heart_disease_va_long_beach,15,1,47,60,GPR,133,67,13,25,0.746268656716418,0.5388235294117647,0.5388235294117647,0.14260481918147616,0.8099531643092632,9.363889694213867e-05,4,10,2.5,10,2.5
heart_disease_va_long_beach,15,1,47,60,FIGS,133,67,13,25,0.7313432835820896,0.6258823529411764,0.6135294117647059,0.26281915167215497,0.20598171092569828,0.00045207515358924866,,,,,
heart_disease_va_long_beach,15,1,47,60,HSTree,133,67,13,25,0.7611940298507462,0.6458823529411765,0.7341176470588234,0.3210507301173218,0.0014390042051672935,0.0001137787476181984,,,,,
heart_disease_va_long_beach,15,1,47,60,GreedyRuleList,133,67,13,25,0.746268656716418,0.5388235294117647,0.5388235294117647,0.14260481918147616,0.0012433873489499092,0.00011996831744909286,,,,,
heart_disease_va_long_beach,15,1,47,60,Dummy,133,67,13,25,0.746268656716418,0.5,0.5,0.0,0.0003276774659752846,0.00019357725977897644,,,,,
heart_disease_va_long_beach,15,2,48,60,RFR,134,66,13,25,0.7727272727272727,0.578031212484994,0.6398559423769508,0.28601908382993096,0.0019225794821977615,0.00011737924069166183,2,2,1.0,2,1.0
heart_disease_va_long_beach,15,2,48,60,GPR,134,66,13,25,0.7727272727272727,0.5588235294117647,0.5588235294117647,0.3001225239993905,0.9976549036800861,0.000104549340903759,6,19,3.1666666666666665,20,3.3333333333333335
heart_disease_va_long_beach,15,2,48,60,FIGS,134,66,13,25,0.7272727272727273,0.5666266506602641,0.5876350540216086,0.16980160678228368,0.20686997193843126,0.0006059529259800911,,,,,
heart_disease_va_long_beach,15,2,48,60,HSTree,134,66,13,25,0.7272727272727273,0.6050420168067226,0.6380552220888357,0.23099678584068448,0.0014802748337388039,0.00012703798711299896,,,,,
heart_disease_va_long_beach,15,2,48,60,GreedyRuleList,134,66,13,25,0.7575757575757576,0.5486194477791116,0.49879951980792314,0.20414164783820007,0.001884150318801403,0.00013020820915699005,,,,,
heart_disease_va_long_beach,15,2,48,60,Dummy,134,66,13,25,0.7424242424242424,0.5,0.5,0.0,0.00030945707112550735,0.00019031763076782227,,,,,
heart_disease_va_long_beach,16,0,49,60,RFR,133,67,13,25,0.7164179104477612,0.5188235294117647,0.5188235294117647,0.05737199775715834,0.0022175870835781097,0.00010883808135986328,1,1,1.0,1,1.0
heart_disease_va_long_beach,16,0,49,60,GPR,133,67,13,25,0.7164179104477612,0.5188235294117647,0.5188235294117647,0.05737199775715834,0.7869663443416357,9.60594043135643e-05,4,16,4.0,16,4.0
heart_disease_va_long_beach,16,0,49,60,FIGS,133,67,13,25,0.6268656716417911,0.5170588235294118,0.5311764705882352,0.03349301488596979,0.20324465073645115,0.0004564151167869568,,,,,
heart_disease_va_long_beach,16,0,49,60,HSTree,133,67,13,25,0.6716417910447762,0.5664705882352942,0.6376470588235295,0.13294117647058823,0.0015050237998366356,0.00011503882706165314,,,,,
heart_disease_va_long_beach,16,0,49,60,GreedyRuleList,133,67,13,25,0.7313432835820896,0.5288235294117647,0.5376470588235294,0.09545655796854942,0.001267136074602604,0.00011988915503025055,,,,,
heart_disease_va_long_beach,16,0,49,60,Dummy,133,67,13,25,0.746268656716418,0.5,0.5,0.0,0.000310337170958519,0.00019167736172676086,,,,,
heart_disease_va_long_beach,16,1,50,60,RFR,133,67,13,25,0.7164179104477612,0.48,0.42941176470588227,-0.10228166239135175,0.002000289037823677,0.00010739825665950775,2,3,1.5,3,1.5
heart_disease_va_long_beach,16,1,50,60,GPR,133,67,13,25,0.6865671641791045,0.47941176470588237,0.47941176470588237,-0.06275062254689193,0.7900195317342877,9.813904762268066e-05,4,15,3.75,15,3.75
heart_disease_va_long_beach,16,1,50,60,FIGS,133,67,13,25,0.6716417910447762,0.6441176470588235,0.651764705882353,0.25933550077223194,0.20433575846254826,0.0004501044750213623,,,,,
heart_disease_va_long_beach,16,1,50,60,HSTree,133,67,13,25,0.6567164179104478,0.5758823529411765,0.6611764705882353,0.14431661063485177,0.001390734687447548,0.00011447910219430923,,,,,
heart_disease_va_long_beach,16,1,50,60,GreedyRuleList,133,67,13,25,0.7313432835820896,0.49,0.6094117647058823,-0.07177405625652734,0.0019458886235952377,0.000147269107401371,,,,,
heart_disease_va_long_beach,16,1,50,60,Dummy,133,67,13,25,0.746268656716418,0.5,0.5,0.0,0.0003026863560080528,0.00019741803407669067,,,,,
heart_disease_va_long_beach,16,2,51,60,RFR,134,66,13,25,0.7727272727272727,0.5588235294117647,0.5762304921968787,0.3001225239993905,0.0018842387944459915,0.00010725948959589005,2,2,1.0,2,1.0
heart_disease_va_long_beach,16,2,51,60,GPR,134,66,13,25,0.7878787878787878,0.6074429771908764,0.6074429771908764,0.3551244798350902,0.9835307179018855,9.834859520196915e-05,6,14,2.3333333333333335,15,2.5
heart_disease_va_long_beach,16,2,51,60,FIGS,134,66,13,25,0.7272727272727273,0.6050420168067226,0.6284513805522209,0.23099678584068448,0.1965429438278079,0.0002682069316506386,,,,,
heart_disease_va_long_beach,16,2,51,60,HSTree,134,66,13,25,0.7121212121212122,0.556422569027611,0.5012004801920769,0.13762943892666793,0.0014068353921175003,0.00011440925300121307,,,,,
heart_disease_va_long_beach,16,2,51,60,GreedyRuleList,134,66,13,25,0.7121212121212122,0.47959183673469385,0.54921968787515,-0.10412414097938037,0.001851019449532032,0.00012769736349582672,,,,,
heart_disease_va_long_beach,16,2,51,60,Dummy,134,66,13,25,0.7424242424242424,0.5,0.5,0.0,0.0003176974132657051,0.00018881820142269135,,,,,
heart_disease_va_long_beach,17,0,52,60,RFR,133,67,13,25,0.7611940298507462,0.5682352941176471,0.7152941176470589,0.2259787902928925,0.001972268335521221,0.00011476781219244003,2,2,1.0,2,1.0
heart_disease_va_long_beach,17,0,52,60,GPR,133,67,13,25,0.7910447761194029,0.6464705882352941,0.6464705882352941,0.3738131997621673,0.7926063751801848,9.511969983577728e-05,4,11,2.75,11,2.75
heart_disease_va_long_beach,17,0,52,60,FIGS,133,67,13,25,0.6716417910447762,0.6247058823529412,0.5741176470588235,0.228578901794328,0.2066368656232953,0.000505814328789711,,,,,
heart_disease_va_long_beach,17,0,52,60,HSTree,133,67,13,25,0.6567164179104478,0.5952941176470588,0.6111764705882353,0.1765988838452867,0.0013835346326231956,0.00011348910629749298,,,,,
heart_disease_va_long_beach,17,0,52,60,GreedyRuleList,133,67,13,25,0.7014925373134329,0.6058823529411765,0.5905882352941176,0.21176470588235294,0.0021753553301095963,0.00014834851026535034,,,,,
heart_disease_va_long_beach,17,0,52,60,Dummy,133,67,13,25,0.746268656716418,0.5,0.5,0.0,0.00031531695276498795,0.00019073765724897385,,,,,
heart_disease_va_long_beach,17,1,53,60,RFR,133,67,13,25,0.746268656716418,0.5194117647058824,0.5194117647058824,0.09927337820337083,0.001824970357120037,0.00011494942009449005,1,1,1.0,1,1.0
heart_disease_va_long_beach,17,1,53,60,GPR,133,67,13,25,0.746268656716418,0.5194117647058824,0.5194117647058824,0.09927337820337083,0.9919911008328199,0.00010753888636827469,6,14,2.3333333333333335,15,2.5
heart_disease_va_long_beach,17,1,53,60,FIGS,133,67,13,25,0.7313432835820896,0.548235294117647,0.6964705882352941,0.13723969503593855,0.21228063479065895,0.0006198734045028687,,,,,
heart_disease_va_long_beach,17,1,53,60,HSTree,133,67,13,25,0.7761194029850746,0.6170588235294118,0.5935294117647059,0.3141757165304596,0.001516963355243206,0.00011475849896669388,,,,,
heart_disease_va_long_beach,17,1,53,60,GreedyRuleList,133,67,13,25,0.7611940298507462,0.5294117647058824,0.5388235294117647,0.21110016546037452,0.0018356507644057274,0.00011660903692245483,,,,,
heart_disease_va_long_beach,17,1,53,60,Dummy,133,67,13,25,0.746268656716418,0.5,0.5,0.0,0.00032031629234552383,0.00019428785890340805,,,,,
heart_disease_va_long_beach,17,2,54,60,RFR,134,66,13,25,0.696969696969697,0.5270108043217286,0.5510204081632653,0.06883848923606095,0.001983548514544964,0.00011573731899261475,2,2,1.0,2,1.0
heart_disease_va_long_beach,17,2,54,60,GPR,134,66,13,25,0.7121212121212122,0.556422569027611,0.556422569027611,0.13762943892666793,1.0032931296154857,9.863916784524918e-05,6,16,2.6666666666666665,16,2.6666666666666665
heart_disease_va_long_beach,17,2,54,60,FIGS,134,66,13,25,0.7121212121212122,0.5948379351740697,0.6278511404561826,0.20289385628011763,0.20501562301069498,0.0004344647750258446,,,,,
heart_disease_va_long_beach,17,2,54,60,HSTree,134,66,13,25,0.6666666666666666,0.5450180072028812,0.6380552220888355,0.09395243602940292,0.0014470955356955528,0.00012041907757520676,,,,,
heart_disease_va_long_beach,17,2,54,60,GreedyRuleList,134,66,13,25,0.7121212121212122,0.4987995198079232,0.4987995198079232,-0.004400293597383553,0.0009179301559925079,0.00012321863323450089,,,,,
heart_disease_va_long_beach,17,2,54,60,Dummy,134,66,13,25,0.7424242424242424,0.5,0.5,0.0,0.00031410716474056244,0.00019196700304746628,,,,,
heart_disease_va_long_beach,18,0,55,60,RFR,133,67,13,25,0.746268656716418,0.558235294117647,0.558235294117647,0.1774946180612086,0.0017847707495093346,0.00011472869664430618,1,1,1.0,1,1.0
heart_disease_va_long_beach,18,0,55,60,GPR,133,67,13,25,0.7611940298507462,0.5682352941176471,0.5682352941176471,0.2259787902928925,0.7755412729457021,9.358860552310944e-05,4,10,2.5,10,2.5
heart_disease_va_long_beach,18,0,55,60,FIGS,133,67,13,25,0.7164179104477612,0.538235294117647,0.68,0.1026202089169843,0.19698090013116598,0.000424996018409729,,,,,
heart_disease_va_long_beach,18,0,55,60,HSTree,133,67,13,25,0.7313432835820896,0.5870588235294117,0.6641176470588235,0.20453229734442938,0.0014923540875315666,0.00012193899601697922,,,,,
heart_disease_va_long_beach,18,0,55,60,GreedyRuleList,133,67,13,25,0.7611940298507462,0.5682352941176471,0.5764705882352941,0.2259787902928925,0.0015669725835323334,0.00011873804032802582,,,,,
heart_disease_va_long_beach,18,0,55,60,Dummy,133,67,13,25,0.746268656716418,0.5,0.5,0.0,0.00032738596200942993,0.00019177794456481934,,,,,
heart_disease_va_long_beach,18,1,56,60,RFR,133,67,13,25,0.7313432835820896,0.5094117647058823,0.4811764705882353,0.03960590171906697,0.0018184008076786995,0.00011727865785360336,2,3,1.5,3,1.5
heart_disease_va_long_beach,18,1,56,60,GPR,133,67,13,25,0.7164179104477612,0.49941176470588233,0.49941176470588233,-0.0021606790785072146,1.0032205833122134,0.0001098383218050003,6,19,3.1666666666666665,20,3.3333333333333335
heart_disease_va_long_beach,18,1,56,60,FIGS,133,67,13,25,0.6268656716417911,0.49764705882352944,0.548235294117647,-0.004802921064280741,0.20143248327076435,0.00046228524297475815,,,,,
heart_disease_va_long_beach,18,1,56,60,HSTree,133,67,13,25,0.6417910447761194,0.5076470588235295,0.53,0.01596564940064493,0.0014571147039532661,0.00011651776731014252,,,,,
heart_disease_va_long_beach,18,1,56,60,GreedyRuleList,133,67,13,25,0.7313432835820896,0.49,0.5088235294117647,-0.07177405625652734,0.0012332266196608543,0.00012038927525281906,,,,,
heart_disease_va_long_beach,18,1,56,60,Dummy,133,67,13,25,0.746268656716418,0.5,0.5,0.0,0.00031286757439374924,0.0001888275146484375,,,,,
heart_disease_va_long_beach,18,2,57,60,RFR,134,66,13,25,0.6818181818181818,0.45918367346938777,0.36614645858343337,-0.1496099823110408,0.0018373699858784676,0.00010765902698040009,2,3,1.5,3,1.5
heart_disease_va_long_beach,18,2,57,60,GPR,134,66,13,25,0.7272727272727273,0.5282112845138055,0.5282112845138055,0.09324497515223039,0.8680903390049934,9.344890713691711e-05,5,8,1.6,8,1.6
heart_disease_va_long_beach,18,2,57,60,FIGS,134,66,13,25,0.6666666666666666,0.5450180072028812,0.5090036014405762,0.09395243602940292,0.2074700566008687,0.00044019613415002823,,,,,
heart_disease_va_long_beach,18,2,57,60,HSTree,134,66,13,25,0.6515151515151515,0.5348139255702281,0.4789915966386555,0.07104941384475366,0.0014123544096946716,0.0001148981973528862,,,,,
heart_disease_va_long_beach,18,2,57,60,GreedyRuleList,134,66,13,25,0.7272727272727273,0.5282112845138055,0.5282112845138055,0.09324497515223039,0.0009195199236273766,0.00012246984988451004,,,,,
heart_disease_va_long_beach,18,2,57,60,Dummy,134,66,13,25,0.7424242424242424,0.5,0.5,0.0,0.0003089671954512596,0.00019158795475959778,,,,,
heart_disease_va_long_beach,19,0,58,60,RFR,133,67,13,25,0.7761194029850746,0.5588235294117647,0.6405882352941177,0.3008284187980934,0.001798710785806179,0.00011542905122041702,2,2,1.0,2,1.0
heart_disease_va_long_beach,19,0,58,60,GPR,133,67,13,25,0.7611940298507462,0.5488235294117647,0.5488235294117647,0.20545561516765992,0.8788643451407552,9.82675701379776e-05,5,13,2.6,14,2.8
heart_disease_va_long_beach,19,0,58,60,FIGS,133,67,13,25,0.746268656716418,0.5970588235294118,0.5747058823529412,0.2370484137563386,0.21052447520196438,0.0005531636998057365,,,,,
heart_disease_va_long_beach,19,0,58,60,HSTree,133,67,13,25,0.7611940298507462,0.6264705882352941,0.6170588235294117,0.29712462114224536,0.001476823352277279,0.00011890940368175507,,,,,
heart_disease_va_long_beach,19,0,58,60,GreedyRuleList,133,67,13,25,0.746268656716418,0.5388235294117647,0.5388235294117647,0.14260481918147616,0.001234937459230423,0.00011787749826908112,,,,,
heart_disease_va_long_beach,19,0,58,60,Dummy,133,67,13,25,0.746268656716418,0.5,0.5,0.0,0.00031637679785490036,0.00019206758588552475,,,,,
heart_disease_va_long_beach,19,1,59,60,RFR,133,67,13,25,0.7014925373134329,0.528235294117647,0.5282352941176471,0.07206037585776719,0.001775951124727726,0.00011498946696519852,1,2,2.0,2,2.0
heart_disease_va_long_beach,19,1,59,60,GPR,133,67,13,25,0.7313432835820896,0.548235294117647,0.5482352941176472,0.13723969503593855,1.0036769025027752,0.00010647904127836227,6,23,3.8333333333333335,23,3.8333333333333335
heart_disease_va_long_beach,19,1,59,60,FIGS,133,67,13,25,0.746268656716418,0.5970588235294118,0.6611764705882354,0.2370484137563386,0.19850924517959356,0.000575813464820385,,,,,
heart_disease_va_long_beach,19,1,59,60,HSTree,133,67,13,25,0.6716417910447762,0.5276470588235294,0.46117647058823524,0.060844291594815025,0.001386134885251522,0.00011777877807617188,,,,,
heart_disease_va_long_beach,19,1,59,60,GreedyRuleList,133,67,13,25,0.7164179104477612,0.49941176470588233,0.6029411764705883,-0.0021606790785072146,0.0018873093649744987,0.0001314990222454071,,,,,
heart_disease_va_long_beach,19,1,59,60,Dummy,133,67,13,25,0.746268656716418,0.5,0.5,0.0,0.00030809640884399414,0.0001909574493765831,,,,,
heart_disease_va_long_beach,19,2,60,60,RFR,134,66,13,25,0.7272727272727273,0.5282112845138055,0.6884753901560625,0.09324497515223039,0.0019950391724705696,0.00011630915105342865,2,2,1.0,2,1.0
heart_disease_va_long_beach,19,2,60,60,GPR,134,66,13,25,0.7272727272727273,0.5282112845138055,0.5282112845138055,0.09324497515223039,0.7902880907058716,9.054969996213913e-05,4,6,1.5,6,1.5
heart_disease_va_long_beach,19,2,60,60,FIGS,134,66,13,25,0.696969696969697,0.5846338535414166,0.5426170468187275,0.17663057973527752,0.1945305373519659,0.0004567950963973999,,,,,
heart_disease_va_long_beach,19,2,60,60,HSTree,134,66,13,25,0.6515151515151515,0.5540216086434574,0.5468187274909964,0.10608723674750081,0.0014608046039938927,0.00011840835213661194,,,,,
heart_disease_va_long_beach,19,2,60,60,GreedyRuleList,134,66,13,25,0.7121212121212122,0.4987995198079232,0.47118847539015607,-0.004400293597383553,0.0012540658935904503,0.00011959858238697052,,,,,
heart_disease_va_long_beach,19,2,60,60,Dummy,134,66,13,25,0.7424242424242424,0.5,0.5,0.0,0.0003081774339079857,0.00018863752484321594,,,,,
heloc,0,0,1,9,RFR,6972,3487,23,23,0.68655004301692,0.685731095539134,0.7217187881105098,0.3716392369801567,0.009605386294424534,0.0003147665411233902,1,2,2.0,2,2.0
heloc,0,0,1,9,GPR,6972,3487,23,23,0.687983940349871,0.6874072987600282,0.6874072987600283,0.3747959442904922,1.0370939755812287,0.00020389724522829056,1,1,1.0,2,2.0
heloc,0,0,1,9,FIGS,6972,3487,23,23,0.7066246056782335,0.7034741952708359,0.7705709407569036,0.4119614983277479,0.6386429825797677,0.017066307365894318,,,,,
heloc,0,0,1,9,HSTree,6972,3487,23,23,0.698594780613708,0.6958575317903453,0.7592645207222292,0.39534144015632683,0.025656444020569324,0.0009911386296153069,,,,,
heloc,0,0,1,9,GreedyRuleList,6972,3487,23,23,0.6899913966160023,0.6863550366849707,0.7294043389124373,0.378683049685107,0.01604144647717476,0.003493783064186573,,,,,
heloc,0,0,1,9,Dummy,6972,3487,23,23,0.5219386291941497,0.5,0.5,0.0,0.0010426482185721397,0.00020439829677343369,,,,,
heloc,0,1,2,9,RFR,6973,3486,23,23,0.6758462421113024,0.6800120048019207,0.7473022175903329,0.3651586400327434,0.012908500619232655,0.0003169858828186989,1,2,2.0,2,2.0
heloc,0,1,2,9,GPR,6973,3486,23,23,0.7082616179001722,0.7065102964262628,0.7065102964262628,0.41459403747058887,1.026243794709444,0.0002016071230173111,1,1,1.0,2,2.0
heloc,0,1,2,9,FIGS,6973,3486,23,23,0.7237521514629949,0.7216755933142488,0.7885177697452608,0.4458040998292803,0.5338693894445896,0.012951290234923363,,,,,
heloc,0,1,2,9,HSTree,6973,3486,23,23,0.714859437751004,0.7105688429217841,0.7696969447119507,0.4305937796337221,0.024656624533236027,0.000985199585556984,,,,,
heloc,0,1,2,9,GreedyRuleList,6973,3486,23,23,0.7108433734939759,0.7061640040631637,0.7553304288748466,0.42327964096216747,0.015256635844707489,0.003514711745083332,,,,,
heloc,0,1,2,9,Dummy,6973,3486,23,23,0.5220883534136547,0.5,0.5,0.0,0.000406825914978981,0.0001952173188328743,,,,,
heloc,0,2,3,9,RFR,6973,3486,23,23,0.6658060814687321,0.6658587468872361,0.6870507701648236,0.3314260653616863,0.01372507307678461,0.00032045599073171616,1,2,2.0,2,2.0
heloc,0,2,3,9,GPR,6973,3486,23,23,0.6976477337923122,0.6956932967447192,0.6956932967447192,0.39325990923515425,1.0409179087728262,0.0001998981460928917,1,1,1.0,2,2.0
heloc,0,2,3,9,FIGS,6973,3486,23,23,0.7188755020080321,0.7166607360221193,0.7870516605859698,0.43608601585469886,0.5617748405784369,0.012637553736567497,,,,,
heloc,0,2,3,9,HSTree,6973,3486,23,23,0.7016637980493402,0.6989149723656148,0.7621183844594466,0.4016040332139358,0.024161039851605892,0.000990220345556736,,,,,
heloc,0,2,3,9,GreedyRuleList,6973,3486,23,23,0.6965002868617326,0.691987166063214,0.7369168277394549,0.3935881524515302,0.015099787153303623,0.003414892591536045,,,,,
heloc,0,2,3,9,Dummy,6973,3486,23,23,0.5218014916810098,0.5,0.5,0.0,0.00038725603371858597,0.00020463764667510986,,,,,
heloc,1,0,4,9,RFR,6972,3487,23,23,0.6661887008890164,0.6658473799745546,0.6893483391233841,0.3315256495357862,0.013303637504577637,0.00032732728868722916,1,2,2.0,2,2.0
heloc,1,0,4,9,GPR,6972,3487,23,23,0.6934327502150845,0.6913915568534645,0.6913915568534645,0.3847422864634196,1.0402460470795631,0.00020282622426748276,1,1,1.0,2,2.0
heloc,1,0,4,9,FIGS,6972,3487,23,23,0.7143676512761686,0.7116482198065881,0.782061280051682,0.4272507621707141,0.5609972300007939,0.012310396879911423,,,,,
heloc,1,0,4,9,HSTree,6972,3487,23,23,0.7114998566102667,0.7093296175929649,0.7666137102249879,0.4211631676624029,0.023839334025979042,0.001021399162709713,,,,,
heloc,1,0,4,9,GreedyRuleList,6972,3487,23,23,0.695440206481216,0.6908435895238534,0.7405446383250822,0.3914724832892246,0.014637703076004982,0.0035123322159051895,,,,,
heloc,1,0,4,9,Dummy,6972,3487,23,23,0.5219386291941497,0.5,0.5,0.0,0.0003964751958847046,0.00019738823175430298,,,,,
heloc,1,1,5,9,RFR,6973,3486,23,23,0.6606425702811245,0.6584172130390618,0.6821431869451078,0.3186296551594162,0.012942821718752384,0.00031337514519691467,1,2,2.0,2,2.0
heloc,1,1,5,9,GPR,6973,3486,23,23,0.6996557659208261,0.6964909040539293,0.6964909040539291,0.3977640551753201,1.0720970965921879,0.00021458789706230164,1,4,4.0,5,5.0
heloc,1,1,5,9,FIGS,6973,3486,23,23,0.7162937464142284,0.7148628682242127,0.7778077714602326,0.4308202615337215,0.6085513485595584,0.012727064080536366,,,,,
heloc,1,1,5,9,HSTree,6973,3486,23,23,0.7076878944348823,0.7050212392649366,0.7639066065986834,0.4136484876517356,0.024779662489891052,0.0009914292022585869,,,,,
heloc,1,1,5,9,GreedyRuleList,6973,3486,23,23,0.6933448078026391,0.6885423400129282,0.7382893816867406,0.3874817415205785,0.014292865991592407,0.003319673240184784,,,,,
heloc,1,1,5,9,Dummy,6973,3486,23,23,0.5220883534136547,0.5,0.5,0.0,0.000546744093298912,0.00020519830286502838,,,,,
heloc,1,2,6,9,RFR,6973,3486,23,23,0.6962134251290878,0.694494361160753,0.7382546030650934,0.3904148870568594,0.013367695733904839,0.00030226726084947586,1,2,2.0,2,2.0
heloc,1,2,6,9,GPR,6973,3486,23,23,0.7056798623063684,0.7036905977792897,0.7036905977792898,0.409433593369031,1.0061820968985558,0.00020227860659360886,1,1,1.0,2,2.0
heloc,1,2,6,9,FIGS,6973,3486,23,23,0.7157200229489387,0.7128601217634427,0.7782389646314828,0.4301654154519632,0.5201458912342787,0.013067499734461308,,,,,
heloc,1,2,6,9,HSTree,6973,3486,23,23,0.6996557659208261,0.6952865061951876,0.7631074115028561,0.39976659935764675,0.02397383190691471,0.0009911591187119484,,,,,
heloc,1,2,6,9,GreedyRuleList,6973,3486,23,23,0.7028112449799196,0.6992625663982102,0.7378149988473993,0.40476840400617253,0.014521553181111813,0.0034289034083485603,,,,,
heloc,1,2,6,9,Dummy,6973,3486,23,23,0.5218014916810098,0.5,0.5,0.0,0.0004199352115392685,0.00019645784050226212,,,,,
heloc,2,0,7,9,RFR,6972,3487,23,23,0.6647548035560654,0.6650789072954639,0.6899551408399638,0.32983986285180295,0.010162540711462498,0.0006803330034017563,1,2,2.0,2,2.0
heloc,2,0,7,9,GPR,6972,3487,23,23,0.6965873243475768,0.6946656822481658,0.6946656822481658,0.39110493218362563,1.036521652713418,0.00020375847816467285,1,1,1.0,2,2.0
heloc,2,0,7,9,FIGS,6972,3487,23,23,0.7246917120734155,0.7216896181203319,0.7818076494591192,0.44846364722758786,0.6327519221231341,0.016637301072478294,,,,,
heloc,2,0,7,9,HSTree,6972,3487,23,23,0.7040435904789217,0.7021867604501077,0.7627392103996784,0.40611809539553145,0.0229049539193511,0.0009807897731661797,,,,,
heloc,2,0,7,9,GreedyRuleList,6972,3487,23,23,0.6980212216805277,0.694475994910908,0.7139266102823392,0.39493176798669954,0.011493026278913021,0.0028083203360438347,,,,,
heloc,2,0,7,9,Dummy,6972,3487,23,23,0.5219386291941497,0.5,0.5,0.0,0.00039533618837594986,0.0001962585374712944,,,,,
heloc,2,1,8,9,RFR,6973,3486,23,23,0.6930579460699943,0.6925339366515837,0.7398770497209872,0.38501149934975865,0.010185460560023785,0.0003015371039509773,1,2,2.0,2,2.0
heloc,2,1,8,9,GPR,6973,3486,23,23,0.6985083189902467,0.6983124018838305,0.6983124018838304,0.3963756537484546,1.0064876675605774,0.00021194759756326675,1,1,1.0,2,2.0
heloc,2,1,8,9,FIGS,6973,3486,23,23,0.7177280550774526,0.7154238618524333,0.7834460707359868,0.4337394999657164,0.5383170386776328,0.012812063097953796,,,,,
heloc,2,1,8,9,HSTree,6973,3486,23,23,0.7019506597819851,0.7010758149413612,0.7632047874094693,0.40242187144640085,0.023676754906773567,0.00099193025380373,,,,,
heloc,2,1,8,9,GreedyRuleList,6973,3486,23,23,0.6982214572576019,0.6935174069627852,0.7405460535862697,0.39731464719729376,0.015482762828469276,0.0034808022901415825,,,,,
heloc,2,1,8,9,Dummy,6973,3486,23,23,0.5220883534136547,0.5,0.5,0.0,0.0003986945375800133,0.00019429810345172882,,,,,
heloc,2,2,9,9,RFR,6973,3486,23,23,0.6646586345381527,0.6685438613211937,0.7280483980169332,0.3413613497983774,0.012710493989288807,0.0003037368878722191,1,2,2.0,2,2.0
heloc,2,2,9,9,GPR,6973,3486,23,23,0.697934595524957,0.6956172811616896,0.6956172811616894,0.3938703987413239,1.0218529039993882,0.00020629819482564926,1,1,1.0,2,2.0
heloc,2,2,9,9,FIGS,6973,3486,23,23,0.7076878944348823,0.7059656238076188,0.778023779521171,0.4134876843259283,0.5901170102879405,0.016121755354106426,,,,,
heloc,2,2,9,9,HSTree,6973,3486,23,23,0.7082616179001722,0.7063399304745978,0.7682090299916927,0.414629486205795,0.023532886989414692,0.0009881295263767242,,,,,
heloc,2,2,9,9,GreedyRuleList,6973,3486,23,23,0.7002294893861158,0.6953851120924798,0.7424987789687802,0.40207491228899783,0.01456301286816597,0.0034280335530638695,,,,,
heloc,2,2,9,9,Dummy,6973,3486,23,23,0.5218014916810098,0.5,0.5,0.0,0.0004012966528534889,0.00019760802388191223,,,,,
hiva_agnostic,0,0,1,9,RFR,2563,1282,1518,3036,0.9648985959438378,0.5,0.5,0.0,0.03135034255683422,0.009711045771837234,1,2,2.0,2,2.0
hiva_agnostic,0,0,1,9,GPR,2563,1282,1518,3036,0.9609984399375975,0.5300997035839397,0.5300997035839397,0.12011969015434332,1.176213419996202,0.041469004936516285,1,6,6.0,6,6.0
hiva_agnostic,0,0,1,9,FIGS,2563,1282,1518,3036,0.9609984399375975,0.6264618701158717,0.6445971436270547,0.3130445647887702,1.1013775654137135,0.006090634502470493,,,,,
hiva_agnostic,0,0,1,9,HSTree,2563,1282,1518,3036,0.9633385335413417,0.6169675738794574,0.6365400161681487,0.317643990176294,0.16877962835133076,0.002633071504533291,,,,,
hiva_agnostic,0,0,1,9,GreedyRuleList,2563,1282,1518,3036,0.9641185647425897,0.585251055420821,0.6830683553399803,0.27431600243718735,0.21235473919659853,0.004798158071935177,,,,,
hiva_agnostic,0,0,1,9,Dummy,2563,1282,1518,3036,0.9648985959438378,0.5,0.5,0.0,0.0005497243255376816,0.0002010175958275795,,,,,
hiva_agnostic,0,1,2,9,RFR,2563,1282,1518,3036,0.9625585023400937,0.4987873888439774,0.4987873888439774,-0.009237336450968699,0.030297843739390373,0.009597077034413815,1,1,1.0,1,1.0
hiva_agnostic,0,1,2,9,GPR,2563,1282,1518,3036,0.9656786271450858,0.5432318332884218,0.5432318332884217,0.21593380748260008,1.2226266954094172,0.04029344767332077,1,4,4.0,5,5.0
hiva_agnostic,0,1,2,9,FIGS,2563,1282,1518,3036,0.9633385335413417,0.552726129524836,0.6116859786221145,0.20153687076315904,1.150585680268705,0.006899465806782246,,,,,
hiva_agnostic,0,1,2,9,HSTree,2563,1282,1518,3036,0.9625585023400937,0.5844426479834726,0.6815772927333152,0.25721984383738117,0.25986601132899523,0.0026543010026216507,,,,,
hiva_agnostic,0,1,2,9,GreedyRuleList,2563,1282,1518,3036,0.9648985959438378,0.5107069073924368,0.6640528159525735,0.09985393086507341,0.21798171009868383,0.004458232782781124,,,,,
hiva_agnostic,0,1,2,9,Dummy,2563,1282,1518,3036,0.9648985959438378,0.5,0.5,0.0,0.0005500940605998039,0.00019547808915376663,,,,,
hiva_agnostic,0,2,3,9,RFR,2564,1281,1518,3036,0.9633099141295862,0.5098975188781014,0.5098975188781014,0.0653200310356531,0.029905319213867188,0.00924106128513813,1,2,2.0,2,2.0
hiva_agnostic,0,2,3,9,GPR,2564,1281,1518,3036,0.9648711943793911,0.521413160733549,0.521413160733549,0.14131908621882444,1.3136016735807061,0.04063372407108545,1,2,2.0,2,2.0
hiva_agnostic,0,2,3,9,FIGS,2564,1281,1518,3036,0.9640905542544886,0.5638349514563107,0.6485077310320029,0.23451612926641774,1.1571480128914118,0.00679851695895195,,,,,
hiva_agnostic,0,2,3,9,HSTree,2564,1281,1518,3036,0.9640905542544886,0.5852481121898597,0.56596548004315,0.27430407575710264,0.20839997380971909,0.0026684310287237167,,,,,
hiva_agnostic,0,2,3,9,GreedyRuleList,2564,1281,1518,3036,0.9664324746291959,0.5543419633225458,0.6437162891046386,0.25399292391253997,0.22384186834096909,0.004349554888904095,,,,,
hiva_agnostic,0,2,3,9,Dummy,2564,1281,1518,3036,0.9648711943793911,0.5,0.5,0.0,0.0005491133779287338,0.00020435824990272522,,,,,
hiva_agnostic,1,0,4,9,RFR,2563,1282,1518,3036,0.9641185647425897,0.4995957962813258,0.4995957962813258,-0.005329013766999231,0.031034897081553936,0.009651266038417816,1,2,2.0,2,2.0
hiva_agnostic,1,0,4,9,GPR,2563,1282,1518,3036,0.9602184087363494,0.4975747776879547,0.4975747776879547,-0.013078914330550874,1.3041060389950871,0.040982010774314404,2,5,2.5,5,2.5
hiva_agnostic,1,0,4,9,FIGS,2563,1282,1518,3036,0.9656786271450858,0.6074732776430432,0.6652205155842988,0.3273731976932524,1.1095340782776475,0.006441120989620686,,,,,
hiva_agnostic,1,0,4,9,HSTree,2563,1282,1518,3036,0.9617784711388455,0.5947453516572353,0.6585915745980419,0.2685235631904458,0.17442352883517742,0.00266147218644619,,,,,
hiva_agnostic,1,0,4,9,GreedyRuleList,2563,1282,1518,3036,0.9641185647425897,0.5531303332435102,0.6662444983382736,0.21202863839538666,0.22537770215421915,0.004407911561429501,,,,,
hiva_agnostic,1,0,4,9,Dummy,2563,1282,1518,3036,0.9648985959438378,0.5,0.5,0.0,0.000548163428902626,0.00019726809114217758,,,,,
hiva_agnostic,1,1,5,9,RFR,2563,1282,1518,3036,0.9617784711388455,0.5519177220874877,0.5519177220874877,0.18387093610205574,0.03029781486839056,0.009423878975212574,2,3,1.5,3,1.5
hiva_agnostic,1,1,5,9,GPR,2563,1282,1518,3036,0.9633385335413417,0.5098984999550885,0.5098984999550884,0.06532735358314037,1.2044056318700314,0.0417227428406477,1,3,3.0,4,4.0
hiva_agnostic,1,1,5,9,FIGS,2563,1282,1518,3036,0.9602184087363494,0.5511093146501392,0.6496901104823498,0.16945106999474205,1.1690211417153478,0.006287693046033382,,,,,
hiva_agnostic,1,1,5,9,HSTree,2563,1282,1518,3036,0.9578783151326054,0.5927243330638642,0.6312763855205246,0.23769009030699464,0.23642405401915312,0.002662030979990959,,,,,
hiva_agnostic,1,1,5,9,GreedyRuleList,2563,1282,1518,3036,0.9648985959438378,0.5428276295697476,0.6163657594538758,0.20017757902752534,0.22496320772916079,0.004478022456169128,,,,,
hiva_agnostic,1,1,5,9,Dummy,2563,1282,1518,3036,0.9648985959438378,0.5,0.5,0.0,0.0005510840564966202,0.00019811838865280151,,,,,
hiva_agnostic,1,2,6,9,RFR,2564,1281,1518,3036,0.9640905542544886,0.510302049622438,0.510302049622438,0.07847712260732453,0.030389844439923763,0.009359999559819698,1,2,2.0,2,2.0
hiva_agnostic,1,2,6,9,GPR,2564,1281,1518,3036,0.9656518345042935,0.5111111111111111,0.5111111111111111,0.14648663192705788,1.0548711195588112,0.04155463445931673,1,2,2.0,2,2.0
hiva_agnostic,1,2,6,9,FIGS,2564,1281,1518,3036,0.9656518345042935,0.6181769147788565,0.6267259978425027,0.34267562673935975,1.0943663464859128,0.00646216981112957,,,,,
hiva_agnostic,1,2,6,9,HSTree,2564,1281,1518,3036,0.9679937548790007,0.6515102481121899,0.6999460625674219,0.4114473197821362,0.20419188030064106,0.002654251642525196,,,,,
hiva_agnostic,1,2,6,9,GreedyRuleList,2564,1281,1518,3036,0.9640905542544886,0.5852481121898597,0.6968446601941747,0.27430407575710264,0.21470708958804607,0.004514641128480434,,,,,
hiva_agnostic,1,2,6,9,Dummy,2564,1281,1518,3036,0.9648711943793911,0.5,0.5,0.0,0.0005579842254519463,0.00019369740039110184,,,,,
hiva_agnostic,2,0,7,9,RFR,2563,1282,1518,3036,0.9641185647425897,0.5210096110661996,0.5210096110661996,0.1240676808800253,0.030163577757775784,0.00942802894860506,1,2,2.0,2,2.0
hiva_agnostic,2,0,7,9,GPR,2563,1282,1518,3036,0.9648985959438378,0.5107069073924368,0.5107069073924368,0.09985393086507341,1.3802417134866118,0.041172358207404613,2,7,3.5,7,3.5
hiva_agnostic,2,0,7,9,FIGS,2563,1282,1518,3036,0.9648985959438378,0.5428276295697476,0.621332974041139,0.20017757902752534,1.1369989523664117,0.00679191667586565,,,,,
hiva_agnostic,2,0,7,9,HSTree,2563,1282,1518,3036,0.9602184087363494,0.5296954998652654,0.6381568310428456,0.11350611494770081,0.23163566831499338,0.0026732822880148888,,,,,
hiva_agnostic,2,0,7,9,GreedyRuleList,2563,1282,1518,3036,0.96801872074883,0.5658582592293182,0.6407616994520794,0.30782340801799823,0.22283313143998384,0.00442048255354166,,,,,
hiva_agnostic,2,0,7,9,Dummy,2563,1282,1518,3036,0.9648985959438378,0.5,0.5,0.0,0.00055722426623106,0.00019584689289331436,,,,,
hiva_agnostic,2,1,8,9,RFR,2563,1282,1518,3036,0.9617784711388455,0.5626246294799245,0.5626246294799245,0.20762967662624635,0.03112992737442255,0.009430439211428165,2,3,1.5,3,1.5
hiva_agnostic,2,1,8,9,GPR,2563,1282,1518,3036,0.9672386895475819,0.5333333333333333,0.5333333333333333,0.2539241153299618,1.21216488070786,0.04123688768595457,1,4,4.0,5,5.0
hiva_agnostic,2,1,8,9,FIGS,2563,1282,1518,3036,0.96801872074883,0.6515135183688134,0.6963621665319322,0.4114589791348278,1.1531695937737823,0.006446480751037598,,,,,
hiva_agnostic,2,1,8,9,HSTree,2563,1282,1518,3036,0.9664586583463338,0.6078774813617174,0.68260127548729,0.3374753925438548,0.20390500500798225,0.002705831080675125,,,,,
hiva_agnostic,2,1,8,9,GreedyRuleList,2563,1282,1518,3036,0.9648985959438378,0.5963621665319321,0.6795562741399442,0.3014517911082826,0.22191682178527117,0.004494232125580311,,,,,
hiva_agnostic,2,1,8,9,Dummy,2563,1282,1518,3036,0.9648985959438378,0.5,0.5,0.0,0.0005577839910984039,0.00019609741866588593,,,,,
hiva_agnostic,2,2,9,9,RFR,2564,1281,1518,3036,0.9640905542544886,0.49959546925566345,0.49959546925566345,-0.005333251162392884,0.03151977155357599,0.00948323868215084,1,2,2.0,2,2.0
hiva_agnostic,2,2,9,9,GPR,2564,1281,1518,3036,0.9640905542544886,0.49959546925566345,0.49959546925566345,-0.005333251162392884,1.2287834947928786,0.04142733570188284,1,4,4.0,5,5.0
hiva_agnostic,2,2,9,9,FIGS,2564,1281,1518,3036,0.9640905542544886,0.5531283710895362,0.6892574613448401,0.21201851364278412,1.1647052923217416,0.007760336622595787,,,,,
hiva_agnostic,2,2,9,9,HSTree,2564,1281,1518,3036,0.9633099141295862,0.5741370010787487,0.5979953254225099,0.24579624742189174,0.20294269639998674,0.002683020196855068,,,,,
hiva_agnostic,2,2,9,9,GreedyRuleList,2564,1281,1518,3036,0.9672131147540983,0.5761596548004315,0.6958378281193814,0.303929077424986,0.2152456333860755,0.004574579186737537,,,,,
hiva_agnostic,2,2,9,9,Dummy,2564,1281,1518,3036,0.9648711943793911,0.5,0.5,0.0,0.0005588140338659286,0.00019642896950244904,,,,,
home_credit_default_risk,0,0,1,9,RFR,205004,102503,504,633,0.9192511438689599,0.4999893874432228,0.5366856036146561,-0.0013090160189795533,0.7359247542917728,0.29710338171571493,1,1,1.0,1,1.0
home_credit_default_risk,0,0,1,9,GPR,205004,102503,504,633,0.9192413880569349,0.4999840811648342,0.4999840811648342,-0.001603218476335353,4.406629701144993,0.6825531516224146,1,4,4.0,5,5.0
home_credit_default_risk,0,0,1,9,FIGS,205004,102503,504,633,0.9192608996809849,0.4999946937216114,0.729764378796073,-0.000925609588588598,70.14262056723237,0.41833082027733326,,,,,
home_credit_default_risk,0,0,1,9,HSTree,205004,102503,504,633,0.91927065549301,0.5,0.7157665324717947,0.0,20.58713079802692,0.061562844552099705,,,,,
home_credit_default_risk,0,0,1,9,GreedyRuleList,205004,102503,504,633,0.91927065549301,0.5,0.7001397035691664,0.0,12.333770948462188,0.14888267498463392,,,,,
home_credit_default_risk,0,0,1,9,Dummy,205004,102503,504,633,0.91927065549301,0.5,0.5,0.0,0.028879422694444656,0.00023753661662340164,,,,,
home_credit_default_risk,0,1,2,9,RFR,205005,102502,504,633,0.9192601119978147,0.49999469366529764,0.5033882284078589,-0.0009256190153074686,0.7492262003943324,0.2969788210466504,1,1,1.0,1,1.0
home_credit_default_risk,0,1,2,9,GPR,205005,102502,504,633,0.9192698679050165,0.5,0.5,0.0,4.4262086264789104,0.677091171965003,1,4,4.0,4,4.0
home_credit_default_risk,0,1,2,9,FIGS,205005,102502,504,633,0.9192991356266219,0.5001812688821752,0.7279129236567206,0.018255952374098123,69.04564982932061,0.341253861784935,,,,,
home_credit_default_risk,0,1,2,9,HSTree,205005,102502,504,633,0.9192698679050165,0.5,0.7160628137931486,0.0,22.364320281893015,0.06813241727650166,,,,,
home_credit_default_risk,0,1,2,9,GreedyRuleList,205005,102502,504,633,0.9192698679050165,0.5,0.7014408728269717,0.0,12.618056330829859,0.14937870856374502,,,,,
home_credit_default_risk,0,1,2,9,Dummy,205005,102502,504,633,0.9192698679050165,0.5,0.5,0.0,0.02886232454329729,0.00023475661873817444,,,,,
home_credit_default_risk,0,2,3,9,RFR,205005,102502,504,633,0.9192503560906129,0.4999893873305953,0.4999893873305953,-0.0013090293505005556,0.7248334968462586,0.30013836175203323,1,1,1.0,1,1.0
home_credit_default_risk,0,2,3,9,GPR,205005,102502,504,633,0.9192601119978147,0.49999469366529764,0.49999469366529764,-0.0009256190153074686,4.734410034492612,0.6812848309054971,1,4,4.0,4,4.0
home_credit_default_risk,0,2,3,9,FIGS,205005,102502,504,633,0.9192698679050165,0.5,0.7276654689098963,0.0,70.29903190676123,0.3856252674013376,,,,,
home_credit_default_risk,0,2,3,9,HSTree,205005,102502,504,633,0.9192698679050165,0.5,0.7107493926491137,0.0,20.782159028574824,0.06198448594659567,,,,,
home_credit_default_risk,0,2,3,9,GreedyRuleList,205005,102502,504,633,0.919191820647402,0.49995754932238107,0.6995890787231465,-0.0026181353304736707,13.24293209053576,0.1580608021467924,,,,,
home_credit_default_risk,0,2,3,9,Dummy,205005,102502,504,633,0.9192698679050165,0.5,0.5,0.0,0.02885372471064329,0.00024417694658041,,,,,
home_credit_default_risk,1,0,4,9,RFR,205004,102503,504,633,0.9192608996809849,0.4999946937216114,0.4886155711280487,-0.000925609588588598,0.7516944110393524,0.29376512113958597,1,1,1.0,1,1.0
home_credit_default_risk,1,0,4,9,GPR,205004,102503,504,633,0.9192511438689599,0.4999893874432228,0.4999893874432228,-0.0013090160189795533,4.776397100649774,0.682162175886333,1,2,2.0,2,2.0
home_credit_default_risk,1,0,4,9,FIGS,205004,102503,504,633,0.91927065549301,0.5,0.7335064599370532,0.0,71.02494868636131,0.5067246146500111,,,,,
home_credit_default_risk,1,0,4,9,HSTree,205004,102503,504,633,0.9192413880569349,0.5061571495865207,0.7129051652949002,0.071364773620119,20.15772812254727,0.0682256817817688,,,,,
home_credit_default_risk,1,0,4,9,GreedyRuleList,205004,102503,504,633,0.91927065549301,0.5,0.6994229539279093,0.0,11.906209502369165,0.15017473977059126,,,,,
home_credit_default_risk,1,0,4,9,Dummy,205004,102503,504,633,0.91927065549301,0.5,0.5,0.0,0.028877906501293182,0.00023798737674951553,,,,,
home_credit_default_risk,1,1,5,9,RFR,205005,102502,504,632,0.9192503560906129,0.4999893873305953,0.4649517683031756,-0.0013090293505005556,0.7227114280685782,0.29829246178269386,1,2,2.0,2,2.0
home_credit_default_risk,1,1,5,9,GPR,205005,102502,504,632,0.9192698679050165,0.5,0.5,0.0,4.58246532920748,0.6728638941422105,1,3,3.0,3,3.0
home_credit_default_risk,1,1,5,9,FIGS,205005,102502,504,632,0.9192698679050165,0.5,0.7259058883225912,0.0,69.94724019430578,0.3823889624327421,,,,,
home_credit_default_risk,1,1,5,9,HSTree,205005,102502,504,632,0.9192698679050165,0.5,0.7121615907487278,0.0,20.664649279788136,0.06060698349028826,,,,,
home_credit_default_risk,1,1,5,9,GreedyRuleList,205005,102502,504,632,0.9192698679050165,0.5,0.6975581754634634,0.0,12.132683031260967,0.14537961408495903,,,,,
home_credit_default_risk,1,1,5,9,Dummy,205005,102502,504,632,0.9192698679050165,0.5,0.5,0.0,0.028882606886327267,0.0002388572320342064,,,,,
home_credit_default_risk,1,2,6,9,RFR,205005,102502,504,633,0.9192601119978147,0.49999469366529764,0.4963973828451874,-0.0009256190153074686,0.7459666896611452,0.2923392206430435,1,1,1.0,1,1.0
home_credit_default_risk,1,2,6,9,GPR,205005,102502,504,633,0.9192308442762093,0.4999787746611905,0.4999787746611905,-0.0018512651222335772,4.712431444786489,0.6781473830342293,1,2,2.0,2,2.0
home_credit_default_risk,1,2,6,9,FIGS,205005,102502,504,633,0.9192698679050165,0.5,0.7305615567368857,0.0,68.53474813420326,0.3439312344416976,,,,,
home_credit_default_risk,1,2,6,9,HSTree,205005,102502,504,633,0.9192698679050165,0.5,0.7171178433055073,0.0,21.69953489303589,0.0683310441672802,,,,,
home_credit_default_risk,1,2,6,9,GreedyRuleList,205005,102502,504,633,0.9192698679050165,0.5,0.6996594391181776,0.0,12.39513851236552,0.15064311027526855,,,,,
home_credit_default_risk,1,2,6,9,Dummy,205005,102502,504,633,0.9192698679050165,0.5,0.5,0.0,0.028926236554980278,0.0002383170649409294,,,,,
home_credit_default_risk,2,0,7,9,RFR,205004,102503,504,633,0.91927065549301,0.5,0.5024766437183218,0.0,0.7273142775520682,0.2965412912890315,1,1,1.0,1,1.0
home_credit_default_risk,2,0,7,9,GPR,205004,102503,504,633,0.91927065549301,0.5,0.5,0.0,4.924710730090737,0.682462309487164,1,5,5.0,5,5.0
home_credit_default_risk,2,0,7,9,FIGS,205004,102503,504,633,0.9192608996809849,0.5000498104039479,0.728686257809848,0.005016507746416014,69.91598602384329,0.41721027344465256,,,,,
home_credit_default_risk,2,0,7,9,HSTree,205004,102503,504,633,0.91927065549301,0.5,0.7119594396416123,0.0,20.24394458439201,0.06027481984347105,,,,,
home_credit_default_risk,2,0,7,9,GreedyRuleList,205004,102503,504,633,0.91927065549301,0.5,0.6992866034136908,0.0,12.762815457768738,0.15532463788986206,,,,,
home_credit_default_risk,2,0,7,9,Dummy,205004,102503,504,633,0.91927065549301,0.5,0.5,0.0,0.028849497437477112,0.0002429671585559845,,,,,
home_credit_default_risk,2,1,8,9,RFR,205005,102502,504,632,0.9192601119978147,0.5000498102913203,0.5000498102913203,0.005016494255230525,0.7395047433674335,0.3005955349653959,1,1,1.0,1,1.0
home_credit_default_risk,2,1,8,9,GPR,205005,102502,504,632,0.9192698679050165,0.5,0.5,0.0,4.884804505854845,0.669683844782412,1,3,3.0,5,5.0
home_credit_default_risk,2,1,8,9,FIGS,205005,102502,504,632,0.9192698679050165,0.5,0.7314577687737882,0.0,69.28377898130566,0.38519577495753765,,,,,
home_credit_default_risk,2,1,8,9,HSTree,205005,102502,504,632,0.9192698679050165,0.5,0.7156472261480015,0.0,20.467270265333354,0.06785042304545641,,,,,
home_credit_default_risk,2,1,8,9,GreedyRuleList,205005,102502,504,632,0.9192698679050165,0.5,0.7006097039491667,0.0,12.624661160632968,0.15200959611684084,,,,,
home_credit_default_risk,2,1,8,9,Dummy,205005,102502,504,632,0.9192698679050165,0.5,0.5,0.0,0.028915257193148136,0.0002368064597249031,,,,,
home_credit_default_risk,2,2,9,9,RFR,205005,102502,504,633,0.9192601119978147,0.49999469366529764,0.4908477025189893,-0.0009256190153074686,0.7239465052261949,0.2986725876107812,1,1,1.0,1,1.0
home_credit_default_risk,2,2,9,9,GPR,205005,102502,504,633,0.9192601119978147,0.49999469366529764,0.49999469366529764,-0.0009256190153074686,4.566182688809931,0.6787704229354858,1,2,2.0,2,2.0
home_credit_default_risk,2,2,9,9,FIGS,205005,102502,504,633,0.9192698679050165,0.5,0.7298192527738102,0.0,70.37572586722672,0.44097788352519274,,,,,
home_credit_default_risk,2,2,9,9,HSTree,205005,102502,504,633,0.9192698679050165,0.5,0.7178407328166856,0.0,21.586097745224833,0.06141965743154287,,,,,
home_credit_default_risk,2,2,9,9,GreedyRuleList,205005,102502,504,633,0.9192503560906129,0.4999893873305953,0.7021833088873219,-0.0013090293505005556,11.931033724918962,0.14588131103664637,,,,,
home_credit_default_risk,2,2,9,9,Dummy,205005,102502,504,633,0.9192698679050165,0.5,0.5,0.0,0.02895454503595829,0.00023638736456632614,,,,,
hotel_booking_demand,0,0,1,9,RFR,63372,6390,29,374,0.8766823161189359,0.5117844364937388,0.5117844364937388,0.11809020197040465,0.16184641607105732,0.004936841316521168,2,3,1.5,3,1.5
hotel_booking_demand,0,0,1,9,GPR,63372,6390,29,374,0.8746478873239436,0.5004461091234347,0.5004461091234347,0.013630535330591933,2.62043312843889,0.02682000957429409,3,5,1.6666666666666667,5,1.6666666666666667
hotel_booking_demand,0,0,1,9,FIGS,63372,6390,29,374,0.8123630672926447,0.6817464221824687,0.7687281976744186,0.30693876136898723,4.743183458223939,0.009298841468989849,,,,,
hotel_booking_demand,0,0,1,9,HSTree,63372,6390,29,374,0.8194053208137715,0.6306093470483005,0.7780477415026834,0.24194665382168123,0.6399984834715724,0.0030269352719187737,,,,,
hotel_booking_demand,0,0,1,9,GreedyRuleList,63372,6390,29,374,0.8748043818466353,0.5,0.6786273479427549,0.0,0.49824070278555155,0.007961508817970753,,,,,
hotel_booking_demand,0,0,1,9,Dummy,63372,6390,29,374,0.8748043818466353,0.5,0.5,0.0,0.008343134075403214,0.00020807795226573944,,,,,
hotel_booking_demand,1,0,2,9,RFR,61466,6015,29,374,0.8738154613466335,0.5161151051621489,0.5161151051621489,0.14876377718859585,0.15422493871301413,0.00454372726380825,2,3,1.5,3,1.5
hotel_booking_demand,1,0,2,9,GPR,61466,6015,29,374,0.8701579384871155,0.49980901451489684,0.49980901451489684,-0.007034582151675715,2.6361732855439186,0.024534177035093307,3,5,1.6666666666666667,5,1.6666666666666667
hotel_booking_demand,1,0,2,9,FIGS,61466,6015,29,374,0.8221113881961762,0.7049591747073436,0.7900565699497211,0.3508238837880287,4.5531269600614905,0.008564051240682602,,,,,
hotel_booking_demand,1,0,2,9,HSTree,61466,6015,29,374,0.8453865336658354,0.634735724141448,0.7967643528411481,0.28267717909123824,0.598530849441886,0.0028137480840086937,,,,,
hotel_booking_demand,1,0,2,9,GreedyRuleList,61466,6015,29,374,0.8706566916043226,0.5006418485237484,0.7004751836549767,0.033431000820772376,0.46453659422695637,0.00752304308116436,,,,,
hotel_booking_demand,1,0,2,9,Dummy,61466,6015,29,374,0.8704904405652535,0.5,0.5,0.0,0.0038215667009353638,0.00021208729594945908,,,,,
hotel_booking_demand,2,0,3,9,RFR,59013,5768,29,374,0.8623439667128987,0.50952249503172,0.50952249503172,0.11233194372330145,0.159522850997746,0.004448088817298412,2,3,1.5,3,1.5
hotel_booking_demand,2,0,3,9,GPR,59013,5768,29,374,0.8599167822468793,0.5018767946567612,0.5018767946567612,0.03128288690490647,2.489784345962107,0.02576853334903717,3,13,4.333333333333333,13,4.333333333333333
hotel_booking_demand,2,0,3,9,FIGS,59013,5768,29,374,0.8150138696255201,0.6752977717501647,0.7874673823790335,0.3165457157777473,4.402700020931661,0.008303173817694187,,,,,
hotel_booking_demand,2,0,3,9,HSTree,59013,5768,29,374,0.8330443828016644,0.6421325648126757,0.7907954048785659,0.2905852196677731,0.5817199051380157,0.002733609639108181,,,,,
hotel_booking_demand,2,0,3,9,GreedyRuleList,59013,5768,29,374,0.8602635228848821,0.5,0.7063939038429032,0.0,0.45819619856774807,0.007205696776509285,,,,,
hotel_booking_demand,2,0,3,9,Dummy,59013,5768,29,374,0.8602635228848821,0.5,0.5,0.0,0.007761740125715733,0.00021015852689743042,,,,,
hotel_booking_demand,3,0,4,9,RFR,56230,4578,29,374,0.8464394932284841,0.5114764556461691,0.5114764556461691,0.10863590836082505,0.1406828612089157,0.003200482577085495,2,3,1.5,3,1.5
hotel_booking_demand,3,0,4,9,GPR,56230,4578,29,374,0.8444735692442115,0.5,0.5,0.0,2.496555886231363,0.017478148452937603,3,7,2.3333333333333335,7,2.3333333333333335
hotel_booking_demand,3,0,4,9,FIGS,56230,4578,29,374,0.8134556574923547,0.5979364177473451,0.7883256944727006,0.2186766084727317,4.2890290059149265,0.007360616698861122,,,,,
hotel_booking_demand,3,0,4,9,HSTree,56230,4578,29,374,0.8154215814766274,0.6145691043205822,0.7896900448740678,0.24730159969945004,0.5432070214301348,0.002216063439846039,,,,,
hotel_booking_demand,3,0,4,9,GreedyRuleList,56230,4578,29,374,0.8444735692442115,0.5,0.7104369263588647,0.0,0.4123173365369439,0.005986541509628296,,,,,
hotel_booking_demand,3,0,4,9,Dummy,56230,4578,29,374,0.8444735692442115,0.5,0.5,0.0,0.001260954886674881,0.0002065775915980339,,,,,
hotel_booking_demand,4,0,5,9,RFR,52847,2500,29,374,0.8224,0.5101355013550135,0.5101355013550135,0.10436234742352758,0.13260684814304113,0.0016835397109389305,2,3,1.5,3,1.5
hotel_booking_demand,4,0,5,9,GPR,52847,2500,29,374,0.82,0.5,0.5,0.0,2.498726226389408,0.009398741647601128,3,8,2.6666666666666665,8,2.6666666666666665
hotel_booking_demand,4,0,5,9,FIGS,52847,2500,29,374,0.8112,0.5874254742547426,0.7728764227642277,0.2297507655827009,4.270639927126467,0.004828775301575661,,,,,
hotel_booking_demand,4,0,5,9,HSTree,52847,2500,29,374,0.7168,0.5905691056910569,0.7441642276422764,0.161851435799742,0.5123898256570101,0.0012873653322458267,,,,,
hotel_booking_demand,4,0,5,9,GreedyRuleList,52847,2500,29,374,0.8196,0.4997560975609756,0.6961490514905149,-0.009372300360872044,0.4055795203894377,0.0030944040045142174,,,,,
hotel_booking_demand,4,0,5,9,Dummy,52847,2500,29,374,0.82,0.5,0.5,0.0,0.006917749531567097,0.00019816774874925613,,,,,
hotel_booking_demand,5,0,6,9,RFR,49999,2474,29,374,0.8314470493128536,0.5080304481582529,0.5080304481582529,0.10650776287208888,0.12491556908935308,0.001701350323855877,2,3,1.5,3,1.5
hotel_booking_demand,5,0,6,9,GPR,49999,2474,29,374,0.8294260307194826,0.5011820330969267,0.5011820330969267,0.04427928386065939,2.4400767907500267,0.009518571197986603,3,5,1.6666666666666667,5,1.6666666666666667
hotel_booking_demand,5,0,6,9,FIGS,49999,2474,29,374,0.7150363783346807,0.5907554753317588,0.682115510740883,0.15752161716768065,4.330180942080915,0.006285487674176693,,,,,
hotel_booking_demand,5,0,6,9,HSTree,49999,2474,29,374,0.7231204527081649,0.5900016482762833,0.6808556743928176,0.15902559075986686,0.5825975239276886,0.0013031847774982452,,,,,
hotel_booking_demand,5,0,6,9,GreedyRuleList,49999,2474,29,374,0.8286176232821342,0.505385713939922,0.6002059769033845,0.05609172663752525,0.41989097464829683,0.003084985539317131,,,,,
hotel_booking_demand,5,0,6,9,Dummy,49999,2474,29,374,0.8290218270008084,0.5,0.5,0.0,0.006605533882975578,0.00020588841289281845,,,,,
hotel_booking_demand,6,0,7,9,RFR,46285,3228,29,374,0.8519206939281289,0.5043210346139216,0.5043210346139216,0.05523381185732371,0.1285596787929535,0.002131085842847824,2,3,1.5,3,1.5
hotel_booking_demand,6,0,7,9,GPR,46285,3228,29,374,0.8522304832713755,0.5010460251046025,0.5010460251046025,0.042223372230047705,2.3827635245397687,0.012452767230570316,3,12,4.0,12,4.0
hotel_booking_demand,6,0,7,9,FIGS,46285,3228,29,374,0.733271375464684,0.6386375047546595,0.7284903004944846,0.22235715541514575,4.0427899388596416,0.00820914562791586,,,,,
hotel_booking_demand,6,0,7,9,HSTree,46285,3228,29,374,0.7973977695167286,0.5500996576645112,0.7192042601749716,0.11224569459670916,0.506818350404501,0.0016001416370272636,,,,,
hotel_booking_demand,6,0,7,9,GreedyRuleList,46285,3228,29,374,0.8516109045848823,0.5050034233548878,0.6051141118295931,0.05611970475157711,0.359009338542819,0.004044954665005207,,,,,
hotel_booking_demand,6,0,7,9,Dummy,46285,3228,29,374,0.8519206939281289,0.5,0.5,0.0,0.000927269458770752,0.00019790790975093842,,,,,
hotel_booking_demand,7,0,8,9,RFR,41960,4314,29,374,0.8514140009272138,0.510364801738552,0.510364801738552,0.09950944939428738,0.11291640996932983,0.0029508164152503014,2,3,1.5,3,1.5
hotel_booking_demand,7,0,8,9,GPR,41960,4314,29,374,0.8500231803430691,0.5012728925725033,0.5012728925725033,0.029864875771766778,1.7384151965379715,0.015880429185926914,1,1,1.0,1,1.0
hotel_booking_demand,7,0,8,9,FIGS,41960,4314,29,374,0.8409828465461289,0.5672371782416296,0.7580399814714047,0.19926216154009527,3.614128296263516,0.008909579366445541,,,,,
hotel_booking_demand,7,0,8,9,HSTree,41960,4314,29,374,0.816179879462216,0.5679223063464653,0.7609037790157337,0.16327036887185015,0.45528651494532824,0.002108324319124222,,,,,
hotel_booking_demand,7,0,8,9,GreedyRuleList,41960,4314,29,374,0.849095966620306,0.502636826468073,0.6539517202805927,0.033107081259440944,0.32902788557112217,0.005616175942122936,,,,,
hotel_booking_demand,7,0,8,9,Dummy,41960,4314,29,374,0.8500231803430691,0.5,0.5,0.0,0.005597606301307678,0.0002072872593998909,,,,,
hotel_booking_demand,8,0,9,9,RFR,38477,4596,29,374,0.8677110530896431,0.521167176504872,0.521167176504872,0.187608593752295,0.09351228270679712,0.0033320924267172813,2,3,1.5,3,1.5
hotel_booking_demand,8,0,9,9,GPR,38477,4596,29,374,0.8629242819843342,0.5031545741324921,0.5031545741324921,0.07378051165017353,2.332553531974554,0.01758790947496891,3,5,1.6666666666666667,5,1.6666666666666667
hotel_booking_demand,8,0,9,9,FIGS,38477,4596,29,374,0.8496518711923412,0.5703126866111339,0.7880694675123452,0.1991280680582349,3.2401035679504275,0.012130212038755417,,,,,
hotel_booking_demand,8,0,9,9,HSTree,38477,4596,29,374,0.843124456048738,0.5691764985023336,0.7834496725198534,0.18506792916413392,0.39671527966856956,0.0022508343681693077,,,,,
hotel_booking_demand,8,0,9,9,GreedyRuleList,38477,4596,29,374,0.8590078328981723,0.4995581048350497,0.6458441153099557,-0.004879518435746522,0.2913960497826338,0.006019221618771553,,,,,
hotel_booking_demand,8,0,9,9,Dummy,38477,4596,29,374,0.8620539599651871,0.5,0.5,0.0,0.0008292803540825844,0.00020059756934642792,,,,,
hr_analytics,0,0,1,9,RFR,12772,6386,12,163,0.7760726589414344,0.6318518961096681,0.6318518961096682,0.3228386779036171,0.013837101869285107,0.004989722743630409,2,3,1.5,3,1.5
hr_analytics,0,0,1,9,GPR,12772,6386,12,163,0.7776385844033824,0.6331046398031039,0.6331046398031039,0.32707091207562017,1.4021263867616653,0.0032012639567255974,2,4,2.0,4,2.0
hr_analytics,0,0,1,9,FIGS,12772,6386,12,163,0.7845286564359536,0.6842633851359425,0.7737953823141573,0.3930452635936925,0.7473215879872441,0.013679134659469128,,,,,
hr_analytics,0,0,1,9,HSTree,12772,6386,12,163,0.7832759160663952,0.6932883545805791,0.7730950460479284,0.4013644159556826,0.034503196366131306,0.0021693548187613487,,,,,
hr_analytics,0,0,1,9,GreedyRuleList,12772,6386,12,163,0.7849984340745381,0.6677944111462611,0.7489897862277597,0.37616480842050215,0.030406802892684937,0.0074285659939050674,,,,,
hr_analytics,0,0,1,9,Dummy,12772,6386,12,163,0.7507046664578766,0.5,0.5,0.0,0.00047798454761505127,0.00020012818276882172,,,,,
hr_analytics,0,1,2,9,RFR,12772,6386,12,163,0.7690259943626684,0.616669863711549,0.616669863711549,0.29299300835630293,0.013562106527388096,0.002124626189470291,1,1,1.0,1,1.0
hr_analytics,0,1,2,9,GPR,12772,6386,12,163,0.7691825869088631,0.6215989469667905,0.6215989469667905,0.29906701960312115,1.6200486328452826,0.003914635628461838,3,8,2.6666666666666665,8,2.6666666666666665
hr_analytics,0,1,2,9,FIGS,12772,6386,12,163,0.7782649545881616,0.6733787575759481,0.7644470396412602,0.37233868932441017,0.6688332362100482,0.013669813983142376,,,,,
hr_analytics,0,1,2,9,HSTree,12772,6386,12,163,0.7765424365800188,0.680412649396335,0.7604795593528761,0.37816925257150885,0.03548762574791908,0.0020689573138952255,,,,,
hr_analytics,0,1,2,9,GreedyRuleList,12772,6386,12,163,0.7751331036642656,0.6484275256130465,0.7356512301809423,0.33961061371054474,0.03446513693779707,0.007472654804587364,,,,,
hr_analytics,0,1,2,9,Dummy,12772,6386,12,163,0.7507046664578766,0.5,0.5,0.0,0.0017194198444485664,0.00020806770771741867,,,,,
hr_analytics,0,2,3,9,RFR,12772,6386,12,163,0.7790479173191356,0.6354982660028508,0.6354982660028508,0.3324272986362885,0.018281972035765648,0.005474098026752472,2,3,1.5,3,1.5
hr_analytics,0,2,3,9,GPR,12772,6386,12,163,0.7568117757594739,0.6686729535605191,0.6686729535605191,0.34198101216324317,1.2540918560698628,0.0026843389496207237,1,1,1.0,1,1.0
hr_analytics,0,2,3,9,FIGS,12772,6386,12,163,0.7882868775446289,0.6911079127871272,0.7792011760192757,0.40582404652053433,0.7082437900826335,0.01559281162917614,,,,,
hr_analytics,0,2,3,9,HSTree,12772,6386,12,163,0.7892264328217977,0.6860758568581065,0.7755086965729605,0.4018884390877296,0.03765947185456753,0.0021453043445944786,,,,,
hr_analytics,0,2,3,9,GreedyRuleList,12772,6386,12,163,0.7868775446288757,0.6700518214926585,0.7484970038305234,0.3816885999978744,0.03351856954395771,0.007509163580834866,,,,,
hr_analytics,0,2,3,9,Dummy,12772,6386,12,163,0.7505480739116818,0.5,0.5,0.0,0.001726270653307438,0.00019981805235147476,,,,,
hr_analytics,1,0,4,9,RFR,12772,6386,12,163,0.7729408080175384,0.6278779955262336,0.6278779955262336,0.31283129093121836,0.01811328437179327,0.00207462627440691,1,1,1.0,1,1.0
hr_analytics,1,0,4,9,GPR,12772,6386,12,163,0.7756028813028499,0.6407690308027413,0.6407690308027413,0.3317972837798076,1.6096994271501899,0.0036559589207172394,3,7,2.3333333333333335,7,2.3333333333333335
hr_analytics,1,0,4,9,FIGS,12772,6386,12,163,0.778734732226746,0.6764187017691713,0.7777386882262796,0.3764168502180719,0.6974168475717306,0.013341868296265602,,,,,
hr_analytics,1,0,4,9,HSTree,12772,6386,12,163,0.7777951769495772,0.6969800242346484,0.7731825061896884,0.39902169182700037,0.03649566508829594,0.0020436663180589676,,,,,
hr_analytics,1,0,4,9,GreedyRuleList,12772,6386,12,163,0.7784215471343564,0.6608966557862319,0.7482367118236153,0.3585603341573197,0.03292601555585861,0.007385565899312496,,,,,
hr_analytics,1,0,4,9,Dummy,12772,6386,12,163,0.7507046664578766,0.5,0.5,0.0,0.0017120493575930595,0.00020203739404678345,,,,,
hr_analytics,1,1,5,9,RFR,12772,6386,12,163,0.7748199185718759,0.629129559981803,0.6291295599818031,0.31758821609670046,0.019770554266870022,0.005663154646754265,2,3,1.5,3,1.5
hr_analytics,1,1,5,9,GPR,12772,6386,12,163,0.7505480739116818,0.5032520759827507,0.5032520759827507,0.03924323749388593,1.2240899596363306,0.003591308370232582,1,2,2.0,2,2.0
hr_analytics,1,1,5,9,FIGS,12772,6386,12,163,0.7820231756968369,0.6926637515906608,0.7610404834980073,0.3990766026682939,0.6283891350030899,0.013263748958706856,,,,,
hr_analytics,1,1,5,9,HSTree,12772,6386,12,163,0.7813968055120576,0.6991690827940286,0.7631974405821348,0.4057428699964552,0.03161852993071079,0.002167315222322941,,,,,
hr_analytics,1,1,5,9,GreedyRuleList,12772,6386,12,163,0.7820231756968369,0.6624563944042281,0.7397948755039276,0.36579571458326504,0.03317736275494099,0.007502124644815922,,,,,
hr_analytics,1,1,5,9,Dummy,12772,6386,12,163,0.7507046664578766,0.5,0.5,0.0,0.0007642311975359917,0.00019538775086402893,,,,,
hr_analytics,1,2,6,9,RFR,12772,6386,12,163,0.7790479173191356,0.6283734165054735,0.6283734165054734,0.32511441800001645,0.018822605721652508,0.00209017563611269,1,1,1.0,1,1.0
hr_analytics,1,2,6,9,GPR,12772,6386,12,163,0.7792045098653304,0.628477735303721,0.6284777353037209,0.3255380470681719,1.4283522544428706,0.003989754244685173,2,6,3.0,6,3.0
hr_analytics,1,2,6,9,FIGS,12772,6386,12,163,0.7853116191669276,0.6931073891630777,0.7655923205647911,0.403924629513263,0.6966601619496942,0.015336466021835804,,,,,
hr_analytics,1,2,6,9,HSTree,12772,6386,12,163,0.7867209520826809,0.7024284342265721,0.7660304202259808,0.41604951156271164,0.03495445195585489,0.002078937366604805,,,,,
hr_analytics,1,2,6,9,GreedyRuleList,12772,6386,12,163,0.7860945818979017,0.6626149324010258,0.7405949694633404,0.37281941408248687,0.03172902949154377,0.007517294026911259,,,,,
hr_analytics,1,2,6,9,Dummy,12772,6386,12,163,0.7505480739116818,0.5,0.5,0.0,0.0008591003715991974,0.0001991288736462593,,,,,
hr_analytics,2,0,7,9,RFR,12772,6386,12,163,0.7762292514876292,0.6275509535579441,0.627550953557944,0.31850155097352795,0.018585098907351494,0.005721725523471832,1,1,1.0,1,1.0
hr_analytics,2,0,7,9,GPR,12772,6386,12,163,0.777168806764798,0.6376165349064891,0.6376165349064891,0.3310397046108751,1.6131222927942872,0.004299230873584747,3,6,2.0,6,2.0
hr_analytics,2,0,7,9,FIGS,12772,6386,12,163,0.7745067334794864,0.6796861078441855,0.7561124484542026,0.37481356624819046,0.6229448635131121,0.011868264526128769,,,,,
hr_analytics,2,0,7,9,HSTree,12772,6386,12,163,0.777168806764798,0.6812493841757808,0.7619981556719768,0.3799231615529599,0.03360902797430754,0.0021803556010127068,,,,,
hr_analytics,2,0,7,9,GreedyRuleList,12772,6386,12,163,0.777951769495772,0.6521928321205527,0.7314087909300361,0.34822584898136777,0.031362222507596016,0.007666953839361668,,,,,
hr_analytics,2,0,7,9,Dummy,12772,6386,12,163,0.7507046664578766,0.5,0.5,0.0,0.0004845736548304558,0.00019754841923713684,,,,,
hr_analytics,2,1,8,9,RFR,12772,6386,12,163,0.7813968055120576,0.6370761819108056,0.6370761819108056,0.33835386470814816,0.021259347908198833,0.002126176841557026,1,1,1.0,1,1.0
hr_analytics,2,1,8,9,GPR,12772,6386,12,163,0.7813968055120576,0.6370761819108056,0.6370761819108056,0.33835386470814816,1.2698322692885995,0.0027727074921131134,1,1,1.0,1,1.0
hr_analytics,2,1,8,9,FIGS,12772,6386,12,163,0.7881302849984341,0.6942140563057255,0.7768038146510609,0.4088063665546178,0.702190856449306,0.015971869230270386,,,,,
hr_analytics,2,1,8,9,HSTree,12772,6386,12,163,0.7868775446288757,0.6952676398261646,0.7768106935386151,0.4082527983598199,0.03586564306169748,0.0020675770938396454,,,,,
hr_analytics,2,1,8,9,GreedyRuleList,12772,6386,12,163,0.7900093955527717,0.6738589694404438,0.7534590322283088,0.39054550425644496,0.03359842859208584,0.0075414543971419334,,,,,
hr_analytics,2,1,8,9,Dummy,12772,6386,12,163,0.7507046664578766,0.5,0.5,0.0,0.0017242105677723885,0.00020403694361448288,,,,,
hr_analytics,2,2,9,9,RFR,12772,6386,12,163,0.7713748825555904,0.6215853602154953,0.6215853602154953,0.3030997961876687,0.021302517503499985,0.005560326389968395,1,1,1.0,1,1.0
hr_analytics,2,2,9,9,GPR,12772,6386,12,163,0.7752896962104604,0.6420054539151244,0.6420054539151244,0.33282464357002706,1.8810082077980042,0.00410925317555666,5,8,1.6,8,1.6
hr_analytics,2,2,9,9,FIGS,12772,6386,12,163,0.7840588787973692,0.6847288804857575,0.7730320255436333,0.3930316080294178,0.6811661589890718,0.014584224671125412,,,,,
hr_analytics,2,2,9,9,HSTree,12772,6386,12,163,0.7810836204196681,0.6957391959319206,0.7689472864604677,0.40153858297623446,0.033253333531320095,0.0021520862355828285,,,,,
hr_analytics,2,2,9,9,GreedyRuleList,12772,6386,12,163,0.778734732226746,0.6602266016471761,0.7418192910277058,0.35843837302933146,0.03074777126312256,0.007340786978602409,,,,,
hr_analytics,2,2,9,9,Dummy,12772,6386,12,163,0.7505480739116818,0.5,0.5,0.0,0.0004882141947746277,0.00019925739616155624,,,,,
ieee_fraud_detection,0,0,1,3,RFR,417559,89326,434,2319,0.9633925172961959,0.511476496185517,0.6636067611078734,0.07091196740435042,3.923725322820246,0.6879114490002394,2,3,1.5,3,1.5
ieee_fraud_detection,0,0,1,3,GPR,417559,89326,434,2319,0.9646127667196561,0.5031322578587099,0.5031322578587099,0.03601988793338886,28.659344155341387,2.06663865596056,1,2,2.0,2,2.0
ieee_fraud_detection,0,0,1,3,FIGS,417559,89326,434,2319,0.9701766562926808,0.6364820313748537,0.7790702984988299,0.4212974570265765,188.5664502652362,0.2999370275065303,,,,,
ieee_fraud_detection,0,0,1,3,HSTree,417559,89326,434,2319,0.9702326310368762,0.63357048453483,0.7763648722759903,0.4193126567539702,64.69573647901416,0.16089152451604605,,,,,
ieee_fraud_detection,0,0,1,3,GreedyRuleList,417559,89326,434,2319,0.9672323847480017,0.620718292654981,0.7161002432175605,0.36180671707740114,50.811600824818015,0.29692195262759924,,,,,
ieee_fraud_detection,0,0,1,3,Dummy,417559,89326,434,2319,0.965138929315093,0.5,0.5,0.0,0.061471207067370415,0.00024868641048669815,,,,,
ieee_fraud_detection,1,0,2,3,RFR,315927,83655,434,2299,0.9661586276970893,0.5001520591878627,0.5001520591878627,0.007109558299884079,3.008865506388247,0.6736290156841278,2,3,1.5,3,1.5
ieee_fraud_detection,1,0,2,3,GPR,315927,83655,434,2299,0.9678202139740602,0.5358178583315065,0.5358178583315066,0.22658894187600803,16.37124549690634,1.9279356393963099,3,7,2.3333333333333335,7,2.3333333333333335
ieee_fraud_detection,1,0,2,3,FIGS,315927,83655,434,2299,0.9696491542645389,0.576518165143921,0.7569378429026012,0.3313420445306013,118.88547581341118,0.26725068129599094,,,,,
ieee_fraud_detection,1,0,2,3,HSTree,315927,83655,434,2299,0.9708206323590939,0.6109066321106411,0.7528543969326702,0.39182968266061124,48.445650099776685,0.1508998004719615,,,,,
ieee_fraud_detection,1,0,2,3,GreedyRuleList,315927,83655,434,2299,0.9689080150618612,0.5764758646249698,0.6984040021637006,0.314102544520792,37.84144605137408,0.27930490765720606,,,,,
ieee_fraud_detection,1,0,2,3,Dummy,315927,83655,434,2299,0.9661944892714124,0.5,0.5,0.0,0.04666220676153898,0.00024057738482952118,,,,,
ieee_fraud_detection,2,0,3,3,RFR,229906,101632,434,2262,0.9607505510075567,0.5037322717093804,0.5106461196412,0.08468457766728361,2.2416807804256678,0.8396339304745197,2,3,1.5,3,1.5
ieee_fraud_detection,2,0,3,3,GPR,229906,101632,434,2262,0.9618820843828715,0.5204250490305865,0.5204250490305865,0.1867671399209939,7.955263501033187,2.274018071591854,2,2,1.0,2,1.0
ieee_fraud_detection,2,0,3,3,FIGS,229906,101632,434,2262,0.9666542034005038,0.6081994030042525,0.7456825132509163,0.4021991232874485,85.14101704768836,0.35828196071088314,,,,,
ieee_fraud_detection,2,0,3,3,HSTree,229906,101632,434,2262,0.9673232840050378,0.6239357129730203,0.7613952498235392,0.42665406539804834,43.17969047743827,0.18260296992957592,,,,,
ieee_fraud_detection,2,0,3,3,GreedyRuleList,229906,101632,434,2262,0.9657096190176322,0.6102126877804341,0.6405643287507183,0.38701323310929653,27.077361721545458,0.3318227780982852,,,,,
ieee_fraud_detection,2,0,3,3,Dummy,229906,101632,434,2262,0.9604553683879093,0.5,0.5,0.0,0.03210247587412596,0.00023782718926668167,,,,,
in_vehicle_coupon_recommendation,0,0,1,9,RFR,8456,4228,24,114,0.5948438978240302,0.5495409697288145,0.5495409697288145,0.13286918018860747,0.008646007627248764,0.002449003979563713,1,1,1.0,1,1.0
in_vehicle_coupon_recommendation,0,0,1,9,GPR,8456,4228,24,114,0.5948438978240302,0.5495409697288145,0.5495409697288145,0.13286918018860747,0.7034371923655272,0.0009345496073365211,1,1,1.0,1,1.0
in_vehicle_coupon_recommendation,0,0,1,9,FIGS,8456,4228,24,114,0.6993850520340587,0.6760602760019849,0.7480225300668476,0.3785015893249507,0.6542889289557934,0.014583113603293896,,,,,
in_vehicle_coupon_recommendation,0,0,1,9,HSTree,8456,4228,24,114,0.6894512771996215,0.6790970641036869,0.7449568929342909,0.3621313082003568,0.027355707250535488,0.0014210548251867294,,,,,
in_vehicle_coupon_recommendation,0,0,1,9,GreedyRuleList,8456,4228,24,114,0.6388363292336803,0.5919301164725457,0.6715347410748167,0.2582830558098774,0.017277183942496777,0.004296144470572472,,,,,
in_vehicle_coupon_recommendation,0,0,1,9,Dummy,8456,4228,24,114,0.5685903500473037,0.5,0.5,0.0,0.000411374494433403,0.0002038870006799698,,,,,
in_vehicle_coupon_recommendation,0,1,2,9,RFR,8456,4228,24,114,0.6050141911069064,0.5594018891910226,0.5594018891910226,0.16123581600428075,0.009633536450564861,0.002383793704211712,1,1,1.0,1,1.0
in_vehicle_coupon_recommendation,0,1,2,9,GPR,8456,4228,24,114,0.6050141911069064,0.5594018891910226,0.5594018891910226,0.16123581600428075,0.7448935378342867,0.0009534889832139015,1,1,1.0,1,1.0
in_vehicle_coupon_recommendation,0,1,2,9,FIGS,8456,4228,24,114,0.6814096499526963,0.6559347619129057,0.7389776478032597,0.3396184120352933,0.5513373948633671,0.013408185914158821,,,,,
in_vehicle_coupon_recommendation,0,1,2,9,HSTree,8456,4228,24,114,0.7000946073793756,0.6843003323471232,0.7436781648510138,0.38052311598683203,0.027303626760840416,0.001414644531905651,,,,,
in_vehicle_coupon_recommendation,0,1,2,9,GreedyRuleList,8456,4228,24,114,0.6293755912961211,0.5810970305383111,0.6646827310610595,0.2345325092423617,0.016915897838771343,0.0042977044358849525,,,,,
in_vehicle_coupon_recommendation,0,1,2,9,Dummy,8456,4228,24,114,0.5683538315988647,0.5,0.5,0.0,0.00044225621968507767,0.0001951279118657112,,,,,
in_vehicle_coupon_recommendation,0,2,3,9,RFR,8456,4228,24,114,0.587038789025544,0.5389753675485551,0.5375396051738979,0.11025966801628286,0.011153011582791805,0.0009470805525779724,2,3,1.5,3,1.5
in_vehicle_coupon_recommendation,0,2,3,9,GPR,8456,4228,24,114,0.5912961210974456,0.5450930628951254,0.5450930628951254,0.12314933455815155,0.7382095102220774,0.001016438938677311,1,1,1.0,1,1.0
in_vehicle_coupon_recommendation,0,2,3,9,FIGS,8456,4228,24,114,0.6920529801324503,0.6750511632149311,0.7326328390881262,0.3631560757047736,0.6751271169632673,0.015338224358856678,,,,,
in_vehicle_coupon_recommendation,0,2,3,9,HSTree,8456,4228,24,114,0.674314096499527,0.6628724368511962,0.7186982025892292,0.33018614700465426,0.02814484853297472,0.0014196643605828285,,,,,
in_vehicle_coupon_recommendation,0,2,3,9,GreedyRuleList,8456,4228,24,114,0.6222800378429517,0.5727460537342021,0.6494659073418501,0.21590138007504436,0.017429552972316742,0.00439661368727684,,,,,
in_vehicle_coupon_recommendation,0,2,3,9,Dummy,8456,4228,24,114,0.5683538315988647,0.5,0.5,0.0,0.00041885580867528915,0.00019724760204553604,,,,,
in_vehicle_coupon_recommendation,1,0,4,9,RFR,8456,4228,24,114,0.5993377483443708,0.5523022666900196,0.5523022666900196,0.14510971523588193,0.013787251897156239,0.00253889337182045,1,1,1.0,1,1.0
in_vehicle_coupon_recommendation,1,0,4,9,GPR,8456,4228,24,114,0.5993377483443708,0.5523022666900196,0.5523022666900196,0.14510971523588193,0.7409212710335851,0.0009837588295340538,1,1,1.0,1,1.0
in_vehicle_coupon_recommendation,1,0,4,9,FIGS,8456,4228,24,114,0.6868495742667928,0.6681453790466182,0.7428313009020054,0.35145275345564886,0.6244654003530741,0.015767411328852177,,,,,
in_vehicle_coupon_recommendation,1,0,4,9,HSTree,8456,4228,24,114,0.6922894985808893,0.675640653735003,0.7358253194602563,0.3636906239382962,0.02762378379702568,0.0014402540400624275,,,,,
in_vehicle_coupon_recommendation,1,0,4,9,GreedyRuleList,8456,4228,24,114,0.6319772942289499,0.5836498744782088,0.6649234098140526,0.24154514450036058,0.017409424297511578,0.004348733462393284,,,,,
in_vehicle_coupon_recommendation,1,0,4,9,Dummy,8456,4228,24,114,0.5685903500473037,0.5,0.5,0.0,0.0004241764545440674,0.0001988280564546585,,,,,
in_vehicle_coupon_recommendation,1,1,5,9,RFR,8456,4228,24,114,0.5943708609271523,0.5485229080088246,0.5485229080088245,0.13178679788440714,0.013955110684037209,0.0009146509692072868,1,1,1.0,1,1.0
in_vehicle_coupon_recommendation,1,1,5,9,GPR,8456,4228,24,114,0.5943708609271523,0.5485229080088246,0.5485229080088245,0.13178679788440714,0.7323200739920139,0.0009095398709177971,1,1,1.0,1,1.0
in_vehicle_coupon_recommendation,1,1,5,9,FIGS,8456,4228,24,114,0.6939451277199622,0.6759249568176765,0.7412052286240373,0.36682534706288283,0.590749392285943,0.013060630299150944,,,,,
in_vehicle_coupon_recommendation,1,1,5,9,HSTree,8456,4228,24,114,0.6960737937559129,0.6819492757340995,0.736850512202213,0.3729480497437347,0.027023189701139927,0.0014442941173911095,,,,,
in_vehicle_coupon_recommendation,1,1,5,9,GreedyRuleList,8456,4228,24,114,0.6248817407757805,0.5765505446958425,0.6577447140845633,0.22122175954681708,0.01742033287882805,0.004244135692715645,,,,,
in_vehicle_coupon_recommendation,1,1,5,9,Dummy,8456,4228,24,114,0.5683538315988647,0.5,0.5,0.0,0.00042184628546237946,0.00019618775695562363,,,,,
in_vehicle_coupon_recommendation,1,2,6,9,RFR,8456,4228,24,114,0.597445600756859,0.5532048409807375,0.5532048409807375,0.1406039006729812,0.0161588778719306,0.0027102408930659294,1,1,1.0,1,1.0
in_vehicle_coupon_recommendation,1,2,6,9,GPR,8456,4228,24,114,0.597445600756859,0.5532048409807375,0.5532048409807375,0.1406039006729812,0.7358046174049377,0.000847281888127327,1,1,1.0,1,1.0
in_vehicle_coupon_recommendation,1,2,6,9,FIGS,8456,4228,24,114,0.6920529801324503,0.674194471522469,0.7431350081804138,0.3628632578659267,0.6728503722697496,0.01512958761304617,,,,,
in_vehicle_coupon_recommendation,1,2,6,9,HSTree,8456,4228,24,114,0.6776253547776726,0.6698712226155661,0.7250434673553037,0.34093878911113723,0.026624055579304695,0.0014322036877274513,,,,,
in_vehicle_coupon_recommendation,1,2,6,9,GreedyRuleList,8456,4228,24,114,0.6326868495742668,0.5849326469766672,0.6626497699793068,0.24314963386422245,0.0172079149633646,0.00436056312173605,,,,,
in_vehicle_coupon_recommendation,1,2,6,9,Dummy,8456,4228,24,114,0.5683538315988647,0.5,0.5,0.0,0.00040636491030454636,0.00020507816225290298,,,,,
in_vehicle_coupon_recommendation,2,0,7,9,RFR,8456,4228,24,114,0.5967360454115421,0.5512048632396298,0.5512048632396298,0.13798017920975214,0.017334184609353542,0.0009161196649074554,1,1,1.0,1,1.0
in_vehicle_coupon_recommendation,2,0,7,9,GPR,8456,4228,24,114,0.5967360454115421,0.5512048632396298,0.5512048632396298,0.13798017920975214,0.7355081597343087,0.0009523890912532806,1,1,1.0,1,1.0
in_vehicle_coupon_recommendation,2,0,7,9,FIGS,8456,4228,24,114,0.7102649006622517,0.6923735477420674,0.7596936164506525,0.4013593202832174,0.6187781123444438,0.01636639516800642,,,,,
in_vehicle_coupon_recommendation,2,0,7,9,HSTree,8456,4228,24,114,0.6944181646168401,0.6731475501357387,0.7494316854949353,0.3673120382321299,0.02738947607576847,0.0014142943546175957,,,,,
in_vehicle_coupon_recommendation,2,0,7,9,GreedyRuleList,8456,4228,24,114,0.6376537369914853,0.5898320051376361,0.6744032241585661,0.25715879562694854,0.01751006208360195,0.004291193559765816,,,,,
in_vehicle_coupon_recommendation,2,0,7,9,Dummy,8456,4228,24,114,0.5685903500473037,0.5,0.5,0.0,0.00044646579772233963,0.00019620731472969055,,,,,
in_vehicle_coupon_recommendation,2,1,8,9,RFR,8456,4228,24,114,0.598155156102176,0.5532359664574533,0.5532359664574532,0.14237392252821343,0.0156318424269557,0.0029170289635658264,1,1,1.0,1,1.0
in_vehicle_coupon_recommendation,2,1,8,9,GPR,8456,4228,24,114,0.598155156102176,0.5532359664574533,0.5532359664574532,0.14237392252821343,0.730792511254549,0.00095335952937603,1,1,1.0,1,1.0
in_vehicle_coupon_recommendation,2,1,8,9,FIGS,8456,4228,24,114,0.67360454115421,0.6563831740005359,0.7244500310684705,0.3242291953426632,0.5471130814403296,0.013386757113039494,,,,,
in_vehicle_coupon_recommendation,2,1,8,9,HSTree,8456,4228,24,114,0.6830652790917692,0.6660899902519112,0.7204440796036917,0.3442494110057513,0.027097958140075207,0.00145015399903059,,,,,
in_vehicle_coupon_recommendation,2,1,8,9,GreedyRuleList,8456,4228,24,114,0.6281929990539262,0.58032026177324,0.649991506051226,0.23010923075260398,0.017066056840121746,0.004406042397022247,,,,,
in_vehicle_coupon_recommendation,2,1,8,9,Dummy,8456,4228,24,114,0.5683538315988647,0.5,0.5,0.0,0.0004073856398463249,0.0002035386860370636,,,,,
in_vehicle_coupon_recommendation,2,2,9,9,RFR,8456,4228,24,114,0.5962630085146642,0.5495943996944459,0.5495943996944459,0.13689837612709158,0.01664599124342203,0.0009457804262638092,1,1,1.0,1,1.0
in_vehicle_coupon_recommendation,2,2,9,9,GPR,8456,4228,24,114,0.5962630085146642,0.5495943996944459,0.5495943996944459,0.13689837612709158,0.7327442700043321,0.0010078689083456993,1,1,1.0,1,1.0
in_vehicle_coupon_recommendation,2,2,9,9,FIGS,8456,4228,24,114,0.6944181646168401,0.6739687263067284,0.7426625394056516,0.36746749298717396,0.5625857459381223,0.014974008314311504,,,,,
in_vehicle_coupon_recommendation,2,2,9,9,HSTree,8456,4228,24,114,0.6906338694418165,0.6771635911731341,0.7329328065944966,0.3620820681464146,0.027058850042521954,0.001406715251505375,,,,,
in_vehicle_coupon_recommendation,2,2,9,9,GreedyRuleList,8456,4228,24,114,0.6239356669820246,0.5750592581191318,0.661206140725919,0.21951430308297132,0.0170368580147624,0.004396023228764534,,,,,
in_vehicle_coupon_recommendation,2,2,9,9,Dummy,8456,4228,24,114,0.5683538315988647,0.5,0.5,0.0,0.00041089579463005066,0.0001964382827281952,,,,,
kdd_cup_09_appetency,0,0,1,9,RFR,33333,16667,212,1685,0.9820603587928242,0.49993891264508244,0.5016249853452052,-0.0014755917681958922,0.2398985568434,0.07894367258995771,1,1,1.0,1,1.0
kdd_cup_09_appetency,0,0,1,9,GPR,33333,16667,212,1685,0.9821803563928722,0.5,0.5,0.0,2.15849796961993,0.2929042186588049,1,5,5.0,5,5.0
kdd_cup_09_appetency,0,0,1,9,FIGS,33333,16667,212,1685,0.9819403611927762,0.5031837413022507,0.7586439635614957,0.03845925559762054,8.768839181400836,0.02734478749334812,,,,,
kdd_cup_09_appetency,0,0,1,9,HSTree,33333,16667,212,1685,0.9815203695926081,0.5029699355600394,0.7602854034130759,0.02620600114980797,1.513311192393303,0.020675388164818287,,,,,
kdd_cup_09_appetency,0,0,1,9,GreedyRuleList,33333,16667,212,1685,0.9821203575928481,0.49996945632254125,0.7805398723541668,-0.0010433696418042837,2.0299342535436153,0.04277330171316862,,,,,
kdd_cup_09_appetency,0,0,1,9,Dummy,33333,16667,212,1685,0.9821803563928722,0.5,0.5,0.0,0.004395413212478161,0.00021159742027521133,,,,,
kdd_cup_09_appetency,0,1,2,9,RFR,33333,16667,212,1687,0.9821803563928722,0.5,0.5,0.0,0.2412754027172923,0.07724401168525219,1,1,1.0,1,1.0
kdd_cup_09_appetency,0,1,2,9,GPR,33333,16667,212,1687,0.9821803563928722,0.5,0.5,0.0,2.1461372580379248,0.28845478780567646,1,2,2.0,2,2.0
kdd_cup_09_appetency,0,1,2,9,FIGS,33333,16667,212,1687,0.9819403611927762,0.5015307832962079,0.778635777444574,0.021351093246090025,8.826040807180107,0.03113026637583971,,,,,
kdd_cup_09_appetency,0,1,2,9,HSTree,33333,16667,212,1687,0.9815203695926081,0.5062758515721253,0.7515406560000327,0.04920932293221602,1.513171979226172,0.020528089255094528,,,,,
kdd_cup_09_appetency,0,1,2,9,GreedyRuleList,33333,16667,212,1687,0.9821203575928481,0.49996945632254125,0.7691785499054894,-0.0010433696418042837,1.83787202835083,0.038796343840658665,,,,,
kdd_cup_09_appetency,0,1,2,9,Dummy,33333,16667,212,1687,0.9821803563928722,0.5,0.5,0.0,0.004368944093585014,0.00020449887961149216,,,,,
kdd_cup_09_appetency,0,2,3,9,RFR,33334,16666,212,1689,0.9822392895715829,0.5,0.5,0.0,0.23925900552421808,0.07995653245598078,1,1,1.0,1,1.0
kdd_cup_09_appetency,0,2,3,9,GPR,33334,16666,212,1689,0.9822392895715829,0.5,0.5,0.0,2.1827358724549413,0.28999592177569866,1,5,5.0,5,5.0
kdd_cup_09_appetency,0,2,3,9,FIGS,33334,16666,212,1689,0.9819992799711988,0.5048537618253562,0.769295865046476,0.05235923546231084,8.438932963646948,0.019716699607670307,,,,,
kdd_cup_09_appetency,0,2,3,9,HSTree,33334,16666,212,1689,0.9815192607704308,0.5079267034291469,0.7691571802407172,0.05767035259279671,1.1797694358974695,0.020498190075159073,,,,,
kdd_cup_09_appetency,0,2,3,9,GreedyRuleList,33334,16666,212,1689,0.9819992799711988,0.49987782529016495,0.7498022916013143,-0.002083473334232797,1.7152085388079286,0.03910511080175638,,,,,
kdd_cup_09_appetency,0,2,3,9,Dummy,33334,16666,212,1689,0.9822392895715829,0.5,0.5,0.0,0.004416812211275101,0.00020852778106927872,,,,,
kdd_cup_09_appetency,1,0,4,9,RFR,33333,16667,212,1687,0.9821803563928722,0.5,0.5,0.0,0.24172459915280342,0.08010908216238022,2,4,2.0,4,2.0
kdd_cup_09_appetency,1,0,4,9,GPR,33333,16667,212,1687,0.9821803563928722,0.5,0.5,0.0,2.1868376852944493,0.2894107587635517,1,5,5.0,5,5.0
kdd_cup_09_appetency,1,0,4,9,FIGS,33333,16667,212,1687,0.9819403611927762,0.49987782529016495,0.8027206497884567,-0.0020869271230163685,8.754952538758516,0.03124631568789482,,,,,
kdd_cup_09_appetency,1,0,4,9,HSTree,33333,16667,212,1687,0.9812803743925121,0.5061536768622902,0.7676478694499465,0.04386059062687042,1.4612318826839328,0.02059669978916645,,,,,
kdd_cup_09_appetency,1,0,4,9,GreedyRuleList,33333,16667,212,1687,0.9821803563928722,0.5,0.7830005409418971,0.0,1.8175035752356052,0.040299588814377785,,,,,
kdd_cup_09_appetency,1,0,4,9,Dummy,33333,16667,212,1687,0.9821803563928722,0.5,0.5,0.0,0.0044064028188586235,0.00020786840468645096,,,,,
kdd_cup_09_appetency,1,1,5,9,RFR,33333,16667,212,1690,0.9821803563928722,0.5,0.5,0.0,0.24059907346963882,0.07954736799001694,1,1,1.0,1,1.0
kdd_cup_09_appetency,1,1,5,9,GPR,33333,16667,212,1690,0.9821803563928722,0.5,0.5,0.0,2.1748309899121523,0.28919587191194296,1,3,3.0,3,3.0
kdd_cup_09_appetency,1,1,5,9,FIGS,33333,16667,212,1690,0.9817603647927041,0.49978619425778864,0.7713699816326574,-0.002760993641203771,8.797360800206661,0.02733851782977581,,,,,
kdd_cup_09_appetency,1,1,5,9,HSTree,33333,16667,212,1690,0.9815203695926081,0.4996640195479536,0.7682967940451142,-0.003461504268159389,1.5008691623806953,0.02050855103880167,,,,,
kdd_cup_09_appetency,1,1,5,9,GreedyRuleList,33333,16667,212,1690,0.9817603647927041,0.49978619425778864,0.7489103003153094,-0.002760993641203771,2.214389850385487,0.04441845417022705,,,,,
kdd_cup_09_appetency,1,1,5,9,Dummy,33333,16667,212,1690,0.9821803563928722,0.5,0.5,0.0,0.004376673139631748,0.00019832700490951538,,,,,
kdd_cup_09_appetency,1,2,6,9,RFR,33334,16666,212,1685,0.9822392895715829,0.5,0.5,0.0,0.24206392746418715,0.07870689686387777,1,1,1.0,1,1.0
kdd_cup_09_appetency,1,2,6,9,GPR,33334,16666,212,1685,0.9822392895715829,0.5,0.5,0.0,2.2102952152490616,0.28679958917200565,1,3,3.0,3,3.0
kdd_cup_09_appetency,1,2,6,9,FIGS,33334,16666,212,1685,0.9816392655706229,0.5063291452723341,0.7432358137000776,0.05090119389055057,8.414855538867414,0.02033822238445282,,,,,
kdd_cup_09_appetency,1,2,6,9,HSTree,33334,16666,212,1685,0.9809792391695668,0.5093104558437485,0.7431209653453088,0.05532594898336439,1.2191107654944062,0.02034126129001379,,,,,
kdd_cup_09_appetency,1,2,6,9,GreedyRuleList,33334,16666,212,1685,0.9822392895715829,0.5,0.7456989136356882,0.0,1.5431615440174937,0.037363250739872456,,,,,
kdd_cup_09_appetency,1,2,6,9,Dummy,33334,16666,212,1685,0.9822392895715829,0.5,0.5,0.0,0.004372702911496162,0.00020928867161273956,,,,,
kdd_cup_09_appetency,2,0,7,9,RFR,33333,16667,212,1687,0.9821803563928722,0.5,0.5,0.0,0.24156104400753975,0.07884321454912424,1,1,1.0,1,1.0
kdd_cup_09_appetency,2,0,7,9,GPR,33333,16667,212,1687,0.9821803563928722,0.5,0.5,0.0,2.1623383155092597,0.2905060891062021,1,5,5.0,5,5.0
kdd_cup_09_appetency,2,0,7,9,FIGS,33333,16667,212,1687,0.9817003659926802,0.5014086085863728,0.7578328592378685,0.015220345063592117,8.41560374200344,0.019654409028589725,,,,,
kdd_cup_09_appetency,2,0,7,9,HSTree,33333,16667,212,1687,0.9806803863922722,0.5025423240756167,0.7576509341017588,0.016140385798532088,1.16446503251791,0.020486930385231972,,,,,
kdd_cup_09_appetency,2,0,7,9,GreedyRuleList,33333,16667,212,1687,0.9821803563928722,0.5,0.7531237851946464,0.0,1.537865455262363,0.03796049393713474,,,,,
kdd_cup_09_appetency,2,0,7,9,Dummy,33333,16667,212,1687,0.9821803563928722,0.5,0.5,0.0,0.0043989913538098335,0.0002047177404165268,,,,,
kdd_cup_09_appetency,2,1,8,9,RFR,33333,16667,212,1684,0.9821803563928722,0.5,0.5,0.0,0.2418594602495432,0.07924190163612366,1,1,1.0,1,1.0
kdd_cup_09_appetency,2,1,8,9,GPR,33333,16667,212,1684,0.9821803563928722,0.5,0.5,0.0,2.174769795499742,0.2851798264309764,1,5,5.0,5,5.0
kdd_cup_09_appetency,2,1,8,9,FIGS,33333,16667,212,1684,0.9815803683926322,0.5030004792374981,0.7515580360723916,0.027403934895279078,8.665564715862274,0.027015240862965584,,,,,
kdd_cup_09_appetency,2,1,8,9,HSTree,33333,16667,212,1684,0.9811003779924401,0.504409087823871,0.7556468780659373,0.030765209876109784,1.5312473084777594,0.020591200329363346,,,,,
kdd_cup_09_appetency,2,1,8,9,GreedyRuleList,33333,16667,212,1684,0.9820603587928242,0.49993891264508244,0.7733600513380599,-0.0014755917681958922,2.007196795195341,0.04167573433369398,,,,,
kdd_cup_09_appetency,2,1,8,9,Dummy,33333,16667,212,1684,0.9821803563928722,0.5,0.5,0.0,0.004382133483886719,0.00020426791161298752,,,,,
kdd_cup_09_appetency,2,2,9,9,RFR,33334,16666,212,1691,0.9821192847713909,0.49993891264508244,0.49993891264508244,-0.0014731497119717875,0.2382745100185275,0.078699697740376,1,2,2.0,2,2.0
kdd_cup_09_appetency,2,2,9,9,GPR,33334,16666,212,1691,0.9822392895715829,0.5,0.5,0.0,2.1554501187056303,0.2916446579620242,1,5,5.0,5,5.0
kdd_cup_09_appetency,2,2,9,9,FIGS,33334,16666,212,1691,0.9812192487699508,0.5044566940183922,0.7528808053624791,0.031712704749529,9.212635001167655,0.03513863403350115,,,,,
kdd_cup_09_appetency,2,2,9,9,HSTree,33334,16666,212,1691,0.9813992559702388,0.5045483250507685,0.7561335006356389,0.03470417641370765,1.4566387310624123,0.020422911271452904,,,,,
kdd_cup_09_appetency,2,2,9,9,GreedyRuleList,33334,16666,212,1691,0.9821792871714868,0.49996945632254125,0.7758421180802061,-0.001041642897219533,2.013587610796094,0.0426630238071084,,,,,
kdd_cup_09_appetency,2,2,9,9,Dummy,33334,16666,212,1691,0.9822392895715829,0.5,0.5,0.0,0.0043761348351836205,0.00020223762840032578,,,,,
kick,0,0,1,9,RFR,68012,4701,31,605,0.8640714741544352,0.50078125,0.34429731747106623,0.03674325093621551,0.2311273654922843,0.005894516594707966,1,2,2.0,2,2.0
kick,0,0,1,9,GPR,68012,4701,31,605,0.8640714741544352,0.50078125,0.50078125,0.03674325093621551,2.0797162633389235,0.03198298718780279,1,1,1.0,1,1.0
kick,0,0,1,9,FIGS,68012,4701,31,605,0.8634333120612636,0.5089675418616104,0.7077105392760404,0.07724036708383014,8.892029700800776,0.012546975165605545,,,,,
kick,0,0,1,9,HSTree,68012,4701,31,605,0.8630078706658157,0.5041144037798572,0.7017294847328245,0.045692514281721046,1.5709879705682397,0.002826649695634842,,,,,
kick,0,0,1,9,GreedyRuleList,68012,4701,31,605,0.8632205913635397,0.49963063284905196,0.6514609240334894,-0.010031771083907686,0.8907377496361732,0.005950866267085075,,,,,
kick,0,0,1,9,Dummy,68012,4701,31,605,0.8638587534567114,0.5,0.5,0.0,0.009251280687749386,0.00020546745508909225,,,,,
kick,1,0,2,9,RFR,62684,5328,31,600,0.8928303303303303,0.5008741258741258,0.38870021378957464,0.039507682976958655,0.20592371746897697,0.006591320037841797,1,2,2.0,2,2.0
kick,1,0,2,9,GPR,62684,5328,31,600,0.8922672672672672,0.5005587347891806,0.5005587347891806,0.012630066207989026,2.0073300236836076,0.0345754399895668,1,3,3.0,3,3.0
kick,1,0,2,9,FIGS,62684,5328,31,600,0.8930180180180181,0.5132831844354132,0.6867170361177932,0.10643933645122468,8.022541278973222,0.013781972229480743,,,,,
kick,1,0,2,9,HSTree,62684,5328,31,600,0.8911411411411412,0.5099248942814965,0.6838967119928012,0.07500904813711237,1.331323797814548,0.003113776445388794,,,,,
kick,1,0,2,9,GreedyRuleList,62684,5328,31,600,0.8926426426426426,0.5,0.6419838834420415,0.0,0.7869299212470651,0.006641259416937828,,,,,
kick,1,0,2,9,Dummy,62684,5328,31,600,0.8926426426426426,0.5,0.5,0.0,0.008132963441312313,0.00019800756126642227,,,,,
kick,2,0,3,9,RFR,59029,3655,31,596,0.8618331053351573,0.5018175040197215,0.3940378211540899,0.043837012845146725,0.21148589719086885,0.004376513883471489,1,2,2.0,2,2.0
kick,2,0,3,9,GPR,59029,3655,31,596,0.8618331053351573,0.5009881422924901,0.5009881422924901,0.04126927128782401,2.3860752442851663,0.0249202037230134,1,3,3.0,3,3.0
kick,2,0,3,9,FIGS,59029,3655,31,596,0.8623803009575923,0.5104286824225521,0.676344645454922,0.09530570931279392,7.491233334876597,0.008722777478396893,,,,,
kick,2,0,3,9,HSTree,59029,3655,31,596,0.8621067031463748,0.509440540130062,0.665480728558034,0.08839368139718341,1.2148276949301362,0.00218183733522892,,,,,
kick,2,0,3,9,GreedyRuleList,59029,3655,31,596,0.8612859097127223,0.4998412194347412,0.6220790338108466,-0.00663139132157477,0.7360469168052077,0.004581021144986153,,,,,
kick,2,0,3,9,Dummy,59029,3655,31,596,0.8615595075239398,0.5,0.5,0.0,0.0076436977833509445,0.00019766762852668762,,,,,
kick,3,0,4,9,RFR,55114,3915,31,595,0.8727969348659004,0.49985371562317144,0.391840804923161,-0.006095112900446003,0.17897765524685383,0.004572962410748005,1,2,2.0,2,2.0
kick,3,0,4,9,GPR,55114,3915,31,595,0.8727969348659004,0.49985371562317144,0.49985371562317144,-0.006095112900446003,2.235007803887129,0.025042892433702946,1,1,1.0,1,1.0
kick,3,0,4,9,FIGS,55114,3915,31,595,0.8730523627075352,0.5060182628833269,0.6786629666824823,0.06712949505188459,7.079086624085903,0.010492537170648575,,,,,
kick,3,0,4,9,HSTree,55114,3915,31,595,0.8725415070242657,0.5057256941296698,0.6556530523103512,0.05975658280924175,1.1713937623426318,0.002324734814465046,,,,,
kick,3,0,4,9,GreedyRuleList,55114,3915,31,595,0.8730523627075352,0.5,0.6179926251481975,0.0,0.6794994026422501,0.004861647263169289,,,,,
kick,3,0,4,9,Dummy,55114,3915,31,595,0.8730523627075352,0.5,0.5,0.0,0.007164423353970051,0.00019813794642686844,,,,,
kick,4,0,5,9,RFR,51191,3923,31,592,0.8873311241396891,0.5019751696670094,0.38343509237606604,0.0391363141987584,0.1745068645104766,0.004568081349134445,1,2,2.0,2,2.0
kick,4,0,5,9,GPR,51191,3923,31,592,0.8873311241396891,0.5019751696670094,0.5019751696670094,0.0391363141987584,2.0730977775529027,0.02616551984101534,1,1,1.0,1,1.0
kick,4,0,5,9,FIGS,51191,3923,31,592,0.886821310221769,0.5076134048961329,0.696881974675712,0.07124022745121805,6.542022476904094,0.008676737546920776,,,,,
kick,4,0,5,9,HSTree,51191,3923,31,592,0.8865664032628091,0.5045070135096665,0.6892493965300968,0.04959317886910388,1.0470254523679614,0.0023168856278061867,,,,,
kick,4,0,5,9,GreedyRuleList,51191,3923,31,592,0.8873311241396891,0.5,0.6460530403574154,0.0,0.6145125376060605,0.004746588878333569,,,,,
kick,4,0,5,9,Dummy,51191,3923,31,592,0.8873311241396891,0.5,0.5,0.0,0.006689378060400486,0.0002025878056883812,,,,,
kick,5,0,6,9,RFR,46916,4275,31,588,0.8844444444444445,0.5020161290322581,0.41493552014955315,0.05971674935457238,0.1603613756597042,0.005179314874112606,1,2,2.0,2,2.0
kick,5,0,6,9,GPR,46916,4275,31,588,0.8842105263157894,0.501008064516129,0.501008064516129,0.04222117824722346,1.9705843171104789,0.02749528642743826,1,2,2.0,2,2.0
kick,5,0,6,9,FIGS,46916,4275,31,588,0.8846783625730994,0.5109059829789414,0.6654455543794655,0.09991155200471924,6.0755502032116055,0.011566896922886372,,,,,
kick,5,0,6,9,HSTree,46916,4275,31,588,0.8858479532163742,0.5098160248913777,0.6717737667415002,0.1188356214123034,0.9574646223336458,0.0025069033727049828,,,,,
kick,5,0,6,9,GreedyRuleList,46916,4275,31,588,0.8839766081871345,0.5,0.6229603965889593,0.0,0.5575902871787548,0.005604620091617107,,,,,
kick,5,0,6,9,Dummy,46916,4275,31,588,0.8839766081871345,0.5,0.5,0.0,0.006185252219438553,0.00020088814198970795,,,,,
kick,6,0,7,9,RFR,43044,3872,31,586,0.8571797520661157,0.5009025270758123,0.39052819866693644,0.039334326901842895,0.145985409617424,0.004563611000776291,1,2,2.0,2,2.0
kick,6,0,7,9,GPR,43044,3872,31,586,0.8571797520661157,0.5009025270758123,0.5009025270758123,0.039334326901842895,2.1850683763623238,0.026468796655535698,2,8,4.0,9,4.5
kick,6,0,7,9,FIGS,43044,3872,31,586,0.8582128099173554,0.5120309742505054,0.6900385274065758,0.10519443580164188,5.165314473211765,0.00786527618765831,,,,,
kick,6,0,7,9,HSTree,43044,3872,31,586,0.8576962809917356,0.5034594151145813,0.6598979856074405,0.06746113741260774,0.8518573911860585,0.002290095202624798,,,,,
kick,6,0,7,9,GreedyRuleList,43044,3872,31,586,0.8569214876033058,0.5,0.6373943787632497,0.0,0.49494827818125486,0.004768828861415386,,,,,
kick,6,0,7,9,Dummy,43044,3872,31,586,0.8569214876033058,0.5,0.5,0.0,0.005700618959963322,0.00019913818687200546,,,,,
kick,7,0,8,9,RFR,38964,4080,31,577,0.8463235294117647,0.5,0.39462160126113666,0.0,0.1257618349045515,0.004755550064146519,1,2,2.0,2,2.0
kick,7,0,8,9,GPR,38964,4080,31,577,0.8463235294117647,0.5,0.5,0.0,1.8478128733113408,0.027362787164747715,1,4,4.0,4,4.0
kick,7,0,8,9,FIGS,38964,4080,31,577,0.8463235294117647,0.5,0.6647733912355066,0.0,4.860701443627477,0.01152497623115778,,,,,
kick,7,0,8,9,HSTree,38964,4080,31,577,0.8463235294117647,0.500652646544091,0.6575457810996701,0.021266767804482178,0.7070673601701856,0.0023647351190447807,,,,,
kick,7,0,8,9,GreedyRuleList,38964,4080,31,577,0.8463235294117647,0.5,0.6384559851567945,0.0,0.4376806113868952,0.005005955696105957,,,,,
kick,7,0,8,9,Dummy,38964,4080,31,577,0.8463235294117647,0.5,0.5,0.0,0.005161655135452747,0.0001970883458852768,,,,,
kick,8,0,9,9,RFR,35106,3858,31,573,0.8602903058579575,0.5009259259259259,0.4152579644140825,0.03991319478022305,0.12824918888509274,0.004487992264330387,1,2,2.0,2,2.0
kick,8,0,9,9,GPR,35106,3858,31,573,0.8600311041990669,0.5,0.5,0.0,1.8530454598367214,0.02568296529352665,1,3,3.0,3,3.0
kick,8,0,9,9,FIGS,35106,3858,31,573,0.8600311041990669,0.500775232737258,0.6345762730783828,0.02363271731789446,4.208069524727762,0.00892997533082962,,,,,
kick,8,0,9,9,HSTree,35106,3858,31,573,0.8597719025401762,0.5013997722858482,0.6226888129841717,0.02699839521105769,0.6318167960271239,0.002272365614771843,,,,,
kick,8,0,9,9,GreedyRuleList,35106,3858,31,573,0.8600311041990669,0.5,0.6045475855602438,0.0,0.3841097932308912,0.005203103646636009,,,,,
kick,8,0,9,9,Dummy,35106,3858,31,573,0.8600311041990669,0.5,0.5,0.0,0.004703479818999767,0.00020053796470165253,,,,,
labour_inspection_compliance,0,0,1,9,RFR,42422,21212,372,472,0.7426928153875165,0.4999682640431609,0.4947082603688385,-0.004040984653820941,0.13735332153737545,0.057817522436380386,2,4,2.0,4,2.0
labour_inspection_compliance,0,0,1,9,GPR,42422,21212,372,472,0.7427399585140486,0.5001197789567635,0.5001197789567635,0.007626352050821446,1.8338425662368536,0.11032231152057648,1,2,2.0,3,3.0
labour_inspection_compliance,0,0,1,9,FIGS,42422,21212,372,472,0.7483499905713747,0.5363564551035076,0.6505737915663541,0.15222934594594453,5.8062947960570455,0.05138508137315512,,,,,
labour_inspection_compliance,0,0,1,9,HSTree,42422,21212,372,472,0.7486328493305676,0.5350496338849993,0.643461366430383,0.15098261798464574,1.140870195813477,0.010824983939528465,,,,,
labour_inspection_compliance,0,0,1,9,GreedyRuleList,42422,21212,372,472,0.743777107297756,0.5075854810643577,0.5971078522968907,0.06730024303937374,0.3877906845882535,0.021430980414152145,,,,,
labour_inspection_compliance,0,0,1,9,Dummy,42422,21212,372,472,0.7427399585140486,0.5,0.5,0.0,0.000805271789431572,0.00020283833146095276,,,,,
labour_inspection_compliance,0,1,2,9,RFR,42423,21211,372,471,0.7426335392013578,0.5011029175674808,0.5023252056089814,0.0214360762567238,0.12680960539728403,0.027495737187564373,2,3,1.5,3,1.5
labour_inspection_compliance,0,1,2,9,GPR,42423,21211,372,471,0.7427749752486917,0.5000599062718999,0.5000599062718999,0.00539353597314481,3.5243137711659074,0.11370657477527857,6,16,2.6666666666666665,16,2.6666666666666665
labour_inspection_compliance,0,1,2,9,FIGS,42423,21211,372,471,0.7455094054971477,0.5302362583772223,0.6490367939331274,0.1318368709593776,5.716092020273209,0.059579904191195965,,,,,
labour_inspection_compliance,0,1,2,9,HSTree,42423,21211,372,471,0.7446607892131442,0.5309230428640166,0.6408810020279369,0.1306972235394883,1.1596838058903813,0.010756284929811954,,,,,
labour_inspection_compliance,0,1,2,9,GreedyRuleList,42423,21211,372,471,0.7441421903729197,0.5062520009474253,0.5929085434405686,0.06544138421974925,0.385549359023571,0.02087239734828472,,,,,
labour_inspection_compliance,0,1,2,9,Dummy,42423,21211,372,471,0.7427749752486917,0.5,0.5,0.0,0.000802651047706604,0.00019981805235147476,,,,,
labour_inspection_compliance,0,2,3,9,RFR,42423,21211,372,471,0.7428692659469144,0.5007224409045772,0.5007835512349569,0.020577280816875525,0.14401362091302872,0.026676764711737633,1,2,2.0,2,2.0
labour_inspection_compliance,0,2,3,9,GPR,42423,21211,372,471,0.7425392485031351,0.5001408515753041,0.5001408515753041,0.004631967503549101,3.348251718096435,0.1118962736800313,6,12,2.0,13,2.1666666666666665
labour_inspection_compliance,0,2,3,9,FIGS,42423,21211,372,471,0.7445664985149215,0.5245694124008484,0.6385704719723105,0.11690171558456228,5.912467109039426,0.056441367603838444,,,,,
labour_inspection_compliance,0,2,3,9,HSTree,42423,21211,372,471,0.7454151147989251,0.5195094700653612,0.639576762392612,0.108671759590334,1.204820896498859,0.010806725360453129,,,,,
labour_inspection_compliance,0,2,3,9,GreedyRuleList,42423,21211,372,471,0.7447079345622555,0.5073517076922933,0.5902915775934838,0.0740500955232074,0.3839309373870492,0.021156364120543003,,,,,
labour_inspection_compliance,0,2,3,9,Dummy,42423,21211,372,471,0.7427749752486917,0.5,0.5,0.0,0.0008035609498620033,0.0002106083557009697,,,,,
labour_inspection_compliance,1,0,4,9,RFR,42422,21212,372,471,0.7427399585140486,0.5000598894783818,0.5000598894783818,0.005392390994728162,0.13487895857542753,0.026451117359101772,1,1,1.0,1,1.0
labour_inspection_compliance,1,0,4,9,GPR,42422,21212,372,471,0.7426928153875165,0.4999682640431609,0.4999682640431609,-0.004040984653820941,3.375034705735743,0.11216461192816496,6,17,2.8333333333333335,17,2.8333333333333335
labour_inspection_compliance,1,0,4,9,FIGS,42422,21212,372,471,0.748161418065246,0.5242516155998076,0.6520553495558332,0.1307781578707864,5.784394945949316,0.0646345792338252,,,,,
labour_inspection_compliance,1,0,4,9,HSTree,42422,21212,372,471,0.7440599660569489,0.5264015245821069,0.646823365643294,0.1194522307017152,1.207405660301447,0.010801464319229126,,,,,
labour_inspection_compliance,1,0,4,9,GreedyRuleList,42422,21212,372,471,0.7441542523100132,0.5077195897623071,0.593877164458264,0.07053543227165432,0.3895656084641814,0.021200024522840977,,,,,
labour_inspection_compliance,1,0,4,9,Dummy,42422,21212,372,471,0.7427399585140486,0.5,0.5,0.0,0.0008005611598491669,0.00020288769155740738,,,,,
labour_inspection_compliance,1,1,5,9,RFR,42423,21211,372,474,0.7424921031540238,0.500049209346565,0.4987365005849281,0.001675030659537616,0.12239839229732752,0.028361217118799686,2,3,1.5,3,1.5
labour_inspection_compliance,1,1,5,9,GPR,42423,21211,372,474,0.7427749752486917,0.5001198125437999,0.5001198125437998,0.007627971388134284,2.394252520054579,0.11244101915508509,3,7,2.3333333333333335,7,2.3333333333333335
labour_inspection_compliance,1,1,5,9,FIGS,42423,21211,372,474,0.7459808589882608,0.5309729618489126,0.6477266910565095,0.13475986527645029,5.839528474025428,0.05857956409454346,,,,,
labour_inspection_compliance,1,1,5,9,HSTree,42423,21211,372,474,0.7442836264202537,0.5188676196450226,0.646525604914327,0.10252398113041052,1.2146162139251828,0.010777594521641731,,,,,
labour_inspection_compliance,1,1,5,9,GreedyRuleList,42423,21211,372,474,0.7444250624675876,0.5063226041446601,0.5901592009611992,0.06850339460764814,0.37828628811985254,0.020737028680741787,,,,,
labour_inspection_compliance,1,1,5,9,Dummy,42423,21211,372,474,0.7427749752486917,0.5,0.5,0.0,0.000800631009042263,0.00020475778728723526,,,,,
labour_inspection_compliance,1,2,6,9,RFR,42423,21211,372,472,0.7427278298995804,0.4999682640431609,0.4999682640431609,-0.004040709631335074,0.12496453523635864,0.026591195724904537,1,1,1.0,1,1.0
labour_inspection_compliance,1,2,6,9,GPR,42423,21211,372,472,0.7424449578049126,0.4999575671178261,0.4999575671178261,-0.0014988555887049742,1.6574024949222803,0.10829963255673647,1,2,2.0,2,2.0
labour_inspection_compliance,1,2,6,9,FIGS,42423,21211,372,472,0.7459808589882608,0.5243233656680233,0.6392343677145735,0.12140197866679729,6.054579673334956,0.063208794221282,,,,,
labour_inspection_compliance,1,2,6,9,HSTree,42423,21211,372,472,0.7455094054971477,0.53167400890282,0.6345648311619176,0.13468492392795087,1.1362808318808675,0.010903912596404552,,,,,
labour_inspection_compliance,1,2,6,9,GreedyRuleList,42423,21211,372,472,0.7440478996746971,0.5051102161395489,0.5885841179684148,0.06083684324742031,0.38820495270192623,0.021245802752673626,,,,,
labour_inspection_compliance,1,2,6,9,Dummy,42423,21211,372,472,0.7427749752486917,0.5,0.5,0.0,0.0008085016161203384,0.00020635779947042465,,,,,
labour_inspection_compliance,2,0,7,9,RFR,42422,21212,372,471,0.7428813878936451,0.5010534395246248,0.5005600637440856,0.0249248786823906,0.13394397869706154,0.05761926434934139,1,2,2.0,2,2.0
labour_inspection_compliance,2,0,7,9,GPR,42422,21212,372,471,0.7426928153875165,0.5000281535215426,0.5000281535215427,0.0020697990276275706,3.377192464657128,0.11081754602491856,6,16,2.6666666666666665,16,2.6666666666666665
labour_inspection_compliance,2,0,7,9,FIGS,42422,21212,372,471,0.7468414105223459,0.5253992510732912,0.6518527558610474,0.12705509799096049,6.095760317519307,0.0671155285090208,,,,,
labour_inspection_compliance,2,0,7,9,HSTree,42422,21212,372,471,0.7440599660569489,0.5323305829418971,0.6507050564155048,0.13198850332597722,1.2372514121234417,0.010848348028957844,,,,,
labour_inspection_compliance,2,0,7,9,GreedyRuleList,42422,21212,372,471,0.7439185366773524,0.5043867676238806,0.5963810599204757,0.05743582892166667,0.38792477548122406,0.021146994084119797,,,,,
labour_inspection_compliance,2,0,7,9,Dummy,42422,21212,372,471,0.7427399585140486,0.5,0.5,0.0,0.0007978687062859535,0.00020272750407457352,,,,,
labour_inspection_compliance,2,1,8,9,RFR,42423,21211,372,474,0.7425863938522465,0.5002924000759429,0.49869479479120815,0.008778521754291146,0.12202709168195724,0.02686957363039255,1,1,1.0,1,1.0
labour_inspection_compliance,2,1,8,9,GPR,42423,21211,372,474,0.7425392485031351,0.4999611327596043,0.4999611327596043,-0.0016498726258149024,1.614065619185567,0.1093687117099762,1,2,2.0,2,2.0
labour_inspection_compliance,2,1,8,9,FIGS,42423,21211,372,474,0.7459337136391495,0.5285449750160774,0.6451975342278344,0.1298239268901848,5.696950845420361,0.054596598260104656,,,,,
labour_inspection_compliance,2,1,8,9,HSTree,42423,21211,372,474,0.7456979868935929,0.5199395108939954,0.6393434716996232,0.11086590108829915,1.106710284948349,0.010751570574939251,,,,,
labour_inspection_compliance,2,1,8,9,GreedyRuleList,42423,21211,372,474,0.744802225260478,0.5077147109654712,0.5923094458213238,0.07585936089388687,0.388582956045866,0.021294974721968174,,,,,
labour_inspection_compliance,2,1,8,9,Dummy,42423,21211,372,474,0.7427749752486917,0.5,0.5,0.0,0.0007963385432958603,0.00020060688257217407,,,,,
labour_inspection_compliance,2,2,9,9,RFR,42423,21211,372,472,0.7428692659469144,0.500243190729378,0.5114493222837604,0.015482952508326356,0.12570038996636868,0.026731938123703003,1,1,1.0,1,1.0
labour_inspection_compliance,2,2,9,9,GPR,42423,21211,372,472,0.7428692659469144,0.500243190729378,0.500243190729378,0.015482952508326356,2.3605106249451637,0.11120798625051975,3,9,3.0,10,3.3333333333333335
labour_inspection_compliance,2,2,9,9,FIGS,42423,21211,372,472,0.7445664985149215,0.5231915681471506,0.6389973485119931,0.11380625049983557,5.641504661180079,0.048201113007962704,,,,,
labour_inspection_compliance,2,2,9,9,HSTree,42423,21211,372,472,0.7446607892131442,0.5291857609789193,0.6376092784862786,0.12711997808316264,1.1565001346170902,0.010956738144159317,,,,,
labour_inspection_compliance,2,2,9,9,GreedyRuleList,42423,21211,372,472,0.7435293008344727,0.5126687485051061,0.5855593311158493,0.08243791505077011,0.3917702967301011,0.021432602778077126,,,,,
labour_inspection_compliance,2,2,9,9,Dummy,42423,21211,372,472,0.7427749752486917,0.5,0.5,0.0,0.0008043376728892326,0.0002019079402089119,,,,,
lending_club,0,0,1,1,RFR,814751,250000,88,116,0.76794,0.4999973956434323,0.5000148318227736,-0.0010994171047444485,1.580208937637508,0.084333929233253,1,1,1.0,1,1.0
lending_club,0,0,1,1,GPR,814751,250000,88,116,0.76794,0.4999973956434323,0.4999973956434323,-0.0010994171047444485,11.511750851757824,0.31555986031889915,2,3,1.5,3,1.5
lending_club,0,0,1,1,FIGS,814751,250000,88,116,0.767956,0.5000679555970384,0.6572760254581844,0.006957876485538553,68.88799696136266,1.1070297034457326,,,,,
lending_club,0,0,1,1,HSTree,814751,250000,88,116,0.767944,0.5,0.6331689885577035,0.0,11.680995736271143,0.07026473991572857,,,,,
lending_club,0,0,1,1,GreedyRuleList,814751,250000,88,116,0.767944,0.5,0.5994077657161851,0.0,5.096495930105448,0.2498973375186324,,,,,
lending_club,0,0,1,1,Dummy,814751,250000,88,116,0.767944,0.5,0.5,0.0,0.009250477887690067,0.00032048579305410385,,,,,
polish_companies_bankruptcy,0,0,1,9,RFR,3860,1930,64,64,0.9295336787564766,0.5065717528113071,0.7706179717321778,0.06594926456707315,0.004357301630079746,0.00041030440479516983,2,2,1.0,2,1.0
polish_companies_bankruptcy,0,0,1,9,GPR,3860,1930,64,64,0.9243523316062177,0.5037862374909728,0.5037862374909728,0.021994137672823637,1.2282899916172028,0.00022618751972913742,2,5,2.5,5,2.5
polish_companies_bankruptcy,0,0,1,9,FIGS,3860,1930,64,64,0.9295336787564766,0.6367275353347777,0.7852718456618177,0.3478356783422944,0.8735832199454308,0.00806199386715889,,,,,
polish_companies_bankruptcy,0,0,1,9,HSTree,3860,1930,64,64,0.927461139896373,0.611637264004952,0.7331063654183432,0.3025306785207502,0.14395735040307045,0.0006892411038279533,,,,,
polish_companies_bankruptcy,0,0,1,9,GreedyRuleList,3860,1930,64,64,0.9290155440414508,0.5028680491076034,0.728461776539771,0.032170480862627776,0.11661381088197231,0.003100348636507988,,,,,
polish_companies_bankruptcy,0,0,1,9,Dummy,3860,1930,64,64,0.9300518134715026,0.5,0.5,0.0,0.0006859805434942245,0.00019528716802597046,,,,,
polish_companies_bankruptcy,0,1,2,9,RFR,3860,1930,64,64,0.9300518134715026,0.5034251521716703,0.7079088001650675,0.05430508086319764,0.004470551386475563,0.00038731470704078674,2,4,2.0,4,2.0
polish_companies_bankruptcy,0,1,2,9,GPR,3860,1930,64,64,0.9305699481865285,0.5037037037037037,0.5037037037037037,0.08302315408488363,1.3416456440463662,0.0002529267221689224,4,12,3.0,13,3.25
polish_companies_bankruptcy,0,1,2,9,FIGS,3860,1930,64,64,0.9238341968911917,0.6028370989373775,0.7608542246982358,0.273195836953095,0.7455296805128455,0.004564030095934868,,,,,
polish_companies_bankruptcy,0,1,2,9,HSTree,3860,1930,64,64,0.9207253886010363,0.6251418549468689,0.7617538429794697,0.29657287635311563,0.09993912186473608,0.0006965110078454018,,,,,
polish_companies_bankruptcy,0,1,2,9,GreedyRuleList,3860,1930,64,64,0.9284974093264249,0.5094398019189106,0.8017043227071081,0.07068171044188387,0.10239411052316427,0.002865063026547432,,,,,
polish_companies_bankruptcy,0,1,2,9,Dummy,3860,1930,64,64,0.9300518134715026,0.5,0.5,0.0,0.0006695305928587914,0.00020357780158519745,,,,,
polish_companies_bankruptcy,0,2,3,9,RFR,3860,1930,64,64,0.9290155440414508,0.49972129319955405,0.3524862286051544,-0.00626891124284805,0.004628549329936504,0.0003333361819386482,2,3,1.5,3,1.5
polish_companies_bankruptcy,0,2,3,9,GPR,3860,1930,64,64,0.9300518134715026,0.5036764705882353,0.5036764705882353,0.08269431448286324,1.2587530259042978,0.0002229074016213417,2,3,1.5,3,1.5
polish_companies_bankruptcy,0,2,3,9,FIGS,3860,1930,64,64,0.9476683937823834,0.6592563446783396,0.7778255951209916,0.49881251530592385,0.7091430313885212,0.00398370623588562,,,,,
polish_companies_bankruptcy,0,2,3,9,HSTree,3860,1930,64,64,0.9466321243523316,0.662096694865237,0.7983863695980065,0.49009301452506926,0.10332153923809528,0.0006939610466361046,,,,,
polish_companies_bankruptcy,0,2,3,9,GreedyRuleList,3860,1930,64,64,0.9253886010362694,0.5045658731720113,0.7985913010689225,0.02973168949170869,0.1089249262586236,0.0030103204771876335,,,,,
polish_companies_bankruptcy,0,2,3,9,Dummy,3860,1930,64,64,0.9295336787564766,0.5,0.5,0.0,0.0006817309185862541,0.00019693654030561447,,,,,
polish_companies_bankruptcy,1,0,4,9,RFR,3860,1930,64,64,0.9300518134715026,0.5068503043433406,0.5882616321056432,0.07683884637692391,0.005254929885268211,0.00037270598113536835,2,4,2.0,4,2.0
polish_companies_bankruptcy,1,0,4,9,GPR,3860,1930,64,64,0.9300518134715026,0.5,0.5,0.0,1.2438223995268345,0.0002334965392947197,2,4,2.0,4,2.0
polish_companies_bankruptcy,1,0,4,9,FIGS,3860,1930,64,64,0.9414507772020725,0.6294336118848654,0.7718394717837616,0.4156351323778556,0.7149687642231584,0.003557962365448475,,,,,
polish_companies_bankruptcy,1,0,4,9,HSTree,3860,1930,64,64,0.9419689119170984,0.6673888373052719,0.8001691942639018,0.45361429248675467,0.12131235376000404,0.0006856713443994522,,,,,
polish_companies_bankruptcy,1,0,4,9,GreedyRuleList,3860,1930,64,64,0.9290155440414508,0.5199938099659548,0.8264500154750851,0.12018849476775174,0.11073697358369827,0.0030431197956204414,,,,,
polish_companies_bankruptcy,1,0,4,9,Dummy,3860,1930,64,64,0.9300518134715026,0.5,0.5,0.0,0.0006801523268222809,0.00019597727805376053,,,,,
polish_companies_bankruptcy,1,1,5,9,RFR,3860,1930,64,64,0.9290155440414508,0.5028680491076034,0.6522624574435161,0.032170480862627776,0.005662174895405769,0.00039926450699567795,2,2,1.0,2,1.0
polish_companies_bankruptcy,1,1,5,9,GPR,3860,1930,64,64,0.9300518134715026,0.5034251521716703,0.5034251521716703,0.05430508086319764,1.0444760862737894,0.00021514762192964554,1,2,2.0,2,2.0
polish_companies_bankruptcy,1,1,5,9,FIGS,3860,1930,64,64,0.9404145077720207,0.6768286392241825,0.7192014856081709,0.45253362397864877,0.7732999762520194,0.0035175327211618423,,,,,
polish_companies_bankruptcy,1,1,5,9,HSTree,3860,1930,64,64,0.9409326424870467,0.6805323429278861,0.7293799649231404,0.4592753742784132,0.1240507597103715,0.0006907014176249504,,,,,
polish_companies_bankruptcy,1,1,5,9,GreedyRuleList,3860,1930,64,64,0.927979274611399,0.5194367069018879,0.7094810688125451,0.10935051532654197,0.11439667735248804,0.003070048987865448,,,,,
polish_companies_bankruptcy,1,1,5,9,Dummy,3860,1930,64,64,0.9300518134715026,0.5,0.5,0.0,0.0006721010431647301,0.00019765645265579224,,,,,
polish_companies_bankruptcy,1,2,6,9,RFR,3860,1930,64,64,0.9295336787564766,0.5,0.7557831661092531,0.0,0.005409718491137028,0.00038150418549776077,2,3,1.5,3,1.5
polish_companies_bankruptcy,1,2,6,9,GPR,3860,1930,64,64,0.9295336787564766,0.5,0.5,0.0,0.9258086187765002,0.0002040676772594452,1,1,1.0,1,1.0
polish_companies_bankruptcy,1,2,6,9,FIGS,3860,1930,64,64,0.9341968911917099,0.6418166765033773,0.7858732539838678,0.3805139566819199,0.7443724060431123,0.005642295815050602,,,,,
polish_companies_bankruptcy,1,2,6,9,HSTree,3860,1930,64,64,0.9295336787564766,0.5985351498458915,0.731191389599318,0.29541662457459483,0.1158051397651434,0.0006743613630533218,,,,,
polish_companies_bankruptcy,1,2,6,9,GreedyRuleList,3860,1930,64,64,0.9295336787564766,0.5,0.7961095809561283,0.0,0.11073732655495405,0.003083239309489727,,,,,
polish_companies_bankruptcy,1,2,6,9,Dummy,3860,1930,64,64,0.9295336787564766,0.5,0.5,0.0,0.0006723003461956978,0.00019819755107164383,,,,,
polish_companies_bankruptcy,2,0,7,9,RFR,3860,1930,64,64,0.9316062176165804,0.5179614154544516,0.7916723408645414,0.15241615539787354,0.005887983366847038,0.00036261510103940964,2,2,1.0,2,1.0
polish_companies_bankruptcy,2,0,7,9,GPR,3860,1930,64,64,0.9310880829015544,0.5313834726090993,0.5313834726090993,0.1765627747469961,1.379101412370801,0.00024407636374235153,3,6,2.0,6,2.0
polish_companies_bankruptcy,2,0,7,9,FIGS,3860,1930,64,64,0.9404145077720207,0.6151759001341174,0.7789765810378623,0.39363484799680437,0.7666563838720322,0.006995867937803268,,,,,
polish_companies_bankruptcy,2,0,7,9,HSTree,3860,1930,64,64,0.9347150259067357,0.6189621376250902,0.7343361188486537,0.35251286090267253,0.12105031218379736,0.0006817812100052834,,,,,
polish_companies_bankruptcy,2,0,7,9,GreedyRuleList,3860,1930,64,64,0.9321243523316062,0.5250902713298257,0.775856803879088,0.17827229271850542,0.11554625537246466,0.003135139122605324,,,,,
polish_companies_bankruptcy,2,0,7,9,Dummy,3860,1930,64,64,0.9300518134715026,0.5,0.5,0.0,0.0006600217893719673,0.00019568763673305511,,,,,
polish_companies_bankruptcy,2,1,8,9,RFR,3860,1930,64,64,0.9290155440414508,0.49944289693593313,0.817707624058599,-0.00883275411630323,0.005219371058046818,0.0003530951216816902,2,2,1.0,2,1.0
polish_companies_bankruptcy,2,1,8,9,GPR,3860,1930,64,64,0.9295336787564766,0.5031466006396368,0.5031466006396368,0.040744523980160825,1.2039056280627847,0.0002161674201488495,2,3,1.5,3,1.5
polish_companies_bankruptcy,2,1,8,9,FIGS,3860,1930,64,64,0.9398963730569948,0.7005261528938409,0.7760218714536263,0.4728466226089563,0.7786812465637922,0.005260981619358063,,,,,
polish_companies_bankruptcy,2,1,8,9,HSTree,3860,1930,64,64,0.9398963730569948,0.7073764572371815,0.7866831734241204,0.4795421518499709,0.10194631386548281,0.0006935810670256615,,,,,
polish_companies_bankruptcy,2,1,8,9,GreedyRuleList,3860,1930,64,64,0.9300518134715026,0.5068503043433406,0.7818239966986484,0.07683884637692391,0.10921939928084612,0.003002239391207695,,,,,
polish_companies_bankruptcy,2,1,8,9,Dummy,3860,1930,64,64,0.9300518134715026,0.5,0.5,0.0,0.000665031373500824,0.00020321737974882126,,,,,
polish_companies_bankruptcy,2,2,9,9,RFR,3860,1930,64,64,0.9290155440414508,0.49972129319955405,0.5228314151747656,-0.00626891124284805,0.0057143960148096085,0.0003491044044494629,2,2,1.0,2,1.0
polish_companies_bankruptcy,2,2,9,9,GPR,3860,1930,64,64,0.9290155440414508,0.49972129319955405,0.49972129319955405,-0.00626891124284805,1.480539482086897,0.0002501271665096283,4,14,3.5,14,3.5
polish_companies_bankruptcy,2,2,9,9,FIGS,3860,1930,64,64,0.9367875647668393,0.6432102105056069,0.7192869204538003,0.3975944904339295,0.7196956789121032,0.004025707021355629,,,,,
polish_companies_bankruptcy,2,2,9,9,HSTree,3860,1930,64,64,0.9367875647668393,0.6568012656567643,0.7493688110695783,0.41266588946303373,0.14040220249444246,0.0006925612688064575,,,,,
polish_companies_bankruptcy,2,2,9,9,GreedyRuleList,3860,1930,64,64,0.9259067357512953,0.521833398911404,0.733796068594662,0.10772572047315546,0.1101583894342184,0.0030664317309856415,,,,,
polish_companies_bankruptcy,2,2,9,9,Dummy,3860,1930,64,64,0.9295336787564766,0.5,0.5,0.0,0.000683140940964222,0.00019858777523040771,,,,,
porto_seguro,0,0,1,3,RFR,396804,198402,37,205,0.9635487545488453,0.4999973845405422,0.4999973845405422,-0.00043663268887044577,0.9702765280380845,0.18798107467591763,1,2,2.0,2,2.0
porto_seguro,0,0,1,3,GPR,396804,198402,37,205,0.9635537948206168,0.5,0.5,0.0,6.720949738286436,0.4355710353702307,1,4,4.0,4,4.0
porto_seguro,0,0,1,3,FIGS,396804,198402,37,205,0.9635537948206168,0.5,0.6188897151287638,0.0,29.72672830428928,0.7012453908100724,,,,,
porto_seguro,0,0,1,3,HSTree,396804,198402,37,205,0.9635235531899881,0.5001839010529592,0.5992234207871528,0.008862859946958502,4.542502079159021,0.06982527207583189,,,,,
porto_seguro,0,0,1,3,GreedyRuleList,396804,198402,37,205,0.9635537948206168,0.5,0.5852187957274303,0.0,3.2063653599470854,0.2573240613564849,,,,,
porto_seguro,0,0,1,3,Dummy,396804,198402,37,205,0.9635537948206168,0.5,0.5,0.0,0.058442299254238605,0.00027465540915727615,,,,,
porto_seguro,0,1,2,3,RFR,396804,198402,37,205,0.9635537948206168,0.5,0.5,0.0,0.960775338113308,0.18872123677283525,1,2,2.0,2,2.0
porto_seguro,0,1,2,3,GPR,396804,198402,37,205,0.9635537948206168,0.5,0.5,0.0,6.556269846856594,0.4352387599647045,1,4,4.0,4,4.0
porto_seguro,0,1,2,3,FIGS,396804,198402,37,205,0.9635537948206168,0.5,0.615165894773844,0.0,30.624854986555874,0.7775662420317531,,,,,
porto_seguro,0,1,2,3,HSTree,396804,198402,37,205,0.9635537948206168,0.5001330625398038,0.6032743421269285,0.011107014798644196,4.673549086786807,0.06940281111747026,,,,,
porto_seguro,0,1,2,3,GreedyRuleList,396804,198402,37,205,0.9635537948206168,0.5,0.589005721321,0.0,3.572088631801307,0.28123702947050333,,,,,
porto_seguro,0,1,2,3,Dummy,396804,198402,37,205,0.9635537948206168,0.5,0.5,0.0,0.058075495064258575,0.0002819867804646492,,,,,
porto_seguro,0,2,3,3,RFR,396804,198402,37,205,0.9635537948206168,0.5,0.5,0.0,0.94418172724545,0.19271884206682444,1,2,2.0,2,2.0
porto_seguro,0,2,3,3,GPR,396804,198402,37,205,0.9635537948206168,0.5,0.5,0.0,6.582746270112693,0.433503495529294,1,2,2.0,2,2.0
porto_seguro,0,2,3,3,FIGS,396804,198402,37,205,0.9635537948206168,0.5,0.611810190119553,0.0,28.71169037465006,0.7666743956506252,,,,,
porto_seguro,0,2,3,3,HSTree,396804,198402,37,205,0.9635285934617595,0.49998692270271117,0.5953258006012729,-0.000976350215752911,4.465300449170172,0.07281165011227131,,,,,
porto_seguro,0,2,3,3,GreedyRuleList,396804,198402,37,205,0.9635537948206168,0.5,0.5806990857425094,0.0,3.214689686894417,0.26618305686861277,,,,,
porto_seguro,0,2,3,3,Dummy,396804,198402,37,205,0.9635537948206168,0.5,0.5,0.0,0.05829986184835434,0.0002771662548184395,,,,,
prostate_cancer_detection,0,0,1,60,RFR,214,108,15154,15154,0.7870370370370371,0.5951406649616369,0.740153452685422,0.24788104564029048,0.015305059030652046,0.007107171230018139,1,2,2.0,2,2.0
prostate_cancer_detection,0,0,1,60,GPR,214,108,15154,15154,0.8240740740740741,0.5869565217391304,0.5869565217391304,0.37701520954389195,0.5776478508487344,0.014454829506576061,1,3,3.0,3,3.0
prostate_cancer_detection,0,0,1,60,FIGS,214,108,15154,15154,0.8611111111111112,0.7531969309462916,0.8265984654731457,0.556293911166591,3.8882317626848817,0.0017253682017326355,,,,,
prostate_cancer_detection,0,0,1,60,HSTree,214,108,15154,15154,0.8703703703703703,0.8066496163682864,0.8398976982097186,0.6132992327365729,1.2762975608929992,0.0010581361129879951,,,,,
prostate_cancer_detection,0,0,1,60,GreedyRuleList,214,108,15154,15154,0.8703703703703703,0.8383631713554988,0.8199488491048593,0.6398262765072421,1.1921601640060544,0.001147424802184105,,,,,
prostate_cancer_detection,0,0,1,60,Dummy,214,108,15154,15154,0.7870370370370371,0.5,0.5,0.0,0.0003099171444773674,0.0002005370333790779,,,,,
prostate_cancer_detection,0,1,2,60,RFR,215,107,15154,15154,0.794392523364486,0.5217391304347826,0.724120082815735,0.18561915547100374,0.014928113669157028,0.0033171791583299637,1,1,1.0,1,1.0
prostate_cancer_detection,0,1,2,60,GPR,215,107,15154,15154,0.7476635514018691,0.5551242236024845,0.5551242236024846,0.1342983108378525,0.5764465993270278,0.0033226190134882927,1,3,3.0,4,4.0
prostate_cancer_detection,0,1,2,60,FIGS,215,107,15154,15154,0.8504672897196262,0.7784679089026916,0.8100414078674949,0.556935817805383,3.9426946388557553,0.001604059711098671,,,,,
prostate_cancer_detection,0,1,2,60,HSTree,215,107,15154,15154,0.8504672897196262,0.7942546583850931,0.8649068322981367,0.5713207177416465,0.8955619484186172,0.0010430868715047836,,,,,
prostate_cancer_detection,0,1,2,60,GreedyRuleList,215,107,15154,15154,0.8317757009345794,0.8297101449275363,0.8374741200828157,0.5865337905868241,0.781258431263268,0.0009954273700714111,,,,,
prostate_cancer_detection,0,1,2,60,Dummy,215,107,15154,15154,0.7850467289719626,0.5,0.5,0.0,0.000318305566906929,0.0001977076753973961,,,,,
prostate_cancer_detection,0,2,3,60,RFR,215,107,15154,15154,0.7383177570093458,0.4860248447204969,0.43348861283643897,-0.046434543333082404,0.015114352107048035,0.003125520423054695,1,2,2.0,2,2.0
prostate_cancer_detection,0,2,3,60,GPR,215,107,15154,15154,0.7383177570093458,0.5175983436853002,0.5175983436853002,0.04760728256695477,0.721934693865478,0.0032466789707541466,2,4,2.0,4,2.0
prostate_cancer_detection,0,2,3,60,FIGS,215,107,15154,15154,0.8691588785046729,0.7745859213250518,0.7745859213250518,0.5903284124962433,1.8480162108317018,0.0012383656576275826,,,,,
prostate_cancer_detection,0,2,3,60,HSTree,215,107,15154,15154,0.8504672897196262,0.7626811594202898,0.8051242236024844,0.5433799484160562,1.0410611042752862,0.0010647065937519073,,,,,
prostate_cancer_detection,0,2,3,60,GreedyRuleList,215,107,15154,15154,0.8504672897196262,0.8100414078674948,0.8084886128364388,0.5864437760184646,1.0562758203595877,0.0011897655203938484,,,,,
prostate_cancer_detection,0,2,3,60,Dummy,215,107,15154,15154,0.7850467289719626,0.5,0.5,0.0,0.0003229668363928795,0.00020253844559192657,,,,,
prostate_cancer_detection,1,0,4,60,RFR,214,108,15154,15154,0.7685185185185185,0.48823529411764705,0.5790281329923274,-0.07145235056858384,0.015231849625706673,0.007321938872337341,1,1,1.0,1,1.0
prostate_cancer_detection,1,0,4,60,GPR,214,108,15154,15154,0.7870370370370371,0.5475703324808184,0.5475703324808184,0.17004499444382193,0.5834602965041995,0.014699497260153294,1,3,3.0,3,3.0
prostate_cancer_detection,1,0,4,60,FIGS,214,108,15154,15154,0.8888888888888888,0.8342710997442455,0.837851662404092,0.668542199488491,4.095770187675953,0.0017586983740329742,,,,,
prostate_cancer_detection,1,0,4,60,HSTree,214,108,15154,15154,0.8703703703703703,0.8225063938618926,0.8214833759590794,0.626084072001764,1.2661255784332752,0.0010634055361151695,,,,,
prostate_cancer_detection,1,0,4,60,GreedyRuleList,214,108,15154,15154,0.8703703703703703,0.8225063938618926,0.8268542199488491,0.626084072001764,1.2230452382937074,0.0011371569707989693,,,,,
prostate_cancer_detection,1,0,4,60,Dummy,214,108,15154,15154,0.7870370370370371,0.5,0.5,0.0,0.0003188867121934891,0.0001946277916431427,,,,,
prostate_cancer_detection,1,1,5,60,RFR,215,107,15154,15154,0.794392523364486,0.5533126293995859,0.6765010351966874,0.20752889386653947,0.015262880362570286,0.0033043483272194862,1,2,2.0,2,2.0
prostate_cancer_detection,1,1,5,60,GPR,215,107,15154,15154,0.8130841121495327,0.5810041407867494,0.5810041407867494,0.3153230280593537,0.5742866136133671,0.0032738596200942993,1,4,4.0,4,4.0
prostate_cancer_detection,1,1,5,60,FIGS,215,107,15154,15154,0.8411214953271028,0.7883022774327122,0.7883022774327122,0.5522712639318668,2.380585890263319,0.0012947143986821175,,,,,
prostate_cancer_detection,1,1,5,60,HSTree,215,107,15154,15154,0.822429906542056,0.7606107660455487,0.8053830227743272,0.49922546030465875,1.2951659131795168,0.0010425066575407982,,,,,
prostate_cancer_detection,1,1,5,60,GreedyRuleList,215,107,15154,15154,0.8504672897196262,0.8100414078674948,0.8059006211180123,0.5864437760184646,1.3078599404543638,0.001157175749540329,,,,,
prostate_cancer_detection,1,1,5,60,Dummy,215,107,15154,15154,0.7850467289719626,0.5,0.5,0.0,0.0003319261595606804,0.00019436702132225037,,,,,
prostate_cancer_detection,1,2,6,60,RFR,215,107,15154,15154,0.7663551401869159,0.5670289855072463,0.6195652173913043,0.1745194265885647,0.015255250968039036,0.0029463525861501694,1,2,2.0,2,2.0
prostate_cancer_detection,1,2,6,60,GPR,215,107,15154,15154,0.8130841121495327,0.5810041407867494,0.5810041407867494,0.3153230280593537,0.7207904821261764,0.0032570194453001022,2,4,2.0,4,2.0
prostate_cancer_detection,1,2,6,60,FIGS,215,107,15154,15154,0.822429906542056,0.7606107660455487,0.7606107660455487,0.49922546030465875,2.4408562136814,0.0012959334999322891,,,,,
prostate_cancer_detection,1,2,6,60,HSTree,215,107,15154,15154,0.8317757009345794,0.7507763975155279,0.8227225672877846,0.5015527950310559,0.9022181667387486,0.0010633869096636772,,,,,
prostate_cancer_detection,1,2,6,60,GreedyRuleList,215,107,15154,15154,0.794392523364486,0.7901138716356109,0.8056418219461698,0.5080445316248414,0.7704925462603569,0.0010656574741005898,,,,,
prostate_cancer_detection,1,2,6,60,Dummy,215,107,15154,15154,0.7850467289719626,0.5,0.5,0.0,0.0003176359459757805,0.000191456638276577,,,,,
prostate_cancer_detection,2,0,7,60,RFR,214,108,15154,15154,0.7962962962962963,0.5375959079283887,0.6936061381074169,0.1873219529753418,0.015299500897526741,0.002959093078970909,1,2,2.0,2,2.0
prostate_cancer_detection,2,0,7,60,GPR,214,108,15154,15154,0.8333333333333334,0.6086956521739131,0.6086956521739131,0.4235570693149302,0.5840314142405987,0.014744068495929241,1,3,3.0,3,3.0
prostate_cancer_detection,2,0,7,60,FIGS,214,108,15154,15154,0.8425925925925926,0.7414322250639386,0.8294117647058824,0.5089115172024661,3.979896653443575,0.0015993500128388405,,,,,
prostate_cancer_detection,2,0,7,60,HSTree,214,108,15154,15154,0.8703703703703703,0.7749360613810742,0.8442455242966751,0.591239280189982,1.2834934797137976,0.0010705161839723587,,,,,
prostate_cancer_detection,2,0,7,60,GreedyRuleList,214,108,15154,15154,0.8240740740740741,0.8089514066496164,0.818158567774936,0.5540025555950702,1.201129631139338,0.001181814819574356,,,,,
prostate_cancer_detection,2,0,7,60,Dummy,214,108,15154,15154,0.7870370370370371,0.5,0.5,0.0,0.0003360062837600708,0.0001950375735759735,,,,,
prostate_cancer_detection,2,1,8,60,RFR,215,107,15154,15154,0.7476635514018691,0.5077639751552795,0.5471014492753623,0.02425242124007463,0.015189833007752895,0.002947533503174782,1,1,1.0,1,1.0
prostate_cancer_detection,2,1,8,60,GPR,215,107,15154,15154,0.8037383177570093,0.5592650103519669,0.5592650103519669,0.2566748478662965,0.5728355040773749,0.003094482235610485,1,3,3.0,3,3.0
prostate_cancer_detection,2,1,8,60,FIGS,215,107,15154,15154,0.8878504672897196,0.8496376811594203,0.8496376811594203,0.6788516180026073,1.7622597627341747,0.0012699654325842857,,,,,
prostate_cancer_detection,2,1,8,60,HSTree,215,107,15154,15154,0.8691588785046729,0.806159420289855,0.8439440993788819,0.6123188405797102,0.8556861924007535,0.0010603563860058784,,,,,
prostate_cancer_detection,2,1,8,60,GreedyRuleList,215,107,15154,15154,0.8785046728971962,0.8752587991718426,0.8907867494824016,0.686370250063654,0.8110534241423011,0.001081816852092743,,,,,
prostate_cancer_detection,2,1,8,60,Dummy,215,107,15154,15154,0.7850467289719626,0.5,0.5,0.0,0.00031690578907728195,0.00019789673388004303,,,,,
prostate_cancer_detection,2,2,9,60,RFR,215,107,15154,15154,0.8130841121495327,0.6125776397515528,0.6237060041407867,0.33323560911688965,0.015480238944292068,0.003277859650552273,1,2,2.0,2,2.0
prostate_cancer_detection,2,2,9,60,GPR,215,107,15154,15154,0.794392523364486,0.5217391304347826,0.5217391304347826,0.18561915547100374,0.5927176093682647,0.0031757308170199394,1,3,3.0,3,3.0
prostate_cancer_detection,2,2,9,60,FIGS,215,107,15154,15154,0.7476635514018691,0.6814182194616978,0.7978778467908904,0.3318245139962907,3.9617017237469554,0.0016354899853467941,,,,,
prostate_cancer_detection,2,2,9,60,HSTree,215,107,15154,15154,0.8317757009345794,0.7349896480331263,0.7851966873706004,0.48609753020864926,1.0638036197051406,0.0010635070502758026,,,,,
prostate_cancer_detection,2,2,9,60,GreedyRuleList,215,107,15154,15154,0.7850467289719626,0.7683747412008282,0.746376811594203,0.4735592311284761,0.965625680051744,0.001112476922571659,,,,,
prostate_cancer_detection,2,2,9,60,Dummy,215,107,15154,15154,0.7850467289719626,0.5,0.5,0.0,0.0003238152712583542,0.00019955821335315704,,,,,
prostate_cancer_detection,3,0,10,60,RFR,214,108,15154,15154,0.7870370370370371,0.5317135549872123,0.6056265984654732,0.13749966465718413,0.015203163027763367,0.003168020397424698,1,2,2.0,2,2.0
prostate_cancer_detection,3,0,10,60,GPR,214,108,15154,15154,0.8425925925925926,0.6304347826086957,0.6304347826086957,0.4662524041201569,0.7127390941604972,0.014682759530842304,2,6,3.0,7,3.5
prostate_cancer_detection,3,0,10,60,FIGS,214,108,15154,15154,0.8518518518518519,0.7790281329923274,0.7790281329923273,0.5580562659846547,2.0770368268713355,0.0013769129291176796,,,,,
prostate_cancer_detection,3,0,10,60,HSTree,214,108,15154,15154,0.8148148148148148,0.7237851662404091,0.7762148337595907,0.4475703324808184,0.7611011872068048,0.0010646674782037735,,,,,
prostate_cancer_detection,3,0,10,60,GreedyRuleList,214,108,15154,15154,0.7777777777777778,0.7636828644501279,0.7506393861892582,0.4613067741971936,0.4987291432917118,0.001078716479241848,,,,,
prostate_cancer_detection,3,0,10,60,Dummy,214,108,15154,15154,0.7870370370370371,0.5,0.5,0.0,0.0003154464066028595,0.0001888871192932129,,,,,
prostate_cancer_detection,3,1,11,60,RFR,215,107,15154,15154,0.7570093457943925,0.5137163561076604,0.6278467908902692,0.04557464438246977,0.015271092765033245,0.003005852922797203,1,2,2.0,2,2.0
prostate_cancer_detection,3,1,11,60,GPR,215,107,15154,15154,0.7476635514018691,0.6024844720496894,0.6024844720496896,0.21598172265071178,0.7432733001187444,0.0033277487382292747,2,5,2.5,6,3.0
prostate_cancer_detection,3,1,11,60,FIGS,215,107,15154,15154,0.8785046728971962,0.8278985507246377,0.8278985507246377,0.6458451265419815,2.056060836650431,0.0013938434422016144,,,,,
prostate_cancer_detection,3,1,11,60,HSTree,215,107,15154,15154,0.8691588785046729,0.806159420289855,0.8307453416149068,0.6123188405797102,1.0769002418965101,0.0010574376210570335,,,,,
prostate_cancer_detection,3,1,11,60,GreedyRuleList,215,107,15154,15154,0.822429906542056,0.7606107660455487,0.7704451345755694,0.49922546030465875,0.9934264700859785,0.0011181654408574104,,,,,
prostate_cancer_detection,3,1,11,60,Dummy,215,107,15154,15154,0.7850467289719626,0.5,0.5,0.0,0.00031709764152765274,0.00019434746354818344,,,,,
prostate_cancer_detection,3,2,12,60,RFR,215,107,15154,15154,0.8037383177570093,0.5908385093167702,0.7644927536231884,0.2837533285088732,0.015229293145239353,0.008542925119400024,1,2,2.0,2,2.0
prostate_cancer_detection,3,2,12,60,GPR,215,107,15154,15154,0.8037383177570093,0.5750517598343685,0.5750517598343685,0.2680143976230083,0.5770304221659899,0.003263389691710472,1,3,3.0,3,3.0
prostate_cancer_detection,3,2,12,60,FIGS,215,107,15154,15154,0.8785046728971962,0.859472049689441,0.859472049689441,0.6719022932678409,2.64508527610451,0.0012817149981856346,,,,,
prostate_cancer_detection,3,2,12,60,HSTree,215,107,15154,15154,0.8504672897196262,0.8416149068322981,0.8625776397515529,0.6187037197925094,1.4994441233575344,0.001064106822013855,,,,,
prostate_cancer_detection,3,2,12,60,GreedyRuleList,215,107,15154,15154,0.8878504672897196,0.8812111801242236,0.8677536231884058,0.704616624397013,1.2421528995037079,0.0011756261810660362,,,,,
prostate_cancer_detection,3,2,12,60,Dummy,215,107,15154,15154,0.7850467289719626,0.5,0.5,0.0,0.00031498633325099945,0.00019994843751192093,,,,,
prostate_cancer_detection,4,0,13,60,RFR,214,108,15154,15154,0.7129629629629629,0.6115089514066496,0.6324808184143221,0.20834788647257402,0.015073766000568867,0.0032212212681770325,1,2,2.0,2,2.0
prostate_cancer_detection,4,0,13,60,GPR,214,108,15154,15154,0.8240740740740741,0.5869565217391304,0.5869565217391304,0.37701520954389195,0.5829147901386023,0.014606481418013573,1,3,3.0,4,4.0
prostate_cancer_detection,4,0,13,60,FIGS,214,108,15154,15154,0.8240740740740741,0.7296675191815857,0.7296675191815856,0.4669199063751857,1.4691456304863095,0.0012563234195113182,,,,,
prostate_cancer_detection,4,0,13,60,HSTree,214,108,15154,15154,0.8796296296296297,0.7966751918158568,0.8219948849104859,0.6253573728335389,0.8155061975121498,0.00106077641248703,,,,,
prostate_cancer_detection,4,0,13,60,GreedyRuleList,214,108,15154,15154,0.8518518518518519,0.8107416879795396,0.819693094629156,0.5875955600576713,0.811637606471777,0.001017758622765541,,,,,
prostate_cancer_detection,4,0,13,60,Dummy,214,108,15154,15154,0.7870370370370371,0.5,0.5,0.0,0.0003148559480905533,0.000193118117749691,,,,,
prostate_cancer_detection,4,1,14,60,RFR,215,107,15154,15154,0.8037383177570093,0.6224120082815735,0.6485507246376812,0.31871694508259113,0.015245914459228516,0.0032163094729185104,1,2,2.0,2,2.0
prostate_cancer_detection,4,1,14,60,GPR,215,107,15154,15154,0.7757009345794392,0.6045548654244306,0.6045548654244306,0.24742197022487009,0.7247790424153209,0.0032540597021579742,2,6,3.0,7,3.5
prostate_cancer_detection,4,1,14,60,FIGS,215,107,15154,15154,0.8411214953271028,0.7251552795031055,0.8643892339544514,0.4945206548891435,4.055744626559317,0.0016832202672958374,,,,,
prostate_cancer_detection,4,1,14,60,HSTree,215,107,15154,15154,0.8317757009345794,0.7192028985507246,0.856625258799172,0.47126123033394735,1.2957375347614288,0.0010564867407083511,,,,,
prostate_cancer_detection,4,1,14,60,GreedyRuleList,215,107,15154,15154,0.8785046728971962,0.859472049689441,0.8682712215320911,0.6719022932678409,1.2135702120140195,0.0011214977130293846,,,,,
prostate_cancer_detection,4,1,14,60,Dummy,215,107,15154,15154,0.7850467289719626,0.5,0.5,0.0,0.0003149658441543579,0.0001924680545926094,,,,,
prostate_cancer_detection,4,2,15,60,RFR,215,107,15154,15154,0.7663551401869159,0.4880952380952381,0.6164596273291925,-0.07221786137191952,0.015361643396317959,0.0031291721388697624,1,1,1.0,1,1.0
prostate_cancer_detection,4,2,15,60,GPR,215,107,15154,15154,0.8504672897196262,0.7311076604554865,0.7311076604554866,0.5194002836187154,0.7119509037584066,0.003316170535981655,2,6,3.0,8,4.0
prostate_cancer_detection,4,2,15,60,FIGS,215,107,15154,15154,0.8317757009345794,0.7034161490683231,0.6143892339544513,0.4571653112254314,3.9837829899042845,0.0015557706356048584,,,,,
prostate_cancer_detection,4,2,15,60,HSTree,215,107,15154,15154,0.8411214953271028,0.7251552795031055,0.819616977225673,0.4945206548891435,0.9522208916023374,0.0010683471336960793,,,,,
prostate_cancer_detection,4,2,15,60,GreedyRuleList,215,107,15154,15154,0.8037383177570093,0.8118530020703933,0.8015010351966875,0.5422543705878405,0.7077800761908293,0.0010563265532255173,,,,,
prostate_cancer_detection,4,2,15,60,Dummy,215,107,15154,15154,0.7850467289719626,0.5,0.5,0.0,0.0003134561702609062,0.0001963069662451744,,,,,
prostate_cancer_detection,5,0,16,60,RFR,214,108,15154,15154,0.7222222222222222,0.5698209718670078,0.6240409207161126,0.1444508136683576,0.015288704074919224,0.002945094369351864,1,2,2.0,2,2.0
prostate_cancer_detection,5,0,16,60,GPR,214,108,15154,15154,0.7314814814814815,0.5757033248081842,0.5757033248081841,0.15957395030924784,0.8540718741714954,0.014887537807226181,3,9,3.0,11,3.6666666666666665
prostate_cancer_detection,5,0,16,60,FIGS,214,108,15154,15154,0.8425925925925926,0.7255754475703324,0.7255754475703325,0.49560730267569014,2.3486164221540093,0.0012656142935156822,,,,,
prostate_cancer_detection,5,0,16,60,HSTree,214,108,15154,15154,0.8055555555555556,0.6861892583120205,0.7514066496163684,0.39246566157139334,1.2921068463474512,0.0010568667203187943,,,,,
prostate_cancer_detection,5,0,16,60,GreedyRuleList,214,108,15154,15154,0.8148148148148148,0.7872122762148337,0.7813299232736572,0.5198525347518675,0.9251792402938008,0.0011066859588027,,,,,
prostate_cancer_detection,5,0,16,60,Dummy,214,108,15154,15154,0.7870370370370371,0.5,0.5,0.0,0.0003220057114958763,0.00019607692956924438,,,,,
prostate_cancer_detection,5,1,17,60,RFR,215,107,15154,15154,0.7383177570093458,0.5175983436853002,0.38405797101449274,0.04760728256695477,0.015522731468081474,0.003221871331334114,1,1,1.0,1,1.0
prostate_cancer_detection,5,1,17,60,GPR,215,107,15154,15154,0.7663551401869159,0.5196687370600414,0.5196687370600414,0.07023825592878839,0.7166917817667127,0.0033695893362164497,2,8,4.0,8,4.0
prostate_cancer_detection,5,1,17,60,FIGS,215,107,15154,15154,0.8411214953271028,0.7725155279503106,0.7725155279503106,0.5367599986177636,2.1024599969387054,0.0012520253658294678,,,,,
prostate_cancer_detection,5,1,17,60,HSTree,215,107,15154,15154,0.8504672897196262,0.8100414078674948,0.8630952380952381,0.5864437760184646,0.86148492526263,0.001053827814757824,,,,,
prostate_cancer_detection,5,1,17,60,GreedyRuleList,215,107,15154,15154,0.8130841121495327,0.833592132505176,0.828416149068323,0.5762347888588925,0.7461120020598173,0.0010539572685956955,,,,,
prostate_cancer_detection,5,1,17,60,Dummy,215,107,15154,15154,0.7850467289719626,0.5,0.5,0.0,0.0003165658563375473,0.000196126289665699,,,,,
prostate_cancer_detection,5,2,18,60,RFR,215,107,15154,15154,0.8037383177570093,0.6066252587991718,0.6358695652173912,0.3009593137048399,0.01532740332186222,0.002976303920149803,1,2,2.0,2,2.0
prostate_cancer_detection,5,2,18,60,GPR,215,107,15154,15154,0.822429906542056,0.6185300207039337,0.6185300207039337,0.370253630931806,0.571630347520113,0.003287939354777336,1,2,2.0,2,2.0
prostate_cancer_detection,5,2,18,60,FIGS,215,107,15154,15154,0.8598130841121495,0.7844202898550725,0.7844202898550724,0.5781936638259498,2.35104479175061,0.0013258634135127068,,,,,
prostate_cancer_detection,5,2,18,60,HSTree,215,107,15154,15154,0.8504672897196262,0.7784679089026916,0.8159937888198757,0.556935817805383,1.0809701103717089,0.001066315919160843,,,,,
prostate_cancer_detection,5,2,18,60,GreedyRuleList,215,107,15154,15154,0.8504672897196262,0.7784679089026916,0.7725155279503105,0.556935817805383,1.2998657636344433,0.001133776269853115,,,,,
prostate_cancer_detection,5,2,18,60,Dummy,215,107,15154,15154,0.7850467289719626,0.5,0.5,0.0,0.0003223167732357979,0.00019577797502279282,,,,,
prostate_cancer_detection,6,0,19,60,RFR,214,108,15154,15154,0.7777777777777778,0.49411764705882355,0.5524296675191815,-0.05028779187928774,0.015243004076182842,0.0032885605469346046,1,2,2.0,2,2.0
prostate_cancer_detection,6,0,19,60,GPR,214,108,15154,15154,0.7685185185185185,0.5199488491048593,0.5199488491048593,0.07130919121837694,0.5983466915786266,0.014773069880902767,1,2,2.0,2,2.0
prostate_cancer_detection,6,0,19,60,FIGS,214,108,15154,15154,0.8518518518518519,0.8107416879795396,0.8337595907928388,0.5875955600576713,4.141153407283127,0.0017218785360455513,,,,,
prostate_cancer_detection,6,0,19,60,HSTree,214,108,15154,15154,0.8611111111111112,0.8007672634271099,0.8414322250639386,0.592364027153035,1.2916084351018071,0.0010713674128055573,,,,,
prostate_cancer_detection,6,0,19,60,GreedyRuleList,214,108,15154,15154,0.8611111111111112,0.8324808184143222,0.8347826086956521,0.6212207624182253,1.2032153019681573,0.0011517256498336792,,,,,
prostate_cancer_detection,6,0,19,60,Dummy,214,108,15154,15154,0.7870370370370371,0.5,0.5,0.0,0.0003289952874183655,0.0001934180036187172,,,,,
prostate_cancer_detection,6,1,20,60,RFR,215,107,15154,15154,0.7570093457943925,0.5295031055900621,0.5540890269151139,0.08733071135477108,0.01553760189563036,0.0033110398799180984,1,2,2.0,2,2.0
prostate_cancer_detection,6,1,20,60,GPR,215,107,15154,15154,0.8130841121495327,0.6125776397515528,0.6125776397515529,0.33323560911688965,0.7063988419249654,0.003279351629316807,2,4,2.0,4,2.0
prostate_cancer_detection,6,1,20,60,FIGS,215,107,15154,15154,0.8504672897196262,0.7468944099378882,0.8146997929606625,0.5307948214150954,4.05158721562475,0.0017433194443583488,,,,,
prostate_cancer_detection,6,1,20,60,HSTree,215,107,15154,15154,0.8317757009345794,0.7034161490683231,0.7895962732919254,0.4571653112254314,1.07891611661762,0.0010547870770096779,,,,,
prostate_cancer_detection,6,1,20,60,GreedyRuleList,215,107,15154,15154,0.8691588785046729,0.8377329192546584,0.8379917184265011,0.6388223102705313,1.0025042947381735,0.0010976055637001991,,,,,
prostate_cancer_detection,6,1,20,60,Dummy,215,107,15154,15154,0.7850467289719626,0.5,0.5,0.0,0.0003275452181696892,0.0001896284520626068,,,,,
prostate_cancer_detection,6,2,21,60,RFR,215,107,15154,15154,0.7850467289719626,0.59472049689441,0.6889233954451347,0.24661818583557793,0.016216382384300232,0.008306539617478848,1,2,2.0,2,2.0
prostate_cancer_detection,6,2,21,60,GPR,215,107,15154,15154,0.8037383177570093,0.5908385093167702,0.5908385093167703,0.2837533285088732,0.5847198385745287,0.003253469243645668,1,3,3.0,3,3.0
prostate_cancer_detection,6,2,21,60,FIGS,215,107,15154,15154,0.8598130841121495,0.7686335403726708,0.8900103519668736,0.5661339093723202,3.888469962403178,0.0016672099009156227,,,,,
prostate_cancer_detection,6,2,21,60,HSTree,215,107,15154,15154,0.8504672897196262,0.7468944099378882,0.8998447204968946,0.5307948214150954,0.8639620877802372,0.0010540764778852463,,,,,
prostate_cancer_detection,6,2,21,60,GreedyRuleList,215,107,15154,15154,0.897196261682243,0.9029503105590062,0.9091614906832299,0.7370196409304203,0.8153084367513657,0.001074046827852726,,,,,
prostate_cancer_detection,6,2,21,60,Dummy,215,107,15154,15154,0.7850467289719626,0.5,0.5,0.0,0.00031930580735206604,0.00020093657076358795,,,,,
prostate_cancer_detection,7,0,22,60,RFR,214,108,15154,15154,0.7777777777777778,0.5099744245524297,0.608695652173913,0.04969766099345803,0.015037688426673412,0.003233141265809536,1,2,2.0,2,2.0
prostate_cancer_detection,7,0,22,60,GPR,214,108,15154,15154,0.75,0.4764705882352941,0.4764705882352941,-0.10201588022952371,0.8762096026912332,0.014788541942834854,3,10,3.3333333333333335,11,3.6666666666666665
prostate_cancer_detection,7,0,22,60,FIGS,214,108,15154,15154,0.8240740740740741,0.7296675191815857,0.7296675191815856,0.4669199063751857,2.4295642394572496,0.0013098353520035744,,,,,
prostate_cancer_detection,7,0,22,60,HSTree,214,108,15154,15154,0.8425925925925926,0.7414322250639386,0.8271099744245525,0.5089115172024661,1.2856155652552843,0.001063147559762001,,,,,
prostate_cancer_detection,7,0,22,60,GreedyRuleList,214,108,15154,15154,0.8611111111111112,0.8166240409207162,0.8094629156010231,0.606392279998585,1.1966538028791547,0.0011363960802555084,,,,,
prostate_cancer_detection,7,0,22,60,Dummy,214,108,15154,15154,0.7870370370370371,0.5,0.5,0.0,0.00032194703817367554,0.00019248668104410172,,,,,
prostate_cancer_detection,7,1,23,60,RFR,215,107,15154,15154,0.7476635514018691,0.5077639751552795,0.4679089026915114,0.02425242124007463,0.01530152466148138,0.0032190224155783653,1,2,2.0,2,2.0
prostate_cancer_detection,7,1,23,60,GPR,215,107,15154,15154,0.794392523364486,0.5690993788819876,0.5690993788819875,0.2295930198135741,0.5820355797186494,0.0032550599426031113,1,3,3.0,3,3.0
prostate_cancer_detection,7,1,23,60,FIGS,215,107,15154,15154,0.8317757009345794,0.7665631469979296,0.7665631469979296,0.5175552676111662,2.40043808799237,0.0012695351615548134,,,,,
prostate_cancer_detection,7,1,23,60,HSTree,215,107,15154,15154,0.8878504672897196,0.8496376811594203,0.8734472049689441,0.6788516180026073,1.057486766949296,0.001050497405230999,,,,,
prostate_cancer_detection,7,1,23,60,GreedyRuleList,215,107,15154,15154,0.8785046728971962,0.859472049689441,0.8760351966873707,0.6719022932678409,0.9565575374290347,0.0010805372148752213,,,,,
prostate_cancer_detection,7,1,23,60,Dummy,215,107,15154,15154,0.7850467289719626,0.5,0.5,0.0,0.00031898636370897293,0.00019266828894615173,,,,,
prostate_cancer_detection,7,2,24,60,RFR,215,107,15154,15154,0.7383177570093458,0.47023809523809523,0.36801242236024845,-0.11585350871190311,0.01546031329780817,0.0029130736365914345,2,4,2.0,4,2.0
prostate_cancer_detection,7,2,24,60,GPR,215,107,15154,15154,0.7757009345794392,0.5098343685300207,0.5098343685300206,0.04894436952903558,0.6242769286036491,0.003257940523326397,1,2,2.0,2,2.0
prostate_cancer_detection,7,2,24,60,FIGS,215,107,15154,15154,0.9345794392523364,0.879399585921325,0.9151138716356108,0.7995687005200592,4.357365669682622,0.001511111855506897,,,,,
prostate_cancer_detection,7,2,24,60,HSTree,215,107,15154,15154,0.9158878504672897,0.8517080745341614,0.8985507246376812,0.7412100027331245,1.0612109992653131,0.0010661566630005836,,,,,
prostate_cancer_detection,7,2,24,60,GreedyRuleList,215,107,15154,15154,0.8317757009345794,0.8297101449275363,0.8139233954451346,0.5865337905868241,0.9450740115717053,0.001107967458665371,,,,,
prostate_cancer_detection,7,2,24,60,Dummy,215,107,15154,15154,0.7850467289719626,0.5,0.5,0.0,0.0003207474946975708,0.00020585674792528152,,,,,
prostate_cancer_detection,8,0,25,60,RFR,214,108,15154,15154,0.7777777777777778,0.5892583120204603,0.5964194373401535,0.2246045590083899,0.01562478207051754,0.0029764538630843163,1,2,2.0,2,2.0
prostate_cancer_detection,8,0,25,60,GPR,214,108,15154,15154,0.8148148148148148,0.6445012787723785,0.6445012787723785,0.3636148304863619,0.696460759267211,0.014915360137820244,2,4,2.0,5,2.5
prostate_cancer_detection,8,0,25,60,FIGS,214,108,15154,15154,0.8796296296296297,0.7808184143222506,0.7808184143222506,0.6169805196574918,2.1140926219522953,0.0013978835195302963,,,,,
prostate_cancer_detection,8,0,25,60,HSTree,214,108,15154,15154,0.8888888888888888,0.8025575447570332,0.8923273657289003,0.650638203223022,1.0280954530462623,0.0010501882061362267,,,,,
prostate_cancer_detection,8,0,25,60,GreedyRuleList,214,108,15154,15154,0.8611111111111112,0.8483375959079285,0.8616368286445013,0.6367893596549351,0.9540169266983867,0.0011106869205832481,,,,,
prostate_cancer_detection,8,0,25,60,Dummy,214,108,15154,15154,0.7870370370370371,0.5,0.5,0.0,0.00031836703419685364,0.00019268691539764404,,,,,
prostate_cancer_detection,8,1,26,60,RFR,215,107,15154,15154,0.7850467289719626,0.547360248447205,0.6423395445134575,0.16912632677589837,0.015001459047198296,0.003138301894068718,1,2,2.0,2,2.0
prostate_cancer_detection,8,1,26,60,GPR,215,107,15154,15154,0.8037383177570093,0.5750517598343685,0.5750517598343685,0.2680143976230083,0.5846541440114379,0.003322230651974678,1,3,3.0,3,3.0
prostate_cancer_detection,8,1,26,60,FIGS,215,107,15154,15154,0.822429906542056,0.7132505175983437,0.7419772256728778,0.44941651379845077,4.005716611631215,0.0015735514461994171,,,,,
prostate_cancer_detection,8,1,26,60,HSTree,215,107,15154,15154,0.8411214953271028,0.7409420289855072,0.8121118012422361,0.5077752115853855,1.1015536654740572,0.0010512471199035645,,,,,
prostate_cancer_detection,8,1,26,60,GreedyRuleList,215,107,15154,15154,0.7757009345794392,0.7466356107660456,0.7217908902691512,0.43874937396329927,1.0015538912266493,0.0011163875460624695,,,,,
prostate_cancer_detection,8,1,26,60,Dummy,215,107,15154,15154,0.7850467289719626,0.5,0.5,0.0,0.0003223065286874771,0.00019456632435321808,,,,,
prostate_cancer_detection,8,2,27,60,RFR,215,107,15154,15154,0.7476635514018691,0.5393374741200828,0.6120600414078675,0.10242066734155149,0.01521303690969944,0.0029097450897097588,1,2,2.0,2,2.0
prostate_cancer_detection,8,2,27,60,GPR,215,107,15154,15154,0.794392523364486,0.5217391304347826,0.5217391304347826,0.18561915547100374,0.7143587954342365,0.0032629212364554405,2,5,2.5,5,2.5
prostate_cancer_detection,8,2,27,60,FIGS,215,107,15154,15154,0.8411214953271028,0.7567287784679089,0.775879917184265,0.5219000132077728,4.151885073632002,0.0016924887895584106,,,,,
prostate_cancer_detection,8,2,27,60,HSTree,215,107,15154,15154,0.822429906542056,0.7290372670807453,0.7567287784679089,0.46560636258959565,1.0687126703560352,0.001078086905181408,,,,,
prostate_cancer_detection,8,2,27,60,GreedyRuleList,215,107,15154,15154,0.8411214953271028,0.7883022774327122,0.7795031055900621,0.5522712639318668,0.9802573742344975,0.0011305054649710655,,,,,
prostate_cancer_detection,8,2,27,60,Dummy,215,107,15154,15154,0.7850467289719626,0.5,0.5,0.0,0.00031608622521162033,0.00019765738397836685,,,,,
prostate_cancer_detection,9,0,28,60,RFR,214,108,15154,15154,0.7314814814814815,0.5439897698209719,0.5447570332480818,0.10139140963263277,0.01544465497136116,0.003060002811253071,1,2,2.0,2,2.0
prostate_cancer_detection,9,0,28,60,GPR,214,108,15154,15154,0.7870370370370371,0.5634271099744246,0.5634271099744245,0.19830483651223238,0.5802449164912105,0.014590345323085785,1,3,3.0,3,3.0
prostate_cancer_detection,9,0,28,60,FIGS,214,108,15154,15154,0.8425925925925926,0.7097186700767264,0.7097186700767263,0.4833776505741795,1.7746928008273244,0.0008199708536267281,,,,,
prostate_cancer_detection,9,0,28,60,HSTree,214,108,15154,15154,0.8611111111111112,0.7690537084398977,0.8381074168797953,0.5671344450180025,0.8459903532639146,0.0010693175718188286,,,,,
prostate_cancer_detection,9,0,28,60,GreedyRuleList,214,108,15154,15154,0.8611111111111112,0.8324808184143222,0.8478260869565217,0.6212207624182253,0.7935752840712667,0.001080925576388836,,,,,
prostate_cancer_detection,9,0,28,60,Dummy,214,108,15154,15154,0.7870370370370371,0.5,0.5,0.0,0.0003201458603143692,0.00019283778965473175,,,,,
prostate_cancer_detection,9,1,29,60,RFR,215,107,15154,15154,0.7570093457943925,0.5452898550724637,0.6066252587991718,0.12251874190025124,0.01545011531561613,0.003412259742617607,1,2,2.0,2,2.0
prostate_cancer_detection,9,1,29,60,GPR,215,107,15154,15154,0.794392523364486,0.5533126293995859,0.5533126293995858,0.20752889386653947,0.5721731400117278,0.003291519358754158,1,2,2.0,3,3.0
prostate_cancer_detection,9,1,29,60,FIGS,215,107,15154,15154,0.8504672897196262,0.7311076604554865,0.7339544513457557,0.5194002836187154,3.6595216747373343,0.0015277015045285225,,,,,
prostate_cancer_detection,9,1,29,60,HSTree,215,107,15154,15154,0.8504672897196262,0.7311076604554865,0.8201345755693582,0.5194002836187154,1.2985670734196901,0.0010587265715003014,,,,,
prostate_cancer_detection,9,1,29,60,GreedyRuleList,215,107,15154,15154,0.8785046728971962,0.8436853002070394,0.8408385093167702,0.6583628711862828,1.2181651396676898,0.0011418173089623451,,,,,
prostate_cancer_detection,9,1,29,60,Dummy,215,107,15154,15154,0.7850467289719626,0.5,0.5,0.0,0.00032345671206712723,0.0001919269561767578,,,,,
prostate_cancer_detection,9,2,30,60,RFR,215,107,15154,15154,0.7570093457943925,0.5452898550724637,0.6702898550724637,0.12251874190025124,0.015372435562312603,0.00849851779639721,1,1,1.0,1,1.0
prostate_cancer_detection,9,2,30,60,GPR,215,107,15154,15154,0.8037383177570093,0.5592650103519669,0.5592650103519669,0.2566748478662965,0.5833037961274385,0.0033524297177791595,1,2,2.0,2,2.0
prostate_cancer_detection,9,2,30,60,FIGS,215,107,15154,15154,0.8785046728971962,0.7963250517598344,0.7963250517598344,0.624492607159255,2.067046068608761,0.00125801470130682,,,,,
prostate_cancer_detection,9,2,30,60,HSTree,215,107,15154,15154,0.8504672897196262,0.7784679089026916,0.7903726708074535,0.556935817805383,0.8656034721061587,0.0010650670155882835,,,,,
prostate_cancer_detection,9,2,30,60,GreedyRuleList,215,107,15154,15154,0.8411214953271028,0.7725155279503106,0.7854554865424431,0.5367599986177636,0.7696270616725087,0.001102297566831112,,,,,
prostate_cancer_detection,9,2,30,60,Dummy,215,107,15154,15154,0.7850467289719626,0.5,0.5,0.0,0.00032549723982810974,0.00019472651183605194,,,,,
prostate_cancer_detection,10,0,31,60,RFR,214,108,15154,15154,0.7777777777777778,0.49411764705882355,0.659846547314578,-0.05028779187928774,0.01542721502482891,0.003153611905872822,1,2,2.0,2,2.0
prostate_cancer_detection,10,0,31,60,GPR,214,108,15154,15154,0.8240740740740741,0.6028132992327366,0.6028132992327366,0.36751660089471194,0.7052115043625236,0.014677204191684723,2,4,2.0,5,2.5
prostate_cancer_detection,10,0,31,60,FIGS,214,108,15154,15154,0.8796296296296297,0.8442455242966752,0.8595907928388746,0.6592924142795601,4.080956435762346,0.0016776500269770622,,,,,
prostate_cancer_detection,10,0,31,60,HSTree,214,108,15154,15154,0.8796296296296297,0.8601023017902814,0.8736572890025576,0.6728298719114317,1.0639824941754341,0.0010603172704577446,,,,,
prostate_cancer_detection,10,0,31,60,GreedyRuleList,214,108,15154,15154,0.8611111111111112,0.8324808184143222,0.8258312020460358,0.6212207624182253,0.9694272056221962,0.0011585373431444168,,,,,
prostate_cancer_detection,10,0,31,60,Dummy,214,108,15154,15154,0.7870370370370371,0.5,0.5,0.0,0.0003119576722383499,0.00020056776702404022,,,,,
prostate_cancer_detection,10,1,32,60,RFR,215,107,15154,15154,0.7383177570093458,0.5333850931677019,0.468944099378882,0.08395576945784892,0.015587244182825089,0.0031653326004743576,1,1,1.0,1,1.0
prostate_cancer_detection,10,1,32,60,GPR,215,107,15154,15154,0.8411214953271028,0.6935817805383022,0.6935817805383022,0.4716203591864492,0.5938476948067546,0.003298770636320114,1,4,4.0,4,4.0
prostate_cancer_detection,10,1,32,60,FIGS,215,107,15154,15154,0.8504672897196262,0.7311076604554865,0.8115942028985507,0.5194002836187154,3.9870302584022284,0.0017064698040485382,,,,,
prostate_cancer_detection,10,1,32,60,HSTree,215,107,15154,15154,0.8598130841121495,0.7528467908902692,0.7851966873706003,0.5553410112950496,1.073735442943871,0.001054246909916401,,,,,
prostate_cancer_detection,10,1,32,60,GreedyRuleList,215,107,15154,15154,0.8598130841121495,0.7844202898550725,0.7820910973084886,0.5781936638259498,1.0086453314870596,0.001151575706899166,,,,,
prostate_cancer_detection,10,1,32,60,Dummy,215,107,15154,15154,0.7850467289719626,0.5,0.5,0.0,0.00031608715653419495,0.0001919977366924286,,,,,
prostate_cancer_detection,10,2,33,60,RFR,215,107,15154,15154,0.7663551401869159,0.5986024844720497,0.5885093167701864,0.22716463804918013,0.015579943545162678,0.002939644269645214,1,2,2.0,2,2.0
prostate_cancer_detection,10,2,33,60,GPR,215,107,15154,15154,0.8130841121495327,0.6125776397515528,0.6125776397515529,0.33323560911688965,0.8563542822375894,0.003337929956614971,3,13,4.333333333333333,13,4.333333333333333
prostate_cancer_detection,10,2,33,60,FIGS,215,107,15154,15154,0.8878504672897196,0.8496376811594203,0.9252070393374742,0.6788516180026073,4.052001968957484,0.0015952615067362785,,,,,
prostate_cancer_detection,10,2,33,60,HSTree,215,107,15154,15154,0.897196261682243,0.8555900621118013,0.9013975155279504,0.7003876905040904,1.0671404683962464,0.0010552965104579926,,,,,
prostate_cancer_detection,10,2,33,60,GreedyRuleList,215,107,15154,15154,0.8691588785046729,0.8850931677018633,0.9089026915113873,0.6850567350025072,1.0278420690447092,0.0010777264833450317,,,,,
prostate_cancer_detection,10,2,33,60,Dummy,215,107,15154,15154,0.7850467289719626,0.5,0.5,0.0,0.0003128657117486,0.000201287679374218,,,,,
prostate_cancer_detection,11,0,34,60,RFR,214,108,15154,15154,0.7777777777777778,0.6051150895140665,0.6547314578005116,0.24887503677291292,0.015504255890846252,0.002938385121524334,1,2,2.0,2,2.0
prostate_cancer_detection,11,0,34,60,GPR,214,108,15154,15154,0.8148148148148148,0.5810741687979539,0.5810741687979539,0.3159237434654891,0.5756182903423905,0.014605246484279633,1,3,3.0,3,3.0
prostate_cancer_detection,11,0,34,60,FIGS,214,108,15154,15154,0.8333333333333334,0.7989769820971866,0.7989769820971868,0.5523680951163796,2.356435040012002,0.0013336436823010445,,,,,
prostate_cancer_detection,11,0,34,60,HSTree,214,108,15154,15154,0.8240740740740741,0.7930946291560101,0.8537084398976982,0.535800738740496,1.2648012079298496,0.0010595275089144707,,,,,
prostate_cancer_detection,11,0,34,60,GreedyRuleList,214,108,15154,15154,0.8055555555555556,0.8289002557544757,0.8028132992327365,0.5639320393786704,1.1677638962864876,0.001122286543250084,,,,,
prostate_cancer_detection,11,0,34,60,Dummy,214,108,15154,15154,0.7870370370370371,0.5,0.5,0.0,0.00031087640672922134,0.00019377749413251877,,,,,
prostate_cancer_detection,11,1,35,60,RFR,215,107,15154,15154,0.7570093457943925,0.5768633540372671,0.5600414078674948,0.18189189395244162,0.014994721859693527,0.0034454287961125374,1,2,2.0,2,2.0
prostate_cancer_detection,11,1,35,60,GPR,215,107,15154,15154,0.7570093457943925,0.5295031055900621,0.5295031055900621,0.08733071135477108,0.718892952427268,0.0032774703577160835,2,6,3.0,8,4.0
prostate_cancer_detection,11,1,35,60,FIGS,215,107,15154,15154,0.8691588785046729,0.7745859213250518,0.7745859213250518,0.5903284124962433,2.6970292180776596,0.0014276131987571716,,,,,
prostate_cancer_detection,11,1,35,60,HSTree,215,107,15154,15154,0.8785046728971962,0.7805383022774327,0.8568840579710145,0.6161613677009558,1.2870797896757722,0.0010566981509327888,,,,,
prostate_cancer_detection,11,1,35,60,GreedyRuleList,215,107,15154,15154,0.8691588785046729,0.8219461697722568,0.8084886128364389,0.6250861678721269,1.2872242713347077,0.0011336356401443481,,,,,
prostate_cancer_detection,11,1,35,60,Dummy,215,107,15154,15154,0.7850467289719626,0.5,0.5,0.0,0.0003188466653227806,0.00019442755728960037,,,,,
prostate_cancer_detection,11,2,36,60,RFR,215,107,15154,15154,0.7850467289719626,0.547360248447205,0.6325051759834368,0.16912632677589837,0.015403205528855324,0.0033524995669722557,1,2,2.0,2,2.0
prostate_cancer_detection,11,2,36,60,GPR,215,107,15154,15154,0.7570093457943925,0.49792960662525876,0.49792960662525876,-0.008059374519088912,0.5880129188299179,0.0032342104241251945,1,2,2.0,2,2.0
prostate_cancer_detection,11,2,36,60,FIGS,215,107,15154,15154,0.8691588785046729,0.7430124223602484,0.7430124223602484,0.5750723515870124,2.1049042101949453,0.0011987360194325447,,,,,
prostate_cancer_detection,11,2,36,60,HSTree,215,107,15154,15154,0.8691588785046729,0.7587991718426501,0.7699275362318841,0.5816352560119993,0.8567550582811236,0.0010619265958666801,,,,,
prostate_cancer_detection,11,2,36,60,GreedyRuleList,215,107,15154,15154,0.8411214953271028,0.7567287784679089,0.7634575569358178,0.5219000132077728,0.8066547149792314,0.0010608583688735962,,,,,
prostate_cancer_detection,11,2,36,60,Dummy,215,107,15154,15154,0.7850467289719626,0.5,0.5,0.0,0.0003219563513994217,0.00019287783652544022,,,,,
prostate_cancer_detection,12,0,37,60,RFR,214,108,15154,15154,0.7314814814814815,0.5122762148337596,0.680306905370844,0.031984651050360066,0.015767342410981655,0.003012964501976967,1,2,2.0,2,2.0
prostate_cancer_detection,12,0,37,60,GPR,214,108,15154,15154,0.8240740740740741,0.6028132992327366,0.6028132992327366,0.36751660089471194,0.5803452963009477,0.014659455977380276,1,3,3.0,3,3.0
prostate_cancer_detection,12,0,37,60,FIGS,214,108,15154,15154,0.8796296296296297,0.7966751918158568,0.7966751918158568,0.6253573728335389,2.096608489751816,0.0013816235587000847,,,,,
prostate_cancer_detection,12,0,37,60,HSTree,214,108,15154,15154,0.8611111111111112,0.7531969309462916,0.849616368286445,0.556293911166591,0.6956970393657684,0.001066027209162712,,,,,
prostate_cancer_detection,12,0,37,60,GreedyRuleList,214,108,15154,15154,0.8425925925925926,0.8207161125319693,0.8130434782608696,0.5862950491977156,0.5134372543543577,0.000982227735221386,,,,,
prostate_cancer_detection,12,0,37,60,Dummy,214,108,15154,15154,0.7870370370370371,0.5,0.5,0.0,0.0003187153488397598,0.00019540823996067047,,,,,
prostate_cancer_detection,12,1,38,60,RFR,215,107,15154,15154,0.8037383177570093,0.6066252587991718,0.596273291925466,0.3009593137048399,0.015522215515375137,0.0029714656993746758,1,2,2.0,2,2.0
prostate_cancer_detection,12,1,38,60,GPR,215,107,15154,15154,0.7663551401869159,0.5038819875776398,0.5038819875776397,0.016812762960674445,0.7108316821977496,0.0033887093886733055,2,6,3.0,6,3.0
prostate_cancer_detection,12,1,38,60,FIGS,215,107,15154,15154,0.8317757009345794,0.7665631469979296,0.7665631469979296,0.5175552676111662,2.379299845546484,0.001247975043952465,,,,,
prostate_cancer_detection,12,1,38,60,HSTree,215,107,15154,15154,0.8598130841121495,0.7686335403726708,0.8315217391304349,0.5661339093723202,1.291776055470109,0.0010670674964785576,,,,,
prostate_cancer_detection,12,1,38,60,GreedyRuleList,215,107,15154,15154,0.8504672897196262,0.8100414078674948,0.7955486542443063,0.5864437760184646,1.297942554578185,0.0012061959132552147,,,,,
prostate_cancer_detection,12,1,38,60,Dummy,215,107,15154,15154,0.7850467289719626,0.5,0.5,0.0,0.00031761545687913895,0.0001939181238412857,,,,,
prostate_cancer_detection,12,2,39,60,RFR,215,107,15154,15154,0.8037383177570093,0.5592650103519669,0.5631469979296067,0.2566748478662965,0.0156254842877388,0.008175673894584179,1,2,2.0,2,2.0
prostate_cancer_detection,12,2,39,60,GPR,215,107,15154,15154,0.7570093457943925,0.49792960662525876,0.49792960662525876,-0.008059374519088912,0.6132956482470036,0.0031199632212519646,1,3,3.0,4,4.0
prostate_cancer_detection,12,2,39,60,FIGS,215,107,15154,15154,0.8598130841121495,0.8317805383022774,0.8317805383022774,0.6201430813314414,2.055703709833324,0.0012642955407500267,,,,,
prostate_cancer_detection,12,2,39,60,HSTree,215,107,15154,15154,0.8411214953271028,0.7725155279503106,0.8817287784679089,0.5367599986177636,0.8260489599779248,0.0010430272668600082,,,,,
prostate_cancer_detection,12,2,39,60,GreedyRuleList,215,107,15154,15154,0.8504672897196262,0.8574016563146998,0.8791407867494824,0.6357952627946656,0.8198467940092087,0.0010836264118552208,,,,,
prostate_cancer_detection,12,2,39,60,Dummy,215,107,15154,15154,0.7850467289719626,0.5,0.5,0.0,0.00032016634941101074,0.0001932373270392418,,,,,
prostate_cancer_detection,13,0,40,60,RFR,214,108,15154,15154,0.7777777777777778,0.5099744245524297,0.6437340153452685,0.04969766099345803,0.01527599897235632,0.00299991387873888,1,1,1.0,1,1.0
prostate_cancer_detection,13,0,40,60,GPR,214,108,15154,15154,0.8240740740740741,0.6028132992327366,0.6028132992327366,0.36751660089471194,0.5739635499194264,0.014999122358858585,1,3,3.0,3,3.0
prostate_cancer_detection,13,0,40,60,FIGS,214,108,15154,15154,0.8611111111111112,0.7690537084398977,0.8785166240409207,0.5671344450180025,4.1405789609998465,0.0016694897785782814,,,,,
prostate_cancer_detection,13,0,40,60,HSTree,214,108,15154,15154,0.8703703703703703,0.8066496163682864,0.8654731457800513,0.6132992327365729,1.2562976675108075,0.0010481374338269234,,,,,
prostate_cancer_detection,13,0,40,60,GreedyRuleList,214,108,15154,15154,0.8611111111111112,0.8800511508951406,0.889002557544757,0.6700236157419905,1.20616518240422,0.0011214669793844223,,,,,
prostate_cancer_detection,13,0,40,60,Dummy,214,108,15154,15154,0.7870370370370371,0.5,0.5,0.0,0.0003167353570461273,0.00019477680325508118,,,,,
prostate_cancer_detection,13,1,41,60,RFR,215,107,15154,15154,0.7850467289719626,0.547360248447205,0.6004140786749482,0.16912632677589837,0.015295548364520073,0.003520028665661812,1,2,2.0,2,2.0
prostate_cancer_detection,13,1,41,60,GPR,215,107,15154,15154,0.794392523364486,0.5533126293995859,0.5533126293995858,0.20752889386653947,0.5834934050217271,0.0032943319529294968,1,2,2.0,2,2.0
prostate_cancer_detection,13,1,41,60,FIGS,215,107,15154,15154,0.8785046728971962,0.8436853002070394,0.8436853002070392,0.6583628711862828,2.0706153120845556,0.0012559052556753159,,,,,
prostate_cancer_detection,13,1,41,60,HSTree,215,107,15154,15154,0.8037383177570093,0.8118530020703933,0.7994306418219461,0.5422543705878405,1.2474165558815002,0.0010569076985120773,,,,,
prostate_cancer_detection,13,1,41,60,GreedyRuleList,215,107,15154,15154,0.7850467289719626,0.815734989648033,0.7826086956521737,0.5361531632431836,1.284195282496512,0.0011209361255168915,,,,,
prostate_cancer_detection,13,1,41,60,Dummy,215,107,15154,15154,0.7850467289719626,0.5,0.5,0.0,0.0003138957545161247,0.00019639823585748672,,,,,
prostate_cancer_detection,13,2,42,60,RFR,215,107,15154,15154,0.8130841121495327,0.5967908902691511,0.6350931677018634,0.32160220752912627,0.01537837740033865,0.0033130114898085594,1,2,2.0,2,2.0
prostate_cancer_detection,13,2,42,60,GPR,215,107,15154,15154,0.8037383177570093,0.5592650103519669,0.5592650103519669,0.2566748478662965,0.5842177625745535,0.0032873013988137245,1,3,3.0,3,3.0
prostate_cancer_detection,13,2,42,60,FIGS,215,107,15154,15154,0.8598130841121495,0.8159937888198758,0.7906314699792961,0.6053170675590748,3.976664029993117,0.001551952213048935,,,,,
prostate_cancer_detection,13,2,42,60,HSTree,215,107,15154,15154,0.8504672897196262,0.8258281573498965,0.85351966873706,0.60224869661632,1.2851475765928626,0.001074337400496006,,,,,
prostate_cancer_detection,13,2,42,60,GreedyRuleList,215,107,15154,15154,0.8504672897196262,0.8574016563146998,0.8253105590062112,0.6357952627946656,1.29414436314255,0.001135125756263733,,,,,
prostate_cancer_detection,13,2,42,60,Dummy,215,107,15154,15154,0.7850467289719626,0.5,0.5,0.0,0.00032317545264959335,0.00019498728215694427,,,,,
prostate_cancer_detection,14,0,43,60,RFR,214,108,15154,15154,0.7592592592592593,0.529923273657289,0.5815856777493607,0.08864895671217292,0.015468216501176357,0.0029271766543388367,1,2,2.0,2,2.0
prostate_cancer_detection,14,0,43,60,GPR,214,108,15154,15154,0.7870370370370371,0.5475703324808184,0.5475703324808184,0.17004499444382193,0.5766567904502153,0.014924944378435612,1,2,2.0,2,2.0
prostate_cancer_detection,14,0,43,60,FIGS,214,108,15154,15154,0.8981481481481481,0.8242966751918158,0.8242966751918158,0.6835803006490753,2.054529962129891,0.0013179052621126175,,,,,
prostate_cancer_detection,14,0,43,60,HSTree,214,108,15154,15154,0.8888888888888888,0.8025575447570332,0.8626598465473145,0.650638203223022,1.0583642069250345,0.001067417673766613,,,,,
prostate_cancer_detection,14,0,43,60,GreedyRuleList,214,108,15154,15154,0.8796296296296297,0.8442455242966752,0.854475703324808,0.6592924142795601,0.9680045051500201,0.0011477572843432426,,,,,
prostate_cancer_detection,14,0,43,60,Dummy,214,108,15154,15154,0.7870370370370371,0.5,0.5,0.0,0.0003274558112025261,0.0001943577080965042,,,,,
prostate_cancer_detection,14,1,44,60,RFR,215,107,15154,15154,0.7850467289719626,0.5315734989648033,0.6643374741200828,0.1367438054134855,0.015656646341085434,0.0032182522118091583,1,2,2.0,2,2.0
prostate_cancer_detection,14,1,44,60,GPR,215,107,15154,15154,0.719626168224299,0.5056935817805382,0.5056935817805382,0.014318038202113768,0.8697599973529577,0.003297611139714718,3,12,4.0,13,4.333333333333333
prostate_cancer_detection,14,1,44,60,FIGS,215,107,15154,15154,0.8504672897196262,0.8258281573498965,0.8258281573498965,0.60224869661632,2.3550274409353733,0.0014198729768395424,,,,,
prostate_cancer_detection,14,1,44,60,HSTree,215,107,15154,15154,0.8878504672897196,0.8969979296066253,0.9280538302277433,0.7190087167891738,1.262169704772532,0.0010620979592204094,,,,,
prostate_cancer_detection,14,1,44,60,GreedyRuleList,215,107,15154,15154,0.8411214953271028,0.8356625258799172,0.8522256728778469,0.6023248680918605,1.2950013913214207,0.0011358465999364853,,,,,
prostate_cancer_detection,14,1,44,60,Dummy,215,107,15154,15154,0.7850467289719626,0.5,0.5,0.0,0.0003141462802886963,0.00019324850291013718,,,,,
prostate_cancer_detection,14,2,45,60,RFR,215,107,15154,15154,0.794392523364486,0.5848861283643892,0.7634575569358178,0.2512673098628501,0.015494276769459248,0.00291619636118412,1,2,2.0,2,2.0
prostate_cancer_detection,14,2,45,60,GPR,215,107,15154,15154,0.8130841121495327,0.5810041407867494,0.5810041407867494,0.3153230280593537,0.5861974097788334,0.0033654412254691124,1,3,3.0,3,3.0
prostate_cancer_detection,14,2,45,60,FIGS,215,107,15154,15154,0.8504672897196262,0.7942546583850931,0.8871635610766047,0.5713207177416465,4.100714577361941,0.001616920344531536,,,,,
prostate_cancer_detection,14,2,45,60,HSTree,215,107,15154,15154,0.8878504672897196,0.8338509316770186,0.8946687370600414,0.6677018633540373,1.2577754240483046,0.0010643769055604935,,,,,
prostate_cancer_detection,14,2,45,60,GreedyRuleList,215,107,15154,15154,0.897196261682243,0.8871635610766045,0.8656832298136645,0.7236615052042406,1.2894529029726982,0.0011275773867964745,,,,,
prostate_cancer_detection,14,2,45,60,Dummy,215,107,15154,15154,0.7850467289719626,0.5,0.5,0.0,0.0003292057663202286,0.00019500777125358582,,,,,
prostate_cancer_detection,15,0,46,60,RFR,214,108,15154,15154,0.7222222222222222,0.6015345268542199,0.670843989769821,0.19710973559452838,0.016071670688688755,0.0031239939853549004,1,2,2.0,2,2.0
prostate_cancer_detection,15,0,46,60,GPR,214,108,15154,15154,0.75,0.5557544757033248,0.5557544757033249,0.13591117530741156,1.0265215327963233,0.01462995819747448,4,18,4.5,18,4.5
prostate_cancer_detection,15,0,46,60,FIGS,214,108,15154,15154,0.8148148148148148,0.7713554987212277,0.7820971867007672,0.5013366543357389,4.060633149929345,0.0016459915786981583,,,,,
prostate_cancer_detection,15,0,46,60,HSTree,214,108,15154,15154,0.8148148148148148,0.7713554987212277,0.8787723785166242,0.5013366543357389,0.8900377992540598,0.0010571377351880074,,,,,
prostate_cancer_detection,15,0,46,60,GreedyRuleList,214,108,15154,15154,0.8425925925925926,0.8841432225063939,0.8641943734015346,0.6586515732089914,0.7251671897247434,0.0010596569627523422,,,,,
prostate_cancer_detection,15,0,46,60,Dummy,214,108,15154,15154,0.7870370370370371,0.5,0.5,0.0,0.00031477585434913635,0.00019730813801288605,,,,,
prostate_cancer_detection,15,1,47,60,RFR,215,107,15154,15154,0.7663551401869159,0.5512422360248448,0.5693581780538303,0.14463578668339394,0.01552834827452898,0.003244660794734955,1,2,2.0,2,2.0
prostate_cancer_detection,15,1,47,60,GPR,215,107,15154,15154,0.822429906542056,0.6816770186335404,0.6816770186335404,0.41855531735045787,0.5861732456833124,0.0032864827662706375,1,2,2.0,2,2.0
prostate_cancer_detection,15,1,47,60,FIGS,215,107,15154,15154,0.8130841121495327,0.7072981366459627,0.7924430641821947,0.42881511200124234,4.089556695893407,0.0016451412811875343,,,,,
prostate_cancer_detection,15,1,47,60,HSTree,215,107,15154,15154,0.822429906542056,0.7132505175983437,0.7119565217391304,0.44941651379845077,1.2594022573903203,0.0010626567527651787,,,,,
prostate_cancer_detection,15,1,47,60,GreedyRuleList,215,107,15154,15154,0.8598130841121495,0.8002070393374741,0.8077122153209109,0.5913025625798726,1.3050597738474607,0.0011863363906741142,,,,,
prostate_cancer_detection,15,1,47,60,Dummy,215,107,15154,15154,0.7850467289719626,0.5,0.5,0.0,0.00031672604382038116,0.0001933574676513672,,,,,
prostate_cancer_detection,15,2,48,60,RFR,215,107,15154,15154,0.794392523364486,0.5533126293995859,0.6878881987577641,0.20752889386653947,0.015614396892488003,0.008153524249792099,1,2,2.0,2,2.0
prostate_cancer_detection,15,2,48,60,GPR,215,107,15154,15154,0.7663551401869159,0.535455486542443,0.535455486542443,0.11075272366300748,0.585580600425601,0.0032610418274998665,1,3,3.0,3,3.0
prostate_cancer_detection,15,2,48,60,FIGS,215,107,15154,15154,0.9439252336448598,0.9011387163561076,0.8928571428571429,0.8297920394530907,3.88205121550709,0.0014790929853916168,,,,,
prostate_cancer_detection,15,2,48,60,HSTree,215,107,15154,15154,0.9345794392523364,0.879399585921325,0.9347826086956522,0.7995687005200592,1.069329684600234,0.0010571684688329697,,,,,
prostate_cancer_detection,15,2,48,60,GreedyRuleList,215,107,15154,15154,0.9065420560747663,0.9089026915113871,0.9368530020703933,0.7558005882873595,0.9753819797188044,0.0011224262416362762,,,,,
prostate_cancer_detection,15,2,48,60,Dummy,215,107,15154,15154,0.7850467289719626,0.5,0.5,0.0,0.00029821693897247314,0.00019206665456295013,,,,,
prostate_cancer_detection,16,0,49,60,RFR,214,108,15154,15154,0.7962962962962963,0.5375959079283887,0.610230179028133,0.1873219529753418,0.015938873402774334,0.0029642246663570404,1,2,2.0,2,2.0
prostate_cancer_detection,16,0,49,60,GPR,214,108,15154,15154,0.7685185185185185,0.5199488491048593,0.5199488491048593,0.07130919121837694,0.840560294687748,0.014781877398490906,3,9,3.0,9,3.0
prostate_cancer_detection,16,0,49,60,FIGS,214,108,15154,15154,0.8518518518518519,0.7631713554987212,0.8130434782608695,0.5444684515191941,3.9087171209976077,0.001574801281094551,,,,,
prostate_cancer_detection,16,0,49,60,HSTree,214,108,15154,15154,0.8518518518518519,0.7948849104859335,0.8634271099744245,0.5724622799508595,1.057233109138906,0.0010714977979660034,,,,,
prostate_cancer_detection,16,0,49,60,GreedyRuleList,214,108,15154,15154,0.8796296296296297,0.8759590792838874,0.8774936061381073,0.6872836701121546,0.9520383039489388,0.0010082293301820755,,,,,
prostate_cancer_detection,16,0,49,60,Dummy,214,108,15154,15154,0.7870370370370371,0.5,0.5,0.0,0.0003166254609823227,0.0002024378627538681,,,,,
prostate_cancer_detection,16,1,50,60,RFR,215,107,15154,15154,0.794392523364486,0.5533126293995859,0.5965320910973084,0.20752889386653947,0.015545617789030075,0.002967115491628647,1,2,2.0,2,2.0
prostate_cancer_detection,16,1,50,60,GPR,215,107,15154,15154,0.8598130841121495,0.7370600414078674,0.7370600414078675,0.5461491035513097,0.5775039186701179,0.0032622022554278374,1,1,1.0,2,2.0
prostate_cancer_detection,16,1,50,60,FIGS,215,107,15154,15154,0.8411214953271028,0.7725155279503106,0.8348861283643892,0.5367599986177636,4.068436853587627,0.0018087783828377724,,,,,
prostate_cancer_detection,16,1,50,60,HSTree,215,107,15154,15154,0.822429906542056,0.7290372670807453,0.8416149068322982,0.46560636258959565,0.8915841933339834,0.0010931678116321564,,,,,
prostate_cancer_detection,16,1,50,60,GreedyRuleList,215,107,15154,15154,0.8130841121495327,0.8178053830227743,0.8071946169772257,0.5565376314320296,0.7447942439466715,0.0011038770899176598,,,,,
prostate_cancer_detection,16,1,50,60,Dummy,215,107,15154,15154,0.7850467289719626,0.5,0.5,0.0,0.0003198757767677307,0.00019371695816516876,,,,,
prostate_cancer_detection,16,2,51,60,RFR,215,107,15154,15154,0.7850467289719626,0.6262939958592133,0.6405279503105589,0.29096153114960605,0.015447589568793774,0.0032943515107035637,1,2,2.0,2,2.0
prostate_cancer_detection,16,2,51,60,GPR,215,107,15154,15154,0.8037383177570093,0.6539855072463768,0.6539855072463767,0.35475842425003196,0.7184279952198267,0.003321371041238308,2,7,3.5,8,4.0
prostate_cancer_detection,16,2,51,60,FIGS,215,107,15154,15154,0.8411214953271028,0.8672360248447204,0.8755175983436853,0.6385551467752246,2.9839336751028895,0.0014706924557685852,,,,,
prostate_cancer_detection,16,2,51,60,HSTree,215,107,15154,15154,0.8878504672897196,0.8969979296066253,0.9164078674948241,0.7190087167891738,0.8772620288655162,0.001056848093867302,,,,,
prostate_cancer_detection,16,2,51,60,GreedyRuleList,215,107,15154,15154,0.8317757009345794,0.8770703933747412,0.8770703933747412,0.6436788374742607,0.7949277739971876,0.0010565584525465965,,,,,
prostate_cancer_detection,16,2,51,60,Dummy,215,107,15154,15154,0.7850467289719626,0.5,0.5,0.0,0.0003318963572382927,0.00019420776516199112,,,,,
prostate_cancer_detection,17,0,52,60,RFR,214,108,15154,15154,0.7592592592592593,0.4823529411764706,0.5048593350383632,-0.08792663098842575,0.015451738610863686,0.002954886294901371,1,1,1.0,1,1.0
prostate_cancer_detection,17,0,52,60,GPR,214,108,15154,15154,0.7962962962962963,0.6168797953964195,0.6168797953964195,0.2941096947473759,0.8499665204435587,0.015076903626322746,3,10,3.3333333333333335,10,3.3333333333333335
prostate_cancer_detection,17,0,52,60,FIGS,214,108,15154,15154,0.8888888888888888,0.881841432225064,0.881841432225064,0.7054624174583017,2.4170205891132355,0.0013028550893068314,,,,,
prostate_cancer_detection,17,0,52,60,HSTree,214,108,15154,15154,0.8703703703703703,0.8383631713554988,0.8565217391304347,0.6398262765072421,0.8630590941756964,0.0010573668405413628,,,,,
prostate_cancer_detection,17,0,52,60,GreedyRuleList,214,108,15154,15154,0.8425925925925926,0.8524296675191816,0.8457800511508952,0.621327417558858,0.7467529540881515,0.001089547760784626,,,,,
prostate_cancer_detection,17,0,52,60,Dummy,214,108,15154,15154,0.7870370370370371,0.5,0.5,0.0,0.0003189258277416229,0.00019451789557933807,,,,,
prostate_cancer_detection,17,1,53,60,RFR,215,107,15154,15154,0.7383177570093458,0.5649585921325052,0.624223602484472,0.1459904492590118,0.015597417950630188,0.002971295267343521,1,2,2.0,2,2.0
prostate_cancer_detection,17,1,53,60,GPR,215,107,15154,15154,0.8037383177570093,0.5908385093167702,0.5908385093167703,0.2837533285088732,0.5837540943175554,0.003239372745156288,1,3,3.0,3,3.0
prostate_cancer_detection,17,1,53,60,FIGS,215,107,15154,15154,0.8691588785046729,0.8219461697722568,0.8219461697722568,0.6250861678721269,2.4422413734719157,0.001376844011247158,,,,,
prostate_cancer_detection,17,1,53,60,HSTree,215,107,15154,15154,0.8691588785046729,0.8377329192546584,0.8902691511387164,0.6388223102705313,0.8624633084982634,0.0010539377108216286,,,,,
prostate_cancer_detection,17,1,53,60,GreedyRuleList,215,107,15154,15154,0.8598130841121495,0.8791407867494824,0.9037267080745341,0.669010871362794,0.8172563565894961,0.001092216931283474,,,,,
prostate_cancer_detection,17,1,53,60,Dummy,215,107,15154,15154,0.7850467289719626,0.5,0.5,0.0,0.0003202855587005615,0.00020072795450687408,,,,,
prostate_cancer_detection,17,2,54,60,RFR,215,107,15154,15154,0.7850467289719626,0.5631469979296067,0.6040372670807453,0.19725302608594034,0.01560180727392435,0.002916306257247925,1,2,2.0,2,2.0
prostate_cancer_detection,17,2,54,60,GPR,215,107,15154,15154,0.7757009345794392,0.5098343685300207,0.5098343685300206,0.04894436952903558,0.583760398440063,0.0031277528032660484,1,2,2.0,3,3.0
prostate_cancer_detection,17,2,54,60,FIGS,215,107,15154,15154,0.9158878504672897,0.8674948240165632,0.8674948240165631,0.7470746156804812,2.345950978808105,0.0012926850467920303,,,,,
prostate_cancer_detection,17,2,54,60,HSTree,215,107,15154,15154,0.8691588785046729,0.7587991718426501,0.8519668737060041,0.5816352560119993,1.3012995291501284,0.0010638963431119919,,,,,
prostate_cancer_detection,17,2,54,60,GreedyRuleList,215,107,15154,15154,0.9065420560747663,0.8615424430641823,0.8493788819875776,0.7230848861283644,1.3222999759018421,0.0011752154678106308,,,,,
prostate_cancer_detection,17,2,54,60,Dummy,215,107,15154,15154,0.7850467289719626,0.5,0.5,0.0,0.00031557586044073105,0.0001942785456776619,,,,,
prostate_cancer_detection,18,0,55,60,RFR,214,108,15154,15154,0.75,0.5557544757033248,0.519693094629156,0.13591117530741156,0.015811395831406116,0.0035743694752454758,1,2,2.0,2,2.0
prostate_cancer_detection,18,0,55,60,GPR,214,108,15154,15154,0.7870370370370371,0.5475703324808184,0.5475703324808184,0.17004499444382193,0.699047077447176,0.01463306974619627,2,4,2.0,4,2.0
prostate_cancer_detection,18,0,55,60,FIGS,214,108,15154,15154,0.8425925925925926,0.7414322250639386,0.7414322250639385,0.5089115172024661,2.0695644468069077,0.0012682955712080002,,,,,
prostate_cancer_detection,18,0,55,60,HSTree,214,108,15154,15154,0.8703703703703703,0.8066496163682864,0.8145780051150895,0.6132992327365729,1.0632134201005101,0.0010681776329874992,,,,,
prostate_cancer_detection,18,0,55,60,GreedyRuleList,214,108,15154,15154,0.8425925925925926,0.8048593350383632,0.7877237851662404,0.5696116529250189,0.9728091163560748,0.0011357171460986137,,,,,
prostate_cancer_detection,18,0,55,60,Dummy,214,108,15154,15154,0.7870370370370371,0.5,0.5,0.0,0.00032184645533561707,0.00019381754100322723,,,,,
prostate_cancer_detection,18,1,56,60,RFR,215,107,15154,15154,0.7476635514018691,0.47619047619047616,0.45186335403726713,-0.1031182794921366,0.015627377666532993,0.002924146130681038,1,2,2.0,2,2.0
prostate_cancer_detection,18,1,56,60,GPR,215,107,15154,15154,0.822429906542056,0.6658902691511387,0.6658902691511387,0.40415594951672984,0.8186697065830231,0.0033140210434794426,3,11,3.6666666666666665,11,3.6666666666666665
prostate_cancer_detection,18,1,56,60,FIGS,215,107,15154,15154,0.8411214953271028,0.7883022774327122,0.8457556935817807,0.5522712639318668,4.0745845111086965,0.001579062081873417,,,,,
prostate_cancer_detection,18,1,56,60,HSTree,215,107,15154,15154,0.822429906542056,0.7290372670807453,0.7991718426501034,0.46560636258959565,1.058675704523921,0.0010697878897190094,,,,,
prostate_cancer_detection,18,1,56,60,GreedyRuleList,215,107,15154,15154,0.822429906542056,0.8079710144927537,0.7976190476190476,0.5526342274705582,1.0033968202769756,0.0011163270100951195,,,,,
prostate_cancer_detection,18,1,56,60,Dummy,215,107,15154,15154,0.7850467289719626,0.5,0.5,0.0,0.0003288052976131439,0.00019522849470376968,,,,,
prostate_cancer_detection,18,2,57,60,RFR,215,107,15154,15154,0.7850467289719626,0.5157867494824017,0.5610766045548654,0.09576716399319762,0.015711767598986626,0.008181755430996418,1,1,1.0,1,1.0
prostate_cancer_detection,18,2,57,60,GPR,215,107,15154,15154,0.794392523364486,0.5375258799171843,0.5375258799171843,0.18676141004500418,0.707119956612587,0.003298821859061718,2,6,3.0,6,3.0
prostate_cancer_detection,18,2,57,60,FIGS,215,107,15154,15154,0.897196261682243,0.8082298136645962,0.8082298136645963,0.676981724106862,2.3673035707324743,0.001303045079112053,,,,,
prostate_cancer_detection,18,2,57,60,HSTree,215,107,15154,15154,0.9345794392523364,0.8636128364389234,0.8804347826086956,0.7986224369186743,1.2853051535785198,0.0010628476738929749,,,,,
prostate_cancer_detection,18,2,57,60,GreedyRuleList,215,107,15154,15154,0.9065420560747663,0.8615424430641823,0.8568840579710145,0.7230848861283644,1.2945807166397572,0.0011341869831085205,,,,,
prostate_cancer_detection,18,2,57,60,Dummy,215,107,15154,15154,0.7850467289719626,0.5,0.5,0.0,0.00031330622732639313,0.00019834842532873154,,,,,
prostate_cancer_detection,19,0,58,60,RFR,214,108,15154,15154,0.8148148148148148,0.6127877237851662,0.6741687979539642,0.33413837529972873,0.0152677521109581,0.003453950397670269,1,2,2.0,2,2.0
prostate_cancer_detection,19,0,58,60,GPR,214,108,15154,15154,0.8240740740740741,0.6186700767263427,0.6186700767263428,0.3710219521841767,0.5799332950264215,0.01476322766393423,1,2,2.0,2,2.0
prostate_cancer_detection,19,0,58,60,FIGS,214,108,15154,15154,0.8425925925925926,0.773145780051151,0.7480818414322251,0.5379632491491849,4.069853437133133,0.0016505708917975426,,,,,
prostate_cancer_detection,19,0,58,60,HSTree,214,108,15154,15154,0.8425925925925926,0.773145780051151,0.8171355498721228,0.5379632491491849,1.066557732410729,0.0010569579899311066,,,,,
prostate_cancer_detection,19,0,58,60,GreedyRuleList,214,108,15154,15154,0.8518518518518519,0.7948849104859335,0.7907928388746803,0.5724622799508595,0.9734516879543662,0.0011664768680930138,,,,,
prostate_cancer_detection,19,0,58,60,Dummy,214,108,15154,15154,0.7870370370370371,0.5,0.5,0.0,0.00033019576221704483,0.00019182823598384857,,,,,
prostate_cancer_detection,19,1,59,60,RFR,215,107,15154,15154,0.7289719626168224,0.5432194616977226,0.5439958592132506,0.0995708518483283,0.015378070995211601,0.0028587663546204567,1,2,2.0,2,2.0
prostate_cancer_detection,19,1,59,60,GPR,215,107,15154,15154,0.794392523364486,0.6164596273291926,0.6164596273291926,0.29286896322505435,0.701786401681602,0.0033127209171652794,2,5,2.5,6,3.0
prostate_cancer_detection,19,1,59,60,FIGS,215,107,15154,15154,0.9158878504672897,0.8674948240165632,0.9435817805383023,0.7470746156804812,3.94371285662055,0.0015797419473528862,,,,,
prostate_cancer_detection,19,1,59,60,HSTree,215,107,15154,15154,0.9065420560747663,0.8299689440993789,0.9518633540372672,0.7093955946585394,0.9029368367046118,0.0010576080530881882,,,,,
prostate_cancer_detection,19,1,59,60,GreedyRuleList,215,107,15154,15154,0.8878504672897196,0.9127846790890269,0.9091614906832299,0.7343182072103488,0.7822011932730675,0.00107552669942379,,,,,
prostate_cancer_detection,19,1,59,60,Dummy,215,107,15154,15154,0.7850467289719626,0.5,0.5,0.0,0.0003189658746123314,0.00019399821758270264,,,,,
prostate_cancer_detection,19,2,60,60,RFR,215,107,15154,15154,0.7757009345794392,0.49404761904761907,0.6459627329192547,-0.0508242925694415,0.015524860471487045,0.0032077524811029434,1,1,1.0,1,1.0
prostate_cancer_detection,19,2,60,60,GPR,215,107,15154,15154,0.7850467289719626,0.6105072463768115,0.6105072463768115,0.26922713017729116,0.5857919380068779,0.003183073364198208,1,5,5.0,5,5.0
prostate_cancer_detection,19,2,60,60,FIGS,215,107,15154,15154,0.8504672897196262,0.7626811594202898,0.7626811594202898,0.5433799484160562,2.133192788809538,0.001284104771912098,,,,,
prostate_cancer_detection,19,2,60,60,HSTree,215,107,15154,15154,0.8037383177570093,0.7171325051759834,0.8141821946169772,0.42767487069354576,1.060812029056251,0.0010646181181073189,,,,,
prostate_cancer_detection,19,2,60,60,GreedyRuleList,215,107,15154,15154,0.9252336448598131,0.8734472049689441,0.8718944099378882,0.7725096212456838,1.2864545788615942,0.0011248784139752388,,,,,
prostate_cancer_detection,19,2,60,60,Dummy,215,107,15154,15154,0.7850467289719626,0.5,0.5,0.0,0.00031519681215286255,0.00020034797489643097,,,,,
qsar_biodeg,0,0,1,30,RFR,702,352,41,56,0.7528409090909091,0.7680780466693116,0.8320950697875716,0.5088717943058202,0.003063754178583622,0.00014739949256181717,2,4,2.0,4,2.0
qsar_biodeg,0,0,1,30,GPR,702,352,41,56,0.7159090909090909,0.6127240595809139,0.6127240595809138,0.30299099537660085,0.4593992615118623,9.597931057214737e-05,1,3,3.0,3,3.0
qsar_biodeg,0,0,1,30,FIGS,702,352,41,56,0.8295454545454546,0.7869585602481336,0.8658708118440508,0.6076376342696698,0.2104419842362404,0.0010055191814899445,,,,,
qsar_biodeg,0,0,1,30,HSTree,702,352,41,56,0.8238636363636364,0.7888339885310347,0.8454033974104663,0.5972918765845869,0.006221286952495575,0.00020016729831695557,,,,,
qsar_biodeg,0,0,1,30,GreedyRuleList,702,352,41,56,0.7244318181818182,0.7671763984563782,0.7818011324701555,0.5076552974322717,0.005198829807341099,0.0004510954022407532,,,,,
qsar_biodeg,0,0,1,30,Dummy,702,352,41,56,0.6619318181818182,0.5,0.5,0.0,0.0003270162269473076,0.0001972084864974022,,,,,
qsar_biodeg,0,1,2,30,RFR,703,351,41,54,0.7350427350427351,0.735596857496181,0.7970466283552776,0.45034944744772126,0.003101763315498829,0.00014829915016889572,1,2,2.0,2,2.0
qsar_biodeg,0,1,2,30,GPR,703,351,41,54,0.7777777777777778,0.7217756601440315,0.7217756601440314,0.4798674940790299,0.7268105549737811,0.00010314770042896271,3,8,2.6666666666666665,8,2.6666666666666665
qsar_biodeg,0,1,2,30,FIGS,703,351,41,54,0.8233618233618234,0.7791154433694625,0.8521859314759583,0.5915985755374862,0.21745344251394272,0.0015940507873892784,,,,,
qsar_biodeg,0,1,2,30,HSTree,703,351,41,54,0.8262108262108262,0.8000836546155525,0.8170691787299048,0.606825189041393,0.00658270251005888,0.00020155776292085648,,,,,
qsar_biodeg,0,1,2,30,GreedyRuleList,703,351,41,54,0.7606837606837606,0.7360878737179021,0.7927547828617152,0.46840873372381703,0.0059621213003993034,0.0005013952031731606,,,,,
qsar_biodeg,0,1,2,30,Dummy,703,351,41,54,0.6638176638176638,0.5,0.5,0.0,0.0003307657316327095,0.00019535794854164124,,,,,
qsar_biodeg,0,2,3,30,RFR,703,351,41,56,0.7606837606837606,0.7611842583836473,0.8122863170146214,0.5006596596640921,0.0026423800736665726,0.00014918949455022812,2,4,2.0,4,2.0
qsar_biodeg,0,2,3,30,GPR,703,351,41,56,0.7207977207977208,0.6140248781552339,0.614024878155234,0.3135498834835125,0.5023119347169995,9.783729910850525e-05,1,3,3.0,4,4.0
qsar_biodeg,0,2,3,30,FIGS,703,351,41,56,0.8176638176638177,0.8061940787080818,0.8521131883319998,0.6010191796579392,0.19846012443304062,0.0006363131105899811,,,,,
qsar_biodeg,0,2,3,30,HSTree,703,351,41,56,0.8319088319088319,0.8106495962755511,0.8496035498654253,0.6226140169927239,0.0065564438700675964,0.00019834749400615692,,,,,
qsar_biodeg,0,2,3,30,GreedyRuleList,703,351,41,56,0.7464387464387464,0.7358150869280571,0.7936640721611987,0.45672351923953347,0.005962490104138851,0.0004913248121738434,,,,,
qsar_biodeg,0,2,3,30,Dummy,703,351,41,56,0.6638176638176638,0.5,0.5,0.0,0.0003120461478829384,0.00019575748592615128,,,,,
qsar_biodeg,1,0,4,30,RFR,702,352,41,55,0.7585227272727273,0.760035344609947,0.8182277202726583,0.49838834515447206,0.0029789460822939873,0.00014738738536834717,1,2,2.0,2,2.0
qsar_biodeg,1,0,4,30,GPR,702,352,41,55,0.7102272727272727,0.6331013091932052,0.6331013091932052,0.3046155396239757,0.49541501607745886,0.0001758076250553131,1,3,3.0,3,3.0
qsar_biodeg,1,0,4,30,FIGS,702,352,41,55,0.8011363636363636,0.7613878169293469,0.8519493634363617,0.543561254863961,0.22727597039192915,0.0020028473809361458,,,,,
qsar_biodeg,1,0,4,30,HSTree,702,352,41,55,0.7926136363636364,0.7652288383164425,0.838586936920691,0.53384746388454,0.006130808033049107,0.00020499806851148605,,,,,
qsar_biodeg,1,0,4,30,GreedyRuleList,702,352,41,55,0.7102272727272727,0.7071085945107657,0.7596746853247737,0.39658693707865683,0.0053298985585570335,0.00046677514910697937,,,,,
qsar_biodeg,1,0,4,30,Dummy,702,352,41,55,0.6619318181818182,0.5,0.5,0.0,0.00031937751919031143,0.00020600762218236923,,,,,
qsar_biodeg,1,1,5,30,RFR,703,351,41,56,0.7492877492877493,0.7672401251182076,0.8272895904560995,0.5060668607764287,0.0028020180761814117,0.00014716852456331253,2,4,2.0,4,2.0
qsar_biodeg,1,1,5,30,GPR,703,351,41,56,0.7321937321937322,0.6267912999199825,0.6267912999199826,0.3486554685242502,0.48806739319115877,9.666848927736282e-05,1,3,3.0,3,3.0
qsar_biodeg,1,1,5,30,FIGS,703,351,41,56,0.8547008547008547,0.8424565359714846,0.8922128464392232,0.6781635444047148,0.23196130618453026,0.0017563793808221817,,,,,
qsar_biodeg,1,1,5,30,HSTree,703,351,41,56,0.8490028490028491,0.8088855750345529,0.8401833127227758,0.652595179679892,0.0058210622519254684,0.00019943807274103165,,,,,
qsar_biodeg,1,1,5,30,GreedyRuleList,703,351,41,56,0.7464387464387464,0.756728740816178,0.7895722703135228,0.48783477936177677,0.0045009879395365715,0.0004059448838233948,,,,,
qsar_biodeg,1,1,5,30,Dummy,703,351,41,56,0.6638176638176638,0.5,0.5,0.0,0.0003678761422634125,0.00019094720482826233,,,,,
qsar_biodeg,1,2,6,30,RFR,703,351,41,54,0.7578347578347578,0.7506728740816178,0.7952644213282898,0.48426264489419646,0.002932376228272915,0.0001433286815881729,1,2,2.0,2,2.0
qsar_biodeg,1,2,6,30,GPR,703,351,41,54,0.7663817663817664,0.7361969884338401,0.7361969884338402,0.47441716072484275,0.7558323042467237,0.00010522734373807907,3,8,2.6666666666666665,8,2.6666666666666665
qsar_biodeg,1,2,6,30,FIGS,703,351,41,54,0.7948717948717948,0.7555648505128392,0.8600058194515167,0.5287920726309225,0.2383671933785081,0.0021649235859513283,,,,,
qsar_biodeg,1,2,6,30,HSTree,703,351,41,54,0.8148148148148148,0.7726776751291191,0.8193424019786136,0.5725068332737198,0.0061492593958973885,0.00019954796880483627,,,,,
qsar_biodeg,1,2,6,30,GreedyRuleList,703,351,41,54,0.7663817663817664,0.7257401614897796,0.8058849203462574,0.464538610333704,0.005349268205463886,0.00045630428940057755,,,,,
qsar_biodeg,1,2,6,30,Dummy,703,351,41,54,0.6638176638176638,0.5,0.5,0.0,0.0003228159621357918,0.00019588787108659744,,,,,
qsar_biodeg,2,0,7,30,RFR,702,352,41,57,0.75,0.749486060518628,0.8024669095105853,0.47862141277100717,0.002965174615383148,0.00014839880168437958,2,4,2.0,4,2.0
qsar_biodeg,2,0,7,30,GPR,702,352,41,57,0.8295454545454546,0.7890143181736213,0.7890143181736213,0.6081671215740742,0.6553100431337953,0.00010501779615879059,2,7,3.5,8,4.0
qsar_biodeg,2,0,7,30,FIGS,702,352,41,57,0.8011363636363636,0.7654993327803225,0.8674036138060375,0.5460971875089654,0.23722874745726585,0.0019307564944028854,,,,,
qsar_biodeg,2,0,7,30,HSTree,702,352,41,57,0.8465909090909091,0.8224474339091861,0.8660150755581202,0.6534346943243401,0.006551794707775116,0.00019776728004217148,,,,,
qsar_biodeg,2,0,7,30,GreedyRuleList,702,352,41,57,0.7755681818181818,0.7359072384318535,0.8009882064413748,0.4865217020407647,0.005645603872835636,0.0004929341375827789,,,,,
qsar_biodeg,2,0,7,30,Dummy,702,352,41,57,0.6619318181818182,0.5,0.5,0.0,0.0003767348825931549,0.00020049791783094406,,,,,
qsar_biodeg,2,1,8,30,RFR,703,351,41,54,0.7606837606837606,0.7507274314395869,0.810540481559613,0.48625281358366346,0.002873406745493412,0.00014495942741632462,1,2,2.0,2,2.0
qsar_biodeg,2,1,8,30,GPR,703,351,41,54,0.7777777777777778,0.7510547755874009,0.7510547755874007,0.5021095511748018,0.7441509440541267,0.00010749790817499161,3,10,3.3333333333333335,10,3.3333333333333335
qsar_biodeg,2,1,8,30,FIGS,703,351,41,54,0.8319088319088319,0.7939186731650542,0.8697897723139594,0.6134023663348848,0.2194485329091549,0.0014544427394866943,,,,,
qsar_biodeg,2,1,8,30,HSTree,703,351,41,54,0.8233618233618234,0.7937550010911472,0.8343274896341021,0.5983142755141869,0.006421324796974659,0.00019588693976402283,,,,,
qsar_biodeg,2,1,8,30,GreedyRuleList,703,351,41,54,0.7435897435897436,0.754582818069397,0.7710591401760384,0.4834714702716545,0.005798341706395149,0.0004968643188476562,,,,,
qsar_biodeg,2,1,8,30,Dummy,703,351,41,54,0.6638176638176638,0.5,0.5,0.0,0.0003639962524175644,0.00020407792180776596,,,,,
qsar_biodeg,2,2,9,30,RFR,703,351,41,57,0.7606837606837606,0.7820979122717684,0.8407470720884557,0.5338373102945916,0.0031144339591264725,0.00014535803347826004,2,4,2.0,4,2.0
qsar_biodeg,2,2,9,30,GPR,703,351,41,57,0.8034188034188035,0.7661853495308067,0.7661853495308067,0.549251062327828,0.6302062282338738,0.00010353885591030121,2,7,3.5,7,3.5
qsar_biodeg,2,2,9,30,FIGS,703,351,41,57,0.8176638176638177,0.8020113479304576,0.8790281515967119,0.5969644241807605,0.20120969600975513,0.0007434114813804626,,,,,
qsar_biodeg,2,2,9,30,HSTree,703,351,41,57,0.8347578347578347,0.8127955190223322,0.8363279260929658,0.6282703391182087,0.006189507432281971,0.00019636750221252441,,,,,
qsar_biodeg,2,2,9,30,GreedyRuleList,703,351,41,57,0.7037037037037037,0.7433621881137703,0.7704771950243691,0.46143690193925335,0.005648515187203884,0.0004602540284395218,,,,,
qsar_biodeg,2,2,9,30,Dummy,703,351,41,57,0.6638176638176638,0.5,0.5,0.0,0.0003224154934287071,0.0001954277977347374,,,,,
qsar_biodeg,3,0,10,30,RFR,702,352,41,54,0.7613636363636364,0.7745158149096548,0.8187146103076425,0.5218811245183164,0.002945265732705593,0.00014348793774843216,1,2,2.0,2,2.0
qsar_biodeg,3,0,10,30,GPR,702,352,41,54,0.78125,0.7833700003606593,0.7833700003606592,0.5441583146691353,0.7786395959556103,0.00010504946112632751,3,9,3.0,10,3.3333333333333335
qsar_biodeg,3,0,10,30,FIGS,702,352,41,54,0.8380681818181818,0.8160096656688427,0.9088613986367079,0.6360581287131275,0.23069260362535715,0.001850188709795475,,,,,
qsar_biodeg,3,0,10,30,HSTree,702,352,41,54,0.8323863636363636,0.8076063043243048,0.8525985501496736,0.621921777689762,0.0060889096930623055,0.00019285734742879868,,,,,
qsar_biodeg,3,0,10,30,GreedyRuleList,702,352,41,54,0.7443181818181818,0.753417246727017,0.7812421105781368,0.48233688371759365,0.005913150496780872,0.0004714643582701683,,,,,
qsar_biodeg,3,0,10,30,Dummy,702,352,41,54,0.6619318181818182,0.5,0.5,0.0,0.00031075626611709595,0.00019375793635845184,,,,,
qsar_biodeg,3,1,11,30,RFR,703,351,41,57,0.7663817663817664,0.7675674692660217,0.8410562304502801,0.5128955279653102,0.0024928217753767967,0.00014319922775030136,2,4,2.0,4,2.0
qsar_biodeg,3,1,11,30,GPR,703,351,41,57,0.8205128205128205,0.7853349821779297,0.7853349821779297,0.5887647173548967,0.6216011196374893,9.957980364561081e-05,2,5,2.5,5,2.5
qsar_biodeg,3,1,11,30,FIGS,703,351,41,57,0.8176638176638177,0.7664581363206517,0.8617334691205354,0.5765492843990115,0.2389992382377386,0.0014036241918802261,,,,,
qsar_biodeg,3,1,11,30,HSTree,703,351,41,57,0.8319088319088319,0.78973594238743,0.829580999490798,0.6121369680694754,0.006480124779045582,0.00019703712314367294,,,,,
qsar_biodeg,3,1,11,30,GreedyRuleList,703,351,41,57,0.7635327635327636,0.7215028733541864,0.7879901069324217,0.45705253393133466,0.0054827965795993805,0.00048308540135622025,,,,,
qsar_biodeg,3,1,11,30,Dummy,703,351,41,57,0.6638176638176638,0.5,0.5,0.0,0.0003174366429448128,0.00019478704780340195,,,,,
qsar_biodeg,3,2,12,30,RFR,703,351,41,57,0.7350427350427351,0.735596857496181,0.7841347203026114,0.45034944744772126,0.003097354434430599,0.00014537852257490158,2,4,2.0,4,2.0
qsar_biodeg,3,2,12,30,GPR,703,351,41,57,0.7806267806267806,0.7573834291118062,0.7573834291118062,0.5116499539042055,0.617933283559978,0.00010413955897092819,2,7,3.5,9,4.5
qsar_biodeg,3,2,12,30,FIGS,703,351,41,57,0.8148148148148148,0.791499963628428,0.8670800902014986,0.584233700876734,0.2220565052703023,0.0019020289182662964,,,,,
qsar_biodeg,3,2,12,30,HSTree,703,351,41,57,0.8148148148148148,0.79359132901724,0.8436204262748237,0.5859690955229816,0.006399175152182579,0.00019825715571641922,,,,,
qsar_biodeg,3,2,12,30,GreedyRuleList,703,351,41,57,0.7094017094017094,0.7288317451080235,0.7559103804466429,0.43261491106247724,0.005661563947796822,0.00045264512300491333,,,,,
qsar_biodeg,3,2,12,30,Dummy,703,351,41,57,0.6638176638176638,0.5,0.5,0.0,0.0003690458834171295,0.00019630789756774902,,,,,
qsar_biodeg,4,0,13,30,RFR,702,352,41,57,0.75,0.7556533342950915,0.8138998088505789,0.4879335090887436,0.0027702180668711662,0.0001479191705584526,2,4,2.0,4,2.0
qsar_biodeg,4,0,13,30,GPR,702,352,41,57,0.78125,0.7134742308940744,0.7134742308940744,0.4863000471446579,0.6300881439819932,9.944941848516464e-05,2,4,2.0,5,2.5
qsar_biodeg,4,0,13,30,FIGS,702,352,41,57,0.8295454545454546,0.7951815919500848,0.864518339524651,0.6104183509903917,0.2167266681790352,0.0011810967698693275,,,,,
qsar_biodeg,4,0,13,30,HSTree,702,352,41,57,0.8153409090909091,0.7823962202906913,0.8117719190680565,0.5793400141409517,0.0061931489035487175,0.0001998264342546463,,,,,
qsar_biodeg,4,0,13,30,GreedyRuleList,702,352,41,57,0.7215909090909091,0.6951347062430122,0.7552385761171421,0.3857873835245793,0.005664444528520107,0.00046615395694971085,,,,,
qsar_biodeg,4,0,13,30,Dummy,702,352,41,57,0.6619318181818182,0.5,0.5,0.0,0.00031980592757463455,0.00019538775086402893,,,,,
qsar_biodeg,4,1,14,30,RFR,703,351,41,55,0.7578347578347578,0.7590383356368662,0.8064668654979268,0.49606575775311706,0.0027657579630613327,0.00014275778084993362,1,2,2.0,2,2.0
qsar_biodeg,4,1,14,30,GPR,703,351,41,55,0.7065527065527065,0.6074779951989525,0.6074779951989525,0.27533246546396656,0.48563862033188343,9.57287847995758e-05,1,2,2.0,2,2.0
qsar_biodeg,4,1,14,30,FIGS,703,351,41,55,0.8205128205128205,0.8041572706772386,0.8697897723139595,0.6023198598146065,0.21341850608587265,0.000978638418018818,,,,,
qsar_biodeg,4,1,14,30,HSTree,703,351,41,55,0.8319088319088319,0.827380519386048,0.8569324216192624,0.6375991448527658,0.005985839292407036,0.00019772816449403763,,,,,
qsar_biodeg,4,1,14,30,GreedyRuleList,703,351,41,55,0.7378917378917379,0.7335600494653378,0.7874627191387211,0.44862255001668894,0.005824072286486626,0.0004680650308728218,,,,,
qsar_biodeg,4,1,14,30,Dummy,703,351,41,55,0.6638176638176638,0.5,0.5,0.0,0.00037160515785217285,0.00019467808306217194,,,,,
qsar_biodeg,4,2,15,30,RFR,703,351,41,55,0.7492877492877493,0.7609660289517712,0.8228340728886303,0.4955936565753441,0.0031075449660420418,0.00016191788017749786,1,2,2.0,2,2.0
qsar_biodeg,4,2,15,30,GPR,703,351,41,55,0.7407407407407407,0.6415945297155743,0.6415945297155743,0.37363656294009956,0.518589018844068,9.576883167028427e-05,1,3,3.0,3,3.0
qsar_biodeg,4,2,15,30,FIGS,703,351,41,55,0.8347578347578347,0.8086127882447078,0.880901287553648,0.6255397559632385,0.24465445335954428,0.0022195540368556976,,,,,
qsar_biodeg,4,2,15,30,HSTree,703,351,41,55,0.8632478632478633,0.830072015712519,0.8628428020659052,0.6868436789579788,0.006760912016034126,0.00021133758127689362,,,,,
qsar_biodeg,4,2,15,30,GreedyRuleList,703,351,41,55,0.7977207977207977,0.7807157925365533,0.8383283625518295,0.5538683894399743,0.005655404180288315,0.0004973737522959709,,,,,
qsar_biodeg,4,2,15,30,Dummy,703,351,41,55,0.6638176638176638,0.5,0.5,0.0,0.00032445602118968964,0.00019541755318641663,,,,,
qsar_biodeg,5,0,16,30,RFR,702,352,41,55,0.7443181818181818,0.732859667472139,0.8184801817722797,0.45185198686306405,0.0027388175949454308,0.0001577390357851982,1,2,2.0,2,2.0
qsar_biodeg,5,0,16,30,GPR,702,352,41,55,0.7528409090909091,0.6776246979478486,0.6776246979478486,0.4124264704215831,0.8239484811201692,0.000204537995159626,3,11,3.6666666666666665,12,4.0
qsar_biodeg,5,0,16,30,FIGS,702,352,41,55,0.8011363636363636,0.7716666065567859,0.8690806794820933,0.5505281399248467,0.24845002125948668,0.001897907815873623,,,,,
qsar_biodeg,5,0,16,30,HSTree,702,352,41,55,0.8039772727272727,0.7676452555271036,0.7786453637248892,0.5519763875316488,0.006004739552736282,0.0002039782702922821,,,,,
qsar_biodeg,5,0,16,30,GreedyRuleList,702,352,41,55,0.7698863636363636,0.7254481191618278,0.7919536913477837,0.4701733001953243,0.005180079489946365,0.00047505367547273636,,,,,
qsar_biodeg,5,0,16,30,Dummy,702,352,41,55,0.6619318181818182,0.5,0.5,0.0,0.0003131963312625885,0.00019322801381349564,,,,,
qsar_biodeg,5,1,17,30,RFR,703,351,41,56,0.7549857549857549,0.7673492398341456,0.8255801265730707,0.5077158428790337,0.0030236542224884033,0.0001510772854089737,2,4,2.0,4,2.0
qsar_biodeg,5,1,17,30,GPR,703,351,41,56,0.7122507122507122,0.6013130137484543,0.6013130137484543,0.2863170588410508,0.5058654891327024,9.296834468841553e-05,1,2,2.0,2,2.0
qsar_biodeg,5,1,17,30,FIGS,703,351,41,56,0.8433048433048433,0.831781479595548,0.9005783079944716,0.6546239243938126,0.2066396763548255,0.0015048114582896233,,,,,
qsar_biodeg,5,1,17,30,HSTree,703,351,41,56,0.8603988603988604,0.8321088237433623,0.8542409252927913,0.6816203881537756,0.00626530684530735,0.00021830759942531586,,,,,
qsar_biodeg,5,1,17,30,GreedyRuleList,703,351,41,56,0.7350427350427351,0.7669673383283626,0.7897723139594093,0.5045641063542834,0.005580374971032143,0.00045358482748270035,,,,,
qsar_biodeg,5,1,17,30,Dummy,703,351,41,56,0.6638176638176638,0.5,0.5,0.0,0.0003184676170349121,0.00019311625510454178,,,,,
qsar_biodeg,5,2,18,30,RFR,703,351,41,57,0.7293447293447294,0.6811122426711282,0.8061758929220921,0.375796140449129,0.002543489448726177,0.0001534176990389824,2,4,2.0,4,2.0
qsar_biodeg,5,2,18,30,GPR,703,351,41,57,0.7008547008547008,0.6575616498145049,0.6575616498145049,0.32013441879242055,0.6207338189706206,9.720958769321442e-05,2,4,2.0,4,2.0
qsar_biodeg,5,2,18,30,FIGS,703,351,41,57,0.8176638176638177,0.789463155597585,0.8686258820106206,0.5867245901984012,0.20276594068855047,0.0006072130054235458,,,,,
qsar_biodeg,5,2,18,30,HSTree,703,351,41,57,0.8148148148148148,0.7664035789626829,0.8306175892922093,0.570345064317903,0.006495585665106773,0.000212106853723526,,,,,
qsar_biodeg,5,2,18,30,GreedyRuleList,703,351,41,57,0.7435897435897436,0.7650396450134576,0.7854077253218884,0.5012791201894364,0.005624065175652504,0.0004348950460553169,,,,,
qsar_biodeg,5,2,18,30,Dummy,703,351,41,57,0.6638176638176638,0.5,0.5,0.0,0.0003619566559791565,0.0001933882012963295,,,,,
qsar_biodeg,6,0,19,30,RFR,702,352,41,57,0.75,0.7556533342950915,0.8246113896202258,0.4879335090887436,0.002535761334002018,0.0001512281596660614,2,4,2.0,4,2.0
qsar_biodeg,6,0,19,30,GPR,702,352,41,57,0.7272727272727273,0.6315865401954773,0.6315865401954774,0.3379437891361345,0.51622857991606,9.896885603666306e-05,1,4,4.0,4,4.0
qsar_biodeg,6,0,19,30,FIGS,702,352,41,57,0.8153409090909091,0.7782847044397159,0.837775453529051,0.5770696891142562,0.21164655778557062,0.0017405599355697632,,,,,
qsar_biodeg,6,0,19,30,HSTree,702,352,41,57,0.8210227272727273,0.7887438237097414,0.8208064341616474,0.592362216246802,0.006566004827618599,0.00020970776677131653,,,,,
qsar_biodeg,6,0,19,30,GreedyRuleList,702,352,41,57,0.7272727272727273,0.7590435315757205,0.7942438778086343,0.4903620437981988,0.005607955157756805,0.0004972750321030617,,,,,
qsar_biodeg,6,0,19,30,Dummy,702,352,41,57,0.6619318181818182,0.5,0.5,0.0,0.0003123059868812561,0.00019301753491163254,,,,,
qsar_biodeg,6,1,20,30,RFR,703,351,41,54,0.7720797720797721,0.7551283916490871,0.8101222084818507,0.5007838731021695,0.002705007791519165,0.00014888867735862732,1,2,2.0,2,2.0
qsar_biodeg,6,1,20,30,GPR,703,351,41,54,0.8176638176638177,0.7643667709318396,0.7643667709318396,0.5762840716466843,0.5304796658456326,9.839795529842377e-05,1,4,4.0,5,5.0
qsar_biodeg,6,1,20,30,FIGS,703,351,41,54,0.8547008547008547,0.8131774205281153,0.8319815232414345,0.6659745257813495,0.21341240778565407,0.000939609482884407,,,,,
qsar_biodeg,6,1,20,30,HSTree,703,351,41,54,0.8632478632478633,0.8363461118789555,0.8519313304721029,0.6885260194794194,0.0060784704983234406,0.00020969845354557037,,,,,
qsar_biodeg,6,1,20,30,GreedyRuleList,703,351,41,54,0.6638176638176638,0.7154106350476468,0.7302866079871971,0.41333148616042054,0.004144271835684776,0.0003635762259364128,,,,,
qsar_biodeg,6,1,20,30,Dummy,703,351,41,54,0.6638176638176638,0.5,0.5,0.0,0.0003715651109814644,0.0001959279179573059,,,,,
qsar_biodeg,6,2,21,30,RFR,703,351,41,57,0.7207977207977208,0.6600349167091002,0.7661307921728377,0.34381111458377556,0.0029655350372195244,0.00014976784586906433,1,2,2.0,2,2.0
qsar_biodeg,6,2,21,30,GPR,703,351,41,57,0.7863247863247863,0.7470357168836836,0.7470357168836838,0.5097374073007594,0.633446155115962,0.00010230857878923416,2,7,3.5,8,4.0
qsar_biodeg,6,2,21,30,FIGS,703,351,41,57,0.8062678062678063,0.7808794646104604,0.8691168982323415,0.5641648481209729,0.2266734754666686,0.0018051303923130035,,,,,
qsar_biodeg,6,2,21,30,HSTree,703,351,41,57,0.8319088319088319,0.7939186731650542,0.8215610678693533,0.6134023663348848,0.006729161366820335,0.00020913779735565186,,,,,
qsar_biodeg,6,2,21,30,GreedyRuleList,703,351,41,57,0.7321937321937322,0.7209027424165273,0.7817523823379646,0.42728802576188035,0.005932270549237728,0.0005019241943955421,,,,,
qsar_biodeg,6,2,21,30,Dummy,703,351,41,57,0.6638176638176638,0.5,0.5,0.0,0.00036223605275154114,0.00019145850092172623,,,,,
qsar_biodeg,7,0,22,30,RFR,702,352,41,57,0.7642045454545454,0.7643271901035091,0.8202834781981461,0.5075902110487581,0.0030920645222067833,0.00016607902944087982,2,4,2.0,4,2.0
qsar_biodeg,7,0,22,30,GPR,702,352,41,57,0.8011363636363636,0.7552205431528836,0.7552205431528835,0.540432064212822,0.6278760405257344,0.00010513979941606522,2,7,3.5,8,4.0
qsar_biodeg,7,0,22,30,FIGS,702,352,41,57,0.8039772727272727,0.7655894976016158,0.8593248458181555,0.5507440630686083,0.22743735741823912,0.0018960479646921158,,,,,
qsar_biodeg,7,0,22,30,HSTree,702,352,41,57,0.8153409090909091,0.8029537995455693,0.8265409167959029,0.5958388908442147,0.006503664888441563,0.00021889805793762207,,,,,
qsar_biodeg,7,0,22,30,GreedyRuleList,702,352,41,57,0.7585227272727273,0.7333104915786057,0.7945143722725141,0.46384392421704956,0.0056438148021698,0.0004899138584733009,,,,,
qsar_biodeg,7,0,22,30,Dummy,702,352,41,57,0.6619318181818182,0.5,0.5,0.0,0.0003066258504986763,0.00019475724548101425,,,,,
qsar_biodeg,7,1,23,30,RFR,703,351,41,56,0.7122507122507122,0.7142467447443078,0.796464683203608,0.4082111671957916,0.002709457650780678,0.0001613181084394455,2,4,2.0,4,2.0
qsar_biodeg,7,1,23,30,GPR,703,351,41,56,0.7293447293447294,0.7333963773914309,0.7333963773914308,0.4446975740421687,0.49755941051989794,9.56384465098381e-05,1,3,3.0,3,3.0
qsar_biodeg,7,1,23,30,FIGS,703,351,41,56,0.8233618233618234,0.8000290972575834,0.8540045100749254,0.6026281427193144,0.20907426998019218,0.0014115339145064354,,,,,
qsar_biodeg,7,1,23,30,HSTree,703,351,41,56,0.7948717948717948,0.7827526005673966,0.8120135302247763,0.5532071120741466,0.0069002797827124596,0.0001976480707526207,,,,,
qsar_biodeg,7,1,23,30,GreedyRuleList,703,351,41,56,0.7150997150997151,0.7435804175456463,0.752036808030843,0.4603183392781208,0.005644065327942371,0.0004714345559477806,,,,,
qsar_biodeg,7,1,23,30,Dummy,703,351,41,56,0.6638176638176638,0.5,0.5,0.0,0.0003119371831417084,0.00019409693777561188,,,,,
qsar_biodeg,7,2,24,30,RFR,703,351,41,56,0.7663817663817664,0.7842983923765185,0.8378919036880774,0.538809140206133,0.002945106476545334,0.00015793833881616592,2,4,2.0,4,2.0
qsar_biodeg,7,2,24,30,GPR,703,351,41,56,0.698005698005698,0.5905834000145487,0.5905834000145487,0.2448664740139182,0.5100171370431781,9.165890514850616e-05,1,1,1.0,1,1.0
qsar_biodeg,7,2,24,30,FIGS,703,351,41,56,0.8233618233618234,0.8000290972575834,0.8456572343056667,0.6026281427193144,0.21339430939406157,0.001334885135293007,,,,,
qsar_biodeg,7,2,24,30,HSTree,703,351,41,56,0.8262108262108262,0.8000836546155525,0.8540045100749254,0.606825189041393,0.006279367953538895,0.00020127743482589722,,,,,
qsar_biodeg,7,2,24,30,GreedyRuleList,703,351,41,56,0.7521367521367521,0.7442896631992435,0.7883720084382047,0.4719312325060752,0.005398048087954521,0.00047907326370477676,,,,,
qsar_biodeg,7,2,24,30,Dummy,703,351,41,56,0.6638176638176638,0.5,0.5,0.0,0.0003304658457636833,0.00019499845802783966,,,,,
qsar_biodeg,8,0,25,30,RFR,702,352,41,57,0.7642045454545454,0.776661737656436,0.8338623002849208,0.5262609298634409,0.0028242170810699463,0.0001522386446595192,2,4,2.0,4,2.0
qsar_biodeg,8,0,25,30,GPR,702,352,41,57,0.8096590909090909,0.7945504382010316,0.7945504382010316,0.581301733289532,0.6303329467773438,0.00010741874575614929,2,9,4.5,11,5.5
qsar_biodeg,8,0,25,30,FIGS,702,352,41,57,0.7784090909090909,0.7606664983590004,0.852093627150431,0.5135391232035509,0.2126362407580018,0.0010494375601410866,,,,,
qsar_biodeg,8,0,25,30,HSTree,702,352,41,57,0.8323863636363636,0.8302196415046705,0.8691167454106107,0.6416349450626845,0.0062739672139286995,0.0001971181482076645,,,,,
qsar_biodeg,8,0,25,30,GreedyRuleList,702,352,41,57,0.7301136363636364,0.746799148844087,0.7707108594510765,0.46775084240302317,0.005445526912808418,0.00044680386781692505,,,,,
qsar_biodeg,8,0,25,30,Dummy,702,352,41,57,0.6619318181818182,0.5,0.5,0.0,0.00036752503365278244,0.00019543804228305817,,,,,
qsar_biodeg,8,1,26,30,RFR,703,351,41,57,0.7094017094017094,0.7309231104968357,0.811704371862952,0.4364410778260689,0.003081994131207466,0.00014952849596738815,2,4,2.0,4,2.0
qsar_biodeg,8,1,26,30,GPR,703,351,41,57,0.8319088319088319,0.7792791154433695,0.7792791154433696,0.6111190619062155,0.6370166400447488,0.00010302942246198654,2,5,2.5,8,4.0
qsar_biodeg,8,1,26,30,FIGS,703,351,41,57,0.8148148148148148,0.7768604059067433,0.8182512548192332,0.5744673603973833,0.20969937462359667,0.0009791087359189987,,,,,
qsar_biodeg,8,1,26,30,HSTree,703,351,41,57,0.8433048433048433,0.8108678257074271,0.8353822652215029,0.6414495907243214,0.0059517016634345055,0.00019747857004404068,,,,,
qsar_biodeg,8,1,26,30,GreedyRuleList,703,351,41,57,0.7264957264957265,0.7375245508110861,0.7734232923546955,0.4505892127225895,0.005424496717751026,0.00045802537351846695,,,,,
qsar_biodeg,8,1,26,30,Dummy,703,351,41,57,0.6638176638176638,0.5,0.5,0.0,0.00031699612736701965,0.0001943986862897873,,,,,
qsar_biodeg,8,2,27,30,RFR,703,351,41,54,0.7521367521367521,0.6773659707572561,0.805121117334691,0.40882183885192874,0.0030482839792966843,0.00015775766223669052,1,2,2.0,2,2.0
qsar_biodeg,8,2,27,30,GPR,703,351,41,54,0.7492877492877493,0.6605804902887903,0.6605804902887903,0.39782949023213604,0.5088280942291021,9.614881128072739e-05,1,4,4.0,4,4.0
qsar_biodeg,8,2,27,30,FIGS,703,351,41,54,0.8290598290598291,0.8001382119735214,0.8633520040736161,0.6113154710014326,0.22944222576916218,0.001551162451505661,,,,,
qsar_biodeg,8,2,27,30,HSTree,703,351,41,54,0.8233618233618234,0.7791154433694625,0.8366734560267697,0.5915985755374862,0.005722084082663059,0.00019588880240917206,,,,,
qsar_biodeg,8,2,27,30,GreedyRuleList,703,351,41,54,0.7663817663817664,0.7299228922674038,0.7937004437331783,0.46830232064173005,0.005184119567275047,0.000468425452709198,,,,,
qsar_biodeg,8,2,27,30,Dummy,703,351,41,54,0.6638176638176638,0.5,0.5,0.0,0.00031942594796419144,0.00019544735550880432,,,,,
qsar_biodeg,9,0,28,30,RFR,702,352,41,55,0.7329545454545454,0.6769935441987953,0.7757961553720201,0.3772337131329563,0.0031198635697364807,0.0001448383554816246,1,2,2.0,2,2.0
qsar_biodeg,9,0,28,30,GPR,702,352,41,55,0.7698863636363636,0.7172250874598767,0.7172250874598767,0.464534140795746,0.49981247913092375,0.0001836884766817093,1,4,4.0,4,4.0
qsar_biodeg,9,0,28,30,FIGS,702,352,41,55,0.8096590909090909,0.7596025534677391,0.8540592202546254,0.5589974272950989,0.19763720408082008,0.0007330514490604401,,,,,
qsar_biodeg,9,0,28,30,HSTree,702,352,41,55,0.8068181818181818,0.7615681465719335,0.7999963934071482,0.5538731782241915,0.00631374679505825,0.0001954277977347374,,,,,
qsar_biodeg,9,0,28,30,GreedyRuleList,702,352,41,55,0.6875,0.6940527283874923,0.7324449092941898,0.3685289150074473,0.0054689375683665276,0.0004647551104426384,,,,,
qsar_biodeg,9,0,28,30,Dummy,702,352,41,55,0.6619318181818182,0.5,0.5,0.0,0.0003687562420964241,0.00019564758986234665,,,,,
qsar_biodeg,9,1,29,30,RFR,703,351,41,57,0.7492877492877493,0.7567832981741471,0.8159416599985452,0.48890250114706574,0.0029419856145977974,0.00016060750931501389,2,4,2.0,4,2.0
qsar_biodeg,9,1,29,30,GPR,703,351,41,57,0.7806267806267806,0.7657488906670546,0.7657488906670545,0.5207737411082378,0.6280756071209908,0.00010308809578418732,2,5,2.5,7,3.5
qsar_biodeg,9,1,29,30,FIGS,703,351,41,57,0.7891737891737892,0.7763693896850222,0.8733723721539247,0.540718322754747,0.23321045469492674,0.0018754489719867706,,,,,
qsar_biodeg,9,1,29,30,HSTree,703,351,41,57,0.811965811965812,0.7621662908270896,0.8206517785698697,0.5632251167999669,0.006678023375570774,0.00019789673388004303,,,,,
qsar_biodeg,9,1,29,30,GreedyRuleList,703,351,41,57,0.7350427350427351,0.6895868189423147,0.7963191969156906,0.3911964422195537,0.005726464092731476,0.000493333674967289,,,,,
qsar_biodeg,9,1,29,30,Dummy,703,351,41,57,0.6638176638176638,0.5,0.5,0.0,0.00031616631895303726,0.0001954874023795128,,,,,
qsar_biodeg,9,2,30,30,RFR,703,351,41,56,0.7777777777777778,0.7824252564195824,0.8475303702626027,0.5403480828183992,0.0025578103959560394,0.0001574680209159851,2,4,2.0,4,2.0
qsar_biodeg,9,2,30,30,GPR,703,351,41,56,0.7207977207977208,0.6223903397104823,0.6223903397104823,0.3157846958331945,0.49142095912247896,0.00010124873369932175,1,1,1.0,1,1.0
qsar_biodeg,9,2,30,30,FIGS,703,351,41,56,0.8290598290598291,0.7875900196406489,0.8989415872554012,0.6056887007182172,0.23813112732023,0.0018661674112081528,,,,,
qsar_biodeg,9,2,30,30,HSTree,703,351,41,56,0.8689458689458689,0.8301811304284571,0.902651487597294,0.6998347496389496,0.005886072292923927,0.00020410772413015366,,,,,
qsar_biodeg,9,2,30,30,GreedyRuleList,703,351,41,56,0.7264957264957265,0.7730777624208918,0.7841710918745908,0.5189011154562896,0.005043052136898041,0.00044089462608098984,,,,,
qsar_biodeg,9,2,30,30,Dummy,703,351,41,56,0.6638176638176638,0.5,0.5,0.0,0.0003218362107872963,0.00019375793635845184,,,,,
regensburg_pediatric_appendicitis,0,0,1,30,RFR,508,255,48,95,0.8627450980392157,0.5722934472934473,0.8897198480531814,0.2985345767674618,0.0027229078114032745,0.00015176832675933838,1,1,1.0,1,1.0
regensburg_pediatric_appendicitis,0,0,1,30,GPR,508,255,48,95,0.8509803921568627,0.6178774928774928,0.6178774928774928,0.3086757336244166,0.846851410344243,0.00010943971574306488,4,9,2.25,9,2.25
regensburg_pediatric_appendicitis,0,0,1,30,FIGS,508,255,48,95,0.8588235294117647,0.6750356125356125,0.7788461538461539,0.3968828886096485,0.21005928236991167,0.0009528594091534615,,,,,
regensburg_pediatric_appendicitis,0,0,1,30,HSTree,508,255,48,95,0.8666666666666667,0.7216880341880342,0.6729582146248814,0.463752287127712,0.0050642406567931175,0.00016993843019008636,,,,,
regensburg_pediatric_appendicitis,0,0,1,30,GreedyRuleList,508,255,48,95,0.8823529411764706,0.7204415954415955,0.7206790123456791,0.49983826663148,0.0026410985738039017,0.00023338664323091507,,,,,
regensburg_pediatric_appendicitis,0,0,1,30,Dummy,508,255,48,95,0.8470588235294118,0.5,0.5,0.0,0.00031895749270915985,0.0001933770254254341,,,,,
regensburg_pediatric_appendicitis,0,1,2,30,RFR,509,254,48,97,0.8740157480314961,0.6114766081871346,0.8213328460038987,0.374829798824868,0.002654029056429863,0.0001488085836172104,2,3,1.5,3,1.5
regensburg_pediatric_appendicitis,0,1,2,30,GPR,509,254,48,97,0.8582677165354331,0.6889619883040936,0.6889619883040936,0.40622967299087215,0.7618268448859453,0.00010680966079235077,3,8,2.6666666666666665,8,2.6666666666666665
regensburg_pediatric_appendicitis,0,1,2,30,FIGS,509,254,48,97,0.8543307086614174,0.7191764132553606,0.8467348927875243,0.4337015274148808,0.2212421428412199,0.001365923322737217,,,,,
regensburg_pediatric_appendicitis,0,1,2,30,HSTree,509,254,48,97,0.8622047244094488,0.7563352826510721,0.8017178362573101,0.48762010294460184,0.005961950868368149,0.00017177779227495193,,,,,
regensburg_pediatric_appendicitis,0,1,2,30,GreedyRuleList,509,254,48,97,0.8779527559055118,0.6896929824561404,0.6764132553606239,0.4542680459772126,0.002689109183847904,0.00024306681007146835,,,,,
regensburg_pediatric_appendicitis,0,1,2,30,Dummy,509,254,48,97,0.8503937007874016,0.5,0.5,0.0,0.00032335706055164337,0.00019193720072507858,,,,,
regensburg_pediatric_appendicitis,0,2,3,30,RFR,509,254,48,95,0.8779527559055118,0.6137914230019493,0.810124269005848,0.39880327731537885,0.0022143637761473656,0.00016990769654512405,1,1,1.0,1,1.0
regensburg_pediatric_appendicitis,0,2,3,30,GPR,509,254,48,95,0.8464566929133859,0.530214424951267,0.5302144249512671,0.13166353342268683,0.8582653515040874,0.00010536983609199524,4,8,2.0,8,2.0
regensburg_pediatric_appendicitis,0,2,3,30,FIGS,509,254,48,95,0.8700787401574803,0.6850633528265107,0.7910575048732943,0.42832584957092057,0.19726014975458384,0.0005079936236143112,,,,,
regensburg_pediatric_appendicitis,0,2,3,30,HSTree,509,254,48,95,0.8661417322834646,0.6935916179337231,0.7777168615984404,0.4279081739060923,0.004414228722453117,0.00017280783504247665,,,,,
regensburg_pediatric_appendicitis,0,2,3,30,GreedyRuleList,509,254,48,95,0.8779527559055118,0.635477582846004,0.6978557504873294,0.40998836208234474,0.0027261190116405487,0.00023467745631933212,,,,,
regensburg_pediatric_appendicitis,0,2,3,30,Dummy,509,254,48,95,0.8503937007874016,0.5,0.5,0.0,0.00032291561365127563,0.00019507762044668198,,,,,
regensburg_pediatric_appendicitis,1,0,4,30,RFR,508,255,48,97,0.8784313725490196,0.6025641025641025,0.8294159544159545,0.4235367394533448,0.002243134193122387,0.00015466753393411636,1,1,1.0,1,1.0
regensburg_pediatric_appendicitis,1,0,4,30,GPR,508,255,48,97,0.8588235294117647,0.5489672364672364,0.5489672364672364,0.25423758993656337,0.6479013441130519,0.0001024194061756134,2,6,3.0,6,3.0
regensburg_pediatric_appendicitis,1,0,4,30,FIGS,508,255,48,97,0.8745098039215686,0.7683404558404558,0.803656220322887,0.5258677201503483,0.20891249645501375,0.0008310899138450623,,,,,
regensburg_pediatric_appendicitis,1,0,4,30,HSTree,508,255,48,97,0.8588235294117647,0.7275641025641025,0.8073361823361824,0.4551282051282051,0.004370829090476036,0.00016924738883972168,,,,,
regensburg_pediatric_appendicitis,1,0,4,30,GreedyRuleList,508,255,48,97,0.8862745098039215,0.7332621082621082,0.7350427350427351,0.5211724916620317,0.0019594067707657814,0.000238676555454731,,,,,
regensburg_pediatric_appendicitis,1,0,4,30,Dummy,508,255,48,97,0.8470588235294118,0.5,0.5,0.0,0.0003245566040277481,0.0001953374594449997,,,,,
regensburg_pediatric_appendicitis,1,1,5,30,RFR,509,254,48,92,0.8661417322834646,0.574317738791423,0.8833455165692007,0.30354886248542456,0.002309863455593586,0.00014632847160100937,1,1,1.0,1,1.0
regensburg_pediatric_appendicitis,1,1,5,30,GPR,509,254,48,92,0.8740157480314961,0.6114766081871346,0.6114766081871346,0.374829798824868,0.888940560631454,0.00010809861123561859,4,9,2.25,10,2.5
regensburg_pediatric_appendicitis,1,1,5,30,FIGS,509,254,48,92,0.8543307086614174,0.6432748538011696,0.7302631578947368,0.3431080424336558,0.20673146191984415,0.0013102348893880844,,,,,
regensburg_pediatric_appendicitis,1,1,5,30,HSTree,509,254,48,92,0.8464566929133859,0.6169590643274854,0.7003533138401559,0.290745262463442,0.005098781548440456,0.00017724744975566864,,,,,
regensburg_pediatric_appendicitis,1,1,5,30,GreedyRuleList,509,254,48,92,0.8700787401574803,0.6091617933723197,0.6457724171539961,0.3533776953151509,0.0027078287675976753,0.00023747701197862625,,,,,
regensburg_pediatric_appendicitis,1,1,5,30,Dummy,509,254,48,92,0.8503937007874016,0.5,0.5,0.0,0.00032052677124738693,0.00019133836030960083,,,,,
regensburg_pediatric_appendicitis,1,2,6,30,RFR,509,254,48,96,0.8818897637795275,0.6594785575048733,0.8581262183235867,0.4433622519070405,0.002707439474761486,0.00015020743012428284,1,1,1.0,1,1.0
regensburg_pediatric_appendicitis,1,2,6,30,GPR,509,254,48,96,0.8700787401574803,0.6308479532163742,0.6308479532163742,0.3735226735339733,0.8627480054274201,0.00010502897202968597,4,8,2.0,8,2.0
regensburg_pediatric_appendicitis,1,2,6,30,FIGS,509,254,48,96,0.8503937007874016,0.684332358674464,0.7292275828460038,0.3861886011455977,0.20676587335765362,0.0007749022915959358,,,,,
regensburg_pediatric_appendicitis,1,2,6,30,HSTree,509,254,48,96,0.8464566929133859,0.714546783625731,0.739522417153996,0.4159958016929765,0.004634495824575424,0.00018075760453939438,,,,,
regensburg_pediatric_appendicitis,1,2,6,30,GreedyRuleList,509,254,48,96,0.8700787401574803,0.6416910331384016,0.7267909356725146,0.38422029834689786,0.0030428050085902214,0.00025001633912324905,,,,,
regensburg_pediatric_appendicitis,1,2,6,30,Dummy,509,254,48,96,0.8503937007874016,0.5,0.5,0.0,0.0003155255690217018,0.00019241776317358017,,,,,
regensburg_pediatric_appendicitis,2,0,7,30,RFR,508,255,48,96,0.8745098039215686,0.6107549857549858,0.9080009496676165,0.3924291001859187,0.002327113412320614,0.00017513800412416458,1,1,1.0,1,1.0
regensburg_pediatric_appendicitis,2,0,7,30,GPR,508,255,48,96,0.8549019607843137,0.5361467236467237,0.5361467236467237,0.2094070299320668,0.8523425087332726,0.00010718870908021927,4,8,2.0,8,2.0
regensburg_pediatric_appendicitis,2,0,7,30,FIGS,508,255,48,96,0.8980392156862745,0.7717236467236468,0.8253798670465339,0.5827511672508742,0.21446773409843445,0.001607990823686123,,,,,
regensburg_pediatric_appendicitis,2,0,7,30,HSTree,508,255,48,96,0.8705882352941177,0.6609686609686609,0.8111942070275404,0.41270640140425513,0.00508568249642849,0.0001848079264163971,,,,,
regensburg_pediatric_appendicitis,2,0,7,30,GreedyRuleList,508,255,48,96,0.8666666666666667,0.5956196581196581,0.7326685660018993,0.33880132926019024,0.002643468789756298,0.00023628771305084229,,,,,
regensburg_pediatric_appendicitis,2,0,7,30,Dummy,508,255,48,96,0.8470588235294118,0.5,0.5,0.0,0.00031803641468286514,0.00020064692944288254,,,,,
regensburg_pediatric_appendicitis,2,1,8,30,RFR,509,254,48,97,0.8700787401574803,0.6091617933723197,0.5928362573099415,0.3533776953151509,0.0024250727146863937,0.0001862579956650734,2,3,1.5,3,1.5
regensburg_pediatric_appendicitis,2,1,8,30,GPR,509,254,48,97,0.8661417322834646,0.6068469785575049,0.6068469785575049,0.3339960083075769,0.7740795332938433,0.00010995939373970032,3,7,2.3333333333333335,7,2.3333333333333335
regensburg_pediatric_appendicitis,2,1,8,30,FIGS,509,254,48,97,0.8779527559055118,0.7872807017543859,0.8517300194931774,0.546486788376127,0.22569077461957932,0.0013765040785074234,,,,,
regensburg_pediatric_appendicitis,2,1,8,30,HSTree,509,254,48,97,0.8700787401574803,0.7392787524366472,0.8014132553606238,0.4838626239717828,0.00514823105186224,0.00017537828534841537,,,,,
regensburg_pediatric_appendicitis,2,1,8,30,GreedyRuleList,509,254,48,97,0.889763779527559,0.6641081871345029,0.7504873294346979,0.481870619763605,0.003017345443367958,0.0002445271238684654,,,,,
regensburg_pediatric_appendicitis,2,1,8,30,Dummy,509,254,48,97,0.8503937007874016,0.5,0.5,0.0,0.00031178537756204605,0.00019594840705394745,,,,,
regensburg_pediatric_appendicitis,2,2,9,30,RFR,509,254,48,94,0.8582677165354331,0.5480019493177388,0.7439083820662769,0.2254789885496873,0.002111116424202919,0.00015893857926130295,1,1,1.0,1,1.0
regensburg_pediatric_appendicitis,2,2,9,30,GPR,509,254,48,94,0.8582677165354331,0.5480019493177388,0.5480019493177388,0.2254789885496873,0.7599022490903735,9.825732558965683e-05,3,4,1.3333333333333333,4,1.3333333333333333
regensburg_pediatric_appendicitis,2,2,9,30,FIGS,509,254,48,94,0.8307086614173228,0.640229044834308,0.683296783625731,0.2975319020644324,0.20603348221629858,0.0008111996576189995,,,,,
regensburg_pediatric_appendicitis,2,2,9,30,HSTree,509,254,48,94,0.8031496062992126,0.5481237816764133,0.6764132553606237,0.11325420084734313,0.004995821975171566,0.00017302855849266052,,,,,
regensburg_pediatric_appendicitis,2,2,9,30,GreedyRuleList,509,254,48,94,0.8543307086614174,0.621588693957115,0.606603313840156,0.3149591684651945,0.00302878487855196,0.0002392074093222618,,,,,
regensburg_pediatric_appendicitis,2,2,9,30,Dummy,509,254,48,94,0.8503937007874016,0.5,0.5,0.0,0.0003192070871591568,0.00019306782633066177,,,,,
regensburg_pediatric_appendicitis,3,0,10,30,RFR,508,255,48,95,0.8392156862745098,0.5794159544159544,0.5794159544159545,0.22319605223861486,0.002560601569712162,0.0001426488161087036,1,1,1.0,1,1.0
regensburg_pediatric_appendicitis,3,0,10,30,GPR,508,255,48,95,0.8392156862745098,0.5478988603988604,0.5478988603988604,0.1628248159017639,0.8677274445071816,0.00011208746582269669,4,11,2.75,11,2.75
regensburg_pediatric_appendicitis,3,0,10,30,FIGS,508,255,48,95,0.8509803921568627,0.7019230769230769,0.7222222222222223,0.4127109781954098,0.2297601280733943,0.001510833390057087,,,,,
regensburg_pediatric_appendicitis,3,0,10,30,HSTree,508,255,48,95,0.8470588235294118,0.6785968660968661,0.8054368471035138,0.3782051282051282,0.006077350117266178,0.0001732083037495613,,,,,
regensburg_pediatric_appendicitis,3,0,10,30,GreedyRuleList,508,255,48,95,0.8627450980392157,0.6248219373219372,0.6599596391263057,0.3508081448862534,0.0030330754816532135,0.00024246703833341599,,,,,
regensburg_pediatric_appendicitis,3,0,10,30,Dummy,508,255,48,95,0.8470588235294118,0.5,0.5,0.0,0.00031939614564180374,0.00018914882093667984,,,,,
regensburg_pediatric_appendicitis,3,1,11,30,RFR,509,254,48,95,0.8858267716535433,0.6292641325536062,0.8539230019493177,0.4530302754085834,0.002432362176477909,0.00015018880367279053,1,1,1.0,1,1.0
regensburg_pediatric_appendicitis,3,1,11,30,GPR,509,254,48,95,0.8858267716535433,0.6292641325536062,0.6292641325536062,0.4530302754085834,0.8515609744936228,0.00010784901678562164,4,11,2.75,11,2.75
regensburg_pediatric_appendicitis,3,1,11,30,FIGS,509,254,48,95,0.8700787401574803,0.7284356725146199,0.8298001949317738,0.47277718913062033,0.20729107782244682,0.0007321015000343323,,,,,
regensburg_pediatric_appendicitis,3,1,11,30,HSTree,509,254,48,95,0.8543307086614174,0.6866471734892787,0.7403143274853802,0.39601987312138176,0.003900534473359585,0.0001707775518298149,,,,,
regensburg_pediatric_appendicitis,3,1,11,30,GreedyRuleList,509,254,48,95,0.9133858267716536,0.7647417153996101,0.761817738791423,0.6230414644082952,0.002345752902328968,0.00024499744176864624,,,,,
regensburg_pediatric_appendicitis,3,1,11,30,Dummy,509,254,48,95,0.8503937007874016,0.5,0.5,0.0,0.00032108649611473083,0.0001997482031583786,,,,,
regensburg_pediatric_appendicitis,3,2,12,30,RFR,509,254,48,97,0.8818897637795275,0.6161062378167641,0.8807261208576997,0.4259016369149645,0.0027067288756370544,0.000150999054312706,1,1,1.0,1,1.0
regensburg_pediatric_appendicitis,3,2,12,30,GPR,509,254,48,97,0.8700787401574803,0.5766325536062378,0.5766325536062378,0.333936945656734,0.7649395363405347,0.0001029791310429573,3,6,2.0,6,2.0
regensburg_pediatric_appendicitis,3,2,12,30,FIGS,509,254,48,97,0.889763779527559,0.6966374269005848,0.7885599415204678,0.4987231400185123,0.20969574991613626,0.0011908169835805893,,,,,
regensburg_pediatric_appendicitis,3,2,12,30,HSTree,509,254,48,97,0.8858267716535433,0.7051656920077972,0.7833211500974658,0.4913213804917316,0.005153290927410126,0.00017358828336000443,,,,,
regensburg_pediatric_appendicitis,3,2,12,30,GreedyRuleList,509,254,48,97,0.8818897637795275,0.6594785575048733,0.6745857699805069,0.4433622519070405,0.0029887156561017036,0.0002482272684574127,,,,,
regensburg_pediatric_appendicitis,3,2,12,30,Dummy,509,254,48,97,0.8503937007874016,0.5,0.5,0.0,0.0003206860274076462,0.00020378828048706055,,,,,
regensburg_pediatric_appendicitis,4,0,13,30,RFR,508,255,48,96,0.8705882352941177,0.5979344729344729,0.8726258309591642,0.36319655705223336,0.002673119306564331,0.00016233883798122406,1,1,1.0,1,1.0
regensburg_pediatric_appendicitis,4,0,13,30,GPR,508,255,48,96,0.8666666666666667,0.6166310541310541,0.6166310541310541,0.35682241254308483,0.8694702610373497,0.00011397805064916611,4,12,3.0,13,3.25
regensburg_pediatric_appendicitis,4,0,13,30,FIGS,508,255,48,96,0.8627450980392157,0.6353276353276354,0.6889245014245013,0.3623487262040613,0.21967554558068514,0.0013975147157907486,,,,,
regensburg_pediatric_appendicitis,4,0,13,30,HSTree,508,255,48,96,0.8666666666666667,0.6901709401709402,0.6168091168091168,0.431201347950259,0.005568206310272217,0.0001774076372385025,,,,,
regensburg_pediatric_appendicitis,4,0,13,30,GreedyRuleList,508,255,48,96,0.8705882352941177,0.6504629629629629,0.6999050332383665,0.4028745705821471,0.0023168232291936874,0.0002340683713555336,,,,,
regensburg_pediatric_appendicitis,4,0,13,30,Dummy,508,255,48,96,0.8470588235294118,0.5,0.5,0.0,0.00031815748661756516,0.00019608717411756516,,,,,
regensburg_pediatric_appendicitis,4,1,14,30,RFR,509,254,48,97,0.8700787401574803,0.587475633528265,0.8478313840155945,0.3375448366912923,0.0027997782453894615,0.0001514572650194168,1,1,1.0,1,1.0
regensburg_pediatric_appendicitis,4,1,14,30,GPR,509,254,48,97,0.8700787401574803,0.5766325536062378,0.5766325536062378,0.333936945656734,0.645316787995398,0.00010221917182207108,2,6,3.0,6,3.0
regensburg_pediatric_appendicitis,4,1,14,30,FIGS,509,254,48,97,0.8582677165354331,0.6889619883040936,0.715095029239766,0.40622967299087215,0.2162609864026308,0.0011086370795965195,,,,,
regensburg_pediatric_appendicitis,4,1,14,30,HSTree,509,254,48,97,0.8818897637795275,0.724537037037037,0.7796052631578947,0.49630885116987294,0.004719105549156666,0.00017253868281841278,,,,,
regensburg_pediatric_appendicitis,4,1,14,30,GreedyRuleList,509,254,48,97,0.8740157480314961,0.6440058479532164,0.6695906432748538,0.40034696849054385,0.002767518162727356,0.0002340869978070259,,,,,
regensburg_pediatric_appendicitis,4,1,14,30,Dummy,509,254,48,97,0.8503937007874016,0.5,0.5,0.0,0.0003144973888993263,0.00020121783018112183,,,,,
regensburg_pediatric_appendicitis,4,2,15,30,RFR,509,254,48,94,0.8582677165354331,0.5371588693957114,0.5371588693957114,0.21291740338161189,0.002239363268017769,0.0001519983634352684,1,1,1.0,1,1.0
regensburg_pediatric_appendicitis,4,2,15,30,GPR,509,254,48,94,0.8740157480314961,0.5897904483430799,0.5897904483430799,0.3667467404127179,0.8520784350112081,0.00011275801807641983,4,8,2.0,8,2.0
regensburg_pediatric_appendicitis,4,2,15,30,FIGS,509,254,48,94,0.8740157480314961,0.7632797270955165,0.8079312865497076,0.5156193491351238,0.2160494988784194,0.0014633825048804283,,,,,
regensburg_pediatric_appendicitis,4,2,15,30,HSTree,509,254,48,94,0.8503937007874016,0.7277046783625731,0.8280336257309941,0.4372482172986411,0.005269299261271954,0.00017825793474912643,,,,,
regensburg_pediatric_appendicitis,4,2,15,30,GreedyRuleList,509,254,48,94,0.8858267716535433,0.6726364522417154,0.7195419103313839,0.4681342758018523,0.002342252992093563,0.00023436732590198517,,,,,
regensburg_pediatric_appendicitis,4,2,15,30,Dummy,509,254,48,94,0.8503937007874016,0.5,0.5,0.0,0.0003155358135700226,0.00020215846598148346,,,,,
regensburg_pediatric_appendicitis,5,0,16,30,RFR,508,255,48,97,0.8745098039215686,0.6107549857549858,0.8278133903133903,0.3924291001859187,0.0022992631420493126,0.00014774780720472336,1,1,1.0,1,1.0
regensburg_pediatric_appendicitis,5,0,16,30,GPR,508,255,48,97,0.8980392156862745,0.7191951566951567,0.7191951566951567,0.5508231926248552,0.7678251573815942,0.00010961946099996567,3,9,3.0,9,3.0
regensburg_pediatric_appendicitis,5,0,16,30,FIGS,508,255,48,97,0.8666666666666667,0.7111823361823362,0.6702872744539412,0.4529114576405876,0.22215439938008785,0.0012515950947999954,,,,,
regensburg_pediatric_appendicitis,5,0,16,30,HSTree,508,255,48,97,0.8627450980392157,0.6878561253561253,0.7956433998100667,0.41972288450644535,0.0051300013437867165,0.0001735687255859375,,,,,
regensburg_pediatric_appendicitis,5,0,16,30,GreedyRuleList,508,255,48,97,0.8549019607843137,0.6096866096866096,0.6533119658119657,0.3082707806703739,0.0030585844069719315,0.00024298764765262604,,,,,
regensburg_pediatric_appendicitis,5,0,16,30,Dummy,508,255,48,97,0.8470588235294118,0.5,0.5,0.0,0.00031803641468286514,0.00019528716802597046,,,,,
regensburg_pediatric_appendicitis,5,1,17,30,RFR,509,254,48,94,0.8503937007874016,0.5216861598440545,0.5216861598440546,0.124259992793203,0.002353333868086338,0.00018096715211868286,1,1,1.0,1,1.0
regensburg_pediatric_appendicitis,5,1,17,30,GPR,509,254,48,94,0.8622047244094488,0.5611598440545809,0.5611598440545809,0.2665124749120516,0.8610418448224664,0.00010757893323898315,4,7,1.75,8,2.0
regensburg_pediatric_appendicitis,5,1,17,30,FIGS,509,254,48,94,0.8661417322834646,0.6393762183235867,0.782833820662768,0.3691598150225821,0.2152840280905366,0.0015863217413425446,,,,,
regensburg_pediatric_appendicitis,5,1,17,30,HSTree,509,254,48,94,0.8622047244094488,0.6695906432748537,0.6204312865497076,0.3925145375923117,0.005545776337385178,0.00018065795302391052,,,,,
regensburg_pediatric_appendicitis,5,1,17,30,GreedyRuleList,509,254,48,94,0.8661417322834646,0.5851608187134503,0.6931042884990253,0.31238745456826883,0.0030469652265310287,0.0002463478595018387,,,,,
regensburg_pediatric_appendicitis,5,1,17,30,Dummy,509,254,48,94,0.8503937007874016,0.5,0.5,0.0,0.00032596662640571594,0.0001935381442308426,,,,,
regensburg_pediatric_appendicitis,5,2,18,30,RFR,509,254,48,95,0.8779527559055118,0.6246345029239766,0.8743908382066277,0.40346582846807966,0.0023928722366690636,0.00019342731684446335,1,1,1.0,1,1.0
regensburg_pediatric_appendicitis,5,2,18,30,GPR,509,254,48,95,0.8622047244094488,0.5828460038986355,0.5828460038986355,0.29034928112896957,0.8666942417621613,0.00010825879871845245,4,8,2.0,8,2.0
regensburg_pediatric_appendicitis,5,2,18,30,FIGS,509,254,48,95,0.8740157480314961,0.7524366471734893,0.7945297270955166,0.5048732943469786,0.19593964144587517,0.0004972834140062332,,,,,
regensburg_pediatric_appendicitis,5,2,18,30,HSTree,509,254,48,95,0.8779527559055118,0.7981237816764133,0.8394249512670566,0.5570137182348676,0.0050152624025940895,0.00017556734383106232,,,,,
regensburg_pediatric_appendicitis,5,2,18,30,GreedyRuleList,509,254,48,95,0.8937007874015748,0.7097953216374269,0.7194809941520467,0.5215243145437991,0.0023514730855822563,0.00023333728313446045,,,,,
regensburg_pediatric_appendicitis,5,2,18,30,Dummy,509,254,48,95,0.8503937007874016,0.5,0.5,0.0,0.0003172261640429497,0.00019304733723402023,,,,,
regensburg_pediatric_appendicitis,6,0,19,30,RFR,508,255,48,96,0.8470588235294118,0.531517094017094,0.8171296296296297,0.14967871403054583,0.0024286024272441864,0.00016898754984140396,1,1,1.0,1,1.0
regensburg_pediatric_appendicitis,6,0,19,30,GPR,508,255,48,96,0.8509803921568627,0.5758547008547008,0.5758547008547009,0.24825174825174826,0.8629902955144644,0.00012110825628042221,4,11,2.75,13,3.25
regensburg_pediatric_appendicitis,6,0,19,30,FIGS,508,255,48,96,0.8313725490196079,0.6378205128205128,0.5682573599240266,0.29948537267167347,0.21669781394302845,0.0011199675500392914,,,,,
regensburg_pediatric_appendicitis,6,0,19,30,HSTree,508,255,48,96,0.8509803921568627,0.628383190883191,0.6608499525166192,0.3226186205381971,0.005098510533571243,0.0001755179837346077,,,,,
regensburg_pediatric_appendicitis,6,0,19,30,GreedyRuleList,508,255,48,96,0.8470588235294118,0.563034188034188,0.6356837606837608,0.21427503653986774,0.0026397891342639923,0.0002315780147910118,,,,,
regensburg_pediatric_appendicitis,6,0,19,30,Dummy,508,255,48,96,0.8470588235294118,0.5,0.5,0.0,0.0003132158890366554,0.00019542686641216278,,,,,
regensburg_pediatric_appendicitis,6,1,20,30,RFR,509,254,48,96,0.9015748031496063,0.6818957115009746,0.8828581871345029,0.5504609933353783,0.002204444259405136,0.0001470288261771202,1,1,1.0,1,1.0
regensburg_pediatric_appendicitis,6,1,20,30,GPR,509,254,48,96,0.8740157480314961,0.5789473684210527,0.5789473684210527,0.3708385395436481,0.8528699148446321,0.00010350905358791351,4,7,1.75,7,1.75
regensburg_pediatric_appendicitis,6,1,20,30,FIGS,509,254,48,96,0.8661417322834646,0.7044346978557505,0.7808235867446394,0.4394928377038578,0.20110878348350525,0.00047080498188734055,,,,,
regensburg_pediatric_appendicitis,6,1,20,30,HSTree,509,254,48,96,0.8700787401574803,0.6850633528265107,0.7950170565302145,0.42832584957092057,0.004277471452951431,0.0001783277839422226,,,,,
regensburg_pediatric_appendicitis,6,1,20,30,GreedyRuleList,509,254,48,96,0.8779527559055118,0.6571637426900585,0.7302022417153997,0.4261772870743751,0.003014194779098034,0.0002547968178987503,,,,,
regensburg_pediatric_appendicitis,6,1,20,30,Dummy,509,254,48,96,0.8503937007874016,0.5,0.5,0.0,0.0003178054466843605,0.00019546784460544586,,,,,
regensburg_pediatric_appendicitis,6,2,21,30,RFR,509,254,48,95,0.8582677165354331,0.5371588693957114,0.5371588693957114,0.21291740338161189,0.002225724048912525,0.00014970824122428894,1,2,2.0,2,2.0
regensburg_pediatric_appendicitis,6,2,21,30,GPR,509,254,48,95,0.8818897637795275,0.6269493177387914,0.6269493177387915,0.42685535560165294,0.8583507928997278,0.00010822806507349014,4,9,2.25,10,2.5
regensburg_pediatric_appendicitis,6,2,21,30,FIGS,509,254,48,95,0.889763779527559,0.7508528265107213,0.8137183235867446,0.5392823318428148,0.2113641258329153,0.0014534639194607735,,,,,
regensburg_pediatric_appendicitis,6,2,21,30,HSTree,509,254,48,95,0.8740157480314961,0.7199074074074074,0.8310794346978558,0.47275600241684346,0.005319598130881786,0.0001787375658750534,,,,,
regensburg_pediatric_appendicitis,6,2,21,30,GreedyRuleList,509,254,48,95,0.8779527559055118,0.7113791423001949,0.712719298245614,0.4741552274342189,0.001984046772122383,0.00023433659225702286,,,,,
regensburg_pediatric_appendicitis,6,2,21,30,Dummy,509,254,48,95,0.8503937007874016,0.5,0.5,0.0,0.0003194166347384453,0.00019475817680358887,,,,,
regensburg_pediatric_appendicitis,7,0,22,30,RFR,508,255,48,95,0.8588235294117647,0.5594729344729344,0.8957146248812916,0.2620195413040939,0.0023963525891304016,0.00015501771122217178,1,1,1.0,1,1.0
regensburg_pediatric_appendicitis,7,0,22,30,GPR,508,255,48,95,0.8549019607843137,0.5466524216524217,0.5466524216524217,0.22155832246329382,0.8608543863520026,0.00011927913874387741,4,8,2.0,8,2.0
regensburg_pediatric_appendicitis,7,0,22,30,FIGS,508,255,48,95,0.8235294117647058,0.6331908831908832,0.6013176638176638,0.28205128205128205,0.21977901831269264,0.001216416247189045,,,,,
regensburg_pediatric_appendicitis,7,0,22,30,HSTree,508,255,48,95,0.8588235294117647,0.6960470085470085,0.7549264007597342,0.420451530238016,0.00561179593205452,0.00017485767602920532,,,,,
regensburg_pediatric_appendicitis,7,0,22,30,GreedyRuleList,508,255,48,95,0.8705882352941177,0.6399572649572649,0.6873219373219372,0.3933455091021329,0.00266891997307539,0.0002356870099902153,,,,,
regensburg_pediatric_appendicitis,7,0,22,30,Dummy,508,255,48,95,0.8470588235294118,0.5,0.5,0.0,0.0003180466592311859,0.0001924373209476471,,,,,
regensburg_pediatric_appendicitis,7,1,23,30,RFR,509,254,48,96,0.8661417322834646,0.574317738791423,0.5509868421052632,0.30354886248542456,0.002416212111711502,0.00014754757285118103,1,2,2.0,2,2.0
regensburg_pediatric_appendicitis,7,1,23,30,GPR,509,254,48,96,0.8740157480314961,0.6006335282651072,0.6006335282651072,0.3691445457416167,0.8512541875243187,0.00010714773088693619,4,9,2.25,9,2.25
regensburg_pediatric_appendicitis,7,1,23,30,FIGS,509,254,48,96,0.8976377952755905,0.7663255360623782,0.8266325536062379,0.5725454965558004,0.23042215686291456,0.0013641444966197014,,,,,
regensburg_pediatric_appendicitis,7,1,23,30,HSTree,509,254,48,96,0.8622047244094488,0.6587475633528265,0.7735745614035087,0.3801613769481747,0.005267998203635216,0.0001836176961660385,,,,,
regensburg_pediatric_appendicitis,7,1,23,30,GreedyRuleList,509,254,48,96,0.8582677165354331,0.6022173489278753,0.6526559454191033,0.3001406458661207,0.0030254358425736427,0.00024466682225465775,,,,,
regensburg_pediatric_appendicitis,7,1,23,30,Dummy,509,254,48,96,0.8503937007874016,0.5,0.5,0.0,0.0003113867715001106,0.00019552744925022125,,,,,
regensburg_pediatric_appendicitis,7,2,24,30,RFR,509,254,48,96,0.8700787401574803,0.5983187134502924,0.8335769980506822,0.3445762792221742,0.0027574077248573303,0.00014459900557994843,1,1,1.0,1,1.0
regensburg_pediatric_appendicitis,7,2,24,30,GPR,509,254,48,96,0.8661417322834646,0.5851608187134503,0.5851608187134503,0.31238745456826883,0.8513879887759686,0.00010922923684120178,4,8,2.0,8,2.0
regensburg_pediatric_appendicitis,7,2,24,30,FIGS,509,254,48,96,0.8228346456692913,0.6139132553606238,0.6770833333333333,0.24825022695710036,0.20501874014735222,0.001008068211376667,,,,,
regensburg_pediatric_appendicitis,7,2,24,30,HSTree,509,254,48,96,0.8622047244094488,0.6804337231968811,0.7194809941520468,0.4047399952911113,0.005492287687957287,0.00017988868057727814,,,,,
regensburg_pediatric_appendicitis,7,2,24,30,GreedyRuleList,509,254,48,96,0.8779527559055118,0.6571637426900585,0.6566154970760234,0.4261772870743751,0.001960946246981621,0.00022682640701532364,,,,,
regensburg_pediatric_appendicitis,7,2,24,30,Dummy,509,254,48,96,0.8503937007874016,0.5,0.5,0.0,0.00031794607639312744,0.0001980280503630638,,,,,
regensburg_pediatric_appendicitis,8,0,25,30,RFR,508,255,48,95,0.8313725490196079,0.5222578347578347,0.5222578347578347,0.08254467205732577,0.003336431458592415,0.00015099812299013138,1,2,2.0,2,2.0
regensburg_pediatric_appendicitis,8,0,25,30,GPR,508,255,48,95,0.8431372549019608,0.6342592592592593,0.6342592592592593,0.3141117019278232,0.8572749430313706,0.00011114776134490967,4,12,3.0,13,3.25
regensburg_pediatric_appendicitis,8,0,25,30,FIGS,508,255,48,95,0.8509803921568627,0.712428774928775,0.7197293447293447,0.42485754985754987,0.20638457406312227,0.0010767383500933647,,,,,
regensburg_pediatric_appendicitis,8,0,25,30,HSTree,508,255,48,95,0.8588235294117647,0.6960470085470085,0.7134377967711301,0.420451530238016,0.0050880806520581245,0.0001751268282532692,,,,,
regensburg_pediatric_appendicitis,8,0,25,30,GreedyRuleList,508,255,48,95,0.8666666666666667,0.6586538461538461,0.6606718898385564,0.3986868112337498,0.001953127793967724,0.00023091677576303482,,,,,
regensburg_pediatric_appendicitis,8,0,25,30,Dummy,508,255,48,95,0.8470588235294118,0.5,0.5,0.0,0.0003184257075190544,0.0002000676468014717,,,,,
regensburg_pediatric_appendicitis,8,1,26,30,RFR,509,254,48,96,0.8779527559055118,0.6029483430799221,0.8469785575048733,0.39724984262415325,0.0023575732484459877,0.00015605799853801727,1,1,1.0,1,1.0
regensburg_pediatric_appendicitis,8,1,26,30,GPR,509,254,48,96,0.8818897637795275,0.7136939571150097,0.7136939571150098,0.48675192256548183,0.8888391107320786,0.00011249911040067673,4,15,3.75,16,4.0
regensburg_pediatric_appendicitis,8,1,26,30,FIGS,509,254,48,96,0.8464566929133859,0.6711744639376218,0.6634990253411306,0.363190549435732,0.2015972100198269,0.0009445492178201675,,,,,
regensburg_pediatric_appendicitis,8,1,26,30,HSTree,509,254,48,96,0.8503937007874016,0.7060185185185186,0.7495126705653021,0.41203703703703703,0.0054669976234436035,0.00017450843006372452,,,,,
regensburg_pediatric_appendicitis,8,1,26,30,GreedyRuleList,509,254,48,96,0.8661417322834646,0.6285331384015594,0.6413864522417154,0.35733168507404717,0.0026998789981007576,0.00024374667555093765,,,,,
regensburg_pediatric_appendicitis,8,1,26,30,Dummy,509,254,48,96,0.8503937007874016,0.5,0.5,0.0,0.00031723733991384506,0.00019266735762357712,,,,,
regensburg_pediatric_appendicitis,8,2,27,30,RFR,509,254,48,96,0.8661417322834646,0.5634746588693957,0.4554702729044834,0.2981587640466677,0.002485510893166065,0.00014979764819145203,1,2,2.0,2,2.0
regensburg_pediatric_appendicitis,8,2,27,30,GPR,509,254,48,96,0.8622047244094488,0.5503167641325536,0.5503167641325536,0.25839059245774704,0.8477080361917615,0.00011372845619916916,4,9,2.25,9,2.25
regensburg_pediatric_appendicitis,8,2,27,30,FIGS,509,254,48,96,0.8818897637795275,0.7353801169590644,0.8290692007797271,0.5060191671298291,0.2092658719047904,0.0010775774717330933,,,,,
regensburg_pediatric_appendicitis,8,2,27,30,HSTree,509,254,48,96,0.8582677165354331,0.667275828460039,0.7952607212475634,0.38102074668324204,0.0041741617023944855,0.00018022675067186356,,,,,
regensburg_pediatric_appendicitis,8,2,27,30,GreedyRuleList,509,254,48,96,0.8700787401574803,0.587475633528265,0.7659600389863547,0.3375448366912923,0.0030262647196650505,0.00023878645151853561,,,,,
regensburg_pediatric_appendicitis,8,2,27,30,Dummy,509,254,48,96,0.8503937007874016,0.5,0.5,0.0,0.0003216871991753578,0.00019401684403419495,,,,,
regensburg_pediatric_appendicitis,9,0,28,30,RFR,508,255,48,96,0.8588235294117647,0.6330128205128205,0.8427113010446343,0.34830932479975707,0.002690649591386318,0.0001527080312371254,2,3,1.5,3,1.5
regensburg_pediatric_appendicitis,9,0,28,30,GPR,508,255,48,96,0.8705882352941177,0.6609686609686609,0.6609686609686609,0.41270640140425513,0.8464383520185947,0.00010551977902650833,4,8,2.0,8,2.0
regensburg_pediatric_appendicitis,9,0,28,30,FIGS,508,255,48,96,0.8745098039215686,0.6632834757834758,0.8068613485280152,0.42757650715043805,0.21545871160924435,0.0009175799787044525,,,,,
regensburg_pediatric_appendicitis,9,0,28,30,HSTree,508,255,48,96,0.8549019607843137,0.6622150997150997,0.7983143399810066,0.3734981958507507,0.005618315190076828,0.00018384773284196854,,,,,
regensburg_pediatric_appendicitis,9,0,28,30,GreedyRuleList,508,255,48,96,0.8745098039215686,0.6422720797720798,0.6668447293447293,0.41057822771608465,0.002968725748360157,0.00024141836911439896,,,,,
regensburg_pediatric_appendicitis,9,0,28,30,Dummy,508,255,48,96,0.8470588235294118,0.5,0.5,0.0,0.0003187265247106552,0.0001920284703373909,,,,,
regensburg_pediatric_appendicitis,9,1,29,30,RFR,509,254,48,96,0.8700787401574803,0.5766325536062378,0.8569078947368421,0.333936945656734,0.00269433856010437,0.00014821812510490417,1,1,1.0,1,1.0
regensburg_pediatric_appendicitis,9,1,29,30,GPR,509,254,48,96,0.8661417322834646,0.574317738791423,0.574317738791423,0.30354886248542456,0.8750251960009336,0.00011716783046722412,4,12,3.0,12,3.0
regensburg_pediatric_appendicitis,9,1,29,30,FIGS,509,254,48,96,0.8622047244094488,0.7454922027290449,0.7934332358674464,0.4759974675816852,0.212237648665905,0.0012875460088253021,,,,,
regensburg_pediatric_appendicitis,9,1,29,30,HSTree,509,254,48,96,0.8188976377952756,0.6875,0.7702850877192983,0.34732765028934626,0.005685524083673954,0.0001793382689356804,,,,,
regensburg_pediatric_appendicitis,9,1,29,30,GreedyRuleList,509,254,48,96,0.8582677165354331,0.6455896686159844,0.6336500974658869,0.35506649101351867,0.0023601530119776726,0.00023265741765499115,,,,,
regensburg_pediatric_appendicitis,9,1,29,30,Dummy,509,254,48,96,0.8503937007874016,0.5,0.5,0.0,0.0003236960619688034,0.00019254721701145172,,,,,
regensburg_pediatric_appendicitis,9,2,30,30,RFR,509,254,48,94,0.8582677165354331,0.5263157894736842,0.5263157894736843,0.21239769762143662,0.0026694191619753838,0.0001459391787648201,1,1,1.0,1,1.0
regensburg_pediatric_appendicitis,9,2,30,30,GPR,509,254,48,94,0.8622047244094488,0.5394736842105263,0.5394736842105263,0.2606506689630127,1.1953116841614246,0.0001208186149597168,6,18,3.0,18,3.0
regensburg_pediatric_appendicitis,9,2,30,30,FIGS,509,254,48,94,0.8582677165354331,0.6889619883040936,0.786245126705653,0.40622967299087215,0.21858153585344553,0.0015589212998747826,,,,,
regensburg_pediatric_appendicitis,9,2,30,30,HSTree,509,254,48,94,0.8582677165354331,0.6455896686159844,0.7609039961013644,0.35506649101351867,0.005126951262354851,0.00017563719302415848,,,,,
regensburg_pediatric_appendicitis,9,2,30,30,GreedyRuleList,509,254,48,94,0.8740157480314961,0.6223196881091618,0.6334673489278753,0.3823625910385487,0.0027173589915037155,0.0002431171014904976,,,,,
regensburg_pediatric_appendicitis,9,2,30,30,Dummy,509,254,48,94,0.8503937007874016,0.5,0.5,0.0,0.0003184368833899498,0.0001941770315170288,,,,,
santander_customer_satisfaction,0,0,1,9,RFR,47386,23694,307,307,0.9618468810669368,0.5,0.49334098948848076,0.0,0.11567551922053099,0.018094083294272423,1,1,1.0,1,1.0
santander_customer_satisfaction,0,0,1,9,GPR,47386,23694,307,307,0.9618468810669368,0.5,0.5,0.0,1.8979710126295686,0.08199596870690584,1,1,1.0,1,1.0
santander_customer_satisfaction,0,0,1,9,FIGS,47386,23694,307,307,0.9617202667341943,0.500465339556629,0.8041324793128487,0.012274335194507754,3.1961569720879197,0.035119385458528996,,,,,
santander_customer_satisfaction,0,0,1,9,HSTree,47386,23694,307,307,0.9613826285135477,0.5008209818776284,0.8026613228904154,0.01250525741181375,0.46620848402380943,0.009903316386044025,,,,,
santander_customer_satisfaction,0,0,1,9,GreedyRuleList,47386,23694,307,307,0.9618468810669368,0.5,0.711991121319318,0.0,0.3516018306836486,0.032333189621567726,,,,,
santander_customer_satisfaction,0,0,1,9,Dummy,47386,23694,307,307,0.9618468810669368,0.5,0.5,0.0,0.00614073034375906,0.00020658690482378006,,,,,
santander_customer_satisfaction,0,1,2,9,RFR,47387,23693,307,307,0.9618452707550753,0.5,0.49101443135311745,0.0,0.11304584238678217,0.01885491330176592,1,1,1.0,1,1.0
santander_customer_satisfaction,0,1,2,9,GPR,47387,23693,307,307,0.9618452707550753,0.5,0.5,0.0,1.8416870776563883,0.08029936719685793,1,2,2.0,2,2.0
santander_customer_satisfaction,0,1,2,9,FIGS,47387,23693,307,307,0.9616342379605791,0.5014837687566234,0.7921098111687949,0.026389887336397796,3.377842426300049,0.03872282523661852,,,,,
santander_customer_satisfaction,0,1,2,9,HSTree,47387,23693,307,307,0.9615076182838813,0.5024802613976546,0.7952975779729158,0.03448998875370906,0.4670745888724923,0.009540250524878502,,,,,
santander_customer_satisfaction,0,1,2,9,GreedyRuleList,47387,23693,307,307,0.9618452707550753,0.5,0.7227201584214089,0.0,0.37660070694983006,0.03211104031652212,,,,,
santander_customer_satisfaction,0,1,2,9,Dummy,47387,23693,307,307,0.9618452707550753,0.5,0.5,0.0,0.006190509535372257,0.00020925793796777725,,,,,
santander_customer_satisfaction,0,2,3,9,RFR,47387,23693,307,307,0.9617186510783776,0.502058806511603,0.5024806254531277,0.03661734461391923,0.10632482077926397,0.01864902675151825,1,1,1.0,1,1.0
santander_customer_satisfaction,0,2,3,9,GPR,47387,23693,307,307,0.9618452707550753,0.5,0.5,0.0,1.8485732367262244,0.08334831427782774,1,5,5.0,5,5.0
santander_customer_satisfaction,0,2,3,9,FIGS,47387,23693,307,307,0.9619296838728738,0.5021685085608373,0.7977980323141461,0.052216448609940846,3.4096954138949513,0.03827926144003868,,,,,
santander_customer_satisfaction,0,2,3,9,HSTree,47387,23693,307,307,0.9615076182838813,0.5040737322035123,0.7957552685137256,0.0490652194523566,0.4727724064141512,0.009507991373538971,,,,,
santander_customer_satisfaction,0,2,3,9,GreedyRuleList,47387,23693,307,307,0.9618452707550753,0.5,0.7117445654769787,0.0,0.36244805343449116,0.033252949826419353,,,,,
santander_customer_satisfaction,0,2,3,9,Dummy,47387,23693,307,307,0.9618452707550753,0.5,0.5,0.0,0.006139978766441345,0.00021029822528362274,,,,,
santander_customer_satisfaction,1,0,4,9,RFR,47386,23694,307,307,0.9618468810669368,0.5,0.49007091974822053,0.0,0.11463477648794651,0.01841907948255539,1,1,1.0,1,1.0
santander_customer_satisfaction,1,0,4,9,GPR,47386,23694,307,307,0.9618468810669368,0.5,0.5,0.0,1.8941090116277337,0.08370927069336176,1,7,7.0,7,7.0
santander_customer_satisfaction,1,0,4,9,FIGS,47386,23694,307,307,0.961804676289356,0.5005092184508808,0.7992152521871493,0.01733956432389883,3.472068061120808,0.04398590512573719,,,,,
santander_customer_satisfaction,1,0,4,9,HSTree,47386,23694,307,307,0.961340423735967,0.501861358226516,0.7998150922039242,0.02455644625591735,0.46768156066536903,0.009696808643639088,,,,,
santander_customer_satisfaction,1,0,4,9,GreedyRuleList,47386,23694,307,307,0.9618468810669368,0.5,0.7162011653147049,0.0,0.37520295940339565,0.03240483906120062,,,,,
santander_customer_satisfaction,1,0,4,9,Dummy,47386,23694,307,307,0.9618468810669368,0.5,0.5,0.0,0.006122089922428131,0.00020312704145908356,,,,,
santander_customer_satisfaction,1,1,5,9,RFR,47387,23693,307,307,0.9618452707550753,0.5,0.491255945753987,0.0,0.11172344069927931,0.019036262296140194,1,1,1.0,1,1.0
santander_customer_satisfaction,1,1,5,9,GPR,47387,23693,307,307,0.9618452707550753,0.5,0.5,0.0,1.896565392613411,0.08108048141002655,1,2,2.0,2,2.0
santander_customer_satisfaction,1,1,5,9,FIGS,47387,23693,307,307,0.9617608576372768,0.5020807469214498,0.7841533059926056,0.03881304791137555,3.3412820510566235,0.03514610696583986,,,,,
santander_customer_satisfaction,1,1,5,9,HSTree,47387,23693,307,307,0.9615076182838813,0.5035425752682264,0.7887972218781225,0.044563191707313245,0.47488235123455524,0.009587319567799568,,,,,
santander_customer_satisfaction,1,1,5,9,GreedyRuleList,47387,23693,307,307,0.9618452707550753,0.5,0.7067606460499303,0.0,0.36094791628420353,0.03065260872244835,,,,,
santander_customer_satisfaction,1,1,5,9,Dummy,47387,23693,307,307,0.9618452707550753,0.5,0.5,0.0,0.0061860401183366776,0.00021391641348600388,,,,,
santander_customer_satisfaction,1,2,6,9,RFR,47387,23693,307,307,0.9617186510783776,0.4999341787704594,0.5018401547944454,-0.0022412983841953037,0.11726779770106077,0.020426086150109768,2,4,2.0,4,2.0
santander_customer_satisfaction,1,2,6,9,GPR,47387,23693,307,307,0.9618452707550753,0.5,0.5,0.0,1.8519530491903424,0.08010379318147898,1,1,1.0,1,1.0
santander_customer_satisfaction,1,2,6,9,FIGS,47387,23693,307,307,0.9616342379605791,0.5009526118213375,0.7956907821542532,0.018730269692500974,3.3801478259265423,0.03395966161042452,,,,,
santander_customer_satisfaction,1,2,6,9,HSTree,47387,23693,307,307,0.9613387920482843,0.5007990289524095,0.8060104927583056,0.011784632201572266,0.4684961596503854,0.009548380970954895,,,,,
santander_customer_satisfaction,1,2,6,9,GreedyRuleList,47387,23693,307,307,0.9617608576372768,0.4999561191803063,0.7259549126519277,-0.001829973844601982,0.37184367422014475,0.03297577332705259,,,,,
santander_customer_satisfaction,1,2,6,9,Dummy,47387,23693,307,307,0.9618452707550753,0.5,0.5,0.0,0.00615336000919342,0.00021449849009513855,,,,,
santander_customer_satisfaction,2,0,7,9,RFR,47386,23694,307,307,0.9618468810669368,0.5,0.49329257223514433,0.0,0.1055767023935914,0.019629855640232563,1,1,1.0,1,1.0
santander_customer_satisfaction,2,0,7,9,GPR,47386,23694,307,307,0.961804676289356,0.4999780605528741,0.4999780605528741,-0.001293903910553865,1.8769388506188989,0.08313625864684582,1,3,3.0,5,5.0
santander_customer_satisfaction,2,0,7,9,FIGS,47386,23694,307,307,0.9615936524014519,0.5030553107052853,0.7872211457439414,0.04248653729981735,3.2104399371892214,0.03472892288118601,,,,,
santander_customer_satisfaction,2,0,7,9,HSTree,47386,23694,307,307,0.9614670380687094,0.5035206502619143,0.7893722794114792,0.04331487222194663,0.4554671626538038,0.00963870994746685,,,,,
santander_customer_satisfaction,2,0,7,9,GreedyRuleList,47386,23694,307,307,0.9618468810669368,0.5,0.7145510470746756,0.0,0.36287823133170605,0.03170742839574814,,,,,
santander_customer_satisfaction,2,0,7,9,Dummy,47386,23694,307,307,0.9618468810669368,0.5,0.5,0.0,0.006136210635304451,0.00020720809698104858,,,,,
santander_customer_satisfaction,2,1,8,9,RFR,47387,23693,307,307,0.9618452707550753,0.5,0.48877568435633245,0.0,0.11272684205323458,0.018942573107779026,1,1,1.0,1,1.0
santander_customer_satisfaction,2,1,8,9,GPR,47387,23693,307,307,0.9618452707550753,0.5,0.5,0.0,1.8419138258323073,0.08046657964587212,1,1,1.0,1,1.0
santander_customer_satisfaction,2,1,8,9,FIGS,47387,23693,307,307,0.9619296838728738,0.5021685085608373,0.8013916967004342,0.052216448609940846,3.570684497244656,0.048596435226500034,,,,,
santander_customer_satisfaction,2,1,8,9,HSTree,47387,23693,307,307,0.9618030641961761,0.5026338442665825,0.796533740467086,0.04684480189144067,0.46797486301511526,0.009566730819642544,,,,,
santander_customer_satisfaction,2,1,8,9,GreedyRuleList,47387,23693,307,307,0.9618452707550753,0.5,0.7218751613979264,0.0,0.3737777192145586,0.032473248429596424,,,,,
santander_customer_satisfaction,2,1,8,9,Dummy,47387,23693,307,307,0.9618452707550753,0.5,0.5,0.0,0.006139630451798439,0.00020225811749696732,,,,,
santander_customer_satisfaction,2,2,9,9,RFR,47387,23693,307,307,0.9617608576372768,0.501018433050878,0.5020148043400848,0.0245232866608132,0.11507629510015249,0.01863831654191017,1,1,1.0,1,1.0
santander_customer_satisfaction,2,2,9,9,GPR,47387,23693,307,307,0.9618452707550753,0.5,0.5,0.0,1.896502049639821,0.08098911494016647,1,5,5.0,5,5.0
santander_customer_satisfaction,2,2,9,9,FIGS,47387,23693,307,307,0.9618452707550753,0.5010623138705718,0.80711593506726,0.03132754320012888,3.443791577592492,0.043229397386312485,,,,,
santander_customer_satisfaction,2,2,9,9,HSTree,47387,23693,307,307,0.9615498248427806,0.5035645156780733,0.8087423892989826,0.04589340184156505,0.5159645788371563,0.009926917031407356,,,,,
santander_customer_satisfaction,2,2,9,9,GreedyRuleList,47387,23693,307,307,0.9618452707550753,0.5,0.705804296592402,0.0,0.35583665780723095,0.03212567325681448,,,,,
santander_customer_satisfaction,2,2,9,9,Dummy,47387,23693,307,307,0.9618452707550753,0.5,0.5,0.0,0.006195669062435627,0.00020882859826087952,,,,,
seismic_bumps,0,0,1,30,RFR,1722,862,15,21,0.9327146171693735,0.4993788819875776,0.4993788819875776,-0.009068551254408372,0.0032132742926478386,0.00015088729560375214,1,2,2.0,2,2.0
seismic_bumps,0,0,1,30,GPR,1722,862,15,21,0.9327146171693735,0.4993788819875776,0.4993788819875776,-0.009068551254408372,0.6537385368719697,0.0001061679795384407,1,2,2.0,2,2.0
seismic_bumps,0,0,1,30,FIGS,1722,862,15,21,0.9269141531322506,0.528876539174022,0.7405361229159856,0.11353991426480745,0.21362526062875986,0.001097777858376503,,,,,
seismic_bumps,0,0,1,30,HSTree,1722,862,15,21,0.9187935034802784,0.5163779012749264,0.6714939522719844,0.055441251441438674,0.004197262227535248,0.0002969568595290184,,,,,
seismic_bumps,0,0,1,30,GreedyRuleList,1722,862,15,21,0.9338747099767981,0.5,0.7459518361120192,0.0,0.005436738021671772,0.001127808354794979,,,,,
seismic_bumps,0,0,1,30,Dummy,1722,862,15,21,0.9338747099767981,0.5,0.5,0.0,0.0004627453163266182,0.00020257849246263504,,,,,
seismic_bumps,0,1,2,30,RFR,1723,861,15,21,0.9349593495934959,0.5,0.5,0.0,0.0032306332141160965,0.0001523885875940323,1,2,2.0,2,2.0
seismic_bumps,0,1,2,30,GPR,1723,861,15,21,0.9349593495934959,0.5,0.5,0.0,0.6447367612272501,0.000187738798558712,1,3,3.0,3,3.0
seismic_bumps,0,1,2,30,FIGS,1723,861,15,21,0.9337979094076655,0.5159937888198758,0.7085514640638864,0.10381292366888936,0.22019878588616848,0.0016677407547831535,,,,,
seismic_bumps,0,1,2,30,HSTree,1723,861,15,21,0.9326364692218351,0.5402950310559006,0.6994565217391303,0.169523135321188,0.004290031269192696,0.00030083581805229187,,,,,
seismic_bumps,0,1,2,30,GreedyRuleList,1723,861,15,21,0.9349593495934959,0.5,0.7591725820763088,0.0,0.0058969417586922646,0.0011455267667770386,,,,,
seismic_bumps,0,1,2,30,Dummy,1723,861,15,21,0.9349593495934959,0.5,0.5,0.0,0.00045985449105501175,0.00019521825015544891,,,,,
seismic_bumps,0,2,3,30,RFR,1723,861,15,21,0.9326364692218351,0.4993781094527363,0.5099829798376538,-0.009079463306804226,0.0037921862676739693,0.00015818793326616287,1,2,2.0,2,2.0
seismic_bumps,0,2,3,30,GPR,1723,861,15,21,0.9326364692218351,0.4993781094527363,0.4993781094527363,-0.009079463306804226,0.6406925385817885,0.00019074790179729462,1,3,3.0,3,3.0
seismic_bumps,0,2,3,30,FIGS,1723,861,15,21,0.9186991869918699,0.49191542288557216,0.6648882779087021,-0.03296728279252952,0.21117297001183033,0.0012023355811834335,,,,,
seismic_bumps,0,2,3,30,HSTree,1723,861,15,21,0.9175377468060395,0.49944357161560615,0.7349873439818451,-0.0020488793157012464,0.004214962013065815,0.0002871965989470482,,,,,
seismic_bumps,0,2,3,30,GreedyRuleList,1723,861,15,21,0.9337979094076655,0.5,0.7453194553548049,0.0,0.005793743766844273,0.0011418173089623451,,,,,
seismic_bumps,0,2,3,30,Dummy,1723,861,15,21,0.9337979094076655,0.5,0.5,0.0,0.00045313499867916107,0.00020203832536935806,,,,,
seismic_bumps,1,0,4,30,RFR,1722,862,15,21,0.9327146171693735,0.4993788819875776,0.5038792633758309,-0.009068551254408372,0.004082152619957924,0.00016147736459970474,1,2,2.0,2,2.0
seismic_bumps,1,0,4,30,GPR,1722,862,15,21,0.9338747099767981,0.5,0.5,0.0,0.6491391025483608,0.00010528974235057831,1,3,3.0,3,3.0
seismic_bumps,1,0,4,30,FIGS,1722,862,15,21,0.9222737819025522,0.4937888198757764,0.6739675275144381,-0.028828343637870665,0.24937707465142012,0.002542821690440178,,,,,
seismic_bumps,1,0,4,30,HSTree,1722,862,15,21,0.91415313225058,0.5301950528495151,0.6865206494497113,0.08615411744957842,0.0042008524760603905,0.00029694754630327225,,,,,
seismic_bumps,1,0,4,30,GreedyRuleList,1722,862,15,21,0.9338747099767981,0.5,0.7488285932221859,0.0,0.005392958410084248,0.0010750871151685715,,,,,
seismic_bumps,1,0,4,30,Dummy,1722,862,15,21,0.9338747099767981,0.5,0.5,0.0,0.00046411529183387756,0.00019600801169872284,,,,,
seismic_bumps,1,1,5,30,RFR,1723,861,15,21,0.9349593495934959,0.5,0.5,0.0,0.004118902608752251,0.0001521185040473938,1,2,2.0,2,2.0
seismic_bumps,1,1,5,30,GPR,1723,861,15,21,0.9349593495934959,0.5,0.5,0.0,0.636622866615653,0.00018874835222959518,1,2,2.0,3,3.0
seismic_bumps,1,1,5,30,FIGS,1723,861,15,21,0.9186991869918699,0.5162267080745342,0.6594165927240463,0.053129946269609485,0.2198662217706442,0.001645171083509922,,,,,
seismic_bumps,1,1,5,30,HSTree,1723,861,15,21,0.9210220673635308,0.5008540372670808,0.6818988464951198,0.0033303743151439774,0.004275151528418064,0.0002970770001411438,,,,,
seismic_bumps,1,1,5,30,GreedyRuleList,1723,861,15,21,0.9349593495934959,0.5,0.6702972493345165,0.0,0.005041281692683697,0.0010963473469018936,,,,,
seismic_bumps,1,1,5,30,Dummy,1723,861,15,21,0.9349593495934959,0.5,0.5,0.0,0.0004553450271487236,0.00020023807883262634,,,,,
seismic_bumps,1,2,6,30,RFR,1723,861,15,21,0.9303135888501742,0.498134328358209,0.7310923452910885,-0.01574440986243348,0.0049892328679561615,0.00015419814735651016,1,2,2.0,2,2.0
seismic_bumps,1,2,6,30,GPR,1723,861,15,21,0.9291521486643438,0.505662477088243,0.5056624770882431,0.033848795814458946,0.6388096325099468,0.00018372759222984314,1,2,2.0,3,3.0
seismic_bumps,1,2,6,30,FIGS,1723,861,15,21,0.9291521486643438,0.5219625556428384,0.7705223880597015,0.10193270343871595,0.23219674080610275,0.002463940531015396,,,,,
seismic_bumps,1,2,6,30,HSTree,1723,861,15,21,0.9152148664343787,0.5552500654621628,0.7784105786855198,0.1452365722000919,0.00430173147469759,0.0003021657466888428,,,,,
seismic_bumps,1,2,6,30,GreedyRuleList,1723,861,15,21,0.9337979094076655,0.5,0.7902155887230514,0.0,0.005379878915846348,0.0010620979592204094,,,,,
seismic_bumps,1,2,6,30,Dummy,1723,861,15,21,0.9337979094076655,0.5,0.5,0.0,0.0004654042422771454,0.00019517727196216583,,,,,
seismic_bumps,2,0,7,30,RFR,1722,862,15,21,0.9327146171693735,0.4993788819875776,0.4993788819875776,-0.009068551254408372,0.003607518970966339,0.00014787819236516953,1,2,2.0,2,2.0
seismic_bumps,2,0,7,30,GPR,1722,862,15,21,0.9338747099767981,0.5,0.5,0.0,0.6427418179810047,0.00010325852781534195,1,3,3.0,3,3.0
seismic_bumps,2,0,7,30,FIGS,1722,862,15,21,0.919953596287703,0.5006973956630707,0.7696850822708946,0.002742096042621765,0.252175054512918,0.0026074200868606567,,,,,
seismic_bumps,2,0,7,30,HSTree,1722,862,15,21,0.9129930394431555,0.5051214994006756,0.725291489593549,0.016140296423829508,0.004193843342363834,0.00030540674924850464,,,,,
seismic_bumps,2,0,7,30,GreedyRuleList,1722,862,15,21,0.9338747099767981,0.5,0.7845047401111473,0.0,0.00530656985938549,0.0010686377063393593,,,,,
seismic_bumps,2,0,7,30,Dummy,1722,862,15,21,0.9338747099767981,0.5,0.5,0.0,0.00047808513045310974,0.00019786786288022995,,,,,
seismic_bumps,2,1,8,30,RFR,1723,861,15,21,0.9314750290360047,0.506444099378882,0.5288043478260869,0.04182753720639717,0.004386890679597855,0.00016783829778432846,1,2,2.0,2,2.0
seismic_bumps,2,1,8,30,GPR,1723,861,15,21,0.9314750290360047,0.49813664596273294,0.49813664596273294,-0.015595993903683136,0.6631545564159751,0.00018529780209064484,1,3,3.0,3,3.0
seismic_bumps,2,1,8,30,FIGS,1723,861,15,21,0.9233449477351916,0.5602484472049689,0.740483584738243,0.17363524966982766,0.2314480897039175,0.0018262388184666634,,,,,
seismic_bumps,2,1,8,30,HSTree,1723,861,15,21,0.9152148664343787,0.4894409937888199,0.6747005323868677,-0.03743254115109796,0.004438619129359722,0.00030185747891664505,,,,,
seismic_bumps,2,1,8,30,GreedyRuleList,1723,861,15,21,0.9349593495934959,0.5,0.7699090505767524,0.0,0.005784274078905582,0.0011585569009184837,,,,,
seismic_bumps,2,1,8,30,Dummy,1723,861,15,21,0.9349593495934959,0.5,0.5,0.0,0.00045583490282297134,0.0001955665647983551,,,,,
seismic_bumps,2,2,9,30,RFR,1723,861,15,21,0.9337979094076655,0.5,0.502247534258532,0.0,0.00410954374819994,0.00015946850180625916,1,2,2.0,2,2.0
seismic_bumps,2,2,9,30,GPR,1723,861,15,21,0.9337979094076655,0.5,0.5,0.0,0.6568860989063978,0.00018650759011507034,1,2,2.0,3,3.0
seismic_bumps,2,2,9,30,FIGS,1723,861,15,21,0.9140534262485482,0.5138779785284106,0.705856681504757,0.04279920793264216,0.21403707843273878,0.0012302752584218979,,,,,
seismic_bumps,2,2,9,30,HSTree,1723,861,15,21,0.9128919860627178,0.5051060487038492,0.6981103255651567,0.0160911869302851,0.0042566219344735146,0.0003020763397216797,,,,,
seismic_bumps,2,2,9,30,GreedyRuleList,1723,861,15,21,0.9337979094076655,0.5,0.723869686654447,0.0,0.006119940429925919,0.0012297965586185455,,,,,
seismic_bumps,2,2,9,30,Dummy,1723,861,15,21,0.9337979094076655,0.5,0.5,0.0,0.0004573846235871315,0.00019806716591119766,,,,,
seismic_bumps,3,0,10,30,RFR,1722,862,15,21,0.931554524361949,0.49875776397515525,0.6131742399476953,-0.012832322327491066,0.004026314243674278,0.00015085749328136444,1,2,2.0,2,2.0
seismic_bumps,3,0,10,30,GPR,1722,862,15,21,0.9303944315545244,0.49813664596273294,0.49813664596273294,-0.015725466330933302,0.6678730743005872,0.00010408926755189896,1,2,2.0,3,3.0
seismic_bumps,3,0,10,30,FIGS,1722,862,15,21,0.9269141531322506,0.5451781627983001,0.7012095456031383,0.15703138237389686,0.2187370052561164,0.0016110613942146301,,,,,
seismic_bumps,3,0,10,30,HSTree,1722,862,15,21,0.9292343387470998,0.5545712106352838,0.6647161381715159,0.18967997176277748,0.003996183164417744,0.00030519720166921616,,,,,
seismic_bumps,3,0,10,30,GreedyRuleList,1722,862,15,21,0.9338747099767981,0.5,0.6940612400566634,0.0,0.0055177463218569756,0.0010640081018209457,,,,,
seismic_bumps,3,0,10,30,Dummy,1722,862,15,21,0.9338747099767981,0.5,0.5,0.0,0.00046476349234580994,0.00019351765513420105,,,,,
seismic_bumps,3,1,11,30,RFR,1723,861,15,21,0.9337979094076655,0.4993788819875776,0.4993788819875776,-0.008993875008265758,0.0041808923706412315,0.00015549827367067337,1,2,2.0,2,2.0
seismic_bumps,3,1,11,30,GPR,1723,861,15,21,0.9337979094076655,0.4993788819875776,0.4993788819875776,-0.008993875008265758,0.6382474526762962,0.0001840377226471901,1,2,2.0,2,2.0
seismic_bumps,3,1,11,30,FIGS,1723,861,15,21,0.9303135888501742,0.5224378881987578,0.7268633540372671,0.10328545072010491,0.24517495464533567,0.0028057685121893883,,,,,
seismic_bumps,3,1,11,30,HSTree,1723,861,15,21,0.9210220673635308,0.525776397515528,0.7391637089618456,0.08439780938521697,0.004387480206787586,0.0003038458526134491,,,,,
seismic_bumps,3,1,11,30,GreedyRuleList,1723,861,15,21,0.9349593495934959,0.5,0.7712843833185448,0.0,0.005703154951334,0.0011698268353939056,,,,,
seismic_bumps,3,1,11,30,Dummy,1723,861,15,21,0.9349593495934959,0.5,0.5,0.0,0.0004550451412796974,0.00019496772438287735,,,,,
seismic_bumps,3,2,12,30,RFR,1723,861,15,21,0.9337979094076655,0.5,0.520958802478834,0.0,0.003896305337548256,0.00015728920698165894,1,2,2.0,2,2.0
seismic_bumps,3,2,12,30,GPR,1723,861,15,21,0.9337979094076655,0.5,0.5,0.0,0.6508879009634256,0.00019366759806871414,1,6,6.0,6,6.0
seismic_bumps,3,2,12,30,FIGS,1723,861,15,21,0.9221835075493612,0.5182312123592564,0.7405625381862617,0.0671309281673879,0.1996416337788105,0.0007271021604537964,,,,,
seismic_bumps,3,2,12,30,HSTree,1723,861,15,21,0.9186991869918699,0.524515579994763,0.707373221611242,0.07902933541292546,0.004374000243842602,0.00031232647597789764,,,,,
seismic_bumps,3,2,12,30,GreedyRuleList,1723,861,15,21,0.9337979094076655,0.5,0.7644780483547177,0.0,0.005360718816518784,0.0010576983913779259,,,,,
seismic_bumps,3,2,12,30,Dummy,1723,861,15,21,0.9337979094076655,0.5,0.5,0.0,0.00045784562826156616,0.0002031782642006874,,,,,
seismic_bumps,4,0,13,30,RFR,1722,862,15,21,0.9327146171693735,0.4993788819875776,0.4993788819875776,-0.009068551254408372,0.004052204079926014,0.0001604883000254631,1,2,2.0,2,2.0
seismic_bumps,4,0,13,30,GPR,1722,862,15,21,0.9338747099767981,0.5,0.5,0.0,0.642344088293612,0.00010352954268455505,1,2,2.0,2,2.0
seismic_bumps,4,0,13,30,FIGS,1722,862,15,21,0.925754060324826,0.5364062329737387,0.7636373542552032,0.1301332548805008,0.22888475097715855,0.001692141406238079,,,,,
seismic_bumps,4,0,13,30,HSTree,1722,862,15,21,0.931554524361949,0.5558134466601286,0.7657077476299445,0.20552233870562572,0.004270801320672035,0.00030178576707839966,,,,,
seismic_bumps,4,0,13,30,GreedyRuleList,1722,862,15,21,0.9338747099767981,0.5,0.7666993570883731,0.0,0.005726905539631844,0.0011435672640800476,,,,,
seismic_bumps,4,0,13,30,Dummy,1722,862,15,21,0.9338747099767981,0.5,0.5,0.0,0.0004600444808602333,0.00019538681954145432,,,,,
seismic_bumps,4,1,14,30,RFR,1723,861,15,21,0.9349593495934959,0.5,0.528438331854481,0.0,0.003549479879438877,0.00015254784375429153,1,2,2.0,2,2.0
seismic_bumps,4,1,14,30,GPR,1723,861,15,21,0.9326364692218351,0.49875776397515525,0.49875776397515525,-0.012726661388903607,0.6562465513125062,0.00018442794680595398,1,3,3.0,5,5.0
seismic_bumps,4,1,14,30,FIGS,1723,861,15,21,0.9198606271777003,0.5085403726708074,0.7581965394853594,0.030276320048682175,0.24726288206875324,0.0032789334654808044,,,,,
seismic_bumps,4,1,14,30,HSTree,1723,861,15,21,0.9128919860627178,0.5131211180124223,0.6899733806566104,0.03854070439897229,0.0041158730164170265,0.0003148764371871948,,,,,
seismic_bumps,4,1,14,30,GreedyRuleList,1723,861,15,21,0.9349593495934959,0.5,0.7857808340727597,0.0,0.0062186988070607185,0.0012387363240122795,,,,,
seismic_bumps,4,1,14,30,Dummy,1723,861,15,21,0.9349593495934959,0.5,0.5,0.0,0.0004635648801922798,0.00019718799740076065,,,,,
seismic_bumps,4,2,15,30,RFR,1723,861,15,21,0.9326364692218351,0.4993781094527363,0.5012110500130924,-0.009079463306804226,0.003867155872285366,0.00016245804727077484,1,2,2.0,2,2.0
seismic_bumps,4,2,15,30,GPR,1723,861,15,21,0.9314750290360047,0.4987562189054726,0.4987562189054726,-0.012847771955077851,0.6392116155475378,0.00018369778990745544,1,3,3.0,3,3.0
seismic_bumps,4,2,15,30,FIGS,1723,861,15,21,0.9279907084785134,0.5213406650955748,0.6996050449506852,0.09449255515132134,0.22078936453908682,0.0017582597211003304,,,,,
seismic_bumps,4,2,15,30,HSTree,1723,861,15,21,0.9256678281068524,0.5119468447237496,0.6301169590643274,0.05289843961692069,0.004095533862709999,0.00030646659433841705,,,,,
seismic_bumps,4,2,15,30,GreedyRuleList,1723,861,15,21,0.9337979094076655,0.5,0.7156323644933229,0.0,0.00536348856985569,0.0010442985221743584,,,,,
seismic_bumps,4,2,15,30,Dummy,1723,861,15,21,0.9337979094076655,0.5,0.5,0.0,0.00046006403863430023,0.00019544828683137894,,,,,
seismic_bumps,5,0,16,30,RFR,1722,862,15,21,0.9327146171693735,0.4993788819875776,0.4993788819875776,-0.009068551254408372,0.0038015861064195633,0.00014709867537021637,1,2,2.0,2,2.0
seismic_bumps,5,0,16,30,GPR,1722,862,15,21,0.9327146171693735,0.4993788819875776,0.4993788819875776,-0.009068551254408372,0.6444988064467907,0.00010020937770605087,1,2,2.0,2,2.0
seismic_bumps,5,0,16,30,FIGS,1722,862,15,21,0.9234338747099768,0.5188623733246159,0.727470851040645,0.07169260567702865,0.22315201815217733,0.0015792818740010262,,,,,
seismic_bumps,5,0,16,30,HSTree,1722,862,15,21,0.9153132250580046,0.5471177944862156,0.7199520540481639,0.12776974462249316,0.004236371256411076,0.00030702725052833557,,,,,
seismic_bumps,5,0,16,30,GreedyRuleList,1722,862,15,21,0.9338747099767981,0.5,0.73348588863463,0.0,0.005327720195055008,0.0010529775172472,,,,,
seismic_bumps,5,0,16,30,Dummy,1722,862,15,21,0.9338747099767981,0.5,0.5,0.0,0.0004573436453938484,0.00019807834178209305,,,,,
seismic_bumps,5,1,17,30,RFR,1723,861,15,21,0.924506387921022,0.49440993788819876,0.5660048802129548,-0.027108003351091585,0.0038648564368486404,0.00015730783343315125,1,2,2.0,2,2.0
seismic_bumps,5,1,17,30,GPR,1723,861,15,21,0.924506387921022,0.49440993788819876,0.49440993788819876,-0.027108003351091585,0.6504627102985978,0.0001806085929274559,1,2,2.0,2,2.0
seismic_bumps,5,1,17,30,FIGS,1723,861,15,21,0.9233449477351916,0.5187111801242236,0.7460847382431234,0.06833367583332732,0.23890575859695673,0.0024352911859750748,,,,,
seismic_bumps,5,1,17,30,HSTree,1723,861,15,21,0.9094076655052264,0.5527950310559007,0.6702750665483586,0.12677198282233626,0.0038969554007053375,0.0003128666430711746,,,,,
seismic_bumps,5,1,17,30,GreedyRuleList,1723,861,15,21,0.9349593495934959,0.5,0.7751996450754215,0.0,0.005328179337084293,0.0010560685768723488,,,,,
seismic_bumps,5,1,17,30,Dummy,1723,861,15,21,0.9349593495934959,0.5,0.5,0.0,0.0004666736349463463,0.00019744783639907837,,,,,
seismic_bumps,5,2,18,30,RFR,1723,861,15,21,0.9314750290360047,0.4987562189054726,0.5117177271537052,-0.012847771955077851,0.003722177818417549,0.00015182793140411377,1,2,2.0,2,2.0
seismic_bumps,5,2,18,30,GPR,1723,861,15,21,0.9326364692218351,0.4993781094527363,0.4993781094527363,-0.009079463306804226,0.6357446284964681,0.00018782727420330048,1,3,3.0,3,3.0
seismic_bumps,5,2,18,30,FIGS,1723,861,15,21,0.9163763066202091,0.539571877454831,0.6784934974251547,0.11290604532699054,0.2273037312552333,0.0019668666645884514,,,,,
seismic_bumps,5,2,18,30,HSTree,1723,861,15,21,0.9152148664343787,0.5471000261848652,0.6555708300602252,0.12771898462051762,0.004180621355772018,0.00031575746834278107,,,,,
seismic_bumps,5,2,18,30,GreedyRuleList,1723,861,15,21,0.9337979094076655,0.5,0.7721153006895347,0.0,0.005769454874098301,0.0011501256376504898,,,,,
seismic_bumps,5,2,18,30,Dummy,1723,861,15,21,0.9337979094076655,0.5,0.5,0.0,0.00045641418546438217,0.0001944778487086296,,,,,
seismic_bumps,6,0,19,30,RFR,1722,862,15,21,0.9338747099767981,0.5,0.5255966001961425,0.0,0.003926955163478851,0.00018596835434436798,1,2,2.0,2,2.0
seismic_bumps,6,0,19,30,GPR,1722,862,15,21,0.9338747099767981,0.5,0.5,0.0,0.6464894860982895,0.00010319799184799194,1,3,3.0,3,3.0
seismic_bumps,6,0,19,30,FIGS,1722,862,15,21,0.925754060324826,0.5038029857251826,0.7050561185572628,0.018594918903049668,0.22645457927137613,0.0026190700009465218,,,,,
seismic_bumps,6,0,19,30,HSTree,1722,862,15,21,0.9234338747099768,0.5188623733246159,0.7196360466383349,0.07169260567702865,0.00445276964455843,0.0003082575276494026,,,,,
seismic_bumps,6,0,19,30,GreedyRuleList,1722,862,15,21,0.9338747099767981,0.5,0.7495586793069631,0.0,0.006072730757296085,0.0012187063694000244,,,,,
seismic_bumps,6,0,19,30,Dummy,1722,862,15,21,0.9338747099767981,0.5,0.5,0.0,0.00046148430556058884,0.00020268838852643967,,,,,
seismic_bumps,6,1,20,30,RFR,1723,861,15,21,0.9337979094076655,0.4993788819875776,0.4993788819875776,-0.008993875008265758,0.003937564790248871,0.00016194861382246017,1,2,2.0,2,2.0
seismic_bumps,6,1,20,30,GPR,1723,861,15,21,0.9337979094076655,0.4993788819875776,0.4993788819875776,-0.008993875008265758,0.6329958317801356,0.00018524844199419022,1,2,2.0,2,2.0
seismic_bumps,6,1,20,30,FIGS,1723,861,15,21,0.9221835075493612,0.5263975155279503,0.7099489795918368,0.08862416515768402,0.23157823272049427,0.0024764221161603928,,,,,
seismic_bumps,6,1,20,30,HSTree,1723,861,15,21,0.9140534262485482,0.5303571428571429,0.7225155279503105,0.0844075563472437,0.004166892729699612,0.00031302589923143387,,,,,
seismic_bumps,6,1,20,30,GreedyRuleList,1723,861,15,21,0.9349593495934959,0.5,0.7510314995563443,0.0,0.005782103165984154,0.0011360365897417068,,,,,
seismic_bumps,6,1,20,30,Dummy,1723,861,15,21,0.9349593495934959,0.5,0.5,0.0,0.00046582426875829697,0.0001960480585694313,,,,,
seismic_bumps,6,2,21,30,RFR,1723,861,15,21,0.9326364692218351,0.4993781094527363,0.5047896482499782,-0.009079463306804226,0.004081603139638901,0.0001508975401520729,1,2,2.0,2,2.0
seismic_bumps,6,2,21,30,GPR,1723,861,15,21,0.9326364692218351,0.4993781094527363,0.4993781094527363,-0.009079463306804226,0.6372046340256929,0.0001847175881266594,1,1,1.0,2,2.0
seismic_bumps,6,2,21,30,FIGS,1723,861,15,21,0.9291521486643438,0.5545627127520293,0.6732128829536528,0.1896449849257457,0.2165876729413867,0.0017292210832238197,,,,,
seismic_bumps,6,2,21,30,HSTree,1723,861,15,21,0.9279907084785134,0.5539408222047656,0.6685650693898926,0.182591334876526,0.003699018619954586,0.00031983572989702225,,,,,
seismic_bumps,6,2,21,30,GreedyRuleList,1723,861,15,21,0.9337979094076655,0.5,0.7145631491664484,0.0,0.005236280150711536,0.0010493779554963112,,,,,
seismic_bumps,6,2,21,30,Dummy,1723,861,15,21,0.9337979094076655,0.5,0.5,0.0,0.000462864525616169,0.00019260775297880173,,,,,
seismic_bumps,7,0,22,30,RFR,1722,862,15,21,0.9338747099767981,0.5,0.5344883949002942,0.0,0.0030615059658885,0.0001616189256310463,1,2,2.0,2,2.0
seismic_bumps,7,0,22,30,GPR,1722,862,15,21,0.9303944315545244,0.49813664596273294,0.49813664596273294,-0.015725466330933302,0.6414309572428465,0.00010990910232067108,1,5,5.0,6,6.0
seismic_bumps,7,0,22,30,FIGS,1722,862,15,21,0.9222737819025522,0.5263920671243325,0.7006211180124223,0.0917342035961356,0.2199669163674116,0.002947036176919937,,,,,
seismic_bumps,7,0,22,30,HSTree,1722,862,15,21,0.9129930394431555,0.5377247466492318,0.6660782390759508,0.1022985328129212,0.004344220273196697,0.00031727738678455353,,,,,
seismic_bumps,7,0,22,30,GreedyRuleList,1722,862,15,21,0.9338747099767981,0.5,0.7411354473139371,0.0,0.005433486774563789,0.0010560080409049988,,,,,
seismic_bumps,7,0,22,30,Dummy,1722,862,15,21,0.9338747099767981,0.5,0.5,0.0,0.00045705586671829224,0.0001929979771375656,,,,,
seismic_bumps,7,1,23,30,RFR,1723,861,15,21,0.9337979094076655,0.4993788819875776,0.4993788819875776,-0.008993875008265758,0.004004763439297676,0.0001645982265472412,1,2,2.0,2,2.0
seismic_bumps,7,1,23,30,GPR,1723,861,15,21,0.9303135888501742,0.49751552795031057,0.49751552795031057,-0.018019206321556732,0.6461194744333625,0.00018813740462064743,1,3,3.0,4,4.0
seismic_bumps,7,1,23,30,FIGS,1723,861,15,21,0.9314750290360047,0.5729037267080745,0.7794032830523514,0.23308932714237288,0.23624067101627588,0.00282466784119606,,,,,
seismic_bumps,7,1,23,30,HSTree,1723,861,15,21,0.9256678281068524,0.5199534161490683,0.6744232475598936,0.07780965445381839,0.004225612618029118,0.00031522568315267563,,,,,
seismic_bumps,7,1,23,30,GreedyRuleList,1723,861,15,21,0.9349593495934959,0.5,0.7846938775510204,0.0,0.005791974253952503,0.0011877678334712982,,,,,
seismic_bumps,7,1,23,30,Dummy,1723,861,15,21,0.9349593495934959,0.5,0.5,0.0,0.00045580510050058365,0.00019812770187854767,,,,,
seismic_bumps,7,2,24,30,RFR,1723,861,15,21,0.9337979094076655,0.5,0.5308981408745745,0.0,0.003896745853126049,0.00016149785369634628,1,2,2.0,2,2.0
seismic_bumps,7,2,24,30,GPR,1723,861,15,21,0.9337979094076655,0.5,0.5,0.0,0.640132574364543,0.00018695741891860962,1,3,3.0,4,4.0
seismic_bumps,7,2,24,30,FIGS,1723,861,15,21,0.924506387921022,0.49502487562189057,0.7251243781094526,-0.02578575674673389,0.21169717982411385,0.0028144679963588715,,,,,
seismic_bumps,7,2,24,30,HSTree,1723,861,15,21,0.9314750290360047,0.5395064152919612,0.7358929039015448,0.16757861797447873,0.004334490746259689,0.00031474605202674866,,,,,
seismic_bumps,7,2,24,30,GreedyRuleList,1723,861,15,21,0.9337979094076655,0.5,0.7492035436850834,0.0,0.005383139476180077,0.0010834671556949615,,,,,
seismic_bumps,7,2,24,30,Dummy,1723,861,15,21,0.9337979094076655,0.5,0.5,0.0,0.0004599951207637787,0.0001981779932975769,,,,,
seismic_bumps,8,0,25,30,RFR,1722,862,15,21,0.9338747099767981,0.5,0.506516290726817,0.0,0.003582949750125408,0.00015019718557596207,1,2,2.0,2,2.0
seismic_bumps,8,0,25,30,GPR,1722,862,15,21,0.9338747099767981,0.5,0.5,0.0,0.6461757346987724,9.976979345083237e-05,1,2,2.0,2,2.0
seismic_bumps,8,0,25,30,FIGS,1722,862,15,21,0.9245939675174014,0.5113326795248991,0.6716683011877519,0.0480726303156967,0.22526742611080408,0.001730061136186123,,,,,
seismic_bumps,8,0,25,30,HSTree,1722,862,15,21,0.919953596287703,0.5333006429116269,0.7172169554320583,0.10494626781111271,0.004213342443108559,0.00030963681638240814,,,,,
seismic_bumps,8,0,25,30,GreedyRuleList,1722,862,15,21,0.9338747099767981,0.5,0.7490683229813664,0.0,0.005781034007668495,0.0011590169742703438,,,,,
seismic_bumps,8,0,25,30,Dummy,1722,862,15,21,0.9338747099767981,0.5,0.5,0.0,0.0004654945805668831,0.00019491836428642273,,,,,
seismic_bumps,8,1,26,30,RFR,1723,861,15,21,0.9349593495934959,0.5,0.5474822537710736,0.0,0.004150313325226307,0.00016312766820192337,1,2,2.0,2,2.0
seismic_bumps,8,1,26,30,GPR,1723,861,15,21,0.9349593495934959,0.5,0.5,0.0,0.6419167052954435,0.00018268823623657227,1,3,3.0,3,3.0
seismic_bumps,8,1,26,30,FIGS,1723,861,15,21,0.9291521486643438,0.5052018633540373,0.6611912156166815,0.028569519333419238,0.22921000141650438,0.002414243295788765,,,,,
seismic_bumps,8,1,26,30,HSTree,1723,861,15,21,0.9291521486643438,0.5467391304347826,0.6544476486246674,0.16569404244824246,0.00447675958275795,0.0003054467961192131,,,,,
seismic_bumps,8,1,26,30,GreedyRuleList,1723,861,15,21,0.9349593495934959,0.5,0.7121228926353149,0.0,0.00600787065923214,0.0012151561677455902,,,,,
seismic_bumps,8,1,26,30,Dummy,1723,861,15,21,0.9349593495934959,0.5,0.5,0.0,0.00045607518404722214,0.00019652768969535828,,,,,
seismic_bumps,8,2,27,30,RFR,1723,861,15,21,0.9337979094076655,0.5,0.5,0.0,0.004200383089482784,0.00016185827553272247,1,2,2.0,2,2.0
seismic_bumps,8,2,27,30,GPR,1723,861,15,21,0.9337979094076655,0.5,0.5,0.0,0.6509677022695541,0.00018718838691711426,1,2,2.0,3,3.0
seismic_bumps,8,2,27,30,FIGS,1723,861,15,21,0.9326364692218351,0.5401283058392249,0.7101335428122545,0.17768078622012262,0.24966284818947315,0.002560371533036232,,,,,
seismic_bumps,8,2,27,30,HSTree,1723,861,15,21,0.924506387921022,0.5276250327310814,0.7436501702016234,0.10172083190893248,0.004159632138907909,0.0003116065636277199,,,,,
seismic_bumps,8,2,27,30,GreedyRuleList,1723,861,15,21,0.9337979094076655,0.5,0.7750938291001134,0.0,0.0053597791120409966,0.0010639587417244911,,,,,
seismic_bumps,8,2,27,30,Dummy,1723,861,15,21,0.9337979094076655,0.5,0.5,0.0,0.00045947544276714325,0.00020673777908086777,,,,,
seismic_bumps,9,0,28,30,RFR,1722,862,15,21,0.9338747099767981,0.5,0.5316879154407759,0.0,0.0037683770060539246,0.0001594284549355507,1,2,2.0,2,2.0
seismic_bumps,9,0,28,30,GPR,1722,862,15,21,0.9327146171693735,0.4993788819875776,0.4993788819875776,-0.009068551254408372,0.6465148441493511,0.00010262895375490189,1,3,3.0,3,3.0
seismic_bumps,9,0,28,30,FIGS,1722,862,15,21,0.9280742459396751,0.5131960335621664,0.7001525553012966,0.06452277017648467,0.21615052036941051,0.0011567259207367897,,,,,
seismic_bumps,9,0,28,30,HSTree,1722,862,15,21,0.9269141531322506,0.5125749155497439,0.6611092949765718,0.058364751856320604,0.004174112342298031,0.0003089476376771927,,,,,
seismic_bumps,9,0,28,30,GreedyRuleList,1722,862,15,21,0.9338747099767981,0.5,0.7281355562820093,0.0,0.005370668135583401,0.0010417178273200989,,,,,
seismic_bumps,9,0,28,30,Dummy,1722,862,15,21,0.9338747099767981,0.5,0.5,0.0,0.00047098565846681595,0.00019816681742668152,,,,,
seismic_bumps,9,1,29,30,RFR,1723,861,15,21,0.9349593495934959,0.5,0.5473824312333629,0.0,0.004162332974374294,0.0001639183610677719,1,2,2.0,2,2.0
seismic_bumps,9,1,29,30,GPR,1723,861,15,21,0.9349593495934959,0.5,0.5,0.0,0.6445286776870489,0.0001871073618531227,1,4,4.0,4,4.0
seismic_bumps,9,1,29,30,FIGS,1723,861,15,21,0.9221835075493612,0.5347049689440994,0.7333407275953859,0.1109594560518005,0.2289389744400978,0.002403923310339451,,,,,
seismic_bumps,9,1,29,30,HSTree,1723,861,15,21,0.9221835075493612,0.5513198757763975,0.6771517302573203,0.1507420450160987,0.004249610938131809,0.00031046755611896515,,,,,
seismic_bumps,9,1,29,30,GreedyRuleList,1723,861,15,21,0.9349593495934959,0.5,0.7391082519964507,0.0,0.00534219853579998,0.001073768362402916,,,,,
seismic_bumps,9,1,29,30,Dummy,1723,861,15,21,0.9349593495934959,0.5,0.5,0.0,0.0004656342789530754,0.00020162668079137802,,,,,
seismic_bumps,9,2,30,30,RFR,1723,861,15,21,0.9326364692218351,0.4993781094527363,0.5005782491053505,-0.009079463306804226,0.004206541925668716,0.00014985911548137665,1,2,2.0,2,2.0
seismic_bumps,9,2,30,30,GPR,1723,861,15,21,0.9326364692218351,0.4993781094527363,0.4993781094527363,-0.009079463306804226,0.6452381508424878,0.00018766801804304123,1,1,1.0,2,2.0
seismic_bumps,9,2,30,30,FIGS,1723,861,15,21,0.9291521486643438,0.505662477088243,0.734420005236973,0.033848795814458946,0.2247445434331894,0.0023863324895501137,,,,,
seismic_bumps,9,2,30,30,HSTree,1723,861,15,21,0.9279907084785134,0.5539408222047656,0.7661255127869424,0.182591334876526,0.0043610818684101105,0.00030862633138895035,,,,,
seismic_bumps,9,2,30,30,GreedyRuleList,1723,861,15,21,0.9337979094076655,0.5,0.7653617875534607,0.0,0.005413888022303581,0.0010609980672597885,,,,,
seismic_bumps,9,2,30,30,Dummy,1723,861,15,21,0.9337979094076655,0.5,0.5,0.0,0.00045716483145952225,0.00019673723727464676,,,,,
taiwanese_bankruptcy_prediction,0,0,1,9,RFR,4546,2273,92,92,0.9692036955565332,0.5337920298879203,0.8826214196762142,0.21504932018645756,0.006975031457841396,0.00045130494982004166,1,1,1.0,1,1.0
taiwanese_bankruptcy_prediction,0,0,1,9,GPR,4546,2273,92,92,0.9683238011438627,0.5134713574097136,0.5134713574097136,0.13084001003773907,1.290018198080361,0.00031208619475364685,2,3,1.5,3,1.5
taiwanese_bankruptcy_prediction,0,0,1,9,FIGS,4546,2273,92,92,0.9674439067311923,0.5659931506849315,0.8683281444582815,0.24322476300033322,1.0627291537821293,0.006508716382086277,,,,,
taiwanese_bankruptcy_prediction,0,0,1,9,HSTree,4546,2273,92,92,0.9674439067311923,0.5991033623910336,0.8348816936488169,0.3012954023919053,0.12555895186960697,0.0008030310273170471,,,,,
taiwanese_bankruptcy_prediction,0,0,1,9,GreedyRuleList,4546,2273,92,92,0.9678838539375275,0.5,0.8548754669987548,0.0,0.17605421785265207,0.0036482475697994232,,,,,
taiwanese_bankruptcy_prediction,0,0,1,9,Dummy,4546,2273,92,92,0.9678838539375275,0.5,0.5,0.0,0.0007658209651708603,0.00021224655210971832,,,,,
taiwanese_bankruptcy_prediction,0,1,2,9,RFR,4546,2273,92,92,0.9670039595248571,0.5260336239103363,0.8825093399750934,0.13870595785006812,0.00695355050265789,0.0004670051857829094,2,3,1.5,3,1.5
taiwanese_bankruptcy_prediction,0,1,2,9,GPR,4546,2273,92,92,0.9670039595248571,0.49954545454545457,0.49954545454545457,-0.005405757012551327,1.3784664263948798,0.0003195451572537422,3,7,2.3333333333333335,7,2.3333333333333335
taiwanese_bankruptcy_prediction,0,1,2,9,FIGS,4546,2273,92,92,0.9626044874615046,0.5634931506849314,0.830071606475716,0.19003505770156265,1.0454419534653425,0.007429745979607105,,,,,
taiwanese_bankruptcy_prediction,0,1,2,9,HSTree,4546,2273,92,92,0.9621645402551694,0.5765099626400996,0.8370205479452054,0.213198426163155,0.15819374099373817,0.000794481486082077,,,,,
taiwanese_bankruptcy_prediction,0,1,2,9,GreedyRuleList,4546,2273,92,92,0.9670039595248571,0.49954545454545457,0.8832409713574098,-0.005405757012551327,0.17907073441892862,0.003678428940474987,,,,,
taiwanese_bankruptcy_prediction,0,1,2,9,Dummy,4546,2273,92,92,0.9678838539375275,0.5,0.5,0.0,0.0007723616436123848,0.00019666831940412521,,,,,
taiwanese_bankruptcy_prediction,0,2,3,9,RFR,4546,2273,92,92,0.9674439067311923,0.5130587613534408,0.8835465752246108,0.1105893261754133,0.007147558964788914,0.0004647746682167053,1,1,1.0,1,1.0
taiwanese_bankruptcy_prediction,0,2,3,9,GPR,4546,2273,92,92,0.9678838539375275,0.5067567567567568,0.5067567567567568,0.11436485700467955,1.289602030068636,0.00031787529587745667,2,4,2.0,4,2.0
taiwanese_bankruptcy_prediction,0,2,3,9,FIGS,4546,2273,92,92,0.9652441706995161,0.635980113810946,0.8090194560180917,0.33917385032131103,0.9614736009389162,0.006636284291744232,,,,,
taiwanese_bankruptcy_prediction,0,2,3,9,HSTree,4546,2273,92,92,0.9608446986361636,0.6010594496269803,0.8081929132406622,0.2520715837095903,0.1237531928345561,0.0008061612024903297,,,,,
taiwanese_bankruptcy_prediction,0,2,3,9,GreedyRuleList,4546,2273,92,92,0.968763748350198,0.5267996509469907,0.8260480808229785,0.203039754910246,0.17269173730164766,0.0035507790744304657,,,,,
taiwanese_bankruptcy_prediction,0,2,3,9,Dummy,4546,2273,92,92,0.9674439067311923,0.5,0.5,0.0,0.0007815109565854073,0.0001952480524778366,,,,,
taiwanese_bankruptcy_prediction,1,0,4,9,RFR,4546,2273,92,92,0.9678838539375275,0.5264881693648817,0.8824159402241594,0.15771594921048956,0.0070857098326087,0.00045132357627153397,1,1,1.0,1,1.0
taiwanese_bankruptcy_prediction,1,0,4,9,GPR,4546,2273,92,92,0.9674439067311923,0.526260896637609,0.526260896637609,0.14745274113924434,1.338532766327262,0.000333225354552269,3,6,2.0,6,2.0
taiwanese_bankruptcy_prediction,1,0,4,9,FIGS,4546,2273,92,92,0.9604047514298284,0.6616874221668743,0.7540410958904109,0.33708455022884537,1.0017531458288431,0.008155587129294872,,,,,
taiwanese_bankruptcy_prediction,1,0,4,9,HSTree,4546,2273,92,92,0.9630444346678398,0.6365628891656289,0.7590753424657533,0.3190957650366742,0.15730874333530664,0.0008245613425970078,,,,,
taiwanese_bankruptcy_prediction,1,0,4,9,GreedyRuleList,4546,2273,92,92,0.9678838539375275,0.5,0.8934620174346203,0.0,0.18065653648227453,0.003652428276836872,,,,,
taiwanese_bankruptcy_prediction,1,0,4,9,Dummy,4546,2273,92,92,0.9678838539375275,0.5,0.5,0.0,0.0007746508345007896,0.00019799824804067612,,,,,
taiwanese_bankruptcy_prediction,1,1,5,9,RFR,4546,2273,92,92,0.9683238011438627,0.5068493150684932,0.6204358655043587,0.11517169191498698,0.006762302480638027,0.00044245459139347076,1,2,2.0,2,2.0
taiwanese_bankruptcy_prediction,1,1,5,9,GPR,4546,2273,92,92,0.968763748350198,0.5136986301369864,0.5136986301369864,0.16291322503579342,1.3542924812063575,0.00032367557287216187,3,7,2.3333333333333335,7,2.3333333333333335
taiwanese_bankruptcy_prediction,1,1,5,9,FIGS,4546,2273,92,92,0.9656841179058513,0.5849501867995018,0.752288293897883,0.25826672372661247,1.0614301301538944,0.0066167935729026794,,,,,
taiwanese_bankruptcy_prediction,1,1,5,9,HSTree,4546,2273,92,92,0.9634843818741751,0.6235460772104607,0.820021793275218,0.3030024221464947,0.15447232499718666,0.0007933406159281731,,,,,
taiwanese_bankruptcy_prediction,1,1,5,9,GreedyRuleList,4546,2273,92,92,0.9674439067311923,0.5130168119551681,0.8048536737235368,0.09797175094468394,0.17370385583490133,0.003691047430038452,,,,,
taiwanese_bankruptcy_prediction,1,1,5,9,Dummy,4546,2273,92,92,0.9678838539375275,0.5,0.5,0.0,0.0007682712748646736,0.00019392836838960648,,,,,
taiwanese_bankruptcy_prediction,1,2,6,9,RFR,4546,2273,92,92,0.968763748350198,0.533329031623711,0.8817644383810824,0.21350212052510595,0.006304487586021423,0.00046449434012174606,2,3,1.5,3,1.5
taiwanese_bankruptcy_prediction,1,2,6,9,GPR,4546,2273,92,92,0.9674439067311923,0.5130587613534408,0.5130587613534408,0.1105893261754133,1.2903070319443941,0.0003010965883731842,2,2,1.0,3,1.5
taiwanese_bankruptcy_prediction,1,2,6,9,FIGS,4546,2273,92,92,0.9630444346678398,0.5434319039366788,0.8095971141673733,0.15082279672677262,1.0224889842793345,0.005869983695447445,,,,,
taiwanese_bankruptcy_prediction,1,2,6,9,HSTree,4546,2273,92,92,0.9604047514298284,0.5355382667797401,0.7951095706893797,0.11435825638820875,0.12030904367566109,0.000837080180644989,,,,,
taiwanese_bankruptcy_prediction,1,2,6,9,GreedyRuleList,4546,2273,92,92,0.9674439067311923,0.5,0.814796037510908,0.0,0.172168823890388,0.0035411398857831955,,,,,
taiwanese_bankruptcy_prediction,1,2,6,9,Dummy,4546,2273,92,92,0.9674439067311923,0.5,0.5,0.0,0.0007777716964483261,0.00019496772438287735,,,,,
taiwanese_bankruptcy_prediction,2,0,7,9,RFR,4546,2273,92,92,0.9670039595248571,0.49954545454545457,0.86640099626401,-0.005405757012551327,0.007731073535978794,0.0004562847316265106,2,2,1.0,2,1.0
taiwanese_bankruptcy_prediction,2,0,7,9,GPR,4546,2273,92,92,0.9674439067311923,0.5461270236612702,0.5461270236612702,0.20088642984291588,1.3598818639293313,0.00033226609230041504,3,6,2.0,6,2.0
taiwanese_bankruptcy_prediction,2,0,7,9,FIGS,4546,2273,92,92,0.9665640123185217,0.5655386052303861,0.7603455790784558,0.23091108594387993,1.0767505010589957,0.006406728178262711,,,,,
taiwanese_bankruptcy_prediction,2,0,7,9,HSTree,4546,2273,92,92,0.9665640123185217,0.5655386052303861,0.8839788293897883,0.23091108594387993,0.15263730566948652,0.0008085202425718307,,,,,
taiwanese_bankruptcy_prediction,2,0,7,9,GreedyRuleList,4546,2273,92,92,0.9678838539375275,0.5,0.8716625155666251,0.0,0.17318150401115417,0.0035637086257338524,,,,,
taiwanese_bankruptcy_prediction,2,0,7,9,Dummy,4546,2273,92,92,0.9678838539375275,0.5,0.5,0.0,0.0007665613666176796,0.00019534770399332047,,,,,
taiwanese_bankruptcy_prediction,2,1,8,9,RFR,4546,2273,92,92,0.9670039595248571,0.5260336239103363,0.8508219178082191,0.13870595785006812,0.007260257378220558,0.00045281462371349335,1,2,2.0,2,2.0
taiwanese_bankruptcy_prediction,2,1,8,9,GPR,4546,2273,92,92,0.9665640123185217,0.4993181818181818,0.4993181818181818,-0.006622131314597841,1.3449063282459974,0.000323745422065258,3,4,1.3333333333333333,4,1.3333333333333333
taiwanese_bankruptcy_prediction,2,1,8,9,FIGS,4546,2273,92,92,0.9639243290805103,0.5906631382316314,0.7889508094645081,0.252636881721149,1.0469713024795055,0.006484107114374638,,,,,
taiwanese_bankruptcy_prediction,2,1,8,9,HSTree,4546,2273,92,92,0.9634843818741751,0.6103019925280199,0.8423910336239103,0.282296017513606,0.1512163244187832,0.0007818220183253288,,,,,
taiwanese_bankruptcy_prediction,2,1,8,9,GreedyRuleList,4546,2273,92,92,0.9683238011438627,0.5134713574097136,0.8538356164383563,0.13084001003773907,0.1740887025371194,0.003600088879466057,,,,,
taiwanese_bankruptcy_prediction,2,1,8,9,Dummy,4546,2273,92,92,0.9678838539375275,0.5,0.5,0.0,0.0007683224976062775,0.00019614677876234055,,,,,
taiwanese_bankruptcy_prediction,2,2,9,9,RFR,4546,2273,92,92,0.9674439067311923,0.5457056647370426,0.9000835760726621,0.2073511109391735,0.009378043003380299,0.0004551950842142105,2,3,1.5,3,1.5
taiwanese_bankruptcy_prediction,2,2,9,9,GPR,4546,2273,92,92,0.9674439067311923,0.5,0.5,0.0,1.3076098952442408,0.00031853653490543365,2,5,2.5,5,2.5
taiwanese_bankruptcy_prediction,2,2,9,9,FIGS,4546,2273,92,92,0.9643642762868456,0.6159372196207121,0.8134686528274522,0.30206102509078664,1.0334647381678224,0.008777471259236336,,,,,
taiwanese_bankruptcy_prediction,2,2,9,9,HSTree,4546,2273,92,92,0.9586449626044875,0.6064519499035188,0.8357207821737153,0.248105596136739,0.15111341513693333,0.000839809887111187,,,,,
taiwanese_bankruptcy_prediction,2,2,9,9,GreedyRuleList,4546,2273,92,92,0.9692036955565332,0.527027027027027,0.8812973956220888,0.2288808736562201,0.17243846226483583,0.0036218594759702682,,,,,
taiwanese_bankruptcy_prediction,2,2,9,9,Dummy,4546,2273,92,92,0.9674439067311923,0.5,0.5,0.0,0.0007770806550979614,0.0001970883458852768,,,,,
thyroid_discordant,0,0,1,30,RFR,2474,1237,26,46,0.98464025869038,0.5,0.5,0.0,0.00621388852596283,0.00022004824131727219,2,2,1.0,2,1.0
thyroid_discordant,0,0,1,30,GPR,2474,1237,26,46,0.9830234438156831,0.49917898193760263,0.49917898193760263,-0.005026141087117578,1.6655696146190166,0.00019107665866613388,6,10,1.6666666666666667,10,1.6666666666666667
thyroid_discordant,0,0,1,30,FIGS,2474,1237,26,46,0.9822150363783346,0.7319159968887736,0.8574885489586034,0.4415549029812851,0.23901379760354757,0.0022474853321909904,,,,,
thyroid_discordant,0,0,1,30,HSTree,2474,1237,26,46,0.98464025869038,0.7590528044248552,0.9065335753176044,0.5051943112468593,0.004169103689491749,0.00038977526128292084,,,,,
thyroid_discordant,0,0,1,30,GreedyRuleList,2474,1237,26,46,0.9870654810024252,0.6307579293060237,0.901909947281998,0.4287428583626707,0.0030236560851335526,0.0007782820612192154,,,,,
thyroid_discordant,0,0,1,30,Dummy,2474,1237,26,46,0.98464025869038,0.5,0.5,0.0,0.00034043658524751663,0.00019394885748624802,,,,,
thyroid_discordant,0,1,2,30,RFR,2474,1237,26,46,0.98464025869038,0.5,0.5,0.0,0.004079094156622887,0.0002627372741699219,2,2,1.0,2,1.0
thyroid_discordant,0,1,2,30,GPR,2474,1237,26,46,0.98464025869038,0.5,0.5,0.0,1.6619178000837564,0.00018641818314790726,6,12,2.0,12,2.0
thyroid_discordant,0,1,2,30,FIGS,2474,1237,26,46,0.9894907033144705,0.7615158586120474,0.8368334629677643,0.6080667049767065,0.20291559770703316,0.0009485390037298203,,,,,
thyroid_discordant,0,1,2,30,HSTree,2474,1237,26,46,0.9878738884397736,0.7088842796646789,0.8744706594071385,0.5241764795765261,0.004937473684549332,0.0003989553079009056,,,,,
thyroid_discordant,0,1,2,30,GreedyRuleList,2474,1237,26,46,0.9870654810024252,0.6048526488635382,0.8749675913922738,0.4064615702568919,0.0030466346070170403,0.000765032134950161,,,,,
thyroid_discordant,0,1,2,30,Dummy,2474,1237,26,46,0.98464025869038,0.5,0.5,0.0,0.00033918581902980804,0.00019498635083436966,,,,,
thyroid_discordant,0,2,3,30,RFR,2474,1237,26,45,0.9830234438156831,0.49958915365653245,0.49958915365653245,-0.003646367805154967,0.0043319715186953545,0.00020967703312635422,1,1,1.0,1,1.0
thyroid_discordant,0,2,3,30,GPR,2474,1237,26,45,0.9838318512530315,0.5,0.5,0.0,1.321890341117978,0.0001519983634352684,2,2,1.0,2,1.0
thyroid_discordant,0,2,3,30,FIGS,2474,1237,26,45,0.9870654810024252,0.7475349219391947,0.7178307313064914,0.5525975265489371,0.2239387882873416,0.0018731988966464996,,,,,
thyroid_discordant,0,2,3,30,HSTree,2474,1237,26,45,0.9870654810024252,0.7229457682826623,0.7707888249794577,0.5316334145911441,0.0041323332116007805,0.00039658602327108383,,,,,
thyroid_discordant,0,2,3,30,GreedyRuleList,2474,1237,26,45,0.98464025869038,0.5495891536565325,0.7499589153656533,0.25430726758437067,0.0030247950926423073,0.0007679816335439682,,,,,
thyroid_discordant,0,2,3,30,Dummy,2474,1237,26,45,0.9838318512530315,0.5,0.5,0.0,0.0003359764814376831,0.00020123831927776337,,,,,
thyroid_discordant,1,0,4,30,RFR,2474,1237,26,45,0.9838318512530315,0.4995894909688013,0.4995894909688013,-0.0035525804452572695,0.004300011321902275,0.00022120773792266846,1,1,1.0,1,1.0
thyroid_discordant,1,0,4,30,GPR,2474,1237,26,45,0.98464025869038,0.5,0.5,0.0,1.3279952742159367,0.0001519080251455307,2,2,1.0,2,1.0
thyroid_discordant,1,0,4,30,FIGS,2474,1237,26,45,0.9805982215036378,0.6533791374989197,0.6148128943047274,0.3240353233100299,0.21591427084058523,0.002255394123494625,,,,,
thyroid_discordant,1,0,4,30,HSTree,2474,1237,26,45,0.9814066289409863,0.7056002074150894,0.6592775041050902,0.40095321649917537,0.0048086559399962425,0.0003872942179441452,,,,,
thyroid_discordant,1,0,4,30,GreedyRuleList,2474,1237,26,45,0.9854486661277284,0.5781263503586552,0.8393397286319247,0.30285700351306843,0.0030894633382558823,0.0007910113781690598,,,,,
thyroid_discordant,1,0,4,30,Dummy,2474,1237,26,45,0.98464025869038,0.5,0.5,0.0,0.0003406461328268051,0.0001967884600162506,,,,,
thyroid_discordant,1,1,5,30,RFR,2474,1237,26,46,0.9822150363783346,0.4987684729064039,0.746780744965863,-0.0061582342364825595,0.004473540000617504,0.00022764690220355988,2,2,1.0,2,1.0
thyroid_discordant,1,1,5,30,GPR,2474,1237,26,46,0.98464025869038,0.5,0.5,0.0,1.6721323234960437,0.00017979741096496582,6,12,2.0,12,2.0
thyroid_discordant,1,1,5,30,FIGS,2474,1237,26,46,0.9902991107518189,0.7360210872007605,0.9107683000604961,0.6183575519684316,0.23341567255556583,0.0022323057055473328,,,,,
thyroid_discordant,1,1,5,30,HSTree,2474,1237,26,46,0.9902991107518189,0.761926367643246,0.9126912107855847,0.6317529455256826,0.004150393418967724,0.0004078764468431473,,,,,
thyroid_discordant,1,1,5,30,GreedyRuleList,2474,1237,26,46,0.9886822958771221,0.6574842278109065,0.9061014605479216,0.5163758583287353,0.0030139265581965446,0.0007591806352138519,,,,,
thyroid_discordant,1,1,5,30,Dummy,2474,1237,26,46,0.98464025869038,0.5,0.5,0.0,0.00034779589623212814,0.00019374769181013107,,,,,
thyroid_discordant,1,2,6,30,RFR,2474,1237,26,46,0.9838318512530315,0.5,0.5,0.0,0.004495579749345779,0.00025049783289432526,2,2,1.0,2,1.0
thyroid_discordant,1,2,6,30,GPR,2474,1237,26,46,0.9838318512530315,0.5,0.5,0.0,1.672793778590858,0.00019150879234075546,6,12,2.0,12,2.0
thyroid_discordant,1,2,6,30,FIGS,2474,1237,26,46,0.9870654810024252,0.6737674609695974,0.790899753492194,0.48948169656286533,0.23396086692810059,0.0021599549800157547,,,,,
thyroid_discordant,1,2,6,30,HSTree,2474,1237,26,46,0.98464025869038,0.6971240755957272,0.8428512736236647,0.4543062587019415,0.0033384719863533974,0.00038385577499866486,,,,,
thyroid_discordant,1,2,6,30,GreedyRuleList,2474,1237,26,46,0.9878738884397736,0.625,0.7838948233360724,0.4969468470884676,0.0033327629789710045,0.0007650405168533325,,,,,
thyroid_discordant,1,2,6,30,Dummy,2474,1237,26,46,0.9838318512530315,0.5,0.5,0.0,0.0003431662917137146,0.0001957584172487259,,,,,
thyroid_discordant,2,0,7,30,RFR,2474,1237,26,45,0.9838318512530315,0.4995894909688013,0.4995894909688013,-0.0035525804452572695,0.004498248919844627,0.00022492744028568268,1,1,1.0,1,1.0
thyroid_discordant,2,0,7,30,GPR,2474,1237,26,45,0.98464025869038,0.5,0.5,0.0,1.30954460054636,0.0001503191888332367,2,2,1.0,2,1.0
thyroid_discordant,2,0,7,30,FIGS,2474,1237,26,45,0.9886822958771221,0.7611053495808486,0.7581453634085213,0.5867660497410381,0.23600906319916248,0.002227034419775009,,,,,
thyroid_discordant,2,0,7,30,HSTree,2474,1237,26,45,0.9862570735650767,0.7598738224872525,0.8762423299628381,0.5337708706419658,0.0049563245847821236,0.0004009753465652466,,,,,
thyroid_discordant,2,0,7,30,GreedyRuleList,2474,1237,26,45,0.9862570735650767,0.6044421398323394,0.7970356926799758,0.3697443529365121,0.0027996189892292023,0.0007661208510398865,,,,,
thyroid_discordant,2,0,7,30,Dummy,2474,1237,26,45,0.98464025869038,0.5,0.5,0.0,0.000336475670337677,0.00019700825214385986,,,,,
thyroid_discordant,2,1,8,30,RFR,2474,1237,26,46,0.98464025869038,0.5,0.5,0.0,0.004474668763577938,0.00022549834102392197,2,2,1.0,2,1.0
thyroid_discordant,2,1,8,30,GPR,2474,1237,26,46,0.98464025869038,0.5,0.5,0.0,1.6347835157066584,0.00018654856830835342,6,12,2.0,12,2.0
thyroid_discordant,2,1,8,30,FIGS,2474,1237,26,46,0.9870654810024252,0.6307579293060237,0.5521346469622332,0.4287428583626707,0.2177054611966014,0.0019282680004835129,,,,,
thyroid_discordant,2,1,8,30,HSTree,2474,1237,26,46,0.9870654810024252,0.6566632097485092,0.8476363322098348,0.45339530893953345,0.0040855444967746735,0.00039787497371435165,,,,,
thyroid_discordant,2,1,8,30,GreedyRuleList,2474,1237,26,46,0.9862570735650767,0.5785368593898539,0.7948967245700458,0.3402455364793604,0.003317752853035927,0.0007615303620696068,,,,,
thyroid_discordant,2,1,8,30,Dummy,2474,1237,26,46,0.98464025869038,0.5,0.5,0.0,0.0003393162041902542,0.00019932817667722702,,,,,
thyroid_discordant,2,2,9,30,RFR,2474,1237,26,46,0.9838318512530315,0.5,0.5,0.0,0.004218761809170246,0.00023405719548463821,2,2,1.0,2,1.0
thyroid_discordant,2,2,9,30,GPR,2474,1237,26,46,0.9838318512530315,0.5,0.5,0.0,1.66599484346807,0.00018702726811170578,6,12,2.0,12,2.0
thyroid_discordant,2,2,9,30,FIGS,2474,1237,26,46,0.9862570735650767,0.6487674609695974,0.8396672144617914,0.4415478713369567,0.22578416112810373,0.002194315195083618,,,,,
thyroid_discordant,2,2,9,30,HSTree,2474,1237,26,46,0.9854486661277284,0.6975349219391948,0.8837304847986852,0.47103905968012916,0.00411126296967268,0.00039847660809755325,,,,,
thyroid_discordant,2,2,9,30,GreedyRuleList,2474,1237,26,46,0.9886822958771221,0.65,0.8804437140509449,0.5445990632784836,0.0033606020733714104,0.0007573207840323448,,,,,
thyroid_discordant,2,2,9,30,Dummy,2474,1237,26,46,0.9838318512530315,0.5,0.5,0.0,0.0003311159089207649,0.00019168853759765625,,,,,
thyroid_discordant,3,0,10,30,RFR,2474,1237,26,46,0.98464025869038,0.5,0.5,0.0,0.004378089681267738,0.00022714771330356598,2,2,1.0,2,1.0
thyroid_discordant,3,0,10,30,GPR,2474,1237,26,46,0.98464025869038,0.5,0.5,0.0,1.68599040992558,0.0001853080466389656,6,12,2.0,12,2.0
thyroid_discordant,3,0,10,30,FIGS,2474,1237,26,46,0.9902991107518189,0.7360210872007605,0.9355500821018062,0.6183575519684316,0.22585043031722307,0.0022502345964312553,,,,,
thyroid_discordant,3,0,10,30,HSTree,2474,1237,26,46,0.9911075181891673,0.7882421571169302,0.93671679197995,0.6702096754043491,0.004183412529528141,0.0004037246108055115,,,,,
thyroid_discordant,3,0,10,30,GreedyRuleList,2474,1237,26,46,0.9886822958771221,0.6574842278109065,0.9308832425892317,0.5163758583287353,0.0033258916810154915,0.000753072090446949,,,,,
thyroid_discordant,3,0,10,30,Dummy,2474,1237,26,46,0.98464025869038,0.5,0.5,0.0,0.0003410559147596359,0.0001972271129488945,,,,,
thyroid_discordant,3,1,11,30,RFR,2474,1237,26,45,0.9838318512530315,0.4995894909688013,0.16454930429522083,-0.0035525804452572695,0.0043122414499521255,0.00022552628070116043,2,2,1.0,2,1.0
thyroid_discordant,3,1,11,30,GPR,2474,1237,26,45,0.98464025869038,0.5,0.5,0.0,1.2841879772022367,0.00014943908900022507,2,2,1.0,2,1.0
thyroid_discordant,3,1,11,30,FIGS,2474,1237,26,45,0.9854486661277284,0.7335580330135684,0.7816524068792672,0.4934246858686326,0.21227189525961876,0.002242984250187874,,,,,
thyroid_discordant,3,1,11,30,HSTree,2474,1237,26,45,0.9830234438156831,0.7582317863624579,0.7332555526747904,0.4805523003026389,0.0049137938767671585,0.0003973357379436493,,,,,
thyroid_discordant,3,1,11,30,GreedyRuleList,2474,1237,26,45,0.9838318512530315,0.7845475758361421,0.8833290121856365,0.5180981827188824,0.0033601513132452965,0.0008043916895985603,,,,,
thyroid_discordant,3,1,11,30,Dummy,2474,1237,26,45,0.98464025869038,0.5,0.5,0.0,0.0003370968624949455,0.00019401777535676956,,,,,
thyroid_discordant,3,2,12,30,RFR,2474,1237,26,46,0.9838318512530315,0.5,0.5,0.0,0.004811394959688187,0.00021883659064769745,2,2,1.0,2,1.0
thyroid_discordant,3,2,12,30,GPR,2474,1237,26,46,0.9838318512530315,0.5,0.5,0.0,1.6753992270678282,0.00018735788762569427,6,12,2.0,12,2.0
thyroid_discordant,3,2,12,30,FIGS,2474,1237,26,46,0.9830234438156831,0.5979457682826623,0.6894412489728842,0.2907070216148315,0.21587304398417473,0.0021637948229908943,,,,,
thyroid_discordant,3,2,12,30,HSTree,2474,1237,26,46,0.9830234438156831,0.6471240755957272,0.6982539030402629,0.36392479385551635,0.0033270735293626785,0.0003980649635195732,,,,,
thyroid_discordant,3,2,12,30,GreedyRuleList,2474,1237,26,46,0.9838318512530315,0.5491783073130649,0.7754724732949877,0.21850044468106272,0.003046625293791294,0.000759560614824295,,,,,
thyroid_discordant,3,2,12,30,Dummy,2474,1237,26,46,0.9838318512530315,0.5,0.5,0.0,0.0003304360434412956,0.00020084716379642487,,,,,
thyroid_discordant,4,0,13,30,RFR,2474,1237,26,45,0.9838318512530315,0.4995894909688013,0.4995894909688013,-0.0035525804452572695,0.004446529783308506,0.00022232718765735626,1,1,1.0,1,1.0
thyroid_discordant,4,0,13,30,GPR,2474,1237,26,45,0.98464025869038,0.5,0.5,0.0,1.2907414278015494,0.00015858933329582214,2,2,1.0,2,1.0
thyroid_discordant,4,0,13,30,FIGS,2474,1237,26,45,0.9854486661277284,0.7335580330135684,0.8846685679716533,0.4934246858686326,0.21783863380551338,0.001351434737443924,,,,,
thyroid_discordant,4,0,13,30,HSTree,2474,1237,26,45,0.9854486661277284,0.7335580330135684,0.8315400570391496,0.4934246858686326,0.004962223581969738,0.000398365780711174,,,,,
thyroid_discordant,4,0,13,30,GreedyRuleList,2474,1237,26,45,0.9854486661277284,0.5781263503586552,0.8719643937429781,0.30285700351306843,0.0030453456565737724,0.0007739122956991196,,,,,
thyroid_discordant,4,0,13,30,Dummy,2474,1237,26,45,0.98464025869038,0.5,0.5,0.0,0.0003416258841753006,0.00019209831953048706,,,,,
thyroid_discordant,4,1,14,30,RFR,2474,1237,26,46,0.98464025869038,0.5,0.5,0.0,0.004128263331949711,0.0002235984429717064,2,2,1.0,2,1.0
thyroid_discordant,4,1,14,30,GPR,2474,1237,26,46,0.9822150363783346,0.4987684729064039,0.4987684729064039,-0.0061582342364825595,1.6616412289440632,0.0001762574538588524,6,11,1.8333333333333333,11,1.8333333333333333
thyroid_discordant,4,1,14,30,FIGS,2474,1237,26,46,0.9886822958771221,0.8388211909083052,0.7621856365050557,0.645096328354063,0.22210208512842655,0.002590409480035305,,,,,
thyroid_discordant,4,1,14,30,HSTree,2474,1237,26,46,0.9878738884397736,0.76069484054965,0.8954930429522081,0.5674728041981505,0.004882813431322575,0.00040214601904153824,,,,,
thyroid_discordant,4,1,14,30,GreedyRuleList,2474,1237,26,46,0.9878738884397736,0.6311684383372224,0.8492567625961456,0.4643603571943659,0.003037034533917904,0.0007547419518232346,,,,,
thyroid_discordant,4,1,14,30,Dummy,2474,1237,26,46,0.98464025869038,0.5,0.5,0.0,0.0003507761284708977,0.00019597820937633514,,,,,
thyroid_discordant,4,2,15,30,RFR,2474,1237,26,46,0.9838318512530315,0.5,0.5,0.0,0.004381900653243065,0.00024877674877643585,2,2,1.0,2,1.0
thyroid_discordant,4,2,15,30,GPR,2474,1237,26,46,0.9838318512530315,0.5,0.5,0.0,1.6492242319509387,0.000188387930393219,6,12,2.0,12,2.0
thyroid_discordant,4,2,15,30,FIGS,2474,1237,26,46,0.9830234438156831,0.6963023829087922,0.8141331142152836,0.4253157623378197,0.21957596391439438,0.0014912029728293419,,,,,
thyroid_discordant,4,2,15,30,HSTree,2474,1237,26,46,0.9838318512530315,0.7213023829087921,0.8092851273623665,0.46616350184531385,0.004123383201658726,0.0003942660987377167,,,,,
thyroid_discordant,4,2,15,30,GreedyRuleList,2474,1237,26,46,0.9830234438156831,0.6225349219391947,0.8133114215283485,0.32923696030299526,0.0033958014100790024,0.0007835514843463898,,,,,
thyroid_discordant,4,2,15,30,Dummy,2474,1237,26,46,0.9838318512530315,0.5,0.5,0.0,0.0003342069685459137,0.00019326712936162949,,,,,
thyroid_discordant,5,0,16,30,RFR,2474,1237,26,46,0.98464025869038,0.5,0.5,0.0,0.0044678691774606705,0.00023709796369075775,2,2,1.0,2,1.0
thyroid_discordant,5,0,16,30,GPR,2474,1237,26,46,0.98464025869038,0.5,0.5,0.0,1.6738262763246894,0.00019280891865491867,6,12,2.0,12,2.0
thyroid_discordant,5,0,16,30,FIGS,2474,1237,26,46,0.98464025869038,0.7331475239823697,0.7049952467375336,0.47887607790966524,0.23447936493903399,0.00257234089076519,,,,,
thyroid_discordant,5,0,16,30,HSTree,2474,1237,26,46,0.9870654810024252,0.7343790510759658,0.9332382680840032,0.5267056770865354,0.0049990033730864525,0.00040196627378463745,,,,,
thyroid_discordant,5,0,16,30,GreedyRuleList,2474,1237,26,46,0.9878738884397736,0.6570737187797079,0.8535130930775214,0.4819622590065405,0.0031108148396015167,0.0007699411362409592,,,,,
thyroid_discordant,5,0,16,30,Dummy,2474,1237,26,46,0.98464025869038,0.5,0.5,0.0,0.00034072715789079666,0.00019493699073791504,,,,,
thyroid_discordant,5,1,17,30,RFR,2474,1237,26,46,0.98464025869038,0.5,0.5,0.0,0.004243992269039154,0.0002255067229270935,2,2,1.0,2,1.0
thyroid_discordant,5,1,17,30,GPR,2474,1237,26,46,0.98464025869038,0.5,0.5,0.0,1.6596318194642663,0.00018578767776489258,6,12,2.0,12,2.0
thyroid_discordant,5,1,17,30,FIGS,2474,1237,26,46,0.9838318512530315,0.732737014951171,0.8572076743583096,0.46547402990234205,0.2246385868638754,0.0022357450798153877,,,,,
thyroid_discordant,5,1,17,30,HSTree,2474,1237,26,46,0.9870654810024252,0.7602843315184513,0.8541612652320456,0.5498878067215002,0.004153353162109852,0.0003987457603216171,,,,,
thyroid_discordant,5,1,17,30,GreedyRuleList,2474,1237,26,46,0.9878738884397736,0.6311684383372224,0.8457350272232305,0.4643603571943659,0.003022346645593643,0.000757741741836071,,,,,
thyroid_discordant,5,1,17,30,Dummy,2474,1237,26,46,0.98464025869038,0.5,0.5,0.0,0.00034034624695777893,0.00019639823585748672,,,,,
thyroid_discordant,5,2,18,30,RFR,2474,1237,26,45,0.9830234438156831,0.49958915365653245,0.49958915365653245,-0.003646367805154967,0.00449557788670063,0.0002068784087896347,1,1,1.0,1,1.0
thyroid_discordant,5,2,18,30,GPR,2474,1237,26,45,0.9838318512530315,0.5,0.5,0.0,1.1933233411982656,0.00014595873653888702,2,2,1.0,2,1.0
thyroid_discordant,5,2,18,30,FIGS,2474,1237,26,45,0.9886822958771221,0.7237674609695974,0.7080731306491372,0.5758754296917843,0.20001903548836708,0.000808320939540863,,,,,
thyroid_discordant,5,2,18,30,HSTree,2474,1237,26,45,0.9894907033144705,0.7487674609695973,0.8039441248972884,0.6153489602890677,0.003276803530752659,0.00038725510239601135,,,,,
thyroid_discordant,5,2,18,30,GreedyRuleList,2474,1237,26,45,0.9854486661277284,0.55,0.7784921939194741,0.3139148134788441,0.0033043529838323593,0.0007528811693191528,,,,,
thyroid_discordant,5,2,18,30,Dummy,2474,1237,26,45,0.9838318512530315,0.5,0.5,0.0,0.0003366367891430855,0.00019519682973623276,,,,,
thyroid_discordant,6,0,19,30,RFR,2474,1237,26,46,0.9838318512530315,0.4995894909688013,0.1844697951775992,-0.0035525804452572695,0.004327011294662952,0.0002286173403263092,2,2,1.0,2,1.0
thyroid_discordant,6,0,19,30,GPR,2474,1237,26,46,0.98464025869038,0.5,0.5,0.0,1.6579797239974141,0.00018349848687648773,6,12,2.0,12,2.0
thyroid_discordant,6,0,19,30,FIGS,2474,1237,26,46,0.9878738884397736,0.7088842796646789,0.9149382075879353,0.5241764795765261,0.23647704254835844,0.00254634115844965,,,,,
thyroid_discordant,6,0,19,30,HSTree,2474,1237,26,46,0.9886822958771221,0.7870106300233342,0.8669950738916256,0.6063509275743677,0.004104812629520893,0.00039095617830753326,,,,,
thyroid_discordant,6,0,19,30,GreedyRuleList,2474,1237,26,46,0.9838318512530315,0.629115893181229,0.9104010025062657,0.33827395922403397,0.003369041718542576,0.0007743304595351219,,,,,
thyroid_discordant,6,0,19,30,Dummy,2474,1237,26,46,0.98464025869038,0.5,0.5,0.0,0.0003357464447617531,0.0001970473676919937,,,,,
thyroid_discordant,6,1,20,30,RFR,2474,1237,26,46,0.98464025869038,0.5,0.5,0.0,0.00432222057133913,0.00021344702690839767,2,2,1.0,2,1.0
thyroid_discordant,6,1,20,30,GPR,2474,1237,26,46,0.9822150363783346,0.4987684729064039,0.4987684729064039,-0.0061582342364825595,1.681245912797749,0.0001841578632593155,6,9,1.5,10,1.6666666666666667
thyroid_discordant,6,1,20,30,FIGS,2474,1237,26,46,0.9814066289409863,0.6019790856451473,0.8448491919453807,0.25590742486566026,0.21623668260872364,0.0012712767347693443,,,,,
thyroid_discordant,6,1,20,30,HSTree,2474,1237,26,46,0.9805982215036378,0.6274738570564342,0.8446331345605393,0.28646418646852495,0.004145752638578415,0.0004007350653409958,,,,,
thyroid_discordant,6,1,20,30,GreedyRuleList,2474,1237,26,46,0.9838318512530315,0.5254947714112869,0.8383674704001383,0.1274862526149021,0.0030936356633901596,0.0007526306435465813,,,,,
thyroid_discordant,6,1,20,30,Dummy,2474,1237,26,46,0.98464025869038,0.5,0.5,0.0,0.0003434363752603531,0.00019374769181013107,,,,,
thyroid_discordant,6,2,21,30,RFR,2474,1237,26,45,0.9830234438156831,0.49958915365653245,0.49958915365653245,-0.003646367805154967,0.004380360245704651,0.00021359790116548538,1,1,1.0,1,1.0
thyroid_discordant,6,2,21,30,GPR,2474,1237,26,45,0.9838318512530315,0.5,0.5,0.0,1.263794170692563,0.00015141814947128296,2,2,1.0,2,1.0
thyroid_discordant,6,2,21,30,FIGS,2474,1237,26,45,0.9870654810024252,0.6737674609695974,0.7903861955628595,0.48948169656286533,0.23398326244205236,0.0021755658090114594,,,,,
thyroid_discordant,6,2,21,30,HSTree,2474,1237,26,45,0.9854486661277284,0.6729457682826623,0.8493837304847986,0.44508356215690187,0.00486882496625185,0.00040710438042879105,,,,,
thyroid_discordant,6,2,21,30,GreedyRuleList,2474,1237,26,45,0.9838318512530315,0.6475349219391947,0.8356614626129828,0.37968762838946063,0.0033571412786841393,0.0007768720388412476,,,,,
thyroid_discordant,6,2,21,30,Dummy,2474,1237,26,45,0.9838318512530315,0.5,0.5,0.0,0.0003334060311317444,0.00019263848662376404,,,,,
thyroid_discordant,7,0,22,30,RFR,2474,1237,26,46,0.98464025869038,0.5,0.5,0.0,0.004368770867586136,0.00022753700613975525,2,2,1.0,2,1.0
thyroid_discordant,7,0,22,30,GPR,2474,1237,26,46,0.98464025869038,0.5,0.5,0.0,1.6679486697539687,0.0001879073679447174,6,12,2.0,12,2.0
thyroid_discordant,7,0,22,30,FIGS,2474,1237,26,46,0.9830234438156831,0.6546106645925158,0.8554360038026099,0.35949482326613613,0.21961318608373404,0.002579411491751671,,,,,
thyroid_discordant,7,0,22,30,HSTree,2474,1237,26,46,0.98464025869038,0.7331475239823697,0.9298677728804772,0.47887607790966524,0.005011322908103466,0.00040601566433906555,,,,,
thyroid_discordant,7,0,22,30,GreedyRuleList,2474,1237,26,46,0.9870654810024252,0.6048526488635382,0.8515469708754645,0.4064615702568919,0.0030537955462932587,0.0007553407922387123,,,,,
thyroid_discordant,7,0,22,30,Dummy,2474,1237,26,46,0.98464025869038,0.5,0.5,0.0,0.0003526555374264717,0.00020393729209899902,,,,,
thyroid_discordant,7,1,23,30,RFR,2474,1237,26,46,0.98464025869038,0.5,0.5,0.0,0.004509288817644119,0.00021537765860557556,2,2,1.0,2,1.0
thyroid_discordant,7,1,23,30,GPR,2474,1237,26,46,0.98464025869038,0.5,0.5,0.0,1.6551317777484655,0.00019758660346269608,6,12,2.0,12,2.0
thyroid_discordant,7,1,23,30,FIGS,2474,1237,26,46,0.9894907033144705,0.7356105781695618,0.6815962319592084,0.5912437432542426,0.22250005323439837,0.0015210630372166634,,,,,
thyroid_discordant,7,1,23,30,HSTree,2474,1237,26,46,0.9886822958771221,0.7352000691383631,0.8801097571514994,0.5672904862651638,0.00487358495593071,0.00040118489414453506,,,,,
thyroid_discordant,7,1,23,30,GreedyRuleList,2474,1237,26,46,0.9878738884397736,0.6052631578947368,0.874405842191686,0.4560319817682102,0.003396431915462017,0.0007582604885101318,,,,,
thyroid_discordant,7,1,23,30,Dummy,2474,1237,26,46,0.98464025869038,0.5,0.5,0.0,0.0003358852118253708,0.00019141845405101776,,,,,
thyroid_discordant,7,2,24,30,RFR,2474,1237,26,45,0.9830234438156831,0.49958915365653245,0.49958915365653245,-0.003646367805154967,0.004430409520864487,0.00021147821098566055,1,1,1.0,1,1.0
thyroid_discordant,7,2,24,30,GPR,2474,1237,26,45,0.9838318512530315,0.5,0.5,0.0,1.3013341911137104,0.00015869829803705215,2,2,1.0,2,1.0
thyroid_discordant,7,2,24,30,FIGS,2474,1237,26,45,0.9805982215036378,0.7196589975349219,0.8165160230073952,0.41921788299009816,0.21890804450958967,0.0018999874591827393,,,,,
thyroid_discordant,7,2,24,30,HSTree,2474,1237,26,45,0.98464025869038,0.7217132292522597,0.8073336072308956,0.48037181068565177,0.003329533152282238,0.00040255486965179443,,,,,
thyroid_discordant,7,2,24,30,GreedyRuleList,2474,1237,26,45,0.98464025869038,0.5495891536565325,0.7987674609695974,0.25430726758437067,0.002727709710597992,0.0007671508938074112,,,,,
thyroid_discordant,7,2,24,30,Dummy,2474,1237,26,45,0.9838318512530315,0.5,0.5,0.0,0.000350036658346653,0.00019661709666252136,,,,,
thyroid_discordant,8,0,25,30,RFR,2474,1237,26,45,0.9838318512530315,0.4995894909688013,0.4995894909688013,-0.0035525804452572695,0.004366650246083736,0.00022493768483400345,1,1,1.0,1,1.0
thyroid_discordant,8,0,25,30,GPR,2474,1237,26,45,0.98464025869038,0.5,0.5,0.0,1.263864447362721,0.0001489780843257904,2,2,1.0,2,1.0
thyroid_discordant,8,0,25,30,FIGS,2474,1237,26,45,0.9862570735650767,0.6562527007173105,0.7304900181488203,0.4291762606289678,0.22758106607943773,0.002575991675257683,,,,,
thyroid_discordant,8,0,25,30,HSTree,2474,1237,26,45,0.9886822958771221,0.7352000691383631,0.8348241292887392,0.5672904862651638,0.005038373172283173,0.00040379445999860764,,,,,
thyroid_discordant,8,0,25,30,GreedyRuleList,2474,1237,26,45,0.9878738884397736,0.6311684383372224,0.8250151240169388,0.4643603571943659,0.0030178753659129143,0.0007532108575105667,,,,,
thyroid_discordant,8,0,25,30,Dummy,2474,1237,26,45,0.98464025869038,0.5,0.5,0.0,0.00033868663012981415,0.00019331742078065872,,,,,
thyroid_discordant,8,1,26,30,RFR,2474,1237,26,46,0.98464025869038,0.5,0.5,0.0,0.004464749246835709,0.00021377857774496078,2,2,1.0,2,1.0
thyroid_discordant,8,1,26,30,GPR,2474,1237,26,46,0.98464025869038,0.5,0.5,0.0,1.6494729379191995,0.0001877984032034874,6,12,2.0,12,2.0
thyroid_discordant,8,1,26,30,FIGS,2474,1237,26,46,0.9878738884397736,0.6311684383372224,0.725239823697174,0.4643603571943659,0.24067336786538363,0.00256534107029438,,,,,
thyroid_discordant,8,1,26,30,HSTree,2474,1237,26,46,0.9878738884397736,0.6570737187797079,0.8736712470832253,0.4819622590065405,0.004168502986431122,0.00039906613528728485,,,,,
thyroid_discordant,8,1,26,30,GreedyRuleList,2474,1237,26,46,0.9878738884397736,0.6052631578947368,0.8209316394434363,0.4560319817682102,0.003379012458026409,0.000745091587305069,,,,,
thyroid_discordant,8,1,26,30,Dummy,2474,1237,26,46,0.98464025869038,0.5,0.5,0.0,0.00033539533615112305,0.00019378773868083954,,,,,
thyroid_discordant,8,2,27,30,RFR,2474,1237,26,46,0.9838318512530315,0.5,0.5,0.0,0.004867754876613617,0.00022851675748825073,2,2,1.0,2,1.0
thyroid_discordant,8,2,27,30,GPR,2474,1237,26,46,0.9838318512530315,0.5,0.5,0.0,1.656705698929727,0.00018203817307949066,6,12,2.0,12,2.0
thyroid_discordant,8,2,27,30,FIGS,2474,1237,26,46,0.98464025869038,0.7708915365653246,0.6973089564502876,0.52894349975304,0.21905665285885334,0.0013410747051239014,,,,,
thyroid_discordant,8,2,27,30,HSTree,2474,1237,26,46,0.9822150363783346,0.7450698438783895,0.8614215283483977,0.46771433125146084,0.004088574089109898,0.00039509497582912445,,,,,
thyroid_discordant,8,2,27,30,GreedyRuleList,2474,1237,26,46,0.9838318512530315,0.5983566146261299,0.8281224322103534,0.3095087418400469,0.0030279457569122314,0.000745631754398346,,,,,
thyroid_discordant,8,2,27,30,Dummy,2474,1237,26,46,0.9838318512530315,0.5,0.5,0.0,0.0003402857109904289,0.00019470788538455963,,,,,
thyroid_discordant,9,0,28,30,RFR,2474,1237,26,45,0.9838318512530315,0.4995894909688013,0.4995894909688013,-0.0035525804452572695,0.004469139501452446,0.00022340752184391022,1,1,1.0,1,1.0
thyroid_discordant,9,0,28,30,GPR,2474,1237,26,45,0.98464025869038,0.5,0.5,0.0,1.2710169330239296,0.00014918949455022812,2,2,1.0,2,1.0
thyroid_discordant,9,0,28,30,FIGS,2474,1237,26,45,0.9886822958771221,0.6833895082533921,0.73074928701063,0.5307432605542353,0.2283116402104497,0.0018740789964795113,,,,,
thyroid_discordant,9,0,28,30,HSTree,2474,1237,26,45,0.9886822958771221,0.6574842278109065,0.8801313628899836,0.5163758583287353,0.003376452252268791,0.0003908257931470871,,,,,
thyroid_discordant,9,0,28,30,GreedyRuleList,2474,1237,26,45,0.9878738884397736,0.6052631578947368,0.7731613516549996,0.4560319817682102,0.003311743028461933,0.0007491316646337509,,,,,
thyroid_discordant,9,0,28,30,Dummy,2474,1237,26,45,0.98464025869038,0.5,0.5,0.0,0.00033722538501024246,0.00019708741456270218,,,,,
thyroid_discordant,9,1,29,30,RFR,2474,1237,26,46,0.98464025869038,0.5,0.5,0.0,0.00456122774630785,0.00021724775433540344,2,2,1.0,2,1.0
thyroid_discordant,9,1,29,30,GPR,2474,1237,26,46,0.98464025869038,0.5,0.5,0.0,1.6801285594701767,0.00019141752272844315,6,12,2.0,12,2.0
thyroid_discordant,9,1,29,30,FIGS,2474,1237,26,46,0.9870654810024252,0.7343790510759658,0.8818166104917466,0.5267056770865354,0.2058014739304781,0.002302863635122776,,,,,
thyroid_discordant,9,1,29,30,HSTree,2474,1237,26,46,0.9878738884397736,0.76069484054965,0.9344049779621467,0.5674728041981505,0.004968523979187012,0.0004262058064341545,,,,,
thyroid_discordant,9,1,29,30,GreedyRuleList,2474,1237,26,46,0.9862570735650767,0.6303474202748249,0.8723749027741767,0.39995575083720203,0.0026896586641669273,0.0007446622475981712,,,,,
thyroid_discordant,9,1,29,30,Dummy,2474,1237,26,46,0.98464025869038,0.5,0.5,0.0,0.0003373464569449425,0.00019798800349235535,,,,,
thyroid_discordant,9,2,30,30,RFR,2474,1237,26,46,0.9838318512530315,0.5,0.5,0.0,0.004595938138663769,0.00023375637829303741,2,2,1.0,2,1.0
thyroid_discordant,9,2,30,30,GPR,2474,1237,26,46,0.9838318512530315,0.5,0.5,0.0,1.6650648824870586,0.00017785746604204178,6,12,2.0,12,2.0
thyroid_discordant,9,2,30,30,FIGS,2474,1237,26,46,0.9854486661277284,0.6729457682826623,0.5977608874281019,0.44508356215690187,0.21766315028071404,0.0014914432540535927,,,,,
thyroid_discordant,9,2,30,30,HSTree,2474,1237,26,46,0.9854486661277284,0.6729457682826623,0.8288003286770746,0.44508356215690187,0.004916343837976456,0.0004192255437374115,,,,,
thyroid_discordant,9,2,30,30,GreedyRuleList,2474,1237,26,46,0.9870654810024252,0.6,0.8300739523418241,0.44430249152356444,0.003320923075079918,0.0007535219192504883,,,,,
thyroid_discordant,9,2,30,30,Dummy,2474,1237,26,46,0.9838318512530315,0.5,0.5,0.0,0.0003381669521331787,0.0001944471150636673,,,,,
tour_travels_churn,0,0,1,30,RFR,636,318,6,12,0.7610062893081762,0.5440329218106996,0.557037037037037,0.1505405145824847,0.0032538333907723427,0.00013839825987815857,1,2,2.0,2,2.0
tour_travels_churn,0,0,1,30,GPR,636,318,6,12,0.7987421383647799,0.6609053497942388,0.6609053497942387,0.37840778967020594,0.7714918218553066,8.878950029611588e-05,3,9,3.0,11,3.6666666666666665
tour_travels_churn,0,0,1,30,FIGS,636,318,6,12,0.8647798742138365,0.7502057613168724,0.9262277091906721,0.5934150670933255,0.2260361658409238,0.0014846324920654297,,,,,
tour_travels_churn,0,0,1,30,HSTree,636,318,6,12,0.8742138364779874,0.7978600823045268,0.9330041152263374,0.6345059578853463,0.00154111348092556,0.0001777680590748787,,,,,
tour_travels_churn,0,0,1,30,GreedyRuleList,636,318,6,12,0.7767295597484277,0.7156378600823046,0.8210973936899864,0.41218820446836935,0.002265884540975094,0.00040758587419986725,,,,,
tour_travels_churn,0,0,1,30,Dummy,636,318,6,12,0.7641509433962265,0.5,0.5,0.0,0.00036504585295915604,0.00019529834389686584,,,,,
tour_travels_churn,0,1,2,30,RFR,636,318,6,12,0.7861635220125787,0.657283950617284,0.657283950617284,0.3530928751539238,0.002734408713877201,0.00011698901653289795,1,1,1.0,1,1.0
tour_travels_churn,0,1,2,30,GPR,636,318,6,12,0.8238993710691824,0.7465020576131687,0.7465020576131688,0.5025816895184867,0.7584012411534786,9.686872363090515e-05,3,11,3.6666666666666665,11,3.6666666666666665
tour_travels_churn,0,1,2,30,FIGS,636,318,6,12,0.8647798742138365,0.8009053497942387,0.9377503429355281,0.6166217122412105,0.22887362353503704,0.0018219593912363052,,,,,
tour_travels_churn,0,1,2,30,HSTree,636,318,6,12,0.9056603773584906,0.8322633744855967,0.9586008230452675,0.7257220986112228,0.0015648426488041878,0.0001862579956650734,,,,,
tour_travels_churn,0,1,2,30,GreedyRuleList,636,318,6,12,0.7704402515723271,0.7345679012345678,0.8216460905349794,0.43132831418252987,0.002213585190474987,0.00040057580918073654,,,,,
tour_travels_churn,0,1,2,30,Dummy,636,318,6,12,0.7641509433962265,0.5,0.5,0.0,0.000357835553586483,0.00019289832562208176,,,,,
tour_travels_churn,0,2,3,30,RFR,636,318,6,12,0.7987421383647799,0.6240584847142224,0.6240584847142224,0.339288088052358,0.0032285144552588463,0.0001265285536646843,1,2,2.0,2,2.0
tour_travels_churn,0,2,3,30,GPR,636,318,6,12,0.839622641509434,0.768387239698715,0.7683872396987151,0.5446593725849235,0.7624247670173645,8.819904178380966e-05,3,9,3.0,9,3.0
tour_travels_churn,0,2,3,30,FIGS,636,318,6,12,0.8710691823899371,0.8547851129818342,0.9137682764731944,0.6678722707620222,0.23282756004482508,0.0018482096493244171,,,,,
tour_travels_churn,0,2,3,30,HSTree,636,318,6,12,0.9025157232704403,0.8517390341160833,0.9512350465219318,0.721169110393499,0.0014508627355098724,0.0001870580017566681,,,,,
tour_travels_churn,0,2,3,30,GreedyRuleList,636,318,6,12,0.7735849056603774,0.7488923349579087,0.8240474080638015,0.45063542511151927,0.0021537858992815018,0.0004002554342150688,,,,,
tour_travels_churn,0,2,3,30,Dummy,636,318,6,12,0.7672955974842768,0.5,0.5,0.0,0.00031175557523965836,0.00019058771431446075,,,,,
tour_travels_churn,1,0,4,30,RFR,636,318,6,12,0.779874213836478,0.6255144032921811,0.6255144032921811,0.30575231184821083,0.0031642839312553406,0.00012780912220478058,1,2,2.0,2,2.0
tour_travels_churn,1,0,4,30,GPR,636,318,6,12,0.8113207547169812,0.7152263374485597,0.7152263374485597,0.4531502673125711,0.7680812822654843,9.075924754142761e-05,3,10,3.3333333333333335,11,3.6666666666666665
tour_travels_churn,1,0,4,30,FIGS,636,318,6,12,0.8522012578616353,0.7650205761316873,0.9032921810699589,0.5679727901952965,0.22302486933767796,0.0013688243925571442,,,,,
tour_travels_churn,1,0,4,30,HSTree,636,318,6,12,0.8836477987421384,0.7902057613168725,0.9193689986282578,0.6562524697414781,0.0015521831810474396,0.00019277725368738174,,,,,
tour_travels_churn,1,0,4,30,GreedyRuleList,636,318,6,12,0.7610062893081762,0.705349794238683,0.8040329218106995,0.3857664117569162,0.0022744033485651016,0.0004070363938808441,,,,,
tour_travels_churn,1,0,4,30,Dummy,636,318,6,12,0.7641509433962265,0.5,0.5,0.0,0.00035903602838516235,0.00019279774278402328,,,,,
tour_travels_churn,1,1,5,30,RFR,636,318,6,12,0.7987421383647799,0.6102057613168724,0.6102057613168724,0.3356909913861521,0.0030423253774642944,0.0001340080052614212,1,2,2.0,2,2.0
tour_travels_churn,1,1,5,30,GPR,636,318,6,12,0.8333333333333334,0.7296296296296296,0.7296296296296295,0.5048833150379536,0.7870947904884815,9.115878492593765e-05,3,11,3.6666666666666665,11,3.6666666666666665
tour_travels_churn,1,1,5,30,FIGS,636,318,6,12,0.9025157232704403,0.848641975308642,0.9473525377229082,0.721969709501658,0.22701034601777792,0.001528003253042698,,,,,
tour_travels_churn,1,1,5,30,HSTree,636,318,6,12,0.8962264150943396,0.8721810699588477,0.9486968449931412,0.7223623739104915,0.0015390720218420029,0.0001845378428697586,,,,,
tour_travels_churn,1,1,5,30,GreedyRuleList,636,318,6,12,0.7610062893081762,0.728395061728395,0.8125925925925925,0.416543076072044,0.0022210050374269485,0.00039601605385541916,,,,,
tour_travels_churn,1,1,5,30,Dummy,636,318,6,12,0.7641509433962265,0.5,0.5,0.0,0.00035885535180568695,0.0001954874023795128,,,,,
tour_travels_churn,1,2,6,30,RFR,636,318,6,12,0.7861635220125787,0.615861763402747,0.6158617634027471,0.3018631424692464,0.003307272680103779,0.00011911895126104355,1,2,2.0,2,2.0
tour_travels_churn,1,2,6,30,GPR,636,318,6,12,0.8113207547169812,0.7358218874612317,0.7358218874612318,0.47164377492246345,0.7570086997002363,9.282957762479782e-05,3,8,2.6666666666666665,9,3.0
tour_travels_churn,1,2,6,30,FIGS,636,318,6,12,0.8490566037735849,0.7321665928223304,0.9086176340274701,0.5389991712427404,0.21231673378497362,0.0014813430607318878,,,,,
tour_travels_churn,1,2,6,30,HSTree,636,318,6,12,0.8679245283018868,0.824490474080638,0.9543642002658397,0.6373673295229842,0.0015609031543135643,0.000192948617041111,,,,,
tour_travels_churn,1,2,6,30,GreedyRuleList,636,318,6,12,0.7672955974842768,0.5,0.845120735489588,0.0,0.0022526541724801064,0.0003987867385149002,,,,,
tour_travels_churn,1,2,6,30,Dummy,636,318,6,12,0.7672955974842768,0.5,0.5,0.0,0.0003615058958530426,0.00019336864352226257,,,,,
tour_travels_churn,2,0,7,30,RFR,636,318,6,12,0.7861635220125787,0.6250205761316873,0.6250205761316872,0.31674768334981607,0.0031164847314357758,0.0001395680010318756,1,2,2.0,2,2.0
tour_travels_churn,2,0,7,30,GPR,636,318,6,12,0.8081761006289309,0.6993415637860082,0.6993415637860083,0.4325896723321252,0.768971536308527,9.437929838895798e-05,3,11,3.6666666666666665,12,4.0
tour_travels_churn,2,0,7,30,FIGS,636,318,6,12,0.8270440251572327,0.7070781893004114,0.9171193415637859,0.4753961200028368,0.23254745453596115,0.0016248207539319992,,,,,
tour_travels_churn,2,0,7,30,HSTree,636,318,6,12,0.8553459119496856,0.748641975308642,0.9402194787379973,0.5664705542999467,0.0015315813943743706,0.00018425751477479935,,,,,
tour_travels_churn,2,0,7,30,GreedyRuleList,636,318,6,12,0.7672955974842768,0.7186831275720165,0.8121810699588478,0.4081749115405541,0.002204485237598419,0.00039412546902894974,,,,,
tour_travels_churn,2,0,7,30,Dummy,636,318,6,12,0.7641509433962265,0.5,0.5,0.0,0.0003611072897911072,0.00019339751452207565,,,,,
tour_travels_churn,2,1,8,30,RFR,636,318,6,12,0.7987421383647799,0.6332510288065843,0.6332510288065845,0.35284203077995757,0.0037028873339295387,0.0001214984804391861,1,2,2.0,2,2.0
tour_travels_churn,2,1,8,30,GPR,636,318,6,12,0.8238993710691824,0.7649382716049382,0.7649382716049382,0.5205901741586436,0.7603691043332219,9.684916585683823e-05,3,10,3.3333333333333335,11,3.6666666666666665
tour_travels_churn,2,1,8,30,FIGS,636,318,6,12,0.8867924528301887,0.7968724279835391,0.942962962962963,0.6664604922450043,0.22015030402690172,0.0012589460238814354,,,,,
tour_travels_churn,2,1,8,30,HSTree,636,318,6,12,0.889937106918239,0.8081481481481481,0.9609327846364883,0.6775208356638345,0.0015449430793523788,0.00018964800983667374,,,,,
tour_travels_churn,2,1,8,30,GreedyRuleList,636,318,6,12,0.7641509433962265,0.5,0.8606858710562414,0.0,0.0021934546530246735,0.00039444584399461746,,,,,
tour_travels_churn,2,1,8,30,Dummy,636,318,6,12,0.7641509433962265,0.5,0.5,0.0,0.0003602355718612671,0.0001921970397233963,,,,,
tour_travels_churn,2,2,9,30,RFR,636,318,6,12,0.7578616352201258,0.5832964111652637,0.6800232609658838,0.210056074889695,0.0029104966670274734,0.00013064872473478317,1,2,2.0,2,2.0
tour_travels_churn,2,2,9,30,GPR,636,318,6,12,0.8050314465408805,0.7034780682321666,0.7034780682321666,0.42889553918721274,0.7603126550093293,8.864887058734894e-05,3,9,3.0,10,3.3333333333333335
tour_travels_churn,2,2,9,30,FIGS,636,318,6,12,0.8867924528301887,0.8179552503322995,0.9164820558263181,0.6701930567430018,0.22452172450721264,0.0009636888280510902,,,,,
tour_travels_churn,2,2,9,30,HSTree,636,318,6,12,0.8616352201257862,0.8250996898537882,0.8996455471865309,0.6280502548861963,0.0015093730762600899,0.00018529873341321945,,,,,
tour_travels_churn,2,2,9,30,GreedyRuleList,636,318,6,12,0.7452830188679245,0.6692512184315462,0.7895713336287107,0.32321026787314905,0.002179134637117386,0.00039862655103206635,,,,,
tour_travels_churn,2,2,9,30,Dummy,636,318,6,12,0.7672955974842768,0.5,0.5,0.0,0.0003561452031135559,0.00019575748592615128,,,,,
tour_travels_churn,3,0,10,30,RFR,636,318,6,12,0.7735849056603774,0.6121810699588477,0.7290809327846364,0.2785369189756138,0.0027290591970086098,0.00012123957276344299,1,2,2.0,2,2.0
tour_travels_churn,3,0,10,30,GPR,636,318,6,12,0.8270440251572327,0.7116872427983539,0.7116872427983539,0.478695789045684,0.769647260196507,9.014923125505447e-05,3,11,3.6666666666666665,11,3.6666666666666665
tour_travels_churn,3,0,10,30,FIGS,636,318,6,12,0.8805031446540881,0.8019753086419753,0.9453223593964334,0.6511839965297892,0.23629495222121477,0.0019009485840797424,,,,,
tour_travels_churn,3,0,10,30,HSTree,636,318,6,12,0.9056603773584906,0.8092181069958848,0.9649382716049383,0.7272010566705697,0.0015430133789777756,0.00018338952213525772,,,,,
tour_travels_churn,3,0,10,30,GreedyRuleList,636,318,6,12,0.779874213836478,0.7269135802469135,0.8449382716049383,0.42915236266101375,0.0022560348734259605,0.000408894382417202,,,,,
tour_travels_churn,3,0,10,30,Dummy,636,318,6,12,0.7641509433962265,0.5,0.5,0.0,0.00037080515176057816,0.0001948568969964981,,,,,
tour_travels_churn,3,1,11,30,RFR,636,318,6,12,0.7767295597484277,0.6234567901234568,0.6234567901234568,0.29799939160506317,0.0030047157779335976,0.00013272836804389954,1,2,2.0,2,2.0
tour_travels_churn,3,1,11,30,GPR,636,318,6,12,0.8050314465408805,0.7065020576131688,0.7065020576131688,0.4347816522704554,0.7697280896827579,8.842907845973969e-05,3,10,3.3333333333333335,11,3.6666666666666665
tour_travels_churn,3,1,11,30,FIGS,636,318,6,12,0.8647798742138365,0.7594238683127572,0.8975034293552812,0.5955677942165905,0.20348393265157938,0.0015049129724502563,,,,,
tour_travels_churn,3,1,11,30,HSTree,636,318,6,12,0.8647798742138365,0.7916872427983539,0.9173113854595336,0.6106733410467002,0.0015418827533721924,0.00018227752298116684,,,,,
tour_travels_churn,3,1,11,30,GreedyRuleList,636,318,6,12,0.7547169811320755,0.7196707818930042,0.8000548696844993,0.40063188109415687,0.0022299354895949364,0.0003922758623957634,,,,,
tour_travels_churn,3,1,11,30,Dummy,636,318,6,12,0.7641509433962265,0.5,0.5,0.0,0.0003641461953520775,0.00019330810755491257,,,,,
tour_travels_churn,3,2,12,30,RFR,636,318,6,12,0.7830188679245284,0.5855671245015508,0.5855671245015507,0.25942948278494843,0.0032393941655755043,0.00011888984590768814,1,2,2.0,2,2.0
tour_travels_churn,3,2,12,30,GPR,636,318,6,12,0.8238993710691824,0.7581413380593709,0.7581413380593708,0.511545002753681,0.757873585447669,9.074900299310684e-05,3,9,3.0,10,3.3333333333333335
tour_travels_churn,3,2,12,30,FIGS,636,318,6,12,0.8742138364779874,0.809758529020824,0.9273371732388126,0.6384686556060559,0.2095673643052578,0.0014464128762483597,,,,,
tour_travels_churn,3,2,12,30,HSTree,636,318,6,12,0.8930817610062893,0.8879596809924679,0.9532842268498005,0.7278446331533831,0.0015431633219122887,0.00018876884132623672,,,,,
tour_travels_churn,3,2,12,30,GreedyRuleList,636,318,6,12,0.7861635220125787,0.7523814798404962,0.8254873726185201,0.4646074264817083,0.002242704853415489,0.0003974251449108124,,,,,
tour_travels_churn,3,2,12,30,Dummy,636,318,6,12,0.7672955974842768,0.5,0.5,0.0,0.00035305600613355637,0.00019372720271348953,,,,,
tour_travels_churn,4,0,13,30,RFR,636,318,6,12,0.7924528301886793,0.6014814814814815,0.6014814814814815,0.3091164991629018,0.0028906380757689476,0.0001474078744649887,1,2,2.0,2,2.0
tour_travels_churn,4,0,13,30,GPR,636,318,6,12,0.8207547169811321,0.7213991769547325,0.7213991769547324,0.474486585597934,0.7839090824127197,9.526871144771576e-05,3,12,4.0,14,4.666666666666667
tour_travels_churn,4,0,13,30,FIGS,636,318,6,12,0.8742138364779874,0.7748148148148148,0.9451028806584363,0.6260990336999411,0.23621999472379684,0.0018841587007045746,,,,,
tour_travels_churn,4,0,13,30,HSTree,636,318,6,12,0.8553459119496856,0.7809053497942386,0.9053223593964335,0.5848567578406819,0.0015613418072462082,0.0001863185316324234,,,,,
tour_travels_churn,4,0,13,30,GreedyRuleList,636,318,6,12,0.7861635220125787,0.7310288065843622,0.8345953360768175,0.44001175874933,0.0022267354652285576,0.00041613541543483734,,,,,
tour_travels_churn,4,0,13,30,Dummy,636,318,6,12,0.7641509433962265,0.5,0.5,0.0,0.00037086568772792816,0.00019491836428642273,,,,,
tour_travels_churn,4,1,14,30,RFR,636,318,6,12,0.7830188679245284,0.6091358024691358,0.6091358024691358,0.29245241078392537,0.0032051540911197662,0.00011887960135936737,1,2,2.0,2,2.0
tour_travels_churn,4,1,14,30,GPR,636,318,6,12,0.8301886792452831,0.699917695473251,0.699917695473251,0.4782791256416975,0.7632129462435842,9.029917418956757e-05,3,12,4.0,12,4.0
tour_travels_churn,4,1,14,30,FIGS,636,318,6,12,0.8553459119496856,0.7809053497942386,0.9078189300411523,0.5848567578406819,0.21972837019711733,0.0012331260368227959,,,,,
tour_travels_churn,4,1,14,30,HSTree,636,318,6,12,0.8616352201257862,0.757366255144033,0.93440329218107,0.5863467140999449,0.0015162015333771706,0.00018417742103338242,,,,,
tour_travels_churn,4,1,14,30,GreedyRuleList,636,318,6,12,0.7735849056603774,0.7642798353909466,0.8252400548696845,0.47276073564364646,0.0022033043205738068,0.0003924565389752388,,,,,
tour_travels_churn,4,1,14,30,Dummy,636,318,6,12,0.7641509433962265,0.5,0.5,0.0,0.00035841669887304306,0.00019185803830623627,,,,,
tour_travels_churn,4,2,15,30,RFR,636,318,6,12,0.7704402515723271,0.6009082853345149,0.6009082853345148,0.2544695268942981,0.0032519428059458733,0.0001296577975153923,1,2,2.0,2,2.0
tour_travels_churn,4,2,15,30,GPR,636,318,6,12,0.8144654088050315,0.7143331856446611,0.714333185644661,0.45445388737168535,0.7624857360497117,8.898880332708359e-05,3,7,2.3333333333333335,8,2.6666666666666665
tour_travels_churn,4,2,15,30,FIGS,636,318,6,12,0.8805031446540881,0.8656402303943287,0.9569395214887018,0.6907000517409653,0.21676738280802965,0.001571022905409336,,,,,
tour_travels_churn,4,2,15,30,HSTree,636,318,6,12,0.8742138364779874,0.8521267168808153,0.9510135135135135,0.6699563813507824,0.0015356121584773064,0.00019469857215881348,,,,,
tour_travels_churn,4,2,15,30,GreedyRuleList,636,318,6,12,0.7610062893081762,0.7030350022153301,0.8105062029242358,0.38091055319633155,0.0022287145256996155,0.00040332507342100143,,,,,
tour_travels_churn,4,2,15,30,Dummy,636,318,6,12,0.7672955974842768,0.5,0.5,0.0,0.0003690561279654503,0.00019579753279685974,,,,,
tour_travels_churn,5,0,16,30,RFR,636,318,6,12,0.8081761006289309,0.6209876543209877,0.6209876543209877,0.37490973819065904,0.003279922530055046,0.00011958740651607513,1,2,2.0,2,2.0
tour_travels_churn,5,0,16,30,GPR,636,318,6,12,0.8427672955974843,0.7081481481481481,0.7081481481481482,0.516815750615794,0.7727196607738733,9.647943079471588e-05,3,14,4.666666666666667,17,5.666666666666667
tour_travels_churn,5,0,16,30,FIGS,636,318,6,12,0.8679245283018868,0.7522633744855967,0.9265020576131688,0.6035098888809398,0.20222037937492132,0.0011090468615293503,,,,,
tour_travels_churn,5,0,16,30,HSTree,636,318,6,12,0.8679245283018868,0.756872427983539,0.9610425240054871,0.6040975506704412,0.0014870138838887215,0.00019127782434225082,,,,,
tour_travels_churn,5,0,16,30,GreedyRuleList,636,318,6,12,0.7641509433962265,0.5,0.8434293552812071,0.0,0.00218366552144289,0.000417185015976429,,,,,
tour_travels_churn,5,0,16,30,Dummy,636,318,6,12,0.7641509433962265,0.5,0.5,0.0,0.00032687652856111526,0.00019541755318641663,,,,,
tour_travels_churn,5,1,17,30,RFR,636,318,6,12,0.7610062893081762,0.608559670781893,0.6085596707818931,0.25530428367007757,0.0032264534384012222,0.00012810807675123215,1,1,1.0,1,1.0
tour_travels_churn,5,1,17,30,GPR,636,318,6,12,0.7861635220125787,0.6941563786008231,0.694156378600823,0.39585649601806683,0.7674919413402677,9.06987115740776e-05,3,9,3.0,11,3.6666666666666665
tour_travels_churn,5,1,17,30,FIGS,636,318,6,12,0.8647798742138365,0.7502057613168724,0.9188477366255143,0.5934150670933255,0.22828785330057144,0.001482493244111538,,,,,
tour_travels_churn,5,1,17,30,HSTree,636,318,6,12,0.8773584905660378,0.8460082304526748,0.9477091906721536,0.6715637814948489,0.0014630435034632683,0.00019685644656419754,,,,,
tour_travels_churn,5,1,17,30,GreedyRuleList,636,318,6,12,0.7358490566037735,0.6842798353909465,0.7799176954732511,0.3398283257403781,0.0021455157548189163,0.000394405797123909,,,,,
tour_travels_churn,5,1,17,30,Dummy,636,318,6,12,0.7641509433962265,0.5,0.5,0.0,0.0003286357969045639,0.00019380822777748108,,,,,
tour_travels_churn,5,2,18,30,RFR,636,318,6,12,0.7767295597484277,0.6238369517058042,0.7400033229951262,0.29488823592232727,0.0033166613429784775,0.00012026820331811905,1,2,2.0,2,2.0
tour_travels_churn,5,2,18,30,GPR,636,318,6,12,0.8238993710691824,0.7487261852015951,0.7487261852015951,0.5022598653978064,0.7596836686134338,9.052921086549759e-05,3,10,3.3333333333333335,11,3.6666666666666665
tour_travels_churn,5,2,18,30,FIGS,636,318,6,12,0.8522012578616353,0.7342157731501994,0.8976517501107666,0.5482551599403713,0.20955989602953196,0.0015708813443779945,,,,,
tour_travels_churn,5,2,18,30,HSTree,636,318,6,12,0.8522012578616353,0.8142445724412937,0.9187527691626052,0.6046938849493475,0.0015491126105189323,0.00018432922661304474,,,,,
tour_travels_churn,5,2,18,30,GreedyRuleList,636,318,6,12,0.7830188679245284,0.7362095702259637,0.8299734160389898,0.44167684652394257,0.0022235149517655373,0.00041007623076438904,,,,,
tour_travels_churn,5,2,18,30,Dummy,636,318,6,12,0.7672955974842768,0.5,0.5,0.0,0.0003550257533788681,0.00019774679094552994,,,,,
tour_travels_churn,6,0,19,30,RFR,636,318,6,12,0.7735849056603774,0.5891358024691358,0.5891358024691358,0.248162721316887,0.0032026441767811775,0.0001290980726480484,1,2,2.0,2,2.0
tour_travels_churn,6,0,19,30,GPR,636,318,6,12,0.7987421383647799,0.6977777777777778,0.6977777777777778,0.4164130372283397,0.7591960960999131,9.051896631717682e-05,3,8,2.6666666666666665,9,3.0
tour_travels_churn,6,0,19,30,FIGS,636,318,6,12,0.8930817610062893,0.8562962962962963,0.9446090534979423,0.7061893897688682,0.23468709271401167,0.0018616588786244392,,,,,
tour_travels_churn,6,0,19,30,HSTree,636,318,6,12,0.9025157232704403,0.8624691358024691,0.9652674897119342,0.7283229975876394,0.0015402426943182945,0.00019039679318666458,,,,,
tour_travels_churn,6,0,19,30,GreedyRuleList,636,318,6,12,0.7515723270440252,0.7083950617283951,0.7933333333333333,0.3832011549158476,0.002270863391458988,0.0004018554463982582,,,,,
tour_travels_churn,6,0,19,30,Dummy,636,318,6,12,0.7641509433962265,0.5,0.5,0.0,0.0003538653254508972,0.00019141752272844315,,,,,
tour_travels_churn,6,1,20,30,RFR,636,318,6,12,0.7861635220125787,0.6388477366255144,0.7662825788751715,0.3321765685292481,0.0032308343797922134,0.00012483913451433182,1,2,2.0,2,2.0
tour_travels_churn,6,1,20,30,GPR,636,318,6,12,0.8270440251572327,0.7024691358024691,0.7024691358024692,0.47224807265114355,0.7675459114834666,9.222980588674545e-05,3,9,3.0,11,3.6666666666666665
tour_travels_churn,6,1,20,30,FIGS,636,318,6,12,0.8207547169811321,0.6799176954732511,0.9111659807956105,0.4424212965810723,0.22287528589367867,0.001750890165567398,,,,,
tour_travels_churn,6,1,20,30,HSTree,636,318,6,12,0.8459119496855346,0.6917695473251029,0.914869684499314,0.5269201159336117,0.0015253936871886253,0.00018972903490066528,,,,,
tour_travels_churn,6,1,20,30,GreedyRuleList,636,318,6,12,0.7735849056603774,0.7550617283950617,0.8270507544581618,0.4604946735980254,0.0022195344790816307,0.0003900853917002678,,,,,
tour_travels_churn,6,1,20,30,Dummy,636,318,6,12,0.7641509433962265,0.5,0.5,0.0,0.000356295146048069,0.00019202753901481628,,,,,
tour_travels_churn,6,2,21,30,RFR,636,318,6,12,0.7767295597484277,0.6144217988480284,0.6144217988480283,0.28278017903633723,0.002844397909939289,0.0001296689733862877,1,2,2.0,2,2.0
tour_travels_churn,6,2,21,30,GPR,636,318,6,12,0.8081761006289309,0.7055272485600355,0.7055272485600355,0.43578252610757734,0.7665399545803666,8.856784552335739e-05,3,9,3.0,9,3.0
tour_travels_churn,6,2,21,30,FIGS,636,318,6,12,0.8459119496855346,0.7866083296411166,0.8959071776694727,0.5705527569657938,0.21515177376568317,0.001451612450182438,,,,,
tour_travels_churn,6,2,21,30,HSTree,636,318,6,12,0.8742138364779874,0.8380039875941515,0.9356723526805494,0.6583079814035709,0.0014567840844392776,0.00019106734544038773,,,,,
tour_travels_churn,6,2,21,30,GreedyRuleList,636,318,6,12,0.7672955974842768,0.5,0.8399977846699158,0.0,0.0021286364644765854,0.0004120646044611931,,,,,
tour_travels_churn,6,2,21,30,Dummy,636,318,6,12,0.7672955974842768,0.5,0.5,0.0,0.0003172876313328743,0.00019439775496721268,,,,,
tour_travels_churn,7,0,22,30,RFR,636,318,6,12,0.7861635220125787,0.6019753086419753,0.6019753086419753,0.2919019507329164,0.0032397443428635597,0.0001258375123143196,1,2,2.0,2,2.0
tour_travels_churn,7,0,22,30,GPR,636,318,6,12,0.8207547169811321,0.7444444444444445,0.7444444444444445,0.4959182990670878,0.765855273231864,9.795837104320526e-05,3,10,3.3333333333333335,11,3.6666666666666665
tour_travels_churn,7,0,22,30,FIGS,636,318,6,12,0.8490566037735849,0.7860082304526749,0.9150617283950617,0.5774279780955531,0.2181186694651842,0.0010517174378037453,,,,,
tour_travels_churn,7,0,22,30,HSTree,636,318,6,12,0.889937106918239,0.877283950617284,0.9435665294924555,0.7160227827271124,0.0015277424827218056,0.00018012803047895432,,,,,
tour_travels_churn,7,0,22,30,GreedyRuleList,636,318,6,12,0.7610062893081762,0.7191769547325103,0.8074074074074074,0.40418170229862743,0.002191404812037945,0.000407954677939415,,,,,
tour_travels_churn,7,0,22,30,Dummy,636,318,6,12,0.7641509433962265,0.5,0.5,0.0,0.00034877657890319824,0.0002045072615146637,,,,,
tour_travels_churn,7,1,23,30,RFR,636,318,6,12,0.8018867924528302,0.6260905349794239,0.6260905349794239,0.35586743314746194,0.00293639674782753,0.00013749860227108002,1,2,2.0,2,2.0
tour_travels_churn,7,1,23,30,GPR,636,318,6,12,0.8490566037735849,0.7813991769547325,0.7813991769547325,0.5737318185187666,0.7708730874583125,9.000860154628754e-05,3,10,3.3333333333333335,11,3.6666666666666665
tour_travels_churn,7,1,23,30,FIGS,636,318,6,12,0.8773584905660378,0.7630452674897119,0.9320164609053498,0.6349373703798545,0.22292667534202337,0.0015536127611994743,,,,,
tour_travels_churn,7,1,23,30,HSTree,636,318,6,12,0.8805031446540881,0.7973662551440329,0.9423045267489712,0.6495006049745723,0.0015528630465269089,0.0001843273639678955,,,,,
tour_travels_churn,7,1,23,30,GreedyRuleList,636,318,6,12,0.7641509433962265,0.5,0.8390123456790123,0.0,0.0018992191180586815,0.0003605559468269348,,,,,
tour_travels_churn,7,1,23,30,Dummy,636,318,6,12,0.7641509433962265,0.5,0.5,0.0,0.00035926513373851776,0.0001930268481373787,,,,,
tour_travels_churn,7,2,24,30,RFR,636,318,6,12,0.779874213836478,0.6211785556047851,0.6211785556047852,0.2965957479664339,0.003246292471885681,0.00012707896530628204,1,1,1.0,1,1.0
tour_travels_churn,7,2,24,30,GPR,636,318,6,12,0.8081761006289309,0.6772817899867081,0.6772817899867081,0.4082857082702256,0.7643295722082257,9.723939001560211e-05,3,11,3.6666666666666665,11,3.6666666666666665
tour_travels_churn,7,2,24,30,FIGS,636,318,6,12,0.8553459119496856,0.7080194949047408,0.913823659725299,0.5548415824222206,0.22506653144955635,0.0018483689054846764,,,,,
tour_travels_churn,7,2,24,30,HSTree,636,318,6,12,0.8930817610062893,0.8502990695613646,0.937804607886575,0.7005981391227293,0.001466323621571064,0.000181637704372406,,,,,
tour_travels_churn,7,2,24,30,GreedyRuleList,636,318,6,12,0.7515723270440252,0.6921798848028355,0.8011741249446167,0.35934786809802594,0.002167896367609501,0.00040597468614578247,,,,,
tour_travels_churn,7,2,24,30,Dummy,636,318,6,12,0.7672955974842768,0.5,0.5,0.0,0.0003199363127350807,0.00019834749400615692,,,,,
tour_travels_churn,8,0,25,30,RFR,636,318,6,12,0.789308176100629,0.6316872427983539,0.6316872427983539,0.3302389407853943,0.002880057319998741,0.00013026874512434006,1,2,2.0,2,2.0
tour_travels_churn,8,0,25,30,GPR,636,318,6,12,0.8270440251572327,0.7347325102880659,0.7347325102880659,0.4970844322927856,0.7723256014287472,9.890925139188766e-05,3,10,3.3333333333333335,11,3.6666666666666665
tour_travels_churn,8,0,25,30,FIGS,636,318,6,12,0.8710691823899371,0.7958024691358024,0.9312482853223594,0.6264100454629282,0.21446665097028017,0.0012757256627082825,,,,,
tour_travels_churn,8,0,25,30,HSTree,636,318,6,12,0.8616352201257862,0.8311111111111111,0.947270233196159,0.6352579304681454,0.0015423530712723732,0.00018593855202198029,,,,,
tour_travels_churn,8,0,25,30,GreedyRuleList,636,318,6,12,0.7735849056603774,0.7227983539094651,0.8205761316872429,0.41854496057153195,0.0022384347394108772,0.0004122145473957062,,,,,
tour_travels_churn,8,0,25,30,Dummy,636,318,6,12,0.7641509433962265,0.5,0.5,0.0,0.00036479532718658447,0.00019354838877916336,,,,,
tour_travels_churn,8,1,26,30,RFR,636,318,6,12,0.7672955974842768,0.5850205761316872,0.5850205761316872,0.23065377548569393,0.003352072089910507,0.00011870916932821274,1,2,2.0,2,2.0
tour_travels_churn,8,1,26,30,GPR,636,318,6,12,0.8207547169811321,0.7674897119341564,0.7674897119341562,0.5191680042479208,0.7699203118681908,8.985865861177444e-05,3,10,3.3333333333333335,11,3.6666666666666665
tour_travels_churn,8,1,26,30,FIGS,636,318,6,12,0.8270440251572327,0.688641975308642,0.8858161865569272,0.4638744793064125,0.21846292819827795,0.0012565162032842636,,,,,
tour_travels_churn,8,1,26,30,HSTree,636,318,6,12,0.8553459119496856,0.7901234567901234,0.9269684499314129,0.5915193507688367,0.00148091372102499,0.00018065795302391052,,,,,
tour_travels_churn,8,1,26,30,GreedyRuleList,636,318,6,12,0.7735849056603774,0.7550617283950617,0.824883401920439,0.4604946735980254,0.002167685888707638,0.0003933757543563843,,,,,
tour_travels_churn,8,1,26,30,Dummy,636,318,6,12,0.7641509433962265,0.5,0.5,0.0,0.0003362465649843216,0.00019407831132411957,,,,,
tour_travels_churn,8,2,27,30,RFR,636,318,6,12,0.7735849056603774,0.6170801949490474,0.6170801949490474,0.2812942389886414,0.0030444562435150146,0.00013446900993585587,1,1,1.0,1,1.0
tour_travels_churn,8,2,27,30,GPR,636,318,6,12,0.8270440251572327,0.7131147540983607,0.7131147540983607,0.4762062236513836,0.7613959368318319,0.0001001385971903801,3,11,3.6666666666666665,11,3.6666666666666665
tour_travels_churn,8,2,27,30,FIGS,636,318,6,12,0.8742138364779874,0.7485600354452813,0.9411276030128489,0.6204301361614285,0.21228707674890757,0.0014071939513087273,,,,,
tour_travels_churn,8,2,27,30,HSTree,636,318,6,12,0.8962264150943396,0.7958573327425786,0.9323493575542756,0.6925464801138481,0.0015553031116724014,0.00018735788762569427,,,,,
tour_travels_churn,8,2,27,30,GreedyRuleList,636,318,6,12,0.7735849056603774,0.7206468763845812,0.8131645990252547,0.41395189414462213,0.002192695625126362,0.00041163433343172073,,,,,
tour_travels_churn,8,2,27,30,Dummy,636,318,6,12,0.7672955974842768,0.5,0.5,0.0,0.00035660620778799057,0.00019336771219968796,,,,,
tour_travels_churn,9,0,28,30,RFR,636,318,6,12,0.7955974842767296,0.6035390946502057,0.6035390946502058,0.32084112288697214,0.0032402928918600082,0.00011847913265228271,1,2,2.0,2,2.0
tour_travels_churn,9,0,28,30,GPR,636,318,6,12,0.8050314465408805,0.614320987654321,0.614320987654321,0.36064998415803273,0.7583090625703335,9.121932089328766e-05,3,10,3.3333333333333335,11,3.6666666666666665
tour_travels_churn,9,0,28,30,FIGS,636,318,6,12,0.8647798742138365,0.7548148148148148,0.9398902606310013,0.5943414767999758,0.22145871445536613,0.0012715356424450874,,,,,
tour_travels_churn,9,0,28,30,HSTree,636,318,6,12,0.89937106918239,0.8097119341563785,0.9660356652949246,0.7056036728999336,0.0014541642740368843,0.00017690937966108322,,,,,
tour_travels_churn,9,0,28,30,GreedyRuleList,636,318,6,12,0.7641509433962265,0.5,0.8514677640603566,0.0,0.002171644940972328,0.000403466634452343,,,,,
tour_travels_churn,9,0,28,30,Dummy,636,318,6,12,0.7641509433962265,0.5,0.5,0.0,0.0003250259906053543,0.00019242800772190094,,,,,
tour_travels_churn,9,1,29,30,RFR,636,318,6,12,0.7421383647798742,0.6008230452674898,0.6008230452674896,0.22318545767797043,0.0029201675206422806,0.00014029815793037415,1,1,1.0,1,1.0
tour_travels_churn,9,1,29,30,GPR,636,318,6,12,0.7704402515723271,0.6608230452674897,0.6608230452674897,0.33669743465159485,0.758914646692574,9.088870137929916e-05,3,9,3.0,10,3.3333333333333335
tour_travels_churn,9,1,29,30,FIGS,636,318,6,12,0.8553459119496856,0.8039506172839506,0.8920713305898491,0.602438765630961,0.20829842146486044,0.001768459565937519,,,,,
tour_travels_churn,9,1,29,30,HSTree,636,318,6,12,0.8805031446540881,0.8158024691358025,0.9226886145404664,0.6575140286653081,0.001536121591925621,0.00017272774130105972,,,,,
tour_travels_churn,9,1,29,30,GreedyRuleList,636,318,6,12,0.7452830188679245,0.7042798353909465,0.7876543209876543,0.37356055897552803,0.002249164506793022,0.0003921268507838249,,,,,
tour_travels_churn,9,1,29,30,Dummy,636,318,6,12,0.7641509433962265,0.5,0.5,0.0,0.0003562960773706436,0.0001974077895283699,,,,,
tour_travels_churn,9,2,30,30,RFR,636,318,6,12,0.7735849056603774,0.6264953478068233,0.7620458573327425,0.2936722583774855,0.0030283350497484207,0.0001224186271429062,1,2,2.0,2,2.0
tour_travels_churn,9,2,30,30,GPR,636,318,6,12,0.8081761006289309,0.6914045192733718,0.6914045192733718,0.4217307564979645,0.7592958025634289,9.131897240877151e-05,3,11,3.6666666666666665,12,4.0
tour_travels_churn,9,2,30,30,FIGS,636,318,6,12,0.8710691823899371,0.8077093486929552,0.9365861763402746,0.6308952255308267,0.21604589466005564,0.0010296888649463654,,,,,
tour_travels_churn,9,2,30,30,HSTree,636,318,6,12,0.8427672955974843,0.671577315019938,0.9297740363314133,0.5117084886009705,0.0015642717480659485,0.00017852894961833954,,,,,
tour_travels_churn,9,2,30,30,GreedyRuleList,636,318,6,12,0.7735849056603774,0.7441847585290209,0.8208905626938414,0.4444583551052172,0.002246013842523098,0.00039725564420223236,,,,,
tour_travels_churn,9,2,30,30,Dummy,636,318,6,12,0.7672955974842768,0.5,0.5,0.0,0.00035794544965028763,0.00019525736570358276,,,,,
