dataset_id,dataset_name,fold,estimator,n_train,n_test,n_original_features,n_transformed_features,accuracy,f1,auroc,fit_time,predict_time
14,Breast Cancer,1,RandomFuzzyRules__max_rules_len__2,257,29,9,38,0.7931034482758621,0.5,0.7232142857142856,0.03530880001198966,0.00021540001034736633
14,Breast Cancer,1,RandomFuzzyRules__max_rules_len__3,257,29,9,38,0.7586206896551724,0.36363636363636365,0.6607142857142857,0.03171219999785535,0.00020729999232571572
14,Breast Cancer,1,RandomFuzzyRules__max_rules_len__4,257,29,9,38,0.7586206896551724,0.36363636363636365,0.6607142857142857,0.03652629999851342,0.00025599999935366213
14,Breast Cancer,1,RandomFuzzyRules__max_rules_len__5,257,29,9,38,0.7586206896551724,0.36363636363636365,0.6607142857142857,0.04010139999445528,0.00027019999106414616
14,Breast Cancer,1,RandomFuzzyRules__max_rules_len__6,257,29,9,38,0.7586206896551724,0.36363636363636365,0.6607142857142857,0.041998100001364946,0.00027119999867863953
14,Breast Cancer,1,RandomFuzzyRules__max_rules_len__7,257,29,9,38,0.7586206896551724,0.36363636363636365,0.6607142857142857,0.044843700001365505,0.00026980000257026404
14,Breast Cancer,2,RandomFuzzyRules__max_rules_len__2,257,29,9,39,0.6896551724137931,0.0,0.48055555555555557,0.035063800009083934,0.0002747999969869852
14,Breast Cancer,2,RandomFuzzyRules__max_rules_len__3,257,29,9,39,0.7241379310344828,0.2,0.5555555555555556,0.03636680000636261,0.0002691000117920339
14,Breast Cancer,2,RandomFuzzyRules__max_rules_len__4,257,29,9,39,0.6896551724137931,0.0,0.48055555555555557,0.038811200007330626,0.00029599999834317714
14,Breast Cancer,2,RandomFuzzyRules__max_rules_len__5,257,29,9,39,0.6896551724137931,0.0,0.5055555555555555,0.04016160000173841,0.00029999999969732016
14,Breast Cancer,2,RandomFuzzyRules__max_rules_len__6,257,29,9,39,0.6896551724137931,0.0,0.5055555555555555,0.042295999999623746,0.00027459999546408653
14,Breast Cancer,2,RandomFuzzyRules__max_rules_len__7,257,29,9,39,0.6896551724137931,0.0,0.5055555555555555,0.04516209999565035,0.000299000006634742
14,Breast Cancer,3,RandomFuzzyRules__max_rules_len__2,257,29,9,39,0.7931034482758621,0.5714285714285714,0.7333333333333333,0.035425299996859394,0.0002773000014713034
14,Breast Cancer,3,RandomFuzzyRules__max_rules_len__3,257,29,9,39,0.7931034482758621,0.5714285714285714,0.6972222222222222,0.03651740000350401,0.0002680999896256253
14,Breast Cancer,3,RandomFuzzyRules__max_rules_len__4,257,29,9,39,0.7931034482758621,0.5714285714285714,0.7333333333333333,0.039220999999088235,0.000268599993432872
14,Breast Cancer,3,RandomFuzzyRules__max_rules_len__5,257,29,9,39,0.7931034482758621,0.5714285714285714,0.7083333333333334,0.03995510000095237,0.00027319999935571104
14,Breast Cancer,3,RandomFuzzyRules__max_rules_len__6,257,29,9,39,0.7931034482758621,0.5714285714285714,0.7083333333333334,0.042557499997201376,0.0003173000004608184
14,Breast Cancer,3,RandomFuzzyRules__max_rules_len__7,257,29,9,39,0.7931034482758621,0.5714285714285714,0.7083333333333334,0.04517850000411272,0.0002927000023191795
14,Breast Cancer,4,RandomFuzzyRules__max_rules_len__2,257,29,9,39,0.7241379310344828,0.42857142857142855,0.7666666666666667,0.03579980001086369,0.00023770000552758574
14,Breast Cancer,4,RandomFuzzyRules__max_rules_len__3,257,29,9,39,0.7586206896551724,0.46153846153846156,0.6416666666666666,0.03675070000463165,0.0002786999975796789
14,Breast Cancer,4,RandomFuzzyRules__max_rules_len__4,257,29,9,39,0.7241379310344828,0.42857142857142855,0.7666666666666667,0.03743080000276677,0.0002615000121295452
14,Breast Cancer,4,RandomFuzzyRules__max_rules_len__5,257,29,9,39,0.7241379310344828,0.3333333333333333,0.5861111111111111,0.041013200010638684,0.0002610000083222985
14,Breast Cancer,4,RandomFuzzyRules__max_rules_len__6,257,29,9,39,0.7241379310344828,0.3333333333333333,0.5861111111111111,0.042494699999224395,0.0002936000091722235
14,Breast Cancer,4,RandomFuzzyRules__max_rules_len__7,257,29,9,39,0.7241379310344828,0.3333333333333333,0.5861111111111111,0.04392029999871738,0.0002699999895412475
14,Breast Cancer,5,RandomFuzzyRules__max_rules_len__2,257,29,9,39,0.6551724137931034,0.0,0.47777777777777775,0.035461299994494766,0.0002463999990141019
14,Breast Cancer,5,RandomFuzzyRules__max_rules_len__3,257,29,9,39,0.6206896551724138,0.0,0.45,0.03667870000936091,0.00026899999647866935
14,Breast Cancer,5,RandomFuzzyRules__max_rules_len__4,257,29,9,39,0.6551724137931034,0.0,0.47777777777777775,0.03928690000611823,0.0002868000010494143
14,Breast Cancer,5,RandomFuzzyRules__max_rules_len__5,257,29,9,39,0.6896551724137931,0.0,0.5111111111111112,0.041119900008197874,0.0002796000044327229
14,Breast Cancer,5,RandomFuzzyRules__max_rules_len__6,257,29,9,39,0.6206896551724138,0.0,0.45,0.04273539999849163,0.0002525999880162999
14,Breast Cancer,5,RandomFuzzyRules__max_rules_len__7,257,29,9,39,0.6206896551724138,0.0,0.45,0.04521609999937937,0.0002840999950421974
14,Breast Cancer,6,RandomFuzzyRules__max_rules_len__2,257,29,9,39,0.7586206896551724,0.36363636363636365,0.5722222222222223,0.0351177000120515,0.00024249999842140824
14,Breast Cancer,6,RandomFuzzyRules__max_rules_len__3,257,29,9,39,0.7241379310344828,0.3333333333333333,0.5861111111111111,0.03692149999551475,0.00028199999360367656
14,Breast Cancer,6,RandomFuzzyRules__max_rules_len__4,257,29,9,39,0.7586206896551724,0.36363636363636365,0.5722222222222223,0.038509999998495914,0.0002750999992713332
14,Breast Cancer,6,RandomFuzzyRules__max_rules_len__5,257,29,9,39,0.7931034482758621,0.5,0.65,0.04715850000502542,0.0003476999991107732
14,Breast Cancer,6,RandomFuzzyRules__max_rules_len__6,257,29,9,39,0.7241379310344828,0.3333333333333333,0.5861111111111111,0.042755200003739446,0.0002562000008765608
14,Breast Cancer,6,RandomFuzzyRules__max_rules_len__7,257,29,9,39,0.7241379310344828,0.3333333333333333,0.5861111111111111,0.044171899993671104,0.000298099999781698
14,Breast Cancer,7,RandomFuzzyRules__max_rules_len__2,258,28,9,38,0.8571428571428571,0.7142857142857143,0.828125,0.03569059999426827,0.0002310999989276752
14,Breast Cancer,7,RandomFuzzyRules__max_rules_len__3,258,28,9,38,0.8571428571428571,0.6666666666666666,0.7999999999999999,0.03678359999321401,0.00026450000586919487
14,Breast Cancer,7,RandomFuzzyRules__max_rules_len__4,258,28,9,38,0.8571428571428571,0.7142857142857143,0.828125,0.038674199997331016,0.00027099999715574086
14,Breast Cancer,7,RandomFuzzyRules__max_rules_len__5,258,28,9,38,0.8214285714285714,0.6153846153846154,0.7249999999999999,0.04139690000738483,0.0002973000082420185
14,Breast Cancer,7,RandomFuzzyRules__max_rules_len__6,258,28,9,38,0.8214285714285714,0.6153846153846154,0.7249999999999999,0.049242499997490086,0.0002994999958900735
14,Breast Cancer,7,RandomFuzzyRules__max_rules_len__7,258,28,9,38,0.8571428571428571,0.6666666666666666,0.7999999999999999,0.04586080000444781,0.0002852000034181401
14,Breast Cancer,8,RandomFuzzyRules__max_rules_len__2,258,28,9,39,0.75,0.36363636363636365,0.621875,0.0354832000011811,0.00024290000146720558
14,Breast Cancer,8,RandomFuzzyRules__max_rules_len__3,258,28,9,39,0.7142857142857143,0.2,0.5375,0.03669860000081826,0.00026950000028591603
14,Breast Cancer,8,RandomFuzzyRules__max_rules_len__4,258,28,9,39,0.75,0.36363636363636365,0.621875,0.03982060000998899,0.0002778000052785501
14,Breast Cancer,8,RandomFuzzyRules__max_rules_len__5,258,28,9,39,0.75,0.2222222222222222,0.603125,0.03990259999409318,0.0002767999976640567
14,Breast Cancer,8,RandomFuzzyRules__max_rules_len__6,258,28,9,39,0.7142857142857143,0.2,0.5375,0.043256200005998835,0.00027540000155568123
14,Breast Cancer,8,RandomFuzzyRules__max_rules_len__7,258,28,9,39,0.7142857142857143,0.2,0.5375,0.046936700004152954,0.0003043999895453453
14,Breast Cancer,9,RandomFuzzyRules__max_rules_len__2,258,28,9,39,0.7857142857142857,0.5714285714285714,0.7437499999999999,0.03442090000316966,0.00025150000874418765
14,Breast Cancer,9,RandomFuzzyRules__max_rules_len__3,258,28,9,39,0.8214285714285714,0.5454545454545454,0.6875,0.03691009999602102,0.00025689999165479094
14,Breast Cancer,9,RandomFuzzyRules__max_rules_len__4,258,28,9,39,0.7857142857142857,0.5714285714285714,0.7437499999999999,0.03941399999894202,0.00027439999394118786
14,Breast Cancer,9,RandomFuzzyRules__max_rules_len__5,258,28,9,39,0.75,0.46153846153846156,0.678125,0.0405791999946814,0.000272599994787015
14,Breast Cancer,9,RandomFuzzyRules__max_rules_len__6,258,28,9,39,0.75,0.46153846153846156,0.678125,0.04428170000028331,0.00028559999191202223
14,Breast Cancer,9,RandomFuzzyRules__max_rules_len__7,258,28,9,39,0.75,0.46153846153846156,0.678125,0.04505280000739731,0.00028140000358689576
14,Breast Cancer,10,RandomFuzzyRules__max_rules_len__2,258,28,9,39,0.8214285714285714,0.6153846153846154,0.675,0.03480319998925552,0.00027629999385681003
14,Breast Cancer,10,RandomFuzzyRules__max_rules_len__3,258,28,9,39,0.7142857142857143,0.5,0.6500000000000001,0.03748460000497289,0.0002769999991869554
14,Breast Cancer,10,RandomFuzzyRules__max_rules_len__4,258,28,9,39,0.7142857142857143,0.5,0.6500000000000001,0.03887209999084007,0.00028399999428074807
14,Breast Cancer,10,RandomFuzzyRules__max_rules_len__5,258,28,9,39,0.7857142857142857,0.5714285714285714,0.6375000000000001,0.04068150000239257,0.0002871000033337623
14,Breast Cancer,10,RandomFuzzyRules__max_rules_len__6,258,28,9,39,0.7142857142857143,0.5,0.6500000000000001,0.04359810000460129,0.00029260000155773014
14,Breast Cancer,10,RandomFuzzyRules__max_rules_len__7,258,28,9,39,0.7142857142857143,0.5,0.6500000000000001,0.04534199999761768,0.0002862999972421676
15,Breast Cancer Wisconsin (Original),1,RandomFuzzyRules__max_rules_len__2,629,70,9,9,0.9428571428571428,0.9166666666666666,0.9846014492753623,0.04861539999546949,0.0002263999922433868
15,Breast Cancer Wisconsin (Original),1,RandomFuzzyRules__max_rules_len__3,629,70,9,9,0.9428571428571428,0.9166666666666666,0.9846014492753623,0.049606900007347576,0.0002894000062951818
15,Breast Cancer Wisconsin (Original),1,RandomFuzzyRules__max_rules_len__4,629,70,9,9,0.9571428571428572,0.9387755102040817,0.9936594202898551,0.05493980000028387,0.0002845999988494441
15,Breast Cancer Wisconsin (Original),1,RandomFuzzyRules__max_rules_len__5,629,70,9,9,0.9571428571428572,0.9387755102040817,0.9936594202898551,0.057079599995631725,0.000271399985649623
15,Breast Cancer Wisconsin (Original),1,RandomFuzzyRules__max_rules_len__6,629,70,9,9,0.9857142857142858,0.9795918367346939,0.9791666666666666,0.06100450000667479,0.00027800000680144876
15,Breast Cancer Wisconsin (Original),1,RandomFuzzyRules__max_rules_len__7,629,70,9,9,0.9428571428571428,0.9130434782608695,0.9778079710144928,0.06434659998922143,0.00029179999546613544
15,Breast Cancer Wisconsin (Original),2,RandomFuzzyRules__max_rules_len__2,629,70,9,9,0.9714285714285714,0.9565217391304348,0.9972826086956522,0.0522966999997152,0.0002784999960567802
15,Breast Cancer Wisconsin (Original),2,RandomFuzzyRules__max_rules_len__3,629,70,9,9,0.9714285714285714,0.9565217391304348,0.9972826086956522,0.05401829999755137,0.000275999991572462
15,Breast Cancer Wisconsin (Original),2,RandomFuzzyRules__max_rules_len__4,629,70,9,9,0.9714285714285714,0.9565217391304348,0.9963768115942029,0.05605509999440983,0.0002494999935152009
15,Breast Cancer Wisconsin (Original),2,RandomFuzzyRules__max_rules_len__5,629,70,9,9,0.9714285714285714,0.9565217391304348,0.9963768115942029,0.059193699999013916,0.00028900000324938446
15,Breast Cancer Wisconsin (Original),2,RandomFuzzyRules__max_rules_len__6,629,70,9,9,0.9857142857142858,0.9787234042553191,0.9981884057971014,0.0644964999955846,0.0003161000058753416
15,Breast Cancer Wisconsin (Original),2,RandomFuzzyRules__max_rules_len__7,629,70,9,9,0.9714285714285714,0.9583333333333334,0.9968297101449276,0.06439749999844935,0.00028929999098181725
15,Breast Cancer Wisconsin (Original),3,RandomFuzzyRules__max_rules_len__2,629,70,9,9,0.9857142857142858,0.9795918367346939,0.9900362318840579,0.0514034000079846,0.00024680000205989927
15,Breast Cancer Wisconsin (Original),3,RandomFuzzyRules__max_rules_len__3,629,70,9,9,0.9857142857142858,0.9795918367346939,0.9900362318840579,0.05446939999819733,0.000251300007221289
15,Breast Cancer Wisconsin (Original),3,RandomFuzzyRules__max_rules_len__4,629,70,9,9,0.9714285714285714,0.9583333333333334,0.9936594202898551,0.05547089999890886,0.0002825999981723726
15,Breast Cancer Wisconsin (Original),3,RandomFuzzyRules__max_rules_len__5,629,70,9,9,0.9714285714285714,0.9583333333333334,0.9936594202898551,0.05795570000191219,0.0002995000104419887
15,Breast Cancer Wisconsin (Original),3,RandomFuzzyRules__max_rules_len__6,629,70,9,9,0.9571428571428572,0.9387755102040817,0.9873188405797102,0.06221959998947568,0.0002779000060399994
15,Breast Cancer Wisconsin (Original),3,RandomFuzzyRules__max_rules_len__7,629,70,9,9,0.9285714285714286,0.8979591836734694,0.9873188405797102,0.06464250000135507,0.0003040000010514632
15,Breast Cancer Wisconsin (Original),4,RandomFuzzyRules__max_rules_len__2,629,70,9,9,0.9571428571428572,0.9411764705882353,0.9954710144927537,0.05140219999884721,0.0002967999898828566
15,Breast Cancer Wisconsin (Original),4,RandomFuzzyRules__max_rules_len__3,629,70,9,9,0.9571428571428572,0.9411764705882353,0.9954710144927537,0.08352440000453498,0.0002641000028233975
15,Breast Cancer Wisconsin (Original),4,RandomFuzzyRules__max_rules_len__4,629,70,9,9,0.9571428571428572,0.9411764705882353,0.9954710144927537,0.05273779999697581,0.00024389999452978373
15,Breast Cancer Wisconsin (Original),4,RandomFuzzyRules__max_rules_len__5,629,70,9,9,0.9571428571428572,0.9411764705882353,0.9954710144927537,0.05802810000022873,0.00021379999816417694
15,Breast Cancer Wisconsin (Original),4,RandomFuzzyRules__max_rules_len__6,629,70,9,9,0.9428571428571428,0.9230769230769231,0.9981884057971014,0.06174069999542553,0.0002361999941058457
15,Breast Cancer Wisconsin (Original),4,RandomFuzzyRules__max_rules_len__7,629,70,9,9,0.9428571428571428,0.9230769230769231,0.9927536231884059,0.06537899999239016,0.00025949999690055847
15,Breast Cancer Wisconsin (Original),5,RandomFuzzyRules__max_rules_len__2,629,70,9,9,0.9571428571428572,0.9411764705882353,0.996376811594203,0.05499319999944419,0.0002857000072253868
15,Breast Cancer Wisconsin (Original),5,RandomFuzzyRules__max_rules_len__3,629,70,9,9,0.9571428571428572,0.9411764705882353,0.996376811594203,0.08091819999390282,0.0003020000003743917
15,Breast Cancer Wisconsin (Original),5,RandomFuzzyRules__max_rules_len__4,629,70,9,9,0.9571428571428572,0.9411764705882353,0.9773550724637682,0.05540560001099948,0.000302400003420189
15,Breast Cancer Wisconsin (Original),5,RandomFuzzyRules__max_rules_len__5,629,70,9,9,0.9571428571428572,0.9411764705882353,0.9773550724637682,0.08535700000356883,0.00030440000409726053
15,Breast Cancer Wisconsin (Original),5,RandomFuzzyRules__max_rules_len__6,629,70,9,9,0.9285714285714286,0.8979591836734694,0.9678442028985508,0.06273109999892768,0.00028950000705663115
15,Breast Cancer Wisconsin (Original),5,RandomFuzzyRules__max_rules_len__7,629,70,9,9,0.9428571428571428,0.92,0.9714673913043479,0.06654739999794401,0.00030100000731181353
15,Breast Cancer Wisconsin (Original),6,RandomFuzzyRules__max_rules_len__2,629,70,9,9,0.9857142857142858,0.9795918367346939,0.9990942028985507,0.07983750000130385,0.0002733000001171604
15,Breast Cancer Wisconsin (Original),6,RandomFuzzyRules__max_rules_len__3,629,70,9,9,0.9857142857142858,0.9795918367346939,0.9990942028985507,0.055564800000865944,0.00030869999318383634
15,Breast Cancer Wisconsin (Original),6,RandomFuzzyRules__max_rules_len__4,629,70,9,9,0.9857142857142858,0.9795918367346939,1.0,0.0844026999984635,0.00031800000579096377
15,Breast Cancer Wisconsin (Original),6,RandomFuzzyRules__max_rules_len__5,629,70,9,9,0.9857142857142858,0.9795918367346939,1.0,0.060476300001027994,0.00026149999757763
15,Breast Cancer Wisconsin (Original),6,RandomFuzzyRules__max_rules_len__6,629,70,9,9,0.9714285714285714,0.96,0.9972826086956523,0.06242960000236053,0.00030330001027323306
15,Breast Cancer Wisconsin (Original),6,RandomFuzzyRules__max_rules_len__7,629,70,9,9,0.9714285714285714,0.96,0.995018115942029,0.06576209999911953,0.0003037999995285645
15,Breast Cancer Wisconsin (Original),7,RandomFuzzyRules__max_rules_len__2,629,70,9,9,0.9714285714285714,0.96,0.9918478260869564,0.05200920000788756,0.0002646000066306442
15,Breast Cancer Wisconsin (Original),7,RandomFuzzyRules__max_rules_len__3,629,70,9,9,0.9714285714285714,0.96,0.9918478260869564,0.05411810000077821,0.0002818000066326931
15,Breast Cancer Wisconsin (Original),7,RandomFuzzyRules__max_rules_len__4,629,70,9,9,0.9428571428571428,0.92,0.9827898550724637,0.0597179999895161,0.0002829000004567206
15,Breast Cancer Wisconsin (Original),7,RandomFuzzyRules__max_rules_len__5,629,70,9,9,0.9428571428571428,0.92,0.9827898550724637,0.05841970001347363,0.0002877000079024583
15,Breast Cancer Wisconsin (Original),7,RandomFuzzyRules__max_rules_len__6,629,70,9,9,0.9285714285714286,0.8979591836734694,0.9900362318840579,0.06272549999994226,0.0002965000021504238
15,Breast Cancer Wisconsin (Original),7,RandomFuzzyRules__max_rules_len__7,629,70,9,9,0.9714285714285714,0.96,0.988677536231884,0.06449309999879915,0.00027809999301098287
15,Breast Cancer Wisconsin (Original),8,RandomFuzzyRules__max_rules_len__2,629,70,9,9,0.9714285714285714,0.9565217391304348,0.996376811594203,0.05219940000097267,0.0002589999930933118
15,Breast Cancer Wisconsin (Original),8,RandomFuzzyRules__max_rules_len__3,629,70,9,9,0.9714285714285714,0.9565217391304348,0.996376811594203,0.054751300005591474,0.0002948000037577003
15,Breast Cancer Wisconsin (Original),8,RandomFuzzyRules__max_rules_len__4,629,70,9,9,0.9857142857142858,0.9795918367346939,1.0,0.05700000000069849,0.0002769999991869554
15,Breast Cancer Wisconsin (Original),8,RandomFuzzyRules__max_rules_len__5,629,70,9,9,0.9857142857142858,0.9795918367346939,1.0,0.06948130000091624,0.0003007000050274655
15,Breast Cancer Wisconsin (Original),8,RandomFuzzyRules__max_rules_len__6,629,70,9,9,0.9714285714285714,0.9565217391304348,0.9945652173913043,0.06593539999448694,0.0003060000017285347
15,Breast Cancer Wisconsin (Original),8,RandomFuzzyRules__max_rules_len__7,629,70,9,9,0.9571428571428572,0.9361702127659575,0.9923007246376812,0.06539619999239221,0.0002882999979192391
15,Breast Cancer Wisconsin (Original),9,RandomFuzzyRules__max_rules_len__2,629,70,9,9,0.9857142857142858,0.9803921568627451,0.9946666666666666,0.054023100004997104,0.00025689999165479094
15,Breast Cancer Wisconsin (Original),9,RandomFuzzyRules__max_rules_len__3,629,70,9,9,0.9857142857142858,0.9803921568627451,0.9946666666666666,0.053428100000019185,0.00026960000104736537
15,Breast Cancer Wisconsin (Original),9,RandomFuzzyRules__max_rules_len__4,629,70,9,9,0.9857142857142858,0.9803921568627451,0.9911111111111112,0.054726600006688386,0.00019489999976940453
15,Breast Cancer Wisconsin (Original),9,RandomFuzzyRules__max_rules_len__5,629,70,9,9,0.9857142857142858,0.9803921568627451,0.9911111111111112,0.0599307999946177,0.00028500000189524144
15,Breast Cancer Wisconsin (Original),9,RandomFuzzyRules__max_rules_len__6,629,70,9,9,0.9857142857142858,0.9803921568627451,0.9893333333333333,0.06127550000383053,0.0002852000034181401
15,Breast Cancer Wisconsin (Original),9,RandomFuzzyRules__max_rules_len__7,629,70,9,9,0.9714285714285714,0.96,0.991111111111111,0.06406829999468755,0.0002893999917432666
15,Breast Cancer Wisconsin (Original),10,RandomFuzzyRules__max_rules_len__2,630,69,9,9,0.9710144927536232,0.9583333333333334,0.9935185185185185,0.05243869998957962,0.00020880000374745578
15,Breast Cancer Wisconsin (Original),10,RandomFuzzyRules__max_rules_len__3,630,69,9,9,0.9710144927536232,0.9583333333333334,0.9935185185185185,0.054442099994048476,0.00026899999647866935
15,Breast Cancer Wisconsin (Original),10,RandomFuzzyRules__max_rules_len__4,630,69,9,9,0.9855072463768116,0.9795918367346939,0.9990740740740741,0.05703760001051705,0.00027289999707136303
15,Breast Cancer Wisconsin (Original),10,RandomFuzzyRules__max_rules_len__5,630,69,9,9,0.9855072463768116,0.9795918367346939,0.9990740740740741,0.06030159999500029,0.0002965000021504238
15,Breast Cancer Wisconsin (Original),10,RandomFuzzyRules__max_rules_len__6,630,69,9,9,0.9710144927536232,0.96,0.9935185185185185,0.06259370000043418,0.0003003000019816682
15,Breast Cancer Wisconsin (Original),10,RandomFuzzyRules__max_rules_len__7,630,69,9,9,0.927536231884058,0.8979591836734694,0.9833333333333334,0.06410270000924356,0.0003149000112898648
17,Breast Cancer Wisconsin (Diagnostic),1,RandomFuzzyRules__max_rules_len__2,512,57,30,30,0.9473684210526315,0.9361702127659575,0.996103896103896,0.043629699997836724,0.0002455999929225072
17,Breast Cancer Wisconsin (Diagnostic),1,RandomFuzzyRules__max_rules_len__3,512,57,30,30,0.9473684210526315,0.9361702127659575,0.996103896103896,0.04144390000146814,0.0002440000098431483
17,Breast Cancer Wisconsin (Diagnostic),1,RandomFuzzyRules__max_rules_len__4,512,57,30,30,0.9473684210526315,0.9302325581395349,0.9922077922077922,0.04601189999084454,0.0002756000030785799
17,Breast Cancer Wisconsin (Diagnostic),1,RandomFuzzyRules__max_rules_len__5,512,57,30,30,0.9824561403508771,0.9767441860465116,1.0,0.048521899996558204,0.0002792999875964597
17,Breast Cancer Wisconsin (Diagnostic),1,RandomFuzzyRules__max_rules_len__6,512,57,30,30,0.9473684210526315,0.9333333333333333,0.996103896103896,0.0518179000064265,0.00029240000003483146
17,Breast Cancer Wisconsin (Diagnostic),1,RandomFuzzyRules__max_rules_len__7,512,57,30,30,0.9473684210526315,0.9361702127659575,1.0,0.05486629999359138,0.0002767999976640567
17,Breast Cancer Wisconsin (Diagnostic),2,RandomFuzzyRules__max_rules_len__2,512,57,30,30,0.9298245614035088,0.9166666666666666,0.9909090909090909,0.04341769999882672,0.0002564000023994595
17,Breast Cancer Wisconsin (Diagnostic),2,RandomFuzzyRules__max_rules_len__3,512,57,30,30,0.9298245614035088,0.9166666666666666,0.9909090909090909,0.04918749998614658,0.0003116000007139519
17,Breast Cancer Wisconsin (Diagnostic),2,RandomFuzzyRules__max_rules_len__4,512,57,30,30,0.9649122807017544,0.9545454545454546,0.9974025974025974,0.04854429999249987,0.00027910000062547624
17,Breast Cancer Wisconsin (Diagnostic),2,RandomFuzzyRules__max_rules_len__5,512,57,30,30,0.9473684210526315,0.9361702127659575,0.974025974025974,0.05047329999797512,0.0002851999888662249
17,Breast Cancer Wisconsin (Diagnostic),2,RandomFuzzyRules__max_rules_len__6,512,57,30,30,0.9649122807017544,0.9565217391304348,0.9987012987012986,0.051550899996072985,0.0002810000005410984
17,Breast Cancer Wisconsin (Diagnostic),2,RandomFuzzyRules__max_rules_len__7,512,57,30,30,0.9298245614035088,0.9130434782608695,0.990909090909091,0.05332619999535382,0.00028449999808799475
17,Breast Cancer Wisconsin (Diagnostic),3,RandomFuzzyRules__max_rules_len__2,512,57,30,30,0.9473684210526315,0.9230769230769231,0.9933862433862434,0.04412270001193974,0.0002615999983390793
17,Breast Cancer Wisconsin (Diagnostic),3,RandomFuzzyRules__max_rules_len__3,512,57,30,30,0.9473684210526315,0.9230769230769231,0.9933862433862434,0.04685669999162201,0.0002700000040931627
17,Breast Cancer Wisconsin (Diagnostic),3,RandomFuzzyRules__max_rules_len__4,512,57,30,30,0.9649122807017544,0.95,1.0,0.046905299997888505,0.00028839999868068844
17,Breast Cancer Wisconsin (Diagnostic),3,RandomFuzzyRules__max_rules_len__5,512,57,30,30,0.9473684210526315,0.926829268292683,0.9973544973544973,0.04978839999239426,0.00029999999969732016
17,Breast Cancer Wisconsin (Diagnostic),3,RandomFuzzyRules__max_rules_len__6,512,57,30,30,0.9824561403508771,0.975609756097561,1.0,0.051745600008871406,0.0002812000020639971
17,Breast Cancer Wisconsin (Diagnostic),3,RandomFuzzyRules__max_rules_len__7,512,57,30,30,0.9649122807017544,0.95,1.0,0.05607240000972524,0.00030050000350456685
17,Breast Cancer Wisconsin (Diagnostic),4,RandomFuzzyRules__max_rules_len__2,512,57,30,30,0.8596491228070176,0.7777777777777778,0.966931216931217,0.04502820000925567,0.0002474000066285953
17,Breast Cancer Wisconsin (Diagnostic),4,RandomFuzzyRules__max_rules_len__3,512,57,30,30,0.8771929824561403,0.8205128205128205,0.9444444444444444,0.04694059999019373,0.0002930000046035275
17,Breast Cancer Wisconsin (Diagnostic),4,RandomFuzzyRules__max_rules_len__4,512,57,30,30,0.8421052631578947,0.7428571428571429,0.8888888888888887,0.049370799999451265,0.000302400003420189
17,Breast Cancer Wisconsin (Diagnostic),4,RandomFuzzyRules__max_rules_len__5,512,57,30,30,0.8596491228070176,0.7777777777777778,0.9484126984126984,0.050419099992723204,0.00029070000164210796
17,Breast Cancer Wisconsin (Diagnostic),4,RandomFuzzyRules__max_rules_len__6,512,57,30,30,0.8947368421052632,0.8421052631578947,0.9735449735449736,0.051604499996756203,0.00031350000062957406
17,Breast Cancer Wisconsin (Diagnostic),4,RandomFuzzyRules__max_rules_len__7,512,57,30,30,0.9473684210526315,0.9230769230769231,0.9814814814814815,0.05481970000255387,0.0002964999875985086
17,Breast Cancer Wisconsin (Diagnostic),5,RandomFuzzyRules__max_rules_len__2,512,57,30,30,0.9122807017543859,0.8780487804878049,0.9523809523809523,0.04423270000552293,0.00024050001229625195
17,Breast Cancer Wisconsin (Diagnostic),5,RandomFuzzyRules__max_rules_len__3,512,57,30,30,0.9122807017543859,0.8780487804878049,0.9523809523809523,0.04688470000110101,0.0002624999906402081
17,Breast Cancer Wisconsin (Diagnostic),5,RandomFuzzyRules__max_rules_len__4,512,57,30,30,0.9298245614035088,0.9,0.9603174603174603,0.04828040000575129,0.00030189999961294234
17,Breast Cancer Wisconsin (Diagnostic),5,RandomFuzzyRules__max_rules_len__5,512,57,30,30,0.9122807017543859,0.8837209302325582,0.9351851851851851,0.05004909999843221,0.0002896999940276146
17,Breast Cancer Wisconsin (Diagnostic),5,RandomFuzzyRules__max_rules_len__6,512,57,30,30,0.9298245614035088,0.9047619047619048,0.9695767195767195,0.053333400006522425,0.00029880000511184335
17,Breast Cancer Wisconsin (Diagnostic),5,RandomFuzzyRules__max_rules_len__7,512,57,30,30,0.9298245614035088,0.9047619047619048,0.9841269841269842,0.05363660000148229,0.0002874999918276444
17,Breast Cancer Wisconsin (Diagnostic),6,RandomFuzzyRules__max_rules_len__2,512,57,30,30,0.9298245614035088,0.9,0.9722222222222222,0.0437213000113843,0.0002610000083222985
17,Breast Cancer Wisconsin (Diagnostic),6,RandomFuzzyRules__max_rules_len__3,512,57,30,30,0.9298245614035088,0.9,0.9722222222222222,0.0465968999924371,0.00026449999131727964
17,Breast Cancer Wisconsin (Diagnostic),6,RandomFuzzyRules__max_rules_len__4,512,57,30,30,0.9298245614035088,0.9,0.9814814814814815,0.048115999990841374,0.0002902999985963106
17,Breast Cancer Wisconsin (Diagnostic),6,RandomFuzzyRules__max_rules_len__5,512,57,30,30,0.8947368421052632,0.8421052631578947,0.9814814814814814,0.049946400002227165,0.00029409999842755497
17,Breast Cancer Wisconsin (Diagnostic),6,RandomFuzzyRules__max_rules_len__6,512,57,30,30,0.9649122807017544,0.9523809523809523,0.9933862433862435,0.05157619999954477,0.0002868999872589484
17,Breast Cancer Wisconsin (Diagnostic),6,RandomFuzzyRules__max_rules_len__7,512,57,30,30,0.9298245614035088,0.9,0.9894179894179893,0.05593529999896418,0.0003043000033358112
17,Breast Cancer Wisconsin (Diagnostic),7,RandomFuzzyRules__max_rules_len__2,512,57,30,30,1.0,1.0,1.0,0.04452779999701306,0.00025100000493694097
17,Breast Cancer Wisconsin (Diagnostic),7,RandomFuzzyRules__max_rules_len__3,512,57,30,30,1.0,1.0,1.0,0.0463679999957094,0.00026620000426191837
17,Breast Cancer Wisconsin (Diagnostic),7,RandomFuzzyRules__max_rules_len__4,512,57,30,30,0.9649122807017544,0.9523809523809523,0.9947089947089947,0.047722500006784685,0.0002904000139096752
17,Breast Cancer Wisconsin (Diagnostic),7,RandomFuzzyRules__max_rules_len__5,512,57,30,30,0.9122807017543859,0.8780487804878049,0.9828042328042328,0.05048120001447387,0.0002747999969869852
17,Breast Cancer Wisconsin (Diagnostic),7,RandomFuzzyRules__max_rules_len__6,512,57,30,30,0.9122807017543859,0.8888888888888888,0.9775132275132276,0.05176150001352653,0.00027489999774843454
17,Breast Cancer Wisconsin (Diagnostic),7,RandomFuzzyRules__max_rules_len__7,512,57,30,30,0.9473684210526315,0.926829268292683,0.9947089947089947,0.053720700001576915,0.0003091000107815489
17,Breast Cancer Wisconsin (Diagnostic),8,RandomFuzzyRules__max_rules_len__2,512,57,30,30,0.9649122807017544,0.9545454545454546,1.0,0.0444050999940373,0.00027709999994840473
17,Breast Cancer Wisconsin (Diagnostic),8,RandomFuzzyRules__max_rules_len__3,512,57,30,30,0.9649122807017544,0.9545454545454546,1.0,0.06876989999727812,0.00030020000122021884
17,Breast Cancer Wisconsin (Diagnostic),8,RandomFuzzyRules__max_rules_len__4,512,57,30,30,0.8947368421052632,0.8571428571428571,0.9775132275132274,0.04928979999385774,0.00030620000325143337
17,Breast Cancer Wisconsin (Diagnostic),8,RandomFuzzyRules__max_rules_len__5,512,57,30,30,0.9298245614035088,0.9090909090909091,0.9841269841269842,0.05181129999982659,0.00029400001221802086
17,Breast Cancer Wisconsin (Diagnostic),8,RandomFuzzyRules__max_rules_len__6,512,57,30,30,0.9649122807017544,0.9545454545454546,1.0,0.07836939999833703,0.0003041000018129125
17,Breast Cancer Wisconsin (Diagnostic),8,RandomFuzzyRules__max_rules_len__7,512,57,30,30,0.9473684210526315,0.9333333333333333,1.0,0.08019720000447705,0.00026950000028591603
17,Breast Cancer Wisconsin (Diagnostic),9,RandomFuzzyRules__max_rules_len__2,512,57,30,30,0.9298245614035088,0.8947368421052632,0.9933862433862434,0.04666269999870565,0.0002899999963119626
17,Breast Cancer Wisconsin (Diagnostic),9,RandomFuzzyRules__max_rules_len__3,512,57,30,30,0.9298245614035088,0.9,0.988095238095238,0.06945379999524448,0.0002739999908953905
17,Breast Cancer Wisconsin (Diagnostic),9,RandomFuzzyRules__max_rules_len__4,512,57,30,30,0.9298245614035088,0.9,0.9788359788359788,0.049699600000167266,0.0002986000035889447
17,Breast Cancer Wisconsin (Diagnostic),9,RandomFuzzyRules__max_rules_len__5,512,57,30,30,0.9298245614035088,0.9047619047619048,0.9841269841269841,0.07514220000302885,0.00029399999766610563
17,Breast Cancer Wisconsin (Diagnostic),9,RandomFuzzyRules__max_rules_len__6,512,57,30,30,0.9298245614035088,0.9,0.9907407407407408,0.054008999999496154,0.00029739999445155263
17,Breast Cancer Wisconsin (Diagnostic),9,RandomFuzzyRules__max_rules_len__7,512,57,30,30,0.9473684210526315,0.9302325581395349,0.9920634920634921,0.0553174999949988,0.00030899999546818435
17,Breast Cancer Wisconsin (Diagnostic),10,RandomFuzzyRules__max_rules_len__2,513,56,30,30,0.9642857142857143,0.95,0.9891156462585033,0.04603159999533091,0.0002660000027390197
17,Breast Cancer Wisconsin (Diagnostic),10,RandomFuzzyRules__max_rules_len__3,513,56,30,30,0.9642857142857143,0.95,0.9891156462585033,0.04769300000043586,0.00030250000418163836
17,Breast Cancer Wisconsin (Diagnostic),10,RandomFuzzyRules__max_rules_len__4,513,56,30,30,0.9821428571428571,0.975609756097561,1.0,0.07341799999994691,0.0002880000101868063
17,Breast Cancer Wisconsin (Diagnostic),10,RandomFuzzyRules__max_rules_len__5,513,56,30,30,0.9642857142857143,0.9523809523809523,0.9972789115646258,0.05055470000661444,0.0002891000040108338
17,Breast Cancer Wisconsin (Diagnostic),10,RandomFuzzyRules__max_rules_len__6,513,56,30,30,1.0,1.0,1.0,0.052266600003349595,0.00029290000384207815
17,Breast Cancer Wisconsin (Diagnostic),10,RandomFuzzyRules__max_rules_len__7,513,56,30,30,0.9642857142857143,0.9523809523809523,0.998639455782313,0.05622199999925215,0.00030139999580569565
27,Credit Approval,1,RandomFuzzyRules__max_rules_len__2,621,69,15,46,0.855072463768116,0.8717948717948718,0.8514431239388794,0.04274309999891557,0.00021939999714959413
27,Credit Approval,1,RandomFuzzyRules__max_rules_len__3,621,69,15,46,0.8840579710144928,0.8947368421052632,0.8845500848896435,0.03988680000475142,0.0002703000063775107
27,Credit Approval,1,RandomFuzzyRules__max_rules_len__4,621,69,15,46,0.8260869565217391,0.85,0.8310696095076402,0.0451426000072388,0.0002673000126378611
27,Credit Approval,1,RandomFuzzyRules__max_rules_len__5,621,69,15,46,0.8840579710144928,0.8947368421052632,0.8730899830220713,0.047698700000182725,0.0002699999895412475
27,Credit Approval,1,RandomFuzzyRules__max_rules_len__6,621,69,15,46,0.855072463768116,0.8717948717948718,0.8641765704584041,0.05145660000562202,0.0002862999972421676
27,Credit Approval,1,RandomFuzzyRules__max_rules_len__7,621,69,15,46,0.8695652173913043,0.8831168831168831,0.8565365025466893,0.06036989999120124,0.0003158000035909936
27,Credit Approval,2,RandomFuzzyRules__max_rules_len__2,621,69,15,46,0.8405797101449275,0.8405797101449275,0.849320882852292,0.044716399992466904,0.0002480999974068254
27,Credit Approval,2,RandomFuzzyRules__max_rules_len__3,621,69,15,46,0.8405797101449275,0.8405797101449275,0.849320882852292,0.045402799994917586,0.00026729999808594584
27,Credit Approval,2,RandomFuzzyRules__max_rules_len__4,621,69,15,46,0.8260869565217391,0.8235294117647058,0.83616298811545,0.04686269999365322,0.0002874999918276444
27,Credit Approval,2,RandomFuzzyRules__max_rules_len__5,621,69,15,46,0.8405797101449275,0.8405797101449275,0.8276740237691003,0.05375510000158101,0.000235699990298599
27,Credit Approval,2,RandomFuzzyRules__max_rules_len__6,621,69,15,46,0.8405797101449275,0.8405797101449275,0.849320882852292,0.07022239999787416,0.00027650000993162394
27,Credit Approval,2,RandomFuzzyRules__max_rules_len__7,621,69,15,46,0.8405797101449275,0.8405797101449275,0.849320882852292,0.05317780000041239,0.00030399998649954796
27,Credit Approval,3,RandomFuzzyRules__max_rules_len__2,621,69,15,46,0.855072463768116,0.8529411764705882,0.8654499151103565,0.044443099992349744,0.0002952999930130318
27,Credit Approval,3,RandomFuzzyRules__max_rules_len__3,621,69,15,46,0.855072463768116,0.8529411764705882,0.8654499151103565,0.04586260000360198,0.0002793000021483749
27,Credit Approval,3,RandomFuzzyRules__max_rules_len__4,621,69,15,46,0.855072463768116,0.8571428571428571,0.870118845500849,0.046414099997491576,0.0002930999908130616
27,Credit Approval,3,RandomFuzzyRules__max_rules_len__5,621,69,15,46,0.855072463768116,0.8529411764705882,0.8781833616298812,0.06000670000503305,0.00029919999360572547
27,Credit Approval,3,RandomFuzzyRules__max_rules_len__6,621,69,15,46,0.8405797101449275,0.8405797101449275,0.8790322580645162,0.052144199988106266,0.00031659999513067305
27,Credit Approval,3,RandomFuzzyRules__max_rules_len__7,621,69,15,46,0.855072463768116,0.8529411764705882,0.8654499151103565,0.05915590000222437,0.0002854999911505729
27,Credit Approval,4,RandomFuzzyRules__max_rules_len__2,621,69,15,46,0.7246376811594203,0.7164179104477612,0.735144312393888,0.044396400000550784,0.00025490000552963465
27,Credit Approval,4,RandomFuzzyRules__max_rules_len__3,621,69,15,46,0.7246376811594203,0.7164179104477612,0.735144312393888,0.04584999999497086,0.00027099999715574086
27,Credit Approval,4,RandomFuzzyRules__max_rules_len__4,621,69,15,46,0.7246376811594203,0.7164179104477612,0.7211375212224109,0.04752310000185389,0.0002789999998640269
27,Credit Approval,4,RandomFuzzyRules__max_rules_len__5,621,69,15,46,0.7246376811594203,0.7164179104477612,0.735144312393888,0.04902449999644887,0.0002724999940255657
27,Credit Approval,4,RandomFuzzyRules__max_rules_len__6,621,69,15,46,0.7246376811594203,0.7164179104477612,0.735144312393888,0.050822599994717166,0.00028250001196283847
27,Credit Approval,4,RandomFuzzyRules__max_rules_len__7,621,69,15,46,0.7246376811594203,0.7164179104477612,0.735144312393888,0.0540603999979794,0.0003116000007139519
27,Credit Approval,5,RandomFuzzyRules__max_rules_len__2,621,69,15,46,0.9420289855072463,0.9444444444444444,0.9473684210526316,0.04532109999854583,0.00024870000197552145
27,Credit Approval,5,RandomFuzzyRules__max_rules_len__3,621,69,15,46,0.927536231884058,0.9333333333333333,0.9282682512733447,0.0454403000039747,0.0002759000053629279
27,Credit Approval,5,RandomFuzzyRules__max_rules_len__4,621,69,15,46,0.9420289855072463,0.9459459459459459,0.9443972835314092,0.04684599999745842,0.0002877000079024583
27,Credit Approval,5,RandomFuzzyRules__max_rules_len__5,621,69,15,46,0.9420289855072463,0.9459459459459459,0.9443972835314092,0.04919920000247657,0.0003006999904755503
27,Credit Approval,5,RandomFuzzyRules__max_rules_len__6,621,69,15,46,0.9420289855072463,0.9459459459459459,0.9443972835314092,0.052036900000530295,0.0002972000074805692
27,Credit Approval,5,RandomFuzzyRules__max_rules_len__7,621,69,15,46,0.9420289855072463,0.9459459459459459,0.9443972835314092,0.053300699990359135,0.00032469999860040843
27,Credit Approval,6,RandomFuzzyRules__max_rules_len__2,621,69,15,46,0.7971014492753623,0.7941176470588235,0.8068760611205432,0.04436919999716338,0.0002536000101827085
27,Credit Approval,6,RandomFuzzyRules__max_rules_len__3,621,69,15,46,0.7971014492753623,0.8,0.8056027164685909,0.04583389998879284,0.0002351000002818182
27,Credit Approval,6,RandomFuzzyRules__max_rules_len__4,621,69,15,46,0.782608695652174,0.782608695652174,0.7907470288624787,0.04720429998997133,0.00029159999394323677
27,Credit Approval,6,RandomFuzzyRules__max_rules_len__5,621,69,15,46,0.7971014492753623,0.8,0.8157894736842106,0.050387299997964874,0.00029209999775048345
27,Credit Approval,6,RandomFuzzyRules__max_rules_len__6,621,69,15,46,0.7971014492753623,0.7941176470588235,0.8068760611205432,0.052377600004547276,0.00029180001001805067
27,Credit Approval,6,RandomFuzzyRules__max_rules_len__7,621,69,15,46,0.7971014492753623,0.7941176470588235,0.8068760611205432,0.054480100006912835,0.000291600008495152
27,Credit Approval,7,RandomFuzzyRules__max_rules_len__2,621,69,15,46,0.8695652173913043,0.88,0.8713921901528013,0.04531499999575317,0.00028819999715778977
27,Credit Approval,7,RandomFuzzyRules__max_rules_len__3,621,69,15,46,0.8695652173913043,0.88,0.8713921901528013,0.045146000004024245,0.0002919999969890341
27,Credit Approval,7,RandomFuzzyRules__max_rules_len__4,621,69,15,46,0.8695652173913043,0.88,0.884974533106961,0.04630570000153966,0.00028559999191202223
27,Credit Approval,7,RandomFuzzyRules__max_rules_len__5,621,69,15,46,0.8695652173913043,0.88,0.8713921901528013,0.04962209999212064,0.0002958999975817278
27,Credit Approval,7,RandomFuzzyRules__max_rules_len__6,621,69,15,46,0.8695652173913043,0.88,0.8713921901528013,0.051591900002676994,0.00029690000519622117
27,Credit Approval,7,RandomFuzzyRules__max_rules_len__7,621,69,15,46,0.8695652173913043,0.88,0.8713921901528013,0.05331059999298304,0.00027749998844228685
27,Credit Approval,8,RandomFuzzyRules__max_rules_len__2,621,69,15,46,0.782608695652174,0.7887323943661971,0.7923076923076924,0.04480070000863634,0.000262100002146326
27,Credit Approval,8,RandomFuzzyRules__max_rules_len__3,621,69,15,46,0.782608695652174,0.7887323943661971,0.7923076923076924,0.044908700001542456,0.00026760000037029386
27,Credit Approval,8,RandomFuzzyRules__max_rules_len__4,621,69,15,46,0.782608695652174,0.7945205479452054,0.7735042735042735,0.047001800005091354,0.000268299991148524
27,Credit Approval,8,RandomFuzzyRules__max_rules_len__5,621,69,15,46,0.782608695652174,0.7945205479452054,0.7884615384615385,0.05043109999678563,0.0002750999992713332
27,Credit Approval,8,RandomFuzzyRules__max_rules_len__6,621,69,15,46,0.782608695652174,0.7945205479452054,0.7884615384615385,0.05189659999450669,0.0003006000042660162
27,Credit Approval,8,RandomFuzzyRules__max_rules_len__7,621,69,15,46,0.782608695652174,0.7945205479452054,0.7884615384615385,0.07235139999829698,0.00032669999927747995
27,Credit Approval,9,RandomFuzzyRules__max_rules_len__2,621,69,15,46,0.855072463768116,0.8571428571428571,0.8679487179487179,0.043483600005856715,0.0002629000082379207
27,Credit Approval,9,RandomFuzzyRules__max_rules_len__3,621,69,15,46,0.8260869565217391,0.8333333333333334,0.8358974358974358,0.046317300002556294,0.0003124999930150807
27,Credit Approval,9,RandomFuzzyRules__max_rules_len__4,621,69,15,46,0.855072463768116,0.8571428571428571,0.8606837606837606,0.04662090000056196,0.00030350001179613173
27,Credit Approval,9,RandomFuzzyRules__max_rules_len__5,621,69,15,46,0.855072463768116,0.8571428571428571,0.8653846153846154,0.05335900001227856,0.0002955000090878457
27,Credit Approval,9,RandomFuzzyRules__max_rules_len__6,621,69,15,46,0.855072463768116,0.8571428571428571,0.8679487179487179,0.053094899994903244,0.00028139998903498054
27,Credit Approval,9,RandomFuzzyRules__max_rules_len__7,621,69,15,46,0.855072463768116,0.8571428571428571,0.8679487179487179,0.054388799995649606,0.00029379999614320695
27,Credit Approval,10,RandomFuzzyRules__max_rules_len__2,621,69,15,46,0.9420289855072463,0.9459459459459459,0.9487179487179487,0.04533449999871664,0.00025579999783076346
27,Credit Approval,10,RandomFuzzyRules__max_rules_len__3,621,69,15,46,0.9420289855072463,0.9459459459459459,0.9487179487179487,0.045318000004044734,0.00027370000316295773
27,Credit Approval,10,RandomFuzzyRules__max_rules_len__4,621,69,15,46,0.927536231884058,0.935064935064935,0.9324786324786325,0.04768129999865778,0.00028219999512657523
27,Credit Approval,10,RandomFuzzyRules__max_rules_len__5,621,69,15,46,0.9420289855072463,0.9459459459459459,0.9418803418803419,0.04956810000294354,0.00029630000062752515
27,Credit Approval,10,RandomFuzzyRules__max_rules_len__6,621,69,15,46,0.9420289855072463,0.9459459459459459,0.9487179487179487,0.052650900004664436,0.0002869000018108636
27,Credit Approval,10,RandomFuzzyRules__max_rules_len__7,621,69,15,46,0.9420289855072463,0.9459459459459459,0.9487179487179487,0.05330580000008922,0.00029009999707341194
43,Haberman's Survival,1,RandomFuzzyRules__max_rules_len__2,275,31,3,3,0.8387096774193549,0.5454545454545454,0.7418478260869564,0.05022770000505261,0.00023530000180471689
43,Haberman's Survival,1,RandomFuzzyRules__max_rules_len__3,275,31,3,3,0.8387096774193549,0.5454545454545454,0.7418478260869564,0.0731134999950882,0.00027069999487139285
43,Haberman's Survival,1,RandomFuzzyRules__max_rules_len__4,275,31,3,3,0.7741935483870968,0.2222222222222222,0.7255434782608695,0.08215770000242628,0.00027540000155568123
43,Haberman's Survival,1,RandomFuzzyRules__max_rules_len__5,275,31,3,3,0.8387096774193549,0.6153846153846154,0.7364130434782609,0.10342759999912232,0.0002662999904714525
43,Haberman's Survival,1,RandomFuzzyRules__max_rules_len__6,275,31,3,3,0.8387096774193549,0.6153846153846154,0.7309782608695653,0.12948640000831801,0.0002868000010494143
43,Haberman's Survival,1,RandomFuzzyRules__max_rules_len__7,275,31,3,3,0.8387096774193549,0.6153846153846154,0.7364130434782609,0.15492219998850487,0.0002776000037556514
43,Haberman's Survival,2,RandomFuzzyRules__max_rules_len__2,275,31,3,3,0.7741935483870968,0.36363636363636365,0.654891304347826,0.05171949999930803,0.00022790000366512686
43,Haberman's Survival,2,RandomFuzzyRules__max_rules_len__3,275,31,3,3,0.7741935483870968,0.36363636363636365,0.654891304347826,0.06199769998784177,0.0002707999956328422
43,Haberman's Survival,2,RandomFuzzyRules__max_rules_len__4,275,31,3,3,0.7419354838709677,0.3333333333333333,0.6603260869565217,0.08115490000636782,0.00027689999842550606
43,Haberman's Survival,2,RandomFuzzyRules__max_rules_len__5,275,31,3,3,0.7741935483870968,0.46153846153846156,0.6657608695652174,0.10516239999560639,0.0002724999940255657
43,Haberman's Survival,2,RandomFuzzyRules__max_rules_len__6,275,31,3,3,0.7741935483870968,0.46153846153846156,0.654891304347826,0.12617439999303315,0.0002948000037577003
43,Haberman's Survival,2,RandomFuzzyRules__max_rules_len__7,275,31,3,3,0.7741935483870968,0.46153846153846156,0.6657608695652174,0.14990429999306798,0.0002730999985942617
43,Haberman's Survival,3,RandomFuzzyRules__max_rules_len__2,275,31,3,3,0.7741935483870968,0.36363636363636365,0.6576086956521738,0.05191190000914503,0.00024279998615384102
43,Haberman's Survival,3,RandomFuzzyRules__max_rules_len__3,275,31,3,3,0.7741935483870968,0.2222222222222222,0.6521739130434783,0.06317870000202674,0.00028560000646393746
43,Haberman's Survival,3,RandomFuzzyRules__max_rules_len__4,275,31,3,3,0.7741935483870968,0.2222222222222222,0.6358695652173914,0.07899550000729505,0.00021960001322440803
43,Haberman's Survival,3,RandomFuzzyRules__max_rules_len__5,275,31,3,3,0.7741935483870968,0.36363636363636365,0.6467391304347826,0.10424200000124983,0.0002798999921651557
43,Haberman's Survival,3,RandomFuzzyRules__max_rules_len__6,275,31,3,3,0.8064516129032258,0.4,0.6467391304347827,0.12748409999767318,0.0002582000015536323
43,Haberman's Survival,3,RandomFuzzyRules__max_rules_len__7,275,31,3,3,0.7741935483870968,0.36363636363636365,0.6467391304347826,0.15102580000529997,0.00027740000223275274
43,Haberman's Survival,4,RandomFuzzyRules__max_rules_len__2,275,31,3,3,0.6774193548387096,0.2857142857142857,0.5163043478260869,0.05143389999284409,0.0002604000037536025
43,Haberman's Survival,4,RandomFuzzyRules__max_rules_len__3,275,31,3,3,0.6774193548387096,0.16666666666666666,0.5271739130434783,0.06247600000642706,0.000247900010435842
43,Haberman's Survival,4,RandomFuzzyRules__max_rules_len__4,275,31,3,3,0.6774193548387096,0.16666666666666666,0.5027173913043478,0.08059379999758676,0.00028789999487344176
43,Haberman's Survival,4,RandomFuzzyRules__max_rules_len__5,275,31,3,3,0.6774193548387096,0.2857142857142857,0.5108695652173914,0.104493699996965,0.00030780000088270754
43,Haberman's Survival,4,RandomFuzzyRules__max_rules_len__6,275,31,3,3,0.6451612903225806,0.15384615384615385,0.532608695652174,0.1263704000011785,0.0002677000011317432
43,Haberman's Survival,4,RandomFuzzyRules__max_rules_len__7,275,31,3,3,0.6129032258064516,0.14285714285714285,0.4782608695652174,0.1484418000036385,0.00029919999360572547
43,Haberman's Survival,5,RandomFuzzyRules__max_rules_len__2,275,31,3,3,0.8387096774193549,0.6153846153846154,0.8749999999999999,0.05325769999762997,0.00025919999461621046
43,Haberman's Survival,5,RandomFuzzyRules__max_rules_len__3,275,31,3,3,0.8387096774193549,0.6153846153846154,0.8749999999999999,0.06423099999665283,0.0007845000072848052
43,Haberman's Survival,5,RandomFuzzyRules__max_rules_len__4,275,31,3,3,0.8709677419354839,0.7142857142857143,0.9456521739130436,0.07860340000479482,0.0002521999995224178
43,Haberman's Survival,5,RandomFuzzyRules__max_rules_len__5,275,31,3,3,0.8709677419354839,0.6666666666666666,0.8695652173913043,0.10645900000235997,0.00028640001255553216
43,Haberman's Survival,5,RandomFuzzyRules__max_rules_len__6,275,31,3,3,0.8709677419354839,0.7142857142857143,0.9456521739130436,0.12752110000292305,0.0002792000013869256
43,Haberman's Survival,5,RandomFuzzyRules__max_rules_len__7,275,31,3,3,0.8709677419354839,0.6666666666666666,0.8695652173913043,0.15008239999588113,0.00028119998751208186
43,Haberman's Survival,6,RandomFuzzyRules__max_rules_len__2,275,31,3,3,0.7419354838709677,0.2,0.6186868686868686,0.05325319999246858,0.00023540000256616622
43,Haberman's Survival,6,RandomFuzzyRules__max_rules_len__3,275,31,3,3,0.7419354838709677,0.2,0.6186868686868686,0.07284130000334699,0.0002741000062087551
43,Haberman's Survival,6,RandomFuzzyRules__max_rules_len__4,275,31,3,3,0.6774193548387096,0.0,0.6237373737373737,0.08262300000933465,0.0002798000059556216
43,Haberman's Survival,6,RandomFuzzyRules__max_rules_len__5,275,31,3,3,0.7096774193548387,0.18181818181818182,0.6186868686868686,0.1051529000105802,0.0002717000024858862
43,Haberman's Survival,6,RandomFuzzyRules__max_rules_len__6,275,31,3,3,0.7419354838709677,0.2,0.6136363636363636,0.12671700000646524,0.00028419999580364674
43,Haberman's Survival,6,RandomFuzzyRules__max_rules_len__7,275,31,3,3,0.6451612903225806,0.15384615384615385,0.6666666666666666,0.15477069999906234,0.0002776999899651855
43,Haberman's Survival,7,RandomFuzzyRules__max_rules_len__2,276,30,3,3,0.8,0.5,0.8323863636363635,0.05233570000564214,0.0002634999982547015
43,Haberman's Survival,7,RandomFuzzyRules__max_rules_len__3,276,30,3,3,0.8,0.5,0.8323863636363635,0.06205969999427907,0.0002634999982547015
43,Haberman's Survival,7,RandomFuzzyRules__max_rules_len__4,276,30,3,3,0.8,0.5,0.8295454545454545,0.08042420000128914,0.00024399999529123306
43,Haberman's Survival,7,RandomFuzzyRules__max_rules_len__5,276,30,3,3,0.8,0.5,0.8153409090909092,0.10579860000871122,0.00026530001196078956
43,Haberman's Survival,7,RandomFuzzyRules__max_rules_len__6,276,30,3,3,0.8333333333333334,0.5454545454545454,0.8551136363636362,0.12696059999871068,0.0002798000059556216
43,Haberman's Survival,7,RandomFuzzyRules__max_rules_len__7,276,30,3,3,0.8,0.5,0.8153409090909092,0.15122709999559447,0.0002767999976640567
43,Haberman's Survival,8,RandomFuzzyRules__max_rules_len__2,276,30,3,3,0.7333333333333333,0.2,0.41761363636363635,0.05183209999813698,0.00022430000535678118
43,Haberman's Survival,8,RandomFuzzyRules__max_rules_len__3,276,30,3,3,0.7333333333333333,0.2,0.42329545454545453,0.06193739999434911,0.0002717000024858862
43,Haberman's Survival,8,RandomFuzzyRules__max_rules_len__4,276,30,3,3,0.7333333333333333,0.2,0.4005681818181818,0.08090240000456106,0.00028300000121816993
43,Haberman's Survival,8,RandomFuzzyRules__max_rules_len__5,276,30,3,3,0.7333333333333333,0.2,0.41761363636363635,0.10678299999563023,0.0002837999927578494
43,Haberman's Survival,8,RandomFuzzyRules__max_rules_len__6,276,30,3,3,0.7333333333333333,0.2,0.42329545454545453,0.12550880000344478,0.0002845999988494441
43,Haberman's Survival,8,RandomFuzzyRules__max_rules_len__7,276,30,3,3,0.6666666666666666,0.16666666666666666,0.46022727272727276,0.1497797000047285,0.0002491000050213188
43,Haberman's Survival,9,RandomFuzzyRules__max_rules_len__2,276,30,3,3,0.7666666666666667,0.36363636363636365,0.8977272727272728,0.05312059998686891,0.00025779999850783497
43,Haberman's Survival,9,RandomFuzzyRules__max_rules_len__3,276,30,3,3,0.7666666666666667,0.36363636363636365,0.8465909090909091,0.06281069999386091,0.00026539999817032367
43,Haberman's Survival,9,RandomFuzzyRules__max_rules_len__4,276,30,3,3,0.7666666666666667,0.36363636363636365,0.9034090909090909,0.08268560000578873,0.00020740000763908029
43,Haberman's Survival,9,RandomFuzzyRules__max_rules_len__5,276,30,3,3,0.7333333333333333,0.5,0.6534090909090908,0.10383849999925587,0.00019439999596215785
43,Haberman's Survival,9,RandomFuzzyRules__max_rules_len__6,276,30,3,3,0.8333333333333334,0.6153846153846154,0.9147727272727273,0.12513489999400917,0.00026450000586919487
43,Haberman's Survival,9,RandomFuzzyRules__max_rules_len__7,276,30,3,3,0.7333333333333333,0.5,0.6534090909090908,0.15100719999463763,0.00026960000104736537
43,Haberman's Survival,10,RandomFuzzyRules__max_rules_len__2,276,30,3,3,0.6666666666666666,0.0,0.5426136363636364,0.052063499999349006,0.00027299999783281237
43,Haberman's Survival,10,RandomFuzzyRules__max_rules_len__3,276,30,3,3,0.6666666666666666,0.0,0.53125,0.06240249999973457,0.00025779999850783497
43,Haberman's Survival,10,RandomFuzzyRules__max_rules_len__4,276,30,3,3,0.6333333333333333,0.0,0.5284090909090909,0.08036510000238195,0.0002614000113680959
43,Haberman's Survival,10,RandomFuzzyRules__max_rules_len__5,276,30,3,3,0.6666666666666666,0.0,0.5482954545454546,0.10996899999736343,0.00028839999868068844
43,Haberman's Survival,10,RandomFuzzyRules__max_rules_len__6,276,30,3,3,0.6666666666666666,0.0,0.5198863636363636,0.12664370000129566,0.0002778000052785501
43,Haberman's Survival,10,RandomFuzzyRules__max_rules_len__7,276,30,3,3,0.6666666666666666,0.0,0.5482954545454546,0.14942580000206362,0.00029429999995045364
45,Heart Disease,1,RandomFuzzyRules__max_rules_len__2,272,31,13,25,0.7419354838709677,0.7333333333333333,0.8424369747899161,0.038311199998133816,0.0002806999982567504
45,Heart Disease,1,RandomFuzzyRules__max_rules_len__3,272,31,13,25,0.8064516129032258,0.8125,0.9138655462184873,0.03664760000538081,0.00023150000197347254
45,Heart Disease,1,RandomFuzzyRules__max_rules_len__4,272,31,13,25,0.7741935483870968,0.7586206896551724,0.8823529411764705,0.037926300006802194,0.0002578999992692843
45,Heart Disease,1,RandomFuzzyRules__max_rules_len__5,272,31,13,25,0.8709677419354839,0.8571428571428571,0.8739495798319328,0.04090459999861196,0.000295000005280599
45,Heart Disease,1,RandomFuzzyRules__max_rules_len__6,272,31,13,25,0.8064516129032258,0.7692307692307693,0.8991596638655462,0.042547200006083585,0.0002660000027390197
45,Heart Disease,1,RandomFuzzyRules__max_rules_len__7,272,31,13,25,0.7741935483870968,0.7586206896551724,0.8802521008403361,0.0437240000028396,0.00027940000290982425
45,Heart Disease,2,RandomFuzzyRules__max_rules_len__2,272,31,13,25,0.8064516129032258,0.8125,0.7352941176470589,0.0477485000010347,0.00028160000510979444
45,Heart Disease,2,RandomFuzzyRules__max_rules_len__3,272,31,13,25,0.7741935483870968,0.7586206896551724,0.8256302521008403,0.039724699992802925,0.0002364999963901937
45,Heart Disease,2,RandomFuzzyRules__max_rules_len__4,272,31,13,25,0.7741935483870968,0.7586206896551724,0.8256302521008403,0.04067410000425298,0.00029579999682027847
45,Heart Disease,2,RandomFuzzyRules__max_rules_len__5,272,31,13,25,0.8064516129032258,0.8125,0.9075630252100839,0.0539588000101503,0.0003066000062972307
45,Heart Disease,2,RandomFuzzyRules__max_rules_len__6,272,31,13,25,0.6451612903225806,0.56,0.6638655462184874,0.04913450000458397,0.00022270000772550702
45,Heart Disease,2,RandomFuzzyRules__max_rules_len__7,272,31,13,25,0.8387096774193549,0.8387096774193549,0.9411764705882353,0.04186150000896305,0.00021860000560991466
45,Heart Disease,3,RandomFuzzyRules__max_rules_len__2,272,31,13,25,0.7741935483870968,0.7741935483870968,0.8130252100840336,0.04048899999179412,0.0002564000023994595
45,Heart Disease,3,RandomFuzzyRules__max_rules_len__3,272,31,13,25,0.7741935483870968,0.7878787878787878,0.8949579831932772,0.03916659999231342,0.00025749999622348696
45,Heart Disease,3,RandomFuzzyRules__max_rules_len__4,272,31,13,25,0.7741935483870968,0.7741935483870968,0.8508403361344539,0.0462316000048304,0.0002948000037577003
45,Heart Disease,3,RandomFuzzyRules__max_rules_len__5,272,31,13,25,0.8064516129032258,0.8125,0.8844537815126049,0.04166580000310205,0.00026200000138487667
45,Heart Disease,3,RandomFuzzyRules__max_rules_len__6,272,31,13,25,0.7741935483870968,0.7878787878787878,0.8676470588235293,0.05384120000235271,0.0002972999936901033
45,Heart Disease,3,RandomFuzzyRules__max_rules_len__7,272,31,13,25,0.7741935483870968,0.7878787878787878,0.8739495798319327,0.056478700003935955,0.00028029999521095306
45,Heart Disease,4,RandomFuzzyRules__max_rules_len__2,273,30,13,25,0.7333333333333333,0.6666666666666666,0.7194570135746606,0.04892699999618344,0.00025830000231508166
45,Heart Disease,4,RandomFuzzyRules__max_rules_len__3,273,30,13,25,0.7666666666666667,0.7407407407407407,0.7963800904977376,0.051353700007894076,0.0002744999947026372
45,Heart Disease,4,RandomFuzzyRules__max_rules_len__4,273,30,13,25,0.8,0.7857142857142857,0.8755656108597284,0.05052240000804886,0.00028049999673385173
45,Heart Disease,4,RandomFuzzyRules__max_rules_len__5,273,30,13,25,0.8333333333333334,0.8148148148148148,0.8574660633484162,0.05280180000409018,0.00028819999715778977
45,Heart Disease,4,RandomFuzzyRules__max_rules_len__6,273,30,13,25,0.8333333333333334,0.8148148148148148,0.918552036199095,0.044349500007228926,0.00029069998709019274
45,Heart Disease,4,RandomFuzzyRules__max_rules_len__7,273,30,13,25,0.7666666666666667,0.7586206896551724,0.8823529411764706,0.04616369999712333,0.00029960001120343804
45,Heart Disease,5,RandomFuzzyRules__max_rules_len__2,273,30,13,25,0.7,0.7272727272727273,0.8482142857142858,0.03859869998996146,0.00022990000434219837
45,Heart Disease,5,RandomFuzzyRules__max_rules_len__3,273,30,13,25,0.7,0.7096774193548387,0.8415178571428571,0.04044620000058785,0.0002555999963078648
45,Heart Disease,5,RandomFuzzyRules__max_rules_len__4,273,30,13,25,0.7333333333333333,0.7647058823529411,0.9129464285714286,0.04002760000003036,0.0002851000026566908
45,Heart Disease,5,RandomFuzzyRules__max_rules_len__5,273,30,13,25,0.7333333333333333,0.75,0.8125,0.04153789998963475,0.0002479999966453761
45,Heart Disease,5,RandomFuzzyRules__max_rules_len__6,273,30,13,25,0.7333333333333333,0.7647058823529411,0.8705357142857143,0.042554800005746074,0.0002657000004546717
45,Heart Disease,5,RandomFuzzyRules__max_rules_len__7,273,30,13,25,0.6666666666666666,0.6875,0.7477678571428571,0.044863000002806075,0.0002897000085795298
45,Heart Disease,6,RandomFuzzyRules__max_rules_len__2,273,30,13,25,0.6666666666666666,0.6153846153846154,0.7879464285714286,0.03827150000142865,0.00026149999757763
45,Heart Disease,6,RandomFuzzyRules__max_rules_len__3,273,30,13,25,0.7333333333333333,0.6666666666666666,0.78125,0.03971830000227783,0.00026339999749325216
45,Heart Disease,6,RandomFuzzyRules__max_rules_len__4,273,30,13,25,0.8,0.7692307692307693,0.8995535714285714,0.040481200005160645,0.00027019999106414616
45,Heart Disease,6,RandomFuzzyRules__max_rules_len__5,273,30,13,25,0.8,0.7692307692307693,0.8191964285714286,0.04151830000046175,0.0002606000052765012
45,Heart Disease,6,RandomFuzzyRules__max_rules_len__6,273,30,13,25,0.8,0.7692307692307693,0.8415178571428571,0.044835500011686236,0.0002891000040108338
45,Heart Disease,6,RandomFuzzyRules__max_rules_len__7,273,30,13,25,0.8,0.7857142857142857,0.8727678571428572,0.046341399996890686,0.0002728000108618289
45,Heart Disease,7,RandomFuzzyRules__max_rules_len__2,273,30,13,25,0.7333333333333333,0.6666666666666666,0.7232142857142857,0.03826879999542143,0.00023669999791309237
45,Heart Disease,7,RandomFuzzyRules__max_rules_len__3,273,30,13,25,0.7666666666666667,0.72,0.9196428571428572,0.039959699992323294,0.00027299999783281237
45,Heart Disease,7,RandomFuzzyRules__max_rules_len__4,273,30,13,25,0.8666666666666667,0.8666666666666667,0.9464285714285714,0.04066530001000501,0.00026359999901615083
45,Heart Disease,7,RandomFuzzyRules__max_rules_len__5,273,30,13,25,0.8666666666666667,0.8571428571428571,0.8660714285714286,0.042480499992961995,0.00028959999326616526
45,Heart Disease,7,RandomFuzzyRules__max_rules_len__6,273,30,13,25,0.8333333333333334,0.8148148148148148,0.8839285714285714,0.043658399998093955,0.000272599994787015
45,Heart Disease,7,RandomFuzzyRules__max_rules_len__7,273,30,13,25,0.7333333333333333,0.6666666666666666,0.7232142857142857,0.04462450000573881,0.00029960001120343804
45,Heart Disease,8,RandomFuzzyRules__max_rules_len__2,273,30,13,25,0.6333333333333333,0.6451612903225806,0.6830357142857143,0.03909159998875111,0.0002489000034984201
45,Heart Disease,8,RandomFuzzyRules__max_rules_len__3,273,30,13,25,0.7,0.6896551724137931,0.7678571428571428,0.03972229998908006,0.00026729999808594584
45,Heart Disease,8,RandomFuzzyRules__max_rules_len__4,273,30,13,25,0.7,0.6896551724137931,0.7678571428571429,0.04104830000142101,0.00030620000325143337
45,Heart Disease,8,RandomFuzzyRules__max_rules_len__5,273,30,13,25,0.8,0.8125,0.8013392857142858,0.04191719999653287,0.00027350000164005905
45,Heart Disease,8,RandomFuzzyRules__max_rules_len__6,273,30,13,25,0.7333333333333333,0.7333333333333333,0.8214285714285715,0.04539600000134669,0.00029779999749735
45,Heart Disease,8,RandomFuzzyRules__max_rules_len__7,273,30,13,25,0.6,0.5714285714285714,0.5982142857142857,0.04464350000489503,0.00027010000485461205
45,Heart Disease,9,RandomFuzzyRules__max_rules_len__2,273,30,13,25,0.7333333333333333,0.7142857142857143,0.828125,0.03991610000957735,0.00023860001238062978
45,Heart Disease,9,RandomFuzzyRules__max_rules_len__3,273,30,13,25,0.7333333333333333,0.7142857142857143,0.875,0.03806179999082815,0.0002795000036712736
45,Heart Disease,9,RandomFuzzyRules__max_rules_len__4,273,30,13,25,0.7666666666666667,0.7586206896551724,0.7834821428571428,0.0402483000070788,0.00026030000299215317
45,Heart Disease,9,RandomFuzzyRules__max_rules_len__5,273,30,13,25,0.8,0.8,0.8705357142857143,0.04738730000099167,0.00030729999707546085
45,Heart Disease,9,RandomFuzzyRules__max_rules_len__6,273,30,13,25,0.7333333333333333,0.7142857142857143,0.8013392857142857,0.043038400006480515,0.00029919999360572547
45,Heart Disease,9,RandomFuzzyRules__max_rules_len__7,273,30,13,25,0.7333333333333333,0.7142857142857143,0.8013392857142857,0.04539089999161661,0.0002865999995265156
45,Heart Disease,10,RandomFuzzyRules__max_rules_len__2,273,30,13,25,0.7333333333333333,0.7142857142857143,0.8236607142857144,0.03859050000028219,0.00024140000459738076
45,Heart Disease,10,RandomFuzzyRules__max_rules_len__3,273,30,13,25,0.7333333333333333,0.6923076923076923,0.8303571428571429,0.038914399992791004,0.00028700000257231295
45,Heart Disease,10,RandomFuzzyRules__max_rules_len__4,273,30,13,25,0.7333333333333333,0.6923076923076923,0.7901785714285715,0.040901800006395206,0.00028020000900141895
45,Heart Disease,10,RandomFuzzyRules__max_rules_len__5,273,30,13,25,0.7666666666666667,0.7407407407407407,0.8080357142857144,0.04242789999989327,0.0003015999973285943
45,Heart Disease,10,RandomFuzzyRules__max_rules_len__6,273,30,13,25,0.7333333333333333,0.6923076923076923,0.7633928571428572,0.042687799999839626,0.00030390000029001385
45,Heart Disease,10,RandomFuzzyRules__max_rules_len__7,273,30,13,25,0.7333333333333333,0.7142857142857143,0.7566964285714286,0.04529819999879692,0.0002812000020639971
46,Hepatitis,1,RandomFuzzyRules__max_rules_len__2,139,16,19,31,1.0,1.0,1.0,0.03519939999387134,0.00020029999723192304
46,Hepatitis,1,RandomFuzzyRules__max_rules_len__3,139,16,19,31,0.875,0.9285714285714286,0.6923076923076924,0.03003950000857003,0.0002452000044286251
46,Hepatitis,1,RandomFuzzyRules__max_rules_len__4,139,16,19,31,0.8125,0.896551724137931,0.6923076923076925,0.03316639999684412,0.0002477999951224774
46,Hepatitis,1,RandomFuzzyRules__max_rules_len__5,139,16,19,31,0.8125,0.896551724137931,0.4102564102564103,0.03572679999342654,0.0002449000021442771
46,Hepatitis,1,RandomFuzzyRules__max_rules_len__6,139,16,19,31,0.875,0.9285714285714286,1.0,0.03659730000072159,0.0002789999998640269
46,Hepatitis,1,RandomFuzzyRules__max_rules_len__7,139,16,19,31,0.8125,0.896551724137931,0.4102564102564103,0.038100999998277985,0.00027039999258704484
46,Hepatitis,2,RandomFuzzyRules__max_rules_len__2,139,16,19,31,0.8125,0.8888888888888888,0.47435897435897445,0.03499440000450704,0.0002275000006193295
46,Hepatitis,2,RandomFuzzyRules__max_rules_len__3,139,16,19,31,0.8125,0.8888888888888888,0.8076923076923077,0.03444050000689458,0.00023920000239741057
46,Hepatitis,2,RandomFuzzyRules__max_rules_len__4,139,16,19,31,0.8125,0.8888888888888888,0.9487179487179488,0.035176299992599525,0.0002699999895412475
46,Hepatitis,2,RandomFuzzyRules__max_rules_len__5,139,16,19,31,0.8125,0.8888888888888888,0.7435897435897436,0.03653440000198316,0.0002742000069702044
46,Hepatitis,2,RandomFuzzyRules__max_rules_len__6,139,16,19,31,0.8125,0.8888888888888888,0.7435897435897436,0.037442200002260506,0.0002708999963942915
46,Hepatitis,2,RandomFuzzyRules__max_rules_len__7,139,16,19,31,0.8125,0.8888888888888888,0.9487179487179488,0.03836159998900257,0.0002673999988473952
46,Hepatitis,3,RandomFuzzyRules__max_rules_len__2,139,16,19,31,0.6875,0.8148148148148148,0.8461538461538461,0.03467079999973066,0.00023060000967234373
46,Hepatitis,3,RandomFuzzyRules__max_rules_len__3,139,16,19,31,0.875,0.9230769230769231,0.9487179487179488,0.03465390000201296,0.0002908000024035573
46,Hepatitis,3,RandomFuzzyRules__max_rules_len__4,139,16,19,31,0.875,0.9230769230769231,0.9615384615384616,0.035354699997697026,0.00028360000578686595
46,Hepatitis,3,RandomFuzzyRules__max_rules_len__5,139,16,19,31,0.6875,0.8148148148148148,0.782051282051282,0.03620619999128394,0.0002716000017244369
46,Hepatitis,3,RandomFuzzyRules__max_rules_len__6,139,16,19,31,0.75,0.8571428571428571,0.9230769230769231,0.03776810000999831,0.00029779999749735
46,Hepatitis,3,RandomFuzzyRules__max_rules_len__7,139,16,19,31,0.875,0.9285714285714286,0.9743589743589745,0.03900800000701565,0.0002843999973265454
46,Hepatitis,4,RandomFuzzyRules__max_rules_len__2,139,16,19,31,0.8125,0.88,0.75,0.034388700005365536,0.0002447000006213784
46,Hepatitis,4,RandomFuzzyRules__max_rules_len__3,139,16,19,31,0.8125,0.8888888888888888,0.75,0.03436900000087917,0.0002699000033317134
46,Hepatitis,4,RandomFuzzyRules__max_rules_len__4,139,16,19,31,0.75,0.8461538461538461,0.875,0.03466770000522956,0.00027689999842550606
46,Hepatitis,4,RandomFuzzyRules__max_rules_len__5,139,16,19,31,0.75,0.8461538461538461,0.6875,0.03616190000320785,0.0002632999967318028
46,Hepatitis,4,RandomFuzzyRules__max_rules_len__6,139,16,19,31,0.6875,0.8148148148148148,0.8645833333333333,0.037024000004748814,0.0002452999906381592
46,Hepatitis,4,RandomFuzzyRules__max_rules_len__7,139,16,19,31,0.6875,0.8,0.6666666666666667,0.039217499986989424,0.0002813000028254464
46,Hepatitis,5,RandomFuzzyRules__max_rules_len__2,139,16,19,31,0.8125,0.8695652173913043,0.75,0.035226799998781644,0.00027219999174121767
46,Hepatitis,5,RandomFuzzyRules__max_rules_len__3,139,16,19,31,0.8125,0.8888888888888888,0.75,0.03485160000855103,0.00019289999909233302
46,Hepatitis,5,RandomFuzzyRules__max_rules_len__4,139,16,19,31,0.8125,0.8888888888888888,0.8020833333333333,0.03465509999659844,0.00026089999300893396
46,Hepatitis,5,RandomFuzzyRules__max_rules_len__5,139,16,19,31,0.8125,0.8888888888888888,0.75,0.03688939999847207,0.0002801999944495037
46,Hepatitis,5,RandomFuzzyRules__max_rules_len__6,139,16,19,31,0.8125,0.8888888888888888,0.4479166666666667,0.03825610000058077,0.00030619998869951814
46,Hepatitis,5,RandomFuzzyRules__max_rules_len__7,139,16,19,31,0.8125,0.8888888888888888,0.8020833333333333,0.03825179999694228,0.000271999990218319
46,Hepatitis,6,RandomFuzzyRules__max_rules_len__2,140,15,19,31,0.8666666666666667,0.9230769230769231,0.9444444444444445,0.03441969999403227,0.0002459999959683046
46,Hepatitis,6,RandomFuzzyRules__max_rules_len__3,140,15,19,31,0.8,0.8888888888888888,0.6111111111111112,0.035216300006140955,0.0002744000084931031
46,Hepatitis,6,RandomFuzzyRules__max_rules_len__4,140,15,19,31,0.8,0.88,0.7916666666666667,0.03507659999013413,0.00026610000350046903
46,Hepatitis,6,RandomFuzzyRules__max_rules_len__5,140,15,19,31,0.8,0.8888888888888888,0.5555555555555556,0.036058400000911206,0.0002680000034160912
46,Hepatitis,6,RandomFuzzyRules__max_rules_len__6,140,15,19,31,0.6666666666666666,0.8,0.5000000000000001,0.03855860000476241,0.00029349999385885894
46,Hepatitis,6,RandomFuzzyRules__max_rules_len__7,140,15,19,31,0.7333333333333333,0.8333333333333334,0.6666666666666667,0.03901829999813344,0.0002882999979192391
46,Hepatitis,7,RandomFuzzyRules__max_rules_len__2,140,15,19,31,0.8,0.88,0.9166666666666666,0.03358180000213906,0.0002351000002818182
46,Hepatitis,7,RandomFuzzyRules__max_rules_len__3,140,15,19,31,0.8666666666666667,0.9230769230769231,0.638888888888889,0.03420749999349937,0.0002677000011317432
46,Hepatitis,7,RandomFuzzyRules__max_rules_len__4,140,15,19,31,0.8666666666666667,0.9230769230769231,0.5,0.03512129999580793,0.0002558999985922128
46,Hepatitis,7,RandomFuzzyRules__max_rules_len__5,140,15,19,31,0.8,0.88,0.9166666666666666,0.03568769998673815,0.0002128000051015988
46,Hepatitis,7,RandomFuzzyRules__max_rules_len__6,140,15,19,31,0.7333333333333333,0.8461538461538461,0.8055555555555556,0.03726329999335576,0.00023429999419022352
46,Hepatitis,7,RandomFuzzyRules__max_rules_len__7,140,15,19,31,0.8666666666666667,0.9230769230769231,0.8888888888888888,0.04599690000759438,0.0002965000021504238
46,Hepatitis,8,RandomFuzzyRules__max_rules_len__2,140,15,19,31,0.8,0.88,0.7222222222222222,0.03930730000138283,0.00028279999969527125
46,Hepatitis,8,RandomFuzzyRules__max_rules_len__3,140,15,19,31,0.8,0.88,0.9166666666666666,0.037055599997984245,0.00024310000299010426
46,Hepatitis,8,RandomFuzzyRules__max_rules_len__4,140,15,19,31,0.8,0.88,0.6527777777777778,0.034373399990727194,0.00021769999875687063
46,Hepatitis,8,RandomFuzzyRules__max_rules_len__5,140,15,19,31,0.8,0.88,0.8333333333333334,0.04124370000499766,0.0002747999969869852
46,Hepatitis,8,RandomFuzzyRules__max_rules_len__6,140,15,19,31,0.8,0.88,0.8333333333333334,0.0390480999922147,0.0002640000020619482
46,Hepatitis,8,RandomFuzzyRules__max_rules_len__7,140,15,19,31,0.7333333333333333,0.8461538461538461,0.9166666666666666,0.04648039999301545,0.00026649999199435115
46,Hepatitis,9,RandomFuzzyRules__max_rules_len__2,140,15,19,31,0.7333333333333333,0.8181818181818182,0.638888888888889,0.03911630000220612,0.00028560000646393746
46,Hepatitis,9,RandomFuzzyRules__max_rules_len__3,140,15,19,31,0.7333333333333333,0.8333333333333334,0.7222222222222223,0.03438359999563545,0.0002986999897984788
46,Hepatitis,9,RandomFuzzyRules__max_rules_len__4,140,15,19,31,0.7333333333333333,0.8333333333333334,0.7777777777777779,0.03450610001164023,0.00021830000332556665
46,Hepatitis,9,RandomFuzzyRules__max_rules_len__5,140,15,19,31,0.7333333333333333,0.8333333333333334,0.4722222222222223,0.040416799995000474,0.0002496000088285655
46,Hepatitis,9,RandomFuzzyRules__max_rules_len__6,140,15,19,31,0.7333333333333333,0.8333333333333334,0.4444444444444445,0.03657270000257995,0.00022509999689646065
46,Hepatitis,9,RandomFuzzyRules__max_rules_len__7,140,15,19,31,0.8,0.88,0.7222222222222222,0.04073470000002999,0.0003232000017305836
46,Hepatitis,10,RandomFuzzyRules__max_rules_len__2,140,15,19,31,0.7333333333333333,0.8333333333333334,0.8611111111111112,0.03918250001152046,0.0002700000040931627
46,Hepatitis,10,RandomFuzzyRules__max_rules_len__3,140,15,19,31,0.8,0.88,0.6805555555555556,0.03848390000348445,0.0002452000044286251
46,Hepatitis,10,RandomFuzzyRules__max_rules_len__4,140,15,19,31,0.8,0.88,0.6944444444444444,0.03391630000260193,0.00021399999968707561
46,Hepatitis,10,RandomFuzzyRules__max_rules_len__5,140,15,19,31,0.7333333333333333,0.8461538461538461,0.7916666666666667,0.03308839999954216,0.00022519999765791
46,Hepatitis,10,RandomFuzzyRules__max_rules_len__6,140,15,19,31,0.7333333333333333,0.8461538461538461,0.9166666666666666,0.0388161000009859,0.00031689999741502106
46,Hepatitis,10,RandomFuzzyRules__max_rules_len__7,140,15,19,31,0.8,0.88,0.6944444444444444,0.045886699997936375,0.00029839998751413077
52,Ionosphere,1,RandomFuzzyRules__max_rules_len__2,315,36,34,34,0.8055555555555556,0.8679245283018868,0.6521739130434783,0.04763400000229012,0.00027859999681822956
52,Ionosphere,1,RandomFuzzyRules__max_rules_len__3,315,36,34,34,0.9166666666666666,0.9387755102040817,0.8494983277591973,0.05533909999940079,0.0002632999967318028
52,Ionosphere,1,RandomFuzzyRules__max_rules_len__4,315,36,34,34,0.8333333333333334,0.8846153846153846,0.5869565217391304,0.0423204000107944,0.00021830000332556665
52,Ionosphere,1,RandomFuzzyRules__max_rules_len__5,315,36,34,34,0.8333333333333334,0.88,0.8327759197324415,0.05624869999883231,0.0002300000051036477
52,Ionosphere,1,RandomFuzzyRules__max_rules_len__6,315,36,34,34,0.8888888888888888,0.92,0.7391304347826086,0.04395339998882264,0.00022450000687967986
52,Ionosphere,1,RandomFuzzyRules__max_rules_len__7,315,36,34,34,0.8333333333333334,0.8846153846153846,0.6153846153846153,0.05007490000571124,0.00031189998844638467
52,Ionosphere,2,RandomFuzzyRules__max_rules_len__2,316,35,34,34,0.7428571428571429,0.8301886792452831,0.7934782608695652,0.03979929999331944,0.00020969999604858458
52,Ionosphere,2,RandomFuzzyRules__max_rules_len__3,316,35,34,34,0.9142857142857143,0.9361702127659575,0.9184782608695652,0.05332170000474434,0.00020589999621734023
52,Ionosphere,2,RandomFuzzyRules__max_rules_len__4,316,35,34,34,0.8285714285714286,0.8695652173913043,0.9420289855072463,0.05650920000334736,0.0003225000109523535
52,Ionosphere,2,RandomFuzzyRules__max_rules_len__5,316,35,34,34,0.8,0.8627450980392157,0.7681159420289855,0.05812539999897126,0.0003066000062972307
52,Ionosphere,2,RandomFuzzyRules__max_rules_len__6,316,35,34,34,0.9142857142857143,0.9361702127659575,0.9202898550724637,0.07171059999382123,0.00026729999808594584
52,Ionosphere,2,RandomFuzzyRules__max_rules_len__7,316,35,34,34,0.8285714285714286,0.8695652173913043,0.9420289855072463,0.048196400006418116,0.0002697999880183488
52,Ionosphere,3,RandomFuzzyRules__max_rules_len__2,316,35,34,34,0.7714285714285715,0.8461538461538461,0.6413043478260869,0.04074209999816958,0.0002936000091722235
52,Ionosphere,3,RandomFuzzyRules__max_rules_len__3,316,35,34,34,0.7714285714285715,0.8461538461538461,0.7644927536231884,0.05604660000244621,0.0002570999931776896
52,Ionosphere,3,RandomFuzzyRules__max_rules_len__4,316,35,34,34,0.7714285714285715,0.8461538461538461,0.6413043478260869,0.044255400003748946,0.00032079999800771475
52,Ionosphere,3,RandomFuzzyRules__max_rules_len__5,316,35,34,34,0.7428571428571429,0.8235294117647058,0.6105072463768115,0.06465669999306556,0.00023190000501926988
52,Ionosphere,3,RandomFuzzyRules__max_rules_len__6,316,35,34,34,0.8571428571428571,0.8979591836734694,0.7971014492753623,0.046690000002854504,0.0003004999889526516
52,Ionosphere,3,RandomFuzzyRules__max_rules_len__7,316,35,34,34,0.7714285714285715,0.8461538461538461,0.5579710144927537,0.04920779999520164,0.00030529999639838934
52,Ionosphere,4,RandomFuzzyRules__max_rules_len__2,316,35,34,34,0.8285714285714286,0.88,0.6992753623188406,0.04068310000002384,0.00029260000155773014
52,Ionosphere,4,RandomFuzzyRules__max_rules_len__3,316,35,34,34,0.9142857142857143,0.9387755102040817,0.8822463768115942,0.05909269998664968,0.00030080000578891486
52,Ionosphere,4,RandomFuzzyRules__max_rules_len__4,316,35,34,34,0.8,0.8571428571428571,0.7282608695652174,0.057064599997829646,0.00022590000298805535
52,Ionosphere,4,RandomFuzzyRules__max_rules_len__5,316,35,34,34,0.7714285714285715,0.8518518518518519,0.8043478260869565,0.06179240001074504,0.0002342000079806894
52,Ionosphere,4,RandomFuzzyRules__max_rules_len__6,316,35,34,34,0.8857142857142857,0.92,0.7789855072463768,0.05261860000609886,0.00026700001035351306
52,Ionosphere,4,RandomFuzzyRules__max_rules_len__7,316,35,34,34,0.8571428571428571,0.8936170212765957,0.818840579710145,0.046485399987432174,0.00023770000552758574
52,Ionosphere,5,RandomFuzzyRules__max_rules_len__2,316,35,34,34,0.8,0.8571428571428571,0.75,0.040130800000042655,0.000229199999012053
52,Ionosphere,5,RandomFuzzyRules__max_rules_len__3,316,35,34,34,0.8285714285714286,0.88,0.8731884057971014,0.04274530000111554,0.0003046999918296933
52,Ionosphere,5,RandomFuzzyRules__max_rules_len__4,316,35,34,34,0.7714285714285715,0.8461538461538461,0.605072463768116,0.05785919999470934,0.00030440000409726053
52,Ionosphere,5,RandomFuzzyRules__max_rules_len__5,316,35,34,34,0.8,0.8571428571428571,0.661231884057971,0.04484880001109559,0.00030840000545140356
52,Ionosphere,5,RandomFuzzyRules__max_rules_len__6,316,35,34,34,0.8571428571428571,0.8936170212765957,0.8623188405797102,0.06002479999733623,0.00022029998945072293
52,Ionosphere,5,RandomFuzzyRules__max_rules_len__7,316,35,34,34,0.7714285714285715,0.8461538461538461,0.605072463768116,0.04984020000847522,0.0003119000029982999
52,Ionosphere,6,RandomFuzzyRules__max_rules_len__2,316,35,34,34,0.7714285714285715,0.8461538461538461,0.7167832167832167,0.04085200000554323,0.0002640000020619482
52,Ionosphere,6,RandomFuzzyRules__max_rules_len__3,316,35,34,34,0.8285714285714286,0.88,0.7272727272727273,0.04230519999691751,0.00026640000578481704
52,Ionosphere,6,RandomFuzzyRules__max_rules_len__4,316,35,34,34,0.8,0.8627450980392157,0.6958041958041957,0.055946899999980815,0.00022600000374950469
52,Ionosphere,6,RandomFuzzyRules__max_rules_len__5,316,35,34,34,0.8,0.8627450980392157,0.6153846153846154,0.04938880000554491,0.00026960000104736537
52,Ionosphere,6,RandomFuzzyRules__max_rules_len__6,316,35,34,34,0.9142857142857143,0.9361702127659575,0.9020979020979021,0.04288290000113193,0.00028249999741092324
52,Ionosphere,6,RandomFuzzyRules__max_rules_len__7,316,35,34,34,0.8,0.8627450980392157,0.6153846153846154,0.050500299999839626,0.0002623000036692247
52,Ionosphere,7,RandomFuzzyRules__max_rules_len__2,316,35,34,34,0.7142857142857143,0.7916666666666666,0.5664335664335665,0.03616709999914747,0.0002663000050233677
52,Ionosphere,7,RandomFuzzyRules__max_rules_len__3,316,35,34,34,0.8285714285714286,0.88,0.7307692307692307,0.05452570000488777,0.00021040000137872994
52,Ionosphere,7,RandomFuzzyRules__max_rules_len__4,316,35,34,34,0.7142857142857143,0.7727272727272727,0.7517482517482518,0.043452500001876615,0.0002268999960506335
52,Ionosphere,7,RandomFuzzyRules__max_rules_len__5,316,35,34,34,0.7428571428571429,0.8163265306122449,0.5979020979020979,0.04979720000119414,0.0002812000020639971
52,Ionosphere,7,RandomFuzzyRules__max_rules_len__6,316,35,34,34,0.8857142857142857,0.9166666666666666,0.8374125874125874,0.06516920001013204,0.00026590000197757035
52,Ionosphere,7,RandomFuzzyRules__max_rules_len__7,316,35,34,34,0.7142857142857143,0.7727272727272727,0.7517482517482518,0.05081899999640882,0.0002657000004546717
52,Ionosphere,8,RandomFuzzyRules__max_rules_len__2,316,35,34,34,0.9428571428571428,0.9565217391304348,0.8986013986013986,0.051659099990502,0.00022230000467970967
52,Ionosphere,8,RandomFuzzyRules__max_rules_len__3,316,35,34,34,0.9428571428571428,0.9565217391304348,0.8951048951048951,0.054553599999053404,0.00022109999554231763
52,Ionosphere,8,RandomFuzzyRules__max_rules_len__4,316,35,34,34,0.8857142857142857,0.9166666666666666,0.7132867132867133,0.04107980000844691,0.00023750000400468707
52,Ionosphere,8,RandomFuzzyRules__max_rules_len__5,316,35,34,34,0.9428571428571428,0.9565217391304348,0.8951048951048951,0.061284299998078495,0.0003150000120513141
52,Ionosphere,8,RandomFuzzyRules__max_rules_len__6,316,35,34,34,0.9428571428571428,0.9565217391304348,0.8986013986013986,0.04769749999104533,0.00031689999741502106
52,Ionosphere,8,RandomFuzzyRules__max_rules_len__7,316,35,34,34,0.8857142857142857,0.9166666666666666,0.7132867132867133,0.05022119999921415,0.00025719999393913895
52,Ionosphere,9,RandomFuzzyRules__max_rules_len__2,316,35,34,34,0.7142857142857143,0.8,0.5087412587412588,0.035679199994774535,0.00022289999469649047
52,Ionosphere,9,RandomFuzzyRules__max_rules_len__3,316,35,34,34,0.7428571428571429,0.8163265306122449,0.6958041958041958,0.043252599993138574,0.00026030000299215317
52,Ionosphere,9,RandomFuzzyRules__max_rules_len__4,316,35,34,34,0.7142857142857143,0.782608695652174,0.7255244755244755,0.05777509999461472,0.00022489999537356198
52,Ionosphere,9,RandomFuzzyRules__max_rules_len__5,316,35,34,34,0.7142857142857143,0.8,0.5,0.046859499998390675,0.0002849000011337921
52,Ionosphere,9,RandomFuzzyRules__max_rules_len__6,316,35,34,34,0.8285714285714286,0.8695652173913043,0.7517482517482518,0.04627750000508968,0.00030500000866595656
52,Ionosphere,9,RandomFuzzyRules__max_rules_len__7,316,35,34,34,0.7142857142857143,0.782608695652174,0.7255244755244755,0.06909990000713151,0.00026450000586919487
52,Ionosphere,10,RandomFuzzyRules__max_rules_len__2,316,35,34,34,0.8571428571428571,0.8936170212765957,0.7937062937062938,0.04091110000445042,0.0002606000052765012
52,Ionosphere,10,RandomFuzzyRules__max_rules_len__3,316,35,34,34,0.8857142857142857,0.9130434782608695,0.8496503496503497,0.055561500004841946,0.00021909999486524612
52,Ionosphere,10,RandomFuzzyRules__max_rules_len__4,316,35,34,34,0.8285714285714286,0.8695652173913043,0.8076923076923077,0.039220899998326786,0.0002665000065462664
52,Ionosphere,10,RandomFuzzyRules__max_rules_len__5,316,35,34,34,0.8285714285714286,0.875,0.8041958041958042,0.04764639999484643,0.000304899993352592
52,Ionosphere,10,RandomFuzzyRules__max_rules_len__6,316,35,34,34,0.8571428571428571,0.8936170212765957,0.8024475524475525,0.04658910000580363,0.00030470000638160855
52,Ionosphere,10,RandomFuzzyRules__max_rules_len__7,316,35,34,34,0.8285714285714286,0.8695652173913043,0.8076923076923077,0.048559500006376766,0.00031999999191612005
74,Musk (Version 1),1,RandomFuzzyRules__max_rules_len__2,428,48,168,685,0.6458333333333334,0.5405405405405406,0.5802469135802469,0.052216199997928925,0.00029779999749735
74,Musk (Version 1),1,RandomFuzzyRules__max_rules_len__3,428,48,168,685,0.7291666666666666,0.6486486486486487,0.6763668430335097,0.04222450000816025,0.00026149999757763
74,Musk (Version 1),1,RandomFuzzyRules__max_rules_len__4,428,48,168,685,0.7291666666666666,0.6486486486486487,0.6763668430335097,0.04598709999118,0.0003226999979233369
74,Musk (Version 1),1,RandomFuzzyRules__max_rules_len__5,428,48,168,685,0.7291666666666666,0.6486486486486487,0.6798941798941799,0.06016450001334306,0.00029209999775048345
74,Musk (Version 1),1,RandomFuzzyRules__max_rules_len__6,428,48,168,685,0.6458333333333334,0.5405405405405406,0.5802469135802469,0.0750121000019135,0.0003428999916650355
74,Musk (Version 1),1,RandomFuzzyRules__max_rules_len__7,428,48,168,685,0.7291666666666666,0.6486486486486487,0.6763668430335097,0.07213269999192562,0.00037989999691490084
74,Musk (Version 1),2,RandomFuzzyRules__max_rules_len__2,428,48,168,686,0.6041666666666666,0.4864864864864865,0.6393298059964727,0.04279099999985192,0.0003806000022450462
74,Musk (Version 1),2,RandomFuzzyRules__max_rules_len__3,428,48,168,686,0.6458333333333334,0.5405405405405406,0.6825396825396826,0.05927660000452306,0.0003858999989461154
74,Musk (Version 1),2,RandomFuzzyRules__max_rules_len__4,428,48,168,686,0.6458333333333334,0.5405405405405406,0.6825396825396826,0.06342450001102407,0.00033000000985339284
74,Musk (Version 1),2,RandomFuzzyRules__max_rules_len__5,428,48,168,686,0.6458333333333334,0.5405405405405406,0.6825396825396826,0.06611200000043027,0.00026139999681618065
74,Musk (Version 1),2,RandomFuzzyRules__max_rules_len__6,428,48,168,686,0.6875,0.5454545454545454,0.6675485008818343,0.059491399995749816,0.0003708000003825873
74,Musk (Version 1),2,RandomFuzzyRules__max_rules_len__7,428,48,168,686,0.6458333333333334,0.5405405405405406,0.6825396825396826,0.05543310000211932,0.0003308000013930723
74,Musk (Version 1),3,RandomFuzzyRules__max_rules_len__2,428,48,168,685,0.7708333333333334,0.7027027027027027,0.7601410934744268,0.05499190000409726,0.00037480000173673034
74,Musk (Version 1),3,RandomFuzzyRules__max_rules_len__3,428,48,168,685,0.7916666666666666,0.7222222222222222,0.8298059964726631,0.044831000006524846,0.00037650000012945384
74,Musk (Version 1),3,RandomFuzzyRules__max_rules_len__4,428,48,168,685,0.7916666666666666,0.7222222222222222,0.8298059964726631,0.06125290000636596,0.0003786999877775088
74,Musk (Version 1),3,RandomFuzzyRules__max_rules_len__5,428,48,168,685,0.7916666666666666,0.7222222222222222,0.8298059964726631,0.06376049999380484,0.00027299999783281237
74,Musk (Version 1),3,RandomFuzzyRules__max_rules_len__6,428,48,168,685,0.75,0.6666666666666666,0.763668430335097,0.06798310000158381,0.0003274000046076253
74,Musk (Version 1),3,RandomFuzzyRules__max_rules_len__7,428,48,168,685,0.7916666666666666,0.7222222222222222,0.8298059964726631,0.051386599996476434,0.0002857999934349209
74,Musk (Version 1),4,RandomFuzzyRules__max_rules_len__2,428,48,168,686,0.6041666666666666,0.4864864864864865,0.654320987654321,0.04218849999597296,0.0003887999919243157
74,Musk (Version 1),4,RandomFuzzyRules__max_rules_len__3,428,48,168,686,0.6458333333333334,0.5405405405405406,0.5864197530864198,0.04467730000033043,0.00037680000241380185
74,Musk (Version 1),4,RandomFuzzyRules__max_rules_len__4,428,48,168,686,0.6458333333333334,0.5405405405405406,0.5864197530864198,0.06501940000453033,0.0003434999962337315
74,Musk (Version 1),4,RandomFuzzyRules__max_rules_len__5,428,48,168,686,0.6458333333333334,0.5405405405405406,0.5864197530864198,0.05214230000274256,0.00032839999767020345
74,Musk (Version 1),4,RandomFuzzyRules__max_rules_len__6,428,48,168,686,0.6041666666666666,0.4864864864864865,0.654320987654321,0.05356069999106694,0.0003690000012284145
74,Musk (Version 1),4,RandomFuzzyRules__max_rules_len__7,428,48,168,686,0.6458333333333334,0.5405405405405406,0.5864197530864198,0.0683193000004394,0.000291000003926456
74,Musk (Version 1),5,RandomFuzzyRules__max_rules_len__2,428,48,168,686,0.6041666666666666,0.4864864864864865,0.591710758377425,0.040981200014357455,0.0003406000032555312
74,Musk (Version 1),5,RandomFuzzyRules__max_rules_len__3,428,48,168,686,0.6875,0.5454545454545454,0.7169312169312169,0.04249269999854732,0.00035820000630337745
74,Musk (Version 1),5,RandomFuzzyRules__max_rules_len__4,428,48,168,686,0.6875,0.5454545454545454,0.7169312169312169,0.046099899991531856,0.00037029999657534063
74,Musk (Version 1),5,RandomFuzzyRules__max_rules_len__5,428,48,168,686,0.6875,0.5454545454545454,0.7169312169312169,0.04823000000033062,0.00036450001061894
74,Musk (Version 1),5,RandomFuzzyRules__max_rules_len__6,428,48,168,686,0.6041666666666666,0.4864864864864865,0.591710758377425,0.050474599993322045,0.00036869999894406646
74,Musk (Version 1),5,RandomFuzzyRules__max_rules_len__7,428,48,168,686,0.6875,0.5454545454545454,0.7169312169312169,0.055363300009048544,0.0003674000035971403
74,Musk (Version 1),6,RandomFuzzyRules__max_rules_len__2,428,48,168,685,0.6666666666666666,0.6,0.5855379188712523,0.04198239999823272,0.00032079999800771475
74,Musk (Version 1),6,RandomFuzzyRules__max_rules_len__3,428,48,168,685,0.6458333333333334,0.5853658536585366,0.6455026455026456,0.04326469999796245,0.0003412999940337613
74,Musk (Version 1),6,RandomFuzzyRules__max_rules_len__4,428,48,168,685,0.6458333333333334,0.5853658536585366,0.6455026455026456,0.04546490000211634,0.0003566999948816374
74,Musk (Version 1),6,RandomFuzzyRules__max_rules_len__5,428,48,168,685,0.6458333333333334,0.5853658536585366,0.6455026455026456,0.048419600003398955,0.00037710000469814986
74,Musk (Version 1),6,RandomFuzzyRules__max_rules_len__6,428,48,168,685,0.6666666666666666,0.6,0.6005291005291006,0.051598999998532236,0.00037179999344516546
74,Musk (Version 1),6,RandomFuzzyRules__max_rules_len__7,428,48,168,685,0.6458333333333334,0.5853658536585366,0.6455026455026456,0.0551975999987917,0.0003584000078262761
74,Musk (Version 1),7,RandomFuzzyRules__max_rules_len__2,429,47,168,687,0.7021276595744681,0.631578947368421,0.6904761904761905,0.042167100007645786,0.0002905000001192093
74,Musk (Version 1),7,RandomFuzzyRules__max_rules_len__3,429,47,168,687,0.723404255319149,0.6829268292682927,0.7893772893772895,0.042451699991943315,0.0003591999993659556
74,Musk (Version 1),7,RandomFuzzyRules__max_rules_len__4,429,47,168,687,0.723404255319149,0.6829268292682927,0.7893772893772895,0.04543359999661334,0.000344299987773411
74,Musk (Version 1),7,RandomFuzzyRules__max_rules_len__5,429,47,168,687,0.723404255319149,0.6829268292682927,0.7893772893772895,0.050634399987757206,0.0003542000049492344
74,Musk (Version 1),7,RandomFuzzyRules__max_rules_len__6,429,47,168,687,0.7446808510638298,0.7,0.7060439560439561,0.05154760000004899,0.00035000000207219273
74,Musk (Version 1),7,RandomFuzzyRules__max_rules_len__7,429,47,168,687,0.723404255319149,0.6829268292682927,0.7893772893772895,0.05520479999540839,0.00037039999733678997
74,Musk (Version 1),8,RandomFuzzyRules__max_rules_len__2,429,47,168,687,0.7872340425531915,0.75,0.7981481481481482,0.04181640000024345,0.0003268999862484634
74,Musk (Version 1),8,RandomFuzzyRules__max_rules_len__3,429,47,168,687,0.8085106382978723,0.7804878048780488,0.8583333333333334,0.048398999992059544,0.00038159999530762434
74,Musk (Version 1),8,RandomFuzzyRules__max_rules_len__4,429,47,168,687,0.8085106382978723,0.7804878048780488,0.8583333333333334,0.045496999999159016,0.0003696000057971105
74,Musk (Version 1),8,RandomFuzzyRules__max_rules_len__5,429,47,168,687,0.8085106382978723,0.7804878048780488,0.8583333333333334,0.0481082000042079,0.0003601000062189996
74,Musk (Version 1),8,RandomFuzzyRules__max_rules_len__6,429,47,168,687,0.7872340425531915,0.75,0.8018518518518519,0.05098700000962708,0.0003690000012284145
74,Musk (Version 1),8,RandomFuzzyRules__max_rules_len__7,429,47,168,687,0.8085106382978723,0.7804878048780488,0.8583333333333334,0.05430730000080075,0.0003763999993680045
74,Musk (Version 1),9,RandomFuzzyRules__max_rules_len__2,429,47,168,686,0.6808510638297872,0.5945945945945946,0.6740740740740742,0.040663499996298924,0.000341799997841008
74,Musk (Version 1),9,RandomFuzzyRules__max_rules_len__3,429,47,168,686,0.7446808510638298,0.6842105263157895,0.7296296296296295,0.042922000007820316,0.0003510999958962202
74,Musk (Version 1),9,RandomFuzzyRules__max_rules_len__4,429,47,168,686,0.7446808510638298,0.6470588235294118,0.7999999999999999,0.04603940001106821,0.00035760000173468143
74,Musk (Version 1),9,RandomFuzzyRules__max_rules_len__5,429,47,168,686,0.7446808510638298,0.6842105263157895,0.7222222222222222,0.049152899999171495,0.00037599999632220715
74,Musk (Version 1),9,RandomFuzzyRules__max_rules_len__6,429,47,168,686,0.6808510638297872,0.5945945945945946,0.6740740740740742,0.051446299999952316,0.0003839000128209591
74,Musk (Version 1),9,RandomFuzzyRules__max_rules_len__7,429,47,168,686,0.7446808510638298,0.6842105263157895,0.7222222222222222,0.054456400001072325,0.00036050000926479697
74,Musk (Version 1),10,RandomFuzzyRules__max_rules_len__2,429,47,168,687,0.6170212765957447,0.4375,0.5416666666666667,0.04079790000105277,0.0003448000061325729
74,Musk (Version 1),10,RandomFuzzyRules__max_rules_len__3,429,47,168,687,0.6595744680851063,0.5294117647058824,0.6074074074074074,0.042865899988100864,0.00036099999852012843
74,Musk (Version 1),10,RandomFuzzyRules__max_rules_len__4,429,47,168,687,0.6595744680851063,0.5294117647058824,0.6074074074074074,0.04610710000270046,0.00035000000207219273
74,Musk (Version 1),10,RandomFuzzyRules__max_rules_len__5,429,47,168,687,0.6595744680851063,0.5294117647058824,0.6277777777777779,0.04889859999821056,0.00033460000122431666
74,Musk (Version 1),10,RandomFuzzyRules__max_rules_len__6,429,47,168,687,0.6170212765957447,0.4375,0.5425925925925926,0.05043570000270847,0.00037310000334400684
74,Musk (Version 1),10,RandomFuzzyRules__max_rules_len__7,429,47,168,687,0.6595744680851063,0.5294117647058824,0.6074074074074074,0.05524729999888223,0.0003637000045273453
75,Musk (Version 2),1,RandomFuzzyRules__max_rules_len__2,5938,660,166,166,0.8484848484848485,0.1935483870967742,0.6831558788389909,0.3498029000038514,0.0005495999939739704
75,Musk (Version 2),1,RandomFuzzyRules__max_rules_len__3,5938,660,166,166,0.85,0.12389380530973451,0.5752161079485557,0.432972399998107,0.0006222999945748597
75,Musk (Version 2),1,RandomFuzzyRules__max_rules_len__4,5938,660,166,166,0.8515151515151516,0.07547169811320754,0.6706286457235223,0.40328909999516327,0.0005923999997321516
75,Musk (Version 2),1,RandomFuzzyRules__max_rules_len__5,5938,660,166,166,0.8409090909090909,0.1732283464566929,0.6733080328905756,0.440939400010393,0.0006715000054100528
75,Musk (Version 2),1,RandomFuzzyRules__max_rules_len__6,5938,660,166,166,0.8378787878787879,0.13008130081300814,0.6538583175205566,0.46295119999558665,0.0006534999993164092
75,Musk (Version 2),1,RandomFuzzyRules__max_rules_len__7,5938,660,166,166,0.8651515151515151,0.31007751937984496,0.6751967812214492,0.4822774000058416,0.0006105000065872446
75,Musk (Version 2),2,RandomFuzzyRules__max_rules_len__2,5938,660,166,166,0.8469696969696969,0.019417475728155338,0.6215475437486823,0.4547211999888532,0.00045279999903868884
75,Musk (Version 2),2,RandomFuzzyRules__max_rules_len__3,5938,660,166,166,0.8545454545454545,0.15789473684210525,0.5921884882985453,0.5119036000105552,0.0006597000028705224
75,Musk (Version 2),2,RandomFuzzyRules__max_rules_len__4,5938,660,166,166,0.8484848484848485,0.038461538461538464,0.6335740389345703,0.4106410000094911,0.0005955999949947
75,Musk (Version 2),2,RandomFuzzyRules__max_rules_len__5,5938,660,166,166,0.8515151515151516,0.07547169811320754,0.6042413381123058,0.5715996000071755,0.0006924000044818968
75,Musk (Version 2),2,RandomFuzzyRules__max_rules_len__6,5938,660,166,166,0.8484848484848485,0.21875,0.7061986084756482,0.5091933999938192,0.0006536000000778586
75,Musk (Version 2),2,RandomFuzzyRules__max_rules_len__7,5938,660,166,166,0.8515151515151516,0.27941176470588236,0.653225806451613,0.49155369999061804,0.0006250000005820766
75,Musk (Version 2),3,RandomFuzzyRules__max_rules_len__2,5938,660,166,166,0.853030303030303,0.11009174311926606,0.5319769484854874,0.3709986000030767,0.0005879999953322113
75,Musk (Version 2),3,RandomFuzzyRules__max_rules_len__3,5938,660,166,166,0.853030303030303,0.18487394957983194,0.5894827465036194,0.39474580000387505,0.0006754999922122806
75,Musk (Version 2),3,RandomFuzzyRules__max_rules_len__4,5938,660,166,166,0.8515151515151516,0.07547169811320754,0.6836741865204864,0.4153678000002401,0.0006030000076862052
75,Musk (Version 2),3,RandomFuzzyRules__max_rules_len__5,5938,660,166,166,0.8621212121212121,0.32592592592592595,0.7201841310000703,0.4630226000008406,0.000672800000756979
75,Musk (Version 2),3,RandomFuzzyRules__max_rules_len__6,5938,660,166,166,0.8621212121212121,0.3157894736842105,0.6982395108581068,0.4813470000080997,0.0006685999978799373
75,Musk (Version 2),3,RandomFuzzyRules__max_rules_len__7,5938,660,166,166,0.8742424242424243,0.4028776978417266,0.6953492866680722,0.5063112000061665,0.0006356999947456643
75,Musk (Version 2),4,RandomFuzzyRules__max_rules_len__2,5938,660,166,166,0.85,0.09174311926605505,0.518272541991707,0.3722651999996742,0.0006043000030331314
75,Musk (Version 2),4,RandomFuzzyRules__max_rules_len__3,5938,660,166,166,0.8621212121212121,0.2222222222222222,0.572273174502776,0.4097167999861995,0.0006486000056611374
75,Musk (Version 2),4,RandomFuzzyRules__max_rules_len__4,5938,660,166,166,0.8469696969696969,0.0380952380952381,0.6612288284489423,0.4223186000017449,0.0006167999963508919
75,Musk (Version 2),4,RandomFuzzyRules__max_rules_len__5,5938,660,166,166,0.8545454545454545,0.2,0.6271522946096002,0.4646355000004405,0.0007404000061796978
75,Musk (Version 2),4,RandomFuzzyRules__max_rules_len__6,5938,660,166,166,0.85,0.1951219512195122,0.6504673554009417,0.4831125000055181,0.0006608999974559993
75,Musk (Version 2),4,RandomFuzzyRules__max_rules_len__7,5938,660,166,166,0.8621212121212121,0.32592592592592595,0.6821192634759997,0.5117306000029203,0.0006028000061633065
75,Musk (Version 2),5,RandomFuzzyRules__max_rules_len__2,5938,660,166,166,0.8560606060606061,0.1592920353982301,0.5167439735750932,0.3623529000033159,0.0005859000084456056
75,Musk (Version 2),5,RandomFuzzyRules__max_rules_len__3,5938,660,166,166,0.8515151515151516,0.125,0.5516550706304026,0.3940650000004098,0.0006477999995695427
75,Musk (Version 2),5,RandomFuzzyRules__max_rules_len__4,5938,660,166,166,0.85,0.05714285714285714,0.661782275634268,0.4263683999888599,0.0005573999951593578
75,Musk (Version 2),5,RandomFuzzyRules__max_rules_len__5,5938,660,166,166,0.853030303030303,0.18487394957983194,0.5823494272260875,0.4594626000034623,0.0006852000078652054
75,Musk (Version 2),5,RandomFuzzyRules__max_rules_len__6,5938,660,166,166,0.8590909090909091,0.27906976744186046,0.6983800688734275,0.5187157999898773,0.0006377999961841851
75,Musk (Version 2),5,RandomFuzzyRules__max_rules_len__7,5938,660,166,166,0.8651515151515151,0.3945578231292517,0.6946201419635954,0.49579760000051465,0.0005830000009154901
75,Musk (Version 2),6,RandomFuzzyRules__max_rules_len__2,5938,660,166,166,0.843939393939394,0.037383177570093455,0.4999297209923396,0.36755819999962114,0.0006209999992279336
75,Musk (Version 2),6,RandomFuzzyRules__max_rules_len__3,5938,660,166,166,0.8575757575757575,0.1896551724137931,0.5363869562161783,0.3985302000073716,0.0006428000051528215
75,Musk (Version 2),6,RandomFuzzyRules__max_rules_len__4,5938,660,166,166,0.8484848484848485,0.038461538461538464,0.7445709466582331,0.41606759998830967,0.0005971999926259741
75,Musk (Version 2),6,RandomFuzzyRules__max_rules_len__5,5938,660,166,166,0.8515151515151516,0.15517241379310345,0.589921990301497,0.44583399999828544,0.0006943000043975189
75,Musk (Version 2),6,RandomFuzzyRules__max_rules_len__6,5938,660,166,166,0.843939393939394,0.20155038759689922,0.6168212804835196,0.4849724999949103,0.0006813999934820458
75,Musk (Version 2),6,RandomFuzzyRules__max_rules_len__7,5938,660,166,166,0.8681818181818182,0.3916083916083916,0.7027285824724154,0.4880164999922272,0.0005990000063320622
75,Musk (Version 2),7,RandomFuzzyRules__max_rules_len__2,5938,660,166,166,0.8560606060606061,0.18803418803418803,0.5759803921568628,0.3533481999911601,0.0005937999958405271
75,Musk (Version 2),7,RandomFuzzyRules__max_rules_len__3,5938,660,166,166,0.8545454545454545,0.1724137931034483,0.6077552884953266,0.4250627000001259,0.000668799999402836
75,Musk (Version 2),7,RandomFuzzyRules__max_rules_len__4,5938,660,166,166,0.8575757575757575,0.14545454545454545,0.6688101764003093,0.5332254999957513,0.0006064000044716522
75,Musk (Version 2),7,RandomFuzzyRules__max_rules_len__5,5938,660,166,166,0.85,0.2978723404255319,0.7126642771804061,0.5236929999955464,0.0006785999867133796
75,Musk (Version 2),7,RandomFuzzyRules__max_rules_len__6,5938,660,166,166,0.8469696969696969,0.2518518518518518,0.6966230936819171,0.4812868000008166,0.0006672000017715618
75,Musk (Version 2),7,RandomFuzzyRules__max_rules_len__7,5938,660,166,166,0.8651515151515151,0.3308270676691729,0.6846141682479444,0.4755084999924293,0.0006162999925436452
75,Musk (Version 2),8,RandomFuzzyRules__max_rules_len__2,5938,660,166,166,0.85,0.09174311926605505,0.5093607750757186,0.33407519999309443,0.000614699994912371
75,Musk (Version 2),8,RandomFuzzyRules__max_rules_len__3,5938,660,166,166,0.8575757575757575,0.1896551724137931,0.5813599249012558,0.3680437000002712,0.0006599000043934211
75,Musk (Version 2),8,RandomFuzzyRules__max_rules_len__4,5938,660,166,166,0.853030303030303,0.0761904761904762,0.7140934129191094,0.4519067999935942,0.0005445999995572492
75,Musk (Version 2),8,RandomFuzzyRules__max_rules_len__5,5938,660,166,166,0.8560606060606061,0.14414414414414414,0.5622132875183762,0.41535619999922346,0.000713100002030842
75,Musk (Version 2),8,RandomFuzzyRules__max_rules_len__6,5938,660,166,166,0.8469696969696969,0.21705426356589147,0.7305478311695213,0.4657834000099683,0.000662600010400638
75,Musk (Version 2),8,RandomFuzzyRules__max_rules_len__7,5938,660,166,166,0.8712121212121212,0.3971631205673759,0.6812642802741813,0.45298620000539813,0.0005892000044696033
75,Musk (Version 2),9,RandomFuzzyRules__max_rules_len__2,5939,659,166,166,0.8528072837632777,0.1415929203539823,0.526269562440115,0.3176798000058625,0.0006056999991415069
75,Musk (Version 2),9,RandomFuzzyRules__max_rules_len__3,5939,659,166,166,0.8619119878603946,0.2222222222222222,0.5636821746690798,0.34655439999187365,0.0006846000032965094
75,Musk (Version 2),9,RandomFuzzyRules__max_rules_len__4,5939,659,166,166,0.8603945371775418,0.16363636363636364,0.6523386209588701,0.36095750000094995,0.0006465999904321507
75,Musk (Version 2),9,RandomFuzzyRules__max_rules_len__5,5939,659,166,166,0.858877086494689,0.17699115044247787,0.6139501046878881,0.39333500000066124,0.0006813999934820458
75,Musk (Version 2),9,RandomFuzzyRules__max_rules_len__6,5939,659,166,166,0.8619119878603946,0.272,0.6881542993008978,0.41230060000088997,0.00067559999297373
75,Musk (Version 2),9,RandomFuzzyRules__max_rules_len__7,5939,659,166,166,0.866464339908953,0.3333333333333333,0.7063061144824159,0.4256637999933446,0.0006107999943196774
75,Musk (Version 2),10,RandomFuzzyRules__max_rules_len__2,5939,659,166,166,0.8482549317147192,0.10714285714285714,0.5015348309024451,0.33098579999932554,0.0006031999946571887
75,Musk (Version 2),10,RandomFuzzyRules__max_rules_len__3,5939,659,166,166,0.8573596358118362,0.16071428571428573,0.5568508463749602,0.3637068000098225,0.0006598000036319718
75,Musk (Version 2),10,RandomFuzzyRules__max_rules_len__4,5939,659,166,166,0.8512898330804249,0.057692307692307696,0.6557099258312927,0.3819191999937175,0.0005890000029467046
75,Musk (Version 2),10,RandomFuzzyRules__max_rules_len__5,5939,659,166,166,0.8528072837632777,0.1415929203539823,0.5863763795734411,0.4351899000030244,0.0007033000001683831
75,Musk (Version 2),10,RandomFuzzyRules__max_rules_len__6,5939,659,166,166,0.8649468892261002,0.288,0.682582774406473,0.4402388000016799,0.0006185999955050647
75,Musk (Version 2),10,RandomFuzzyRules__max_rules_len__7,5939,659,166,166,0.8710166919575114,0.3511450381679389,0.7056495972177863,0.45076399999379646,0.0005789999995613471
94,Spambase,1,RandomFuzzyRules__max_rules_len__2,4140,461,57,57,0.6377440347071583,0.20853080568720378,0.7713379810154004,0.1360947000066517,0.0003760999970836565
94,Spambase,1,RandomFuzzyRules__max_rules_len__3,4140,461,57,57,0.631236442516269,0.19047619047619047,0.7732679506873057,0.14782700000796467,0.00036369998997543007
94,Spambase,1,RandomFuzzyRules__max_rules_len__4,4140,461,57,57,0.648590021691974,0.3017241379310345,0.739010989010989,0.16032880000420846,0.00042219999886583537
94,Spambase,1,RandomFuzzyRules__max_rules_len__5,4140,461,57,57,0.6225596529284165,0.08421052631578947,0.8336287368545433,0.17493229999672621,0.0003880000003846362
94,Spambase,1,RandomFuzzyRules__max_rules_len__6,4140,461,57,57,0.6247288503253796,0.1477832512315271,0.7751782267911301,0.1850931000080891,0.00039600000309292227
94,Spambase,1,RandomFuzzyRules__max_rules_len__7,4140,461,57,57,0.6203904555314533,0.1116751269035533,0.590551026034897,0.1834149000060279,0.0004219000111334026
94,Spambase,2,RandomFuzzyRules__max_rules_len__2,4141,460,57,57,0.6326086956521739,0.1990521327014218,0.7436062139299549,0.14147100000991486,0.0004040000058012083
94,Spambase,2,RandomFuzzyRules__max_rules_len__3,4141,460,57,57,0.6434782608695652,0.24770642201834864,0.7506324610641159,0.15006119999452494,0.0003904000041075051
94,Spambase,2,RandomFuzzyRules__max_rules_len__4,4141,460,57,57,0.6217391304347826,0.23008849557522124,0.7011226183888055,0.1641313000000082,0.0004065000102855265
94,Spambase,2,RandomFuzzyRules__max_rules_len__5,4141,460,57,57,0.6086956521739131,0.05263157894736842,0.7986599731204047,0.18138190000900067,0.000421799995820038
94,Spambase,2,RandomFuzzyRules__max_rules_len__6,4141,460,57,57,0.6282608695652174,0.17391304347826086,0.7539133528342162,0.18448989999888,0.00039539999852422625
94,Spambase,2,RandomFuzzyRules__max_rules_len__7,4141,460,57,57,0.6086956521739131,0.021739130434782608,0.6543699106648746,0.1967772999923909,0.0004059999919263646
94,Spambase,3,RandomFuzzyRules__max_rules_len__2,4141,460,57,57,0.6239130434782608,0.09424083769633508,0.8189876670092499,0.14639049999823328,0.000916499993763864
94,Spambase,3,RandomFuzzyRules__max_rules_len__3,4141,460,57,57,0.6347826086956522,0.2222222222222222,0.8077021898964346,0.1563536000030581,0.0003963000053772703
94,Spambase,3,RandomFuzzyRules__max_rules_len__4,4141,460,57,57,0.6130434782608696,0.23275862068965517,0.7630049806308798,0.16605929999786895,0.00039670000842306763
94,Spambase,3,RandomFuzzyRules__max_rules_len__5,4141,460,57,57,0.6173913043478261,0.10204081632653061,0.7573424776662186,0.1773274000006495,0.0004152000037720427
94,Spambase,3,RandomFuzzyRules__max_rules_len__6,4141,460,57,57,0.6326086956521739,0.1990521327014218,0.8110522570954226,0.18205920000036713,0.0004158000083407387
94,Spambase,3,RandomFuzzyRules__max_rules_len__7,4141,460,57,57,0.6130434782608696,0.043010752688172046,0.6785417819590482,0.2068234000034863,0.0003919000009773299
94,Spambase,4,RandomFuzzyRules__max_rules_len__2,4141,460,57,57,0.6391304347826087,0.20192307692307693,0.7628368878591656,0.14478640000743326,0.0003997000021627173
94,Spambase,4,RandomFuzzyRules__max_rules_len__3,4141,460,57,57,0.6304347826086957,0.19047619047619047,0.7751935681894692,0.15700110000034329,0.00041390000842511654
94,Spambase,4,RandomFuzzyRules__max_rules_len__4,4141,460,57,57,0.6434782608695652,0.32231404958677684,0.7469751876274778,0.17043089999060612,0.00039849999302532524
94,Spambase,4,RandomFuzzyRules__max_rules_len__5,4141,460,57,57,0.6239130434782608,0.10362694300518134,0.8295906849640586,0.1794864000112284,0.0004245000018272549
94,Spambase,4,RandomFuzzyRules__max_rules_len__6,4141,460,57,57,0.6326086956521739,0.15920398009950248,0.7769955840709717,0.19261850000475533,0.0004163000121479854
94,Spambase,4,RandomFuzzyRules__max_rules_len__7,4141,460,57,57,0.6195652173913043,0.07407407407407407,0.6968751856472405,0.1876646000018809,0.0004022000066470355
94,Spambase,5,RandomFuzzyRules__max_rules_len__2,4141,460,57,57,0.6239130434782608,0.1642512077294686,0.7731440226539139,0.14198280000709929,0.000378700002329424
94,Spambase,5,RandomFuzzyRules__max_rules_len__3,4141,460,57,57,0.65,0.27149321266968324,0.7781342204796133,0.1517186999990372,0.0003956000000471249
94,Spambase,5,RandomFuzzyRules__max_rules_len__4,4141,460,57,57,0.6304347826086957,0.22727272727272727,0.7373017287471038,0.16972280001209583,0.00039590000233147293
94,Spambase,5,RandomFuzzyRules__max_rules_len__5,4141,460,57,57,0.6152173913043478,0.053475935828877004,0.7884512564605239,0.18486120000306983,0.0004265000025043264
94,Spambase,5,RandomFuzzyRules__max_rules_len__6,4141,460,57,57,0.6217391304347826,0.14705882352941177,0.7808768490465157,0.192828199986252,0.00042779999785125256
94,Spambase,5,RandomFuzzyRules__max_rules_len__7,4141,460,57,57,0.6239130434782608,0.08465608465608465,0.7846293986019525,0.1993477000069106,0.00046379999548662454
94,Spambase,6,RandomFuzzyRules__max_rules_len__2,4141,460,57,57,0.6217391304347826,0.12121212121212122,0.786708647695994,0.14283240000077058,0.0004211000050418079
94,Spambase,6,RandomFuzzyRules__max_rules_len__3,4141,460,57,57,0.6326086956521739,0.19138755980861244,0.7864017109249688,0.15614010000717826,0.00038869999116286635
94,Spambase,6,RandomFuzzyRules__max_rules_len__4,4141,460,57,57,0.6239130434782608,0.26382978723404255,0.7209548703934732,0.16672719999041874,0.0004123999970033765
94,Spambase,6,RandomFuzzyRules__max_rules_len__5,4141,460,57,57,0.6217391304347826,0.09375,0.8147389057209053,0.18165800000133459,0.0004143000114709139
94,Spambase,6,RandomFuzzyRules__max_rules_len__6,4141,460,57,57,0.6217391304347826,0.11224489795918367,0.789322560842789,0.18575720000080764,0.00039989998913370073
94,Spambase,6,RandomFuzzyRules__max_rules_len__7,4141,460,57,57,0.6195652173913043,0.07407407407407407,0.723261846769243,0.19509769999422133,0.00039990000368561596
94,Spambase,7,RandomFuzzyRules__max_rules_len__2,4141,460,57,57,0.6086956521739131,0.09090909090909091,0.7631834293748391,0.19212429999606684,0.00041540000529494137
94,Spambase,7,RandomFuzzyRules__max_rules_len__3,4141,460,57,57,0.6282608695652174,0.16585365853658537,0.7727875799520783,0.15771179999865126,0.00034529999538790435
94,Spambase,7,RandomFuzzyRules__max_rules_len__4,4141,460,57,57,0.6326086956521739,0.2869198312236287,0.7242519653854532,0.26448789999994915,0.0004186000005574897
94,Spambase,7,RandomFuzzyRules__max_rules_len__5,4141,460,57,57,0.6130434782608696,0.043010752688172046,0.7088259173448979,0.27089080000587273,0.0004144000122323632
94,Spambase,7,RandomFuzzyRules__max_rules_len__6,4141,460,57,57,0.6086956521739131,0.08163265306122448,0.7747480148121745,0.23807079999824055,0.000417499992181547
94,Spambase,7,RandomFuzzyRules__max_rules_len__7,4141,460,57,57,0.6173913043478261,0.06382978723404255,0.6712212123012335,0.19202289999520872,0.0003980000037699938
94,Spambase,8,RandomFuzzyRules__max_rules_len__2,4141,460,57,57,0.6239130434782608,0.1477832512315271,0.8042733519475632,0.14408169999660458,0.0004042999935336411
94,Spambase,8,RandomFuzzyRules__max_rules_len__3,4141,460,57,57,0.6369565217391304,0.215962441314554,0.814600289114636,0.15452350000850856,0.00039400000241585076
94,Spambase,8,RandomFuzzyRules__max_rules_len__4,4141,460,57,57,0.6195652173913043,0.1116751269035533,0.8084714548802947,0.16888640000252053,0.0004251000063959509
94,Spambase,8,RandomFuzzyRules__max_rules_len__5,4141,460,57,57,0.6108695652173913,0.05291005291005291,0.8376799540584963,0.1839876999874832,0.000407900006393902
94,Spambase,8,RandomFuzzyRules__max_rules_len__6,4141,460,57,57,0.6195652173913043,0.12060301507537688,0.817224103447593,0.18684370000846684,0.00042460000258870423
94,Spambase,8,RandomFuzzyRules__max_rules_len__7,4141,460,57,57,0.6195652173913043,0.06417112299465241,0.7016178538188874,0.20024229999398813,0.0004006999952252954
94,Spambase,9,RandomFuzzyRules__max_rules_len__2,4141,460,57,57,0.6304347826086957,0.15841584158415842,0.7437374997524704,0.1509998999972595,0.00039149999793153256
94,Spambase,9,RandomFuzzyRules__max_rules_len__3,4141,460,57,57,0.6717391304347826,0.41245136186770426,0.7535495752391137,0.15994870000577066,0.0004157000075792894
94,Spambase,9,RandomFuzzyRules__max_rules_len__4,4141,460,57,57,0.6717391304347826,0.41245136186770426,0.7535495752391137,0.16754380000929814,0.0004014000005554408
94,Spambase,9,RandomFuzzyRules__max_rules_len__5,4141,460,57,57,0.6152173913043478,0.09230769230769231,0.7339551278243135,0.1886705999932019,0.00042779999785125256
94,Spambase,9,RandomFuzzyRules__max_rules_len__6,4141,460,57,57,0.6260869565217392,0.13131313131313133,0.750678231252104,0.18931380000140052,0.00043039998854510486
94,Spambase,9,RandomFuzzyRules__max_rules_len__7,4141,460,57,57,0.6108695652173913,0.02185792349726776,0.6843699875245055,0.19350300000223797,0.0004050999996252358
94,Spambase,10,RandomFuzzyRules__max_rules_len__2,4141,460,57,57,0.6326086956521739,0.17560975609756097,0.7733915523079665,0.146290400007274,0.00043149999692104757
94,Spambase,10,RandomFuzzyRules__max_rules_len__3,4141,460,57,57,0.6347826086956522,0.2,0.7760648725717341,0.17532629999914207,0.0003828999906545505
94,Spambase,10,RandomFuzzyRules__max_rules_len__4,4141,460,57,57,0.6304347826086957,0.23423423423423423,0.7610051684191765,0.1693029000016395,0.00038819998735561967
94,Spambase,10,RandomFuzzyRules__max_rules_len__5,4141,460,57,57,0.6130434782608696,0.043010752688172046,0.6227153012930948,0.19242449999728706,0.00041790000977925956
94,Spambase,10,RandomFuzzyRules__max_rules_len__6,4141,460,57,57,0.6239130434782608,0.13930348258706468,0.7804510980415453,0.18860370000766125,0.00039850000757724047
94,Spambase,10,RandomFuzzyRules__max_rules_len__7,4141,460,57,57,0.6195652173913043,0.06417112299465241,0.7179944157310045,0.19418669999868143,0.0004099000070709735
95,SPECT Heart,1,RandomFuzzyRules__max_rules_len__2,240,27,22,44,0.6666666666666666,0.7804878048780488,0.7136363636363636,0.03711160000239033,0.000228599994443357
95,SPECT Heart,1,RandomFuzzyRules__max_rules_len__3,240,27,22,44,0.6296296296296297,0.75,0.6227272727272727,0.03224669999326579,0.00026960000104736537
95,SPECT Heart,1,RandomFuzzyRules__max_rules_len__4,240,27,22,44,0.6296296296296297,0.7368421052631579,0.6863636363636363,0.036060700003872626,0.0002578999992692843
95,SPECT Heart,1,RandomFuzzyRules__max_rules_len__5,240,27,22,44,0.7777777777777778,0.8571428571428571,0.7590909090909091,0.037253300004522316,0.00025320000713691115
95,SPECT Heart,1,RandomFuzzyRules__max_rules_len__6,240,27,22,44,0.6666666666666666,0.7692307692307693,0.7,0.03806269999768119,0.00026529999740887433
95,SPECT Heart,1,RandomFuzzyRules__max_rules_len__7,240,27,22,44,0.7037037037037037,0.8,0.6909090909090909,0.04006820000358857,0.00028750000637955964
95,SPECT Heart,2,RandomFuzzyRules__max_rules_len__2,240,27,22,44,0.8148148148148148,0.8837209302325582,0.7363636363636363,0.036306099995272234,0.00022519999765791
95,SPECT Heart,2,RandomFuzzyRules__max_rules_len__3,240,27,22,44,0.7777777777777778,0.85,0.8272727272727273,0.03713819998665713,0.00025969999842345715
95,SPECT Heart,2,RandomFuzzyRules__max_rules_len__4,240,27,22,44,0.7777777777777778,0.8571428571428571,0.781818181818182,0.03733240001020022,0.0002837000065483153
95,SPECT Heart,2,RandomFuzzyRules__max_rules_len__5,240,27,22,44,0.8888888888888888,0.9333333333333333,0.8227272727272726,0.03831099999661092,0.00026889999571722
95,SPECT Heart,2,RandomFuzzyRules__max_rules_len__6,240,27,22,44,0.8148148148148148,0.8979591836734694,0.42272727272727273,0.040137200005119666,0.00030840000545140356
95,SPECT Heart,2,RandomFuzzyRules__max_rules_len__7,240,27,22,44,0.8148148148148148,0.8837209302325582,0.7863636363636364,0.04010969999944791,0.0002893999917432666
95,SPECT Heart,3,RandomFuzzyRules__max_rules_len__2,240,27,22,44,0.7777777777777778,0.8636363636363636,0.7063492063492063,0.03664700000081211,0.0002491999912308529
95,SPECT Heart,3,RandomFuzzyRules__max_rules_len__3,240,27,22,44,0.7407407407407407,0.8444444444444444,0.7301587301587302,0.036406800005352125,0.0002476999943610281
95,SPECT Heart,3,RandomFuzzyRules__max_rules_len__4,240,27,22,44,0.7777777777777778,0.8636363636363636,0.7023809523809523,0.038872100005391985,0.00028220000967849046
95,SPECT Heart,3,RandomFuzzyRules__max_rules_len__5,240,27,22,44,0.7777777777777778,0.8695652173913043,0.7023809523809523,0.038455800007795915,0.0002592000091681257
95,SPECT Heart,3,RandomFuzzyRules__max_rules_len__6,240,27,22,44,0.7407407407407407,0.8292682926829268,0.6547619047619048,0.039312699998845346,0.0002893000055337325
95,SPECT Heart,3,RandomFuzzyRules__max_rules_len__7,240,27,22,44,0.8148148148148148,0.8837209302325582,0.8293650793650793,0.039715099992463365,0.0002764999953797087
95,SPECT Heart,4,RandomFuzzyRules__max_rules_len__2,240,27,22,44,0.8518518518518519,0.9047619047619048,0.888888888888889,0.03644880000501871,0.00022960000205785036
95,SPECT Heart,4,RandomFuzzyRules__max_rules_len__3,240,27,22,44,0.7037037037037037,0.8260869565217391,0.7658730158730159,0.03628570000000764,0.00024500000290572643
95,SPECT Heart,4,RandomFuzzyRules__max_rules_len__4,240,27,22,44,0.8518518518518519,0.9130434782608695,0.8531746031746031,0.03776269999798387,0.0002641000028233975
95,SPECT Heart,4,RandomFuzzyRules__max_rules_len__5,240,27,22,44,0.8888888888888888,0.9333333333333333,0.8849206349206349,0.04761359999247361,0.00023320000036619604
95,SPECT Heart,4,RandomFuzzyRules__max_rules_len__6,240,27,22,44,0.8148148148148148,0.8888888888888888,0.6746031746031746,0.039968999990378506,0.0002707000094233081
95,SPECT Heart,4,RandomFuzzyRules__max_rules_len__7,240,27,22,44,0.9259259259259259,0.9523809523809523,0.9484126984126984,0.04014969999843743,0.0002730999985942617
95,SPECT Heart,5,RandomFuzzyRules__max_rules_len__2,240,27,22,44,0.8148148148148148,0.8780487804878049,0.8214285714285716,0.03719760000240058,0.0002339000056963414
95,SPECT Heart,5,RandomFuzzyRules__max_rules_len__3,240,27,22,44,0.6666666666666666,0.7567567567567568,0.7023809523809523,0.0366747999942163,0.0002505000011296943
95,SPECT Heart,5,RandomFuzzyRules__max_rules_len__4,240,27,22,44,0.7777777777777778,0.85,0.6984126984126985,0.03768189999391325,0.00026109999453183264
95,SPECT Heart,5,RandomFuzzyRules__max_rules_len__5,240,27,22,44,0.8148148148148148,0.8780487804878049,0.7619047619047621,0.039187000002129935,0.0002810000005410984
95,SPECT Heart,5,RandomFuzzyRules__max_rules_len__6,240,27,22,44,0.7037037037037037,0.7894736842105263,0.6587301587301588,0.0399154000042472,0.0002882999979192391
95,SPECT Heart,5,RandomFuzzyRules__max_rules_len__7,240,27,22,44,0.8518518518518519,0.9,0.8452380952380952,0.04042989999288693,0.0002741999924182892
95,SPECT Heart,6,RandomFuzzyRules__max_rules_len__2,240,27,22,44,0.7037037037037037,0.8095238095238095,0.7142857142857143,0.03655459999572486,0.00025129999266937375
95,SPECT Heart,6,RandomFuzzyRules__max_rules_len__3,240,27,22,44,0.6296296296296297,0.75,0.5674603174603174,0.03655070000968408,0.0002542000001994893
95,SPECT Heart,6,RandomFuzzyRules__max_rules_len__4,240,27,22,44,0.7037037037037037,0.8,0.7023809523809523,0.037771899995277636,0.0002798000059556216
95,SPECT Heart,6,RandomFuzzyRules__max_rules_len__5,240,27,22,44,0.7777777777777778,0.8571428571428571,0.7698412698412698,0.03829169999517035,0.00028959999326616526
95,SPECT Heart,6,RandomFuzzyRules__max_rules_len__6,240,27,22,44,0.6666666666666666,0.7692307692307693,0.5912698412698414,0.03965780000726227,0.00024759999359957874
95,SPECT Heart,6,RandomFuzzyRules__max_rules_len__7,240,27,22,44,0.7037037037037037,0.8095238095238095,0.6984126984126985,0.040323900000657886,0.000269199998001568
95,SPECT Heart,7,RandomFuzzyRules__max_rules_len__2,240,27,22,44,0.8148148148148148,0.8837209302325582,0.7182539682539683,0.036954199997126125,0.00023940000392030925
95,SPECT Heart,7,RandomFuzzyRules__max_rules_len__3,240,27,22,44,0.7407407407407407,0.8292682926829268,0.753968253968254,0.036008099996251985,0.00026259999140165746
95,SPECT Heart,7,RandomFuzzyRules__max_rules_len__4,240,27,22,44,0.8148148148148148,0.8780487804878049,0.8055555555555557,0.03789870000036899,0.0002615999983390793
95,SPECT Heart,7,RandomFuzzyRules__max_rules_len__5,240,27,22,44,0.7777777777777778,0.8571428571428571,0.8333333333333334,0.038582599998335354,0.00026790000265464187
95,SPECT Heart,7,RandomFuzzyRules__max_rules_len__6,240,27,22,44,0.8148148148148148,0.8717948717948718,0.8134920634920635,0.03875690000131726,0.00029340000764932483
95,SPECT Heart,7,RandomFuzzyRules__max_rules_len__7,240,27,22,44,0.8148148148148148,0.8837209302325582,0.8214285714285714,0.039083299998310395,0.0002944999869214371
95,SPECT Heart,8,RandomFuzzyRules__max_rules_len__2,241,26,22,44,0.7307692307692307,0.8372093023255814,0.6761904761904762,0.04075320000993088,0.00028420001035556197
95,SPECT Heart,8,RandomFuzzyRules__max_rules_len__3,241,26,22,44,0.7307692307692307,0.8372093023255814,0.6857142857142857,0.04448270000284538,0.0002938999969046563
95,SPECT Heart,8,RandomFuzzyRules__max_rules_len__4,241,26,22,44,0.8076923076923077,0.8837209302325582,0.6952380952380952,0.047021799997310154,0.0003020000003743917
95,SPECT Heart,8,RandomFuzzyRules__max_rules_len__5,241,26,22,44,0.8076923076923077,0.8837209302325582,0.7428571428571428,0.03850740000780206,0.00019370000518392771
95,SPECT Heart,8,RandomFuzzyRules__max_rules_len__6,241,26,22,44,0.7692307692307693,0.85,0.7238095238095238,0.04799579999234993,0.00029549999453593045
95,SPECT Heart,8,RandomFuzzyRules__max_rules_len__7,241,26,22,44,0.9230769230769231,0.9523809523809523,0.9285714285714286,0.038552800004254095,0.00023920000239741057
95,SPECT Heart,9,RandomFuzzyRules__max_rules_len__2,241,26,22,44,0.9230769230769231,0.9545454545454546,0.9428571428571428,0.044330500008072704,0.00026300000899937004
95,SPECT Heart,9,RandomFuzzyRules__max_rules_len__3,241,26,22,44,0.7692307692307693,0.85,0.838095238095238,0.036828299998887815,0.0002759000053629279
95,SPECT Heart,9,RandomFuzzyRules__max_rules_len__4,241,26,22,44,0.8846153846153846,0.9333333333333333,0.9285714285714286,0.047168999997666106,0.00029229999927338213
95,SPECT Heart,9,RandomFuzzyRules__max_rules_len__5,241,26,22,44,0.9230769230769231,0.9545454545454546,0.9333333333333333,0.042010999997728504,0.000294400000711903
95,SPECT Heart,9,RandomFuzzyRules__max_rules_len__6,241,26,22,44,0.8461538461538461,0.9090909090909091,0.8761904761904762,0.03884049999760464,0.0002531999925849959
95,SPECT Heart,9,RandomFuzzyRules__max_rules_len__7,241,26,22,44,0.9230769230769231,0.9545454545454546,0.8619047619047618,0.040082499996060506,0.00028220000967849046
95,SPECT Heart,10,RandomFuzzyRules__max_rules_len__2,241,26,22,44,0.8461538461538461,0.9,0.8666666666666667,0.03604389999236446,0.00024989999656099826
95,SPECT Heart,10,RandomFuzzyRules__max_rules_len__3,241,26,22,44,0.7692307692307693,0.85,0.819047619047619,0.0361613999994006,0.000254700004006736
95,SPECT Heart,10,RandomFuzzyRules__max_rules_len__4,241,26,22,44,0.7692307692307693,0.85,0.7999999999999999,0.037988900003256276,0.0002842999965650961
95,SPECT Heart,10,RandomFuzzyRules__max_rules_len__5,241,26,22,44,0.8846153846153846,0.9302325581395349,0.8999999999999999,0.03826019998814445,0.0002753000007942319
95,SPECT Heart,10,RandomFuzzyRules__max_rules_len__6,241,26,22,44,0.6538461538461539,0.7692307692307693,0.6714285714285715,0.03999429999385029,0.0002972999936901033
95,SPECT Heart,10,RandomFuzzyRules__max_rules_len__7,241,26,22,44,0.8461538461538461,0.9,0.8666666666666667,0.04039490000286605,0.0002803999959724024
105,Congressional Voting Records,1,RandomFuzzyRules__max_rules_len__2,391,44,16,32,0.9545454545454546,0.9444444444444444,0.962962962962963,0.03971640000236221,0.00022600000374950469
105,Congressional Voting Records,1,RandomFuzzyRules__max_rules_len__3,391,44,16,32,0.9545454545454546,0.9444444444444444,0.962962962962963,0.03744850000657607,0.00022529999841935933
105,Congressional Voting Records,1,RandomFuzzyRules__max_rules_len__4,391,44,16,32,0.9545454545454546,0.9444444444444444,0.9793028322440087,0.03868299999157898,0.00025579999783076346
105,Congressional Voting Records,1,RandomFuzzyRules__max_rules_len__5,391,44,16,32,0.9545454545454546,0.9444444444444444,0.962962962962963,0.04112729999178555,0.0002840999950421974
105,Congressional Voting Records,1,RandomFuzzyRules__max_rules_len__6,391,44,16,32,0.9545454545454546,0.9444444444444444,0.962962962962963,0.042324100009864196,0.00027689999842550606
105,Congressional Voting Records,1,RandomFuzzyRules__max_rules_len__7,391,44,16,32,0.9545454545454546,0.9444444444444444,0.962962962962963,0.04336619999958202,0.00029329999233596027
105,Congressional Voting Records,2,RandomFuzzyRules__max_rules_len__2,391,44,16,32,0.9772727272727273,0.9714285714285714,0.9814814814814815,0.04149439999309834,0.00025270000332966447
105,Congressional Voting Records,2,RandomFuzzyRules__max_rules_len__3,391,44,16,32,0.9772727272727273,0.9714285714285714,0.9814814814814815,0.039115099993068725,0.00027219999174121767
105,Congressional Voting Records,2,RandomFuzzyRules__max_rules_len__4,391,44,16,32,0.9772727272727273,0.9714285714285714,0.9989106753812637,0.0405083000077866,0.000262100002146326
105,Congressional Voting Records,2,RandomFuzzyRules__max_rules_len__5,391,44,16,32,0.9772727272727273,0.9714285714285714,0.9814814814814815,0.04194090000237338,0.0002710999979171902
105,Congressional Voting Records,2,RandomFuzzyRules__max_rules_len__6,391,44,16,32,0.9772727272727273,0.9714285714285714,0.9814814814814815,0.04265609999129083,0.00022669999452773482
105,Congressional Voting Records,2,RandomFuzzyRules__max_rules_len__7,391,44,16,32,0.9772727272727273,0.9714285714285714,0.9814814814814815,0.04370589999598451,0.0002820999943651259
105,Congressional Voting Records,3,RandomFuzzyRules__max_rules_len__2,391,44,16,32,0.9772727272727273,0.9696969696969697,0.9705882352941176,0.03976090000651311,0.0002474999928381294
105,Congressional Voting Records,3,RandomFuzzyRules__max_rules_len__3,391,44,16,32,0.9772727272727273,0.9696969696969697,0.9705882352941176,0.040391300004557706,0.0002834000042639673
105,Congressional Voting Records,3,RandomFuzzyRules__max_rules_len__4,391,44,16,32,0.9772727272727273,0.9696969696969697,0.9705882352941176,0.04075100000773091,0.00026679999427869916
105,Congressional Voting Records,3,RandomFuzzyRules__max_rules_len__5,391,44,16,32,0.9772727272727273,0.9696969696969697,0.9705882352941176,0.04207160000805743,0.00029039999935775995
105,Congressional Voting Records,3,RandomFuzzyRules__max_rules_len__6,391,44,16,32,0.9772727272727273,0.9696969696969697,0.9705882352941176,0.0424798999883933,0.0002776000037556514
105,Congressional Voting Records,3,RandomFuzzyRules__max_rules_len__7,391,44,16,32,0.9772727272727273,0.9696969696969697,0.9705882352941176,0.045170999990659766,0.00028670000028796494
105,Congressional Voting Records,4,RandomFuzzyRules__max_rules_len__2,391,44,16,32,0.9318181818181818,0.9142857142857143,0.9335511982570807,0.04000219999579713,0.00024850000045262277
105,Congressional Voting Records,4,RandomFuzzyRules__max_rules_len__3,391,44,16,32,0.9318181818181818,0.9142857142857143,0.9335511982570807,0.05194099999789614,0.0002238000015495345
105,Congressional Voting Records,4,RandomFuzzyRules__max_rules_len__4,391,44,16,32,0.9318181818181818,0.9142857142857143,0.9335511982570807,0.04877180000767112,0.00031290001061279327
105,Congressional Voting Records,4,RandomFuzzyRules__max_rules_len__5,391,44,16,32,0.9318181818181818,0.9142857142857143,0.9335511982570807,0.04206089999934193,0.00027040000713896006
105,Congressional Voting Records,4,RandomFuzzyRules__max_rules_len__6,391,44,16,32,0.9318181818181818,0.9142857142857143,0.9335511982570807,0.04335759999230504,0.0002716000017244369
105,Congressional Voting Records,4,RandomFuzzyRules__max_rules_len__7,391,44,16,32,0.9318181818181818,0.9142857142857143,0.9335511982570807,0.0440534000081243,0.00029400001221802086
105,Congressional Voting Records,5,RandomFuzzyRules__max_rules_len__2,391,44,16,32,0.9318181818181818,0.918918918918919,0.9444444444444444,0.03916670000762679,0.00025560001085978
105,Congressional Voting Records,5,RandomFuzzyRules__max_rules_len__3,391,44,16,32,0.9318181818181818,0.918918918918919,0.9444444444444444,0.04059849999612197,0.0002623999898787588
105,Congressional Voting Records,5,RandomFuzzyRules__max_rules_len__4,391,44,16,32,0.9318181818181818,0.918918918918919,0.9379084967320261,0.0410247999971034,0.0002657000004546717
105,Congressional Voting Records,5,RandomFuzzyRules__max_rules_len__5,391,44,16,32,0.9318181818181818,0.918918918918919,0.9444444444444444,0.042564100003801286,0.0002837000065483153
105,Congressional Voting Records,5,RandomFuzzyRules__max_rules_len__6,391,44,16,32,0.9318181818181818,0.918918918918919,0.9444444444444444,0.0425245999940671,0.0002756000030785799
105,Congressional Voting Records,5,RandomFuzzyRules__max_rules_len__7,391,44,16,32,0.9318181818181818,0.918918918918919,0.9444444444444444,0.04409470000246074,0.0002891000040108338
105,Congressional Voting Records,6,RandomFuzzyRules__max_rules_len__2,392,43,16,32,0.9302325581395349,0.918918918918919,0.9423076923076923,0.039944699994521216,0.0002582000015536323
105,Congressional Voting Records,6,RandomFuzzyRules__max_rules_len__3,392,43,16,32,0.9302325581395349,0.918918918918919,0.9423076923076923,0.04001129999232944,0.0002573999954620376
105,Congressional Voting Records,6,RandomFuzzyRules__max_rules_len__4,392,43,16,32,0.9302325581395349,0.918918918918919,0.9513574660633484,0.04011410000384785,0.00026110000908374786
105,Congressional Voting Records,6,RandomFuzzyRules__max_rules_len__5,392,43,16,32,0.9302325581395349,0.918918918918919,0.9423076923076923,0.04235530000005383,0.00028020000900141895
105,Congressional Voting Records,6,RandomFuzzyRules__max_rules_len__6,392,43,16,32,0.9302325581395349,0.918918918918919,0.9423076923076923,0.04318480000074487,0.0002724999940255657
105,Congressional Voting Records,6,RandomFuzzyRules__max_rules_len__7,392,43,16,32,0.9302325581395349,0.918918918918919,0.9423076923076923,0.047851499999524094,0.00029799999902024865
105,Congressional Voting Records,7,RandomFuzzyRules__max_rules_len__2,392,43,16,32,1.0,1.0,1.0,0.039606099991942756,0.00024680000205989927
105,Congressional Voting Records,7,RandomFuzzyRules__max_rules_len__3,392,43,16,32,1.0,1.0,1.0,0.040998800002853386,0.0002750000130617991
105,Congressional Voting Records,7,RandomFuzzyRules__max_rules_len__4,392,43,16,32,1.0,1.0,1.0,0.04105870000785217,0.0002564000023994595
105,Congressional Voting Records,7,RandomFuzzyRules__max_rules_len__5,392,43,16,32,1.0,1.0,1.0,0.04213869999512099,0.00027809999301098287
105,Congressional Voting Records,7,RandomFuzzyRules__max_rules_len__6,392,43,16,32,1.0,1.0,1.0,0.04323789999762084,0.0002860999957192689
105,Congressional Voting Records,7,RandomFuzzyRules__max_rules_len__7,392,43,16,32,1.0,1.0,1.0,0.044447599997511134,0.0002750999992713332
105,Congressional Voting Records,8,RandomFuzzyRules__max_rules_len__2,392,43,16,32,1.0,1.0,1.0,0.039641900002607144,0.00025290000485256314
105,Congressional Voting Records,8,RandomFuzzyRules__max_rules_len__3,392,43,16,32,1.0,1.0,1.0,0.04036290000658482,0.0002733000001171604
105,Congressional Voting Records,8,RandomFuzzyRules__max_rules_len__4,392,43,16,32,1.0,1.0,1.0,0.04096640000352636,0.00028870000096503645
105,Congressional Voting Records,8,RandomFuzzyRules__max_rules_len__5,392,43,16,32,1.0,1.0,1.0,0.042323499990743585,0.0002852999896276742
105,Congressional Voting Records,8,RandomFuzzyRules__max_rules_len__6,392,43,16,32,1.0,1.0,1.0,0.04307679999328684,0.00030679999326821417
105,Congressional Voting Records,8,RandomFuzzyRules__max_rules_len__7,392,43,16,32,1.0,1.0,1.0,0.04518610000377521,0.0002882999979192391
105,Congressional Voting Records,9,RandomFuzzyRules__max_rules_len__2,392,43,16,32,1.0,1.0,1.0,0.03997749999689404,0.0002457999944454059
105,Congressional Voting Records,9,RandomFuzzyRules__max_rules_len__3,392,43,16,32,1.0,1.0,1.0,0.04054349999933038,0.0002592999953776598
105,Congressional Voting Records,9,RandomFuzzyRules__max_rules_len__4,392,43,16,32,1.0,1.0,1.0,0.04129149999062065,0.00026709999656304717
105,Congressional Voting Records,9,RandomFuzzyRules__max_rules_len__5,392,43,16,32,1.0,1.0,1.0,0.042489500003284775,0.00026960000104736537
105,Congressional Voting Records,9,RandomFuzzyRules__max_rules_len__6,392,43,16,32,1.0,1.0,1.0,0.04295499999716412,0.00027359998784959316
105,Congressional Voting Records,9,RandomFuzzyRules__max_rules_len__7,392,43,16,32,1.0,1.0,1.0,0.04437529999995604,0.00028589999419637024
105,Congressional Voting Records,10,RandomFuzzyRules__max_rules_len__2,392,43,16,32,0.8604651162790697,0.8125,0.8506944444444443,0.040123500002664514,0.00025409999943803996
105,Congressional Voting Records,10,RandomFuzzyRules__max_rules_len__3,392,43,16,32,0.8604651162790697,0.8125,0.8506944444444443,0.039910799998324364,0.0002641000028233975
105,Congressional Voting Records,10,RandomFuzzyRules__max_rules_len__4,392,43,16,32,0.8604651162790697,0.8125,0.8472222222222221,0.04106389998923987,0.00026699999580159783
105,Congressional Voting Records,10,RandomFuzzyRules__max_rules_len__5,392,43,16,32,0.8604651162790697,0.8125,0.8506944444444443,0.042298300002585165,0.00027859999681822956
105,Congressional Voting Records,10,RandomFuzzyRules__max_rules_len__6,392,43,16,32,0.8604651162790697,0.8125,0.8506944444444443,0.04282750000129454,0.0002891999902203679
105,Congressional Voting Records,10,RandomFuzzyRules__max_rules_len__7,392,43,16,32,0.8604651162790697,0.8125,0.8506944444444443,0.044538500005728565,0.00028730000485666096
144,Statlog (German Credit Data),1,RandomFuzzyRules__max_rules_len__2,900,100,20,61,0.67,0.2978723404255319,0.5626190476190476,0.043386500008637086,0.00020389999554026872
144,Statlog (German Credit Data),1,RandomFuzzyRules__max_rules_len__3,900,100,20,61,0.71,0.17142857142857143,0.5357142857142858,0.0519851999997627,0.0003397999971639365
144,Statlog (German Credit Data),1,RandomFuzzyRules__max_rules_len__4,900,100,20,61,0.68,0.3333333333333333,0.5642857142857144,0.053629699992598034,0.0002730999985942617
144,Statlog (German Credit Data),1,RandomFuzzyRules__max_rules_len__5,900,100,20,61,0.67,0.32653061224489793,0.5635714285714286,0.05685629999788944,0.00031430000672116876
144,Statlog (German Credit Data),1,RandomFuzzyRules__max_rules_len__6,900,100,20,61,0.73,0.37209302325581395,0.5976190476190476,0.057533700004569255,0.0002906000008806586
144,Statlog (German Credit Data),1,RandomFuzzyRules__max_rules_len__7,900,100,20,61,0.71,0.43137254901960786,0.611904761904762,0.0606335000047693,0.00030849999166093767
144,Statlog (German Credit Data),2,RandomFuzzyRules__max_rules_len__2,900,100,20,61,0.69,0.3111111111111111,0.6147619047619048,0.051976100003230385,0.00028279999969527125
144,Statlog (German Credit Data),2,RandomFuzzyRules__max_rules_len__3,900,100,20,61,0.7,0.25,0.5476190476190477,0.05326519999653101,0.00027239999326411635
144,Statlog (German Credit Data),2,RandomFuzzyRules__max_rules_len__4,900,100,20,61,0.76,0.5,0.6599999999999999,0.05460940000193659,0.0003065000055357814
144,Statlog (German Credit Data),2,RandomFuzzyRules__max_rules_len__5,900,100,20,61,0.75,0.4186046511627907,0.6221428571428571,0.05708040000172332,0.0003144000074826181
144,Statlog (German Credit Data),2,RandomFuzzyRules__max_rules_len__6,900,100,20,61,0.79,0.5116279069767442,0.6690476190476191,0.057650100003229454,0.0003056999994441867
144,Statlog (German Credit Data),2,RandomFuzzyRules__max_rules_len__7,900,100,20,61,0.78,0.5217391304347826,0.6714285714285714,0.060619199997745454,0.0003327000013086945
144,Statlog (German Credit Data),3,RandomFuzzyRules__max_rules_len__2,900,100,20,61,0.72,0.44,0.6309523809523809,0.051990799998748116,0.0002961999998660758
144,Statlog (German Credit Data),3,RandomFuzzyRules__max_rules_len__3,900,100,20,61,0.74,0.35,0.5952380952380953,0.05324550000659656,0.00030249998962972313
144,Statlog (German Credit Data),3,RandomFuzzyRules__max_rules_len__4,900,100,20,61,0.68,0.2,0.5238095238095237,0.05624839999654796,0.000301199994282797
144,Statlog (German Credit Data),3,RandomFuzzyRules__max_rules_len__5,900,100,20,61,0.63,0.0,0.44357142857142867,0.058954000007361174,0.0003176000027451664
144,Statlog (German Credit Data),3,RandomFuzzyRules__max_rules_len__6,900,100,20,61,0.72,0.36363636363636365,0.5904761904761905,0.05825600000389386,0.0002972999936901033
144,Statlog (German Credit Data),3,RandomFuzzyRules__max_rules_len__7,900,100,20,61,0.71,0.43137254901960786,0.611904761904762,0.06013730000995565,0.000291600008495152
144,Statlog (German Credit Data),4,RandomFuzzyRules__max_rules_len__2,900,100,20,61,0.66,0.19047619047619047,0.5652380952380952,0.05190510000102222,0.00030020000122021884
144,Statlog (German Credit Data),4,RandomFuzzyRules__max_rules_len__3,900,100,20,61,0.65,0.14634146341463414,0.5647619047619048,0.053372000009403564,0.0002994999958900735
144,Statlog (German Credit Data),4,RandomFuzzyRules__max_rules_len__4,900,100,20,61,0.73,0.47058823529411764,0.6357142857142857,0.05560999999579508,0.0003056999994441867
144,Statlog (German Credit Data),4,RandomFuzzyRules__max_rules_len__5,900,100,20,61,0.75,0.4444444444444444,0.6261904761904762,0.060094000000390224,0.00030899999546818435
144,Statlog (German Credit Data),4,RandomFuzzyRules__max_rules_len__6,900,100,20,61,0.71,0.3829787234042553,0.5928571428571429,0.058195399993564934,0.00029689999064430594
144,Statlog (German Credit Data),4,RandomFuzzyRules__max_rules_len__7,900,100,20,61,0.7,0.4444444444444444,0.6142857142857142,0.06126839999342337,0.00030679999326821417
144,Statlog (German Credit Data),5,RandomFuzzyRules__max_rules_len__2,900,100,20,61,0.71,0.35555555555555557,0.603095238095238,0.05160579999210313,0.00025800000003073364
144,Statlog (German Credit Data),5,RandomFuzzyRules__max_rules_len__3,900,100,20,61,0.71,0.21621621621621623,0.5452380952380953,0.053543700007139705,0.00029240000003483146
144,Statlog (German Credit Data),5,RandomFuzzyRules__max_rules_len__4,900,100,20,61,0.71,0.35555555555555557,0.5833333333333333,0.05954250000650063,0.0002623999898787588
144,Statlog (German Credit Data),5,RandomFuzzyRules__max_rules_len__5,900,100,20,61,0.72,0.3,0.5714285714285714,0.05716060000122525,0.00031409999064635485
144,Statlog (German Credit Data),5,RandomFuzzyRules__max_rules_len__6,900,100,20,61,0.75,0.3902439024390244,0.6119047619047618,0.05685480000101961,0.0003147000097669661
144,Statlog (German Credit Data),5,RandomFuzzyRules__max_rules_len__7,900,100,20,61,0.71,0.35555555555555557,0.5833333333333333,0.06130809999012854,0.00032950000604614615
144,Statlog (German Credit Data),6,RandomFuzzyRules__max_rules_len__2,900,100,20,61,0.67,0.15384615384615385,0.4490476190476191,0.05166520000784658,0.0002773000014713034
144,Statlog (German Credit Data),6,RandomFuzzyRules__max_rules_len__3,900,100,20,61,0.72,0.2222222222222222,0.5528571428571428,0.05347260000417009,0.0003041000018129125
144,Statlog (German Credit Data),6,RandomFuzzyRules__max_rules_len__4,900,100,20,61,0.68,0.23809523809523808,0.5333333333333333,0.055003100002068095,0.00031689999741502106
144,Statlog (German Credit Data),6,RandomFuzzyRules__max_rules_len__5,900,100,20,61,0.74,0.4583333333333333,0.6561904761904762,0.05784769999445416,0.00032649999775458127
144,Statlog (German Credit Data),6,RandomFuzzyRules__max_rules_len__6,900,100,20,61,0.74,0.4090909090909091,0.6142857142857143,0.058626700003515,0.0003132999991066754
144,Statlog (German Credit Data),6,RandomFuzzyRules__max_rules_len__7,900,100,20,61,0.74,0.4090909090909091,0.6142857142857143,0.06140649999724701,0.00032140000257641077
144,Statlog (German Credit Data),7,RandomFuzzyRules__max_rules_len__2,900,100,20,61,0.65,0.2553191489361702,0.5173809523809525,0.0542455999966478,0.0003087999939452857
144,Statlog (German Credit Data),7,RandomFuzzyRules__max_rules_len__3,900,100,20,61,0.7,0.25,0.5488095238095239,0.05445809999946505,0.0003006000042660162
144,Statlog (German Credit Data),7,RandomFuzzyRules__max_rules_len__4,900,100,20,61,0.68,0.2727272727272727,0.5433333333333332,0.05879799999820534,0.0003161000058753416
144,Statlog (German Credit Data),7,RandomFuzzyRules__max_rules_len__5,900,100,20,61,0.66,0.22727272727272727,0.5204761904761904,0.056941899994853884,0.0003321999975014478
144,Statlog (German Credit Data),7,RandomFuzzyRules__max_rules_len__6,900,100,20,61,0.66,0.15,0.5,0.059284800008754246,0.0003293000045232475
144,Statlog (German Credit Data),7,RandomFuzzyRules__max_rules_len__7,900,100,20,61,0.66,0.2608695652173913,0.5285714285714286,0.06086219999997411,0.00029719999292865396
144,Statlog (German Credit Data),8,RandomFuzzyRules__max_rules_len__2,900,100,20,61,0.72,0.48148148148148145,0.626904761904762,0.05212169999140315,0.0002826999989338219
144,Statlog (German Credit Data),8,RandomFuzzyRules__max_rules_len__3,900,100,20,61,0.71,0.2564102564102564,0.5547619047619048,0.05475890000525396,0.00030519999563694
144,Statlog (German Credit Data),8,RandomFuzzyRules__max_rules_len__4,900,100,20,61,0.68,0.3333333333333333,0.5642857142857144,0.05493509999359958,0.00029569999605882913
144,Statlog (German Credit Data),8,RandomFuzzyRules__max_rules_len__5,900,100,20,61,0.68,0.30434782608695654,0.5523809523809524,0.05700109999452252,0.00031019999005366117
144,Statlog (German Credit Data),8,RandomFuzzyRules__max_rules_len__6,900,100,20,61,0.73,0.4,0.6071428571428572,0.05867280000529718,0.0003173000004608184
144,Statlog (German Credit Data),8,RandomFuzzyRules__max_rules_len__7,900,100,20,61,0.71,0.4528301886792453,0.6214285714285714,0.060440699991886504,0.0002872000040952116
144,Statlog (German Credit Data),9,RandomFuzzyRules__max_rules_len__2,900,100,20,61,0.7,0.375,0.5871428571428571,0.0522684999887133,0.000268299991148524
144,Statlog (German Credit Data),9,RandomFuzzyRules__max_rules_len__3,900,100,20,61,0.71,0.2926829268292683,0.5642857142857143,0.05454769999778364,0.00030229998810682446
144,Statlog (German Credit Data),9,RandomFuzzyRules__max_rules_len__4,900,100,20,61,0.7,0.4,0.5976190476190476,0.05999729999166448,0.0003186999965691939
144,Statlog (German Credit Data),9,RandomFuzzyRules__max_rules_len__5,900,100,20,61,0.71,0.3829787234042553,0.587857142857143,0.05870609999692533,0.00030499999411404133
144,Statlog (German Credit Data),9,RandomFuzzyRules__max_rules_len__6,900,100,20,61,0.72,0.391304347826087,0.6000000000000001,0.058659100002842024,0.00033030001213774085
144,Statlog (German Credit Data),9,RandomFuzzyRules__max_rules_len__7,900,100,20,61,0.72,0.391304347826087,0.6000000000000001,0.06044649999239482,0.00031009998929221183
144,Statlog (German Credit Data),10,RandomFuzzyRules__max_rules_len__2,900,100,20,61,0.76,0.5,0.6676190476190477,0.0515678000083426,0.00025850000383798033
144,Statlog (German Credit Data),10,RandomFuzzyRules__max_rules_len__3,900,100,20,61,0.71,0.2564102564102564,0.5557142857142857,0.0563696000026539,0.00029739999445155263
144,Statlog (German Credit Data),10,RandomFuzzyRules__max_rules_len__4,900,100,20,61,0.75,0.4897959183673469,0.6504761904761904,0.054837299991049804,0.0002796000044327229
144,Statlog (German Credit Data),10,RandomFuzzyRules__max_rules_len__5,900,100,20,61,0.74,0.43478260869565216,0.639047619047619,0.057633699994767085,0.0003102999908151105
144,Statlog (German Credit Data),10,RandomFuzzyRules__max_rules_len__6,900,100,20,61,0.71,0.2926829268292683,0.5642857142857143,0.06064860000333283,0.00033760000951588154
144,Statlog (German Credit Data),10,RandomFuzzyRules__max_rules_len__7,900,100,20,61,0.71,0.2926829268292683,0.5642857142857143,0.05991339999309275,0.000308899994706735
151,"Connectionist Bench (Sonar, Mines vs. Rocks)",1,RandomFuzzyRules__max_rules_len__2,187,21,60,60,0.9523809523809523,0.9523809523809523,0.9909090909090909,0.03198549999797251,0.00024420001136604697
151,"Connectionist Bench (Sonar, Mines vs. Rocks)",1,RandomFuzzyRules__max_rules_len__3,187,21,60,60,0.8095238095238095,0.75,0.8818181818181818,0.03218429999833461,0.0002410000015515834
151,"Connectionist Bench (Sonar, Mines vs. Rocks)",1,RandomFuzzyRules__max_rules_len__4,187,21,60,60,0.5714285714285714,0.5263157894736842,0.5909090909090908,0.03538169999956153,0.0002477000089129433
151,"Connectionist Bench (Sonar, Mines vs. Rocks)",1,RandomFuzzyRules__max_rules_len__5,187,21,60,60,0.8095238095238095,0.7777777777777778,0.8363636363636363,0.036482399998931214,0.00026390000130049884
151,"Connectionist Bench (Sonar, Mines vs. Rocks)",1,RandomFuzzyRules__max_rules_len__6,187,21,60,60,0.8571428571428571,0.8235294117647058,0.8909090909090909,0.039017500006593764,0.00027489999774843454
151,"Connectionist Bench (Sonar, Mines vs. Rocks)",1,RandomFuzzyRules__max_rules_len__7,187,21,60,60,0.7619047619047619,0.6666666666666666,0.7909090909090909,0.040340200008358806,0.0002612999960547313
151,"Connectionist Bench (Sonar, Mines vs. Rocks)",2,RandomFuzzyRules__max_rules_len__2,187,21,60,60,0.8095238095238095,0.8,0.7727272727272728,0.03454620001139119,0.00023669999791309237
151,"Connectionist Bench (Sonar, Mines vs. Rocks)",2,RandomFuzzyRules__max_rules_len__3,187,21,60,60,0.7619047619047619,0.782608695652174,0.8727272727272728,0.03592629999911878,0.00026509999588597566
151,"Connectionist Bench (Sonar, Mines vs. Rocks)",2,RandomFuzzyRules__max_rules_len__4,187,21,60,60,0.8095238095238095,0.8181818181818182,0.8727272727272727,0.035630300000775605,0.0002764999953797087
151,"Connectionist Bench (Sonar, Mines vs. Rocks)",2,RandomFuzzyRules__max_rules_len__5,187,21,60,60,0.7619047619047619,0.782608695652174,0.8363636363636363,0.03848509999806993,0.0002629000082379207
151,"Connectionist Bench (Sonar, Mines vs. Rocks)",2,RandomFuzzyRules__max_rules_len__6,187,21,60,60,0.8095238095238095,0.8181818181818182,0.8727272727272727,0.03927369999291841,0.0002714000002015382
151,"Connectionist Bench (Sonar, Mines vs. Rocks)",2,RandomFuzzyRules__max_rules_len__7,187,21,60,60,0.6666666666666666,0.631578947368421,0.8,0.05170160000852775,0.00029939999512862414
151,"Connectionist Bench (Sonar, Mines vs. Rocks)",3,RandomFuzzyRules__max_rules_len__2,187,21,60,60,0.5714285714285714,0.18181818181818182,0.5818181818181818,0.03566619999764953,0.00027859999681822956
151,"Connectionist Bench (Sonar, Mines vs. Rocks)",3,RandomFuzzyRules__max_rules_len__3,187,21,60,60,0.5714285714285714,0.18181818181818182,0.5818181818181818,0.03534119999676477,0.0002739000046858564
151,"Connectionist Bench (Sonar, Mines vs. Rocks)",3,RandomFuzzyRules__max_rules_len__4,187,21,60,60,0.5714285714285714,0.18181818181818182,0.5818181818181818,0.03644779999740422,0.00029779999749735
151,"Connectionist Bench (Sonar, Mines vs. Rocks)",3,RandomFuzzyRules__max_rules_len__5,187,21,60,60,0.5714285714285714,0.3076923076923077,0.5727272727272728,0.04658949999429751,0.00029490000451914966
151,"Connectionist Bench (Sonar, Mines vs. Rocks)",3,RandomFuzzyRules__max_rules_len__6,187,21,60,60,0.5714285714285714,0.18181818181818182,0.6181818181818182,0.04933549999259412,0.00031149999995250255
151,"Connectionist Bench (Sonar, Mines vs. Rocks)",3,RandomFuzzyRules__max_rules_len__7,187,21,60,60,0.5714285714285714,0.47058823529411764,0.5909090909090909,0.041708000004291534,0.0002604000037536025
151,"Connectionist Bench (Sonar, Mines vs. Rocks)",4,RandomFuzzyRules__max_rules_len__2,187,21,60,60,0.8095238095238095,0.7777777777777778,0.8636363636363636,0.034420500000123866,0.00024340000527445227
151,"Connectionist Bench (Sonar, Mines vs. Rocks)",4,RandomFuzzyRules__max_rules_len__3,187,21,60,60,0.8095238095238095,0.8,0.8727272727272727,0.04433370000333525,0.00028140000358689576
151,"Connectionist Bench (Sonar, Mines vs. Rocks)",4,RandomFuzzyRules__max_rules_len__4,187,21,60,60,0.8095238095238095,0.8,0.8727272727272727,0.056009000007179566,0.000298700004350394
151,"Connectionist Bench (Sonar, Mines vs. Rocks)",4,RandomFuzzyRules__max_rules_len__5,187,21,60,60,0.8095238095238095,0.8,0.8818181818181818,0.047652000008383766,0.0002868000010494143
151,"Connectionist Bench (Sonar, Mines vs. Rocks)",4,RandomFuzzyRules__max_rules_len__6,187,21,60,60,0.8095238095238095,0.8,0.8727272727272728,0.03931690000172239,0.0002893000055337325
151,"Connectionist Bench (Sonar, Mines vs. Rocks)",4,RandomFuzzyRules__max_rules_len__7,187,21,60,60,0.8095238095238095,0.8,0.8727272727272727,0.04011299999547191,0.00019829999655485153
151,"Connectionist Bench (Sonar, Mines vs. Rocks)",5,RandomFuzzyRules__max_rules_len__2,187,21,60,60,0.5238095238095238,0.5,0.6363636363636364,0.040924999993876554,0.00030050000350456685
151,"Connectionist Bench (Sonar, Mines vs. Rocks)",5,RandomFuzzyRules__max_rules_len__3,187,21,60,60,0.5238095238095238,0.5,0.6363636363636364,0.034597599995322526,0.0002931000053649768
151,"Connectionist Bench (Sonar, Mines vs. Rocks)",5,RandomFuzzyRules__max_rules_len__4,187,21,60,60,0.5714285714285714,0.5714285714285714,0.5,0.0351721000042744,0.00031709999893791974
151,"Connectionist Bench (Sonar, Mines vs. Rocks)",5,RandomFuzzyRules__max_rules_len__5,187,21,60,60,0.6190476190476191,0.6363636363636364,0.6727272727272728,0.050069200005964376,0.0002722000062931329
151,"Connectionist Bench (Sonar, Mines vs. Rocks)",5,RandomFuzzyRules__max_rules_len__6,187,21,60,60,0.5714285714285714,0.5714285714285714,0.6,0.05241010000463575,0.00030599998717661947
151,"Connectionist Bench (Sonar, Mines vs. Rocks)",5,RandomFuzzyRules__max_rules_len__7,187,21,60,60,0.5714285714285714,0.5714285714285714,0.5727272727272728,0.04176259999803733,0.0002905000001192093
151,"Connectionist Bench (Sonar, Mines vs. Rocks)",6,RandomFuzzyRules__max_rules_len__2,187,21,60,60,0.8571428571428571,0.8421052631578947,0.8909090909090909,0.035741400002734736,0.0002514000079827383
151,"Connectionist Bench (Sonar, Mines vs. Rocks)",6,RandomFuzzyRules__max_rules_len__3,187,21,60,60,0.8571428571428571,0.8421052631578947,0.8909090909090909,0.04490929999155924,0.0002750999992713332
151,"Connectionist Bench (Sonar, Mines vs. Rocks)",6,RandomFuzzyRules__max_rules_len__4,187,21,60,60,0.8095238095238095,0.8,0.8727272727272727,0.036562199995387346,0.0002668000088306144
151,"Connectionist Bench (Sonar, Mines vs. Rocks)",6,RandomFuzzyRules__max_rules_len__5,187,21,60,60,0.8571428571428571,0.8571428571428571,0.881818181818182,0.03851549999671988,0.0002049000031547621
151,"Connectionist Bench (Sonar, Mines vs. Rocks)",6,RandomFuzzyRules__max_rules_len__6,187,21,60,60,0.8571428571428571,0.8571428571428571,0.8909090909090909,0.04032480000751093,0.0002872000040952116
151,"Connectionist Bench (Sonar, Mines vs. Rocks)",6,RandomFuzzyRules__max_rules_len__7,187,21,60,60,0.6666666666666666,0.631578947368421,0.7454545454545455,0.04137980000814423,0.00027879999834112823
151,"Connectionist Bench (Sonar, Mines vs. Rocks)",7,RandomFuzzyRules__max_rules_len__2,187,21,60,60,0.9523809523809523,0.9473684210526315,0.9818181818181817,0.03579229999741074,0.00025630000163801014
151,"Connectionist Bench (Sonar, Mines vs. Rocks)",7,RandomFuzzyRules__max_rules_len__3,187,21,60,60,0.7619047619047619,0.7619047619047619,0.8181818181818181,0.03568739999900572,0.0002668999950401485
151,"Connectionist Bench (Sonar, Mines vs. Rocks)",7,RandomFuzzyRules__max_rules_len__4,187,21,60,60,0.6666666666666666,0.5882352941176471,0.8363636363636363,0.03658539999742061,0.0002688000095076859
151,"Connectionist Bench (Sonar, Mines vs. Rocks)",7,RandomFuzzyRules__max_rules_len__5,187,21,60,60,0.8571428571428571,0.8571428571428571,0.8545454545454545,0.0385857999935979,0.0002683999919099733
151,"Connectionist Bench (Sonar, Mines vs. Rocks)",7,RandomFuzzyRules__max_rules_len__6,187,21,60,60,0.6666666666666666,0.5882352941176471,0.8272727272727273,0.04108679998898879,0.000301799998851493
151,"Connectionist Bench (Sonar, Mines vs. Rocks)",7,RandomFuzzyRules__max_rules_len__7,187,21,60,60,0.6666666666666666,0.46153846153846156,0.7727272727272727,0.04035689999000169,0.0003001000004587695
151,"Connectionist Bench (Sonar, Mines vs. Rocks)",8,RandomFuzzyRules__max_rules_len__2,187,21,60,60,0.8095238095238095,0.75,0.8148148148148148,0.03407100000185892,0.00022980000358074903
151,"Connectionist Bench (Sonar, Mines vs. Rocks)",8,RandomFuzzyRules__max_rules_len__3,187,21,60,60,0.7142857142857143,0.5714285714285714,0.7592592592592591,0.03492279999773018,0.0002989000058732927
151,"Connectionist Bench (Sonar, Mines vs. Rocks)",8,RandomFuzzyRules__max_rules_len__4,187,21,60,60,0.7142857142857143,0.5714285714285714,0.7592592592592591,0.03697880000981968,0.00026640000578481704
151,"Connectionist Bench (Sonar, Mines vs. Rocks)",8,RandomFuzzyRules__max_rules_len__5,187,21,60,60,0.7142857142857143,0.5714285714285714,0.8148148148148148,0.038615900004515424,0.000272599994787015
151,"Connectionist Bench (Sonar, Mines vs. Rocks)",8,RandomFuzzyRules__max_rules_len__6,187,21,60,60,0.7142857142857143,0.5714285714285714,0.7685185185185184,0.03939160000300035,0.00026810000417754054
151,"Connectionist Bench (Sonar, Mines vs. Rocks)",8,RandomFuzzyRules__max_rules_len__7,187,21,60,60,0.7142857142857143,0.5714285714285714,0.7592592592592591,0.040965000007417984,0.0002761000068858266
151,"Connectionist Bench (Sonar, Mines vs. Rocks)",9,RandomFuzzyRules__max_rules_len__2,188,20,60,60,0.5,0.375,0.606060606060606,0.03535980000742711,0.0002730999985942617
151,"Connectionist Bench (Sonar, Mines vs. Rocks)",9,RandomFuzzyRules__max_rules_len__3,188,20,60,60,0.45,0.26666666666666666,0.6060606060606061,0.0366210000065621,0.00027549998776521534
151,"Connectionist Bench (Sonar, Mines vs. Rocks)",9,RandomFuzzyRules__max_rules_len__4,188,20,60,60,0.65,0.5333333333333333,0.5151515151515151,0.037786300003062934,0.0002894000062951818
151,"Connectionist Bench (Sonar, Mines vs. Rocks)",9,RandomFuzzyRules__max_rules_len__5,188,20,60,60,0.65,0.5333333333333333,0.5252525252525252,0.038988400003290735,0.00026169999910052866
151,"Connectionist Bench (Sonar, Mines vs. Rocks)",9,RandomFuzzyRules__max_rules_len__6,188,20,60,60,0.65,0.5333333333333333,0.5151515151515151,0.03995700000086799,0.0002928999892901629
151,"Connectionist Bench (Sonar, Mines vs. Rocks)",9,RandomFuzzyRules__max_rules_len__7,188,20,60,60,0.55,0.4,0.46464646464646464,0.03892249999626074,0.00030559999868273735
151,"Connectionist Bench (Sonar, Mines vs. Rocks)",10,RandomFuzzyRules__max_rules_len__2,188,20,60,60,0.85,0.8,0.8888888888888888,0.03870229999301955,0.0002595999976620078
151,"Connectionist Bench (Sonar, Mines vs. Rocks)",10,RandomFuzzyRules__max_rules_len__3,188,20,60,60,0.8,0.7777777777777778,0.8484848484848485,0.0357157999969786,0.0002505000011296943
151,"Connectionist Bench (Sonar, Mines vs. Rocks)",10,RandomFuzzyRules__max_rules_len__4,188,20,60,60,0.85,0.8,0.8484848484848485,0.04611019999720156,0.00044889999844599515
151,"Connectionist Bench (Sonar, Mines vs. Rocks)",10,RandomFuzzyRules__max_rules_len__5,188,20,60,60,0.85,0.8,0.8383838383838383,0.03879320000123698,0.0002556999970693141
151,"Connectionist Bench (Sonar, Mines vs. Rocks)",10,RandomFuzzyRules__max_rules_len__6,188,20,60,60,0.8,0.7777777777777778,0.8484848484848485,0.03958369999600109,0.00025940001069102436
151,"Connectionist Bench (Sonar, Mines vs. Rocks)",10,RandomFuzzyRules__max_rules_len__7,188,20,60,60,0.7,0.5714285714285714,0.7070707070707071,0.04074290000426117,0.0002747999969869852
161,Mammographic Mass,1,RandomFuzzyRules__max_rules_len__2,864,97,5,5,0.7628865979381443,0.735632183908046,0.8856837606837608,0.059019799999077804,0.00023460001102648675
161,Mammographic Mass,1,RandomFuzzyRules__max_rules_len__3,864,97,5,5,0.7525773195876289,0.7209302325581395,0.872008547008547,0.06068989999766927,0.00027260000933893025
161,Mammographic Mass,1,RandomFuzzyRules__max_rules_len__4,864,97,5,5,0.8350515463917526,0.8,0.8098290598290598,0.06901550000475254,0.00026359999901615083
161,Mammographic Mass,1,RandomFuzzyRules__max_rules_len__5,864,97,5,5,0.7525773195876289,0.7209302325581395,0.8510683760683762,0.07423860000562854,0.0002310999989276752
161,Mammographic Mass,1,RandomFuzzyRules__max_rules_len__6,864,97,5,5,0.7938144329896907,0.7727272727272727,0.8908119658119659,0.08451590000186116,0.000298400002066046
161,Mammographic Mass,1,RandomFuzzyRules__max_rules_len__7,864,97,5,5,0.7835051546391752,0.7640449438202247,0.8933760683760684,0.09027760000026319,0.00028110000130254775
161,Mammographic Mass,2,RandomFuzzyRules__max_rules_len__2,865,96,5,5,0.75,0.7209302325581395,0.8289760348583877,0.06248779999441467,0.0002707999956328422
161,Mammographic Mass,2,RandomFuzzyRules__max_rules_len__3,865,96,5,5,0.7395833333333334,0.7368421052631579,0.8453159041394336,0.0643316999921808,0.0002779000060399994
161,Mammographic Mass,2,RandomFuzzyRules__max_rules_len__4,865,96,5,5,0.8020833333333334,0.7532467532467533,0.7294117647058824,0.07013089999963995,0.00027889999910257757
161,Mammographic Mass,2,RandomFuzzyRules__max_rules_len__5,865,96,5,5,0.7708333333333334,0.7708333333333334,0.839433551198257,0.07523119999677874,0.00030529999639838934
161,Mammographic Mass,2,RandomFuzzyRules__max_rules_len__6,865,96,5,5,0.7916666666666666,0.75,0.8651416122004357,0.08296729999710806,0.00027189998945686966
161,Mammographic Mass,2,RandomFuzzyRules__max_rules_len__7,865,96,5,5,0.7604166666666666,0.7294117647058823,0.8281045751633987,0.09039950001169927,0.00027910000062547624
161,Mammographic Mass,3,RandomFuzzyRules__max_rules_len__2,865,96,5,5,0.8125,0.8235294117647058,0.9021786492374728,0.06478139999671839,0.00028709998878184706
161,Mammographic Mass,3,RandomFuzzyRules__max_rules_len__3,865,96,5,5,0.7916666666666666,0.8113207547169812,0.9163398692810458,0.06695799999579322,0.00029549999453593045
161,Mammographic Mass,3,RandomFuzzyRules__max_rules_len__4,865,96,5,5,0.8229166666666666,0.7951807228915663,0.8366013071895425,0.07219469999836292,0.00027659999614115804
161,Mammographic Mass,3,RandomFuzzyRules__max_rules_len__5,865,96,5,5,0.7916666666666666,0.8113207547169812,0.9139433551198257,0.07732509999186732,0.0003034999972442165
161,Mammographic Mass,3,RandomFuzzyRules__max_rules_len__6,865,96,5,5,0.7916666666666666,0.8113207547169812,0.9152505446623094,0.0846676000073785,0.0002671000111149624
161,Mammographic Mass,3,RandomFuzzyRules__max_rules_len__7,865,96,5,5,0.8541666666666666,0.8571428571428571,0.8993464052287582,0.09007509998627938,0.0002759000053629279
161,Mammographic Mass,4,RandomFuzzyRules__max_rules_len__2,865,96,5,5,0.8020833333333334,0.8118811881188119,0.860566448801743,0.0620863000076497,0.00024259999918285757
161,Mammographic Mass,4,RandomFuzzyRules__max_rules_len__3,865,96,5,5,0.8125,0.82,0.8614379084967321,0.06768490000104066,0.00027460001001600176
161,Mammographic Mass,4,RandomFuzzyRules__max_rules_len__4,865,96,5,5,0.8541666666666666,0.8292682926829268,0.8128540305010894,0.06940420001046732,0.0002781000075628981
161,Mammographic Mass,4,RandomFuzzyRules__max_rules_len__5,865,96,5,5,0.8125,0.82,0.8607843137254902,0.07606980000855401,0.00030699999479111284
161,Mammographic Mass,4,RandomFuzzyRules__max_rules_len__6,865,96,5,5,0.8020833333333334,0.7956989247311828,0.8827886710239651,0.08642359999066684,0.00029689999064430594
161,Mammographic Mass,4,RandomFuzzyRules__max_rules_len__7,865,96,5,5,0.8333333333333334,0.8333333333333334,0.9095860566448802,0.09079779998864979,0.00028399999428074807
161,Mammographic Mass,5,RandomFuzzyRules__max_rules_len__2,865,96,5,5,0.75,0.7209302325581395,0.8239651416122005,0.06451609999930952,0.00026000000070780516
161,Mammographic Mass,5,RandomFuzzyRules__max_rules_len__3,865,96,5,5,0.75,0.7209302325581395,0.8117647058823529,0.06593080000311602,0.0002753000007942319
161,Mammographic Mass,5,RandomFuzzyRules__max_rules_len__4,865,96,5,5,0.8125,0.775,0.7651416122004358,0.06992010000976734,0.000272599994787015
161,Mammographic Mass,5,RandomFuzzyRules__max_rules_len__5,865,96,5,5,0.75,0.7142857142857143,0.8058823529411765,0.07983249999233522,0.00027359998784959316
161,Mammographic Mass,5,RandomFuzzyRules__max_rules_len__6,865,96,5,5,0.7604166666666666,0.7228915662650602,0.8592592592592592,0.08743189999950118,0.0002896000078180805
161,Mammographic Mass,5,RandomFuzzyRules__max_rules_len__7,865,96,5,5,0.78125,0.7640449438202247,0.8466230936819172,0.09133009999641217,0.0002779000060399994
161,Mammographic Mass,6,RandomFuzzyRules__max_rules_len__2,865,96,5,5,0.78125,0.7961165048543689,0.845061188811189,0.06199069999274798,0.00029319999157451093
161,Mammographic Mass,6,RandomFuzzyRules__max_rules_len__3,865,96,5,5,0.8020833333333334,0.8118811881188119,0.7921765734265734,0.06677689999924041,0.00029179999546613544
161,Mammographic Mass,6,RandomFuzzyRules__max_rules_len__4,865,96,5,5,0.7291666666666666,0.675,0.71131993006993,0.10171239999181125,0.0002889000024879351
161,Mammographic Mass,6,RandomFuzzyRules__max_rules_len__5,865,96,5,5,0.7916666666666666,0.7916666666666666,0.8347902097902098,0.1109366000018781,0.00029469998844433576
161,Mammographic Mass,6,RandomFuzzyRules__max_rules_len__6,865,96,5,5,0.8229166666666666,0.8247422680412371,0.8223339160839161,0.0887908000004245,0.0003246000123908743
161,Mammographic Mass,6,RandomFuzzyRules__max_rules_len__7,865,96,5,5,0.7916666666666666,0.7959183673469388,0.8308566433566433,0.09582240000599995,0.0002454000059515238
161,Mammographic Mass,7,RandomFuzzyRules__max_rules_len__2,865,96,5,5,0.8020833333333334,0.7816091954022989,0.8699737762237764,0.09994759999972302,0.0002775000029942021
161,Mammographic Mass,7,RandomFuzzyRules__max_rules_len__3,865,96,5,5,0.8229166666666666,0.8131868131868132,0.850743006993007,0.10342600000149105,0.00030020000122021884
161,Mammographic Mass,7,RandomFuzzyRules__max_rules_len__4,865,96,5,5,0.8229166666666666,0.7733333333333333,0.8168706293706295,0.1063614000013331,0.00030420000257436186
161,Mammographic Mass,7,RandomFuzzyRules__max_rules_len__5,865,96,5,5,0.8125,0.7906976744186046,0.8533653846153846,0.1127011000062339,0.0002925000007962808
161,Mammographic Mass,7,RandomFuzzyRules__max_rules_len__6,865,96,5,5,0.8125,0.7954545454545454,0.8946678321678323,0.11976430000504479,0.00030819998937658966
161,Mammographic Mass,7,RandomFuzzyRules__max_rules_len__7,865,96,5,5,0.84375,0.8351648351648352,0.888111888111888,0.09948600000643637,0.0003009999927598983
161,Mammographic Mass,8,RandomFuzzyRules__max_rules_len__2,865,96,5,5,0.7916666666666666,0.7959183673469388,0.8682255244755246,0.10013019999314565,0.00027540000155568123
161,Mammographic Mass,8,RandomFuzzyRules__max_rules_len__3,865,96,5,5,0.8020833333333334,0.8,0.8548951048951049,0.09721039999567438,0.0002364999963901937
161,Mammographic Mass,8,RandomFuzzyRules__max_rules_len__4,865,96,5,5,0.8125,0.7804878048780488,0.8216783216783217,0.07009110000217333,0.00029399999766610563
161,Mammographic Mass,8,RandomFuzzyRules__max_rules_len__5,865,96,5,5,0.7916666666666666,0.7916666666666666,0.8513986013986016,0.1122691000055056,0.0003040000010514632
161,Mammographic Mass,8,RandomFuzzyRules__max_rules_len__6,865,96,5,5,0.8020833333333334,0.8,0.854895104895105,0.08768509999208618,0.0003087999939452857
161,Mammographic Mass,8,RandomFuzzyRules__max_rules_len__7,865,96,5,5,0.8229166666666666,0.8089887640449438,0.8817744755244755,0.12692239999887533,0.0002891000040108338
161,Mammographic Mass,9,RandomFuzzyRules__max_rules_len__2,865,96,5,5,0.8333333333333334,0.8181818181818182,0.8326048951048952,0.10212619999947492,0.0002761999930953607
161,Mammographic Mass,9,RandomFuzzyRules__max_rules_len__3,865,96,5,5,0.8333333333333334,0.8181818181818182,0.8365384615384616,0.07072099999641068,0.0002995999966515228
161,Mammographic Mass,9,RandomFuzzyRules__max_rules_len__4,865,96,5,5,0.7916666666666666,0.7777777777777778,0.8378496503496503,0.10747350000019651,0.0002982000005431473
161,Mammographic Mass,9,RandomFuzzyRules__max_rules_len__5,865,96,5,5,0.8125,0.8,0.840472027972028,0.1142995999980485,0.0002992999943671748
161,Mammographic Mass,9,RandomFuzzyRules__max_rules_len__6,865,96,5,5,0.8333333333333334,0.8181818181818182,0.8356643356643357,0.08748460000788327,0.0003012999950442463
161,Mammographic Mass,9,RandomFuzzyRules__max_rules_len__7,865,96,5,5,0.8125,0.8,0.8452797202797203,0.09696619999886025,0.0002665999927558005
161,Mammographic Mass,10,RandomFuzzyRules__max_rules_len__2,865,96,5,5,0.8020833333333334,0.8080808080808081,0.8625437062937062,0.0639621000009356,0.0002558999985922128
161,Mammographic Mass,10,RandomFuzzyRules__max_rules_len__3,865,96,5,5,0.8020833333333334,0.8041237113402062,0.8745629370629371,0.06568309999420308,0.00028989999555051327
161,Mammographic Mass,10,RandomFuzzyRules__max_rules_len__4,865,96,5,5,0.8125,0.7567567567567568,0.8162150349650349,0.07030789999407716,0.0002708999963942915
161,Mammographic Mass,10,RandomFuzzyRules__max_rules_len__5,865,96,5,5,0.7708333333333334,0.7555555555555555,0.85861013986014,0.07739249999576714,0.00026929999876301736
161,Mammographic Mass,10,RandomFuzzyRules__max_rules_len__6,865,96,5,5,0.8125,0.7906976744186046,0.871722027972028,0.08491039999353234,0.0002815999905578792
161,Mammographic Mass,10,RandomFuzzyRules__max_rules_len__7,865,96,5,5,0.8125,0.8043478260869565,0.9010052447552448,0.09493320000183303,0.0002874000056181103
174,Parkinsons,1,RandomFuzzyRules__max_rules_len__2,175,20,20,20,0.85,0.9090909090909091,0.8666666666666667,0.03217569999105763,0.00021899999410379678
174,Parkinsons,1,RandomFuzzyRules__max_rules_len__3,175,20,20,20,0.85,0.9090909090909091,0.8933333333333333,0.03545080000185408,0.00023169998894445598
174,Parkinsons,1,RandomFuzzyRules__max_rules_len__4,175,20,20,20,0.85,0.9032258064516129,0.8666666666666667,0.03674189999583177,0.00023370000417344272
174,Parkinsons,1,RandomFuzzyRules__max_rules_len__5,175,20,20,20,0.85,0.9090909090909091,0.88,0.039480399995227344,0.0002708999963942915
174,Parkinsons,1,RandomFuzzyRules__max_rules_len__6,175,20,20,20,0.85,0.9090909090909091,0.8,0.040012899989960715,0.00026190000062342733
174,Parkinsons,1,RandomFuzzyRules__max_rules_len__7,175,20,20,20,0.85,0.9090909090909091,0.88,0.042226599995046854,0.00026109999453183264
174,Parkinsons,2,RandomFuzzyRules__max_rules_len__2,175,20,20,20,0.9,0.9375,0.8,0.03506520000519231,0.00023530000180471689
174,Parkinsons,2,RandomFuzzyRules__max_rules_len__3,175,20,20,20,0.9,0.9375,0.8933333333333333,0.036208100005751476,0.0002474000066285953
174,Parkinsons,2,RandomFuzzyRules__max_rules_len__4,175,20,20,20,0.95,0.967741935483871,0.9866666666666667,0.03701879999425728,0.00026309999520890415
174,Parkinsons,2,RandomFuzzyRules__max_rules_len__5,175,20,20,20,0.95,0.967741935483871,0.9866666666666667,0.0422919999982696,0.00026980000257026404
174,Parkinsons,2,RandomFuzzyRules__max_rules_len__6,175,20,20,20,0.9,0.9375,0.84,0.040899500003433786,0.00028449999808799475
174,Parkinsons,2,RandomFuzzyRules__max_rules_len__7,175,20,20,20,0.9,0.9375,0.9066666666666667,0.043142900001839735,0.00025100000493694097
174,Parkinsons,3,RandomFuzzyRules__max_rules_len__2,175,20,20,20,0.8,0.8571428571428571,0.8933333333333333,0.039175099998828955,0.00024739999207668006
174,Parkinsons,3,RandomFuzzyRules__max_rules_len__3,175,20,20,20,0.8,0.8571428571428571,0.8933333333333333,0.035328099998878315,0.00024369999300688505
174,Parkinsons,3,RandomFuzzyRules__max_rules_len__4,175,20,20,20,0.85,0.9032258064516129,0.8400000000000001,0.036812900012591854,0.0002665000065462664
174,Parkinsons,3,RandomFuzzyRules__max_rules_len__5,175,20,20,20,0.85,0.9032258064516129,0.8400000000000001,0.03810050000902265,0.0003708000003825873
174,Parkinsons,3,RandomFuzzyRules__max_rules_len__6,175,20,20,20,0.9,0.9333333333333333,0.9199999999999999,0.04084240000520367,0.0002666000073077157
174,Parkinsons,3,RandomFuzzyRules__max_rules_len__7,175,20,20,20,0.95,0.967741935483871,0.8800000000000001,0.043116100001498125,0.0002886000002035871
174,Parkinsons,4,RandomFuzzyRules__max_rules_len__2,175,20,20,20,0.85,0.9090909090909091,0.7333333333333334,0.03659380000317469,0.00022000000171829015
174,Parkinsons,4,RandomFuzzyRules__max_rules_len__3,175,20,20,20,0.9,0.9375,0.8,0.03522079999675043,0.0002766999969026074
174,Parkinsons,4,RandomFuzzyRules__max_rules_len__4,175,20,20,20,0.9,0.9375,0.7333333333333333,0.0412402999936603,0.00027319999935571104
174,Parkinsons,4,RandomFuzzyRules__max_rules_len__5,175,20,20,20,0.85,0.9032258064516129,0.8933333333333333,0.059157499999855645,0.00027630000840872526
174,Parkinsons,4,RandomFuzzyRules__max_rules_len__6,175,20,20,20,0.85,0.9032258064516129,0.8933333333333333,0.04147979999834206,0.00026840000646188855
174,Parkinsons,4,RandomFuzzyRules__max_rules_len__7,175,20,20,20,0.85,0.9090909090909091,0.7866666666666666,0.05408629999146797,0.0002420999953756109
174,Parkinsons,5,RandomFuzzyRules__max_rules_len__2,175,20,20,20,0.9,0.9333333333333333,0.8933333333333334,0.035328300000401214,0.00026190000062342733
174,Parkinsons,5,RandomFuzzyRules__max_rules_len__3,175,20,20,20,0.9,0.9375,0.92,0.03690900000219699,0.00027230000705458224
174,Parkinsons,5,RandomFuzzyRules__max_rules_len__4,175,20,20,20,0.9,0.9333333333333333,0.9066666666666666,0.03781760000856593,0.0002491000050213188
174,Parkinsons,5,RandomFuzzyRules__max_rules_len__5,175,20,20,20,0.95,0.967741935483871,1.0,0.0380896999995457,0.00028589999419637024
174,Parkinsons,5,RandomFuzzyRules__max_rules_len__6,175,20,20,20,0.9,0.9375,0.9066666666666666,0.039877399991382845,0.0002609999937703833
174,Parkinsons,5,RandomFuzzyRules__max_rules_len__7,175,20,20,20,0.95,0.967741935483871,0.8800000000000001,0.04274630000873003,0.000294700002996251
174,Parkinsons,6,RandomFuzzyRules__max_rules_len__2,176,19,20,20,0.7368421052631579,0.8148148148148148,0.85,0.035903600000892766,0.00022790000366512686
174,Parkinsons,6,RandomFuzzyRules__max_rules_len__3,176,19,20,20,0.7368421052631579,0.8148148148148148,0.85,0.03691670000262093,0.0002552999940235168
174,Parkinsons,6,RandomFuzzyRules__max_rules_len__4,176,19,20,20,0.8947368421052632,0.9375,0.65,0.03772719998960383,0.00028809999639634043
174,Parkinsons,6,RandomFuzzyRules__max_rules_len__5,176,19,20,20,0.8421052631578947,0.9032258064516129,0.8166666666666667,0.03905069999746047,0.00026529999740887433
174,Parkinsons,6,RandomFuzzyRules__max_rules_len__6,176,19,20,20,0.7368421052631579,0.8275862068965517,0.7833333333333333,0.04161559999920428,0.00030100000731181353
174,Parkinsons,6,RandomFuzzyRules__max_rules_len__7,176,19,20,20,0.8947368421052632,0.9375,0.7,0.043382200004998595,0.0002727000101003796
174,Parkinsons,7,RandomFuzzyRules__max_rules_len__2,176,19,20,20,0.6842105263157895,0.8125,0.44999999999999996,0.03505230000882875,0.0002255999861517921
174,Parkinsons,7,RandomFuzzyRules__max_rules_len__3,176,19,20,20,0.7368421052631579,0.8484848484848485,0.7166666666666667,0.03674779999710154,0.0002682000049389899
174,Parkinsons,7,RandomFuzzyRules__max_rules_len__4,176,19,20,20,0.8421052631578947,0.9090909090909091,0.48333333333333334,0.03710399998817593,0.0002965000021504238
174,Parkinsons,7,RandomFuzzyRules__max_rules_len__5,176,19,20,20,0.7894736842105263,0.875,0.8833333333333333,0.0394562000001315,0.00027180000324733555
174,Parkinsons,7,RandomFuzzyRules__max_rules_len__6,176,19,20,20,0.7894736842105263,0.8823529411764706,0.4,0.04130260000238195,0.0002665000065462664
174,Parkinsons,7,RandomFuzzyRules__max_rules_len__7,176,19,20,20,0.7894736842105263,0.8823529411764706,0.43333333333333335,0.04780590000154916,0.00028310000197961926
174,Parkinsons,8,RandomFuzzyRules__max_rules_len__2,176,19,20,20,0.8421052631578947,0.9032258064516129,0.7857142857142858,0.03569360000255983,0.00022669999452773482
174,Parkinsons,8,RandomFuzzyRules__max_rules_len__3,176,19,20,20,0.8421052631578947,0.9032258064516129,0.7857142857142857,0.037722400011261925,0.00024419999681413174
174,Parkinsons,8,RandomFuzzyRules__max_rules_len__4,176,19,20,20,0.8421052631578947,0.9032258064516129,0.7285714285714285,0.038857999999891035,0.00026440000510774553
174,Parkinsons,8,RandomFuzzyRules__max_rules_len__5,176,19,20,20,0.8421052631578947,0.9032258064516129,0.9571428571428572,0.039906299993162975,0.00029260000155773014
174,Parkinsons,8,RandomFuzzyRules__max_rules_len__6,176,19,20,20,0.7894736842105263,0.8666666666666667,0.9285714285714285,0.05021410000335891,0.0003009000065503642
174,Parkinsons,8,RandomFuzzyRules__max_rules_len__7,176,19,20,20,0.8421052631578947,0.9032258064516129,0.7714285714285714,0.053409100000862963,0.0002928999892901629
174,Parkinsons,9,RandomFuzzyRules__max_rules_len__2,176,19,20,20,0.7894736842105263,0.8571428571428571,0.8714285714285714,0.03644409999833442,0.000258700005360879
174,Parkinsons,9,RandomFuzzyRules__max_rules_len__3,176,19,20,20,0.8421052631578947,0.896551724137931,0.9428571428571428,0.03752640000311658,0.000258100000792183
174,Parkinsons,9,RandomFuzzyRules__max_rules_len__4,176,19,20,20,0.8947368421052632,0.9230769230769231,0.9571428571428572,0.038635999997495674,0.00026529999740887433
174,Parkinsons,9,RandomFuzzyRules__max_rules_len__5,176,19,20,20,0.8947368421052632,0.9333333333333333,0.8857142857142857,0.048124900000402704,0.0002776000037556514
174,Parkinsons,9,RandomFuzzyRules__max_rules_len__6,176,19,20,20,0.7894736842105263,0.8571428571428571,0.8571428571428571,0.05068739999842364,0.0002871000033337623
174,Parkinsons,9,RandomFuzzyRules__max_rules_len__7,176,19,20,20,0.8947368421052632,0.9333333333333333,0.9714285714285715,0.050307299999985844,0.000308599992422387
174,Parkinsons,10,RandomFuzzyRules__max_rules_len__2,176,19,20,20,0.7894736842105263,0.875,0.7,0.04085069999564439,0.00022590000298805535
174,Parkinsons,10,RandomFuzzyRules__max_rules_len__3,176,19,20,20,0.7894736842105263,0.875,0.5857142857142857,0.03740839999227319,0.0002649999951245263
174,Parkinsons,10,RandomFuzzyRules__max_rules_len__4,176,19,20,20,0.8421052631578947,0.9032258064516129,0.6428571428571429,0.037877100010518916,0.00027200000477023423
174,Parkinsons,10,RandomFuzzyRules__max_rules_len__5,176,19,20,20,0.7894736842105263,0.875,0.8571428571428572,0.040534600004320964,0.0002708000101847574
174,Parkinsons,10,RandomFuzzyRules__max_rules_len__6,176,19,20,20,0.7368421052631579,0.8387096774193549,0.7,0.042087300011189654,0.0002851000026566908
174,Parkinsons,10,RandomFuzzyRules__max_rules_len__7,176,19,20,20,0.7894736842105263,0.875,0.6428571428571428,0.05199439999705646,0.00029599999834317714
176,Blood Transfusion Service Center,1,RandomFuzzyRules__max_rules_len__2,673,75,4,4,0.76,0.1,0.4951267056530214,0.05433350001112558,0.00022570000146515667
176,Blood Transfusion Service Center,1,RandomFuzzyRules__max_rules_len__3,673,75,4,4,0.76,0.1,0.5589668615984406,0.05614650000643451,0.00026840000646188855
176,Blood Transfusion Service Center,1,RandomFuzzyRules__max_rules_len__4,673,75,4,4,0.76,0.1,0.4951267056530214,0.06443710000894498,0.00026769998657982796
176,Blood Transfusion Service Center,1,RandomFuzzyRules__max_rules_len__5,673,75,4,4,0.76,0.1,0.5043859649122807,0.07627009999123402,0.0002747999969869852
176,Blood Transfusion Service Center,1,RandomFuzzyRules__max_rules_len__6,673,75,4,4,0.76,0.1,0.5043859649122807,0.08702150000317488,0.00028440001187846065
176,Blood Transfusion Service Center,1,RandomFuzzyRules__max_rules_len__7,673,75,4,4,0.76,0.1,0.5043859649122807,0.09672349999891594,0.0002673999988473952
176,Blood Transfusion Service Center,2,RandomFuzzyRules__max_rules_len__2,673,75,4,4,0.7733333333333333,0.2608695652173913,0.6306042884990253,0.05694309998943936,0.0002604000037536025
176,Blood Transfusion Service Center,2,RandomFuzzyRules__max_rules_len__3,673,75,4,4,0.7733333333333333,0.2608695652173913,0.6033138401559455,0.05952459998661652,0.0002800000074785203
176,Blood Transfusion Service Center,2,RandomFuzzyRules__max_rules_len__4,673,75,4,4,0.7733333333333333,0.10526315789473684,0.6228070175438596,0.09741460000805091,0.00029999999969732016
176,Blood Transfusion Service Center,2,RandomFuzzyRules__max_rules_len__5,673,75,4,4,0.8266666666666667,0.48,0.7173489278752437,0.07850030000554398,0.0002724999940255657
176,Blood Transfusion Service Center,2,RandomFuzzyRules__max_rules_len__6,673,75,4,4,0.8266666666666667,0.48,0.7173489278752437,0.08659899998747278,0.00027659999614115804
176,Blood Transfusion Service Center,2,RandomFuzzyRules__max_rules_len__7,673,75,4,4,0.8266666666666667,0.48,0.7173489278752437,0.09784809999109711,0.00028500000189524144
176,Blood Transfusion Service Center,3,RandomFuzzyRules__max_rules_len__2,673,75,4,4,0.7733333333333333,0.19047619047619047,0.5409356725146198,0.05562719999579713,0.0002643000043462962
176,Blood Transfusion Service Center,3,RandomFuzzyRules__max_rules_len__3,673,75,4,4,0.7733333333333333,0.10526315789473684,0.6642300194931774,0.05902239998977166,0.00029149999318178743
176,Blood Transfusion Service Center,3,RandomFuzzyRules__max_rules_len__4,673,75,4,4,0.7733333333333333,0.19047619047619047,0.5409356725146198,0.06596400000853464,0.0002773000014713034
176,Blood Transfusion Service Center,3,RandomFuzzyRules__max_rules_len__5,673,75,4,4,0.7733333333333333,0.10526315789473684,0.5409356725146198,0.07715650000318419,0.00027910000062547624
176,Blood Transfusion Service Center,3,RandomFuzzyRules__max_rules_len__6,673,75,4,4,0.7733333333333333,0.10526315789473684,0.5409356725146198,0.0882180999906268,0.00028759999258909374
176,Blood Transfusion Service Center,3,RandomFuzzyRules__max_rules_len__7,673,75,4,4,0.7733333333333333,0.10526315789473684,0.5409356725146198,0.09802549998858012,0.0002825999981723726
176,Blood Transfusion Service Center,4,RandomFuzzyRules__max_rules_len__2,673,75,4,4,0.7466666666666667,0.09523809523809523,0.645224171539961,0.056664099989575334,0.00025630000163801014
176,Blood Transfusion Service Center,4,RandomFuzzyRules__max_rules_len__3,673,75,4,4,0.7466666666666667,0.09523809523809523,0.6998050682261209,0.060601300006965175,0.0002905000001192093
176,Blood Transfusion Service Center,4,RandomFuzzyRules__max_rules_len__4,673,75,4,4,0.7466666666666667,0.09523809523809523,0.645224171539961,0.06760829999984708,0.0002632999967318028
176,Blood Transfusion Service Center,4,RandomFuzzyRules__max_rules_len__5,673,75,4,4,0.7466666666666667,0.09523809523809523,0.6423001949317739,0.07733010000083596,0.00027200000477023423
176,Blood Transfusion Service Center,4,RandomFuzzyRules__max_rules_len__6,673,75,4,4,0.7466666666666667,0.09523809523809523,0.6423001949317739,0.08802029999787919,0.00027650000993162394
176,Blood Transfusion Service Center,4,RandomFuzzyRules__max_rules_len__7,673,75,4,4,0.7466666666666667,0.09523809523809523,0.6423001949317739,0.09798619999492075,0.0002786999975796789
176,Blood Transfusion Service Center,5,RandomFuzzyRules__max_rules_len__2,673,75,4,4,0.7866666666666666,0.2,0.7719298245614035,0.05656499999167863,0.00023920000239741057
176,Blood Transfusion Service Center,5,RandomFuzzyRules__max_rules_len__3,673,75,4,4,0.7866666666666666,0.2,0.847953216374269,0.06087169999955222,0.00028229999588802457
176,Blood Transfusion Service Center,5,RandomFuzzyRules__max_rules_len__4,673,75,4,4,0.7866666666666666,0.2,0.7719298245614035,0.06669490000058431,0.0002660000027390197
176,Blood Transfusion Service Center,5,RandomFuzzyRules__max_rules_len__5,673,75,4,4,0.7866666666666666,0.2,0.7797270955165693,0.07725430000573397,0.0002972000074805692
176,Blood Transfusion Service Center,5,RandomFuzzyRules__max_rules_len__6,673,75,4,4,0.7866666666666666,0.2,0.7797270955165693,0.08851159999903757,0.00028639999800361693
176,Blood Transfusion Service Center,5,RandomFuzzyRules__max_rules_len__7,673,75,4,4,0.7866666666666666,0.2,0.7797270955165693,0.09748910000780597,0.0002705000079004094
176,Blood Transfusion Service Center,6,RandomFuzzyRules__max_rules_len__2,673,75,4,4,0.76,0.1,0.48538011695906436,0.05691179999848828,0.00023499999952036887
176,Blood Transfusion Service Center,6,RandomFuzzyRules__max_rules_len__3,673,75,4,4,0.7333333333333333,0.09090909090909091,0.5092592592592592,0.059692299997550435,0.0002749999985098839
176,Blood Transfusion Service Center,6,RandomFuzzyRules__max_rules_len__4,673,75,4,4,0.7466666666666667,0.09523809523809523,0.5048732943469786,0.0680733000044711,0.00027999999292660505
176,Blood Transfusion Service Center,6,RandomFuzzyRules__max_rules_len__5,673,75,4,4,0.76,0.1,0.5019493177387915,0.07662570000684354,0.00027099999715574086
176,Blood Transfusion Service Center,6,RandomFuzzyRules__max_rules_len__6,673,75,4,4,0.7333333333333333,0.09090909090909091,0.5116959064327485,0.0880308000050718,0.00028110000130254775
176,Blood Transfusion Service Center,6,RandomFuzzyRules__max_rules_len__7,673,75,4,4,0.7333333333333333,0.09090909090909091,0.5116959064327485,0.10219140000117477,0.0002778000052785501
176,Blood Transfusion Service Center,7,RandomFuzzyRules__max_rules_len__2,673,75,4,4,0.7733333333333333,0.19047619047619047,0.5696881091617934,0.05647989999852143,0.0002344999957131222
176,Blood Transfusion Service Center,7,RandomFuzzyRules__max_rules_len__3,673,75,4,4,0.7866666666666666,0.2,0.6388888888888888,0.0598082000069553,0.00025490000552963465
176,Blood Transfusion Service Center,7,RandomFuzzyRules__max_rules_len__4,673,75,4,4,0.7866666666666666,0.2,0.4887914230019493,0.06577120001020376,0.00030250000418163836
176,Blood Transfusion Service Center,7,RandomFuzzyRules__max_rules_len__5,673,75,4,4,0.7866666666666666,0.2,0.49171539961013644,0.07738260000769515,0.00029969999741297215
176,Blood Transfusion Service Center,7,RandomFuzzyRules__max_rules_len__6,673,75,4,4,0.7866666666666666,0.2,0.49171539961013644,0.08967560000019148,0.0002899000101024285
176,Blood Transfusion Service Center,7,RandomFuzzyRules__max_rules_len__7,673,75,4,4,0.7866666666666666,0.2,0.49171539961013644,0.09898480000265408,0.0002859999949578196
176,Blood Transfusion Service Center,8,RandomFuzzyRules__max_rules_len__2,673,75,4,4,0.7733333333333333,0.10526315789473684,0.6671539961013645,0.05684940000355709,0.00025549999554641545
176,Blood Transfusion Service Center,8,RandomFuzzyRules__max_rules_len__3,673,75,4,4,0.7733333333333333,0.10526315789473684,0.7461013645224172,0.0592814000119688,0.00027010000485461205
176,Blood Transfusion Service Center,8,RandomFuzzyRules__max_rules_len__4,673,75,4,4,0.7733333333333333,0.10526315789473684,0.6671539961013645,0.06788459999370389,0.0002826999989338219
176,Blood Transfusion Service Center,8,RandomFuzzyRules__max_rules_len__5,673,75,4,4,0.7733333333333333,0.10526315789473684,0.7002923976608186,0.0779737999982899,0.00029739999445155263
176,Blood Transfusion Service Center,8,RandomFuzzyRules__max_rules_len__6,673,75,4,4,0.7733333333333333,0.10526315789473684,0.7002923976608186,0.09002829999371897,0.0003009999927598983
176,Blood Transfusion Service Center,8,RandomFuzzyRules__max_rules_len__7,673,75,4,4,0.7733333333333333,0.10526315789473684,0.7475633528265108,0.09716179998940788,0.00026760000037029386
176,Blood Transfusion Service Center,9,RandomFuzzyRules__max_rules_len__2,674,74,4,4,0.7297297297297297,0.09090909090909091,0.6429308565531475,0.056746299989754334,0.00022980000358074903
176,Blood Transfusion Service Center,9,RandomFuzzyRules__max_rules_len__3,674,74,4,4,0.7567567567567568,0.1,0.6119711042311662,0.05845529999351129,0.0002527999895391986
176,Blood Transfusion Service Center,9,RandomFuzzyRules__max_rules_len__4,674,74,4,4,0.7567567567567568,0.1,0.5902992776057792,0.0674665999977151,0.0002896999940276146
176,Blood Transfusion Service Center,9,RandomFuzzyRules__max_rules_len__5,674,74,4,4,0.7567567567567568,0.1,0.5902992776057792,0.07578139999532141,0.00027709999994840473
176,Blood Transfusion Service Center,9,RandomFuzzyRules__max_rules_len__6,674,74,4,4,0.7567567567567568,0.1,0.628482972136223,0.08903129999816883,0.0003127000090898946
176,Blood Transfusion Service Center,9,RandomFuzzyRules__max_rules_len__7,674,74,4,4,0.7297297297297297,0.09090909090909091,0.6057791537667698,0.09507130000565667,0.00028480000037234277
176,Blood Transfusion Service Center,10,RandomFuzzyRules__max_rules_len__2,674,74,4,4,0.7432432432432432,0.09523809523809523,0.5495356037151703,0.05716549999488052,0.0002334000018890947
176,Blood Transfusion Service Center,10,RandomFuzzyRules__max_rules_len__3,674,74,4,4,0.7432432432432432,0.09523809523809523,0.5495356037151703,0.06000689999200404,0.0002455999929225072
176,Blood Transfusion Service Center,10,RandomFuzzyRules__max_rules_len__4,674,74,4,4,0.7432432432432432,0.09523809523809523,0.5495356037151703,0.06615080000483431,0.0002705000079004094
176,Blood Transfusion Service Center,10,RandomFuzzyRules__max_rules_len__5,674,74,4,4,0.7432432432432432,0.09523809523809523,0.5495356037151703,0.0765759999922011,0.00026620000426191837
176,Blood Transfusion Service Center,10,RandomFuzzyRules__max_rules_len__6,674,74,4,4,0.7567567567567568,0.0,0.5397316821465428,0.08719940000446513,0.00028839999868068844
176,Blood Transfusion Service Center,10,RandomFuzzyRules__max_rules_len__7,674,74,4,4,0.7432432432432432,0.09523809523809523,0.5495356037151703,0.09763829999428708,0.0002854000049410388
222,Bank Marketing,1,RandomFuzzyRules__max_rules_len__2,40689,4522,16,47,0.8936311366651923,0.2916053019145803,0.5871866030203139,1.5130855000024894,0.0009560000034980476
222,Bank Marketing,1,RandomFuzzyRules__max_rules_len__3,40689,4522,16,47,0.8936311366651923,0.2874074074074074,0.585546682119039,1.6384037999960128,0.000868499992066063
222,Bank Marketing,1,RandomFuzzyRules__max_rules_len__4,40689,4522,16,47,0.8936311366651923,0.2874074074074074,0.585546682119039,1.7945219000102952,0.001073999999789521
222,Bank Marketing,1,RandomFuzzyRules__max_rules_len__5,40689,4522,16,47,0.8936311366651923,0.2916053019145803,0.5871866030203139,1.682599300009315,0.0011021999962395057
222,Bank Marketing,1,RandomFuzzyRules__max_rules_len__6,40689,4522,16,47,0.8936311366651923,0.2916053019145803,0.5871866030203139,1.7177073000057135,0.0011005999986082315
222,Bank Marketing,1,RandomFuzzyRules__max_rules_len__7,40689,4522,16,47,0.8936311366651923,0.2916053019145803,0.5871866030203139,2.0564294999931008,0.001126899995142594
222,Bank Marketing,2,RandomFuzzyRules__max_rules_len__2,40690,4521,16,47,0.8944923689449237,0.2912332838038633,0.5869177310293012,1.5807425000093644,0.0011058000090997666
222,Bank Marketing,2,RandomFuzzyRules__max_rules_len__3,40690,4521,16,47,0.8949347489493474,0.29210134128166915,0.5871681692962684,1.709631799996714,0.0008982999861473218
222,Bank Marketing,2,RandomFuzzyRules__max_rules_len__4,40690,4521,16,47,0.8944923689449237,0.2912332838038633,0.5869177310293012,1.7195153000066057,0.0010017000022344291
222,Bank Marketing,2,RandomFuzzyRules__max_rules_len__5,40690,4521,16,47,0.8944923689449237,0.2912332838038633,0.5869177310293012,1.7389809000014793,0.0011394000030122697
222,Bank Marketing,2,RandomFuzzyRules__max_rules_len__6,40690,4521,16,47,0.8944923689449237,0.2912332838038633,0.5869177310293012,2.212547100003576,0.0011165000032633543
222,Bank Marketing,2,RandomFuzzyRules__max_rules_len__7,40690,4521,16,47,0.8944923689449237,0.2912332838038633,0.5869177310293012,1.7746754000108922,0.0010942000080831349
222,Bank Marketing,3,RandomFuzzyRules__max_rules_len__2,40690,4521,16,47,0.8929440389294404,0.30857142857142855,0.59418861352194,1.597807099999045,0.0011593999952310696
222,Bank Marketing,3,RandomFuzzyRules__max_rules_len__3,40690,4521,16,47,0.8929440389294404,0.30659025787965616,0.593368684438821,1.7226633000100264,0.0012202999932924286
222,Bank Marketing,3,RandomFuzzyRules__max_rules_len__4,40690,4521,16,47,0.8929440389294404,0.30659025787965616,0.593368684438821,1.7234790000075009,0.001110299999709241
222,Bank Marketing,3,RandomFuzzyRules__max_rules_len__5,40690,4521,16,47,0.8929440389294404,0.30857142857142855,0.59418861352194,1.7942938999913167,0.0011113999935332686
222,Bank Marketing,3,RandomFuzzyRules__max_rules_len__6,40690,4521,16,47,0.8929440389294404,0.30857142857142855,0.59418861352194,1.768016500005615,0.0011344999948050827
222,Bank Marketing,3,RandomFuzzyRules__max_rules_len__7,40690,4521,16,47,0.8929440389294404,0.30857142857142855,0.59418861352194,1.7708099000010407,0.000905699998838827
222,Bank Marketing,4,RandomFuzzyRules__max_rules_len__2,40690,4521,16,47,0.8944923689449237,0.28912071535022354,0.5860461471146451,1.7522694000072079,0.000792199993156828
222,Bank Marketing,4,RandomFuzzyRules__max_rules_len__3,40690,4521,16,47,0.8940499889404999,0.28400597907324365,0.5841557879464032,1.6809037000057288,0.0011528000031830743
222,Bank Marketing,4,RandomFuzzyRules__max_rules_len__4,40690,4521,16,47,0.8940499889404999,0.28400597907324365,0.5841557879464032,1.9733062999875983,0.0011764999944716692
222,Bank Marketing,4,RandomFuzzyRules__max_rules_len__5,40690,4521,16,47,0.8944923689449237,0.28912071535022354,0.5860461471146451,1.7692567999911262,0.0011199000000488013
222,Bank Marketing,4,RandomFuzzyRules__max_rules_len__6,40690,4521,16,47,0.8944923689449237,0.28912071535022354,0.5860461471146451,1.7905132000014419,0.0011075999937020242
222,Bank Marketing,4,RandomFuzzyRules__max_rules_len__7,40690,4521,16,47,0.8944923689449237,0.28912071535022354,0.5860461471146451,1.7850739999994403,0.0011145000025862828
222,Bank Marketing,5,RandomFuzzyRules__max_rules_len__2,40690,4521,16,47,0.8929440389294404,0.2861356932153392,0.5851693936076311,1.6529583999945316,0.0011347999970894307
222,Bank Marketing,5,RandomFuzzyRules__max_rules_len__3,40690,4521,16,47,0.8931652289316523,0.28444444444444444,0.5844747150255141,1.6945655000017723,0.0009360999974887818
222,Bank Marketing,5,RandomFuzzyRules__max_rules_len__4,40690,4521,16,47,0.8931652289316523,0.28444444444444444,0.5844747150255141,2.2428545000002487,0.0011171999940415844
222,Bank Marketing,5,RandomFuzzyRules__max_rules_len__5,40690,4521,16,47,0.8929440389294404,0.2861356932153392,0.5851693936076311,1.8059281000023475,0.0011561999999685213
222,Bank Marketing,5,RandomFuzzyRules__max_rules_len__6,40690,4521,16,47,0.8929440389294404,0.2861356932153392,0.5851693936076311,1.781339900000603,0.0010933000012300909
222,Bank Marketing,5,RandomFuzzyRules__max_rules_len__7,40690,4521,16,47,0.8929440389294404,0.2861356932153392,0.5851693936076311,1.8149181000044337,0.001178299993625842
222,Bank Marketing,6,RandomFuzzyRules__max_rules_len__2,40690,4521,16,47,0.893828798938288,0.29411764705882354,0.5881301828609962,1.65606399999524,0.0011431999882915989
222,Bank Marketing,6,RandomFuzzyRules__max_rules_len__3,40690,4521,16,47,0.8918380889183809,0.25796661608497723,0.5747039921051933,1.6654821999982232,0.0009722999966470525
222,Bank Marketing,6,RandomFuzzyRules__max_rules_len__4,40690,4521,16,47,0.893828798938288,0.29411764705882354,0.5881301828609962,1.7489402999926824,0.0011565999884624034
222,Bank Marketing,6,RandomFuzzyRules__max_rules_len__5,40690,4521,16,47,0.893828798938288,0.29411764705882354,0.5881301828609962,1.7618799999909243,0.0007509999995818362
222,Bank Marketing,6,RandomFuzzyRules__max_rules_len__6,40690,4521,16,47,0.893828798938288,0.29411764705882354,0.5881301828609962,1.7921208000043407,0.0008773000008659437
222,Bank Marketing,6,RandomFuzzyRules__max_rules_len__7,40690,4521,16,47,0.8918380889183809,0.25796661608497723,0.5747039921051933,2.1447471999999834,0.001119799999287352
222,Bank Marketing,7,RandomFuzzyRules__max_rules_len__2,40690,4521,16,47,0.8880778588807786,0.23564954682779457,0.5668352300063265,1.6356830000004265,0.0010204999998677522
222,Bank Marketing,7,RandomFuzzyRules__max_rules_len__3,40690,4521,16,47,0.8882990488829905,0.2336874051593323,0.5661405514242095,1.7767244999995455,0.0008832000021357089
222,Bank Marketing,7,RandomFuzzyRules__max_rules_len__4,40690,4521,16,47,0.8882990488829905,0.2336874051593323,0.5661405514242095,1.846352200009278,0.0011118000111309811
222,Bank Marketing,7,RandomFuzzyRules__max_rules_len__5,40690,4521,16,47,0.8880778588807786,0.23564954682779457,0.5668352300063265,1.9806473000062397,0.001031799998600036
222,Bank Marketing,7,RandomFuzzyRules__max_rules_len__6,40690,4521,16,47,0.8880778588807786,0.23564954682779457,0.5668352300063265,2.0385180999874137,0.0008977999968919903
222,Bank Marketing,7,RandomFuzzyRules__max_rules_len__7,40690,4521,16,47,0.8880778588807786,0.23564954682779457,0.5668352300063265,2.0881616000115173,0.001046599994879216
222,Bank Marketing,8,RandomFuzzyRules__max_rules_len__2,40690,4521,16,47,0.8902897589028976,0.2619047619047619,0.5762870258475363,2.336514500013436,0.0008862999966368079
222,Bank Marketing,8,RandomFuzzyRules__max_rules_len__3,40690,4521,16,47,0.8902897589028976,0.25748502994011974,0.5746471676812983,2.3041452999896137,0.0007985999982338399
222,Bank Marketing,8,RandomFuzzyRules__max_rules_len__4,40690,4521,16,47,0.8902897589028976,0.25748502994011974,0.5746471676812983,2.0230276999936905,0.0009978000016417354
222,Bank Marketing,8,RandomFuzzyRules__max_rules_len__5,40690,4521,16,47,0.8902897589028976,0.2619047619047619,0.5762870258475363,2.507028199994238,0.0008483999990858138
222,Bank Marketing,8,RandomFuzzyRules__max_rules_len__6,40690,4521,16,47,0.8902897589028976,0.2619047619047619,0.5762870258475363,2.1004890000040177,0.0011457000073278323
222,Bank Marketing,8,RandomFuzzyRules__max_rules_len__7,40690,4521,16,47,0.8902897589028976,0.2619047619047619,0.5762870258475363,2.0670962000003783,0.0008858999935910106
222,Bank Marketing,9,RandomFuzzyRules__max_rules_len__2,40690,4521,16,47,0.8947135589471356,0.3020527859237537,0.591090972114361,1.8605856999929529,0.0011430000013206154
222,Bank Marketing,9,RandomFuzzyRules__max_rules_len__3,40690,4521,16,47,0.8947135589471356,0.3020527859237537,0.591090972114361,2.3191943999991054,0.0011630999943008646
222,Bank Marketing,9,RandomFuzzyRules__max_rules_len__4,40690,4521,16,47,0.8947135589471356,0.3020527859237537,0.591090972114361,1.9149271000060253,0.0007428999961121008
222,Bank Marketing,9,RandomFuzzyRules__max_rules_len__5,40690,4521,16,47,0.8947135589471356,0.3020527859237537,0.591090972114361,2.046521099997335,0.0009433999948669225
222,Bank Marketing,9,RandomFuzzyRules__max_rules_len__6,40690,4521,16,47,0.8947135589471356,0.3020527859237537,0.591090972114361,2.0019501999922795,0.0011240999883739278
222,Bank Marketing,9,RandomFuzzyRules__max_rules_len__7,40690,4521,16,47,0.8947135589471356,0.3020527859237537,0.591090972114361,2.30553179999697,0.0009265999979106709
222,Bank Marketing,10,RandomFuzzyRules__max_rules_len__2,40690,4521,16,47,0.893607608936076,0.31383737517831667,0.5962042231911839,2.1868116999976337,0.0009036999981617555
222,Bank Marketing,10,RandomFuzzyRules__max_rules_len__3,40690,4521,16,47,0.893607608936076,0.31383737517831667,0.5962042231911839,2.0338496000040323,0.0009353999921586365
222,Bank Marketing,10,RandomFuzzyRules__max_rules_len__4,40690,4521,16,47,0.893607608936076,0.31383737517831667,0.5962042231911839,1.942307700010133,0.001073000006726943
222,Bank Marketing,10,RandomFuzzyRules__max_rules_len__5,40690,4521,16,47,0.893607608936076,0.31383737517831667,0.5962042231911839,2.2841891999996733,0.0010350999946240336
222,Bank Marketing,10,RandomFuzzyRules__max_rules_len__6,40690,4521,16,47,0.893607608936076,0.31383737517831667,0.5962042231911839,1.9745114999968791,0.000901999999769032
222,Bank Marketing,10,RandomFuzzyRules__max_rules_len__7,40690,4521,16,47,0.893607608936076,0.31383737517831667,0.5962042231911839,2.4312559999962104,0.0008936999947763979
225,ILPD (Indian Liver Patient Dataset),1,RandomFuzzyRules__max_rules_len__2,524,59,10,11,0.6949152542372882,0.0,0.5273109243697479,0.04721189998963382,0.0002905000001192093
225,ILPD (Indian Liver Patient Dataset),1,RandomFuzzyRules__max_rules_len__3,524,59,10,11,0.711864406779661,0.10526315789473684,0.5896358543417367,0.07689789999858476,0.0003021999873453751
225,ILPD (Indian Liver Patient Dataset),1,RandomFuzzyRules__max_rules_len__4,524,59,10,11,0.6949152542372882,0.0,0.5273109243697479,0.07411269999283832,0.00029290000384207815
225,ILPD (Indian Liver Patient Dataset),1,RandomFuzzyRules__max_rules_len__5,524,59,10,11,0.6949152542372882,0.0,0.5273109243697479,0.08822749998944346,0.000265199996647425
225,ILPD (Indian Liver Patient Dataset),1,RandomFuzzyRules__max_rules_len__6,524,59,10,11,0.711864406779661,0.19047619047619047,0.5966386554621849,0.08636719999776687,0.00031200000375974923
225,ILPD (Indian Liver Patient Dataset),1,RandomFuzzyRules__max_rules_len__7,524,59,10,11,0.711864406779661,0.0,0.5070028011204482,0.08990500000072643,0.00029739999445155263
225,ILPD (Indian Liver Patient Dataset),2,RandomFuzzyRules__max_rules_len__2,524,59,10,11,0.6949152542372882,0.18181818181818182,0.6526610644257703,0.0697607999900356,0.00026840000646188855
225,ILPD (Indian Liver Patient Dataset),2,RandomFuzzyRules__max_rules_len__3,524,59,10,11,0.6949152542372882,0.1,0.6190476190476191,0.07969059998868033,0.00027230000705458224
225,ILPD (Indian Liver Patient Dataset),2,RandomFuzzyRules__max_rules_len__4,524,59,10,11,0.6779661016949152,0.09523809523809523,0.5042016806722689,0.07593250001082197,0.0002690999972401187
225,ILPD (Indian Liver Patient Dataset),2,RandomFuzzyRules__max_rules_len__5,524,59,10,11,0.6779661016949152,0.0,0.5126050420168067,0.0654383999935817,0.00025769999774638563
225,ILPD (Indian Liver Patient Dataset),2,RandomFuzzyRules__max_rules_len__6,524,59,10,11,0.6779661016949152,0.09523809523809523,0.6596638655462185,0.08434689999558032,0.00026810000417754054
225,ILPD (Indian Liver Patient Dataset),2,RandomFuzzyRules__max_rules_len__7,524,59,10,11,0.6949152542372882,0.18181818181818182,0.6526610644257703,0.08634409999649506,0.0003136000013910234
225,ILPD (Indian Liver Patient Dataset),3,RandomFuzzyRules__max_rules_len__2,524,59,10,11,0.711864406779661,0.0,0.45798319327731096,0.07289670000318438,0.00025689999165479094
225,ILPD (Indian Liver Patient Dataset),3,RandomFuzzyRules__max_rules_len__3,524,59,10,11,0.7288135593220338,0.1111111111111111,0.665266106442577,0.0741383999993559,0.0002750000130617991
225,ILPD (Indian Liver Patient Dataset),3,RandomFuzzyRules__max_rules_len__4,524,59,10,11,0.6949152542372882,0.0,0.41456582633053224,0.07852680000360124,0.0002710999979171902
225,ILPD (Indian Liver Patient Dataset),3,RandomFuzzyRules__max_rules_len__5,524,59,10,11,0.7288135593220338,0.1111111111111111,0.8837535014005602,0.08484880000469275,0.0003004000027431175
225,ILPD (Indian Liver Patient Dataset),3,RandomFuzzyRules__max_rules_len__6,524,59,10,11,0.6949152542372882,0.0,0.4789915966386555,0.08604560000821948,0.0003146999952150509
225,ILPD (Indian Liver Patient Dataset),3,RandomFuzzyRules__max_rules_len__7,524,59,10,11,0.7627118644067796,0.36363636363636365,0.6141456582633052,0.08832640000036918,0.00034220000088680536
225,ILPD (Indian Liver Patient Dataset),4,RandomFuzzyRules__max_rules_len__2,525,58,10,11,0.7241379310344828,0.1111111111111111,0.5922619047619048,0.07792189999599941,0.000301199994282797
225,ILPD (Indian Liver Patient Dataset),4,RandomFuzzyRules__max_rules_len__3,525,58,10,11,0.7241379310344828,0.1111111111111111,0.5863095238095238,0.0756005000002915,0.00028029999521095306
225,ILPD (Indian Liver Patient Dataset),4,RandomFuzzyRules__max_rules_len__4,525,58,10,11,0.7241379310344828,0.0,0.5252976190476191,0.0748167999990983,0.0003203000087523833
225,ILPD (Indian Liver Patient Dataset),4,RandomFuzzyRules__max_rules_len__5,525,58,10,11,0.7068965517241379,0.0,0.6101190476190477,0.08321979999891482,0.00026899999647866935
225,ILPD (Indian Liver Patient Dataset),4,RandomFuzzyRules__max_rules_len__6,525,58,10,11,0.7413793103448276,0.11764705882352941,0.7053571428571428,0.0826593999954639,0.000271699987933971
225,ILPD (Indian Liver Patient Dataset),4,RandomFuzzyRules__max_rules_len__7,525,58,10,11,0.7413793103448276,0.11764705882352941,0.5111607142857142,0.08639059998677112,0.0003020000003743917
225,ILPD (Indian Liver Patient Dataset),5,RandomFuzzyRules__max_rules_len__2,525,58,10,11,0.6896551724137931,0.0,0.6904761904761905,0.0714808000047924,0.0002521999995224178
225,ILPD (Indian Liver Patient Dataset),5,RandomFuzzyRules__max_rules_len__3,525,58,10,11,0.6896551724137931,0.0,0.6815476190476191,0.07168399999500252,0.0002535999956307933
225,ILPD (Indian Liver Patient Dataset),5,RandomFuzzyRules__max_rules_len__4,525,58,10,11,0.7068965517241379,0.0,0.6845238095238095,0.07693539999308996,0.00027639999461825937
225,ILPD (Indian Liver Patient Dataset),5,RandomFuzzyRules__max_rules_len__5,525,58,10,11,0.6896551724137931,0.0,0.6860119047619048,0.08113629999570549,0.0002668999950401485
225,ILPD (Indian Liver Patient Dataset),5,RandomFuzzyRules__max_rules_len__6,525,58,10,11,0.6724137931034483,0.0,0.6279761904761905,0.08352549999835901,0.0002680000034160912
225,ILPD (Indian Liver Patient Dataset),5,RandomFuzzyRules__max_rules_len__7,525,58,10,11,0.7413793103448276,0.11764705882352941,0.6889880952380952,0.09727280000515748,0.00027119999867863953
225,ILPD (Indian Liver Patient Dataset),6,RandomFuzzyRules__max_rules_len__2,525,58,10,11,0.7241379310344828,0.0,0.6354166666666667,0.07463639999332372,0.0003001000004587695
225,ILPD (Indian Liver Patient Dataset),6,RandomFuzzyRules__max_rules_len__3,525,58,10,11,0.6896551724137931,0.1,0.6354166666666667,0.06935680001333822,0.00022980000358074903
225,ILPD (Indian Liver Patient Dataset),6,RandomFuzzyRules__max_rules_len__4,525,58,10,11,0.7241379310344828,0.0,0.6294642857142857,0.08154590000049211,0.00021070000366307795
225,ILPD (Indian Liver Patient Dataset),6,RandomFuzzyRules__max_rules_len__5,525,58,10,11,0.7068965517241379,0.32,0.46279761904761907,0.07849900001019705,0.00021610000112559646
225,ILPD (Indian Liver Patient Dataset),6,RandomFuzzyRules__max_rules_len__6,525,58,10,11,0.6724137931034483,0.09523809523809523,0.43601190476190477,0.07397169999603648,0.0002928000030806288
225,ILPD (Indian Liver Patient Dataset),6,RandomFuzzyRules__max_rules_len__7,525,58,10,11,0.7241379310344828,0.0,0.47916666666666663,0.08843800000613555,0.00030420000257436186
225,ILPD (Indian Liver Patient Dataset),7,RandomFuzzyRules__max_rules_len__2,525,58,10,11,0.6896551724137931,0.18181818181818182,0.6563845050215207,0.06225819999235682,0.000275999991572462
225,ILPD (Indian Liver Patient Dataset),7,RandomFuzzyRules__max_rules_len__3,525,58,10,11,0.6896551724137931,0.18181818181818182,0.6685796269727403,0.06982550000248011,0.0002666000073077157
225,ILPD (Indian Liver Patient Dataset),7,RandomFuzzyRules__max_rules_len__4,525,58,10,11,0.7241379310344828,0.1111111111111111,0.6571018651362985,0.08712130000640173,0.0003149999974993989
225,ILPD (Indian Liver Patient Dataset),7,RandomFuzzyRules__max_rules_len__5,525,58,10,11,0.6724137931034483,0.09523809523809523,0.48206599713055953,0.08619380000163801,0.00027180000324733555
225,ILPD (Indian Liver Patient Dataset),7,RandomFuzzyRules__max_rules_len__6,525,58,10,11,0.7068965517241379,0.10526315789473684,0.6470588235294118,0.08271679999597836,0.00027350000164005905
225,ILPD (Indian Liver Patient Dataset),7,RandomFuzzyRules__max_rules_len__7,525,58,10,11,0.7068965517241379,0.19047619047619047,0.5007173601147776,0.08662079999339767,0.0002769999991869554
225,ILPD (Indian Liver Patient Dataset),8,RandomFuzzyRules__max_rules_len__2,525,58,10,11,0.6379310344827587,0.0,0.4598278335724533,0.07237880000320729,0.00026620000426191837
225,ILPD (Indian Liver Patient Dataset),8,RandomFuzzyRules__max_rules_len__3,525,58,10,11,0.6379310344827587,0.0,0.4677187948350072,0.07440709999355022,0.00026679999427869916
225,ILPD (Indian Liver Patient Dataset),8,RandomFuzzyRules__max_rules_len__4,525,58,10,11,0.6551724137931034,0.0,0.48923959827833574,0.07510840000759345,0.00031459999445360154
225,ILPD (Indian Liver Patient Dataset),8,RandomFuzzyRules__max_rules_len__5,525,58,10,11,0.6379310344827587,0.0,0.45911047345767575,0.0773992000031285,0.0002803999959724024
225,ILPD (Indian Liver Patient Dataset),8,RandomFuzzyRules__max_rules_len__6,525,58,10,11,0.6724137931034483,0.0,0.4418938307030129,0.07898789999308065,0.0002601000014692545
225,ILPD (Indian Liver Patient Dataset),8,RandomFuzzyRules__max_rules_len__7,525,58,10,11,0.6551724137931034,0.16666666666666666,0.5107604017216643,0.08978760000900365,0.0003260000084992498
225,ILPD (Indian Liver Patient Dataset),9,RandomFuzzyRules__max_rules_len__2,525,58,10,11,0.7241379310344828,0.1111111111111111,0.7259684361549499,0.07242509999196045,0.0002734000008786097
225,ILPD (Indian Liver Patient Dataset),9,RandomFuzzyRules__max_rules_len__3,525,58,10,11,0.7413793103448276,0.34782608695652173,0.7460545193687231,0.07190880000416655,0.0002989999920828268
225,ILPD (Indian Liver Patient Dataset),9,RandomFuzzyRules__max_rules_len__4,525,58,10,11,0.6896551724137931,0.0,0.48206599713055953,0.07674980000592768,0.0002657000004546717
225,ILPD (Indian Liver Patient Dataset),9,RandomFuzzyRules__max_rules_len__5,525,58,10,11,0.6896551724137931,0.0,0.7790530846484935,0.07998070000030566,0.00027370000316295773
225,ILPD (Indian Liver Patient Dataset),9,RandomFuzzyRules__max_rules_len__6,525,58,10,11,0.7068965517241379,0.0,0.5050215208034433,0.08326469999155961,0.00032339998870156705
225,ILPD (Indian Liver Patient Dataset),9,RandomFuzzyRules__max_rules_len__7,525,58,10,11,0.7241379310344828,0.1111111111111111,0.5796269727403156,0.08449369999289047,0.0003181999927619472
225,ILPD (Indian Liver Patient Dataset),10,RandomFuzzyRules__max_rules_len__2,525,58,10,11,0.7068965517241379,0.2608695652173913,0.5681492109038737,0.07222399998863693,0.000291000003926456
225,ILPD (Indian Liver Patient Dataset),10,RandomFuzzyRules__max_rules_len__3,525,58,10,11,0.6724137931034483,0.17391304347826086,0.6111908177905309,0.07553980000375304,0.0003242999955546111
225,ILPD (Indian Liver Patient Dataset),10,RandomFuzzyRules__max_rules_len__4,525,58,10,11,0.6896551724137931,0.18181818181818182,0.5868005738880919,0.0767617999954382,0.0003330000035930425
225,ILPD (Indian Liver Patient Dataset),10,RandomFuzzyRules__max_rules_len__5,525,58,10,11,0.7068965517241379,0.10526315789473684,0.46628407460545196,0.08745400000771042,0.0002666000073077157
225,ILPD (Indian Liver Patient Dataset),10,RandomFuzzyRules__max_rules_len__6,525,58,10,11,0.6896551724137931,0.1,0.5796269727403156,0.0717134000005899,0.00028080001357011497
225,ILPD (Indian Liver Patient Dataset),10,RandomFuzzyRules__max_rules_len__7,525,58,10,11,0.7413793103448276,0.21052631578947367,0.5724533715925393,0.08750139999028761,0.0003242999955546111
264,EEG Eye State,1,RandomFuzzyRules__max_rules_len__2,13482,1498,14,14,0.5921228304405874,0.31425364758698093,0.597198201314424,0.4596003000042401,0.00043149999692104757
264,EEG Eye State,1,RandomFuzzyRules__max_rules_len__3,13482,1498,14,14,0.5747663551401869,0.3939105613701237,0.5810993889081056,0.5480596999987029,0.0004385999927762896
264,EEG Eye State,1,RandomFuzzyRules__max_rules_len__4,13482,1498,14,14,0.5761014686248331,0.39350525310410694,0.5809687752219532,0.5165955999982543,0.00046040001325309277
264,EEG Eye State,1,RandomFuzzyRules__max_rules_len__5,13482,1498,14,14,0.589452603471295,0.3904856293359762,0.589496497751643,0.5857899999973597,0.000480200003948994
264,EEG Eye State,1,RandomFuzzyRules__max_rules_len__6,13482,1498,14,14,0.589452603471295,0.3904856293359762,0.589496497751643,0.5517666000087047,0.00045440001122187823
264,EEG Eye State,1,RandomFuzzyRules__max_rules_len__7,13482,1498,14,14,0.5874499332443258,0.3369098712446352,0.6003185172374035,0.6211609000019962,0.00043899999582208693
264,EEG Eye State,2,RandomFuzzyRules__max_rules_len__2,13482,1498,14,14,0.6021361815754339,0.35076252723311546,0.5024915686613628,0.5562559999962104,0.0004869000113103539
264,EEG Eye State,2,RandomFuzzyRules__max_rules_len__3,13482,1498,14,14,0.5941255006675568,0.2995391705069124,0.49456106595180443,0.5959582999930717,0.0004265000025043264
264,EEG Eye State,2,RandomFuzzyRules__max_rules_len__4,13482,1498,14,14,0.5974632843791722,0.2980209545983702,0.49541410843998623,0.645125499999267,0.00045620001037605107
264,EEG Eye State,2,RandomFuzzyRules__max_rules_len__5,13482,1498,14,14,0.5720961281708945,0.33575129533678755,0.5506456820016141,0.6466057000070577,0.00036669999826699495
264,EEG Eye State,2,RandomFuzzyRules__max_rules_len__6,13482,1498,14,14,0.5941255006675568,0.2995391705069124,0.49456106595180443,0.6456692000065232,0.00036630000977311283
264,EEG Eye State,2,RandomFuzzyRules__max_rules_len__7,13482,1498,14,14,0.5934579439252337,0.28604923798358733,0.49534654963680386,0.644092799993814,0.00045709998812526464
264,EEG Eye State,3,RandomFuzzyRules__max_rules_len__2,13482,1498,14,14,0.5807743658210948,0.34854771784232363,0.5721104649486913,0.5683881000004476,0.0003260000084992498
264,EEG Eye State,3,RandomFuzzyRules__max_rules_len__3,13482,1498,14,14,0.5807743658210948,0.34854771784232363,0.5721104649486913,0.5471104000025662,0.0004025000089313835
264,EEG Eye State,3,RandomFuzzyRules__max_rules_len__4,13482,1498,14,14,0.5887850467289719,0.37777777777777777,0.6035955695837658,0.5136988000012934,0.0005495000077644363
264,EEG Eye State,3,RandomFuzzyRules__max_rules_len__5,13482,1498,14,14,0.5794392523364486,0.31521739130434784,0.5717816787732042,0.5128943000017898,0.0004528999998001382
264,EEG Eye State,3,RandomFuzzyRules__max_rules_len__6,13482,1498,14,14,0.5781041388518025,0.326226012793177,0.5712970569583766,0.5533509999950184,0.000586300011491403
264,EEG Eye State,3,RandomFuzzyRules__max_rules_len__7,13482,1498,14,14,0.5794392523364486,0.3269230769230769,0.5704791450478497,0.5356923000072129,0.0004312000091886148
264,EEG Eye State,4,RandomFuzzyRules__max_rules_len__2,13482,1498,14,14,0.5801068090787717,0.32438238453276047,0.5651347933241093,0.4279272999992827,0.00043650000588968396
264,EEG Eye State,4,RandomFuzzyRules__max_rules_len__3,13482,1498,14,14,0.5801068090787717,0.32438238453276047,0.5651347933241093,0.4764281999960076,0.00038320000749081373
264,EEG Eye State,4,RandomFuzzyRules__max_rules_len__4,13482,1498,14,14,0.5867823765020027,0.36119711042311664,0.6139924190014989,0.5731789999990724,0.0005626000056508929
264,EEG Eye State,4,RandomFuzzyRules__max_rules_len__5,13482,1498,14,14,0.5867823765020027,0.30992196209587514,0.5658040758676351,0.5911646000022301,0.00043480000749696046
264,EEG Eye State,4,RandomFuzzyRules__max_rules_len__6,13482,1498,14,14,0.5861148197596796,0.31567328918322296,0.5652924305315347,0.6650796000030823,0.0005376999906729907
264,EEG Eye State,4,RandomFuzzyRules__max_rules_len__7,13482,1498,14,14,0.5841121495327103,0.3131201764057332,0.5646871036550214,0.7323860000033164,0.00040889999945648015
264,EEG Eye State,5,RandomFuzzyRules__max_rules_len__2,13482,1498,14,14,0.5927903871829105,0.3645833333333333,0.581029127752796,0.5509179000073345,0.00044940000225324184
264,EEG Eye State,5,RandomFuzzyRules__max_rules_len__3,13482,1498,14,14,0.5927903871829105,0.3645833333333333,0.581029127752796,0.47519640000246,0.0003749999887077138
264,EEG Eye State,5,RandomFuzzyRules__max_rules_len__4,13482,1498,14,14,0.6054739652870494,0.3987792472024415,0.625623342557362,0.4957241999945836,0.0005049000028520823
264,EEG Eye State,5,RandomFuzzyRules__max_rules_len__5,13482,1498,14,14,0.589452603471295,0.3379978471474704,0.5816551726622853,0.5845649000111734,0.00040600000647827983
264,EEG Eye State,5,RandomFuzzyRules__max_rules_len__6,13482,1498,14,14,0.5887850467289719,0.3404710920770878,0.5808453678081402,0.49924400000600144,0.0005101999995531514
264,EEG Eye State,5,RandomFuzzyRules__max_rules_len__7,13482,1498,14,14,0.5887850467289719,0.3404710920770878,0.5802868817018333,0.6782404000114184,0.0004493000014917925
264,EEG Eye State,6,RandomFuzzyRules__max_rules_len__2,13482,1498,14,14,0.5761014686248331,0.3044906900328587,0.5516752781621123,0.43555159999232274,0.000378099997760728
264,EEG Eye State,6,RandomFuzzyRules__max_rules_len__3,13482,1498,14,14,0.5761014686248331,0.3044906900328587,0.5516752781621123,0.5912083000002895,0.0004360000020824373
264,EEG Eye State,6,RandomFuzzyRules__max_rules_len__4,13482,1498,14,14,0.5674232309746329,0.31645569620253167,0.5807733050847458,0.4388089999993099,0.0005930999905103818
264,EEG Eye State,6,RandomFuzzyRules__max_rules_len__5,13482,1498,14,14,0.57543391188251,0.2789115646258503,0.5525562449556094,0.45723450000514276,0.00043000000005122274
264,EEG Eye State,6,RandomFuzzyRules__max_rules_len__6,13482,1498,14,14,0.57543391188251,0.28859060402684567,0.5516851867865791,0.4723892000038177,0.0005257000011624768
264,EEG Eye State,6,RandomFuzzyRules__max_rules_len__7,13482,1498,14,14,0.5761014686248331,0.2889137737961926,0.5513789202121526,0.47959060000721365,0.00046010001096874475
264,EEG Eye State,7,RandomFuzzyRules__max_rules_len__2,13482,1498,14,14,0.5640854472630173,0.33299284984678246,0.56392684192321,0.3933143000031123,0.0004479999915929511
264,EEG Eye State,7,RandomFuzzyRules__max_rules_len__3,13482,1498,14,14,0.5640854472630173,0.33299284984678246,0.56392684192321,0.42669750000641216,0.0004998000076739118
264,EEG Eye State,7,RandomFuzzyRules__max_rules_len__4,13482,1498,14,14,0.5714285714285714,0.34623217922606925,0.5932365530958146,0.4501763000007486,0.0005366000114008784
264,EEG Eye State,7,RandomFuzzyRules__max_rules_len__5,13482,1498,14,14,0.5600801068090788,0.29518716577540105,0.5641619465582843,0.45876789999601897,0.00041700000292621553
264,EEG Eye State,7,RandomFuzzyRules__max_rules_len__6,13482,1498,14,14,0.5614152202937249,0.310598111227702,0.5636043612360199,0.46871059999102727,0.0005638000002363697
264,EEG Eye State,7,RandomFuzzyRules__max_rules_len__7,13482,1498,14,14,0.5640854472630173,0.3147953830010493,0.5629521935893,0.48012339998967946,0.00043459999142214656
264,EEG Eye State,8,RandomFuzzyRules__max_rules_len__2,13482,1498,14,14,0.5914552736982643,0.4081237911025145,0.5958575352334639,0.38739270000951365,0.0004947999987052754
264,EEG Eye State,8,RandomFuzzyRules__max_rules_len__3,13482,1498,14,14,0.6061415220293725,0.46846846846846846,0.6201251744788149,0.41862090000358876,0.0004729999927803874
264,EEG Eye State,8,RandomFuzzyRules__max_rules_len__4,13482,1498,14,14,0.5634178905206942,0.30128205128205127,0.5477139898239453,0.4588376000028802,0.00043729999742936343
264,EEG Eye State,8,RandomFuzzyRules__max_rules_len__5,13482,1498,14,14,0.5720961281708945,0.3634558093346574,0.5610302129767211,0.4700130999990506,0.00037910000537522137
264,EEG Eye State,8,RandomFuzzyRules__max_rules_len__6,13482,1498,14,14,0.5794392523364486,0.3712574850299401,0.5839308388491152,0.4716052000003401,0.0004841999907512218
264,EEG Eye State,8,RandomFuzzyRules__max_rules_len__7,13482,1498,14,14,0.5634178905206942,0.30128205128205127,0.5477139898239453,0.48599869999452494,0.00046019999717827886
264,EEG Eye State,9,RandomFuzzyRules__max_rules_len__2,13482,1498,14,14,0.5727636849132176,0.3147751605995717,0.5298689720383628,0.3830446999927517,0.00042779999785125256
264,EEG Eye State,9,RandomFuzzyRules__max_rules_len__3,13482,1498,14,14,0.5727636849132176,0.3147751605995717,0.5298689720383628,0.4273144000035245,0.00044519999937620014
264,EEG Eye State,9,RandomFuzzyRules__max_rules_len__4,13482,1498,14,14,0.5847797062750334,0.3665987780040733,0.6075266783736323,0.4437696999957552,0.0005533999938052148
264,EEG Eye State,9,RandomFuzzyRules__max_rules_len__5,13482,1498,14,14,0.568090787716956,0.28822882288228824,0.5298374532847043,0.4599865000054706,0.0004361000028438866
264,EEG Eye State,9,RandomFuzzyRules__max_rules_len__6,13482,1498,14,14,0.5700934579439252,0.3,0.5292088792831735,0.5050298999994993,0.0005111000064061955
264,EEG Eye State,9,RandomFuzzyRules__max_rules_len__7,13482,1498,14,14,0.5694259012016022,0.2996742671009772,0.5281462470169751,0.4938895999948727,0.0004236999957356602
264,EEG Eye State,10,RandomFuzzyRules__max_rules_len__2,13482,1498,14,14,0.5727636849132176,0.3191489361702128,0.556796794092485,0.49665190000087023,0.00038070000300649554
264,EEG Eye State,10,RandomFuzzyRules__max_rules_len__3,13482,1498,14,14,0.5727636849132176,0.3191489361702128,0.556796794092485,0.6151106000033906,0.00040889999945648015
264,EEG Eye State,10,RandomFuzzyRules__max_rules_len__4,13482,1498,14,14,0.5774365821094793,0.3453981385729059,0.6074204151470125,0.5950350999919465,0.0005002999969292432
264,EEG Eye State,10,RandomFuzzyRules__max_rules_len__5,13482,1498,14,14,0.5734312416555407,0.29392265193370165,0.5585339276869737,0.4671357000042917,0.00042440000106580555
264,EEG Eye State,10,RandomFuzzyRules__max_rules_len__6,13482,1498,14,14,0.5727636849132176,0.29978118161925604,0.5574839029222387,0.48668309999629855,0.000534099992364645
264,EEG Eye State,10,RandomFuzzyRules__max_rules_len__7,13482,1498,14,14,0.5727636849132176,0.29978118161925604,0.5572245486064208,0.4750782000046456,0.00047720001020934433
267,Banknote Authentication,1,RandomFuzzyRules__max_rules_len__2,1234,138,4,4,0.9637681159420289,0.957983193277311,0.9980838833297849,0.07140030000300612,0.0002589999930933118
267,Banknote Authentication,1,RandomFuzzyRules__max_rules_len__3,1234,138,4,4,0.8985507246376812,0.8833333333333333,0.9544390036193315,0.07529220001015346,0.0002657000004546717
267,Banknote Authentication,1,RandomFuzzyRules__max_rules_len__4,1234,138,4,4,0.9637681159420289,0.957983193277311,0.9914839259101553,0.08345750000444241,0.00027689999842550606
267,Banknote Authentication,1,RandomFuzzyRules__max_rules_len__5,1234,138,4,4,0.8840579710144928,0.8709677419354839,0.9667873110496061,0.09525719999510329,0.00029350000841077417
267,Banknote Authentication,1,RandomFuzzyRules__max_rules_len__6,1234,138,4,4,0.9710144927536232,0.9672131147540983,0.9957419629550777,0.10706100000243168,0.0002964000013889745
267,Banknote Authentication,1,RandomFuzzyRules__max_rules_len__7,1234,138,4,4,0.9130434782608695,0.9104477611940298,0.9929742388758782,0.11735450000560377,0.0002908000024035573
267,Banknote Authentication,2,RandomFuzzyRules__max_rules_len__2,1234,138,4,4,0.9420289855072463,0.9298245614035088,0.9987225888865233,0.0763435999979265,0.0002521999995224178
267,Banknote Authentication,2,RandomFuzzyRules__max_rules_len__3,1234,138,4,4,0.8695652173913043,0.8392857142857143,0.9239940387481371,0.12674589999369346,0.0003133999998681247
267,Banknote Authentication,2,RandomFuzzyRules__max_rules_len__4,1234,138,4,4,0.9057971014492754,0.8828828828828829,0.9872258888652331,0.08533539999916684,0.00029170000925660133
267,Banknote Authentication,2,RandomFuzzyRules__max_rules_len__5,1234,138,4,4,0.8768115942028986,0.8521739130434782,0.9478390461997019,0.09688240000104997,0.0003068000078201294
267,Banknote Authentication,2,RandomFuzzyRules__max_rules_len__6,1234,138,4,4,0.9057971014492754,0.896,0.9576325314030233,0.10695359999954235,0.0002863000117940828
267,Banknote Authentication,2,RandomFuzzyRules__max_rules_len__7,1234,138,4,4,0.9347826086956522,0.9302325581395349,0.9910581222056631,0.11749170000257436,0.0002901999978348613
267,Banknote Authentication,3,RandomFuzzyRules__max_rules_len__2,1235,137,4,4,0.9343065693430657,0.9217391304347826,0.9959016393442623,0.07772889999614563,0.00027799999224953353
267,Banknote Authentication,3,RandomFuzzyRules__max_rules_len__3,1235,137,4,4,0.8978102189781022,0.8833333333333333,0.9456427955133735,0.07840980000037234,0.00027380000392440706
267,Banknote Authentication,3,RandomFuzzyRules__max_rules_len__4,1235,137,4,4,0.9124087591240876,0.896551724137931,0.9760569456427955,0.08755070000188425,0.00021690000721719116
267,Banknote Authentication,3,RandomFuzzyRules__max_rules_len__5,1235,137,4,4,0.9051094890510949,0.8925619834710744,0.9534081104400346,0.09780050000699703,0.00028739999106619507
267,Banknote Authentication,3,RandomFuzzyRules__max_rules_len__6,1235,137,4,4,0.927007299270073,0.9193548387096774,0.972174288179465,0.1140430999948876,0.00030109999352134764
267,Banknote Authentication,3,RandomFuzzyRules__max_rules_len__7,1235,137,4,4,0.9197080291970803,0.9147286821705426,0.9877049180327868,0.117098700007773,0.00028590000874828547
267,Banknote Authentication,4,RandomFuzzyRules__max_rules_len__2,1235,137,4,4,0.9124087591240876,0.8909090909090909,0.9995685936151856,0.07694400000036694,0.0002908000024035573
267,Banknote Authentication,4,RandomFuzzyRules__max_rules_len__3,1235,137,4,4,0.8686131386861314,0.8448275862068966,0.9342105263157894,0.0807139999960782,0.0003088000084972009
267,Banknote Authentication,4,RandomFuzzyRules__max_rules_len__4,1235,137,4,4,0.9197080291970803,0.9043478260869565,0.9900776531492665,0.0878487000009045,0.00025200001255143434
267,Banknote Authentication,4,RandomFuzzyRules__max_rules_len__5,1235,137,4,4,0.8321167883211679,0.7722772277227723,0.9333477135461604,0.09912650000478607,0.0003063000040128827
267,Banknote Authentication,4,RandomFuzzyRules__max_rules_len__6,1235,137,4,4,0.9051094890510949,0.8943089430894309,0.9710957722174287,0.1178308999951696,0.0003206000110367313
267,Banknote Authentication,4,RandomFuzzyRules__max_rules_len__7,1235,137,4,4,0.9416058394160584,0.9384615384615385,0.9887834339948232,0.11803159999544732,0.0003063000040128827
267,Banknote Authentication,5,RandomFuzzyRules__max_rules_len__2,1235,137,4,4,0.9927007299270073,0.9917355371900827,0.9993528904227782,0.08144429999811109,0.00030250000418163836
267,Banknote Authentication,5,RandomFuzzyRules__max_rules_len__3,1235,137,4,4,0.9051094890510949,0.8925619834710744,0.973899913718723,0.10607429999799933,0.0003240000078221783
267,Banknote Authentication,5,RandomFuzzyRules__max_rules_len__4,1235,137,4,4,0.9708029197080292,0.9666666666666667,0.9930974978429681,0.08731229999102652,0.0003117000014754012
267,Banknote Authentication,5,RandomFuzzyRules__max_rules_len__5,1235,137,4,4,0.9124087591240876,0.8928571428571429,0.9359361518550474,0.128205800006981,0.00024760000815149397
267,Banknote Authentication,5,RandomFuzzyRules__max_rules_len__6,1235,137,4,4,0.948905109489051,0.9448818897637795,0.9779982743744606,0.11583909999171738,0.0002813000028254464
267,Banknote Authentication,5,RandomFuzzyRules__max_rules_len__7,1235,137,4,4,0.9416058394160584,0.9384615384615385,0.9946074201898187,0.12252360000275075,0.0003130999975837767
267,Banknote Authentication,6,RandomFuzzyRules__max_rules_len__2,1235,137,4,4,0.9635036496350365,0.957983193277311,0.9976272648835203,0.0787712999881478,0.00019200000679120421
267,Banknote Authentication,6,RandomFuzzyRules__max_rules_len__3,1235,137,4,4,0.9124087591240876,0.8983050847457628,0.9631147540983607,0.08871229999931529,0.00021670000569429249
267,Banknote Authentication,6,RandomFuzzyRules__max_rules_len__4,1235,137,4,4,0.9343065693430657,0.9230769230769231,0.9887834339948232,0.08766180000384338,0.0002975999959744513
267,Banknote Authentication,6,RandomFuzzyRules__max_rules_len__5,1235,137,4,4,0.9124087591240876,0.9016393442622951,0.9702329594477999,0.09454460001143161,0.00023099999816622585
267,Banknote Authentication,6,RandomFuzzyRules__max_rules_len__6,1235,137,4,4,0.9343065693430657,0.9291338582677166,0.9680759275237273,0.1074813000013819,0.0002891000040108338
267,Banknote Authentication,6,RandomFuzzyRules__max_rules_len__7,1235,137,4,4,0.948905109489051,0.9457364341085271,0.9950388265746334,0.119957599992631,0.0003173000004608184
267,Banknote Authentication,7,RandomFuzzyRules__max_rules_len__2,1235,137,4,4,0.9708029197080292,0.9672131147540983,0.9861949956859362,0.07604539999738336,0.0002597999991849065
267,Banknote Authentication,7,RandomFuzzyRules__max_rules_len__3,1235,137,4,4,0.9124087591240876,0.9016393442622951,0.951251078515962,0.08198559998709243,0.0002899999963119626
267,Banknote Authentication,7,RandomFuzzyRules__max_rules_len__4,1235,137,4,4,0.927007299270073,0.9152542372881356,0.9795081967213115,0.08798659998865332,0.0003003000019816682
267,Banknote Authentication,7,RandomFuzzyRules__max_rules_len__5,1235,137,4,4,0.9197080291970803,0.912,0.9674288179465056,0.1027650000032736,0.0003097999870078638
267,Banknote Authentication,7,RandomFuzzyRules__max_rules_len__6,1235,137,4,4,0.948905109489051,0.9448818897637795,0.9836065573770492,0.10792330000549555,0.0002838000073097646
267,Banknote Authentication,7,RandomFuzzyRules__max_rules_len__7,1235,137,4,4,0.9197080291970803,0.9172932330827067,0.9887834339948232,0.11624740000115708,0.0002992999943671748
267,Banknote Authentication,8,RandomFuzzyRules__max_rules_len__2,1235,137,4,4,0.9635036496350365,0.9586776859504132,0.9956859361518551,0.07590450000134297,0.0002212999970652163
267,Banknote Authentication,8,RandomFuzzyRules__max_rules_len__3,1235,137,4,4,0.8759124087591241,0.8617886178861789,0.9393874029335634,0.0849927000090247,0.0002634999982547015
267,Banknote Authentication,8,RandomFuzzyRules__max_rules_len__4,1235,137,4,4,0.9343065693430657,0.926829268292683,0.9762726488352027,0.09078290000616107,0.0003220000071451068
267,Banknote Authentication,8,RandomFuzzyRules__max_rules_len__5,1235,137,4,4,0.8613138686131386,0.8503937007874016,0.9631147540983607,0.10649600000760984,0.00032800000917632133
267,Banknote Authentication,8,RandomFuzzyRules__max_rules_len__6,1235,137,4,4,0.9197080291970803,0.9147286821705426,0.9743313201035375,0.14919700000609737,0.0003023999888682738
267,Banknote Authentication,8,RandomFuzzyRules__max_rules_len__7,1235,137,4,4,0.8832116788321168,0.8840579710144928,0.9853321829163072,0.12418099999194965,0.0003178999904775992
267,Banknote Authentication,9,RandomFuzzyRules__max_rules_len__2,1235,137,4,4,0.927007299270073,0.9122807017543859,0.9926660914581537,0.0846802000014577,0.00030089999199844897
267,Banknote Authentication,9,RandomFuzzyRules__max_rules_len__3,1235,137,4,4,0.8978102189781022,0.875,0.972174288179465,0.08251949999248609,0.00032700000156182796
267,Banknote Authentication,9,RandomFuzzyRules__max_rules_len__4,1235,137,4,4,0.8686131386861314,0.8363636363636363,0.9812338222605694,0.12808720000612084,0.0002609000075608492
267,Banknote Authentication,9,RandomFuzzyRules__max_rules_len__5,1235,137,4,4,0.8905109489051095,0.8598130841121495,0.9708800690250216,0.10145479999482632,0.00026790000265464187
267,Banknote Authentication,9,RandomFuzzyRules__max_rules_len__6,1235,137,4,4,0.9343065693430657,0.926829268292683,0.9805867126833477,0.11058029999549035,0.00026610000350046903
267,Banknote Authentication,9,RandomFuzzyRules__max_rules_len__7,1235,137,4,4,0.9781021897810219,0.976,0.9926660914581535,0.11698599999363068,0.0002958999975817278
267,Banknote Authentication,10,RandomFuzzyRules__max_rules_len__2,1235,137,4,4,0.9562043795620438,0.9491525423728814,0.9963330457290769,0.0770150000025751,0.00025340000865980983
267,Banknote Authentication,10,RandomFuzzyRules__max_rules_len__3,1235,137,4,4,0.9051094890510949,0.8907563025210085,0.9547023295944779,0.11710119999770541,0.000305800000205636
267,Banknote Authentication,10,RandomFuzzyRules__max_rules_len__4,1235,137,4,4,0.9343065693430657,0.9256198347107438,0.9810181190681622,0.08895080001093447,0.00031600000511389226
267,Banknote Authentication,10,RandomFuzzyRules__max_rules_len__5,1235,137,4,4,0.9051094890510949,0.8907563025210085,0.9674288179465056,0.09791579999728128,0.0003116000007139519
267,Banknote Authentication,10,RandomFuzzyRules__max_rules_len__6,1235,137,4,4,0.948905109489051,0.944,0.9946074201898187,0.10720119999314193,0.0002933999930974096
267,Banknote Authentication,10,RandomFuzzyRules__max_rules_len__7,1235,137,4,4,0.9343065693430657,0.9302325581395349,0.9933132010353753,0.11886580000282265,0.00029039999935775995
277,Thoracic Surgery Data,1,RandomFuzzyRules__max_rules_len__2,423,47,16,36,0.851063829787234,0.0,0.5,0.03981499999645166,0.0002232000115327537
277,Thoracic Surgery Data,1,RandomFuzzyRules__max_rules_len__3,423,47,16,36,0.851063829787234,0.0,0.5,0.03871409999555908,0.00022780000290367752
277,Thoracic Surgery Data,1,RandomFuzzyRules__max_rules_len__4,423,47,16,36,0.851063829787234,0.0,0.5,0.04083500000706408,0.0003015999973285943
277,Thoracic Surgery Data,1,RandomFuzzyRules__max_rules_len__5,423,47,16,36,0.851063829787234,0.0,0.5,0.044004499999573454,0.00026649999199435115
277,Thoracic Surgery Data,1,RandomFuzzyRules__max_rules_len__6,423,47,16,36,0.851063829787234,0.0,0.5,0.045326199993724,0.00029429999995045364
277,Thoracic Surgery Data,1,RandomFuzzyRules__max_rules_len__7,423,47,16,36,0.851063829787234,0.0,0.5,0.04759760000160895,0.00034309999318793416
277,Thoracic Surgery Data,2,RandomFuzzyRules__max_rules_len__2,423,47,16,37,0.851063829787234,0.2222222222222222,0.5589285714285713,0.039833599992562085,0.00024049999774433672
277,Thoracic Surgery Data,2,RandomFuzzyRules__max_rules_len__3,423,47,16,37,0.851063829787234,0.2222222222222222,0.5589285714285713,0.040385499989497475,0.00025749999622348696
277,Thoracic Surgery Data,2,RandomFuzzyRules__max_rules_len__4,423,47,16,37,0.8085106382978723,0.0,0.475,0.04205099999671802,0.0003031999949598685
277,Thoracic Surgery Data,2,RandomFuzzyRules__max_rules_len__5,423,47,16,37,0.8297872340425532,0.0,0.4875,0.04370270000072196,0.00030929999775253236
277,Thoracic Surgery Data,2,RandomFuzzyRules__max_rules_len__6,423,47,16,37,0.8297872340425532,0.0,0.4875,0.04566010000417009,0.00031800000579096377
277,Thoracic Surgery Data,2,RandomFuzzyRules__max_rules_len__7,423,47,16,37,0.851063829787234,0.2222222222222222,0.5589285714285713,0.05820339999627322,0.000294700002996251
277,Thoracic Surgery Data,3,RandomFuzzyRules__max_rules_len__2,423,47,16,37,0.851063829787234,0.0,0.5,0.04076329999952577,0.00023450001026503742
277,Thoracic Surgery Data,3,RandomFuzzyRules__max_rules_len__3,423,47,16,37,0.851063829787234,0.0,0.5,0.04081439999572467,0.00027520000003278255
277,Thoracic Surgery Data,3,RandomFuzzyRules__max_rules_len__4,423,47,16,37,0.851063829787234,0.0,0.5,0.047389300001668744,0.00031350000062957406
277,Thoracic Surgery Data,3,RandomFuzzyRules__max_rules_len__5,423,47,16,37,0.851063829787234,0.0,0.5,0.043130999998538755,0.0003029999934369698
277,Thoracic Surgery Data,3,RandomFuzzyRules__max_rules_len__6,423,47,16,37,0.851063829787234,0.0,0.5,0.045211999997263774,0.0002918999962275848
277,Thoracic Surgery Data,3,RandomFuzzyRules__max_rules_len__7,423,47,16,37,0.851063829787234,0.0,0.5,0.046486999999615364,0.00028980000934097916
277,Thoracic Surgery Data,4,RandomFuzzyRules__max_rules_len__2,423,47,16,37,0.8297872340425532,0.2,0.5464285714285714,0.04094390000682324,0.00025639998784754425
277,Thoracic Surgery Data,4,RandomFuzzyRules__max_rules_len__3,423,47,16,37,0.8297872340425532,0.2,0.5464285714285714,0.03997930001060013,0.0002766999969026074
277,Thoracic Surgery Data,4,RandomFuzzyRules__max_rules_len__4,423,47,16,37,0.8085106382978723,0.0,0.475,0.04101630000513978,0.0002612000098451972
277,Thoracic Surgery Data,4,RandomFuzzyRules__max_rules_len__5,423,47,16,37,0.8297872340425532,0.2,0.5464285714285714,0.042882999987341464,0.00028110000130254775
277,Thoracic Surgery Data,4,RandomFuzzyRules__max_rules_len__6,423,47,16,37,0.8085106382978723,0.0,0.475,0.046285899996291846,0.00020450000010896474
277,Thoracic Surgery Data,4,RandomFuzzyRules__max_rules_len__7,423,47,16,37,0.8297872340425532,0.0,0.4875,0.046295599997392856,0.000298400002066046
277,Thoracic Surgery Data,5,RandomFuzzyRules__max_rules_len__2,423,47,16,37,0.851063829787234,0.0,0.5,0.04127709999738727,0.0002449000021442771
277,Thoracic Surgery Data,5,RandomFuzzyRules__max_rules_len__3,423,47,16,37,0.851063829787234,0.0,0.5,0.040010099997743964,0.0002901999978348613
277,Thoracic Surgery Data,5,RandomFuzzyRules__max_rules_len__4,423,47,16,37,0.851063829787234,0.0,0.5,0.04101110000920016,0.0002314000012120232
277,Thoracic Surgery Data,5,RandomFuzzyRules__max_rules_len__5,423,47,16,37,0.851063829787234,0.0,0.5,0.04337699999450706,0.00025630000163801014
277,Thoracic Surgery Data,5,RandomFuzzyRules__max_rules_len__6,423,47,16,37,0.851063829787234,0.0,0.5,0.04591980000259355,0.00026899999647866935
277,Thoracic Surgery Data,5,RandomFuzzyRules__max_rules_len__7,423,47,16,37,0.851063829787234,0.0,0.5,0.04607650000252761,0.0003015000111190602
277,Thoracic Surgery Data,6,RandomFuzzyRules__max_rules_len__2,423,47,16,37,0.851063829787234,0.0,0.5,0.042249300007824786,0.00028160000510979444
277,Thoracic Surgery Data,6,RandomFuzzyRules__max_rules_len__3,423,47,16,37,0.851063829787234,0.0,0.5,0.04276549999485724,0.00028330000350251794
277,Thoracic Surgery Data,6,RandomFuzzyRules__max_rules_len__4,423,47,16,37,0.851063829787234,0.0,0.5,0.05156449999776669,0.00023520000104326755
277,Thoracic Surgery Data,6,RandomFuzzyRules__max_rules_len__5,423,47,16,37,0.851063829787234,0.0,0.5,0.04205340000044089,0.00022059999173507094
277,Thoracic Surgery Data,6,RandomFuzzyRules__max_rules_len__6,423,47,16,37,0.851063829787234,0.0,0.5,0.05993560000206344,0.00028119998751208186
277,Thoracic Surgery Data,6,RandomFuzzyRules__max_rules_len__7,423,47,16,37,0.851063829787234,0.0,0.5,0.04709279999951832,0.0002896999940276146
277,Thoracic Surgery Data,7,RandomFuzzyRules__max_rules_len__2,423,47,16,37,0.8297872340425532,0.0,0.4875,0.04109479999169707,0.0002460999967297539
277,Thoracic Surgery Data,7,RandomFuzzyRules__max_rules_len__3,423,47,16,37,0.8297872340425532,0.0,0.4875,0.04086380000808276,0.0002719000040087849
277,Thoracic Surgery Data,7,RandomFuzzyRules__max_rules_len__4,423,47,16,37,0.8297872340425532,0.0,0.4875,0.04552950001379941,0.0002857000072253868
277,Thoracic Surgery Data,7,RandomFuzzyRules__max_rules_len__5,423,47,16,37,0.8297872340425532,0.0,0.4875,0.043636300004436634,0.0002852999896276742
277,Thoracic Surgery Data,7,RandomFuzzyRules__max_rules_len__6,423,47,16,37,0.8297872340425532,0.0,0.4875,0.04636249999748543,0.0002933000068878755
277,Thoracic Surgery Data,7,RandomFuzzyRules__max_rules_len__7,423,47,16,37,0.8297872340425532,0.0,0.4875,0.04789949998666998,0.0002800000074785203
277,Thoracic Surgery Data,8,RandomFuzzyRules__max_rules_len__2,423,47,16,37,0.851063829787234,0.0,0.5,0.048816700000315905,0.00027209999097976834
277,Thoracic Surgery Data,8,RandomFuzzyRules__max_rules_len__3,423,47,16,37,0.851063829787234,0.0,0.5,0.040404799990938045,0.00020429999858606607
277,Thoracic Surgery Data,8,RandomFuzzyRules__max_rules_len__4,423,47,16,37,0.851063829787234,0.0,0.5,0.0425282999931369,0.0002519999979995191
277,Thoracic Surgery Data,8,RandomFuzzyRules__max_rules_len__5,423,47,16,37,0.851063829787234,0.0,0.5714285714285714,0.04418169999553356,0.00028900000324938446
277,Thoracic Surgery Data,8,RandomFuzzyRules__max_rules_len__6,423,47,16,37,0.8723404255319149,0.25,0.5714285714285714,0.04687760000524577,0.000279099986073561
277,Thoracic Surgery Data,8,RandomFuzzyRules__max_rules_len__7,423,47,16,37,0.851063829787234,0.2222222222222222,0.5589285714285713,0.046934999991208315,0.00028839999868068844
277,Thoracic Surgery Data,9,RandomFuzzyRules__max_rules_len__2,423,47,16,37,0.851063829787234,0.2222222222222222,0.5589285714285713,0.040926300003775395,0.00025599999935366213
277,Thoracic Surgery Data,9,RandomFuzzyRules__max_rules_len__3,423,47,16,37,0.851063829787234,0.2222222222222222,0.5589285714285713,0.04099040001165122,0.0002717000024858862
277,Thoracic Surgery Data,9,RandomFuzzyRules__max_rules_len__4,423,47,16,37,0.851063829787234,0.2222222222222222,0.5589285714285713,0.04207219999807421,0.00028670000028796494
277,Thoracic Surgery Data,9,RandomFuzzyRules__max_rules_len__5,423,47,16,37,0.851063829787234,0.2222222222222222,0.5589285714285713,0.043413100007455796,0.0002418000076431781
277,Thoracic Surgery Data,9,RandomFuzzyRules__max_rules_len__6,423,47,16,37,0.8297872340425532,0.0,0.4875,0.046675999998115,0.00027439999394118786
277,Thoracic Surgery Data,9,RandomFuzzyRules__max_rules_len__7,423,47,16,37,0.8297872340425532,0.0,0.4875,0.04781920000095852,0.0002542000001994893
277,Thoracic Surgery Data,10,RandomFuzzyRules__max_rules_len__2,423,47,16,37,0.851063829787234,0.0,0.5,0.041101199996774085,0.00024169999232981354
277,Thoracic Surgery Data,10,RandomFuzzyRules__max_rules_len__3,423,47,16,37,0.851063829787234,0.0,0.5,0.041638299997430295,0.00027480001153890043
277,Thoracic Surgery Data,10,RandomFuzzyRules__max_rules_len__4,423,47,16,37,0.851063829787234,0.0,0.5,0.04282019998936448,0.0002795000036712736
277,Thoracic Surgery Data,10,RandomFuzzyRules__max_rules_len__5,423,47,16,37,0.851063829787234,0.0,0.5714285714285714,0.0393292999942787,0.0002629999944474548
277,Thoracic Surgery Data,10,RandomFuzzyRules__max_rules_len__6,423,47,16,37,0.8723404255319149,0.25,0.5714285714285714,0.05279780000273604,0.0003449000068940222
277,Thoracic Surgery Data,10,RandomFuzzyRules__max_rules_len__7,423,47,16,37,0.851063829787234,0.0,0.5,0.04695619999256451,0.00029549999453593045
327,Phishing Websites,1,RandomFuzzyRules__max_rules_len__2,9949,1106,30,30,0.8743218806509946,0.8902920284135754,0.8638483965014578,0.31242699999711476,0.00047230000200215727
327,Phishing Websites,1,RandomFuzzyRules__max_rules_len__3,9949,1106,30,30,0.8978300180831826,0.9080553295362083,0.9074145242512589,0.35089020000305027,0.0004788999940501526
327,Phishing Websites,1,RandomFuzzyRules__max_rules_len__4,9949,1106,30,30,0.8752260397830018,0.8911671924290221,0.876775775245163,0.3684062999964226,0.00043900001037400216
327,Phishing Websites,1,RandomFuzzyRules__max_rules_len__5,9949,1106,30,30,0.8842676311030742,0.8998435054773083,0.8897329711105222,0.40255129999422934,0.0004964000108884647
327,Phishing Websites,1,RandomFuzzyRules__max_rules_len__6,9949,1106,30,30,0.8815551537070524,0.8994627782041443,0.9350549960243838,0.412368699995568,0.0004622999986167997
327,Phishing Websites,1,RandomFuzzyRules__max_rules_len__7,9949,1106,30,30,0.8978300180831826,0.9080553295362083,0.9111333819241982,0.45203320001019165,0.00044240000715944916
327,Phishing Websites,2,RandomFuzzyRules__max_rules_len__2,9949,1106,30,30,0.8851717902350814,0.8984812150279776,0.8746736681685661,0.33011210001131985,0.000444200006313622
327,Phishing Websites,2,RandomFuzzyRules__max_rules_len__3,9949,1106,30,30,0.9014466546112115,0.9107289107289107,0.9146286111847337,0.3527026000083424,0.0004791999963345006
327,Phishing Websites,2,RandomFuzzyRules__max_rules_len__4,9949,1106,30,30,0.8833634719710669,0.8967173738991193,0.8837745163000266,0.37606910000613425,0.0004565999988699332
327,Phishing Websites,2,RandomFuzzyRules__max_rules_len__5,9949,1106,30,30,0.8924050632911392,0.9054805401111994,0.8947869732308509,0.39159400000062305,0.0005223999905865639
327,Phishing Websites,2,RandomFuzzyRules__max_rules_len__6,9949,1106,30,30,0.8933092224231465,0.9076682316118936,0.9428670818976942,0.40998289998969994,0.00042719999328255653
327,Phishing Websites,2,RandomFuzzyRules__max_rules_len__7,9949,1106,30,30,0.9014466546112115,0.9107289107289107,0.9183805989928439,0.44299080000200775,0.000418399999034591
327,Phishing Websites,3,RandomFuzzyRules__max_rules_len__2,9949,1106,30,30,0.8942133815551537,0.9069212410501193,0.8836436522661013,0.48258379999606404,0.00047640000411774963
327,Phishing Websites,3,RandomFuzzyRules__max_rules_len__3,9949,1106,30,30,0.9122965641952984,0.9206868356500408,0.925680824277763,0.5164022000099067,0.0005152000085217878
327,Phishing Websites,3,RandomFuzzyRules__max_rules_len__4,9949,1106,30,30,0.8933092224231465,0.9060509554140127,0.890776570368407,0.4979875999997603,0.0004459999909158796
327,Phishing Websites,3,RandomFuzzyRules__max_rules_len__5,9949,1106,30,30,0.9023508137432188,0.9146919431279621,0.9030082162735225,0.403362000011839,0.0005015000060666353
327,Phishing Websites,3,RandomFuzzyRules__max_rules_len__6,9949,1106,30,30,0.8905967450271248,0.9056897895557288,0.9462678902729923,0.4193870000017341,0.0004642999992938712
327,Phishing Websites,3,RandomFuzzyRules__max_rules_len__7,9949,1106,30,30,0.9122965641952984,0.9206868356500408,0.9257520540683806,0.5979221000015968,0.00047309999354183674
327,Phishing Websites,4,RandomFuzzyRules__max_rules_len__2,9949,1106,30,30,0.9014466546112115,0.9120258272800645,0.89385270341903,0.3364636000042083,0.00048080000851769
327,Phishing Websites,4,RandomFuzzyRules__max_rules_len__3,9949,1106,30,30,0.9168173598553345,0.9243421052631579,0.928009872780281,0.3594586999970488,0.000513700011651963
327,Phishing Websites,4,RandomFuzzyRules__max_rules_len__4,9949,1106,30,30,0.9014466546112115,0.9120258272800645,0.8984892658362046,0.3740280000056373,0.0004751000087708235
327,Phishing Websites,4,RandomFuzzyRules__max_rules_len__5,9949,1106,30,30,0.9041591320072333,0.9146537842190016,0.9038497217068646,0.5490014999959385,0.0005209000082686543
327,Phishing Websites,4,RandomFuzzyRules__max_rules_len__6,9949,1106,30,30,0.906871609403255,0.9181890389197777,0.9526669758812616,0.5368463000049815,0.000460899987956509
327,Phishing Websites,4,RandomFuzzyRules__max_rules_len__7,9949,1106,30,30,0.9168173598553345,0.9243421052631579,0.930572488735754,0.5966458000038983,0.0003575000009732321
327,Phishing Websites,5,RandomFuzzyRules__max_rules_len__2,9949,1106,30,30,0.8842676311030742,0.8972712680577849,0.8776123111582296,0.44236640000599436,0.0003682999958982691
327,Phishing Websites,5,RandomFuzzyRules__max_rules_len__3,9949,1106,30,30,0.9023508137432188,0.9110378912685337,0.913773853697323,0.35739669999748,0.0004905999958282337
327,Phishing Websites,5,RandomFuzzyRules__max_rules_len__4,9949,1106,30,30,0.8842676311030742,0.8972712680577849,0.885893188444209,0.38844710000557825,0.0004403000057209283
327,Phishing Websites,5,RandomFuzzyRules__max_rules_len__5,9949,1106,30,30,0.8905967450271248,0.9034317637669593,0.8938361383514446,0.41090660000918433,0.0005250999965937808
327,Phishing Websites,5,RandomFuzzyRules__max_rules_len__6,9949,1106,30,30,0.8851717902350814,0.9002356637863315,0.9435793798038695,0.4153320000041276,0.0004541000089375302
327,Phishing Websites,5,RandomFuzzyRules__max_rules_len__7,9949,1106,30,30,0.9023508137432188,0.9110378912685337,0.9213589981447124,0.4150651000090875,0.0004670000053010881
327,Phishing Websites,6,RandomFuzzyRules__max_rules_len__2,9950,1105,30,30,0.885972850678733,0.9006309148264984,0.8791737182677949,0.33797609999601264,0.00040380000427830964
327,Phishing Websites,6,RandomFuzzyRules__max_rules_len__3,9950,1105,30,30,0.9004524886877828,0.9110032362459547,0.9114534594325535,0.3702151000034064,0.0005305999948177487
327,Phishing Websites,6,RandomFuzzyRules__max_rules_len__4,9950,1105,30,30,0.8823529411764706,0.8971518987341772,0.8864841546374647,0.38318629999412224,0.0004557999927783385
327,Phishing Websites,6,RandomFuzzyRules__max_rules_len__5,9950,1105,30,30,0.893212669683258,0.9075235109717869,0.8991040318566452,0.5603444000007585,0.0005130000063218176
327,Phishing Websites,6,RandomFuzzyRules__max_rules_len__6,9950,1105,30,30,0.885972850678733,0.9024767801857585,0.9370897627343621,0.4240394000080414,0.0005095000087749213
327,Phishing Websites,6,RandomFuzzyRules__max_rules_len__7,9950,1105,30,30,0.9004524886877828,0.9110032362459547,0.9167629002820641,0.4254551000049105,0.000446999998530373
327,Phishing Websites,7,RandomFuzzyRules__max_rules_len__2,9950,1105,30,30,0.902262443438914,0.9123376623376623,0.8922930147668824,0.3514238000061596,0.0004977000062353909
327,Phishing Websites,7,RandomFuzzyRules__max_rules_len__3,9950,1105,30,30,0.9131221719457013,0.9209225700164745,0.9230595652895305,0.3758869000012055,0.0005024999991292134
327,Phishing Websites,7,RandomFuzzyRules__max_rules_len__4,9950,1105,30,30,0.902262443438914,0.9123376623376623,0.8984503069520492,0.3798166999913519,0.0004445999948075041
327,Phishing Websites,7,RandomFuzzyRules__max_rules_len__5,9950,1105,30,30,0.9113122171945701,0.9210950080515298,0.9104712128753941,0.398436400006176,0.000505199990584515
327,Phishing Websites,7,RandomFuzzyRules__max_rules_len__6,9950,1105,30,30,0.9104072398190045,0.9218626677190213,0.9496217023394724,0.4237501999887172,0.0004676999960793182
327,Phishing Websites,7,RandomFuzzyRules__max_rules_len__7,9950,1105,30,30,0.9131221719457013,0.9209225700164745,0.9250439688070351,0.41923030000180006,0.00042609999945852906
327,Phishing Websites,8,RandomFuzzyRules__max_rules_len__2,9950,1105,30,30,0.8923076923076924,0.9036437246963562,0.8866368010618881,0.3376954000123078,0.00045540000428445637
327,Phishing Websites,8,RandomFuzzyRules__max_rules_len__3,9950,1105,30,30,0.9076923076923077,0.9161184210526315,0.9177866268458602,0.4537272000015946,0.0004955000040354207
327,Phishing Websites,8,RandomFuzzyRules__max_rules_len__4,9950,1105,30,30,0.8923076923076924,0.9036437246963562,0.8974464907914386,0.3837213999941014,0.0004793999978573993
327,Phishing Websites,8,RandomFuzzyRules__max_rules_len__5,9950,1105,30,30,0.902262443438914,0.913322632423756,0.905986394557823,0.40893059999507386,0.00048499999684281647
327,Phishing Websites,8,RandomFuzzyRules__max_rules_len__6,9950,1105,30,30,0.890497737556561,0.9043478260869565,0.9445146839223495,0.42261080000025686,0.00045989999489393085
327,Phishing Websites,8,RandomFuzzyRules__max_rules_len__7,9950,1105,30,30,0.9076923076923077,0.9161184210526315,0.9235374149659863,0.4319604999909643,0.0004910999996354803
327,Phishing Websites,9,RandomFuzzyRules__max_rules_len__2,9950,1105,30,30,0.890497737556561,0.9035856573705179,0.8833193902212306,0.3453354999946896,0.0004956999910064042
327,Phishing Websites,9,RandomFuzzyRules__max_rules_len__3,9950,1105,30,30,0.9049773755656109,0.9147034930950447,0.9199499375879743,0.35918369999853894,0.0005203000036999583
327,Phishing Websites,9,RandomFuzzyRules__max_rules_len__4,9950,1105,30,30,0.890497737556561,0.9035856573705179,0.8886044936658434,0.37688080000225455,0.0003232000017305836
327,Phishing Websites,9,RandomFuzzyRules__max_rules_len__5,9950,1105,30,30,0.8959276018099548,0.908802537668517,0.8976077603378219,0.5726820999989286,0.0004830999969271943
327,Phishing Websites,9,RandomFuzzyRules__max_rules_len__6,9950,1105,30,30,0.8941176470588236,0.9088074824629774,0.9367497277773351,0.593624599991017,0.00034899999445769936
327,Phishing Websites,9,RandomFuzzyRules__max_rules_len__7,9950,1105,30,30,0.9049773755656109,0.9147034930950447,0.9176742225055108,0.6178914000047371,0.000492200008011423
327,Phishing Websites,10,RandomFuzzyRules__max_rules_len__2,9950,1105,30,30,0.893212669683258,0.9059011164274322,0.8862640427057604,0.3520418999978574,0.00045619999582413584
327,Phishing Websites,10,RandomFuzzyRules__max_rules_len__3,9950,1105,30,30,0.9058823529411765,0.9150326797385621,0.9204761240804185,0.3682614999997895,0.00045340000360738486
327,Phishing Websites,10,RandomFuzzyRules__max_rules_len__4,9950,1105,30,30,0.8923076923076924,0.9050279329608939,0.8900502615993413,0.5731578999984777,0.0004216999950585887
327,Phishing Websites,10,RandomFuzzyRules__max_rules_len__5,9950,1105,30,30,0.8959276018099548,0.9085123309466985,0.8974998672084562,0.586219799995888,0.0004167000006418675
327,Phishing Websites,10,RandomFuzzyRules__max_rules_len__6,9950,1105,30,30,0.8823529411764706,0.8990683229813664,0.9381772368735559,0.43047729998943396,0.00038610000046901405
327,Phishing Websites,10,RandomFuzzyRules__max_rules_len__7,9950,1105,30,30,0.9058823529411765,0.9150326797385621,0.9195449233792791,0.41573979999520816,0.0004743999888887629
329,Diabetic Retinopathy Debrecen,1,RandomFuzzyRules__max_rules_len__2,1035,116,18,21,0.6293103448275862,0.5656565656565656,0.6980286738351255,0.05580519999784883,0.00023940000392030925
329,Diabetic Retinopathy Debrecen,1,RandomFuzzyRules__max_rules_len__3,1035,116,18,21,0.646551724137931,0.6821705426356589,0.7150537634408602,0.0560230999981286,0.0002781000075628981
329,Diabetic Retinopathy Debrecen,1,RandomFuzzyRules__max_rules_len__4,1035,116,18,21,0.5862068965517241,0.5636363636363636,0.6406810035842294,0.06326980001176707,0.0002837000065483153
329,Diabetic Retinopathy Debrecen,1,RandomFuzzyRules__max_rules_len__5,1035,116,18,21,0.646551724137931,0.616822429906542,0.7066905615292713,0.06397499999729916,0.0003034999972442165
329,Diabetic Retinopathy Debrecen,1,RandomFuzzyRules__max_rules_len__6,1035,116,18,21,0.5948275862068966,0.624,0.654121863799283,0.06785449999733828,0.0003164000081596896
329,Diabetic Retinopathy Debrecen,1,RandomFuzzyRules__max_rules_len__7,1035,116,18,21,0.603448275862069,0.4772727272727273,0.6902628434886499,0.06845169998996425,0.00030610000248998404
329,Diabetic Retinopathy Debrecen,2,RandomFuzzyRules__max_rules_len__2,1036,115,18,21,0.6956521739130435,0.6236559139784946,0.7832422586520947,0.057527199998730794,0.00024509998911526054
329,Diabetic Retinopathy Debrecen,2,RandomFuzzyRules__max_rules_len__3,1036,115,18,21,0.6956521739130435,0.7008547008547008,0.7625986642380085,0.061347299997578375,0.00030869999318383634
329,Diabetic Retinopathy Debrecen,2,RandomFuzzyRules__max_rules_len__4,1036,115,18,21,0.591304347826087,0.6518518518518519,0.655130540376442,0.06153059999633115,0.000264899994363077
329,Diabetic Retinopathy Debrecen,2,RandomFuzzyRules__max_rules_len__5,1036,115,18,21,0.7217391304347827,0.6981132075471698,0.7738312082574378,0.06477939999604132,0.00031349998607765883
329,Diabetic Retinopathy Debrecen,2,RandomFuzzyRules__max_rules_len__6,1036,115,18,21,0.6434782608695652,0.6434782608695652,0.70856102003643,0.06738409999525174,0.00027129999944008887
329,Diabetic Retinopathy Debrecen,2,RandomFuzzyRules__max_rules_len__7,1036,115,18,21,0.6869565217391305,0.6170212765957447,0.7862780813600485,0.06959030000143684,0.0003161999920848757
329,Diabetic Retinopathy Debrecen,3,RandomFuzzyRules__max_rules_len__2,1036,115,18,21,0.6086956521739131,0.4943820224719101,0.74013357619915,0.05937899999844376,0.0002758000046014786
329,Diabetic Retinopathy Debrecen,3,RandomFuzzyRules__max_rules_len__3,1036,115,18,21,0.6782608695652174,0.704,0.742562234365513,0.061900900007458404,0.00029830000130459666
329,Diabetic Retinopathy Debrecen,3,RandomFuzzyRules__max_rules_len__4,1036,115,18,21,0.6347826086956522,0.5714285714285714,0.7325440194292653,0.0609171999967657,0.00027570000384002924
329,Diabetic Retinopathy Debrecen,3,RandomFuzzyRules__max_rules_len__5,1036,115,18,21,0.6173913043478261,0.5686274509803921,0.7122040072859744,0.06384839999373071,0.00029909999284427613
329,Diabetic Retinopathy Debrecen,3,RandomFuzzyRules__max_rules_len__6,1036,115,18,21,0.6608695652173913,0.6666666666666666,0.7474195506982392,0.0673774000024423,0.0002997000119648874
329,Diabetic Retinopathy Debrecen,3,RandomFuzzyRules__max_rules_len__7,1036,115,18,21,0.5826086956521739,0.5294117647058824,0.6539162112932604,0.07126870000502095,0.0003132999991066754
329,Diabetic Retinopathy Debrecen,4,RandomFuzzyRules__max_rules_len__2,1036,115,18,21,0.5565217391304348,0.4631578947368421,0.6785063752276868,0.05863340001087636,0.00026960000104736537
329,Diabetic Retinopathy Debrecen,4,RandomFuzzyRules__max_rules_len__3,1036,115,18,21,0.6434782608695652,0.6495726495726496,0.6964177292046144,0.06536870000127237,0.0003096000000368804
329,Diabetic Retinopathy Debrecen,4,RandomFuzzyRules__max_rules_len__4,1036,115,18,21,0.6,0.5,0.6812386156648451,0.06310299999313429,0.0002933999930974096
329,Diabetic Retinopathy Debrecen,4,RandomFuzzyRules__max_rules_len__5,1036,115,18,21,0.6173913043478261,0.5686274509803921,0.6690953248330297,0.06533420000050683,0.000291600008495152
329,Diabetic Retinopathy Debrecen,4,RandomFuzzyRules__max_rules_len__6,1036,115,18,21,0.6,0.5660377358490566,0.688221007893139,0.06906169999274425,0.0002889000024879351
329,Diabetic Retinopathy Debrecen,4,RandomFuzzyRules__max_rules_len__7,1036,115,18,21,0.5565217391304348,0.4742268041237113,0.637826350941105,0.07197190000442788,0.00028059999749530107
329,Diabetic Retinopathy Debrecen,5,RandomFuzzyRules__max_rules_len__2,1036,115,18,21,0.6260869565217392,0.5057471264367817,0.6599878567091682,0.05746759999601636,0.0002564999886089936
329,Diabetic Retinopathy Debrecen,5,RandomFuzzyRules__max_rules_len__3,1036,115,18,21,0.6086956521739131,0.6017699115044248,0.6681845780206437,0.06030910000845324,0.0002997999981744215
329,Diabetic Retinopathy Debrecen,5,RandomFuzzyRules__max_rules_len__4,1036,115,18,21,0.6173913043478261,0.5416666666666666,0.6563448694596234,0.06412109998927917,0.00030899999546818435
329,Diabetic Retinopathy Debrecen,5,RandomFuzzyRules__max_rules_len__5,1036,115,18,21,0.6173913043478261,0.5686274509803921,0.6460230722525804,0.06416409999656025,0.00022360000002663583
329,Diabetic Retinopathy Debrecen,5,RandomFuzzyRules__max_rules_len__6,1036,115,18,21,0.6260869565217392,0.6386554621848739,0.6769884638737097,0.06691210001008585,0.0002965000021504238
329,Diabetic Retinopathy Debrecen,5,RandomFuzzyRules__max_rules_len__7,1036,115,18,21,0.6347826086956522,0.5434782608695652,0.6636308439587129,0.07093460000760388,0.00031260000832844526
329,Diabetic Retinopathy Debrecen,6,RandomFuzzyRules__max_rules_len__2,1036,115,18,21,0.5652173913043478,0.5614035087719298,0.612629022465088,0.0605949999880977,0.0002972000074805692
329,Diabetic Retinopathy Debrecen,6,RandomFuzzyRules__max_rules_len__3,1036,115,18,21,0.591304347826087,0.5688073394495413,0.6314511232544019,0.059980399993946776,0.00028899998869746923
329,Diabetic Retinopathy Debrecen,6,RandomFuzzyRules__max_rules_len__4,1036,115,18,21,0.5565217391304348,0.5984251968503937,0.5765027322404371,0.06284020000020973,0.00029319999157451093
329,Diabetic Retinopathy Debrecen,6,RandomFuzzyRules__max_rules_len__5,1036,115,18,21,0.5826086956521739,0.52,0.5977534911961141,0.06474440000602044,0.00028870000096503645
329,Diabetic Retinopathy Debrecen,6,RandomFuzzyRules__max_rules_len__6,1036,115,18,21,0.591304347826087,0.584070796460177,0.643290831815422,0.11602929999935441,0.0003257000062149018
329,Diabetic Retinopathy Debrecen,6,RandomFuzzyRules__max_rules_len__7,1036,115,18,21,0.6434782608695652,0.5684210526315789,0.6697024893746204,0.07081479999760631,0.0003164000081596896
329,Diabetic Retinopathy Debrecen,7,RandomFuzzyRules__max_rules_len__2,1036,115,18,21,0.5391304347826087,0.5391304347826087,0.6038251366120219,0.0607531999994535,0.00020939999376423657
329,Diabetic Retinopathy Debrecen,7,RandomFuzzyRules__max_rules_len__3,1036,115,18,21,0.5565217391304348,0.5714285714285714,0.6153612629022465,0.10428289999254048,0.00031689999741502106
329,Diabetic Retinopathy Debrecen,7,RandomFuzzyRules__max_rules_len__4,1036,115,18,21,0.5304347826086957,0.49056603773584906,0.5901639344262295,0.10837409998930525,0.0003178999904775992
329,Diabetic Retinopathy Debrecen,7,RandomFuzzyRules__max_rules_len__5,1036,115,18,21,0.5739130434782609,0.5420560747663551,0.5859137826350942,0.06860110000707209,0.0002218999870819971
329,Diabetic Retinopathy Debrecen,7,RandomFuzzyRules__max_rules_len__6,1036,115,18,21,0.5652173913043478,0.5535714285714286,0.6152094717668488,0.07070749999547843,0.00028070001280866563
329,Diabetic Retinopathy Debrecen,7,RandomFuzzyRules__max_rules_len__7,1036,115,18,21,0.591304347826087,0.5436893203883495,0.6338797814207651,0.11534889999893494,0.000311999989207834
329,Diabetic Retinopathy Debrecen,8,RandomFuzzyRules__max_rules_len__2,1036,115,18,21,0.6,0.4772727272727273,0.6654523375834851,0.0987749000050826,0.00029549999453593045
329,Diabetic Retinopathy Debrecen,8,RandomFuzzyRules__max_rules_len__3,1036,115,18,21,0.6173913043478261,0.639344262295082,0.6687917425622344,0.10637550000683405,0.00033710000570863485
329,Diabetic Retinopathy Debrecen,8,RandomFuzzyRules__max_rules_len__4,1036,115,18,21,0.5478260869565217,0.5,0.6250758955676987,0.06638429999293294,0.000304599991068244
329,Diabetic Retinopathy Debrecen,8,RandomFuzzyRules__max_rules_len__5,1036,115,18,21,0.5652173913043478,0.5098039215686274,0.6469338190649665,0.11391189999994822,0.00032360000477638096
329,Diabetic Retinopathy Debrecen,8,RandomFuzzyRules__max_rules_len__6,1036,115,18,21,0.5826086956521739,0.6,0.6618093503339405,0.07051619999401737,0.0003217999910702929
329,Diabetic Retinopathy Debrecen,8,RandomFuzzyRules__max_rules_len__7,1036,115,18,21,0.5652173913043478,0.40476190476190477,0.6305403764420158,0.06998680000833701,0.00022450000687967986
329,Diabetic Retinopathy Debrecen,9,RandomFuzzyRules__max_rules_len__2,1036,115,18,21,0.5826086956521739,0.45454545454545453,0.6332726168791742,0.09885889998986386,0.00028670000028796494
329,Diabetic Retinopathy Debrecen,9,RandomFuzzyRules__max_rules_len__3,1036,115,18,21,0.591304347826087,0.5982905982905983,0.6363084395871281,0.10404780000681058,0.0003107000084128231
329,Diabetic Retinopathy Debrecen,9,RandomFuzzyRules__max_rules_len__4,1036,115,18,21,0.5478260869565217,0.4583333333333333,0.5910746812386156,0.06685550000111107,0.0003065999917453155
329,Diabetic Retinopathy Debrecen,9,RandomFuzzyRules__max_rules_len__5,1036,115,18,21,0.5304347826086957,0.4,0.6481481481481481,0.11076850000245031,0.0002998999989358708
329,Diabetic Retinopathy Debrecen,9,RandomFuzzyRules__max_rules_len__6,1036,115,18,21,0.5739130434782609,0.5663716814159292,0.5997267759562842,0.06992739999259356,0.0002855000057024881
329,Diabetic Retinopathy Debrecen,9,RandomFuzzyRules__max_rules_len__7,1036,115,18,21,0.591304347826087,0.4946236559139785,0.6123254401942926,0.11737449999782257,0.00032279999868478626
329,Diabetic Retinopathy Debrecen,10,RandomFuzzyRules__max_rules_len__2,1036,115,18,21,0.6,0.6349206349206349,0.6772920461445051,0.06237999998847954,0.0002708999963942915
329,Diabetic Retinopathy Debrecen,10,RandomFuzzyRules__max_rules_len__3,1036,115,18,21,0.6347826086956522,0.6440677966101694,0.6782027929568912,0.06255050000618212,0.00029150000773370266
329,Diabetic Retinopathy Debrecen,10,RandomFuzzyRules__max_rules_len__4,1036,115,18,21,0.5826086956521739,0.5789473684210527,0.6599878567091683,0.10855519998585805,0.0003237000055378303
329,Diabetic Retinopathy Debrecen,10,RandomFuzzyRules__max_rules_len__5,1036,115,18,21,0.6173913043478261,0.5925925925925926,0.6463266545233758,0.06874380000226665,0.00031200000375974923
329,Diabetic Retinopathy Debrecen,10,RandomFuzzyRules__max_rules_len__6,1036,115,18,21,0.5652173913043478,0.5535714285714286,0.640862173649059,0.11314510001102462,0.00032970000756904483
329,Diabetic Retinopathy Debrecen,10,RandomFuzzyRules__max_rules_len__7,1036,115,18,21,0.6,0.5490196078431373,0.6023072252580449,0.06895400000212248,0.0002234999992651865
451,Breast Cancer Coimbra,1,RandomFuzzyRules__max_rules_len__2,104,12,9,9,0.6666666666666666,0.7142857142857143,0.6388888888888891,0.03603490001114551,0.0002052000054391101
451,Breast Cancer Coimbra,1,RandomFuzzyRules__max_rules_len__3,104,12,9,9,0.5833333333333334,0.6666666666666666,0.5277777777777778,0.03573740000138059,0.00021729999571107328
451,Breast Cancer Coimbra,1,RandomFuzzyRules__max_rules_len__4,104,12,9,9,0.6666666666666666,0.7142857142857143,0.8333333333333334,0.037184899993008,0.0002535999956307933
451,Breast Cancer Coimbra,1,RandomFuzzyRules__max_rules_len__5,104,12,9,9,0.5833333333333334,0.6153846153846154,0.6111111111111112,0.03701900001033209,0.0003073000116273761
451,Breast Cancer Coimbra,1,RandomFuzzyRules__max_rules_len__6,104,12,9,9,0.6666666666666666,0.6666666666666666,0.7222222222222223,0.043695399988791905,0.0002573999954620376
451,Breast Cancer Coimbra,1,RandomFuzzyRules__max_rules_len__7,104,12,9,9,0.6666666666666666,0.6666666666666666,0.7222222222222223,0.04722060001222417,0.00025430000096093863
451,Breast Cancer Coimbra,2,RandomFuzzyRules__max_rules_len__2,104,12,9,9,0.75,0.7272727272727273,0.8333333333333334,0.036496400003670715,0.00023400000645779073
451,Breast Cancer Coimbra,2,RandomFuzzyRules__max_rules_len__3,104,12,9,9,0.5833333333333334,0.4444444444444444,0.75,0.03672960000403691,0.0002533999941078946
451,Breast Cancer Coimbra,2,RandomFuzzyRules__max_rules_len__4,104,12,9,9,0.6666666666666666,0.75,0.3888888888888889,0.03871239999716636,0.00024040001153480262
451,Breast Cancer Coimbra,2,RandomFuzzyRules__max_rules_len__5,104,12,9,9,0.3333333333333333,0.3333333333333333,0.19444444444444445,0.04089370000292547,0.00026620000426191837
451,Breast Cancer Coimbra,2,RandomFuzzyRules__max_rules_len__6,104,12,9,9,0.5,0.25,0.6944444444444444,0.04378550000546966,0.0002750999992713332
451,Breast Cancer Coimbra,2,RandomFuzzyRules__max_rules_len__7,104,12,9,9,0.5,0.25,0.8333333333333334,0.04767839999112766,0.00027740000223275274
451,Breast Cancer Coimbra,3,RandomFuzzyRules__max_rules_len__2,104,12,9,9,1.0,1.0,1.0,0.035622100011096336,0.0002562000008765608
451,Breast Cancer Coimbra,3,RandomFuzzyRules__max_rules_len__3,104,12,9,9,0.75,0.7272727272727273,0.7714285714285714,0.036216499996953644,0.0002359000063734129
451,Breast Cancer Coimbra,3,RandomFuzzyRules__max_rules_len__4,104,12,9,9,0.8333333333333334,0.8571428571428571,0.9142857142857143,0.037682399997720495,0.00028419999580364674
451,Breast Cancer Coimbra,3,RandomFuzzyRules__max_rules_len__5,104,12,9,9,0.75,0.7272727272727273,0.7714285714285714,0.04000220001034904,0.00029429999995045364
451,Breast Cancer Coimbra,3,RandomFuzzyRules__max_rules_len__6,104,12,9,9,0.8333333333333334,0.8571428571428571,0.9142857142857143,0.04446870001265779,0.00026699999580159783
451,Breast Cancer Coimbra,3,RandomFuzzyRules__max_rules_len__7,104,12,9,9,0.8333333333333334,0.8571428571428571,0.9142857142857143,0.04790050000883639,0.0003048000071430579
451,Breast Cancer Coimbra,4,RandomFuzzyRules__max_rules_len__2,104,12,9,9,0.9166666666666666,0.9230769230769231,0.9714285714285715,0.036588899994967505,0.00021529999503400177
451,Breast Cancer Coimbra,4,RandomFuzzyRules__max_rules_len__3,104,12,9,9,0.8333333333333334,0.8571428571428571,0.9714285714285715,0.03735300000698771,0.00025209999876096845
451,Breast Cancer Coimbra,4,RandomFuzzyRules__max_rules_len__4,104,12,9,9,0.8333333333333334,0.8571428571428571,0.9714285714285715,0.038733699999284,0.00027090001094620675
451,Breast Cancer Coimbra,4,RandomFuzzyRules__max_rules_len__5,104,12,9,9,0.8333333333333334,0.8333333333333334,0.8571428571428572,0.041688800003612414,0.0002840999950421974
451,Breast Cancer Coimbra,4,RandomFuzzyRules__max_rules_len__6,104,12,9,9,0.8333333333333334,0.8571428571428571,0.9714285714285715,0.04425890000129584,0.0002601999876787886
451,Breast Cancer Coimbra,4,RandomFuzzyRules__max_rules_len__7,104,12,9,9,0.8333333333333334,0.8571428571428571,0.9714285714285715,0.04784590000053868,0.0002702000056160614
451,Breast Cancer Coimbra,5,RandomFuzzyRules__max_rules_len__2,104,12,9,9,0.75,0.8235294117647058,0.7428571428571429,0.035797000004095025,0.0002449999883538112
451,Breast Cancer Coimbra,5,RandomFuzzyRules__max_rules_len__3,104,12,9,9,0.6666666666666666,0.7142857142857143,0.6857142857142857,0.036823599992203526,0.00023829999554436654
451,Breast Cancer Coimbra,5,RandomFuzzyRules__max_rules_len__4,104,12,9,9,0.6666666666666666,0.7142857142857143,0.6857142857142857,0.03794729999208357,0.0002707999956328422
451,Breast Cancer Coimbra,5,RandomFuzzyRules__max_rules_len__5,104,12,9,9,0.5833333333333334,0.6666666666666666,0.7714285714285715,0.040705400009755976,0.00025120000645983964
451,Breast Cancer Coimbra,5,RandomFuzzyRules__max_rules_len__6,104,12,9,9,0.6666666666666666,0.7142857142857143,0.6857142857142857,0.044227299993508495,0.00026479999360162765
451,Breast Cancer Coimbra,5,RandomFuzzyRules__max_rules_len__7,104,12,9,9,0.5833333333333334,0.6666666666666666,0.7714285714285715,0.04785240000637714,0.0002657000004546717
451,Breast Cancer Coimbra,6,RandomFuzzyRules__max_rules_len__2,104,12,9,9,0.5833333333333334,0.7368421052631579,0.3999999999999999,0.03593509999336675,0.00022079999325796962
451,Breast Cancer Coimbra,6,RandomFuzzyRules__max_rules_len__3,104,12,9,9,0.5833333333333334,0.6666666666666666,0.4857142857142857,0.036126000006333925,0.0002555000100983307
451,Breast Cancer Coimbra,6,RandomFuzzyRules__max_rules_len__4,104,12,9,9,0.5,0.5714285714285714,0.45714285714285713,0.03842860000440851,0.00023920000239741057
451,Breast Cancer Coimbra,6,RandomFuzzyRules__max_rules_len__5,104,12,9,9,0.5,0.5714285714285714,0.37142857142857144,0.04139509999367874,0.0002612999960547313
451,Breast Cancer Coimbra,6,RandomFuzzyRules__max_rules_len__6,104,12,9,9,0.5,0.5714285714285714,0.45714285714285713,0.04419909999705851,0.0002801999944495037
451,Breast Cancer Coimbra,6,RandomFuzzyRules__max_rules_len__7,104,12,9,9,0.5,0.5714285714285714,0.45714285714285713,0.04672339999524411,0.00019809999503195286
451,Breast Cancer Coimbra,7,RandomFuzzyRules__max_rules_len__2,105,11,9,9,0.8181818181818182,0.8333333333333334,0.9333333333333333,0.036535000006551854,0.00022030000400263816
451,Breast Cancer Coimbra,7,RandomFuzzyRules__max_rules_len__3,105,11,9,9,0.7272727272727273,0.6666666666666666,0.7666666666666666,0.03507019999960903,0.00025830000231508166
451,Breast Cancer Coimbra,7,RandomFuzzyRules__max_rules_len__4,105,11,9,9,0.9090909090909091,0.9090909090909091,0.9666666666666668,0.03897210001014173,0.0002550999925006181
451,Breast Cancer Coimbra,7,RandomFuzzyRules__max_rules_len__5,105,11,9,9,0.8181818181818182,0.8333333333333334,0.8333333333333334,0.04007959998853039,0.0002558999985922128
451,Breast Cancer Coimbra,7,RandomFuzzyRules__max_rules_len__6,105,11,9,9,0.6363636363636364,0.5,0.9,0.04409559999476187,0.00027540000155568123
451,Breast Cancer Coimbra,7,RandomFuzzyRules__max_rules_len__7,105,11,9,9,0.8181818181818182,0.8,0.9666666666666668,0.04719840000325348,0.00027489999774843454
451,Breast Cancer Coimbra,8,RandomFuzzyRules__max_rules_len__2,105,11,9,9,0.8181818181818182,0.8333333333333334,0.8666666666666667,0.03727989998878911,0.0002842999965650961
451,Breast Cancer Coimbra,8,RandomFuzzyRules__max_rules_len__3,105,11,9,9,0.6363636363636364,0.6666666666666666,0.6666666666666666,0.038157099988893606,0.0002578999992692843
451,Breast Cancer Coimbra,8,RandomFuzzyRules__max_rules_len__4,105,11,9,9,0.5454545454545454,0.5454545454545454,0.6666666666666666,0.03900380000413861,0.0002398999931756407
451,Breast Cancer Coimbra,8,RandomFuzzyRules__max_rules_len__5,105,11,9,9,0.7272727272727273,0.7272727272727273,0.8,0.04132590000517666,0.000258100000792183
451,Breast Cancer Coimbra,8,RandomFuzzyRules__max_rules_len__6,105,11,9,9,0.5454545454545454,0.5454545454545454,0.6666666666666666,0.04454770000302233,0.0002798999921651557
451,Breast Cancer Coimbra,8,RandomFuzzyRules__max_rules_len__7,105,11,9,9,0.5454545454545454,0.5454545454545454,0.6666666666666666,0.047766200004843995,0.00027379998937249184
451,Breast Cancer Coimbra,9,RandomFuzzyRules__max_rules_len__2,105,11,9,9,1.0,1.0,1.0,0.03654929999902379,0.00022370000078808516
451,Breast Cancer Coimbra,9,RandomFuzzyRules__max_rules_len__3,105,11,9,9,0.7272727272727273,0.6666666666666666,0.8333333333333333,0.037684100010665134,0.00024670000129844993
451,Breast Cancer Coimbra,9,RandomFuzzyRules__max_rules_len__4,105,11,9,9,0.8181818181818182,0.8,0.8666666666666667,0.03866279999783728,0.00028410000959411263
451,Breast Cancer Coimbra,9,RandomFuzzyRules__max_rules_len__5,105,11,9,9,0.7272727272727273,0.6666666666666666,0.7333333333333334,0.04090370000631083,0.00028219999512657523
451,Breast Cancer Coimbra,9,RandomFuzzyRules__max_rules_len__6,105,11,9,9,0.5454545454545454,0.5454545454545454,0.7,0.049598199999309145,0.00025910000840667635
451,Breast Cancer Coimbra,9,RandomFuzzyRules__max_rules_len__7,105,11,9,9,0.7272727272727273,0.6666666666666666,0.7333333333333334,0.05285130000265781,0.00028780000866390765
451,Breast Cancer Coimbra,10,RandomFuzzyRules__max_rules_len__2,105,11,9,9,0.9090909090909091,0.9230769230769231,0.9666666666666668,0.037149900002987124,0.00023540000256616622
451,Breast Cancer Coimbra,10,RandomFuzzyRules__max_rules_len__3,105,11,9,9,0.7272727272727273,0.7272727272727273,0.8,0.04180910000286531,0.0002831999881891534
451,Breast Cancer Coimbra,10,RandomFuzzyRules__max_rules_len__4,105,11,9,9,0.7272727272727273,0.7272727272727273,0.8,0.04102180000336375,0.0003068000078201294
451,Breast Cancer Coimbra,10,RandomFuzzyRules__max_rules_len__5,105,11,9,9,0.7272727272727273,0.7692307692307693,0.7333333333333333,0.0468886000016937,0.00029090000316500664
451,Breast Cancer Coimbra,10,RandomFuzzyRules__max_rules_len__6,105,11,9,9,0.7272727272727273,0.7272727272727273,0.8,0.04973790000076406,0.00029779999749735
451,Breast Cancer Coimbra,10,RandomFuzzyRules__max_rules_len__7,105,11,9,9,0.7272727272727273,0.7272727272727273,0.8,0.048681000000215136,0.0002516999957151711
519,Heart Failure Clinical Records,1,RandomFuzzyRules__max_rules_len__2,269,30,12,17,0.8666666666666667,0.8,0.85,0.03869770000164863,0.00021090000518597662
519,Heart Failure Clinical Records,1,RandomFuzzyRules__max_rules_len__3,269,30,12,17,0.8666666666666667,0.8,0.8350000000000001,0.03864429998793639,0.00023580000561196357
519,Heart Failure Clinical Records,1,RandomFuzzyRules__max_rules_len__4,269,30,12,17,0.8666666666666667,0.8,0.855,0.04045159999805037,0.000258100000792183
519,Heart Failure Clinical Records,1,RandomFuzzyRules__max_rules_len__5,269,30,12,17,0.8666666666666667,0.8,0.8350000000000001,0.04397820000303909,0.00025090000417549163
519,Heart Failure Clinical Records,1,RandomFuzzyRules__max_rules_len__6,269,30,12,17,0.8666666666666667,0.8,0.8350000000000001,0.05477059999248013,0.00028300000121816993
519,Heart Failure Clinical Records,1,RandomFuzzyRules__max_rules_len__7,269,30,12,17,0.8666666666666667,0.8,0.855,0.04880740000226069,0.00027060000866185874
519,Heart Failure Clinical Records,2,RandomFuzzyRules__max_rules_len__2,269,30,12,17,0.9666666666666667,0.9473684210526315,0.9400000000000001,0.03916820000449661,0.0002486999874236062
519,Heart Failure Clinical Records,2,RandomFuzzyRules__max_rules_len__3,269,30,12,17,0.9333333333333333,0.9,0.93,0.04040090000489727,0.0002761999930953607
519,Heart Failure Clinical Records,2,RandomFuzzyRules__max_rules_len__4,269,30,12,17,0.9666666666666667,0.9473684210526315,0.905,0.04132479999680072,0.0002769999991869554
519,Heart Failure Clinical Records,2,RandomFuzzyRules__max_rules_len__5,269,30,12,17,0.9333333333333333,0.9,0.93,0.04493640000873711,0.0003068000078201294
519,Heart Failure Clinical Records,2,RandomFuzzyRules__max_rules_len__6,269,30,12,17,0.9333333333333333,0.9,0.93,0.045942299999296665,0.00028020000900141895
519,Heart Failure Clinical Records,2,RandomFuzzyRules__max_rules_len__7,269,30,12,17,0.9666666666666667,0.9473684210526315,0.935,0.0490808000031393,0.0002982000005431473
519,Heart Failure Clinical Records,3,RandomFuzzyRules__max_rules_len__2,269,30,12,17,0.9,0.8235294117647058,0.875,0.0397516000084579,0.00024839999969117343
519,Heart Failure Clinical Records,3,RandomFuzzyRules__max_rules_len__3,269,30,12,17,0.8666666666666667,0.75,0.7374999999999999,0.040457499999320135,0.00024389999452978373
519,Heart Failure Clinical Records,3,RandomFuzzyRules__max_rules_len__4,269,30,12,17,0.8666666666666667,0.75,0.7775,0.04264790000161156,0.0002666999935172498
519,Heart Failure Clinical Records,3,RandomFuzzyRules__max_rules_len__5,269,30,12,17,0.8666666666666667,0.75,0.7374999999999999,0.043932000000495464,0.0002615999983390793
519,Heart Failure Clinical Records,3,RandomFuzzyRules__max_rules_len__6,269,30,12,17,0.8666666666666667,0.75,0.7374999999999999,0.046225199999753386,0.00027200000477023423
519,Heart Failure Clinical Records,3,RandomFuzzyRules__max_rules_len__7,269,30,12,17,0.8666666666666667,0.75,0.82,0.04767490000813268,0.0002745000092545524
519,Heart Failure Clinical Records,4,RandomFuzzyRules__max_rules_len__2,269,30,12,17,0.8333333333333334,0.7619047619047619,0.8500000000000001,0.04023139999480918,0.00022030000400263816
519,Heart Failure Clinical Records,4,RandomFuzzyRules__max_rules_len__3,269,30,12,17,0.8333333333333334,0.7619047619047619,0.875,0.04166170000098646,0.0002733000001171604
519,Heart Failure Clinical Records,4,RandomFuzzyRules__max_rules_len__4,269,30,12,17,0.8333333333333334,0.7619047619047619,0.8500000000000001,0.04180949999135919,0.0002677000011317432
519,Heart Failure Clinical Records,4,RandomFuzzyRules__max_rules_len__5,269,30,12,17,0.8333333333333334,0.7619047619047619,0.875,0.043846400003531016,0.0002724999940255657
519,Heart Failure Clinical Records,4,RandomFuzzyRules__max_rules_len__6,269,30,12,17,0.8333333333333334,0.7619047619047619,0.875,0.04598690000420902,0.00025949999690055847
519,Heart Failure Clinical Records,4,RandomFuzzyRules__max_rules_len__7,269,30,12,17,0.8,0.7,0.8350000000000001,0.04885839999769814,0.00026220000290777534
519,Heart Failure Clinical Records,5,RandomFuzzyRules__max_rules_len__2,269,30,12,17,0.8333333333333334,0.7058823529411765,0.905,0.050718999991659075,0.0002677000011317432
519,Heart Failure Clinical Records,5,RandomFuzzyRules__max_rules_len__3,269,30,12,17,0.8333333333333334,0.7058823529411765,0.945,0.04110940000100527,0.0002730000123847276
519,Heart Failure Clinical Records,5,RandomFuzzyRules__max_rules_len__4,269,30,12,17,0.8666666666666667,0.75,0.9400000000000001,0.04219070001272485,0.0002842999965650961
519,Heart Failure Clinical Records,5,RandomFuzzyRules__max_rules_len__5,269,30,12,17,0.8333333333333334,0.7058823529411765,0.945,0.044746500003384426,0.0002572000084910542
519,Heart Failure Clinical Records,5,RandomFuzzyRules__max_rules_len__6,269,30,12,17,0.8333333333333334,0.7058823529411765,0.945,0.051386399994953535,0.00026369999977760017
519,Heart Failure Clinical Records,5,RandomFuzzyRules__max_rules_len__7,269,30,12,17,0.8666666666666667,0.75,0.9299999999999999,0.04920380000839941,0.00029260000155773014
519,Heart Failure Clinical Records,6,RandomFuzzyRules__max_rules_len__2,269,30,12,17,0.8,0.5714285714285714,0.79,0.0399807000067085,0.0002626000059535727
519,Heart Failure Clinical Records,6,RandomFuzzyRules__max_rules_len__3,269,30,12,17,0.7333333333333333,0.3333333333333333,0.765,0.04062809998868033,0.00027600000612437725
519,Heart Failure Clinical Records,6,RandomFuzzyRules__max_rules_len__4,269,30,12,17,0.7333333333333333,0.3333333333333333,0.75,0.04180389999237377,0.0002626999921631068
519,Heart Failure Clinical Records,6,RandomFuzzyRules__max_rules_len__5,269,30,12,17,0.7333333333333333,0.3333333333333333,0.75,0.044119900005171075,0.00026250000519212335
519,Heart Failure Clinical Records,6,RandomFuzzyRules__max_rules_len__6,269,30,12,17,0.7333333333333333,0.3333333333333333,0.755,0.046109899994917214,0.00029850000282749534
519,Heart Failure Clinical Records,6,RandomFuzzyRules__max_rules_len__7,269,30,12,17,0.7333333333333333,0.3333333333333333,0.755,0.048879499998292886,0.0002697999880183488
519,Heart Failure Clinical Records,7,RandomFuzzyRules__max_rules_len__2,269,30,12,17,0.8333333333333334,0.6666666666666666,0.91005291005291,0.04042889999982435,0.00022170000011101365
519,Heart Failure Clinical Records,7,RandomFuzzyRules__max_rules_len__3,269,30,12,17,0.8333333333333334,0.6666666666666666,0.9259259259259259,0.04016210000554565,0.00024229999689850956
519,Heart Failure Clinical Records,7,RandomFuzzyRules__max_rules_len__4,269,30,12,17,0.8666666666666667,0.7142857142857143,0.8571428571428571,0.04168080000090413,0.00025549999554641545
519,Heart Failure Clinical Records,7,RandomFuzzyRules__max_rules_len__5,269,30,12,17,0.8333333333333334,0.6666666666666666,0.9259259259259259,0.0434837999928277,0.0002683999919099733
519,Heart Failure Clinical Records,7,RandomFuzzyRules__max_rules_len__6,269,30,12,17,0.8333333333333334,0.6666666666666666,0.9259259259259259,0.04688170000736136,0.00029489998996723443
519,Heart Failure Clinical Records,7,RandomFuzzyRules__max_rules_len__7,269,30,12,17,0.7666666666666667,0.46153846153846156,0.9021164021164022,0.05107040000439156,0.00026259999140165746
519,Heart Failure Clinical Records,8,RandomFuzzyRules__max_rules_len__2,269,30,12,17,0.8333333333333334,0.7058823529411765,0.798941798941799,0.04079719999572262,0.00022499999613501132
519,Heart Failure Clinical Records,8,RandomFuzzyRules__max_rules_len__3,269,30,12,17,0.8,0.6666666666666666,0.8148148148148149,0.04077169999072794,0.0002730999985942617
519,Heart Failure Clinical Records,8,RandomFuzzyRules__max_rules_len__4,269,30,12,17,0.8333333333333334,0.7058823529411765,0.7566137566137566,0.041241099999751896,0.0002057999954558909
519,Heart Failure Clinical Records,8,RandomFuzzyRules__max_rules_len__5,269,30,12,17,0.8,0.6666666666666666,0.8148148148148149,0.04397610000160057,0.0002572000084910542
519,Heart Failure Clinical Records,8,RandomFuzzyRules__max_rules_len__6,269,30,12,17,0.8,0.6666666666666666,0.8148148148148149,0.04659670000546612,0.0002992999943671748
519,Heart Failure Clinical Records,8,RandomFuzzyRules__max_rules_len__7,269,30,12,17,0.8333333333333334,0.7058823529411765,0.7883597883597884,0.04822260000219103,0.00028110000130254775
519,Heart Failure Clinical Records,9,RandomFuzzyRules__max_rules_len__2,269,30,12,17,0.8333333333333334,0.6666666666666666,0.7936507936507937,0.04019999998854473,0.00025919999461621046
519,Heart Failure Clinical Records,9,RandomFuzzyRules__max_rules_len__3,269,30,12,17,0.8,0.625,0.8306878306878307,0.04027529999439139,0.00025069998810067773
519,Heart Failure Clinical Records,9,RandomFuzzyRules__max_rules_len__4,269,30,12,17,0.8333333333333334,0.6666666666666666,0.8068783068783069,0.04193779999332037,0.000268599993432872
519,Heart Failure Clinical Records,9,RandomFuzzyRules__max_rules_len__5,269,30,12,17,0.8,0.625,0.8306878306878307,0.04399299999931827,0.0002793000021483749
519,Heart Failure Clinical Records,9,RandomFuzzyRules__max_rules_len__6,269,30,12,17,0.8,0.625,0.8306878306878307,0.04693749999569263,0.00029630000062752515
519,Heart Failure Clinical Records,9,RandomFuzzyRules__max_rules_len__7,269,30,12,17,0.8,0.5714285714285714,0.798941798941799,0.048037200001999736,0.00030250000418163836
519,Heart Failure Clinical Records,10,RandomFuzzyRules__max_rules_len__2,270,29,12,17,0.8275862068965517,0.6666666666666666,0.7999999999999999,0.0397032000037143,0.0002401000092504546
519,Heart Failure Clinical Records,10,RandomFuzzyRules__max_rules_len__3,270,29,12,17,0.7931034482758621,0.5714285714285714,0.8444444444444446,0.04032379999989644,0.00024339999072253704
519,Heart Failure Clinical Records,10,RandomFuzzyRules__max_rules_len__4,270,29,12,17,0.8275862068965517,0.6666666666666666,0.85,0.04203010001219809,0.00024160000612027943
519,Heart Failure Clinical Records,10,RandomFuzzyRules__max_rules_len__5,270,29,12,17,0.8275862068965517,0.6666666666666666,0.8611111111111112,0.044628100004047155,0.0002823999966494739
519,Heart Failure Clinical Records,10,RandomFuzzyRules__max_rules_len__6,270,29,12,17,0.8275862068965517,0.6666666666666666,0.8611111111111112,0.04568129999097437,0.0002736000024015084
519,Heart Failure Clinical Records,10,RandomFuzzyRules__max_rules_len__7,270,29,12,17,0.7931034482758621,0.5714285714285714,0.8027777777777777,0.04807239999354351,0.0002769999991869554
529,Early Stage Diabetes Risk Prediction,1,RandomFuzzyRules__max_rules_len__2,468,52,16,31,0.9038461538461539,0.9230769230769231,0.9414062499999999,0.04045510001014918,0.00022270000772550702
529,Early Stage Diabetes Risk Prediction,1,RandomFuzzyRules__max_rules_len__3,468,52,16,31,0.9230769230769231,0.9375,0.9500000000000001,0.04158010000537615,0.0002865999995265156
529,Early Stage Diabetes Risk Prediction,1,RandomFuzzyRules__max_rules_len__4,468,52,16,31,0.9230769230769231,0.9375,0.9437500000000001,0.04274469999654684,0.00026849999267142266
529,Early Stage Diabetes Risk Prediction,1,RandomFuzzyRules__max_rules_len__5,468,52,16,31,0.9038461538461539,0.9230769230769231,0.8937499999999999,0.043284900006256066,0.00027200000477023423
529,Early Stage Diabetes Risk Prediction,1,RandomFuzzyRules__max_rules_len__6,468,52,16,31,0.9038461538461539,0.9230769230769231,0.9359374999999999,0.04515520000131801,0.0002925000007962808
529,Early Stage Diabetes Risk Prediction,1,RandomFuzzyRules__max_rules_len__7,468,52,16,31,0.8653846153846154,0.8852459016393442,0.9031250000000001,0.04643719999876339,0.00027540000155568123
529,Early Stage Diabetes Risk Prediction,2,RandomFuzzyRules__max_rules_len__2,468,52,16,31,0.7884615384615384,0.8135593220338984,0.82578125,0.04617359999974724,0.00027889999910257757
529,Early Stage Diabetes Risk Prediction,2,RandomFuzzyRules__max_rules_len__3,468,52,16,31,0.8653846153846154,0.8852459016393442,0.9,0.041959800000768155,0.00023839999630581588
529,Early Stage Diabetes Risk Prediction,2,RandomFuzzyRules__max_rules_len__4,468,52,16,31,0.8461538461538461,0.8709677419354839,0.84921875,0.042965700005879626,0.0002610000083222985
529,Early Stage Diabetes Risk Prediction,2,RandomFuzzyRules__max_rules_len__5,468,52,16,31,0.8461538461538461,0.8709677419354839,0.84921875,0.04376330001105089,0.00027709999994840473
529,Early Stage Diabetes Risk Prediction,2,RandomFuzzyRules__max_rules_len__6,468,52,16,31,0.9038461538461539,0.9230769230769231,0.9046874999999999,0.04447520000394434,0.0002851000026566908
529,Early Stage Diabetes Risk Prediction,2,RandomFuzzyRules__max_rules_len__7,468,52,16,31,0.8076923076923077,0.8275862068965517,0.8515625,0.046213399997213855,0.00027370000316295773
529,Early Stage Diabetes Risk Prediction,3,RandomFuzzyRules__max_rules_len__2,468,52,16,31,0.9038461538461539,0.9230769230769231,0.9351562499999999,0.04257829999551177,0.00017860000662039965
529,Early Stage Diabetes Risk Prediction,3,RandomFuzzyRules__max_rules_len__3,468,52,16,31,0.8653846153846154,0.8888888888888888,0.86484375,0.048838999995496124,0.0002283000067109242
529,Early Stage Diabetes Risk Prediction,3,RandomFuzzyRules__max_rules_len__4,468,52,16,31,0.9038461538461539,0.9206349206349206,0.9171874999999999,0.04300689999945462,0.00026390000130049884
529,Early Stage Diabetes Risk Prediction,3,RandomFuzzyRules__max_rules_len__5,468,52,16,31,0.9615384615384616,0.9696969696969697,0.953125,0.043671099992934614,0.0002877999941119924
529,Early Stage Diabetes Risk Prediction,3,RandomFuzzyRules__max_rules_len__6,468,52,16,31,0.9230769230769231,0.9375,0.9484375,0.044647200003964826,0.00027319999935571104
529,Early Stage Diabetes Risk Prediction,3,RandomFuzzyRules__max_rules_len__7,468,52,16,31,0.9230769230769231,0.9393939393939394,0.9585937499999999,0.046361599990632385,0.00027039999258704484
529,Early Stage Diabetes Risk Prediction,4,RandomFuzzyRules__max_rules_len__2,468,52,16,31,0.8653846153846154,0.8985507246376812,0.8953125,0.0426527000090573,0.0002521000133128837
529,Early Stage Diabetes Risk Prediction,4,RandomFuzzyRules__max_rules_len__3,468,52,16,31,0.8846153846153846,0.9117647058823529,0.9375,0.042268600009265356,0.000262100002146326
529,Early Stage Diabetes Risk Prediction,4,RandomFuzzyRules__max_rules_len__4,468,52,16,31,0.9038461538461539,0.9253731343283582,0.9218750000000001,0.043643700002576225,0.0002660000027390197
529,Early Stage Diabetes Risk Prediction,4,RandomFuzzyRules__max_rules_len__5,468,52,16,31,0.8846153846153846,0.9117647058823529,0.8671875,0.04505669999343809,0.0003031999949598685
529,Early Stage Diabetes Risk Prediction,4,RandomFuzzyRules__max_rules_len__6,468,52,16,31,0.8846153846153846,0.9117647058823529,0.884375,0.044888299991725944,0.0002646999928401783
529,Early Stage Diabetes Risk Prediction,4,RandomFuzzyRules__max_rules_len__7,468,52,16,31,0.8461538461538461,0.875,0.9125,0.059475900008692406,0.0002128000051015988
529,Early Stage Diabetes Risk Prediction,5,RandomFuzzyRules__max_rules_len__2,468,52,16,31,0.8461538461538461,0.8857142857142857,0.91171875,0.04197189999104012,0.0002960999991046265
529,Early Stage Diabetes Risk Prediction,5,RandomFuzzyRules__max_rules_len__3,468,52,16,31,0.8846153846153846,0.90625,0.91875,0.06034699999145232,0.0003132999991066754
529,Early Stage Diabetes Risk Prediction,5,RandomFuzzyRules__max_rules_len__4,468,52,16,31,0.8846153846153846,0.90625,0.90390625,0.05898130001151003,0.00030980000155977905
529,Early Stage Diabetes Risk Prediction,5,RandomFuzzyRules__max_rules_len__5,468,52,16,31,0.9230769230769231,0.9393939393939394,0.9117187499999999,0.0591881000000285,0.00024399999529123306
529,Early Stage Diabetes Risk Prediction,5,RandomFuzzyRules__max_rules_len__6,468,52,16,31,0.8653846153846154,0.8985507246376812,0.91875,0.04270619999442715,0.00022679999528918415
529,Early Stage Diabetes Risk Prediction,5,RandomFuzzyRules__max_rules_len__7,468,52,16,31,0.8653846153846154,0.8852459016393442,0.9046875000000001,0.05396679999830667,0.000305499997921288
529,Early Stage Diabetes Risk Prediction,6,RandomFuzzyRules__max_rules_len__2,468,52,16,31,0.8269230769230769,0.8656716417910447,0.8476562499999999,0.04390659999626223,0.00027879999834112823
529,Early Stage Diabetes Risk Prediction,6,RandomFuzzyRules__max_rules_len__3,468,52,16,31,0.8653846153846154,0.8888888888888888,0.86953125,0.04249590000836179,0.00028560000646393746
529,Early Stage Diabetes Risk Prediction,6,RandomFuzzyRules__max_rules_len__4,468,52,16,31,0.8653846153846154,0.8813559322033898,0.8906249999999999,0.04271100000187289,0.0002677999873412773
529,Early Stage Diabetes Risk Prediction,6,RandomFuzzyRules__max_rules_len__5,468,52,16,31,0.8269230769230769,0.8524590163934426,0.8312499999999999,0.06268889999773819,0.00029269998776726425
529,Early Stage Diabetes Risk Prediction,6,RandomFuzzyRules__max_rules_len__6,468,52,16,31,0.8269230769230769,0.8571428571428571,0.86875,0.04497270000865683,0.00025350000942125916
529,Early Stage Diabetes Risk Prediction,6,RandomFuzzyRules__max_rules_len__7,468,52,16,31,0.9038461538461539,0.9152542372881356,0.921875,0.04665730000124313,0.0002699000033317134
529,Early Stage Diabetes Risk Prediction,7,RandomFuzzyRules__max_rules_len__2,468,52,16,31,0.9230769230769231,0.9393939393939394,0.9328124999999999,0.05948260000150185,0.00028839999868068844
529,Early Stage Diabetes Risk Prediction,7,RandomFuzzyRules__max_rules_len__3,468,52,16,31,0.9038461538461539,0.9206349206349206,0.9421875,0.0431005999998888,0.0002592999953776598
529,Early Stage Diabetes Risk Prediction,7,RandomFuzzyRules__max_rules_len__4,468,52,16,31,0.9038461538461539,0.9180327868852459,0.9125,0.04359499999554828,0.0002648000081535429
529,Early Stage Diabetes Risk Prediction,7,RandomFuzzyRules__max_rules_len__5,468,52,16,31,0.9038461538461539,0.9180327868852459,0.9125,0.04415389998757746,0.0002886000002035871
529,Early Stage Diabetes Risk Prediction,7,RandomFuzzyRules__max_rules_len__6,468,52,16,31,0.9230769230769231,0.9375,0.9468750000000001,0.04487860000517685,0.0003122000052826479
529,Early Stage Diabetes Risk Prediction,7,RandomFuzzyRules__max_rules_len__7,468,52,16,31,0.9230769230769231,0.9354838709677419,0.94609375,0.05987579999782611,0.0003023000026587397
529,Early Stage Diabetes Risk Prediction,8,RandomFuzzyRules__max_rules_len__2,468,52,16,31,0.8269230769230769,0.8656716417910447,0.809375,0.04228909999073949,0.0002410000015515834
529,Early Stage Diabetes Risk Prediction,8,RandomFuzzyRules__max_rules_len__3,468,52,16,31,0.8269230769230769,0.8656716417910447,0.8734374999999999,0.04317319999972824,0.00026640000578481704
529,Early Stage Diabetes Risk Prediction,8,RandomFuzzyRules__max_rules_len__4,468,52,16,31,0.8076923076923077,0.8484848484848485,0.84375,0.04464729999017436,0.0002604999899631366
529,Early Stage Diabetes Risk Prediction,8,RandomFuzzyRules__max_rules_len__5,468,52,16,31,0.8269230769230769,0.8421052631578947,0.8515624999999999,0.04400599999644328,0.00027829999453388155
529,Early Stage Diabetes Risk Prediction,8,RandomFuzzyRules__max_rules_len__6,468,52,16,31,0.8461538461538461,0.8857142857142857,0.86640625,0.04496320000907872,0.0002707000094233081
529,Early Stage Diabetes Risk Prediction,8,RandomFuzzyRules__max_rules_len__7,468,52,16,31,0.8269230769230769,0.8571428571428571,0.8656250000000001,0.04711010000028182,0.000302400003420189
529,Early Stage Diabetes Risk Prediction,9,RandomFuzzyRules__max_rules_len__2,468,52,16,31,0.8269230769230769,0.8767123287671232,0.9031250000000001,0.042894099999102764,0.00026369999977760017
529,Early Stage Diabetes Risk Prediction,9,RandomFuzzyRules__max_rules_len__3,468,52,16,31,0.8269230769230769,0.8656716417910447,0.91015625,0.04201999999349937,0.0002572999947005883
529,Early Stage Diabetes Risk Prediction,9,RandomFuzzyRules__max_rules_len__4,468,52,16,31,0.8461538461538461,0.8787878787878788,0.890625,0.04271429999789689,0.00028199999360367656
529,Early Stage Diabetes Risk Prediction,9,RandomFuzzyRules__max_rules_len__5,468,52,16,31,0.8846153846153846,0.9090909090909091,0.875,0.044480900003691204,0.0002761999930953607
529,Early Stage Diabetes Risk Prediction,9,RandomFuzzyRules__max_rules_len__6,468,52,16,31,0.8461538461538461,0.8888888888888888,0.8796875,0.04799579999234993,0.00031549998675473034
529,Early Stage Diabetes Risk Prediction,9,RandomFuzzyRules__max_rules_len__7,468,52,16,31,0.8653846153846154,0.8923076923076924,0.925,0.046402499996474944,0.0002818000066326931
529,Early Stage Diabetes Risk Prediction,10,RandomFuzzyRules__max_rules_len__2,468,52,16,31,0.8846153846153846,0.9,0.9054687499999999,0.04714100000273902,0.00025680000544525683
529,Early Stage Diabetes Risk Prediction,10,RandomFuzzyRules__max_rules_len__3,468,52,16,31,0.8653846153846154,0.8852459016393442,0.9,0.04234689999429975,0.00027239999326411635
529,Early Stage Diabetes Risk Prediction,10,RandomFuzzyRules__max_rules_len__4,468,52,16,31,0.8653846153846154,0.8813559322033898,0.8882812499999999,0.04315489999135025,0.00026980000257026404
529,Early Stage Diabetes Risk Prediction,10,RandomFuzzyRules__max_rules_len__5,468,52,16,31,0.8653846153846154,0.8852459016393442,0.8765625,0.04457909999473486,0.00028480000037234277
529,Early Stage Diabetes Risk Prediction,10,RandomFuzzyRules__max_rules_len__6,468,52,16,31,0.9423076923076923,0.9538461538461539,0.95625,0.04532260000996757,0.0003141000051982701
529,Early Stage Diabetes Risk Prediction,10,RandomFuzzyRules__max_rules_len__7,468,52,16,31,0.7307692307692307,0.7741935483870968,0.7718749999999999,0.046235599991632625,0.0003006000042660162
